SampleID,TrueValue,PredictedValue
SRR3206647,42.0,28.1353466410931
SRR3206648,40.0,27.729842507694645
SRR3206649,24.0,34.43612543136794
SRR3206652,38.0,33.03499429787711
SRR3206654,59.0,31.697042417960237
SRR3206655,67.0,33.150897107445175
SRR3206663,39.0,33.33679062698502
SRR3206664,31.0,35.15077050229789
SRR3206671,34.0,30.373162440610283
SRR3206673,61.0,31.608899399548775
SRR3206681,28.0,21.700689682328836
