FPR,TPR
0.0,0.0
0.0,0.07142857142857142
0.0,0.7857142857142857
0.14285714285714285,0.7857142857142857
0.14285714285714285,0.8571428571428571
0.2857142857142857,0.9285714285714286
0.42857142857142855,0.9285714285714286
0.7142857142857143,1.0
1.0,1.0
