SampleID,TrueValue,PredictedValue
SRR8652004,56.0,35.11555165139497
SRR8652005,49.0,34.937333048230926
SRR8652006,57.0,35.00036196813473
SRR8652007,37.0,36.285856291889594
SRR8652008,72.0,35.745447292604624
SRR8652009,53.0,34.93932153783108
SRR8652010,54.0,35.66725132122192
SRR8652011,69.0,35.98691238870084
SRR8652012,46.0,37.433827250465924
SRR8652013,41.0,35.94206914605655
SRR8652014,53.0,36.07789595370715
SRR8652015,67.0,34.40842080205582
SRR8652016,57.0,34.79662557183663
