SampleID,TrueValue,PredictedValue
SRR3206647,42.000000,41.583504
SRR3206648,40.000000,40.492344
SRR3206649,24.000000,37.561760
SRR3206652,38.000000,36.424694
SRR3206654,59.000000,36.142437
SRR3206655,67.000000,41.574726
SRR3206663,39.000000,39.241413
SRR3206664,31.000000,39.312447
SRR3206671,34.000000,41.186028
SRR3206673,61.000000,40.537403
SRR3206681,28.000000,33.592369
