FPR,TPR
0.0,0.0
0.0,0.05
0.0,0.3
0.19047619047619047,0.3
0.19047619047619047,0.35
0.23809523809523808,0.35
0.23809523809523808,0.4
0.2857142857142857,0.4
0.2857142857142857,0.55
0.38095238095238093,0.55
0.38095238095238093,0.6
0.42857142857142855,0.6
0.42857142857142855,0.65
0.47619047619047616,0.65
0.47619047619047616,0.7
0.8095238095238095,0.7
0.8095238095238095,0.95
1.0,0.95
1.0,1.0
