FPR,TPR
0.0,0.0
0.0,0.05263157894736842
0.0,0.15789473684210525
0.1,0.15789473684210525
0.1,0.47368421052631576
0.2,0.47368421052631576
0.2,0.5263157894736842
0.3,0.5263157894736842
0.3,0.5789473684210527
0.4,0.5789473684210527
0.4,0.7894736842105263
0.5,0.7894736842105263
0.5,0.9473684210526315
0.6,0.9473684210526315
0.6,1.0
1.0,1.0
