FPR,TPR
0.0,0.0
0.0,0.05263157894736842
0.0,0.5263157894736842
0.1,0.5263157894736842
0.1,0.6842105263157895
0.2,0.6842105263157895
0.2,0.7368421052631579
0.4,0.7368421052631579
0.4,0.9473684210526315
1.0,0.9473684210526315
1.0,1.0
