SampleID,TrueLabel,PredictedProbability
SRR8985508,1,0.6386354
SRR8985509,0,0.5688179
SRR8985510,1,0.6279813
SRR8985511,0,0.577583
SRR8985512,1,0.62005717
SRR8985513,0,0.6165478
SRR8985514,1,0.6407567
SRR8985515,0,0.6011037
SRR8985516,0,0.5940304
SRR8985517,0,0.6129635
SRR8985518,1,0.6314048
SRR8985519,0,0.59904295
SRR8985520,1,0.6325127
SRR8985521,0,0.6131381
SRR8985522,0,0.60709304
SRR8985523,0,0.6358609
