FPR,TPR
0.0,0.0
0.0,0.16666666666666666
0.0,0.3333333333333333
0.1,0.3333333333333333
0.1,1.0
1.0,1.0
