SampleID,TrueValue,PredictedValue
SRR12929831,34.000000,41.822491
SRR12929832,31.000000,49.139797
SRR12929833,38.000000,46.143944
SRR12929834,69.000000,47.177906
SRR12929835,59.000000,39.719814
SRR12929836,55.000000,49.575375
SRR12929837,52.000000,44.765202
SRR12929838,66.000000,44.209393
SRR12929839,24.000000,44.778915
SRR12929840,39.000000,41.452156
SRR12929841,40.000000,44.830704
SRR12929842,43.000000,49.396065
SRR12929843,71.000000,42.735661
SRR12929844,70.000000,45.900326
