FPR,TPR
0.0,0.0
0.0,0.16666666666666666
0.23076923076923078,0.16666666666666666
0.23076923076923078,0.5
0.3076923076923077,0.5
0.3076923076923077,0.6666666666666666
0.6923076923076923,0.6666666666666666
0.6923076923076923,1.0
1.0,1.0
