FPR,TPR
0.0,0.0
0.0,0.14285714285714285
0.0,0.8571428571428571
0.2857142857142857,0.8571428571428571
0.2857142857142857,1.0
1.0,1.0
