FPR,TPR
0.0,0.0
0.0,0.020833333333333332
0.0,0.1875
0.05,0.1875
0.05,0.3125
0.1,0.3125
0.1,0.375
0.15,0.375
0.15,0.3958333333333333
0.2,0.3958333333333333
0.2,0.4375
0.3,0.4375
0.3,0.5625
0.45,0.5625
0.45,0.6458333333333334
0.5,0.6458333333333334
0.5,0.75
0.55,0.75
0.55,0.7916666666666666
0.65,0.7916666666666666
0.65,0.8333333333333334
0.8,0.8333333333333334
0.8,0.8541666666666666
0.85,0.8541666666666666
0.85,0.9583333333333334
0.9,0.9583333333333334
0.9,1.0
1.0,1.0
