FPR,TPR
0.0,0.0
0.0,0.029411764705882353
0.0,0.7352941176470589
0.029411764705882353,0.7352941176470589
0.029411764705882353,0.8529411764705882
0.058823529411764705,0.8529411764705882
0.058823529411764705,0.9117647058823529
0.11764705882352941,0.9117647058823529
0.11764705882352941,0.9705882352941176
0.14705882352941177,0.9705882352941176
0.14705882352941177,1.0
1.0,1.0
