FPR,TPR
0.0,0.0
0.0,0.018867924528301886
0.0,0.660377358490566
0.16666666666666666,0.660377358490566
0.16666666666666666,0.6981132075471698
0.3333333333333333,0.6981132075471698
0.3333333333333333,0.7735849056603774
0.5,0.7735849056603774
0.5,0.8113207547169812
0.6666666666666666,0.8113207547169812
0.6666666666666666,0.8867924528301887
0.8333333333333334,0.8867924528301887
0.8333333333333334,0.9811320754716981
1.0,0.9811320754716981
1.0,1.0
