FPR,TPR
0.0,0.0
0.0,0.05
0.0,0.15
0.047619047619047616,0.15
0.047619047619047616,0.4
0.14285714285714285,0.4
0.14285714285714285,0.45
0.19047619047619047,0.45
0.19047619047619047,0.5
0.23809523809523808,0.5
0.23809523809523808,0.9
0.38095238095238093,0.9
0.38095238095238093,0.95
0.9047619047619048,0.95
0.9047619047619048,1.0
1.0,1.0
