FPR,TPR
0.0,0.0
0.0,0.07142857142857142
0.0,0.9285714285714286
0.14285714285714285,0.9285714285714286
0.14285714285714285,1.0
1.0,1.0
