SampleID,TrueLabel,PredictedProbability
SRR5984347,0,0.31241494
SRR5984348,0,0.31082013
SRR5984357,0,0.30792361
SRR5984365,0,0.30809686
SRR5984366,0,0.30797794
SRR5984367,1,0.44859695
SRR5984368,0,0.30809376
SRR5984370,0,0.3052366
SRR5984371,0,0.3098794
SRR5984372,0,0.3050206
SRR5984462,1,0.37120795
SRR5984463,1,0.32785875
SRR5984464,1,0.34008652
SRR5984465,1,0.36774585
