FPR,TPR
0.0,0.0
0.0,0.029411764705882353
0.0,0.11764705882352941
0.0,0.23529411764705882
0.0,0.5
0.0,0.5588235294117647
0.0,0.7941176470588235
0.029411764705882353,0.7941176470588235
0.029411764705882353,0.8823529411764706
0.058823529411764705,0.8823529411764706
0.058823529411764705,0.9411764705882353
0.11764705882352941,0.9411764705882353
0.14705882352941177,0.9705882352941176
0.14705882352941177,1.0
0.35294117647058826,1.0
0.4117647058823529,1.0
0.5,1.0
1.0,1.0
