FPR,TPR
0.0,0.0
0.0,0.14285714285714285
0.0,0.5714285714285714
0.0,0.8571428571428571
0.42857142857142855,0.8571428571428571
0.42857142857142855,1.0
1.0,1.0
