FPR,TPR
0.0,0.0
0.0,0.14285714285714285
0.0,0.8571428571428571
0.7142857142857143,0.8571428571428571
0.7142857142857143,1.0
1.0,1.0
