SampleID,TrueLabel,PredictedProbability
SRR5984347,0,0.30199105
SRR5984348,0,0.29908895
SRR5984357,0,0.28480804
SRR5984365,0,0.28547612
SRR5984366,0,0.28473717
SRR5984367,1,0.48103115
SRR5984368,0,0.2807201
SRR5984370,0,0.27775604
SRR5984371,0,0.28217685
SRR5984372,0,0.27651852
SRR5984462,1,0.3878081
SRR5984463,1,0.31200087
SRR5984464,1,0.32556468
SRR5984465,1,0.39026546
