FPR,TPR
0.0,0.0
0.08333333333333333,0.0
0.08333333333333333,0.7
0.16666666666666666,0.7
0.16666666666666666,0.8
0.75,0.8
0.75,1.0
1.0,1.0
