FPR,TPR
0.0,0.0
0.0,0.16666666666666666
0.23076923076923078,0.16666666666666666
0.23076923076923078,0.3333333333333333
0.38461538461538464,0.3333333333333333
0.38461538461538464,0.5
0.46153846153846156,0.5
0.46153846153846156,0.6666666666666666
0.8461538461538461,0.6666666666666666
0.8461538461538461,0.8333333333333334
1.0,0.8333333333333334
1.0,1.0
