FPR,TPR
0.0,0.0
0.0,0.02702702702702703
0.0,0.13513513513513514
0.05,0.13513513513513514
0.05,0.35135135135135137
0.3,0.35135135135135137
0.3,0.40540540540540543
0.35,0.40540540540540543
0.35,0.5135135135135135
0.4,0.5135135135135135
0.4,0.6486486486486487
0.5,0.6486486486486487
0.5,0.7027027027027027
0.7,0.7027027027027027
0.7,0.8378378378378378
0.75,0.8378378378378378
0.75,0.8648648648648649
0.8,0.8648648648648649
0.8,0.9459459459459459
0.95,0.9459459459459459
0.95,1.0
1.0,1.0
