FPR,TPR
0.0,0.0
0.0,0.2
0.0,0.4
0.1111111111111111,0.4
0.1111111111111111,0.6
0.2222222222222222,0.6
0.4444444444444444,0.6
0.7777777777777778,0.6
0.7777777777777778,0.8
0.8888888888888888,1.0
1.0,1.0
