SampleID,TrueLabel,PredictedProbability
SRR7096251,0,0.62755287
SRR7096262,0,0.26459825
SRR7096314,1,0.5591674
SRR7096316,1,0.5669211
SRR7096353,0,0.5243337
SRR7096369,1,0.5121569
SRR7096391,0,0.4216872
SRR7096515,0,0.45832905
SRR7096576,1,0.4963812
SRR7096587,1,0.38203427
SRR7096665,0,0.5640954
SRR7096666,1,0.583948
SRR7096683,1,0.46508393
SRR7096685,0,0.47057292
SRR7096686,0,0.5618208
SRR7096688,1,0.45238814
