FPR,TPR
0.0,0.0
0.0,0.08333333333333333
0.0,0.16666666666666666
0.13333333333333333,0.16666666666666666
0.13333333333333333,0.25
0.2,0.25
0.2,0.3333333333333333
0.3333333333333333,0.3333333333333333
0.4,0.3333333333333333
0.4,0.4166666666666667
0.6666666666666666,0.4166666666666667
0.6666666666666666,0.6666666666666666
0.8,0.6666666666666666
0.8,0.75
0.9333333333333333,0.75
0.9333333333333333,0.9166666666666666
1.0,0.9166666666666666
1.0,1.0
