FPR,TPR
0.0,0.0
0.0,0.08333333333333333
0.0,0.25
0.2,0.25
0.26666666666666666,0.3333333333333333
0.4,0.3333333333333333
0.4,0.5
0.8,0.5
0.8,0.5833333333333334
0.8666666666666667,0.5833333333333334
0.8666666666666667,0.75
0.9333333333333333,0.75
0.9333333333333333,0.9166666666666666
1.0,0.9166666666666666
1.0,1.0
