FPR,TPR
0.0,0.0
0.0,0.14285714285714285
0.0,0.5714285714285714
0.14285714285714285,0.5714285714285714
0.14285714285714285,1.0
0.2857142857142857,1.0
0.5714285714285714,1.0
0.7142857142857143,1.0
1.0,1.0
