FPR,TPR
0.0,0.0
0.0,0.05
0.047619047619047616,0.05
0.047619047619047616,0.25
0.09523809523809523,0.25
0.09523809523809523,0.5
0.19047619047619047,0.5
0.19047619047619047,0.65
0.23809523809523808,0.65
0.23809523809523808,0.7
0.3333333333333333,0.7
0.3333333333333333,0.75
0.38095238095238093,0.75
0.38095238095238093,0.85
0.42857142857142855,0.85
0.42857142857142855,0.95
0.5238095238095238,0.95
0.5238095238095238,1.0
1.0,1.0
