FPR,TPR
0.0,0.0
0.0,0.1
0.018867924528301886,0.1
0.018867924528301886,0.3
0.16981132075471697,0.3
0.16981132075471697,0.4
0.20754716981132076,0.4
0.20754716981132076,0.5
0.22641509433962265,0.5
0.22641509433962265,0.6
0.32075471698113206,0.6
0.32075471698113206,0.7
0.5283018867924528,0.7
0.5283018867924528,0.8
0.660377358490566,0.8
0.660377358490566,0.9
0.8679245283018868,0.9
0.8679245283018868,1.0
1.0,1.0
