FPR,TPR
0.0,0.0
0.0,0.029411764705882353
0.0,0.8235294117647058
0.029411764705882353,0.8235294117647058
0.029411764705882353,0.8823529411764706
0.08823529411764706,0.8823529411764706
0.08823529411764706,1.0
1.0,1.0
