FPR,TPR
0.0,0.0
0.05,0.0
0.1,0.0
0.1,0.18181818181818182
0.25,0.18181818181818182
0.3,0.2727272727272727
0.35,0.2727272727272727
0.45,0.36363636363636365
0.6,0.36363636363636365
0.6,0.6363636363636364
0.75,0.6363636363636364
0.85,0.6363636363636364
0.85,0.7272727272727273
0.9,0.7272727272727273
0.9,0.8181818181818182
0.95,0.9090909090909091
1.0,0.9090909090909091
1.0,1.0
