FPR,TPR
0.0,0.0
0.0,0.08333333333333333
0.0,0.25
0.06666666666666667,0.25
0.06666666666666667,0.5833333333333334
0.2,0.5833333333333334
0.2,0.6666666666666666
0.4,0.6666666666666666
0.4,0.75
0.4666666666666667,0.75
0.4666666666666667,0.8333333333333334
0.6,0.8333333333333334
0.6,0.9166666666666666
0.9333333333333333,0.9166666666666666
0.9333333333333333,1.0
1.0,1.0
