fid,cosine,Type
U96412.1.1468,0.040531579106110764,facultatively
U92197.1.1541,0.03472361532882736,facultatively
AB030220.1.1486,0.006942772569696016,facultatively
AB009222.1.1414,0.0024253489730723036,facultatively
Y18188.1.1489,0.06574118189842729,facultatively
AY258614.1.1402,0.04973452543953931,facultatively
GQ871718.1.1500,0.03231157308193731,facultatively
EU909656.1.1362,0.06574761321787151,facultatively
L34682.1.1486,-0.005345346358270923,facultatively
AB288920.1.1350,0.01548205764668206,facultatively
AY362904.1.1362,0.06578224958735115,facultatively
JQ187174.1.1376,0.04567338921787855,facultatively
JQ187284.1.1353,0.03412415251114599,facultatively
JQ188466.1.1374,0.09585257001755391,facultatively
JQ189008.1.1369,0.07969743254334909,facultatively
JQ189241.1.1358,0.023109272280019716,facultatively
GQ897174.1.1458,-0.01922117108978346,facultatively
GU045364.1.1452,0.08629161195495322,facultatively
HQ452860.1.1480,0.0152015802687811,facultatively
AB220083.1.1360,0.07560883252975799,facultatively
GQ921467.1.1497,0.025053887325150303,facultatively
JX101690.1.1488,-0.019907783783653,facultatively
HM443959.1.1432,0.05531961377532079,facultatively
EU156757.1.1329,0.06092405134645373,facultatively
EU156766.1.1269,0.0117377093103845,facultatively
EU156772.1.1329,0.08896373955882422,facultatively
EU214627.1.1520,0.062029160985011725,facultatively
AB698720.1.1455,0.08392314181555698,facultatively
AP010969.19547.20881,0.08226674314707319,facultatively
AB741688.1.1324,0.04682451992552963,facultatively
JF824807.1.1499,-0.019315362614457408,facultatively
AB680681.1.1443,0.020623235871303967,facultatively
AB680533.1.1482,0.043611988207892985,facultatively
KC162960.1.1554,0.02696127831368566,facultatively
AY769997.1.1470,0.08507407749574254,facultatively
HQ154992.1.1329,0.03086184954952997,facultatively
AF035054.1.1416,0.06503260581840603,facultatively
EF399584.1.1489,0.034897561538586065,facultatively
AF125590.1.1459,0.07841732140616448,facultatively
FJ976248.1.1389,0.06203297544154865,facultatively
FJ976010.1.1358,0.045432133230784225,facultatively
EF434343.1.1369,0.08321121807790464,facultatively
AF251035.1.1484,0.09037263567470218,facultatively
HE582440.1.1499,0.026564974479219343,facultatively
EF515307.1.1402,0.03796527035204248,facultatively
EF515201.1.1401,0.05184782098995894,facultatively
FM872548.1.1475,0.031075810237805063,facultatively
AF408262.1.1499,0.06797984122892287,facultatively
HE681258.1.1546,0.010450354181564262,facultatively
AM420030.1.1477,0.08233217099181282,facultatively
HQ385570.1.1345,0.07639864732814378,facultatively
AM275412.1.1485,0.008226324626281955,facultatively
JQ458310.1.1410,0.08619551697224882,facultatively
AM275478.1.1447,-0.04088522687479167,facultatively
AM275467.1.1476,0.007127839976134145,facultatively
AM277455.1.1490,-0.018946252952846413,facultatively
AM420201.1.1476,0.07881127014778612,facultatively
AM500831.1.1532,0.005692243938598403,facultatively
AM405127.1.1487,-0.060281896640170696,facultatively
JQ471685.1.1401,0.038280807923357474,facultatively
JQ452670.1.1361,0.07957738320102951,facultatively
JQ471702.1.1405,0.06379602862861601,facultatively
JQ458506.1.1398,0.05516025923650438,facultatively
JQ459237.1.1397,0.07043401084900495,facultatively
JQ459683.1.1383,0.055324692635500924,facultatively
JQ463390.1.1408,0.022000134139654872,facultatively
JQ461409.1.1395,0.07573793178086126,facultatively
JQ468453.1.1397,0.07254571540819087,facultatively
JQ471213.1.1384,0.054228981743633796,facultatively
FR667445.1.1395,0.0019644514151475295,facultatively
EU335286.1.1452,0.090375388256258,facultatively
HM186527.1.1371,0.046060506397979636,facultatively
CU918925.1.1304,0.06639614885445032,facultatively
GQ004577.1.1308,0.07075890411976357,facultatively
JQ923809.1.1492,0.05113039320470078,facultatively
CU920714.1.1309,0.08335130122254378,facultatively
HM249549.1.1366,0.07744315202545649,facultatively
HM264040.1.1372,0.043375753920035454,facultatively
EU459319.1.1400,0.0787196733883203,facultatively
EU472782.1.1399,0.017656787566876362,facultatively
EU459789.1.1388,0.02317169736544293,facultatively
EU460635.1.1403,0.0857528735978045,facultatively
EU467991.1.1402,0.03349632586352364,facultatively
EU466960.1.1401,0.08186030977347852,facultatively
EU459332.1.1401,0.039700819567853075,facultatively
EU461800.1.1409,0.07143928139628772,facultatively
EU460179.1.1393,0.008811975554701859,facultatively
EU471210.1.1408,0.07019141503733203,facultatively
EU469383.1.1386,0.03677703880605983,facultatively
EU472732.1.1390,0.04035413585629797,facultatively
EU472919.1.1393,0.05081398129264029,facultatively
EU470649.1.1400,0.03907978118341048,facultatively
EU471279.1.1402,0.03442813974431047,facultatively
EU471213.1.1366,0.05511591139882998,facultatively
EU471000.1.1390,0.03582607583477402,facultatively
DQ326634.1.1352,0.026786051308613223,facultatively
EU471242.1.1407,0.015020905167060342,facultatively
HM294795.1.1361,0.027941715042653532,facultatively
GQ021574.1.1308,0.06513429378186336,facultatively
HM285198.1.1359,0.011406819754809793,facultatively
HM306299.1.1372,0.0787284235578647,facultatively
HQ716607.1.1533,0.01222547647678038,facultatively
JX013442.1.1364,0.05660211965051512,facultatively
JN173162.1.1543,-0.026142401678969963,facultatively
JN162688.1.1404,-0.02768606238731579,facultatively
HQ716488.1.1388,-0.011368666172652581,facultatively
JX096253.1.1392,0.004305842832552181,facultatively
HQ716342.1.1476,-0.04850228176275702,facultatively
HQ716347.1.1389,-0.003463735016969645,facultatively
HM316066.1.1361,0.05608252182484086,facultatively
DQ793344.1.1386,0.018308031975543225,facultatively
DQ793739.1.1403,-0.046862544770170274,facultatively
DQ798295.1.1357,-0.02888472545527727,facultatively
DQ807677.1.1388,0.008637555849682689,facultatively
GQ069168.1.1341,0.07512145714232231,facultatively
DQ803568.1.1389,0.015612310768519258,facultatively
EU778456.1.1401,0.0707625301790126,facultatively
DQ819155.1.1494,0.06228754329266267,facultatively
HQ758754.1.1442,0.03502509413678212,facultatively
EU774174.1.1389,-0.004268030841201678,facultatively
EU778419.1.1388,0.07708958805550535,facultatively
HQ774391.1.1458,0.07306663316727433,facultatively
HQ767445.1.1455,0.08170042579220087,facultatively
HQ768243.1.1438,0.06626081483729103,facultatively
DQ817162.1.1449,0.03657035910829568,facultatively
HM334946.1.1363,0.07197359784934305,facultatively
HQ793069.1.1453,0.03968402376787974,facultatively
HQ770722.1.1449,0.07660635279382826,facultatively
HQ781671.1.1460,0.05180949655193811,facultatively
HQ806925.1.1453,0.011094469683121284,facultatively
HQ786758.1.1451,-0.03186931107308335,facultatively
HQ794871.1.1442,0.019294626157322217,facultatively
HQ788153.1.1469,0.05270225613090166,facultatively
HQ796635.1.1460,0.053903679108303564,facultatively
HQ795863.1.1444,0.06618770785326192,facultatively
HQ794914.1.1360,0.031757584848220895,facultatively
HQ805179.1.1449,0.07774440735241128,facultatively
HQ807512.1.1432,0.07259496279154538,facultatively
HQ807440.1.1456,0.08684183137558878,facultatively
HQ805056.1.1448,0.08245933277149177,facultatively
HQ807567.1.1446,0.06460943890367733,facultatively
HQ816367.1.1407,0.07810585267974243,facultatively
GQ133121.1.1411,0.08747442291881634,facultatively
JF064395.1.1378,0.0653290143169804,facultatively
JF095411.1.1369,0.07801847135282669,facultatively
JF082189.1.1377,0.08564059059129761,facultatively
JF121027.1.1363,0.07390994311046085,facultatively
JF117260.1.1361,0.08382832636419464,facultatively
JF000870.1.1363,0.04724900976435072,facultatively
JF045838.1.1372,0.050678278535072695,facultatively
JF029412.1.1373,0.06505662761288564,facultatively
GQ155587.1.1363,0.08643730947691594,facultatively
GQ155728.1.1363,0.08250663916584962,facultatively
JF104196.1.1305,0.08757165431498466,facultatively
GQ157993.1.1485,0.029010929253359442,facultatively
JF107789.1.1369,0.035659316206172874,facultatively
JF111268.1.1369,0.05743236609067367,facultatively
JF120720.1.1366,0.0801814127148551,facultatively
JF151070.1.1361,0.07630217303886207,facultatively
JF153130.1.1366,0.06949657623703004,facultatively
JF161568.1.1377,0.0691830006770524,facultatively
JF154739.1.1369,0.04498800704356663,facultatively
JF160112.1.1371,0.08398754686865749,facultatively
JF188851.1.1368,0.031035945337713314,facultatively
JF163633.1.1360,0.061149745649221585,facultatively
JF177220.1.1318,0.0711968072385639,facultatively
JF176422.1.1365,0.0005963403567335921,facultatively
JF181670.1.1367,0.025871202146998992,facultatively
JF188540.1.1365,0.08171184296994836,facultatively
GQ493391.1.1374,0.03221097307795757,facultatively
JF189323.1.1370,0.05127419804367193,facultatively
GQ492245.1.1349,-0.010074261000072297,facultatively
JF189333.1.1362,0.07383948227816106,facultatively
JF193794.1.1368,0.07112656011604841,facultatively
JF198707.1.1359,0.0753990967438959,facultatively
FJ365729.1.1352,-0.025232795719380915,facultatively
FJ367843.1.1364,-0.06365121897645669,facultatively
JF207434.1.1370,0.05478621045986751,facultatively
JX548432.1.1535,0.055427921756392814,facultatively
JX548421.1.1518,0.06244761672655565,facultatively
FJ368266.1.1357,-0.01976857092480959,facultatively
FJ363695.1.1351,-0.003903704759550022,facultatively
FJ366220.1.1396,0.023009519879089044,facultatively
JF220962.1.1367,0.03675089048965421,facultatively
JF224904.1.1305,0.08242635972739748,facultatively
JN866593.1.1506,0.03871658990678974,facultatively
FJ369019.1.1371,-0.005949727447022403,facultatively
FJ372126.1.1364,0.009179183077550064,facultatively
FJ506293.1.1384,0.033133077860631764,facultatively
FJ440064.1.1440,0.006797030027269433,facultatively
JF229737.1.1367,0.09981083256463373,facultatively
DQ057480.1.1449,0.013282052450602622,facultatively
FJ509910.1.1387,0.050615847429656996,facultatively
JF226337.1.1345,0.0776342866957297,facultatively
FJ504434.1.1389,0.03324022767492311,facultatively
FJ671213.1.1317,0.08077138769170623,facultatively
JQ084035.1.1510,-0.01735720904390101,facultatively
FJ509294.1.1370,0.019173311434678725,facultatively
FJ507647.1.1369,0.003335406169105712,facultatively
JF240255.1.1377,0.05355198019035258,facultatively
FJ512832.1.1369,0.027312258343260107,facultatively
JF234954.1.1375,0.07207845023503241,facultatively
FJ683969.1.1335,-0.010661350720047256,facultatively
FJ558153.1.1403,0.06642882541133074,facultatively
FJ676805.1.1384,0.006887672014884042,facultatively
JQ084329.1.1533,0.03176229738771489,facultatively
DQ417336.1.1419,0.06626637231834626,facultatively
DQ471331.1.1380,0.062363522745558654,facultatively
FJ673609.1.1365,0.012393637281996562,facultatively
FJ678585.1.1366,0.010860695058052944,facultatively
FJ673381.1.1365,0.036120933690393396,facultatively
FJ684057.1.1387,-0.03315508903113377,facultatively
HM827149.1.1361,0.07531519366957362,facultatively
HM837356.1.1369,0.05177486698254762,facultatively
JQ186252.1.1348,0.012003139090917712,facultatively
JX989244.1.1447,0.0672914106347075,facultatively
ACGI01000130.79.1442,0.07236295223676585,facultatively
ATXR01000029.87.1300,0.0863920277320702,facultatively
ADFR01000011.3460.4852,0.062220831677088244,facultatively
AJWZ01008267.13415.14982,-0.02367431592814825,facultatively
AJ234058.1.1367,0.029456579146543274,aerobic
AJ131121.1.1481,0.032621325259356015,aerobic
AJ247194.1.1416,0.05717572564807138,aerobic
AJ251986.1.1401,0.09390334748857374,aerobic
AJ244698.1.1496,0.030262193972396993,aerobic
U96297.1.1423,0.04586058518695462,aerobic
AJ441057.1.1482,0.021499273243378105,aerobic
EU432550.1.1378,0.02944066394950012,aerobic
HK241308.1.1550,0.09718313041011617,aerobic
EU484334.1.1464,0.0939617755479927,aerobic
AJ558133.1.1467,0.07325009406347714,aerobic
AJ576075.1.1341,-0.007698333827559884,aerobic
AJ697609.1.1517,0.0819176947106241,aerobic
Z15062.1.1461,0.06762181522182824,aerobic
JQ780830.1.1329,0.0260852451752293,aerobic
FJ557000.1.1453,0.047019665271028396,aerobic
HM007590.1.1365,0.051353339684950164,aerobic
EU928746.1.1484,0.01597711347129516,aerobic
EF187228.1.1400,0.07608218660912412,aerobic
HM099653.1.1384,0.06309460705968366,aerobic
FM995533.1.1388,0.08473054755593588,aerobic
JQ190296.1.1392,0.04350047384703157,aerobic
AM419461.1.1482,0.035602453903111925,aerobic
FN297835.1.1455,0.02590828885884767,aerobic
HQ436501.1.1448,0.06925268871664195,aerobic
JQ190973.1.1344,0.053794579707533575,aerobic
HM212668.1.1457,0.08911369010639228,aerobic
JQ191049.1.1327,-0.02155922546957867,aerobic
JQ191144.1.1308,0.05763067268572284,aerobic
JQ191139.1.1366,0.07203505423546584,aerobic
JQ191142.1.1334,-0.018911915127226037,aerobic
EF680886.1.1412,0.036377254518645444,aerobic
KC796791.1.1216,0.07398176949306874,aerobic
AB286023.1.1473,0.06892230661996407,aerobic
AB300989.1.1489,0.007472987612347786,aerobic
JF443769.1.1385,0.023047642069465944,aerobic
AB438958.1.1532,0.020011225240323872,aerobic
AB491210.1.1485,-0.016781388766781966,aerobic
AB521998.1.1477,0.06862850023453519,aerobic
JF747609.1.1267,0.02734520670832064,aerobic
JX657043.1.1256,0.07478782754689142,aerobic
JF810080.1.1222,0.06003690280639273,aerobic
AB681369.1.1472,0.08215241708684867,aerobic
GU457787.1.1408,0.07936156100611179,aerobic
AY922995.1.1462,-0.006594561058831381,aerobic
AE000513.2467934.2469435,0.045243447766517134,aerobic
KU738863.1.1485,0.08570077484538388,aerobic
BX294149.206764.208278,0.020750988841481213,aerobic
AF127912.1.1614,0.03300545702770255,aerobic
AF145752.1.1280,0.06995930458438443,aerobic
EF419416.1.1447,0.035829008807129324,aerobic
AF032127.1.1469,0.07367276358794153,aerobic
AF072471.1.1420,0.00893534089915208,aerobic
EF405056.1.1496,-0.019912875295579266,aerobic
AF372092.1.1341,0.05178790977058682,aerobic
AF385522.1.1499,0.033822864722022915,aerobic
EF510888.1.1401,0.030270649349270436,aerobic
JQ337127.1.1433,0.07546726543359525,aerobic
JQ337119.1.1422,0.015298395866623037,aerobic
FM872510.1.1468,0.010764075978776844,aerobic
EF540444.1.1410,0.04507904477147007,aerobic
AF143835.1.1303,0.053009489421981346,aerobic
FM875685.1.1441,0.07481445863414768,aerobic
AM275737.1.1459,-0.06625871303526147,aerobic
AEUH01000060.4040.5574,0.06902494596689687,aerobic
AM278923.1.1460,-0.07807329437864845,aerobic
CP003252.272446.273850,0.05905868183230473,aerobic
HQ326459.1.1448,0.018920527297612188,aerobic
JQ457301.1.1359,0.05372492540939722,aerobic
JQ457093.1.1362,0.0637588643566924,aerobic
EU009831.1.1457,-0.025395748951333303,aerobic
AM936752.1.1343,0.07843024502838936,aerobic
JQ463678.1.1434,0.06312755595853221,aerobic
JQ467146.1.1395,0.07023992809895761,aerobic
JQ465073.1.1388,0.09041707145481803,aerobic
AY138237.1.1441,0.045193037211666176,aerobic
JQ473890.1.1402,0.06302117053280805,aerobic
JQ477996.1.1420,0.06566128927896389,aerobic
AY349366.1.1543,0.06009231383158359,aerobic
AY676491.1.1479,0.013549519583052835,aerobic
JF920339.1.1383,0.06350971571896441,aerobic
AY916355.1.1363,0.020386998507463307,aerobic
JQ684407.1.1449,0.04943033456365013,aerobic
CU918294.1.1333,-0.02714779448478579,aerobic
HM240979.1.1306,0.05519256568257296,aerobic
CU915013.1.1330,0.06978146501689081,aerobic
HM240942.1.1312,0.06384086188049326,aerobic
GQ003660.1.1350,0.06335345427888604,aerobic
CU920940.1.1306,0.061655199290979734,aerobic
HM269113.1.1366,0.06529400913674624,aerobic
DQ057407.1.1424,0.07479982833718664,aerobic
CP007646.107249.108765,0.07029254173972511,aerobic
EU460815.1.1438,0.07185157732547082,aerobic
EU459947.1.1392,0.01919142210836484,aerobic
DQ130031.1.1346,0.07142819330241922,aerobic
EU460771.1.1421,0.03300635676700531,aerobic
HM269918.1.1366,0.07287281024164587,aerobic
GQ014599.1.1341,0.026024945186222354,aerobic
HM263196.1.1366,0.0636717531196846,aerobic
HM263244.1.1354,0.04309871616976914,aerobic
GQ009817.1.1352,0.017964569278302853,aerobic
EU459784.1.1373,0.00743434031621373,aerobic
EU462436.1.1366,-0.009631239013702813,aerobic
HM270154.1.1352,0.06772346952227526,aerobic
HM269123.1.1353,0.081378134254422,aerobic
EU465159.1.1320,0.09694346322682466,aerobic
GQ009353.1.1366,0.07089640135818864,aerobic
HM265475.1.1351,0.07749400863368458,aerobic
EU470464.1.1376,0.03414429881127113,aerobic
DQ456046.1.1458,-0.021426030299322142,aerobic
HM278922.1.1358,0.08285199209020173,aerobic
EU474214.1.1372,0.005537528195041659,aerobic
EU507531.1.1373,0.00638968850438236,aerobic
HM276314.1.1357,0.04746264615622101,aerobic
HM276817.1.1306,0.011295807910131496,aerobic
DQ456068.1.1430,-0.017896160089491655,aerobic
DQ456128.1.1470,0.0031984041148108394,aerobic
HM287931.1.1367,0.048062131997201184,aerobic
GQ035588.1.1337,0.06657596765640779,aerobic
GQ034017.1.1344,0.09987079811405723,aerobic
HM308748.1.1356,0.06086930325261438,aerobic
GU574053.1.1414,0.05491470619398715,aerobic
JX080274.1.1451,0.09004426925735833,aerobic
HM308990.1.1306,0.053493383400859885,aerobic
HM313084.1.1306,0.07558702475792356,aerobic
DQ793538.1.1374,0.014008099125233913,aerobic
DQ795827.1.1399,0.02781639931308599,aerobic
DQ795800.1.1406,-0.02311458254164781,aerobic
DQ797427.1.1369,-0.05743966650158459,aerobic
DQ806970.1.1339,-0.00643515491921706,aerobic
GQ067833.1.1345,0.09911331563590065,aerobic
EU774765.1.1436,0.048908287680141584,aerobic
DQ806328.1.1353,0.014449581596138059,aerobic
EU768287.1.1330,-0.0026076162514088678,aerobic
EU777757.1.1422,0.05587673107849047,aerobic
HQ779675.1.1458,-0.04523291998378132,aerobic
EU777812.1.1396,0.05352167710483426,aerobic
HQ784937.1.1463,-0.013582565513944019,aerobic
HQ775416.1.1455,-0.010322935966211047,aerobic
EU850576.1.1430,-0.005311045974494332,aerobic
HQ792120.1.1429,-0.06800282575787508,aerobic
EF099072.1.1365,0.020661542446615583,aerobic
HQ814332.1.1456,-0.01592972845236572,aerobic
GQ136831.1.1382,0.011584350815109152,aerobic
JF090188.1.1364,0.05349180900418544,aerobic
JF062451.1.1370,0.06176966968873765,aerobic
GQ157044.1.1456,0.020691796836567463,aerobic
GQ264301.1.1463,0.05709877418490453,aerobic
JF095834.1.1347,0.047832422427966925,aerobic
GQ267943.1.1487,0.0637417921267174,aerobic
JF131578.1.1367,0.05931349210672162,aerobic
JF152882.1.1361,0.06752369222485494,aerobic
GQ263409.1.1437,0.031197236678678575,aerobic
JF142362.1.1383,0.06018345016487777,aerobic
JF148966.1.1361,0.08218980536480686,aerobic
JF146311.1.1361,0.0705935428114639,aerobic
JF153317.1.1392,0.06849605233848856,aerobic
JF178040.1.1358,0.06982817977193649,aerobic
JF189240.1.1303,0.07564560005181097,aerobic
JF189647.1.1358,0.08408390202508348,aerobic
JF171931.1.1380,0.06513987793273156,aerobic
JF189509.1.1356,0.07038701674380723,aerobic
JF190649.1.1337,0.07612377651133984,aerobic
JF220832.1.1358,0.015609341017317358,aerobic
FJ370173.1.1369,-0.027449573230221718,aerobic
D78365.1.1327,0.06989516497580935,aerobic
JF218944.1.1353,0.06067320156191917,aerobic
FJ505577.1.1390,-0.0010316125812015668,aerobic
JF227828.1.1308,0.08566214540552793,aerobic
FJ512393.1.1388,-0.036442510765094444,aerobic
FJ509041.1.1379,0.0008758655123372179,aerobic
FJ509034.1.1377,-0.002318093491049431,aerobic
FJ543031.1.1448,0.06923223989757257,aerobic
HM798828.1.1395,0.06018086724539813,aerobic
DQ287787.1.1400,0.05984081560973454,aerobic
FJ674974.1.1343,0.0737162577854661,aerobic
DQ174182.1.1339,-0.025885708722724273,aerobic
FJ672201.1.1376,0.024049854880632975,aerobic
FJ671714.1.1385,0.018640952827404945,aerobic
JF500169.1.1484,0.034682309308942394,aerobic
HM843775.1.1306,0.0739307984003076,aerobic
HL281973.2.1492,0.05487053322555392,anaerobic
AF542231.1.1414,0.063097870489607,anaerobic
AF542233.1.1411,0.035452092039918545,anaerobic
AJ006963.1.1453,0.04879140109437509,anaerobic
AJ006962.1.1476,0.06885871725585986,anaerobic
JN837493.1.1464,-0.0058754300833655,anaerobic
EU309492.1.1445,0.01501522603513326,anaerobic
AJ344093.1.1362,0.029423804469566547,anaerobic
EU377663.1.1474,-0.001283865775080946,anaerobic
HK240816.4.1502,-0.02284015915556247,anaerobic
AY211542.1.1343,0.05799687198357894,anaerobic
AJ518871.1.1462,-0.025177908630612703,anaerobic
FJ225426.1.1443,-0.015744959909378235,anaerobic
AJ518873.1.1461,-0.006426084207750806,anaerobic
AY239461.1.1420,0.019284494718837943,anaerobic
Y17318.1.1501,0.04384148175259912,anaerobic
AY267190.1.1401,0.05187164579518164,anaerobic
FP929032.881290.882801,-0.04664431073565521,anaerobic
FP929041.134513.136043,0.014616953488558664,anaerobic
FP929059.2595678.2597174,-0.050232736563580176,anaerobic
EU728720.1.1429,-0.005878254101421086,anaerobic
EU728724.1.1426,-0.013175090863246046,anaerobic
AB185810.1.1527,0.04200577441697036,anaerobic
HM007583.1.1345,0.02752232000842262,anaerobic
AB185776.1.1501,0.01792491598556963,anaerobic
GQ864252.1.1491,0.03437012845011968,anaerobic
HM007578.1.1344,0.01915634071571728,anaerobic
HM007565.1.1329,-0.02304628524639035,anaerobic
GQ871732.1.1491,0.015730662685649904,anaerobic
GQ871710.1.1495,0.00918995254679066,anaerobic
GQ871722.1.1492,-0.014208050647232755,anaerobic
GQ871721.1.1492,-0.0030428273609835344,anaerobic
GQ867494.1.1452,0.03686430531667189,anaerobic
GQ871708.1.1489,0.01984462544478695,anaerobic
GQ871735.1.1478,-0.0018381232614946112,anaerobic
GQ871724.1.1491,-0.03475729935245004,anaerobic
FR667185.1.1486,0.04755258665345139,anaerobic
JQ186433.1.1345,0.003387338368794477,anaerobic
GQ871738.1.1486,-0.04337417735790639,anaerobic
AB218300.1.1457,-0.007684162336438411,anaerobic
AB234418.1.1355,0.017962246114776863,anaerobic
JQ186540.1.1367,0.026463463325746152,anaerobic
AB218325.1.1438,-0.019883849170044685,anaerobic
FR733677.1.1497,0.05826448111186786,anaerobic
JQ186600.1.1362,0.00829191668891297,anaerobic
FJ711049.1.1454,-0.02354015451671348,anaerobic
JQ186645.1.1362,0.0043515292498631925,anaerobic
JQ186574.1.1364,0.006358756092849176,anaerobic
JQ186732.1.1354,0.0142497908504473,anaerobic
JQ186716.1.1366,0.01579340753885993,anaerobic
JQ186757.1.1359,-0.006451093469947123,anaerobic
JQ186811.1.1365,-0.0012027513146355953,anaerobic
JQ186806.1.1361,0.009897731042316957,anaerobic
AB255081.1.1485,0.01377957636359498,anaerobic
AB264073.1.1456,-0.06377728424770975,anaerobic
JQ186855.1.1332,0.02577605559418526,anaerobic
JQ186910.1.1359,0.02575653053451068,anaerobic
JQ186905.1.1365,0.022886799918263256,anaerobic
JQ186916.1.1366,0.01393130133373074,anaerobic
JQ186936.1.1363,-0.023128550274440725,anaerobic
JQ186941.1.1365,0.009270456592917406,anaerobic
AY326462.1.1473,0.06023368636429481,anaerobic
JQ186988.1.1357,0.001454949506539035,anaerobic
EF185167.1.1497,0.05280058260269474,anaerobic
L16465.1.1473,0.006111716367135671,anaerobic
L16475.1.1471,0.01568883893830634,anaerobic
JQ187053.1.1362,0.011781570063975334,anaerobic
L16498.1.1472,0.009248470828697295,anaerobic
L34617.1.1490,-0.03318277046254902,anaerobic
JQ187318.1.1372,-0.003389938660638717,anaerobic
AB108825.1.1490,0.07720915444595833,anaerobic
JQ187390.1.1362,0.012952150456364669,anaerobic
JQ187438.1.1368,0.028128493730002136,anaerobic
JQ187338.1.1362,0.007883591387948892,anaerobic
JQ187269.1.1360,0.022533472968307208,anaerobic
JQ187668.1.1332,-0.006817977001382728,anaerobic
JQ187766.1.1332,-0.023437032143912247,anaerobic
JQ187756.1.1354,0.00577596894691305,anaerobic
JQ187801.1.1343,-0.05990978793048095,anaerobic
JQ188145.1.1334,-0.007813313913584983,anaerobic
JQ188425.1.1330,-0.025435766880142954,anaerobic
JQ188245.1.1340,-0.04563844416438684,anaerobic
JQ188404.1.1363,-0.009323927451823706,anaerobic
JQ188330.1.1355,-0.004609284959793339,anaerobic
JQ188632.1.1349,-0.04643952131655512,anaerobic
JQ188433.1.1358,-0.0018711055199237042,anaerobic
JQ188942.1.1364,-0.004415802306270966,anaerobic
JQ188913.1.1377,0.00116261101561235,anaerobic
JQ188762.1.1359,0.011804784215023135,anaerobic
GQ896835.1.1490,0.009604907975982577,anaerobic
JQ189051.1.1363,-0.00991752218311281,anaerobic
GQ896902.1.1482,-0.009360445731334592,anaerobic
JQ189246.1.1332,-0.01407888973558409,anaerobic
GQ897093.1.1492,-0.03658426874388488,anaerobic
JQ189299.1.1362,0.01778076322745946,anaerobic
GQ897259.1.1487,0.009382398536591998,anaerobic
GQ897367.1.1479,-0.06929090141116283,anaerobic
GQ897435.1.1479,-0.05616196417179803,anaerobic
GQ897566.1.1496,-0.06050110450071063,anaerobic
GQ897679.1.1458,-0.05260731660281878,anaerobic
GQ897847.1.1495,-0.03273961824761841,anaerobic
GQ898015.1.1476,-0.026719189968938312,anaerobic
JQ189620.1.1370,0.0016897379179700719,anaerobic
JQ189608.1.1364,-0.0001682711901471129,anaerobic
GQ898038.1.1495,-0.046643201951029965,anaerobic
JQ189739.1.1362,0.0036275637805176218,anaerobic
FN178464.1.1428,0.07192644563921846,anaerobic
JQ189795.1.1366,0.017296910136797544,anaerobic
JQ189721.1.1365,-0.00860397828185399,anaerobic
JQ190044.1.1364,-0.020031102951772975,anaerobic
JQ189863.1.1338,-0.02452428590168856,anaerobic
GQ898637.1.1476,0.005671937307767889,anaerobic
GQ898643.1.1489,-0.029178980458038177,anaerobic
JQ189918.1.1366,0.005571764130455145,anaerobic
JQ190041.1.1363,0.0038409980993709633,anaerobic
JQ190124.1.1360,-0.006464908398748392,anaerobic
JQ190135.1.1353,0.015943488405992478,anaerobic
JQ190020.1.1395,-0.0225664453018904,anaerobic
JQ190136.1.1372,0.022733323034691694,anaerobic
JQ190214.1.1395,0.004446781217900653,anaerobic
JQ190022.1.1366,-0.012337590257851269,anaerobic
JQ190226.1.1359,0.00704387080571059,anaerobic
JQ190269.1.1354,0.006476518188844269,anaerobic
JQ190288.1.1362,0.004546503227697732,anaerobic
JQ190319.1.1350,-0.010599918793917555,anaerobic
EF529620.1.1456,0.012560022596784114,anaerobic
JQ190417.1.1346,-0.02451314552448633,anaerobic
JQ190467.1.1351,-0.0034811084077602055,anaerobic
JQ190505.1.1331,-0.017761893358928253,anaerobic
JQ190553.1.1364,-0.04408100295678091,anaerobic
JQ190636.1.1334,0.03672522068843854,anaerobic
JQ190673.1.1341,0.01904594266009335,anaerobic
JQ190674.1.1353,-0.00946286447177123,anaerobic
JQ190750.1.1364,-0.008102272312261662,anaerobic
JQ190882.1.1331,-0.0006736694506850937,anaerobic
JQ190854.1.1350,-0.04981698491269542,anaerobic
JQ190867.1.1333,-0.02325264238817728,anaerobic
HQ452862.1.1498,-0.025053982341993013,anaerobic
JQ191045.1.1353,-0.04552822317203438,anaerobic
JQ191036.1.1354,-0.06488492805230489,anaerobic
JQ191037.1.1327,-0.02487573193604391,anaerobic
JQ191043.1.1347,-0.0703018531039666,anaerobic
JQ191047.1.1363,-0.05888314647369609,anaerobic
JQ191071.1.1358,-0.0023449284250209976,anaerobic
JQ191099.1.1400,-0.05713283845894625,anaerobic
JQ191100.1.1399,-0.03366401210627526,anaerobic
JQ191112.1.1375,-0.017512227303520773,anaerobic
JQ191107.1.1383,0.005139742823465046,anaerobic
JQ191110.1.1335,0.03291078059364612,anaerobic
JQ191035.1.1354,-0.02671186808619596,anaerobic
JQ191113.1.1361,0.004012321649205253,anaerobic
JQ191129.1.1352,-0.03252352286022787,anaerobic
JQ191054.1.1334,-0.07163221734550065,anaerobic
JQ191128.1.1335,-0.053866591743691274,anaerobic
JQ191141.1.1357,0.0057387201209054646,anaerobic
JQ191104.1.1350,-0.05406681817176523,anaerobic
JQ191125.1.1355,-0.011524075392225577,anaerobic
AM886059.1.1431,-0.031160364242289414,anaerobic
AB200414.1.1491,0.060337123385898854,anaerobic
AB494814.1.1500,0.015995642164826806,anaerobic
HK693446.10.1506,0.03588764377469105,anaerobic
AB506185.1.1506,-0.024282601671525555,anaerobic
AB506232.1.1522,0.027796899133973593,anaerobic
AB506266.1.1511,-0.013142849104435122,anaerobic
AB506166.1.1495,0.010694126267724842,anaerobic
AB506192.1.1523,-0.001506894102624952,anaerobic
AB506139.1.1558,0.0021499033215893683,anaerobic
AB506369.1.1506,-0.028509590327890827,anaerobic
AB506188.1.1515,0.018920355855611356,anaerobic
AB506279.1.1563,-0.023069485647759763,anaerobic
AB506315.1.1513,-8.743607172256367e-05,anaerobic
AB506424.1.1522,-0.04073854858777673,anaerobic
AB506372.1.1510,-0.03250374175635425,anaerobic
AB506388.1.1517,-0.03048627331905614,anaerobic
AB506382.1.1509,-0.05653479823264642,anaerobic
AB506381.1.1523,-0.01058268412703865,anaerobic
AB506371.1.1509,0.003379510288780487,anaerobic
AB506360.1.1531,0.008566859217389545,anaerobic
AB506413.1.1616,0.01624431969460832,anaerobic
GU361827.1.1480,0.005588343595783287,anaerobic
GU361819.1.1483,0.06222783343597948,anaerobic
AB506227.1.1518,-0.055239038991835854,anaerobic
AB509211.1.1451,-0.020388560112383932,anaerobic
AB506361.1.1516,-0.03528084670236931,anaerobic
AY574991.1.1453,0.0025574646513462774,anaerobic
EU136682.1.1435,0.012343375001386237,anaerobic
AB267809.1.1461,0.018838235895180466,anaerobic
HQ877677.1.1435,0.06790013124007764,anaerobic
HW066283.1.1483,-1.2563787986119392e-05,anaerobic
HM596293.1.1499,2.4459321763326924e-05,anaerobic
JF340474.1.1407,0.056039550683734084,anaerobic
AB331897.1.1481,-0.04033159547044259,anaerobic
FJ833196.1.1388,-0.030172070653347496,anaerobic
AB559621.1.1499,0.015642178847238633,anaerobic
AB559618.1.1515,-0.041311982322540054,anaerobic
HZ486581.1.1337,0.07023242546996539,anaerobic
AB443949.1.1486,-0.04853194667880794,anaerobic
AB443948.1.1484,-0.02186701269698999,anaerobic
JF506640.1.1362,0.07350010946476375,anaerobic
AB470329.1.1491,0.012012610183350642,anaerobic
AB480534.1.1481,0.07412608144607037,anaerobic
AB490801.1.1479,-0.05477509353121361,anaerobic
AB490806.1.1463,0.011199402760608589,anaerobic
AB547676.1.1493,-0.003717580306928269,anaerobic
AB547668.1.1490,0.010512696368490303,anaerobic
AB548674.1.1491,0.08681885490268634,anaerobic
AB547677.1.1479,-0.0027316536314873755,anaerobic
AB547651.1.1480,-0.028997434363982034,anaerobic
AB547670.1.1491,0.04012861773429683,anaerobic
AP013105.452097.453554,-0.027556230679498903,anaerobic
AB554231.1.1489,0.010813004701746782,anaerobic
AB566418.1.1473,-0.022302071716930567,anaerobic
AB574481.1.1484,-0.014621124978909663,anaerobic
AB574480.1.1486,-0.012478323998546204,anaerobic
AB574479.1.1484,0.01540645505521686,anaerobic
JF824809.1.1341,-0.011648926081752772,anaerobic
AB616133.1.1466,0.07641228087227639,anaerobic
FJ894626.1.1372,0.041656110459285044,anaerobic
GU968179.1.1431,0.056022585167651004,anaerobic
GU938835.1.1463,0.005608099788028752,anaerobic
AB702756.1.1405,0.021536540902608366,anaerobic
AB702916.1.1364,-0.024166480865246396,anaerobic
LT906445.1571863.1573414,0.08995968586898137,anaerobic
HQ132411.1.1472,0.07722888097010969,anaerobic
AY974071.1.1440,0.003320209210519813,anaerobic
EF400719.1.1481,-0.031460685516796115,anaerobic
EF403478.1.1500,0.002894990195898352,anaerobic
AB702751.1.1405,0.01956322619848806,anaerobic
EF400373.1.1492,-0.06075544841674985,anaerobic
EF403477.1.1496,-0.01291826794293614,anaerobic
HQ176024.1.1516,0.06295805125020608,anaerobic
EF401581.1.1491,0.006537107738186319,anaerobic
AB702802.1.1393,-0.022616924210584418,anaerobic
AB702839.1.1406,0.021577637879748864,anaerobic
AB702870.1.1395,-0.00431345604547909,anaerobic
EF404831.1.1491,-0.031578628007271445,anaerobic
EF403928.1.1481,-0.0014727204813759923,anaerobic
AB702771.1.1395,0.04130458583840087,anaerobic
EF404077.1.1491,-0.024013931278883956,anaerobic
EF404703.1.1494,-0.02101564006097846,anaerobic
EF399455.1.1484,0.010216522174922202,anaerobic
EF404299.1.1489,-0.015469498628395329,anaerobic
EF404671.1.1497,-0.02071022197158951,anaerobic
EF404280.1.1494,-0.004682980704125028,anaerobic
EF404796.1.1476,-0.021821709505522462,anaerobic
EF398702.1.1493,0.025609556973086183,anaerobic
HQ155009.1.1388,0.009571843632324592,anaerobic
EF399984.1.1494,-0.0030996430824995107,anaerobic
EF400364.1.1490,-0.026819406864166492,anaerobic
EF405428.1.1493,0.008709883321580613,anaerobic
EF404208.1.1519,-0.004166474391120828,anaerobic
EF400051.1.1490,-0.047181191593030275,anaerobic
EF400344.1.1489,-0.005987700413194931,anaerobic
EF400482.1.1533,-0.02348029529732446,anaerobic
EF398676.1.1493,0.0170941645269931,anaerobic
EF405002.1.1482,-0.04854014110974999,anaerobic
EF401874.1.1492,-0.036928953735633645,anaerobic
EF400741.1.1483,-0.03902231073455534,anaerobic
EF400498.1.1478,-0.09264203598747331,anaerobic
EF401250.1.1491,0.004650958638267157,anaerobic
EF400878.1.1492,-0.003390283945465886,anaerobic
EF399622.1.1489,-0.008635530075606178,anaerobic
EF403836.1.1489,-0.015104856434875948,anaerobic
EF400772.1.1485,-0.007648396232798056,anaerobic
AB742106.1.1431,-0.001893178646290631,anaerobic
EF403496.1.1491,-0.005543917926878611,anaerobic
HQ176294.1.1458,0.02968113992846302,anaerobic
EF405389.1.1497,0.0016490175371176674,anaerobic
EF401954.1.1477,-0.005086963315326022,anaerobic
EF402471.1.1496,-0.018812865160135386,anaerobic
EF403367.1.1495,-0.010392599654570019,anaerobic
HQ176196.1.1464,0.01665822163652362,anaerobic
EF401177.1.1491,0.0002515520276447341,anaerobic
AF186072.1.1492,0.03995057260992949,anaerobic
EF403609.1.1492,0.015496884666622707,anaerobic
EF403362.1.1491,-0.0002266710153707376,anaerobic
EF401880.1.1492,-0.07018753281871276,anaerobic
EF402319.1.1474,-0.0034467036210651023,anaerobic
EF402609.1.1497,-0.0017732871310753506,anaerobic
EF402190.1.1489,-0.030682105872598647,anaerobic
EF401817.1.1484,-0.02822971693863538,anaerobic
EF404747.1.1494,-0.03109739671509888,anaerobic
EF401875.1.1531,-0.026495167062396102,anaerobic
EF404296.1.1489,-0.02954309810850742,anaerobic
EF403722.1.1491,0.009427370497720673,anaerobic
EF401648.1.1489,0.0029101147711169378,anaerobic
EF404931.1.1496,-0.01806747686835223,anaerobic
HQ176172.1.1485,0.06841717109864154,anaerobic
EF402555.1.1494,-0.005425911574397511,anaerobic
FJ978618.1.1443,0.019358378687989137,anaerobic
EF404689.1.1475,-0.008961571958662434,anaerobic
EF403683.1.1495,-0.028356355184651242,anaerobic
EF403962.1.1494,-0.01090619011854891,anaerobic
EF404658.1.1491,-0.03405163760371063,anaerobic
EF434328.1.1362,0.01309309907248131,anaerobic
EF405333.1.1493,-0.0036902838508197705,anaerobic
EF405280.1.1479,-0.00821650106082384,anaerobic
EF404197.1.1477,0.014037266291489514,anaerobic
EF404673.1.1495,0.010986644990496688,anaerobic
EF404388.1.1474,0.0025494700339223253,anaerobic
FJ976308.1.1364,0.07058450617110607,anaerobic
EF404274.1.1495,-0.021335922137429946,anaerobic
EF405470.1.1494,0.008669402329081782,anaerobic
EF405079.1.1494,-0.0027808408645620735,anaerobic
EF434371.1.1352,-0.06503004626353974,anaerobic
EF434366.1.1353,-0.08042506434561277,anaerobic
FJ976284.1.1354,0.0893023506870364,anaerobic
EF404723.1.1494,-0.011054921201838252,anaerobic
EF405150.1.1479,-0.044637939530658595,anaerobic
EF405180.1.1479,-0.0031503611018112877,anaerobic
AF061347.1.1502,0.06556125393263511,anaerobic
FJ976246.1.1373,0.08826404819162899,anaerobic
FJ975930.1.1341,0.07453674412573942,anaerobic
EF405415.1.1493,0.0036018487437726883,anaerobic
EF405423.1.1478,-0.0165257236224938,anaerobic
EF434325.1.1358,-0.031979358233460084,anaerobic
EF434365.1.1344,-0.07276187044631989,anaerobic
EF434357.1.1344,-0.07612863599856466,anaerobic
EF434330.1.1358,-0.006380978179960542,anaerobic
AF192152.1.1542,-0.020473413580414775,anaerobic
EF434336.1.1358,-0.008274177111295602,anaerobic
CDTW01027470.3361.4864,-0.02881777986821915,anaerobic
U13042.1.1434,0.061419236385150205,anaerobic
AF426101.1.1455,0.012652803324128006,anaerobic
AF439641.1.1400,0.06092629585148336,anaerobic
AF432082.1.1445,0.03749995304014321,anaerobic
FM873964.1.1487,-0.055020310096111,anaerobic
AF481226.1.1480,0.05701399374841767,anaerobic
HE681352.1.1518,0.07985493415978828,anaerobic
AF473837.1.1440,0.02291925874969034,anaerobic
FM873975.1.1486,0.0013572162409445226,anaerobic
AF481227.1.1485,0.06990780503353454,anaerobic
EF603126.1.1475,0.02549142669753132,anaerobic
AF287775.1.1476,0.07771401377157446,anaerobic
JQ337130.1.1410,0.01447386202902493,anaerobic
EF515482.1.1408,0.003277254835859288,anaerobic
AF371871.1.1476,0.00526662466155446,anaerobic
AF371626.1.1448,-0.022908187315828693,anaerobic
AF371756.1.1451,-0.026286351188681053,anaerobic
AF371714.1.1434,-0.024325083001761078,anaerobic
U81658.1.1444,0.0021424771833890802,anaerobic
AF371943.1.1444,0.0037089424337096574,anaerobic
AF371677.1.1456,-0.024402466391284714,anaerobic
AF371757.1.1435,-0.013932329882234725,anaerobic
FM873555.1.1497,0.0611554007295285,anaerobic
FM873937.1.1455,-0.0011215039712136055,anaerobic
FM874542.1.1494,-0.05829002174912107,anaerobic
FM873817.1.1474,-0.061488456927806405,anaerobic
FM874139.1.1521,0.00733641905149686,anaerobic
HE681253.1.1518,0.08081238445182778,anaerobic
AF129868.1.1462,0.016316256897612087,anaerobic
EF603968.1.1525,-0.0039918466297500345,anaerobic
HE681367.1.1500,0.08210425149549333,anaerobic
FM872962.1.1480,-0.00030353850634357433,anaerobic
AF371946.1.1457,-0.07081324461533209,anaerobic
HE681307.1.1552,0.07195609958795186,anaerobic
EF603835.1.1492,0.014689341886673916,anaerobic
FM874014.1.1470,-0.011632574612409389,anaerobic
AF371654.1.1443,0.023274633310625133,anaerobic
EF604546.1.1463,0.022383155548918236,anaerobic
AF371758.1.1352,-0.024610780598927396,anaerobic
AF287769.1.1493,0.09372389354491513,anaerobic
HE681281.1.1553,0.01998101029723994,anaerobic
EF603141.1.1487,0.016121046958372753,anaerobic
AF371754.1.1432,0.0015504697809971717,anaerobic
AF371743.1.1426,0.027737368572016415,anaerobic
AF287762.1.1511,0.07875612571893477,anaerobic
AF371806.1.1454,0.02357032679901464,anaerobic
AF371634.1.1454,-0.0026873039605665536,anaerobic
AF253365.1.1402,0.038746059310964386,anaerobic
HE681341.1.1520,0.08087436518906482,anaerobic
AF371544.1.1441,-0.03615047156046413,anaerobic
AF371679.1.1429,0.026526474594105027,anaerobic
AF371741.1.1423,0.005182963754427387,anaerobic
AF371633.1.1455,0.014030666323949538,anaerobic
AF371720.1.1436,0.018141795620861417,anaerobic
AF371914.1.1431,0.04065919670039881,anaerobic
AF371660.1.1453,0.012250402595873717,anaerobic
HE681340.1.1550,0.07004069496128804,anaerobic
AF385577.1.1508,0.08659194798710557,anaerobic
AF432138.1.1487,0.08063118069283251,anaerobic
AF371628.1.1465,-0.0010947361032860867,anaerobic
AF371831.1.1421,-0.05371608412628277,anaerobic
AF371549.1.1455,0.005510321625998003,anaerobic
AF385557.1.1477,0.04139799918557698,anaerobic
AF499902.1.1477,-0.029855334215313483,anaerobic
AJ811975.1.1356,0.0073074500312689875,anaerobic
AM278926.1.1472,-0.05502179924439793,anaerobic
JQ448042.1.1414,0.05911245801160249,anaerobic
AM277985.1.1475,-0.020066435852977994,anaerobic
AM405112.1.1489,0.0007667621773094603,anaerobic
JQ448612.1.1371,0.061033581204216696,anaerobic
AM277633.1.1436,-0.015251937100244129,anaerobic
JQ449438.1.1397,0.07727137072715788,anaerobic
AM404855.1.1490,0.0010940021793076182,anaerobic
AM277667.1.1468,-0.006691027891616551,anaerobic
CP003274.119147.120561,-0.043445963952062155,anaerobic
AM277653.1.1461,-0.07869450105498045,anaerobic
JQ452527.1.1392,0.08324185362731351,anaerobic
AM406458.1.1481,-0.002279139670035865,anaerobic
AM420144.1.1397,0.07134338152438476,anaerobic
FN563238.1.1501,-0.015159503825996528,anaerobic
AM405723.1.1462,0.03352892302537664,anaerobic
FN563331.1.1401,-0.01727813521994027,anaerobic
AM406496.1.1481,-0.05339461386969751,anaerobic
FN563317.1.1445,0.02326901190889552,anaerobic
EU009763.1.1453,-0.048057263474632274,anaerobic
FN563321.1.1443,0.019016173048806734,anaerobic
AM238230.1.1490,0.012194502767122318,anaerobic
AJ576350.1.1454,0.029271492611214343,anaerobic
JQ451406.1.1398,0.061853107407820344,anaerobic
AM405126.1.1483,-0.04803349892321259,anaerobic
JQ447623.1.1398,0.06864806185174509,anaerobic
JQ449532.1.1391,0.06429624646636477,anaerobic
JQ456013.1.1363,0.06898475331561628,anaerobic
HQ399949.1.1503,0.010094829010899444,anaerobic
JQ447148.1.1394,0.07125360496104383,anaerobic
AM275765.1.1491,-0.011892675679918112,anaerobic
FN667250.1.1445,0.0027230068371970205,anaerobic
JQ460198.1.1393,0.08065880868792938,anaerobic
AM183074.1.1431,-0.03107512240303095,anaerobic
AM183080.1.1438,0.009639656834459293,anaerobic
AM277551.1.1476,-0.03753688620119933,anaerobic
EU009861.1.1454,-0.028967181119792327,anaerobic
AM277966.1.1487,-0.03315050375890834,anaerobic
AM275757.1.1484,-0.05856467298410263,anaerobic
EU009811.1.1454,-0.009189936766300451,anaerobic
AM275521.1.1477,-0.02129637674467349,anaerobic
AM277988.1.1480,-0.021182663072431142,anaerobic
AM405728.1.1460,-0.04413842282726146,anaerobic
AM277375.1.1485,-0.025955025567766965,anaerobic
JQ447868.1.1385,0.052793482887679814,anaerobic
AM276076.1.1465,-0.0015606593693354113,anaerobic
AM278590.1.1485,-0.05131232162639816,anaerobic
AM406047.1.1485,-0.009289759609045902,anaerobic
AM278918.1.1450,-0.0044153275181590575,anaerobic
AM420103.1.1507,0.06350479193760825,anaerobic
AM275604.1.1484,-0.0012742405602030448,anaerobic
JQ449398.1.1397,0.08087926836225583,anaerobic
JQ449567.1.1414,0.07687406242314822,anaerobic
AM404477.1.1484,-0.0038763610978632874,anaerobic
EU009798.1.1491,0.015975809111510076,anaerobic
JQ449427.1.1398,0.07846438589088246,anaerobic
AM404847.1.1451,-0.07195334940858905,anaerobic
AM277638.1.1452,-0.06666673986332308,anaerobic
AM276086.1.1464,-0.026895749146404548,anaerobic
AM276744.1.1449,-0.0027302170150081046,anaerobic
AM405230.1.1486,-0.00346747430594171,anaerobic
AM277970.1.1464,-0.04013653253357509,anaerobic
JQ448059.1.1391,0.059637742936634014,anaerobic
AM420032.1.1494,0.08043068429338404,anaerobic
CP003368.1374622.1376046,0.05392188003333375,anaerobic
JQ449018.1.1406,0.06956555008330485,anaerobic
AM406090.1.1432,-0.01629561967158607,anaerobic
AM405748.1.1471,0.021455039938788976,anaerobic
AM420142.1.1474,0.08003926780368047,anaerobic
EU009759.1.1452,-0.013170754814678654,anaerobic
EU009826.1.1452,0.000582148280928172,anaerobic
JQ449650.1.1392,0.07059521396720331,anaerobic
AM420111.1.1380,0.07105991439056858,anaerobic
AM405425.1.1456,-0.02746943165675224,anaerobic
AM420266.1.1496,0.0654886480359322,anaerobic
JQ451718.1.1364,0.06814729010462477,anaerobic
AM405784.1.1439,-0.01622030162189819,anaerobic
EU009777.1.1453,0.02556429848914871,anaerobic
AM420277.1.1527,0.042823533656330875,anaerobic
AM500740.1.1478,-0.038550098218149996,anaerobic
AM420252.1.1492,0.07858037235214106,anaerobic
EU009801.1.1452,-0.005351223118172976,anaerobic
EU009785.1.1438,0.00413059048546195,anaerobic
AM420097.1.1495,0.04701386321644876,anaerobic
AM420159.1.1486,0.07478946163175054,anaerobic
JQ467976.1.1421,-0.008536593451035754,anaerobic
AM696869.1.1522,-0.01340282486839402,anaerobic
AM500804.1.1519,-0.01865002342105333,anaerobic
JQ457140.1.1427,0.06713404964702722,anaerobic
AM694064.1.1445,-0.054507542394136334,anaerobic
AM696714.1.1480,0.006829438199080634,anaerobic
AM696804.1.1480,-0.04885701870132062,anaerobic
JQ459544.1.1420,0.06755300459460271,anaerobic
JQ460081.1.1399,0.08275282605811042,anaerobic
JQ476301.1.1421,0.08746510104573567,anaerobic
JQ462580.1.1421,0.058437082904024114,anaerobic
JQ462689.1.1412,0.07859518575076839,anaerobic
JQ463665.1.1386,0.06899126034573229,anaerobic
JQ460630.1.1394,0.0715343786463697,anaerobic
JQ476469.1.1425,-0.013869198776687262,anaerobic
JQ461559.1.1411,0.08246078527776037,anaerobic
JQ463760.1.1384,0.06852160431791848,anaerobic
JQ470652.1.1387,0.0830810764355928,anaerobic
JQ465246.1.1375,0.04569021308587639,anaerobic
JQ466883.1.1382,0.06463291310553378,anaerobic
JQ469864.1.1398,0.07956882976025535,anaerobic
JQ467970.1.1373,0.06809108016841586,anaerobic
JQ468103.1.1389,0.07827867109812386,anaerobic
JQ473836.1.1358,0.06851317086545126,anaerobic
JQ472091.1.1399,0.06554541239022403,anaerobic
JQ474214.1.1377,0.056694164827256005,anaerobic
JQ477575.1.1366,0.08474020830928813,anaerobic
JF797383.1.1312,0.020196065168571684,anaerobic
JQ474002.1.1431,-0.001557970474055705,anaerobic
JQ477800.1.1391,0.08991881220420954,anaerobic
JQ478184.1.1385,0.08284461240011311,anaerobic
JF797595.1.1303,0.06384025981352778,anaerobic
JQ478231.1.1398,0.05618700070871147,anaerobic
AY278623.1.1469,0.08303808655861568,anaerobic
JF920357.1.1351,0.07162710851321748,anaerobic
AY349378.1.1509,0.058375046414986406,anaerobic
JF797571.1.1308,0.011419151256057905,anaerobic
ABWN01000012.312.1822,0.003560672632763138,anaerobic
AY349369.1.1520,0.07994661418517751,anaerobic
JF797519.1.1303,0.023698559128518454,anaerobic
ABJL02000007.1225076.1226586,-0.03452340055384335,anaerobic
JF920355.1.1333,0.0074657858877832505,anaerobic
JF797466.1.1308,-0.02787145111128834,anaerobic
ABWK02000010.137802.139350,-0.0033910708863965204,anaerobic
EU201884.1.1313,-0.024299758634298337,anaerobic
GU302978.1.1494,0.005859158867441349,anaerobic
AY644475.1.1526,0.008918721610337688,anaerobic
AY916298.1.1340,-0.07765028781412191,anaerobic
AY916385.1.1350,-0.06295444478655171,anaerobic
FQ658646.1.1399,-0.017246508557793434,anaerobic
HM124115.1.1468,-0.0024570430963522967,anaerobic
GU302902.1.1491,0.019451367433216675,anaerobic
JF920361.1.1333,0.08684402113179625,anaerobic
GU304304.1.1542,-0.010386314217757755,anaerobic
HM124083.1.1490,-0.021232422272660364,anaerobic
JF920353.1.1335,0.02007928715718594,anaerobic
ABEZ02000015.506.1996,-0.0012374234375912886,anaerobic
ABQR01000074.101.1610,0.034646750546923115,anaerobic
HM124170.1.1515,0.07702944940974586,anaerobic
AY916371.1.1353,-0.05236847885085981,anaerobic
HM124168.1.1487,-0.01001912481788452,anaerobic
AY858477.1.1491,-0.013293865823542104,anaerobic
HM123990.1.1495,-0.001744015384448353,anaerobic
GU455000.1.1494,0.014585796384105976,anaerobic
AY916213.1.1356,-0.018881626752148235,anaerobic
ABOU02000049.4536.6056,-0.004824571497581278,anaerobic
HM123913.1.1490,-0.015910686292804697,anaerobic
AY977674.1.1364,0.01777802707747706,anaerobic
AY916234.1.1329,-0.024044192124192437,anaerobic
AY979313.1.1359,-0.009778125732056529,anaerobic
AY979435.1.1358,-0.026400502744303826,anaerobic
AY977392.1.1351,-0.029322798908026537,anaerobic
AY985268.1.1377,-0.014491108248098003,anaerobic
AY862394.1.1486,-0.041678359113352735,anaerobic
AY858448.1.1510,-0.033124639424061866,anaerobic
AY916345.1.1351,-0.046256276617844545,anaerobic
AY916251.1.1360,-0.015403064153004785,anaerobic
AY916332.1.1353,-0.04931655489625695,anaerobic
HM124176.1.1473,0.035314358978856,anaerobic
HM124177.1.1488,-0.022877241580392886,anaerobic
AY916384.1.1351,-0.041046902094529665,anaerobic
AY916174.1.1359,-0.009269790673224247,anaerobic
AY922215.1.1392,0.02444172812322644,anaerobic
HM124142.1.1495,-0.01074213464146303,anaerobic
AY916146.1.1383,-0.010564007460084438,anaerobic
HM124289.1.1493,0.008182652040570953,anaerobic
AY916275.1.1352,-0.023813352636449923,anaerobic
HM124161.1.1498,-0.022232704085761112,anaerobic
AY916310.1.1355,-0.038797428260325874,anaerobic
HM124280.1.1500,0.045281047233814306,anaerobic
HM123925.1.1500,-0.03696377609669814,anaerobic
AY916206.1.1387,-0.02649878320014402,anaerobic
AY916373.1.1335,-0.0017502091677674496,anaerobic
HM124221.1.1495,0.012916516513029764,anaerobic
HM123972.1.1505,0.0391224225591564,anaerobic
HM124157.1.1485,0.018507100891467874,anaerobic
HM124050.1.1492,0.043241096884839576,anaerobic
HM124291.1.1491,0.021565909296589716,anaerobic
HM123923.1.1492,0.030293909796345192,anaerobic
HM123886.1.1471,0.025481538000472342,anaerobic
HM124151.1.1464,0.005918279921368369,anaerobic
AY979566.1.1352,-0.045831835223455124,anaerobic
AY978859.1.1336,-0.01525217574436421,anaerobic
AY975560.1.1360,0.045076003765949946,anaerobic
EU358682.1.1483,0.031611770115356916,anaerobic
AY983739.1.1351,-0.018230289928265246,anaerobic
AY978012.1.1354,-0.018402850879780552,anaerobic
AY976142.1.1343,-0.048452435839699264,anaerobic
AY981777.1.1355,-0.01960083454608512,anaerobic
AY983363.1.1360,-0.014521682014388061,anaerobic
AY984358.1.1392,-0.017481686813400208,anaerobic
AY982432.1.1370,-0.047510286636154864,anaerobic
AY985779.1.1355,-0.06842673629851996,anaerobic
EU358721.1.1498,-0.00594839318954862,anaerobic
AY985174.1.1353,-0.03815233846125523,anaerobic
AY982383.1.1377,0.004809015747355108,anaerobic
AY985764.1.1362,-0.012876548354252056,anaerobic
JQ820153.1.1498,-0.029652570562847706,anaerobic
EU381963.1.1486,0.001033168002131906,anaerobic
HM252077.1.1349,0.034267890269477214,anaerobic
DQ113680.1.1437,0.09184659293048723,anaerobic
EU455269.1.1374,0.016597541436320445,anaerobic
EU454836.1.1379,-0.026332058245260803,anaerobic
EU452440.1.1393,0.018134464784274613,anaerobic
EU453789.1.1374,0.02463995604595602,anaerobic
DQ057368.1.1392,-0.02788158928370402,anaerobic
EU453564.1.1398,0.01682717990338984,anaerobic
GQ005005.1.1348,0.004138556987608292,anaerobic
GQ004971.1.1355,0.0053725670300748775,anaerobic
HM257477.1.1350,0.019406356328284597,anaerobic
CU918616.1.1397,-0.013814275465913472,anaerobic
EU456604.1.1380,0.029483110719290502,anaerobic
JQ799166.1.1490,0.014706291746929608,anaerobic
JQ799169.1.1493,-0.0014502654455028903,anaerobic
EU459672.1.1374,-0.025888008546107996,anaerobic
DQ057374.1.1386,0.03045013760151882,anaerobic
GQ006702.1.1361,0.07671414619314643,anaerobic
EU459637.1.1389,-0.019288903679938733,anaerobic
GQ006259.1.1327,0.0184093629775952,anaerobic
EU461735.1.1395,0.008784527326141064,anaerobic
EU462831.1.1387,0.009454594501826622,anaerobic
EU461740.1.1384,-0.06093012480919417,anaerobic
EU464390.1.1391,0.0020737226783703443,anaerobic
GQ006276.1.1348,0.03965106192014028,anaerobic
EU462123.1.1385,-0.009072025244054347,anaerobic
HM247519.1.1359,0.0219098941124065,anaerobic
EU462246.1.1393,-0.005452216184083851,anaerobic
EU465331.1.1376,0.027541426582500837,anaerobic
EU462735.1.1377,-0.029435868894695363,anaerobic
EU462328.1.1389,-0.04148788220009301,anaerobic
EU460149.1.1387,-0.0022800074831566056,anaerobic
EU463123.1.1390,0.008342602426863879,anaerobic
EU462618.1.1379,-0.00968209076001035,anaerobic
CU923392.1.1375,0.01057252029695791,anaerobic
DQ057401.1.1386,-0.008985591295152055,anaerobic
GQ010578.1.1349,0.011351282088001066,anaerobic
EU464120.1.1395,-0.019787224673701066,anaerobic
EU452122.1.1390,0.02998736996998931,anaerobic
GQ006526.1.1346,0.013259947384296792,anaerobic
DQ003631.1.1486,0.07896943401410675,anaerobic
EU462565.1.1387,-0.031232715664653188,anaerobic
DQ057398.1.1389,-0.06413693254924355,anaerobic
EU452580.1.1352,0.04362465733789204,anaerobic
GQ014650.1.1368,-0.00595306983980358,anaerobic
DQ113748.1.1448,0.05766956906856397,anaerobic
EU461258.1.1395,-0.011541717604218626,anaerobic
JQ820136.1.1480,-0.014573804007917463,anaerobic
GQ004351.1.1350,0.05946733951486059,anaerobic
GQ014278.1.1349,0.0032738731424801996,anaerobic
EU467338.1.1358,0.021588947994542158,anaerobic
DQ057387.1.1394,-0.05750929656575788,anaerobic
DQ057372.1.1393,-0.03153484432826572,anaerobic
GQ014737.1.1357,0.00040847501513031936,anaerobic
GQ014760.1.1344,0.034912833978916195,anaerobic
EU462887.1.1383,0.009948837137231674,anaerobic
EU467725.1.1345,-0.015506775740966462,anaerobic
EU467144.1.1368,0.008233748879111307,anaerobic
GQ006681.1.1357,0.052589445588851376,anaerobic
DQ113749.1.1437,0.07538139105604987,anaerobic
EU451170.1.1366,0.013155578753251802,anaerobic
EU454797.1.1380,0.030183082027970508,anaerobic
DQ057397.1.1398,-0.020076264923668378,anaerobic
DQ113693.1.1473,-0.029255386053706763,anaerobic
EU467074.1.1368,-0.029258927103119114,anaerobic
DQ326949.1.1352,-0.002142952480156492,anaerobic
DQ057422.1.1460,0.009065383739085124,anaerobic
EU464384.1.1394,-0.011496326548612148,anaerobic
EU465630.1.1402,0.0116976206732377,anaerobic
EU453006.1.1394,0.006511187262041112,anaerobic
EU458696.1.1348,-0.004263413758260249,anaerobic
DQ326231.1.1338,-0.06116342456306425,anaerobic
DQ326080.1.1350,0.010203259187513598,anaerobic
DQ326597.1.1346,-0.020402991355532005,anaerobic
DQ325663.1.1352,-0.03714898816563411,anaerobic
GQ003913.1.1349,0.00474661587934958,anaerobic
GQ014695.1.1350,-0.0018239245158231804,anaerobic
EU453376.1.1380,-0.010851354688303592,anaerobic
EU456598.1.1395,0.026264927154798036,anaerobic
EU458298.1.1334,0.057154194942751035,anaerobic
EU457376.1.1366,-0.01769386691776564,anaerobic
EU453633.1.1382,0.008992537903667509,anaerobic
EU454483.1.1373,0.03446392369311651,anaerobic
EU459282.1.1372,0.031972343530932756,anaerobic
DQ326341.1.1343,-0.016264202153366547,anaerobic
EU455128.1.1364,0.025671563818061075,anaerobic
DQ326682.1.1354,-0.006739034707045188,anaerobic
GQ006269.1.1347,0.022313193012465468,anaerobic
EU474937.1.1425,0.033456487003458775,anaerobic
EU457125.1.1393,-0.015045592761885562,anaerobic
EU473947.1.1387,0.019444402519515073,anaerobic
EU462421.1.1387,-0.01624922241282107,anaerobic
EU473620.1.1431,0.007657268580819421,anaerobic
EU456135.1.1389,0.02604381424931094,anaerobic
EU459394.1.1363,0.009094768265661383,anaerobic
EU474901.1.1385,0.051689675564143125,anaerobic
EU459823.1.1393,-0.0021689087936585987,anaerobic
EU459430.1.1388,-0.02157336517717789,anaerobic
DQ325815.1.1347,-0.03703597071243491,anaerobic
EU469609.1.1390,0.022157182623417815,anaerobic
EU456850.1.1382,0.0201238990559802,anaerobic
EU467363.1.1378,-0.07005326916398036,anaerobic
DQ232863.1.1444,0.09333738545354722,anaerobic
EU461751.1.1392,0.0022640354410151707,anaerobic
EU464299.1.1383,-0.05084994479374613,anaerobic
EU459946.1.1383,-0.025643860898802124,anaerobic
EU461717.1.1389,-0.002517833697499398,anaerobic
EU461649.1.1389,0.007958428240831011,anaerobic
EU475604.1.1363,0.035092317437788415,anaerobic
GQ006447.1.1346,0.03918583155214249,anaerobic
EU462785.1.1388,0.0011447281876772564,anaerobic
EU459778.1.1391,0.02178265270273799,anaerobic
EU462278.1.1388,-0.004142674160283838,anaerobic
EU462389.1.1390,-0.019972490671401295,anaerobic
EU461755.1.1389,-0.009495270242561712,anaerobic
EU458570.1.1390,0.008056104059305885,anaerobic
EU460064.1.1390,-0.00993837718495051,anaerobic
EU462919.1.1400,0.006868029845770591,anaerobic
HM267398.1.1360,0.02296626127828914,anaerobic
EU462600.1.1388,-0.05707466475857983,anaerobic
EU458474.1.1389,0.005539094816712077,anaerobic
DQ326200.1.1352,-0.004865124370984183,anaerobic
EU462946.1.1393,-0.01162482341065973,anaerobic
EU461297.1.1371,-0.009118269709816208,anaerobic
EU466767.1.1395,0.00268024309263303,anaerobic
GQ006553.1.1331,0.00937733825122411,anaerobic
EU458456.1.1389,0.002597294412556224,anaerobic
EU462972.1.1388,0.02452652852083972,anaerobic
EU462462.1.1381,0.01765798402871791,anaerobic
EU461743.1.1389,-0.01796539963377412,anaerobic
EU467414.1.1360,-0.06682221915912959,anaerobic
EU467466.1.1334,0.01034481548293969,anaerobic
EU462755.1.1387,-0.05770502918817752,anaerobic
EU462849.1.1390,0.020997142372486476,anaerobic
EU464287.1.1366,-0.07103434665027589,anaerobic
EU459919.1.1365,-0.04780447227027613,anaerobic
EU460090.1.1388,-0.02340233444807277,anaerobic
EU465360.1.1390,0.015804414346390416,anaerobic
EU462087.1.1387,0.010789420879993657,anaerobic
GQ014615.1.1346,0.011816935840099511,anaerobic
EU463375.1.1392,-0.010222455353667479,anaerobic
EU474817.1.1376,0.006600152709462258,anaerobic
EU463172.1.1374,-0.03362883396648926,anaerobic
HM267060.1.1360,0.07750607569245938,anaerobic
EU463772.1.1375,0.04898283987868714,anaerobic
EU462282.1.1380,0.008104357651497463,anaerobic
EU475485.1.1382,0.008718531775781638,anaerobic
EU466913.1.1393,-0.01789942650749942,anaerobic
EU464372.1.1389,0.005899043494899883,anaerobic
EU464266.1.1393,-0.004330103450901166,anaerobic
EU506900.1.1392,0.03253486801833903,anaerobic
EU464283.1.1380,-0.031691938854757316,anaerobic
EU465383.1.1384,0.03901292747092885,anaerobic
DQ326585.1.1351,-0.01726845548257085,anaerobic
EU462774.1.1354,0.013170989032269154,anaerobic
EU472095.1.1382,-0.025927045422427162,anaerobic
EU463088.1.1392,0.026812743589070792,anaerobic
GQ014216.1.1367,-0.007691332057799645,anaerobic
EU465381.1.1390,0.028117150885346925,anaerobic
GQ014713.1.1346,0.014252524392282081,anaerobic
EU506556.1.1362,0.018044537786321712,anaerobic
GQ014215.1.1357,-0.014748796942331681,anaerobic
GQ014626.1.1348,0.019471103975093502,anaerobic
GQ014665.1.1350,-0.002937242577956556,anaerobic
EU511933.1.1382,0.03856100581407398,anaerobic
GQ014272.1.1361,0.025638360828667887,anaerobic
EU467281.1.1378,0.011881486920166568,anaerobic
EU468200.1.1367,0.019550586990659837,anaerobic
EU462530.1.1385,0.004370174628210325,anaerobic
EU469566.1.1389,-0.03075845607566448,anaerobic
EU462765.1.1384,-0.02533754453216604,anaerobic
DQ325939.1.1351,-0.026285233521198974,anaerobic
EU467212.1.1358,-0.012639487647049204,anaerobic
EU465611.1.1397,0.0027957729633592736,anaerobic
DQ326449.1.1352,-0.02876754750045477,anaerobic
EU467112.1.1366,0.01196139733173399,anaerobic
DQ325982.1.1342,0.01141177879769345,anaerobic
EU465353.1.1389,0.02850538819859725,anaerobic
EU467507.1.1348,-0.014914691448808016,anaerobic
GQ014659.1.1348,-0.008411944195572217,anaerobic
GQ014747.1.1357,-0.006350319268018519,anaerobic
DQ325618.1.1351,0.035758036033325676,anaerobic
EU505659.1.1378,0.005997613576880796,anaerobic
DQ325766.1.1353,-0.012233902603069375,anaerobic
EU467577.1.1369,0.008654575732994252,anaerobic
DQ326182.1.1354,-0.01976645702429975,anaerobic
DQ326186.1.1355,-0.009833780165345628,anaerobic
DQ326493.1.1337,-0.05993017626239153,anaerobic
DQ326381.1.1354,-0.01256739616614313,anaerobic
EU506471.1.1364,0.015950547167847662,anaerobic
DQ325890.1.1356,-0.03600559263035553,anaerobic
EU509896.1.1393,-0.003666491595421753,anaerobic
DQ326830.1.1351,-0.0002698373554385204,anaerobic
DQ326162.1.1335,-0.03217353582902923,anaerobic
EU472558.1.1391,-0.02267524981786374,anaerobic
EU469483.1.1387,-0.002965407093231696,anaerobic
EU508214.1.1391,0.02121462317074619,anaerobic
DQ326208.1.1350,-0.02104188515526206,anaerobic
DQ325862.1.1349,-0.010913910538144469,anaerobic
DQ455857.1.1455,-0.008753749647768986,anaerobic
EU474318.1.1395,0.03897876902975533,anaerobic
DQ325602.1.1340,-0.02970383133238844,anaerobic
EU469747.1.1392,0.0059040284443110345,anaerobic
EU467376.1.1388,0.019909849479058234,anaerobic
DQ326680.1.1351,-0.03282538048105507,anaerobic
EU474489.1.1369,-0.06045676074129078,anaerobic
EU468457.1.1347,0.006705239189198372,anaerobic
DQ456166.1.1450,-0.045824576653157284,anaerobic
EU471880.1.1393,-0.013603241054750151,anaerobic
DQ326339.1.1382,-0.024318192630153022,anaerobic
EU472153.1.1362,-0.017293705517917316,anaerobic
EU475416.1.1402,-0.01758286331616941,anaerobic
EU475693.1.1380,-0.02526525509947948,anaerobic
EU509831.1.1391,0.01548132842099017,anaerobic
EU475191.1.1393,0.01431555845046275,anaerobic
EU531962.1.1391,-0.00926082661552531,anaerobic
EU469788.1.1437,-0.024246786402645333,anaerobic
EU475035.1.1367,-0.003379743330989166,anaerobic
DQ325692.1.1352,-0.00473128205013395,anaerobic
DQ326059.1.1335,0.01689084897601735,anaerobic
DQ456247.1.1440,-0.03929297487096701,anaerobic
DQ326268.1.1334,0.0038546936506333434,anaerobic
EU469748.1.1389,-0.016657596464725862,anaerobic
DQ456090.1.1455,0.0007036968128574586,anaerobic
DQ326531.1.1351,-0.03741458747240987,anaerobic
EU472601.1.1392,-0.0034639424944529398,anaerobic
EU474413.1.1398,0.0407330273940879,anaerobic
EU510433.1.1393,-0.008280816618221198,anaerobic
DQ456076.1.1438,-0.035759315327401904,anaerobic
DQ326782.1.1351,-0.004817074930467613,anaerobic
DQ456463.1.1450,0.02316286793246932,anaerobic
DQ326866.1.1353,-0.014306496712356733,anaerobic
HM286061.1.1379,0.015483556943905663,anaerobic
EU474431.1.1383,-0.010834570813124441,anaerobic
DQ456395.1.1455,-0.01571268987579513,anaerobic
GQ016596.1.1355,-0.018651412498612387,anaerobic
DQ327487.1.1353,-0.010213908561098719,anaerobic
EU469676.1.1389,-0.03271365688904326,anaerobic
DQ456017.1.1452,-0.012830535309017949,anaerobic
HM283141.1.1350,-0.05833947273052725,anaerobic
DQ326950.1.1352,0.05362655532219522,anaerobic
EU474623.1.1371,0.0213213705112408,anaerobic
DQ394661.1.1545,-0.02401633261846167,anaerobic
EU503828.1.1393,0.0006884269495620098,anaerobic
EU474247.1.1383,0.01982453307854647,anaerobic
EU475045.1.1398,0.004059392027359874,anaerobic
EU472527.1.1389,-0.0024137745078439757,anaerobic
EU474390.1.1388,0.01544743799513667,anaerobic
EU475335.1.1384,-0.025331437838898893,anaerobic
DQ394651.1.1520,0.012557096071935026,anaerobic
EU475022.1.1383,0.024631144026803962,anaerobic
DQ325685.1.1348,0.02511793522052178,anaerobic
EU509546.1.1373,0.027068139759565527,anaerobic
EU507327.1.1382,0.0029222166853768708,anaerobic
DQ353927.1.1482,0.0017344440110716244,anaerobic
EU504307.1.1379,0.031283193024318555,anaerobic
EU475105.1.1368,-0.006982648335576977,anaerobic
DQ456112.1.1458,-0.012866342390307628,anaerobic
EU508175.1.1384,0.03076227739130528,anaerobic
DQ456091.1.1456,-0.029199556238824968,anaerobic
EU506151.1.1394,0.026307700415938124,anaerobic
EU509862.1.1374,0.01884298942283222,anaerobic
EU506921.1.1372,0.036948294713973553,anaerobic
EU506185.1.1400,-0.0018479778014682624,anaerobic
EU508827.1.1391,0.023368763707581192,anaerobic
EU507337.1.1429,-0.05780583755195145,anaerobic
EU505282.1.1388,0.01885624862903463,anaerobic
EU504869.1.1405,0.0038110279948723753,anaerobic
EU508841.1.1373,0.01471038330937103,anaerobic
DQ455993.1.1452,0.009940561986761886,anaerobic
EU509561.1.1379,0.020404910449891928,anaerobic
EU504059.1.1390,0.015297393997476124,anaerobic
EU511996.1.1390,0.041063744345023044,anaerobic
HM274149.1.1328,0.07190949415280229,anaerobic
EU509745.1.1408,0.020092192934145447,anaerobic
EU510664.1.1405,0.04505391228580458,anaerobic
EU508280.1.1358,0.04752854085101623,anaerobic
HM284965.1.1355,-0.03011691761876315,anaerobic
EU507039.1.1382,-0.018466582342517034,anaerobic
EU511168.1.1363,0.019551034289394288,anaerobic
EU622668.1.1497,0.042870881990974184,anaerobic
EU509892.1.1393,-0.026178820527066656,anaerobic
DQ456180.1.1437,0.02258209776934547,anaerobic
DQ456082.1.1452,0.01828891499540575,anaerobic
EU506864.1.1393,0.002987927223458605,anaerobic
HM278809.1.1347,0.014747146958405384,anaerobic
DQ456192.1.1444,-0.00889057177140462,anaerobic
EU531897.1.1396,0.012808249397884193,anaerobic
EU510252.1.1380,0.02987080666178721,anaerobic
DQ456331.1.1451,-0.004710533542263721,anaerobic
GU592681.1.1369,0.07638420317588865,anaerobic
DQ455951.1.1458,-0.013875253403633835,anaerobic
EU510757.1.1381,0.031219405101355315,anaerobic
DQ456220.1.1454,-0.05016808312317764,anaerobic
GQ043829.1.1357,0.024023451960142255,anaerobic
HM276638.1.1384,0.028024961049478558,anaerobic
DQ456065.1.1451,0.009739284921400379,anaerobic
DQ456133.1.1453,-0.028746009139221092,anaerobic
EU531944.1.1378,-0.032526280656492705,anaerobic
DQ456362.1.1442,0.04469714345831469,anaerobic
EU531998.1.1386,-0.02390825799312831,anaerobic
EU509924.1.1405,0.015224506848753063,anaerobic
DQ456470.1.1450,-0.0025982552227415924,anaerobic
DQ455929.1.1449,-0.06935286125689921,anaerobic
DQ455824.1.1440,-0.022318161590110037,anaerobic
DQ456401.1.1436,-0.05996031076474615,anaerobic
EU511665.1.1382,0.01570003879527934,anaerobic
DQ456069.1.1449,0.004590079331290504,anaerobic
HM281543.1.1383,0.042027761459726976,anaerobic
EU531917.1.1412,-0.003811048408130086,anaerobic
DQ456077.1.1454,-0.015211483478563204,anaerobic
GQ047146.1.1361,-0.023397690112451935,anaerobic
DQ455846.1.1446,0.0036285587888683834,anaerobic
EU532000.1.1493,0.011125839468235903,anaerobic
DQ456245.1.1452,0.018950727162011922,anaerobic
DQ455918.1.1453,0.015657612777191007,anaerobic
DQ456251.1.1450,0.004420391662019323,anaerobic
DQ456137.1.1456,0.021444826666420468,anaerobic
DQ456460.1.1452,0.006660168703570284,anaerobic
DQ455829.1.1451,-0.00887583190328564,anaerobic
DQ456350.1.1442,-0.06031210150196374,anaerobic
DQ456366.1.1454,0.006155887994484594,anaerobic
EU530352.1.1469,-0.02536818150896346,anaerobic
DQ456225.1.1458,0.023676126582343093,anaerobic
DQ456105.1.1459,-0.008954426032585084,anaerobic
DQ456434.1.1440,-0.0530990728868805,anaerobic
DQ456318.1.1452,-0.023935428608612298,anaerobic
HM300227.1.1348,-0.0067506179778052625,anaerobic
DQ456381.1.1454,-0.018585059087852806,anaerobic
DQ456134.1.1453,-0.005959734108843782,anaerobic
DQ456108.1.1454,0.024172250866667758,anaerobic
DQ455876.1.1442,-0.008329298915585088,anaerobic
DQ456204.1.1444,-0.005090966647657892,anaerobic
DQ456467.1.1449,-0.015992690229886777,anaerobic
HM279057.1.1349,0.012762582331228928,anaerobic
HM288760.1.1348,0.04201000335602752,anaerobic
EU663600.1.1489,-0.04339051322968918,anaerobic
HM285653.1.1330,0.03723898729962412,anaerobic
GQ043073.1.1351,-0.0028839161444542947,anaerobic
HM307209.1.1361,0.07419188021043291,anaerobic
JN173177.1.1419,-0.00909262902440027,anaerobic
DQ793479.1.1391,-0.018105479575427037,anaerobic
GQ042430.1.1361,0.06807691777302162,anaerobic
HQ739324.1.1394,0.02917470313118066,anaerobic
DQ793836.1.1378,-0.001712668020705091,anaerobic
DQ794390.1.1389,-0.010084995844158659,anaerobic
DQ794890.1.1392,0.0069876252502494365,anaerobic
DQ793581.1.1384,-0.046173019981494555,anaerobic
DQ777935.1.1493,-0.06185542123139556,anaerobic
DQ793597.1.1386,-0.02398359789318335,anaerobic
GQ057668.1.1351,0.060205362637244034,anaerobic
DQ794573.1.1388,-0.005518012316691795,anaerobic
DQ794712.1.1388,-0.005235178101195337,anaerobic
DQ794416.1.1389,-0.022450119731431507,anaerobic
DQ794888.1.1396,-0.008992438994879729,anaerobic
DQ794450.1.1388,0.003884839177232716,anaerobic
DQ795962.1.1375,-0.024775349673217796,anaerobic
DQ794773.1.1372,-0.00779632334187911,anaerobic
DQ796584.1.1369,0.030970702690659727,anaerobic
HQ703853.1.1438,0.01914752391803395,anaerobic
DQ795469.1.1392,-0.008376137231506412,anaerobic
JN162689.1.1358,-0.01698047730298844,anaerobic
DQ795496.1.1396,0.007682823410430655,anaerobic
DQ794927.1.1393,-0.04615344238908744,anaerobic
DQ795306.1.1391,0.037467825128851454,anaerobic
DQ795468.1.1391,0.025048980656521894,anaerobic
DQ794985.1.1388,-0.005602211304255243,anaerobic
JN173096.1.1498,0.011002322821018429,anaerobic
HQ742941.1.1442,-0.0025916104962328376,anaerobic
DQ795802.1.1371,0.01640394798272469,anaerobic
DQ794699.1.1390,0.012040452571886831,anaerobic
DQ795471.1.1390,0.002394669475045969,anaerobic
DQ795818.1.1392,-0.015410549274586575,anaerobic
DQ794891.1.1393,0.0012753859851336855,anaerobic
DQ794911.1.1390,0.0005126292377244918,anaerobic
DQ795823.1.1379,0.01577229437140702,anaerobic
DQ795290.1.1393,0.0046798479334991434,anaerobic
DQ795913.1.1389,-0.00828943437492674,anaerobic
DQ794444.1.1381,0.0028577013063417625,anaerobic
DQ797566.1.1400,-0.020827621279965604,anaerobic
GQ047989.1.1350,-0.01992714496551831,anaerobic
DQ796582.1.1376,-0.010626404800022112,anaerobic
DQ795440.1.1388,0.024358017391521585,anaerobic
DQ796304.1.1393,-0.02609253761034236,anaerobic
HQ740124.1.1454,-0.023409660631203623,anaerobic
DQ796714.1.1382,-0.03409896495619761,anaerobic
DQ795289.1.1389,0.0030716399627889177,anaerobic
DQ796556.1.1382,-0.035586660664193255,anaerobic
DQ795372.1.1391,-0.015671190679824493,anaerobic
DQ796245.1.1395,-0.018217456373433586,anaerobic
DQ796462.1.1391,0.047434917639129576,anaerobic
DQ797148.1.1374,-0.027359626636904475,anaerobic
DQ793363.1.1370,-0.0009123784048635046,anaerobic
DQ793398.1.1380,-0.05149859992374374,anaerobic
DQ796985.1.1394,0.005949403646042668,anaerobic
DQ797006.1.1404,-0.012479616444686419,anaerobic
DQ793661.1.1379,-0.05478466166033107,anaerobic
DQ794538.1.1388,-0.0028023228665129624,anaerobic
DQ797170.1.1392,-0.011501856660257402,anaerobic
DQ796585.1.1392,-0.0264221317760326,anaerobic
DQ794610.1.1387,-0.011495495135953486,anaerobic
DQ797024.1.1383,-0.06826509431508913,anaerobic
HQ742353.1.1409,0.08457819408888653,anaerobic
DQ797587.1.1383,-0.024298830666676572,anaerobic
DQ797201.1.1388,-0.00653525364179158,anaerobic
DQ795021.1.1370,-0.009676733911491953,anaerobic
DQ797460.1.1391,-0.015378138323414042,anaerobic
DQ794708.1.1389,0.024327806677780853,anaerobic
HM308160.1.1357,-0.016906148036511585,anaerobic
DQ797802.1.1388,-0.02037641650587714,anaerobic
DQ797544.1.1383,-0.003872475282372946,anaerobic
DQ795296.1.1393,0.022261928061814353,anaerobic
DQ795397.1.1400,-0.026947656334870274,anaerobic
HQ716576.1.1480,-0.020304345796835772,anaerobic
DQ796984.1.1390,-0.026737470515468875,anaerobic
DQ797586.1.1394,-0.018814389677478366,anaerobic
DQ798163.1.1375,-0.004664731503301549,anaerobic
DQ799884.1.1395,-0.01395482703509077,anaerobic
DQ797629.1.1393,-0.046874559069141244,anaerobic
DQ797941.1.1368,-0.02279208438653016,anaerobic
DQ798027.1.1389,-0.018352628823960788,anaerobic
DQ795742.1.1390,-0.0019669603547034817,anaerobic
DQ797282.1.1391,-0.02966147395352038,anaerobic
HQ716250.1.1425,-0.018850976100794246,anaerobic
HM319012.1.1341,0.01792915704233855,anaerobic
DQ796597.1.1432,-0.013521267783331703,anaerobic
DQ794197.1.1377,0.009072225933261967,anaerobic
DQ793620.1.1362,0.03556593668334994,anaerobic
DQ798214.1.1370,0.028302080089776933,anaerobic
DQ796724.1.1374,-0.015167964352713368,anaerobic
DQ799338.1.1390,0.00666278675378335,anaerobic
DQ794576.1.1390,0.0036196169746541005,anaerobic
DQ798526.1.1395,0.0014792814138784465,anaerobic
DQ798046.1.1386,-0.02065260335019712,anaerobic
DQ799511.1.1389,0.006401803087416427,anaerobic
DQ799311.1.1388,-0.02233144667344646,anaerobic
DQ799796.1.1389,0.02135182721015997,anaerobic
DQ798376.1.1390,-0.013324003301227209,anaerobic
DQ799512.1.1373,-0.005505477269579304,anaerobic
DQ799971.1.1392,-0.043290417266693026,anaerobic
DQ797375.1.1387,-0.05281865103775383,anaerobic
HQ748555.1.1449,-2.1077039577434034e-05,anaerobic
DQ797855.1.1394,-0.000993884665195619,anaerobic
DQ799844.1.1392,0.002283675314207651,anaerobic
DQ798942.1.1388,0.0012364354675449495,anaerobic
DQ801909.1.1389,0.015738357969453675,anaerobic
DQ794094.1.1356,-0.03381723049720247,anaerobic
DQ797462.1.1393,0.008338714904317115,anaerobic
DQ793820.1.1393,0.01445923882875081,anaerobic
DQ800571.1.1393,-0.019087050391242522,anaerobic
DQ797689.1.1370,-0.010822702765786245,anaerobic
JN245816.1.1526,-0.005596645051505735,anaerobic
DQ798072.1.1373,-0.011486321249451908,anaerobic
DQ799244.1.1371,-0.002686843955099901,anaerobic
HQ748584.1.1434,-0.0034689803224242865,anaerobic
HQ716233.1.1452,0.0031199428118593034,anaerobic
DQ795709.1.1397,-0.01532211707572878,anaerobic
DQ794131.1.1392,0.031487374545269974,anaerobic
DQ800066.1.1378,-0.011034406300965693,anaerobic
DQ794417.1.1388,0.0032034875805953137,anaerobic
HQ716109.1.1388,0.024666638252011285,anaerobic
DQ800844.1.1391,-0.024957354009002564,anaerobic
DQ800054.1.1388,-0.02334785258778732,anaerobic
DQ800579.1.1389,-0.007453049943512887,anaerobic
DQ800845.1.1361,-0.004205704032563259,anaerobic
DQ794461.1.1389,-0.0009772549681252248,anaerobic
DQ800415.1.1390,0.029766013853368016,anaerobic
DQ794483.1.1388,0.009277876094243498,anaerobic
DQ798033.1.1389,-0.014763678086646956,anaerobic
DQ796418.1.1395,-0.02155434711118856,anaerobic
DQ794895.1.1386,-0.014275102076742032,anaerobic
DQ799542.1.1390,0.008190878173208188,anaerobic
DQ793484.1.1391,0.0030896874478765794,anaerobic
DQ797947.1.1388,-0.00465425127999932,anaerobic
DQ794966.1.1392,-0.03414453826662202,anaerobic
HM317329.1.1349,-0.008657940649942492,anaerobic
DQ793665.1.1389,-0.04875715826172831,anaerobic
DQ793824.1.1370,-0.0145613942312928,anaerobic
DQ800153.1.1387,-0.01023921368407046,anaerobic
DQ800800.1.1393,-0.018608158298259875,anaerobic
DQ796155.1.1377,-0.012230648918067757,anaerobic
HQ742938.1.1458,0.08781299657826115,anaerobic
DQ800647.1.1389,-0.02537744032096907,anaerobic
DQ793564.1.1350,-0.01941306795505352,anaerobic
DQ798900.1.1379,-6.594372292843471e-05,anaerobic
DQ798495.1.1366,0.029109744605824488,anaerobic
DQ794904.1.1371,-0.005862046167986095,anaerobic
HQ716246.1.1462,-0.02951057006681104,anaerobic
DQ795337.1.1391,0.006935309370703618,anaerobic
DQ794245.1.1393,0.0006401489198350206,anaerobic
DQ793332.1.1376,-0.0035251207049391666,anaerobic
DQ803545.1.1390,-0.03415436788134458,anaerobic
DQ800786.1.1388,0.03467361567048991,anaerobic
DQ793910.1.1354,-0.05556805646956313,anaerobic
DQ801145.1.1382,-0.006525859452606111,anaerobic
DQ794420.1.1392,0.00741892694389146,anaerobic
DQ798724.1.1390,0.020246782689707206,anaerobic
DQ797175.1.1392,-0.030971679623784786,anaerobic
DQ802005.1.1373,-0.01568894772014978,anaerobic
DQ798766.1.1389,0.010735807824816875,anaerobic
DQ801322.1.1378,-0.03016267038116913,anaerobic
DQ797279.1.1372,-3.701957705014017e-05,anaerobic
DQ801465.1.1398,-0.004796692577986659,anaerobic
DQ794468.1.1382,-0.02777396579811441,anaerobic
DQ795808.1.1388,0.004196879320187389,anaerobic
HQ739835.1.1437,-0.022222626702616738,anaerobic
DQ793657.1.1389,-0.024674402546415734,anaerobic
HQ742726.1.1456,0.04052134083724241,anaerobic
DQ794058.1.1402,0.005192189665537864,anaerobic
DQ794620.1.1391,0.011085220533723345,anaerobic
DQ795170.1.1393,-0.0025530095583844057,anaerobic
DQ795137.1.1389,0.017992454405555556,anaerobic
DQ797448.1.1396,-0.067492403292739,anaerobic
DQ793887.1.1385,0.006402065436602625,anaerobic
DQ801326.1.1393,-0.025086808279657168,anaerobic
DQ793803.1.1372,-0.03294211313213186,anaerobic
EU748519.1.1354,-1.851770631535511e-05,anaerobic
DQ794603.1.1392,-0.009101281256700998,anaerobic
HQ741733.1.1420,0.010534739483389935,anaerobic
HQ750975.1.1439,0.04957121473487408,anaerobic
DQ796115.1.1363,0.016924042061017785,anaerobic
DQ801477.1.1391,-0.01370140525419642,anaerobic
DQ802083.1.1367,0.0031173483152113655,anaerobic
HM310061.1.1351,0.07445545632631105,anaerobic
DQ802661.1.1369,-0.024410317619051967,anaerobic
DQ799507.1.1396,-0.028415210308012116,anaerobic
DQ777946.1.1458,0.01630681120679947,anaerobic
DQ795542.1.1390,0.04205370365904751,anaerobic
HM312354.1.1347,0.038945036913049236,anaerobic
DQ794800.1.1389,0.004519605270095278,anaerobic
DQ801550.1.1390,-0.020608508568857948,anaerobic
DQ799914.1.1393,0.02809353033030859,anaerobic
DQ802021.1.1388,-0.017681136966567312,anaerobic
DQ793227.1.1405,-0.027391284786108423,anaerobic
DQ794820.1.1394,-0.013467181249081663,anaerobic
DQ802666.1.1389,-0.0002136606292045527,anaerobic
DQ797382.1.1393,-0.005621618571578898,anaerobic
DQ794917.1.1369,0.0024372907763919377,anaerobic
DQ794994.1.1389,-0.013323338274392867,anaerobic
DQ796574.1.1375,-0.021618578973375498,anaerobic
DQ804890.1.1390,0.03904494632176686,anaerobic
DQ795732.1.1392,0.010870965168738624,anaerobic
DQ793417.1.1390,-0.011372382412689404,anaerobic
DQ793705.1.1389,-0.05077957554520976,anaerobic
DQ797503.1.1388,-0.0004063858570946215,anaerobic
DQ795767.1.1389,0.00792539593525082,anaerobic
DQ793793.1.1394,0.007498400741397863,anaerobic
DQ803207.1.1390,0.002680429096269311,anaerobic
DQ793319.1.1398,-0.009336987305390867,anaerobic
DQ796618.1.1392,-0.021008491146743975,anaerobic
HQ750815.1.1319,0.0067089187386060265,anaerobic
DQ794973.1.1390,0.00015310750938801453,anaerobic
JN245855.1.1493,0.024081139329662785,anaerobic
DQ793523.1.1374,-0.01456496754171825,anaerobic
DQ795492.1.1391,0.030504771670510623,anaerobic
DQ795704.1.1394,0.028719012320324044,anaerobic
DQ793259.1.1395,0.0006702524933320723,anaerobic
DQ805217.1.1378,-0.03166853272080987,anaerobic
DQ793576.1.1392,0.028806790795365876,anaerobic
DQ796118.1.1378,-0.00023279010497484923,anaerobic
DQ803547.1.1378,-0.005440648950606012,anaerobic
DQ793763.1.1393,-0.013929811314729139,anaerobic
DQ793723.1.1392,0.016799650792696928,anaerobic
DQ793760.1.1393,0.018185898608111584,anaerobic
DQ795319.1.1366,-0.00883982519760422,anaerobic
DQ795753.1.1391,-0.014799398076854537,anaerobic
DQ795831.1.1385,-0.024729908740241623,anaerobic
DQ805783.1.1359,-0.0017498879890640376,anaerobic
DQ796291.1.1390,-0.03904821819170681,anaerobic
DQ796366.1.1387,-0.016626611361173157,anaerobic
DQ797022.1.1391,-0.025927948792278326,anaerobic
DQ793566.1.1391,0.0036041207469525924,anaerobic
DQ797241.1.1389,-0.011481860001606621,anaerobic
HM325417.1.1361,0.04333350904938624,anaerobic
DQ798690.1.1366,0.04795284699798671,anaerobic
DQ795165.1.1385,-0.01569100576021837,anaerobic
DQ795994.1.1370,-0.007893685339247183,anaerobic
DQ804051.1.1389,0.03180507086774344,anaerobic
DQ794715.1.1389,-0.02182599535406346,anaerobic
DQ796004.1.1378,1.486707778174051e-05,anaerobic
DQ804396.1.1346,-0.008962413453622023,anaerobic
DQ797242.1.1392,-0.020119101065529086,anaerobic
DQ794981.1.1387,-0.015957652831645002,anaerobic
DQ794775.1.1395,0.030534967938518447,anaerobic
DQ794400.1.1389,-0.001318761318422067,anaerobic
DQ793245.1.1374,0.021130037367939225,anaerobic
DQ794530.1.1387,-0.0009598498635689935,anaerobic
DQ805987.1.1392,-0.01449378788235864,anaerobic
DQ796368.1.1387,-0.014178334082466966,anaerobic
DQ793508.1.1385,-0.01463480421796846,anaerobic
DQ794980.1.1393,0.0030526129272536663,anaerobic
JX198627.1.1450,0.008797442675057618,anaerobic
DQ801255.1.1385,-0.010593961617115583,anaerobic
DQ794987.1.1389,-0.003024065513588398,anaerobic
DQ796132.1.1379,-0.010238669867488373,anaerobic
DQ794532.1.1381,0.01524228296511407,anaerobic
DQ794833.1.1397,0.007196460234104694,anaerobic
DQ794778.1.1390,-0.026543263383486657,anaerobic
DQ796126.1.1392,-0.009532315368092941,anaerobic
DQ802461.1.1391,0.0022808180412537482,anaerobic
DQ797570.1.1393,-0.0030252057248449423,anaerobic
DQ794886.1.1390,-0.041344296736884736,anaerobic
DQ804362.1.1389,0.0367821563637214,anaerobic
EU762218.1.1357,0.01848583051200027,anaerobic
DQ806202.1.1388,-0.019931428812810476,anaerobic
DQ794866.1.1384,-0.041377087784775154,anaerobic
DQ793236.1.1367,-0.06515828438165305,anaerobic
DQ795708.1.1387,-0.02032014345540968,anaerobic
DQ796360.1.1391,0.011205672273685744,anaerobic
DQ804130.1.1387,0.002110435753716418,anaerobic
DQ804542.1.1389,0.0033972333344399123,anaerobic
DQ796878.1.1380,-0.0009193602196710249,anaerobic
DQ796620.1.1389,0.008739893154679408,anaerobic
DQ795189.1.1389,0.038121122008614686,anaerobic
DQ801106.1.1381,0.003956137428706856,anaerobic
DQ795249.1.1351,0.017865738651758657,anaerobic
EU763235.1.1354,-0.012893609210358757,anaerobic
DQ794370.1.1390,-0.018408539486457858,anaerobic
DQ805262.1.1389,0.006111369089015076,anaerobic
DQ794392.1.1380,-0.032279583793396946,anaerobic
DQ793454.1.1374,0.005372911490748837,anaerobic
DQ796712.1.1386,-0.01581384134578907,anaerobic
EU762875.1.1341,0.008894253896465728,anaerobic
DQ796613.1.1393,0.002548227850898604,anaerobic
DQ794611.1.1365,-0.03950406616586375,anaerobic
DQ795848.1.1374,-0.0008598808306240366,anaerobic
DQ799574.1.1389,0.007500202291849228,anaerobic
DQ806670.1.1392,-0.009249140911607117,anaerobic
DQ794630.1.1330,-0.015325533545842741,anaerobic
DQ794731.1.1391,0.03808996760103113,anaerobic
DQ804909.1.1390,0.03922446688242595,anaerobic
DQ794729.1.1374,-0.009454228719710923,anaerobic
DQ804953.1.1387,0.0348709301104622,anaerobic
DQ793512.1.1384,0.009466256844927991,anaerobic
DQ805487.1.1390,-0.007388546995201104,anaerobic
HM315685.1.1348,0.05658060029192506,anaerobic
DQ804598.1.1390,0.0034773785034624164,anaerobic
DQ795636.1.1368,0.005146230417153304,anaerobic
DQ794870.1.1379,0.02397790882419722,anaerobic
DQ798267.1.1392,-0.03686854436526617,anaerobic
DQ796860.1.1390,0.024074095494472616,anaerobic
DQ796852.1.1382,-0.03914199929988471,anaerobic
DQ793683.1.1390,-0.039827296004850854,anaerobic
DQ803561.1.1379,-0.020238859945329823,anaerobic
DQ804773.1.1389,-0.006298660026396988,anaerobic
EU764761.1.1354,0.02437130539523515,anaerobic
HQ754366.1.1357,0.025685713240011523,anaerobic
DQ806920.1.1367,-0.024443449691493785,anaerobic
DQ804518.1.1379,0.02297002203359914,anaerobic
DQ796942.1.1391,-0.0023629698469460297,anaerobic
DQ804811.1.1393,0.01381111250418642,anaerobic
DQ796693.1.1391,-0.013159641706230239,anaerobic
DQ796413.1.1393,-0.012745399217040888,anaerobic
DQ805756.1.1378,-0.021054246822527007,anaerobic
DQ795049.1.1387,0.014549972720764606,anaerobic
DQ795071.1.1388,0.006275407995493522,anaerobic
DQ797525.1.1389,0.003059870104386779,anaerobic
HQ739956.1.1454,0.002762248378464219,anaerobic
HQ751001.1.1419,0.014576964049468743,anaerobic
DQ794366.1.1359,-0.03320519311628479,anaerobic
DQ799587.1.1392,0.018246059405955094,anaerobic
DQ807361.1.1392,-0.037889951789273735,anaerobic
DQ801970.1.1390,-0.014063842044836492,anaerobic
EU764874.1.1334,-0.007748728696488714,anaerobic
DQ804868.1.1392,0.015598068206683325,anaerobic
DQ796009.1.1394,-0.016916133789413666,anaerobic
DQ797840.1.1389,0.0010055707615045863,anaerobic
DQ797891.1.1390,0.008936741610108387,anaerobic
DQ794475.1.1392,-0.008370125809386545,anaerobic
DQ795428.1.1389,0.0035241964708826344,anaerobic
DQ805304.1.1387,0.019644581992361503,anaerobic
DQ805274.1.1359,0.004375973611131151,anaerobic
DQ797368.1.1371,-0.003572781079274063,anaerobic
DQ796555.1.1388,-0.0016218270777562012,anaerobic
DQ799847.1.1381,-0.016912527104355868,anaerobic
JX198650.1.1360,-0.00094345921683974,anaerobic
DQ794771.1.1366,-0.025989316535774232,anaerobic
DQ796506.1.1397,0.011698217724654113,anaerobic
DQ807767.1.1390,-0.003346768763317186,anaerobic
DQ797431.1.1391,-0.0077792261708896256,anaerobic
EU763837.1.1354,0.016821229064995495,anaerobic
DQ798958.1.1391,0.00021864692130369985,anaerobic
DQ796523.1.1393,0.005096236771495443,anaerobic
DQ795719.1.1392,0.002085352811608469,anaerobic
DQ795266.1.1352,-0.06195306692261691,anaerobic
DQ797512.1.1391,-0.029674274442282014,anaerobic
EU764929.1.1346,0.0005834840363726098,anaerobic
DQ796088.1.1390,-0.026237765993808698,anaerobic
EU764486.1.1354,-0.009256953229010179,anaerobic
EU764246.1.1353,-0.0001901293802019962,anaerobic
DQ796214.1.1393,-0.03417497490944988,anaerobic
HQ748580.1.1484,0.006775633086712062,anaerobic
DQ797561.1.1387,-0.035265785279900604,anaerobic
EU764786.1.1355,-0.008595067454894252,anaerobic
DQ795473.1.1393,-0.0002312393321141293,anaerobic
DQ808063.1.1392,0.004521955735916668,anaerobic
DQ797793.1.1386,0.04905437189107474,anaerobic
DQ795507.1.1430,0.02008154135233238,anaerobic
DQ802519.1.1390,0.01066352134257862,anaerobic
DQ795875.1.1361,0.010448902747866343,anaerobic
DQ799138.1.1391,0.012707683484376633,anaerobic
DQ795147.1.1383,0.017606192147218827,anaerobic
DQ797904.1.1386,0.018946236291099348,anaerobic
DQ802535.1.1355,0.006939333356076039,anaerobic
DQ803544.1.1388,0.037062091313729006,anaerobic
DQ795143.1.1389,0.008548959478899772,anaerobic
DQ806634.1.1377,-0.0014826198933176697,anaerobic
DQ797732.1.1376,-0.01857034874488553,anaerobic
DQ800882.1.1387,-0.0530762967249506,anaerobic
DQ806577.1.1393,-0.01072768408415311,anaerobic
DQ795750.1.1393,-0.014275460400554737,anaerobic
DQ806167.1.1353,-0.03938135657563802,anaerobic
DQ797910.1.1389,-0.005984165434042102,anaerobic
DQ794326.1.1392,0.0009345854921722933,anaerobic
EU765822.1.1359,-8.004737801328467e-05,anaerobic
DQ796105.1.1389,-0.0007774346010476419,anaerobic
DQ799404.1.1388,-0.016870254710285432,anaerobic
EU766081.1.1341,-0.014865255323954992,anaerobic
DQ796076.1.1393,-0.002931302344527235,anaerobic
DQ796850.1.1389,-0.0011416873197099575,anaerobic
DQ806262.1.1394,0.011028639642175238,anaerobic
DQ798034.1.1377,-0.025267157507485354,anaerobic
DQ806351.1.1379,-0.014991497081506438,anaerobic
DQ797516.1.1343,-0.06630489799017014,anaerobic
DQ799537.1.1372,0.00983159305087367,anaerobic
EU763868.1.1355,-0.02519834796388778,anaerobic
DQ796218.1.1391,-0.01125008135787176,anaerobic
DQ794726.1.1391,0.05493087843464816,anaerobic
EU762361.1.1358,0.002704884257108328,anaerobic
DQ808671.1.1388,-0.0011883637273262797,anaerobic
EU765003.1.1353,-0.0575472472083066,anaerobic
DQ796328.1.1388,-0.008752468514381575,anaerobic
DQ807151.1.1391,-0.01760171542255688,anaerobic
DQ807279.1.1392,-9.391640068945404e-05,anaerobic
EU764078.1.1355,-0.00817454877277407,anaerobic
DQ803489.1.1390,0.029732829260367077,anaerobic
DQ797326.1.1395,0.0010082361694857339,anaerobic
DQ798235.1.1390,-0.0011852912978142925,anaerobic
EU764525.1.1351,-0.02948578952575309,anaerobic
DQ799765.1.1390,0.0032701468569171603,anaerobic
DQ799878.1.1375,-0.0041801383147853375,anaerobic
EU766029.1.1343,-0.0590596570221893,anaerobic
DQ795126.1.1390,0.018705802019297425,anaerobic
DQ807167.1.1403,-0.034399128782796676,anaerobic
EU761737.1.1355,-0.0011149373943259626,anaerobic
DQ807047.1.1371,-0.028908531657520692,anaerobic
DQ801648.1.1393,0.0037719803807454854,anaerobic
DQ804512.1.1375,0.008135279284209297,anaerobic
DQ807252.1.1389,-0.007333231597284779,anaerobic
EU765891.1.1357,-0.01917407201971632,anaerobic
DQ797330.1.1351,-0.007962351118941207,anaerobic
DQ799949.1.1392,0.022920309700765248,anaerobic
DQ807363.1.1388,-0.002255352232207528,anaerobic
DQ798522.1.1396,-0.004844553001745504,anaerobic
DQ796080.1.1375,0.007314200310565673,anaerobic
DQ798336.1.1390,-0.006533229473490812,anaerobic
DQ798853.1.1389,0.025759067278783857,anaerobic
DQ806819.1.1387,0.007735225517828269,anaerobic
EU765990.1.1358,-0.013036297320412187,anaerobic
DQ798781.1.1394,-0.00025974114281974027,anaerobic
EU766150.1.1348,-0.04005621610783692,anaerobic
DQ801341.1.1398,-0.024770827616158272,anaerobic
DQ804942.1.1385,-0.02383681808089076,anaerobic
DQ798869.1.1391,-0.024688335544638822,anaerobic
DQ800318.1.1376,-0.02379191045188304,anaerobic
DQ804985.1.1369,0.025526742493504572,anaerobic
DQ801499.1.1374,-0.04306133848683629,anaerobic
DQ798938.1.1392,0.025006135497578394,anaerobic
DQ796634.1.1384,-0.057443999581551046,anaerobic
DQ799334.1.1390,0.0318340344571505,anaerobic
DQ799069.1.1386,0.010336395667779961,anaerobic
DQ797807.1.1365,-0.003052671361959689,anaerobic
DQ809511.1.1390,-0.05970307630980491,anaerobic
DQ798303.1.1388,-0.012838231645119616,anaerobic
DQ797151.1.1393,-0.002597764698925642,anaerobic
DQ797869.1.1392,-0.004682866745301435,anaerobic
DQ806288.1.1367,-0.010129477366711862,anaerobic
DQ797192.1.1383,-0.024947917152911836,anaerobic
DQ797980.1.1388,-0.0017922007382456455,anaerobic
DQ797674.1.1391,-0.023838376144760393,anaerobic
DQ798000.1.1401,-0.019520624193921327,anaerobic
JX222461.1.1361,0.0341128539336299,anaerobic
DQ808376.1.1389,0.0003268761369988778,anaerobic
DQ802231.1.1395,0.006103529728167392,anaerobic
DQ809699.1.1388,-0.02254518816731804,anaerobic
DQ797369.1.1386,-0.013986424220942635,anaerobic
DQ800752.1.1387,-0.029760454603550722,anaerobic
DQ797970.1.1392,-0.015235131254099988,anaerobic
DQ808550.1.1380,-0.0023695234048306925,anaerobic
DQ808621.1.1358,0.013267076623834273,anaerobic
DQ807362.1.1389,0.0033429017276870488,anaerobic
DQ804672.1.1389,0.010878497524967837,anaerobic
DQ796014.1.1385,-0.017434302690715955,anaerobic
DQ806516.1.1380,-0.020608484929885828,anaerobic
DQ805636.1.1390,-0.05377840202510926,anaerobic
DQ801840.1.1368,0.05694955084583614,anaerobic
DQ807369.1.1362,0.0035820136728830216,anaerobic
DQ796846.1.1378,-0.007996843427435538,anaerobic
DQ799375.1.1388,0.04050354629722797,anaerobic
DQ802677.1.1376,-0.02852094815217343,anaerobic
DQ807835.1.1389,0.005470119514349319,anaerobic
DQ796102.1.1389,-0.0034439291634873995,anaerobic
DQ799470.1.1392,-0.010015204649843885,anaerobic
DQ798186.1.1393,0.001840782486379057,anaerobic
DQ809916.1.1380,0.004862029471435293,anaerobic
DQ797654.1.1350,-0.009158880824801808,anaerobic
DQ807871.1.1389,0.018203408036881953,anaerobic
DQ797199.1.1390,-0.023673799711391687,anaerobic
DQ808697.1.1361,-0.04389677479671813,anaerobic
DQ797794.1.1393,0.008402108109767879,anaerobic
EU764680.1.1390,-0.011966096000649832,anaerobic
DQ796797.1.1388,0.0005464850865755373,anaerobic
DQ798232.1.1358,-0.00512185409108914,anaerobic
DQ808590.1.1388,0.010578543261119679,anaerobic
DQ799920.1.1390,-0.008002839087174541,anaerobic
HQ748744.1.1438,0.044277211550789425,anaerobic
DQ805863.1.1397,-0.0401020384881288,anaerobic
DQ799604.1.1387,-0.025402826088295895,anaerobic
DQ799804.1.1388,0.011738603614118798,anaerobic
DQ797686.1.1371,0.0029643281527231957,anaerobic
DQ805255.1.1392,-0.011931438476487945,anaerobic
DQ798969.1.1391,0.027099514446618685,anaerobic
DQ807821.1.1392,-0.024294800692297783,anaerobic
DQ800343.1.1393,-0.04197024880295982,anaerobic
DQ797877.1.1375,-0.013059433570578292,anaerobic
DQ799819.1.1388,-0.007545642393195275,anaerobic
DQ808335.1.1392,-0.012150510369702088,anaerobic
DQ801301.1.1393,0.005569635162874947,anaerobic
DQ805765.1.1396,-0.048054537802855596,anaerobic
DQ799882.1.1393,-0.010966936181059483,anaerobic
DQ797854.1.1389,-0.020047524464793957,anaerobic
DQ799672.1.1375,-0.014928486261690617,anaerobic
HQ748458.1.1441,-0.0025109436573439695,anaerobic
HQ751579.1.1436,-0.014433195079976957,anaerobic
DQ800043.1.1380,-0.0042589147646801395,anaerobic
DQ798665.1.1371,0.015690900784315745,anaerobic
DQ797971.1.1389,-0.0022545112916878807,anaerobic
DQ799953.1.1392,0.027592615212727066,anaerobic
DQ797931.1.1369,0.0007638894773376536,anaerobic
EU768615.1.1359,0.0006190727463251853,anaerobic
DQ799354.1.1390,-0.05196950259278991,anaerobic
EU768425.1.1355,-0.01203296396644902,anaerobic
DQ798794.1.1390,0.018700940995971926,anaerobic
EU764829.1.1357,0.00214424438664646,anaerobic
DQ808501.1.1392,0.014534445296987998,anaerobic
DQ798174.1.1380,0.0076930847139677,anaerobic
DQ799547.1.1383,0.021219315006638945,anaerobic
EU764805.1.1340,-0.06788942233660064,anaerobic
DQ799571.1.1388,-0.01903289392917,anaerobic
DQ801646.1.1388,0.062172637432328155,anaerobic
DQ797473.1.1377,-0.0035999494420022853,anaerobic
EU768241.1.1352,0.0009790077906055975,anaerobic
DQ797685.1.1380,0.008773854727188148,anaerobic
DQ799205.1.1389,-0.00731717760785995,anaerobic
DQ798907.1.1388,0.018161091526431684,anaerobic
EU768323.1.1355,-0.011049452993993536,anaerobic
DQ798227.1.1392,-0.00022139119633009303,anaerobic
DQ807718.1.1389,-0.009383613914814681,anaerobic
DQ799122.1.1392,-0.0369624947698353,anaerobic
EU768746.1.1338,-0.04479292037731811,anaerobic
DQ800328.1.1391,-0.0014595453135598307,anaerobic
DQ799097.1.1389,-0.03517387893238906,anaerobic
DQ808768.1.1378,-0.0014067986789446888,anaerobic
EU767018.1.1359,0.007065409548235145,anaerobic
DQ799489.1.1375,0.002380990863404872,anaerobic
DQ804127.1.1364,0.008355166311248642,anaerobic
DQ797992.1.1379,-0.012936082332158226,anaerobic
DQ797639.1.1382,-0.020637297312175524,anaerobic
DQ803493.1.1395,0.02375449572135669,anaerobic
DQ798487.1.1332,-0.021924278022852677,anaerobic
DQ808846.1.1389,0.014059512105501411,anaerobic
DQ806665.1.1371,-0.01237124212294982,anaerobic
DQ798492.1.1377,0.023505571475510956,anaerobic
DQ799619.1.1386,-9.680600938546374e-05,anaerobic
DQ800727.1.1373,0.04100178146268535,anaerobic
DQ801098.1.1380,-0.05657557485835452,anaerobic
DQ799217.1.1385,-0.01389346405136558,anaerobic
DQ800542.1.1365,0.034309000989879365,anaerobic
DQ797758.1.1378,-0.029584968803651905,anaerobic
DQ806139.1.1390,-0.008002695808124603,anaerobic
DQ798036.1.1392,0.018300177375763737,anaerobic
DQ808867.1.1370,-0.038387877989461604,anaerobic
HQ748426.1.1449,0.024908927615681767,anaerobic
DQ800759.1.1409,-0.013333991727959968,anaerobic
DQ808226.1.1391,0.004491067519241901,anaerobic
HQ759757.1.1433,0.009096147243073406,anaerobic
DQ798619.1.1393,0.00296599779602828,anaerobic
DQ800154.1.1380,-0.005478950112667853,anaerobic
DQ797948.1.1389,-0.03042346056504197,anaerobic
DQ800402.1.1390,0.0448686579167313,anaerobic
DQ799780.1.1391,-0.021844679969534743,anaerobic
DQ800447.1.1393,-0.01001749617501768,anaerobic
DQ801470.1.1392,-0.02199614499846463,anaerobic
DQ799940.1.1390,-0.03423328245076829,anaerobic
DQ797370.1.1395,-0.033851855866156036,anaerobic
DQ798314.1.1391,-0.01122501899441059,anaerobic
DQ804135.1.1353,-0.014393865491290452,anaerobic
EU765718.1.1351,0.0021823539328786556,anaerobic
DQ810117.1.1378,-0.0033736101872640636,anaerobic
DQ801333.1.1392,-0.0036185058264618015,anaerobic
DQ810130.1.1387,-0.023709839571626475,anaerobic
EU765845.1.1351,-0.05444878256799751,anaerobic
DQ809394.1.1392,0.027219089341280103,anaerobic
DQ799673.1.1389,0.014905018096473937,anaerobic
DQ799715.1.1394,0.03239823322775067,anaerobic
DQ799088.1.1390,0.016557307485348047,anaerobic
DQ800883.1.1396,-0.017966007349191092,anaerobic
DQ798256.1.1391,0.0035700790001364033,anaerobic
DQ807480.1.1371,-0.015985064526269736,anaerobic
DQ799181.1.1391,-0.0028905450483079197,anaerobic
DQ804893.1.1383,0.021409534583453474,anaerobic
EU771666.1.1392,-0.002808660012091355,anaerobic
DQ799049.1.1389,0.005328092098921879,anaerobic
EU771949.1.1390,-0.025654093305772396,anaerobic
DQ801264.1.1373,-0.04856530379402552,anaerobic
DQ804334.1.1353,-0.009862899385416743,anaerobic
DQ799843.1.1390,0.007737927138047927,anaerobic
HQ759766.1.1439,-0.034625247323640716,anaerobic
DQ799214.1.1391,-0.01740460530823032,anaerobic
DQ801792.1.1390,-0.012294497050402269,anaerobic
EU771470.1.1396,-0.03838450696829415,anaerobic
DQ800365.1.1370,-0.025418342525213633,anaerobic
DQ805245.1.1392,-0.01334290049900533,anaerobic
DQ800061.1.1384,-0.003023006187424485,anaerobic
DQ800421.1.1361,0.02276879002464836,anaerobic
DQ809847.1.1392,-0.03273056516297579,anaerobic
DQ801738.1.1390,0.015354087777659139,anaerobic
DQ799595.1.1391,-0.008712943138810407,anaerobic
DQ801661.1.1394,-0.004522102511974888,anaerobic
EU764355.1.1334,-0.013627774634541472,anaerobic
DQ798997.1.1369,-0.013856224394618663,anaerobic
DQ799052.1.1393,-0.03271874825783561,anaerobic
DQ800276.1.1388,-0.0014306580831075577,anaerobic
DQ807323.1.1387,-0.019120007665466707,anaerobic
DQ798887.1.1372,-0.019913777782460063,anaerobic
DQ801415.1.1389,-0.00793624254097976,anaerobic
DQ809811.1.1391,-0.0017760956148259281,anaerobic
EU763583.1.1335,-0.04765429087946964,anaerobic
DQ807424.1.1391,-0.02491277730729409,anaerobic
EU763604.1.1337,-0.03152439126648446,anaerobic
DQ802217.1.1388,-0.010354801404763948,anaerobic
DQ798183.1.1371,0.023652496661288012,anaerobic
DQ801744.1.1389,-0.006895315976078345,anaerobic
DQ805124.1.1371,-0.009362069853482381,anaerobic
DQ801516.1.1392,-0.0280541702065923,anaerobic
DQ800401.1.1392,0.024358263189602446,anaerobic
DQ800234.1.1377,0.007372776634022809,anaerobic
DQ801131.1.1352,-0.013354084304776115,anaerobic
EU767650.1.1351,-0.0015971216953416451,anaerobic
DQ799734.1.1389,0.01049529360462116,anaerobic
DQ805901.1.1377,0.01179558816455577,anaerobic
DQ799499.1.1352,-0.00640713851122647,anaerobic
EU767166.1.1357,0.026392314074942837,anaerobic
DQ800564.1.1381,-0.054546400908940806,anaerobic
DQ801681.1.1390,0.0091957755426658,anaerobic
DQ805387.1.1389,-0.024608790780918554,anaerobic
DQ798405.1.1359,-0.02402828189655623,anaerobic
EU762381.1.1358,0.01222637062786001,anaerobic
DQ800018.1.1436,-0.05899301940094091,anaerobic
DQ800346.1.1389,0.004591868465599706,anaerobic
DQ800782.1.1428,-0.0276785303664615,anaerobic
DQ801873.1.1391,0.01715671577286413,anaerobic
HQ749405.1.1481,0.06325552349419714,anaerobic
DQ804524.1.1392,-0.01854815980753394,anaerobic
DQ802339.1.1389,0.00045601128635906014,anaerobic
EU762531.1.1361,0.01072913064304576,anaerobic
DQ799815.1.1389,0.01582766411461536,anaerobic
DQ800057.1.1394,-0.027818380738264165,anaerobic
DQ808242.1.1389,0.019370255368129474,anaerobic
DQ805856.1.1389,-0.014616125408095716,anaerobic
DQ802533.1.1391,-0.010451557078184282,anaerobic
DQ802455.1.1356,0.024387400026532505,anaerobic
DQ802068.1.1370,0.004708684269218238,anaerobic
DQ808321.1.1391,-0.012038597746741611,anaerobic
DQ801349.1.1384,-0.037538403080386,anaerobic
EU762816.1.1354,-0.024185299653039654,anaerobic
DQ800247.1.1387,-0.02850603436083195,anaerobic
DQ801110.1.1383,-0.023760976970527252,anaerobic
DQ803552.1.1388,-0.008058177875744012,anaerobic
DQ802668.1.1379,-0.03222770897113243,anaerobic
DQ804579.1.1389,0.00432521253295836,anaerobic
DQ800354.1.1366,-0.015204709778586236,anaerobic
DQ801404.1.1379,-0.0164416548195217,anaerobic
DQ801788.1.1389,0.04677184744683035,anaerobic
DQ802626.1.1382,0.0018925274590024918,anaerobic
DQ799025.1.1391,0.02460632601673278,anaerobic
DQ799773.1.1392,0.003238281936677167,anaerobic
DQ808600.1.1394,0.0019198313309870235,anaerobic
DQ801522.1.1389,0.003301625967532118,anaerobic
DQ801345.1.1391,-0.027379361626621454,anaerobic
HQ748587.1.1429,0.018360041121238478,anaerobic
DQ803197.1.1340,-0.04152515496473721,anaerobic
DQ799898.1.1390,-0.0025567859661060487,anaerobic
DQ810070.1.1393,-0.014814037393811855,anaerobic
DQ801670.1.1390,0.023234029173278593,anaerobic
DQ805157.1.1364,-0.006780507565455928,anaerobic
EU772874.1.1379,0.006640268403307312,anaerobic
DQ804952.1.1389,0.0009632770182591008,anaerobic
DQ800466.1.1362,0.016676536788348698,anaerobic
DQ803427.1.1357,0.037622169541928686,anaerobic
DQ803942.1.1390,-0.00863602549536754,anaerobic
DQ801843.1.1391,-0.006077340310641888,anaerobic
EU768637.1.1351,0.00407299015844306,anaerobic
DQ805190.1.1375,-0.0023482023739910774,anaerobic
DQ803874.1.1387,-0.007125767836387919,anaerobic
DQ801948.1.1389,-0.0006836564930561354,anaerobic
DQ809477.1.1389,-0.006048917355397852,anaerobic
DQ805224.1.1388,0.012396892654946803,anaerobic
DQ803929.1.1374,-0.060431506084521504,anaerobic
DQ802134.1.1390,0.003200897349874953,anaerobic
HQ760509.1.1431,-0.008328099865972821,anaerobic
DQ805202.1.1391,-0.0535255947303114,anaerobic
DQ809088.1.1373,0.027353963600320746,anaerobic
DQ800296.1.1372,0.002254748791410749,anaerobic
DQ800516.1.1363,0.037396691638720274,anaerobic
DQ804295.1.1391,0.015232645386675894,anaerobic
DQ801496.1.1389,0.004231299259331888,anaerobic
DQ802094.1.1380,-0.003678417002829397,anaerobic
EU772359.1.1382,0.03604279386351428,anaerobic
DQ804581.1.1390,0.006553512507064343,anaerobic
DQ804306.1.1390,0.018744896192124764,anaerobic
EU762024.1.1354,-0.017955002795195733,anaerobic
DQ809190.1.1398,-0.04688972694201887,anaerobic
DQ804129.1.1390,0.03541891915751517,anaerobic
EU765919.1.1353,-0.039558391313104194,anaerobic
EU761977.1.1354,-0.02240070738194978,anaerobic
DQ803843.1.1390,0.008091840739636199,anaerobic
EU764777.1.1354,-0.006882644360215604,anaerobic
HQ751097.1.1427,-0.023262599099319207,anaerobic
DQ800612.1.1369,-0.006841843034685147,anaerobic
EU774068.1.1354,-0.006000251096957439,anaerobic
DQ802781.1.1375,0.007999447795001563,anaerobic
DQ800811.1.1374,-0.004751673756507221,anaerobic
DQ802792.1.1390,-0.01436322821981384,anaerobic
DQ801413.1.1390,0.03335994475563333,anaerobic
DQ809383.1.1358,0.01970924956967257,anaerobic
HQ748444.1.1445,0.03887016298212939,anaerobic
DQ799943.1.1381,-0.040682883393141675,anaerobic
DQ804468.1.1398,-0.02585387891512475,anaerobic
DQ800723.1.1376,0.008228620862779442,anaerobic
DQ807602.1.1389,-0.00723177878344332,anaerobic
DQ804823.1.1392,0.0007129184883947468,anaerobic
DQ809914.1.1387,0.0008169857206902589,anaerobic
EU764848.1.1338,-0.017635726081254303,anaerobic
DQ800855.1.1428,-0.04055103714481701,anaerobic
DQ802183.1.1390,0.028126974424268317,anaerobic
DQ804246.1.1386,0.004832519544558749,anaerobic
EU762705.1.1383,-0.01661037673820586,anaerobic
DQ803863.1.1389,0.02621072264733217,anaerobic
EU762737.1.1351,-0.0072089715384095225,anaerobic
DQ802384.1.1390,0.015091755215580718,anaerobic
DQ803312.1.1370,0.03675270832565847,anaerobic
EU762110.1.1352,-0.027362575949305246,anaerobic
EU774182.1.1374,-0.00016653405884962803,anaerobic
DQ800999.1.1400,-0.06422198332965112,anaerobic
DQ804789.1.1388,-0.0018697141196513235,anaerobic
DQ802558.1.1392,0.016104092658106164,anaerobic
DQ804167.1.1389,0.019652171038083786,anaerobic
DQ806050.1.1392,-0.011692559463842575,anaerobic
EU762941.1.1355,-0.004019967745058761,anaerobic
EU774291.1.1379,-0.027149030766654664,anaerobic
EU762611.1.1382,-0.012403870483686918,anaerobic
EU774329.1.1381,-0.023076040850676667,anaerobic
DQ806064.1.1391,0.011644083518568842,anaerobic
EU774052.1.1370,-0.00036988277021071447,anaerobic
DQ803905.1.1393,0.0004932686422479826,anaerobic
EU774130.1.1390,-0.0031432763105275338,anaerobic
DQ802062.1.1394,0.03381555217780352,anaerobic
EU773506.1.1392,0.012303455697473343,anaerobic
DQ802648.1.1389,0.00760758844752608,anaerobic
DQ805758.1.1389,-0.013577583344630327,anaerobic
DQ805771.1.1372,0.03644990453332882,anaerobic
DQ801509.1.1373,0.01483834493105076,anaerobic
DQ815544.1.1428,0.02562075615456472,anaerobic
DQ805067.1.1391,-0.008501868491362299,anaerobic
EU762927.1.1339,-0.022120315642479835,anaerobic
DQ807742.1.1409,0.0008505845084740038,anaerobic
HQ763641.1.1439,0.03094060940233333,anaerobic
DQ805773.1.1385,-0.006084976245963386,anaerobic
DQ802092.1.1388,-0.02486802475106741,anaerobic
DQ808389.1.1390,0.0016447604466159184,anaerobic
DQ805853.1.1381,-0.021546940234582458,anaerobic
DQ803465.1.1359,0.05445681297764093,anaerobic
DQ805115.1.1393,0.0028448474991698467,anaerobic
DQ804232.1.1393,0.0006055251820449319,anaerobic
DQ804504.1.1389,0.03841094730873549,anaerobic
DQ804879.1.1392,0.015574982281744958,anaerobic
DQ806781.1.1375,-0.03241068969912117,anaerobic
DQ804522.1.1393,0.008784604593960563,anaerobic
DQ802278.1.1374,-0.017557323341399898,anaerobic
DQ805250.1.1355,-0.02571922972685073,anaerobic
EU773952.1.1367,0.027976508776304563,anaerobic
DQ805223.1.1378,-0.03595960724376708,anaerobic
DQ804242.1.1390,0.023694659431076494,anaerobic
DQ801786.1.1390,-0.005556679302179083,anaerobic
DQ803685.1.1392,0.030386847165606478,anaerobic
DQ803789.1.1387,-0.04121803023899912,anaerobic
EU763017.1.1357,-0.01660337908394323,anaerobic
DQ807068.1.1375,-0.0104055741236742,anaerobic
DQ802613.1.1390,-0.0267468691549793,anaerobic
DQ806930.1.1364,-0.032332799337160725,anaerobic
DQ805726.1.1392,-0.046229958417307745,anaerobic
EU768072.1.1354,-0.038648189906792196,anaerobic
DQ802799.1.1396,-0.0020607668451773963,anaerobic
DQ803842.1.1395,0.001564804636079105,anaerobic
DQ804949.1.1389,-0.011881972400090207,anaerobic
EU764516.1.1342,0.022296861614159412,anaerobic
DQ803760.1.1425,0.009463253978042116,anaerobic
DQ804002.1.1379,-0.013095045739472518,anaerobic
EU766228.1.1340,-0.01763252429194921,anaerobic
DQ805809.1.1384,-0.05730626143550346,anaerobic
DQ808602.1.1374,-0.004537627130262113,anaerobic
DQ804752.1.1383,-0.019151876562460715,anaerobic
EU774312.1.1367,0.026065439491510335,anaerobic
DQ804092.1.1390,0.04141939336127967,anaerobic
DQ807487.1.1373,-0.0003211892442399496,anaerobic
EU763056.1.1356,-0.002062277826353093,anaerobic
DQ804834.1.1384,-0.019636687349329933,anaerobic
EU765284.1.1347,-0.007049041027266403,anaerobic
DQ807174.1.1390,-0.01146246337676769,anaerobic
DQ807261.1.1394,0.006025404716104655,anaerobic
DQ805897.1.1389,-0.017329587907113565,anaerobic
HQ760680.1.1433,-0.006430761962779362,anaerobic
EU763002.1.1352,0.013121805369106655,anaerobic
DQ803357.1.1373,-0.006232351673640117,anaerobic
EU765029.1.1355,-0.009516134078058625,anaerobic
EU764190.1.1339,-0.008878400251112395,anaerobic
EU775667.1.1374,0.046026762666867525,anaerobic
EU775323.1.1370,-0.00837496761041884,anaerobic
EU778539.1.1385,-0.07626133901240287,anaerobic
EU763266.1.1355,-0.034241948567582954,anaerobic
EU762861.1.1355,-0.0361919110853729,anaerobic
DQ803681.1.1388,-0.0729974384594298,anaerobic
EU765012.1.1341,-0.02050423985122133,anaerobic
EU761698.1.1355,-0.010543703363727112,anaerobic
DQ801678.1.1363,-0.018868093253935327,anaerobic
DQ804910.1.1397,0.019558713606922202,anaerobic
EU763850.1.1333,-0.00810631075546783,anaerobic
EU765960.1.1360,-0.031182542019492176,anaerobic
EU768351.1.1361,0.01742868812203573,anaerobic
EU767269.1.1364,-0.0061719274860374,anaerobic
DQ823829.1.1388,-0.0014073509521236374,anaerobic
DQ804005.1.1389,0.01314620314975684,anaerobic
EU766143.1.1339,-0.015244020249019498,anaerobic
EU766012.1.1354,-0.014203171007631995,anaerobic
DQ808199.1.1391,0.0132738475761937,anaerobic
EU776909.1.1384,0.013869252828696386,anaerobic
DQ803891.1.1390,0.014866184395515616,anaerobic
DQ808021.1.1420,0.010231566206411684,anaerobic
EU763365.1.1358,-0.010234576692101262,anaerobic
EU766191.1.1342,-0.004839736044090043,anaerobic
EU764628.1.1356,-0.003936094252046097,anaerobic
EU764208.1.1348,-0.00454045565136905,anaerobic
DQ804030.1.1394,-0.016770760228581108,anaerobic
DQ809224.1.1392,0.0052237165246764704,anaerobic
DQ804967.1.1393,0.008716239231594152,anaerobic
DQ805269.1.1394,-0.013520768935499123,anaerobic
DQ805581.1.1367,0.019045724421619153,anaerobic
HQ754554.1.1381,0.017593695443959823,anaerobic
DQ807043.1.1391,0.011313567823807658,anaerobic
DQ824134.1.1392,-0.00451679352113993,anaerobic
DQ808315.1.1390,0.008012583928963327,anaerobic
EU764029.1.1357,-0.002874571286623767,anaerobic
EU765423.1.1359,0.008303468417091925,anaerobic
EU765955.1.1345,-0.0675761470176862,anaerobic
EU766348.1.1340,0.021187684788011068,anaerobic
DQ808233.1.1390,0.0148951929262759,anaerobic
DQ805062.1.1389,0.044905875475937475,anaerobic
EU767428.1.1330,0.029256729706588366,anaerobic
EU763249.1.1352,-0.010529438773922869,anaerobic
DQ805106.1.1370,0.02321764324331632,anaerobic
DQ807270.1.1369,0.0021586335187692273,anaerobic
DQ806573.1.1391,-0.005060093087161228,anaerobic
DQ809452.1.1389,0.009005890965487762,anaerobic
HQ758186.1.1437,0.05788995233642389,anaerobic
EU766580.1.1327,-0.01946931477182662,anaerobic
DQ803490.1.1377,0.027036888506908482,anaerobic
EU775341.1.1360,0.03293013534854006,anaerobic
DQ805422.1.1369,-0.01915027617127637,anaerobic
EU762257.1.1356,-0.03539468861178542,anaerobic
DQ805103.1.1354,0.009274015242620713,anaerobic
EU765868.1.1361,0.013278371485379994,anaerobic
DQ806797.1.1378,-0.022825048834698384,anaerobic
EU762911.1.1356,-0.056527326477581984,anaerobic
DQ802372.1.1390,0.030946425751926097,anaerobic
DQ808558.1.1369,0.00429277950881859,anaerobic
EU774346.1.1337,0.0056222139668720365,anaerobic
EU777529.1.1379,0.01192805714176926,anaerobic
EU764163.1.1360,-0.008401187039883032,anaerobic
EU762242.1.1349,0.01890848624471188,anaerobic
DQ810151.1.1392,0.008935810386784884,anaerobic
EU764670.1.1329,-0.008462083801300112,anaerobic
EU766185.1.1356,-0.02055174810112159,anaerobic
DQ807367.1.1388,-6.868979737704791e-05,anaerobic
DQ806737.1.1376,-0.01669819851258312,anaerobic
EU762271.1.1355,0.011834238523087456,anaerobic
EU771914.1.1357,-0.026067627267004585,anaerobic
DQ804153.1.1390,0.016143642512467162,anaerobic
DQ805753.1.1384,0.010046359788539686,anaerobic
DQ805288.1.1390,0.004433168916592436,anaerobic
EU774196.1.1387,-0.010128779059849548,anaerobic
DQ803881.1.1393,0.0017427861013236412,anaerobic
DQ804915.1.1394,-0.045425900884866775,anaerobic
EU762245.1.1354,-0.00853281252381852,anaerobic
DQ803886.1.1392,-0.023003028328269448,anaerobic
DQ807171.1.1388,-0.008206253361935938,anaerobic
DQ804930.1.1388,0.0005750591373338657,anaerobic
DQ805085.1.1393,-0.03415018282194494,anaerobic
DQ804960.1.1387,-0.03132247970280742,anaerobic
DQ804977.1.1388,0.005621653184867242,anaerobic
EU763050.1.1359,0.009710373547572614,anaerobic
DQ806965.1.1388,-0.013366783668721445,anaerobic
HQ756791.1.1416,0.07226627262733948,anaerobic
EU778592.1.1390,0.01195369988763792,anaerobic
EU762783.1.1342,-0.03448628262326205,anaerobic
DQ808891.1.1387,-0.014394021837679963,anaerobic
DQ804317.1.1390,0.024879279985318786,anaerobic
DQ807378.1.1393,0.008376248418969601,anaerobic
DQ809171.1.1393,-0.01487137769137191,anaerobic
DQ807460.1.1388,-0.025829348828986562,anaerobic
EU771594.1.1389,0.004528613012822719,anaerobic
DQ825093.1.1389,0.0005764953452671484,anaerobic
DQ805347.1.1394,0.020667033653254046,anaerobic
DQ807585.1.1392,0.019998001494401695,anaerobic
EU772329.1.1373,0.010830890062430406,anaerobic
EU763952.1.1335,-0.02489890092868998,anaerobic
EU778211.1.1382,0.01123120169051749,anaerobic
DQ803510.1.1401,0.0057745806219499,anaerobic
EU767540.1.1351,-0.0236417973727703,anaerobic
DQ805471.1.1391,-0.05103107347961735,anaerobic
HQ766843.1.1436,0.0744102593672152,anaerobic
DQ808072.1.1377,-0.004519404210933235,anaerobic
DQ809148.1.1387,-0.053365708871404065,anaerobic
EU765827.1.1360,-0.003167195853528502,anaerobic
EU767688.1.1351,-0.0038616981063129365,anaerobic
DQ804817.1.1382,-0.008520734294189833,anaerobic
DQ805401.1.1398,-0.007706194718483701,anaerobic
DQ807700.1.1387,0.015673387726325313,anaerobic
DQ808411.1.1392,-0.005031488147664778,anaerobic
DQ807421.1.1385,-0.01512763187216903,anaerobic
DQ806772.1.1391,-0.006638012027389102,anaerobic
EU771905.1.1394,0.023417284038400616,anaerobic
DQ806642.1.1390,-0.022444591711016572,anaerobic
DQ823952.1.1376,0.006806262015771285,anaerobic
EU767058.1.1390,-0.005526833051501332,anaerobic
DQ824166.1.1388,-0.007093853895280445,anaerobic
DQ809542.1.1390,0.007252919057377974,anaerobic
DQ804777.1.1389,0.0007251103938626473,anaerobic
DQ805774.1.1388,-0.0077763501249761705,anaerobic
DQ806641.1.1394,0.007922836601087665,anaerobic
EU775386.1.1371,-0.01220526102073696,anaerobic
EU767376.1.1347,-0.03262080086702672,anaerobic
DQ808236.1.1389,-0.010448452425480167,anaerobic
EU765988.1.1359,-0.018620356319886157,anaerobic
EU765926.1.1348,-0.02049073539626845,anaerobic
DQ807792.1.1388,0.03434263370003542,anaerobic
EU768043.1.1334,-0.026635591890545266,anaerobic
EU764421.1.1355,-0.008397192532375801,anaerobic
DQ808228.1.1389,-0.033181382249197394,anaerobic
HQ761111.1.1436,-0.032303164657741835,anaerobic
EU764833.1.1343,-0.026232338845973726,anaerobic
DQ824345.1.1384,-0.00800491436784174,anaerobic
DQ807567.1.1389,-0.017815918311728914,anaerobic
DQ808480.1.1376,-0.022146689010452192,anaerobic
DQ805650.1.1385,-0.016665979688002125,anaerobic
EU765795.1.1338,-0.01139677037568225,anaerobic
DQ808607.1.1398,-0.04804320248929948,anaerobic
EU764897.1.1361,0.0177708877436201,anaerobic
DQ804066.1.1392,-0.004495773289679682,anaerobic
DQ807370.1.1388,-0.005536052975716063,anaerobic
DQ805440.1.1391,-0.0040942855696445915,anaerobic
EU767971.1.1351,-0.03561267462621294,anaerobic
DQ807327.1.1386,-0.024497239800934344,anaerobic
HQ754428.1.1369,-0.002098649467851445,anaerobic
DQ806715.1.1390,-0.020791216249469724,anaerobic
DQ806506.1.1388,0.006250246439857792,anaerobic
EU764013.1.1349,-0.0006333042077322108,anaerobic
DQ807396.1.1377,-0.0038877141446931936,anaerobic
DQ807770.1.1395,0.002693927156226097,anaerobic
DQ806030.1.1388,-0.011216145456686432,anaerobic
DQ824398.1.1385,0.0035828745175077153,anaerobic
DQ806058.1.1387,-0.005492976081419985,anaerobic
DQ808581.1.1374,0.001247758087464113,anaerobic
DQ806658.1.1388,0.008310068707961605,anaerobic
DQ808223.1.1387,-0.006682895503059289,anaerobic
DQ807219.1.1385,-0.0020207650604366794,anaerobic
DQ824213.1.1393,0.012398317591038727,anaerobic
EU775368.1.1348,0.0310301823097939,anaerobic
DQ808263.1.1392,0.007279103625333233,anaerobic
DQ808703.1.1392,0.012265893599215866,anaerobic
DQ807186.1.1396,-0.010980370890984541,anaerobic
DQ808318.1.1353,-0.008362045402662487,anaerobic
DQ805670.1.1391,-0.017250094833819143,anaerobic
DQ807300.1.1383,-0.0020856945688446592,anaerobic
DQ808660.1.1386,-0.02974458177252076,anaerobic
DQ808788.1.1370,-0.00819884504379378,anaerobic
EU766058.1.1354,-0.011913568029775695,anaerobic
EU778848.1.1375,0.01058375410380374,anaerobic
DQ808696.1.1390,-0.012564092756577851,anaerobic
EU767850.1.1357,0.017991324836696954,anaerobic
DQ824023.1.1395,-0.03660728520288215,anaerobic
EU768074.1.1358,0.018277813539176586,anaerobic
EU768315.1.1350,0.012604189221497667,anaerobic
EU775506.1.1389,-0.002728912339121986,anaerobic
DQ805852.1.1394,-0.017721865079155474,anaerobic
DQ806238.1.1362,0.021291273433629448,anaerobic
DQ806700.1.1391,0.021879932379892584,anaerobic
DQ824816.1.1377,0.0002562349572733787,anaerobic
DQ807314.1.1383,0.01390700273029309,anaerobic
EU763343.1.1342,-0.017509425497782085,anaerobic
DQ808401.1.1389,0.00178915637972147,anaerobic
EU765978.1.1355,-0.02921791991548911,anaerobic
DQ807120.1.1376,0.006997465889057617,anaerobic
DQ808825.1.1421,-0.0033767614241945174,anaerobic
HQ758472.1.1481,0.04975570360915762,anaerobic
DQ824487.1.1368,-0.006744842102087215,anaerobic
DQ824176.1.1415,0.012573537211773516,anaerobic
DQ808271.1.1379,0.013986060465219424,anaerobic
DQ824503.1.1389,0.003602820009427874,anaerobic
DQ808121.1.1391,-0.0005217362329664872,anaerobic
DQ808695.1.1387,-0.04438664253025596,anaerobic
EU776391.1.1397,-0.011051405345010427,anaerobic
DQ809086.1.1379,0.00396189736520531,anaerobic
EU766238.1.1359,-0.015602831976131267,anaerobic
EU766729.1.1357,0.024767156454116826,anaerobic
DQ808441.1.1393,-0.02243230671463172,anaerobic
DQ809231.1.1381,-0.012791781387529793,anaerobic
HQ767407.1.1450,0.03243973146757544,anaerobic
DQ807621.1.1388,-0.010559466142543175,anaerobic
DQ806006.1.1388,0.015219164037023947,anaerobic
DQ807515.1.1393,0.003036075815552894,anaerobic
DQ807418.1.1395,0.0018970549236224346,anaerobic
DQ806710.1.1393,-0.007538770036810744,anaerobic
DQ807939.1.1419,0.0027728622391261933,anaerobic
DQ807178.1.1389,-0.0007539733309953915,anaerobic
DQ807354.1.1390,0.004745117047928765,anaerobic
DQ806210.1.1390,-0.02424346195391583,anaerobic
DQ806887.1.1396,-0.004295935153432919,anaerobic
DQ805279.1.1389,0.009533229595963467,anaerobic
EU773420.1.1389,-0.007283247311048809,anaerobic
DQ805311.1.1385,-0.013865358415700574,anaerobic
EU768516.1.1347,-0.012528448451538048,anaerobic
DQ808083.1.1392,-0.026224409174931577,anaerobic
DQ809733.1.1398,-0.003499799620057193,anaerobic
EU778522.1.1384,-0.008230842546466176,anaerobic
DQ809551.1.1391,-0.01782008214934436,anaerobic
DQ808611.1.1386,-0.013245155847357607,anaerobic
DQ808519.1.1354,0.004193985077610692,anaerobic
DQ806156.1.1393,-0.03368539668994883,anaerobic
DQ806366.1.1405,0.00313399564307812,anaerobic
DQ806891.1.1365,-0.008297881398022549,anaerobic
DQ809969.1.1390,0.01714810042204734,anaerobic
DQ825279.1.1401,-0.027385781806249218,anaerobic
DQ808176.1.1389,0.02576626466713493,anaerobic
DQ807107.1.1382,0.031595510518894754,anaerobic
EU767612.1.1355,0.006977135073105058,anaerobic
DQ807959.1.1392,-0.014209773669050267,anaerobic
EU776517.1.1350,0.025033784692940778,anaerobic
DQ808255.1.1393,-0.023354900631073833,anaerobic
DQ807461.1.1398,0.011983126586741473,anaerobic
DQ809435.1.1368,0.019936640871716756,anaerobic
DQ808334.1.1374,-0.00703905730581289,anaerobic
DQ808563.1.1384,-0.06510213075963393,anaerobic
EU765855.1.1359,0.006637797193954395,anaerobic
DQ808798.1.1392,-0.031937729253899975,anaerobic
EU767907.1.1358,-0.027470614446460106,anaerobic
DQ807852.1.1390,0.0013761129895033988,anaerobic
DQ824771.1.1392,0.01173839589500936,anaerobic
DQ809019.1.1396,0.010480300248712406,anaerobic
DQ810158.1.1393,-0.010297268933891424,anaerobic
EU777644.1.1387,-0.004758186432348329,anaerobic
DQ808216.1.1393,0.03688649711691344,anaerobic
EU766047.1.1358,-0.011602079620212292,anaerobic
EU768420.1.1336,0.016407711591707324,anaerobic
EU774362.1.1381,-0.043999267509568105,anaerobic
EU768430.1.1352,-0.02583335855378297,anaerobic
DQ807668.1.1393,-0.021917970494230592,anaerobic
EU766155.1.1353,0.000557526421832457,anaerobic
DQ807192.1.1349,0.001020206642454769,anaerobic
EU767434.1.1354,-0.008438548066133974,anaerobic
DQ808802.1.1389,-0.012054627306210446,anaerobic
DQ807925.1.1390,-0.013888337888703133,anaerobic
DQ810079.1.1380,-0.022508592306762856,anaerobic
DQ807306.1.1393,0.019516120223071583,anaerobic
EU767458.1.1339,-0.021450317727677914,anaerobic
EU766056.1.1363,-0.04509287377563856,anaerobic
DQ809859.1.1362,0.0015036576608773908,anaerobic
DQ808545.1.1376,0.006356611417680907,anaerobic
EU766105.1.1352,-0.0551720053015667,anaerobic
DQ807930.1.1386,0.009767667617604642,anaerobic
DQ808685.1.1375,0.005966669990769305,anaerobic
DQ808920.1.1390,-0.02052800222765193,anaerobic
EU768442.1.1375,-0.007100231710261805,anaerobic
DQ807955.1.1384,-0.01630475396743036,anaerobic
DQ807872.1.1367,0.026003912591630273,anaerobic
EU771494.1.1391,-0.020832746037537746,anaerobic
DQ809695.1.1369,0.0021458976274617,anaerobic
DQ807919.1.1390,-0.0026662973362320463,anaerobic
DQ808942.1.1388,-0.005788152694235596,anaerobic
DQ809784.1.1388,-0.02539035036819804,anaerobic
EU767439.1.1360,0.02258091041156932,anaerobic
DQ808080.1.1375,0.005363671104332604,anaerobic
DQ810044.1.1375,0.014400801847778706,anaerobic
DQ808393.1.1389,-0.007795154433171519,anaerobic
DQ808348.1.1391,0.008433968123477608,anaerobic
DQ808814.1.1389,-0.020277954762142086,anaerobic
DQ806234.1.1361,-0.009523666242397226,anaerobic
EU768108.1.1367,-0.07022973093645819,anaerobic
DQ808292.1.1356,-0.0058945936977952435,anaerobic
DQ808639.1.1388,0.0034708704343923737,anaerobic
DQ807183.1.1384,0.0033175884577690625,anaerobic
EU778625.1.1365,-0.015394965359577847,anaerobic
DQ808722.1.1378,-0.012077418634857468,anaerobic
DQ809012.1.1373,-0.0034262998529798324,anaerobic
DQ808345.1.1395,-0.015572890276773475,anaerobic
DQ808862.1.1392,-0.027704570922999053,anaerobic
HQ758328.1.1447,0.028779230050048687,anaerobic
DQ808568.1.1374,-0.020655021477847094,anaerobic
DQ806426.1.1356,0.0028219611744021776,anaerobic
DQ808426.1.1390,0.006876931921169618,anaerobic
DQ823786.1.1357,-0.021587562936476082,anaerobic
HQ760188.1.1428,0.00422001951523762,anaerobic
EU778729.1.1392,0.0037127259876244484,anaerobic
DQ808964.1.1389,-0.007145693613362994,anaerobic
DQ823913.1.1360,-0.014728099086967188,anaerobic
EU768410.1.1336,0.005981675733561231,anaerobic
DQ809111.1.1379,-0.020554635943096908,anaerobic
EU778074.1.1388,-0.0484647322238026,anaerobic
DQ809047.1.1385,-0.0282242305552344,anaerobic
DQ809456.1.1390,0.0029651124690989157,anaerobic
DQ807693.1.1395,-0.008905141831997405,anaerobic
EU778338.1.1387,-0.014199205128337406,anaerobic
EU771973.1.1368,0.023986818286616758,anaerobic
DQ809413.1.1374,0.011101012485701,anaerobic
DQ824130.1.1385,-0.010614213431083264,anaerobic
EU774323.1.1357,-0.010390473409016674,anaerobic
HQ775277.1.1439,0.07724934848395956,anaerobic
DQ808822.1.1388,0.019989361651698023,anaerobic
DQ807987.1.1396,-0.01800781983787121,anaerobic
HQ759384.1.1450,0.007856325756981503,anaerobic
EU774219.1.1378,0.018913347771917256,anaerobic
DQ809472.1.1389,-0.014639094548973554,anaerobic
DQ808806.1.1393,0.005066488170434515,anaerobic
DQ808816.1.1370,-0.008399066807291954,anaerobic
EU767867.1.1360,0.04652049148174267,anaerobic
EU768693.1.1352,-0.002736573078731774,anaerobic
DQ808243.1.1400,0.01030536780524039,anaerobic
DQ824437.1.1385,0.01830248587993801,anaerobic
DQ809118.1.1391,-0.009238443543262772,anaerobic
HQ759273.1.1443,-0.018055286297023656,anaerobic
HQ772850.1.1451,-0.019331350768545075,anaerobic
EU767778.1.1360,0.00731182336823615,anaerobic
DQ809804.1.1389,-0.012257757690779936,anaerobic
HQ762708.1.1446,0.04346194912411414,anaerobic
EU778916.1.1376,0.02460692257158244,anaerobic
DQ809208.1.1398,-0.029073170034350674,anaerobic
DQ809280.1.1392,-0.04058729818642076,anaerobic
EU768480.1.1353,-0.0363452256176995,anaerobic
DQ807647.1.1391,0.0162592804999922,anaerobic
HQ772511.1.1443,0.046568147772693615,anaerobic
EU794119.1.1454,-0.0039628313943861,anaerobic
EU779193.1.1371,-0.032094346143978686,anaerobic
DQ808945.1.1374,-0.03817174322781271,anaerobic
EU772719.1.1374,0.04333864109708211,anaerobic
DQ810174.1.1366,-0.011744399956206672,anaerobic
EU774685.1.1373,-0.02718747252475871,anaerobic
EU768242.1.1353,-0.024054102221007775,anaerobic
DQ809818.1.1390,0.0017151093346793698,anaerobic
EU768719.1.1355,-0.026963049708164603,anaerobic
EU776763.1.1393,0.01145416921446961,anaerobic
HQ759796.1.1448,0.021103901258352625,anaerobic
EU773218.1.1385,-0.017495128621549248,anaerobic
EU776923.1.1396,-0.006088362997841897,anaerobic
EU771654.1.1390,0.03764886030509701,anaerobic
EU767161.1.1329,0.04353550751469269,anaerobic
EU768402.1.1352,-0.004196575322405512,anaerobic
HQ761653.1.1454,0.03111254818195437,anaerobic
HQ761709.1.1450,0.030185833979278928,anaerobic
DQ808770.1.1394,-0.022936632772963365,anaerobic
DQ825086.1.1392,0.030950381805260684,anaerobic
HQ761439.1.1422,-0.039253754537321245,anaerobic
DQ815638.1.1413,0.003536687338458626,anaerobic
DQ810008.1.1391,-0.0003163445865901939,anaerobic
DQ808167.1.1377,0.013304694343707969,anaerobic
EU772231.1.1379,-0.008700858217906204,anaerobic
DQ825180.1.1396,0.014281325996467501,anaerobic
DQ809627.1.1380,0.0074619935869269845,anaerobic
DQ809599.1.1387,-0.00706992022440113,anaerobic
EU767442.1.1340,-0.011928891111078265,anaerobic
DQ808913.1.1397,0.005422837181445448,anaerobic
HQ768859.1.1377,-0.00765012017688452,anaerobic
DQ809668.1.1388,-0.04378804264663249,anaerobic
DQ809207.1.1393,-0.007729849003906694,anaerobic
EU772974.1.1390,0.037163823896443404,anaerobic
EU775142.1.1378,-0.006072334587638928,anaerobic
HM333224.1.1347,0.01655090602737992,anaerobic
HQ761717.1.1454,0.029011911251887106,anaerobic
DQ809868.1.1377,0.03560718394661753,anaerobic
HQ767798.1.1403,0.004729596076272538,anaerobic
HQ759705.1.1447,-0.05035443130178683,anaerobic
DQ824899.1.1385,-0.028884218037598126,anaerobic
EU772439.1.1399,-0.004967337465729029,anaerobic
HQ761451.1.1448,0.01816347707157246,anaerobic
DQ808654.1.1372,0.014593916453599623,anaerobic
EU767962.1.1350,-0.02874344945363063,anaerobic
EU774276.1.1390,0.006866612880783993,anaerobic
DQ825116.1.1392,-0.03260137582626502,anaerobic
EU772410.1.1384,0.0011331055576669614,anaerobic
DQ810137.1.1361,0.0033544674681471255,anaerobic
EU771954.1.1391,-0.03252590888491189,anaerobic
DQ809889.1.1387,-0.04765161952295769,anaerobic
EU774173.1.1372,0.007061688999022881,anaerobic
EU773475.1.1370,0.010038693136625804,anaerobic
EU772923.1.1378,-0.012800027415802835,anaerobic
HQ771673.1.1438,0.0011300571225914436,anaerobic
EU771847.1.1390,-0.01021145671488478,anaerobic
DQ823650.1.1363,-0.009140716771104855,anaerobic
DQ808936.1.1393,-0.024682622839828965,anaerobic
EU772059.1.1391,-0.009064865194949909,anaerobic
EU773483.1.1377,0.0008519793581007228,anaerobic
HQ780764.1.1419,-0.010775856304989452,anaerobic
EU774616.1.1388,0.008174558062661244,anaerobic
DQ809774.1.1389,-0.010153142988170534,anaerobic
EU771800.1.1389,-0.004737765979021364,anaerobic
DQ810025.1.1390,-0.02415801204927991,anaerobic
DQ809277.1.1405,-0.002888884494808085,anaerobic
EU775460.1.1390,-0.06727881740471764,anaerobic
EU771531.1.1365,0.015269842209372428,anaerobic
EU778240.1.1371,-0.00729228174565742,anaerobic
EU773443.1.1390,0.010056936150724694,anaerobic
GQ079293.1.1335,-0.07446692058209686,anaerobic
HQ763271.1.1439,-0.0050433331322615035,anaerobic
EU773484.1.1362,-0.0041254579684059794,anaerobic
DQ824141.1.1392,-0.014649854531703923,anaerobic
DQ905305.1.1457,-0.01337001844581244,anaerobic
HQ762597.1.1448,0.013991566254533567,anaerobic
HQ775388.1.1436,0.014189266874708785,anaerobic
DQ823771.1.1389,-0.045851654881728154,anaerobic
HQ763367.1.1416,-0.0006184289835250402,anaerobic
EU774981.1.1368,-0.022300954632131803,anaerobic
HQ778029.1.1454,0.0061753234779202,anaerobic
EU774803.1.1354,0.005877509791540569,anaerobic
EU772812.1.1371,-0.027383547660047265,anaerobic
HQ779104.1.1442,-0.036773989325642485,anaerobic
EU773177.1.1384,-0.04211942158158965,anaerobic
HQ776247.1.1377,0.00011162239683283498,anaerobic
EU775015.1.1345,-0.005820296770034093,anaerobic
EU775439.1.1379,-0.008438912985519948,anaerobic
DQ824477.1.1385,-0.034028648906699155,anaerobic
EU775099.1.1394,0.01650933250453979,anaerobic
EU773330.1.1399,0.06144030810668091,anaerobic
GQ082188.1.1361,0.003230501120382502,anaerobic
EU778898.1.1349,0.01613775326564343,anaerobic
HQ761573.1.1446,0.03817655157635642,anaerobic
HQ762383.1.1468,-0.02466278374278532,anaerobic
EU777366.1.1347,-0.02994318410019016,anaerobic
HQ761631.1.1412,0.004907891371822875,anaerobic
HQ763465.1.1417,0.019683408738046766,anaerobic
EU775688.1.1371,0.06219970125991728,anaerobic
EU774123.1.1361,0.011600945997154662,anaerobic
HQ770600.1.1434,0.032289474209064015,anaerobic
HQ765657.1.1419,0.0351187930289381,anaerobic
DQ810001.1.1388,-0.015678912446216553,anaerobic
EU774320.1.1378,0.020353711700708165,anaerobic
HQ762996.1.1442,0.008144153853418755,anaerobic
HQ762964.1.1436,0.00857939784498379,anaerobic
EU772528.1.1373,-0.008579999890310207,anaerobic
HQ762575.1.1432,0.018425040121893072,anaerobic
HQ778310.1.1449,0.012250629142489748,anaerobic
EU771811.1.1393,0.014939472056052542,anaerobic
EU774446.1.1386,0.030717476263478725,anaerobic
HQ766578.1.1445,-0.019703787605352418,anaerobic
HQ780860.1.1447,-0.01875216794957517,anaerobic
EU773903.1.1389,0.016684047063210118,anaerobic
HQ780956.1.1441,-0.06602226642760371,anaerobic
EU778182.1.1364,0.0009298226660413628,anaerobic
EU774933.1.1397,0.0014896208822130976,anaerobic
EU774644.1.1391,0.0020571486347921715,anaerobic
EU774103.1.1371,-0.007679358893703515,anaerobic
EU775456.1.1391,-0.011512107295842693,anaerobic
HQ763215.1.1442,-0.006754720568545716,anaerobic
EU778223.1.1390,-0.03956952368937885,anaerobic
EU775547.1.1388,-0.014763436092072856,anaerobic
EU774096.1.1364,0.012287083427783016,anaerobic
EU773500.1.1402,-0.0003648755146466161,anaerobic
HQ762822.1.1451,0.019565203451035875,anaerobic
HQ762494.1.1426,0.0019433139860991037,anaerobic
DQ823649.1.1357,-0.03654368474156821,anaerobic
EU776412.1.1391,-0.01446783891184469,anaerobic
EU774120.1.1373,0.03890213752603688,anaerobic
EU777041.1.1378,-0.03292084195945466,anaerobic
HQ762983.1.1446,0.014345738962557893,anaerobic
HQ761821.1.1454,-0.005928369464177139,anaerobic
EU774470.1.1372,0.05162955891486259,anaerobic
EU774380.1.1385,-0.05826178192883567,anaerobic
EU776898.1.1395,0.017476708462945023,anaerobic
EU779054.1.1366,-0.03424703160100588,anaerobic
EU776134.1.1388,0.018605706606686794,anaerobic
EU774186.1.1390,0.028108688162535634,anaerobic
HQ779793.1.1455,-0.02949668172010755,anaerobic
DQ824098.1.1357,-0.012012135081751972,anaerobic
DQ824140.1.1376,-0.012377642520577995,anaerobic
EU774628.1.1362,-0.0029907516172565634,anaerobic
EU774141.1.1367,0.0016726946095318395,anaerobic
EU775539.1.1386,0.0093489360981948,anaerobic
HQ780735.1.1445,-0.015434805710192205,anaerobic
DQ905133.1.1451,-0.012097885979469411,anaerobic
EU776924.1.1391,-0.0006700938723858999,anaerobic
EU774799.1.1384,-0.008107008212815903,anaerobic
EU778044.1.1385,0.004942147359941911,anaerobic
GQ082178.1.1385,0.04866143179931775,anaerobic
EU779320.1.1391,-0.059807369802651625,anaerobic
EU775251.1.1362,0.0018428211807902837,anaerobic
EU773345.1.1375,0.07198885975096671,anaerobic
HQ765945.1.1444,0.0002701031279325644,anaerobic
EU773405.1.1372,0.011916707934846567,anaerobic
EU774280.1.1366,0.0022258640673698204,anaerobic
EU776086.1.1349,-0.00013261460426439042,anaerobic
EU775698.1.1374,0.081725316810389,anaerobic
HQ782922.1.1436,-0.042329312780503094,anaerobic
DQ823839.1.1389,-0.011089884640012017,anaerobic
EU775070.1.1411,-0.017869157618539598,anaerobic
EU777628.1.1371,0.005185480842073306,anaerobic
HQ762568.1.1452,0.05553358052717342,anaerobic
EU776293.1.1376,-0.008521879089544286,anaerobic
EU776804.1.1366,0.0019079756364544797,anaerobic
HQ761820.1.1425,-0.008486924494984475,anaerobic
HQ779876.1.1453,0.015353638962667577,anaerobic
DQ824025.1.1388,-0.037698626974162076,anaerobic
EU775438.1.1388,0.008317162054882728,anaerobic
HQ765041.1.1447,-0.00665773606983277,anaerobic
DQ824847.1.1392,0.006399335536697837,anaerobic
DQ825187.1.1392,-0.0009147870957765095,anaerobic
HQ770267.1.1423,-0.02826868216800396,anaerobic
EU777507.1.1377,-0.0022426762575496473,anaerobic
EU775530.1.1384,-0.016244517628351416,anaerobic
EU775592.1.1397,0.09024633917726739,anaerobic
HQ777131.1.1426,-0.01955822734989767,anaerobic
HQ766960.1.1452,-0.009963127421558566,anaerobic
EU775476.1.1386,-0.004243224219549199,anaerobic
DQ823876.1.1391,0.017817270634372478,anaerobic
EU778354.1.1387,-0.057503336515801334,anaerobic
EU774295.1.1394,-0.05214983741386721,anaerobic
EU776871.1.1366,0.002434968874723868,anaerobic
DQ825322.1.1381,0.008957672918742877,anaerobic
EU775287.1.1368,0.020609576527717815,anaerobic
DQ823916.1.1370,-0.008171648355165028,anaerobic
EU776639.1.1388,0.018232587966002578,anaerobic
HQ784949.1.1447,-0.024710524338655993,anaerobic
EU778860.1.1374,0.015375222299868653,anaerobic
HQ769477.1.1424,-0.021691298123105163,anaerobic
DQ824063.1.1372,-0.017965292423268824,anaerobic
DQ824050.1.1392,-0.032460835304361654,anaerobic
EU778904.1.1389,0.039950810525711304,anaerobic
EU776096.1.1390,0.03323586984002418,anaerobic
HQ783409.1.1436,0.044231677272108326,anaerobic
DQ823734.1.1344,-0.012044235177657172,anaerobic
EU778941.1.1389,0.038319670932677616,anaerobic
HQ785020.1.1443,-0.010124797677297188,anaerobic
HQ783428.1.1454,0.026723063993122204,anaerobic
HQ785175.1.1445,-0.01363315220719804,anaerobic
HQ786325.1.1433,0.002364007194180775,anaerobic
EU777547.1.1382,-0.05006413448327454,anaerobic
EU778567.1.1398,0.01751750129975002,anaerobic
DQ904718.1.1469,-0.06252361988395524,anaerobic
HQ777873.1.1437,0.0013625997817987513,anaerobic
DQ825213.1.1366,-0.014785519441277881,anaerobic
EU777343.1.1362,0.007070687217133112,anaerobic
HQ767041.1.1444,0.04482646053089125,anaerobic
DQ823929.1.1364,0.0035770885431160174,anaerobic
HQ785970.1.1442,-0.0010867011592376307,anaerobic
DQ824461.1.1393,0.021966902494046085,anaerobic
EU778274.1.1392,-0.02456446085259557,anaerobic
HQ780641.1.1454,-0.01859003466849438,anaerobic
DQ823985.1.1395,0.0037447848712642818,anaerobic
EU777895.1.1394,0.0020049796250634286,anaerobic
EU776823.1.1343,-0.024703303279852186,anaerobic
HQ766966.1.1438,0.012680289070990104,anaerobic
HQ770034.1.1434,-0.0020473759635254536,anaerobic
EU777453.1.1389,0.020862268276004396,anaerobic
HQ779716.1.1438,0.021697019024431722,anaerobic
EU778517.1.1380,-0.011258203801202016,anaerobic
EU777478.1.1389,0.008141463497060977,anaerobic
DQ823733.1.1344,0.01772961935773381,anaerobic
DQ824085.1.1394,-0.01586272122221337,anaerobic
EU778138.1.1395,-0.022524718566756186,anaerobic
DQ825286.1.1377,-0.003668396343968846,anaerobic
EU777561.1.1390,0.0032772242828315685,anaerobic
DQ823743.1.1375,-0.0185943482531872,anaerobic
HQ774975.1.1433,-0.018739885464344814,anaerobic
EU777596.1.1411,-0.005556766216305218,anaerobic
HQ780721.1.1441,-0.05417372439949456,anaerobic
DQ825014.1.1392,-0.0010035192369376466,anaerobic
DQ823922.1.1379,-0.0027220616479671374,anaerobic
HQ767329.1.1447,0.047899575912105766,anaerobic
HQ766992.1.1435,0.00897920260170451,anaerobic
EU776833.1.1374,-0.0027857439234565064,anaerobic
EU778871.1.1375,0.043516425556418985,anaerobic
DQ823732.1.1395,-0.03887092064710773,anaerobic
EU778833.1.1395,0.0010900051476730934,anaerobic
DQ823775.1.1356,-0.018024706591000344,anaerobic
HQ784848.1.1452,0.006026562502330173,anaerobic
DQ823980.1.1393,-0.019269723836369063,anaerobic
EU777468.1.1373,-0.027613226658601827,anaerobic
DQ824370.1.1377,-0.02251669313434697,anaerobic
EU778856.1.1365,0.02590152946604546,anaerobic
HQ775161.1.1448,-0.0025244820347227774,anaerobic
HQ767419.1.1452,0.03837036049496107,anaerobic
DQ825052.1.1389,-0.00823654706221038,anaerobic
DQ825328.1.1377,-0.00930661979847773,anaerobic
DQ823903.1.1383,0.006578522554833219,anaerobic
DQ824888.1.1392,-0.0027620513778987034,anaerobic
HQ788870.1.1444,-0.014821611854493532,anaerobic
HQ776590.1.1456,0.04376575544531357,anaerobic
EU790986.1.1506,0.013621496049339231,anaerobic
EU776772.1.1373,-0.01828163871461779,anaerobic
DQ823724.1.1353,-0.012666067142757396,anaerobic
DQ825101.1.1392,-0.02463854648369742,anaerobic
HQ790848.1.1428,0.010603951904629774,anaerobic
DQ824280.1.1374,0.018336063018884206,anaerobic
DQ825293.1.1399,-0.014801780446007842,anaerobic
EU778973.1.1417,0.0539972959618922,anaerobic
DQ823878.1.1392,-0.013571877771824023,anaerobic
HQ775103.1.1448,-0.02237856454086238,anaerobic
EU777552.1.1387,-0.01493913902681886,anaerobic
EU779462.1.1379,0.029933448205282584,anaerobic
HQ788867.1.1428,-0.010385578057941025,anaerobic
DQ825205.1.1392,-0.00211958507920613,anaerobic
HQ770353.1.1428,-0.03942973369672832,anaerobic
HQ775765.1.1444,0.016092127871400443,anaerobic
EU779259.1.1349,0.002466768625586582,anaerobic
HQ785607.1.1492,0.002112550291453436,anaerobic
HQ770042.1.1425,-0.022430938312351816,anaerobic
DQ824121.1.1389,0.014681003940857754,anaerobic
HQ769937.1.1427,-0.06159815520384548,anaerobic
EU779175.1.1386,0.005821186034451999,anaerobic
HQ777493.1.1452,-0.013888967073340464,anaerobic
HQ780427.1.1427,0.008204135069167064,anaerobic
HQ770635.1.1435,-0.0012434419104389084,anaerobic
HQ775105.1.1456,0.04049698583218019,anaerobic
HQ769520.1.1455,-0.01728669668707894,anaerobic
HQ772504.1.1405,0.01570442013882001,anaerobic
DQ904870.1.1459,-0.01156414247106885,anaerobic
HQ775084.1.1453,-0.01568078456358086,anaerobic
DQ825048.1.1394,0.0025804506974229867,anaerobic
HQ769225.1.1439,-0.007884197359144068,anaerobic
DQ824492.1.1382,0.002738947548519469,anaerobic
HQ783062.1.1441,-0.03242897268081085,anaerobic
HQ792874.1.1470,-0.01654256402543387,anaerobic
HQ769423.1.1324,-0.007900821924233279,anaerobic
HQ792833.1.1440,-0.0682280608107943,anaerobic
HQ775107.1.1452,0.007946632529171016,anaerobic
HQ778643.1.1430,0.018765978877568666,anaerobic
HQ782708.1.1467,0.016259590138143393,anaerobic
HQ780902.1.1449,0.037730490002401425,anaerobic
DQ905202.1.1455,0.0219717310340442,anaerobic
DQ905294.1.1468,-0.013300106450792817,anaerobic
HQ780903.1.1446,-0.05390523049552483,anaerobic
HQ784893.1.1457,-0.015486814975825046,anaerobic
HQ777443.1.1457,-0.0007507918678738033,anaerobic
HQ781391.1.1449,-0.006349642001855501,anaerobic
HQ774914.1.1431,-0.013339065172569992,anaerobic
HQ791073.1.1427,-0.01683112577371381,anaerobic
HQ793613.1.1434,-0.00033501329345207324,anaerobic
HQ793586.1.1449,0.022140596443259726,anaerobic
HQ778902.1.1445,0.006284599356260388,anaerobic
DQ904781.1.1451,0.03068789292758401,anaerobic
HQ774888.1.1459,-0.030142123620327373,anaerobic
HQ778903.1.1452,-0.029793989521836282,anaerobic
HQ774924.1.1442,0.03606399048372782,anaerobic
DQ905596.1.1463,0.019117939625583277,anaerobic
HQ769729.1.1468,-0.01924721915532563,anaerobic
HQ793819.1.1437,-0.027732222606949124,anaerobic
EF025290.1.1453,0.004027980288560356,anaerobic
HQ775010.1.1439,-0.004860997081950578,anaerobic
HQ797245.1.1461,-0.01738999340533574,anaerobic
HQ793611.1.1444,-0.041409539524597846,anaerobic
HQ775268.1.1445,0.009911548006761367,anaerobic
HQ791911.1.1411,-0.006025813605151721,anaerobic
HQ771763.1.1439,0.05297830522485341,anaerobic
HQ787893.1.1439,0.018835019631017302,anaerobic
HQ779001.1.1489,-0.0007983894589317718,anaerobic
HQ775480.1.1454,-0.042882356152687706,anaerobic
HQ778039.1.1464,0.012587144545542266,anaerobic
HQ775630.1.1451,0.018639628987646133,anaerobic
HQ780661.1.1432,-0.04943390086595492,anaerobic
HQ780700.1.1442,-0.06257032287977486,anaerobic
HQ779835.1.1446,-0.003821391293638537,anaerobic
HQ796273.1.1451,-0.038347178322695796,anaerobic
HQ780614.1.1484,-0.033995702648602896,anaerobic
HQ781142.1.1439,-0.0022434420687878365,anaerobic
HQ777139.1.1457,-0.022026740976751436,anaerobic
HQ797328.1.1462,0.011430503967697899,anaerobic
DQ905064.1.1432,-0.033581067904181805,anaerobic
HQ779108.1.1442,-0.0070936384280749715,anaerobic
DQ904783.1.1429,-0.028053308883202784,anaerobic
HQ778942.1.1454,0.019328040222970393,anaerobic
HQ783613.1.1444,-0.05669168486783002,anaerobic
HQ782981.1.1431,-0.021822535682619874,anaerobic
HQ782509.1.1427,0.0251155173292771,anaerobic
HQ783065.1.1441,-0.05091260973933631,anaerobic
HQ801153.1.1449,0.001044045101570711,anaerobic
HQ782256.1.1449,-0.0030459544325855056,anaerobic
HQ779440.1.1452,-0.01142441929337946,anaerobic
HQ780971.1.1455,-0.049284873114419675,anaerobic
HQ793252.1.1444,-0.008426949361584841,anaerobic
HQ781407.1.1446,-0.025048809953266336,anaerobic
HQ801940.1.1439,-0.018158511197682192,anaerobic
HQ783170.1.1452,0.010624217518088251,anaerobic
HQ783571.1.1431,-0.01872013044053307,anaerobic
HQ795145.1.1450,0.037773167054603866,anaerobic
HQ775614.1.1428,-0.023058220908619694,anaerobic
HQ778056.1.1461,0.04657975199646577,anaerobic
HQ780980.1.1449,-0.011469308910113989,anaerobic
DQ905194.1.1477,-0.004180155019060603,anaerobic
HQ782208.1.1442,-0.018856053583006988,anaerobic
HQ803886.1.1406,0.0010150186458985485,anaerobic
HQ780631.1.1447,-0.04013323215503759,anaerobic
DQ905185.1.1458,-0.008326926914502975,anaerobic
HQ785684.1.1442,0.0007379023706841251,anaerobic
HQ780963.1.1453,-0.06586296398646242,anaerobic
HQ783085.1.1420,-0.008425782728440143,anaerobic
HQ779937.1.1494,-0.022581662128368412,anaerobic
HQ788879.1.1429,-0.04126824543111592,anaerobic
HQ781014.1.1454,-0.037295907978449123,anaerobic
HQ785931.1.1453,-0.021388739010659925,anaerobic
HQ781771.1.1496,-0.040496586273188126,anaerobic
HQ778371.1.1457,0.007657164240951952,anaerobic
DQ905035.1.1446,-0.02335654700528607,anaerobic
HQ784962.1.1446,-0.00814101793283788,anaerobic
HQ784830.1.1447,-0.015379918112227858,anaerobic
HQ785307.1.1455,0.028788800802549783,anaerobic
HQ785602.1.1437,-0.01176126260232871,anaerobic
HQ785763.1.1440,-0.03715066573544821,anaerobic
HQ781319.1.1459,-0.006383289175977756,anaerobic
HQ781423.1.1457,0.0021556219634186816,anaerobic
DQ905473.1.1481,0.022475327818560854,anaerobic
HQ786471.1.1450,-0.007488515962159591,anaerobic
HQ782714.1.1432,0.02212229512665963,anaerobic
HQ786303.1.1446,-0.010119720970242219,anaerobic
HQ777198.1.1451,-0.006917926173705708,anaerobic
HQ785658.1.1442,-0.026657583881756135,anaerobic
HQ783809.1.1413,0.0016409718241166035,anaerobic
HQ792823.1.1442,-0.024360095831063668,anaerobic
HQ782268.1.1451,-0.034670452921483456,anaerobic
HQ782244.1.1418,-0.0027199393848628965,anaerobic
HQ783986.1.1437,0.0004727739071838395,anaerobic
HQ787985.1.1445,-0.011276464071779572,anaerobic
EF025253.1.1453,-0.0035712387727214493,anaerobic
HQ785014.1.1444,-0.010810178048711592,anaerobic
DQ905437.1.1471,0.025063092486700776,anaerobic
HQ788779.1.1437,0.01832947625320011,anaerobic
HQ785321.1.1445,-0.006301251992689244,anaerobic
HQ785380.1.1447,-0.015728804048046604,anaerobic
HQ789628.1.1386,-0.01803479141059391,anaerobic
HQ807997.1.1454,-0.02893976162479181,anaerobic
HQ785882.1.1446,-0.015032937781718875,anaerobic
HQ785600.1.1436,0.011793768481053277,anaerobic
HQ788656.1.1411,-0.007434846722088271,anaerobic
HQ780555.1.1452,0.0018601090275887243,anaerobic
HQ787293.1.1424,-0.00846186585541435,anaerobic
HQ789223.1.1434,0.029583175940104903,anaerobic
HQ807895.1.1446,0.017050254805171153,anaerobic
HQ785546.1.1460,-0.018631609936382132,anaerobic
HQ787308.1.1451,-0.005222356709263649,anaerobic
HQ810987.1.1440,-5.412415586590593e-05,anaerobic
HQ788178.1.1439,0.019382515213088973,anaerobic
HQ783648.1.1448,-0.02085636985321134,anaerobic
HQ788586.1.1438,-0.0033406465302674286,anaerobic
HQ789462.1.1441,-0.031944653136876625,anaerobic
HQ791087.1.1446,0.025000480309699907,anaerobic
HQ790842.1.1439,0.0016386005094277036,anaerobic
HQ791080.1.1450,0.017549042506831935,anaerobic
HQ789484.1.1420,-0.007656904320739875,anaerobic
HQ791151.1.1453,-0.01838105431897939,anaerobic
HQ793717.1.1445,-0.0007669476914101604,anaerobic
HQ785591.1.1434,0.011863100018048226,anaerobic
EF097056.1.1397,0.019233678481973788,anaerobic
HQ793627.1.1442,-0.0009486139479340433,anaerobic
HQ789440.1.1436,-0.026260165022904423,anaerobic
EF098247.1.1426,0.02885599055237529,anaerobic
HQ809006.1.1410,0.08423182476842525,anaerobic
HQ785648.1.1447,0.006989600258747112,anaerobic
HQ789879.1.1416,0.009977253986798603,anaerobic
HQ789694.1.1431,0.0009880140317511986,anaerobic
HQ783927.1.1433,0.002231238052250674,anaerobic
HQ790138.1.1422,0.003839907869632735,anaerobic
HQ797354.1.1422,0.0041462619610372585,anaerobic
HQ792186.1.1441,0.016089343254117074,anaerobic
HQ792748.1.1418,-0.00011054260826313576,anaerobic
HQ790773.1.1438,-0.01617476826115594,anaerobic
HQ790332.1.1420,0.013839352618847152,anaerobic
EF098973.1.1393,0.024628994074973168,anaerobic
HQ785577.1.1448,-0.03114121460461909,anaerobic
HQ785164.1.1445,0.008206261000467853,anaerobic
EF096838.1.1392,0.01620960262250351,anaerobic
HQ794581.1.1435,0.007313303754105556,anaerobic
EF097877.1.1408,0.00782611762522775,anaerobic
HQ796357.1.1440,0.010125559304601553,anaerobic
EF098548.1.1393,0.019087641901617616,anaerobic
HQ789383.1.1443,0.042043387560886436,anaerobic
HQ812411.1.1431,-0.05060593945325126,anaerobic
EF099523.1.1391,-0.013686708386252336,anaerobic
HQ792283.1.1450,-0.009108328595704445,anaerobic
HQ789511.1.1439,-0.01864903868866313,anaerobic
HQ795417.1.1442,0.008218407138930205,anaerobic
HQ792938.1.1456,-0.011922437989527227,anaerobic
HQ792890.1.1429,-0.017866871154653286,anaerobic
HQ792908.1.1451,0.033071714287473186,anaerobic
HQ796644.1.1453,-0.003965199536705481,anaerobic
HQ789378.1.1466,-0.007751451089497051,anaerobic
HQ813551.1.1440,-0.013588049855658403,anaerobic
HQ793694.1.1417,-0.0008375738578200116,anaerobic
HQ792894.1.1459,-0.0025849017050399332,anaerobic
HQ792783.1.1429,-0.017658253337843967,anaerobic
HQ792721.1.1431,-0.01911161468310585,anaerobic
EF025214.1.1451,-0.015219772326928213,anaerobic
HQ792101.1.1451,-0.057006152425315794,anaerobic
HQ815054.1.1440,0.00358835171585786,anaerobic
EF097483.1.1375,0.007993643783852186,anaerobic
HQ792303.1.1452,-0.012267730995598351,anaerobic
EF025248.1.1456,-0.014005012337126576,anaerobic
HQ794077.1.1446,0.002207180082189748,anaerobic
HQ793593.1.1435,0.009492782876339272,anaerobic
HQ809259.1.1465,0.006064557374847953,anaerobic
HQ794913.1.1331,0.013031899507509416,anaerobic
HQ795203.1.1453,-0.045433971302736284,anaerobic
HQ813841.1.1433,-0.057148728555612344,anaerobic
EF025286.1.1454,0.023508053095006302,anaerobic
HQ792619.1.1442,-0.0120809434271534,anaerobic
HQ802551.1.1420,0.03241760373888312,anaerobic
HQ792622.1.1471,-0.015832344154036178,anaerobic
HQ797188.1.1427,0.012599482347890649,anaerobic
HQ795355.1.1429,0.01495866185866755,anaerobic
HQ802823.1.1437,0.033878062018145395,anaerobic
HQ798697.1.1448,-0.003703795010410243,anaerobic
HQ795241.1.1454,0.008482196985146061,anaerobic
HQ818004.1.1430,-0.0015595812823853072,anaerobic
EF100005.1.1387,0.023061643803800037,anaerobic
EF025230.1.1453,-0.05973503756308921,anaerobic
EF025267.1.1453,0.006349936990874033,anaerobic
HQ796965.1.1439,-1.8218136674784823e-05,anaerobic
EF025281.1.1453,-0.05641968201145841,anaerobic
HQ797232.1.1440,0.038405166642830946,anaerobic
HQ797182.1.1447,-0.01607495968380439,anaerobic
HQ795221.1.1450,0.014651636439760847,anaerobic
EF071155.1.1491,0.030837676540002065,anaerobic
HQ798646.1.1447,0.03983439364170728,anaerobic
HQ795374.1.1397,-0.013854300888309554,anaerobic
EF025273.1.1453,-0.010606596478726965,anaerobic
HQ799573.1.1395,0.03184302692744313,anaerobic
HQ797049.1.1440,-0.004067048492886811,anaerobic
HQ800670.1.1436,0.011814788504199135,anaerobic
HQ805733.1.1441,-0.010211562676578478,anaerobic
HQ798989.1.1439,0.07939642613926136,anaerobic
HQ802530.1.1345,-0.003814518874553122,anaerobic
EF071174.1.1494,-0.04323833245214261,anaerobic
HQ800828.1.1442,0.014655430565216237,anaerobic
EF096189.1.1366,0.03235121257064669,anaerobic
HQ802615.1.1429,0.04994567418136603,anaerobic
GQ133965.1.1375,-0.007129162712849066,anaerobic
HQ800809.1.1433,0.026730384003871906,anaerobic
HQ802776.1.1445,0.04956244488867316,anaerobic
HQ815996.1.1437,0.010922790806122615,anaerobic
EF098724.1.1356,0.03503240387449217,anaerobic
EF096176.1.1376,0.033784246506809744,anaerobic
EF098534.1.1363,0.02872782713515167,anaerobic
HQ805849.1.1445,0.015232751173374049,anaerobic
GQ133907.1.1390,-0.005335050934373683,anaerobic
HQ819316.1.1450,-0.014046402785323124,anaerobic
HQ808001.1.1450,0.026655124503286286,anaerobic
HQ807012.1.1436,0.0011797080563717539,anaerobic
EU828409.1.1423,0.03573281827854793,anaerobic
HQ807825.1.1432,0.0026936707569959646,anaerobic
EF098595.1.1393,0.01602782759960857,anaerobic
HQ807991.1.1440,0.03394024154611576,anaerobic
HQ807948.1.1446,-0.0091974327396154,anaerobic
EF097998.1.1389,0.002018785874324686,anaerobic
HQ810975.1.1441,0.040132789717583994,anaerobic
HQ812128.1.1444,-0.024790630018407755,anaerobic
HQ808105.1.1450,0.008698457361319,anaerobic
HQ819977.1.1443,0.03879554497066648,anaerobic
EF097627.1.1361,0.029572555842007308,anaerobic
EF097941.1.1386,-0.0035225608565404728,anaerobic
HQ812904.1.1417,-0.0032462890952938716,anaerobic
EF098760.1.1397,0.005236685314367272,anaerobic
HQ808347.1.1440,0.009666737749923658,anaerobic
HQ814395.1.1535,-0.006814582670600618,anaerobic
EF098038.1.1349,0.035106519385802545,anaerobic
HQ810790.1.1450,-0.003924090436892254,anaerobic
HQ815119.1.1448,-0.015349055607063934,anaerobic
EF099902.1.1386,0.018277766206092835,anaerobic
EF096751.1.1391,0.01356970213082835,anaerobic
HQ815362.1.1433,0.022785863929969556,anaerobic
HQ810704.1.1450,-0.03371589430666091,anaerobic
JF048255.1.1354,0.05461968324322006,anaerobic
HQ815336.1.1433,0.019896259656495604,anaerobic
HQ813935.1.1437,0.005338866490992683,anaerobic
HQ815889.1.1463,-0.006556934467403053,anaerobic
HQ814909.1.1491,0.02512130978500247,anaerobic
EU931440.1.1396,0.05827894385075616,anaerobic
HQ817639.1.1455,0.037165840774258635,anaerobic
HQ816419.1.1422,0.010820136197526156,anaerobic
HQ821088.1.1433,0.019341272715127,anaerobic
GQ133703.1.1364,0.0015469230755777597,anaerobic
EU878313.1.1507,0.03487322302472748,anaerobic
HQ814218.1.1416,-0.016984204996556035,anaerobic
HQ821359.1.1443,-0.01286484797145904,anaerobic
HQ819073.1.1451,0.035387722690249014,anaerobic
GQ138644.1.1374,-0.016247846262531382,anaerobic
JF030154.1.1334,-0.009645938335251422,anaerobic
HQ816693.1.1462,0.012367737022606611,anaerobic
HQ817638.1.1449,0.02539541822399195,anaerobic
GQ135225.1.1325,0.018235097770343645,anaerobic
HM445947.1.1481,-0.017993693386306117,anaerobic
GQ133895.1.1341,0.015845451775618653,anaerobic
GQ134113.1.1370,0.08077505906644604,anaerobic
GQ134607.1.1360,0.0030621363653954487,anaerobic
HM468011.1.1426,0.012268382457462928,anaerobic
GQ159307.1.1468,-0.029468763773074075,anaerobic
GQ134425.1.1392,0.010855662251889641,anaerobic
GQ175402.1.1433,-0.03555095753820673,anaerobic
GQ135251.1.1368,0.012825363922356364,anaerobic
JF030218.1.1334,-0.0029335555424865375,anaerobic
GQ175375.1.1452,-0.038321217608902114,anaerobic
GQ138429.1.1362,-0.0007815493404862406,anaerobic
GQ175462.1.1458,0.0027219724635113647,anaerobic
JF124473.1.1355,-0.045903557169493805,anaerobic
JF105630.1.1385,0.055629803049871404,anaerobic
JF106005.1.1329,0.08391871872253238,anaerobic
GQ157369.1.1484,0.010670989005483418,anaerobic
JF096707.1.1375,0.058142508288924075,anaerobic
GQ159578.1.1479,-0.006229434704821984,anaerobic
GQ175456.1.1437,-0.0410626482793202,anaerobic
GQ157859.1.1440,0.032759084912381144,anaerobic
JF096771.1.1331,0.04976536515465525,anaerobic
GQ159159.1.1475,0.016449634264865,anaerobic
GQ157354.1.1484,-0.017395791888986538,anaerobic
GQ159184.1.1472,-0.05657580591737051,anaerobic
GQ158654.1.1454,0.016064583083473086,anaerobic
JF128502.1.1359,0.05941706130066044,anaerobic
GQ175482.1.1455,0.0016583433101770447,anaerobic
GQ175407.1.1454,-0.015645399638389807,anaerobic
GQ175496.1.1455,0.005031253926806604,anaerobic
GQ157641.1.1390,0.05007313681835445,anaerobic
GQ175448.1.1452,-0.04034438320378881,anaerobic
GQ159172.1.1474,0.029197228929304646,anaerobic
JF128995.1.1359,0.02095717342631257,anaerobic
GQ175485.1.1455,-0.05543603888312763,anaerobic
GQ159191.1.1491,-0.016825027149216132,anaerobic
JF112015.1.1394,-0.008686042077356577,anaerobic
GQ175436.1.1437,-0.03954065055088865,anaerobic
GQ175477.1.1436,0.031948191193201386,anaerobic
GQ159244.1.1474,0.01664685573235982,anaerobic
JF131285.1.1359,0.08317775037393539,anaerobic
GQ175418.1.1432,-0.05142834003698565,anaerobic
JF110841.1.1382,0.055351707625744054,anaerobic
GQ159281.1.1461,-0.04052691044077046,anaerobic
JF124766.1.1334,-0.006991430276258114,anaerobic
JF131672.1.1361,0.05496866796044982,anaerobic
JF110835.1.1384,0.04650444853821496,anaerobic
GQ157279.1.1480,-0.02140225424963595,anaerobic
JF138496.1.1360,0.07394649546535718,anaerobic
JF129679.1.1354,0.049845774174433026,anaerobic
JF131759.1.1337,0.05655224732941715,anaerobic
JF135534.1.1359,0.061908078296817715,anaerobic
JF153523.1.1347,0.027512500740230122,anaerobic
JF146416.1.1327,0.07834288569654774,anaerobic
JF156670.1.1384,0.04026808034896401,anaerobic
JF135466.1.1371,0.06164745550745916,anaerobic
JF140888.1.1356,0.08600825011662926,anaerobic
JF155181.1.1335,0.08010112897190508,anaerobic
GQ358454.1.1364,-0.0015634001424017138,anaerobic
GQ358435.1.1358,-0.027521301538469357,anaerobic
JF146374.1.1356,0.08482802922143855,anaerobic
JF148501.1.1373,0.01716216713304699,anaerobic
JF176996.1.1360,0.030004414487679838,anaerobic
JF146160.1.1334,0.0804692296132263,anaerobic
JF152180.1.1335,0.003129900501451742,anaerobic
JF151653.1.1370,0.06279995393538142,anaerobic
GQ448748.1.1375,-0.00819526610149662,anaerobic
GQ358460.1.1355,-0.003620210328323452,anaerobic
GQ358475.1.1354,-0.027850020229771653,anaerobic
JF159724.1.1335,0.008764973647124821,anaerobic
GQ448195.1.1391,-0.01581325947385719,anaerobic
GQ448210.1.1371,-0.02054856539488963,anaerobic
GQ448529.1.1379,0.007554313857619243,anaerobic
JF163596.1.1351,-0.00986373730710991,anaerobic
JF147782.1.1370,0.04827498152915096,anaerobic
GQ458236.1.1465,0.0497603818816873,anaerobic
JF177757.1.1351,-0.02029731752820446,anaerobic
JF161763.1.1353,-0.0379585747323881,anaerobic
JF161960.1.1357,-0.0025707802748141653,anaerobic
JF161086.1.1352,-0.01390663914980001,anaerobic
GQ448331.1.1393,0.001390330876175081,anaerobic
JF160083.1.1354,0.07635170085014643,anaerobic
GQ491998.1.1359,0.040297207577196,anaerobic
GQ448044.1.1390,-0.01706666821326643,anaerobic
JF160056.1.1354,0.011978052280135631,anaerobic
GQ448585.1.1400,0.004261791032986042,anaerobic
GQ448532.1.1380,0.014972726991919245,anaerobic
GQ358496.1.1365,0.006310998198988118,anaerobic
GQ491359.1.1350,0.04898122277294777,anaerobic
GQ358491.1.1401,-0.001232578068437889,anaerobic
GQ491176.1.1359,-0.029631177252269165,anaerobic
GQ491881.1.1349,0.001964148947759123,anaerobic
JF161731.1.1357,0.06255086623821873,anaerobic
GQ448348.1.1394,0.026529764448982758,anaerobic
JF161693.1.1351,0.06138769840660603,anaerobic
JF161459.1.1351,-0.02309674038436504,anaerobic
JF161683.1.1388,0.07225516581238921,anaerobic
JF160900.1.1352,-0.02264203739244403,anaerobic
JF186440.1.1371,0.07143100957349603,anaerobic
GQ493415.1.1378,-0.008883922285102007,anaerobic
GQ492236.1.1351,-0.010371521537814182,anaerobic
JF172118.1.1354,-0.059092895182561056,anaerobic
GQ492903.1.1359,-0.04937874744431303,anaerobic
GQ491152.1.1345,0.020641617296229837,anaerobic
GQ448451.1.1399,0.007237230998169721,anaerobic
GQ448726.1.1396,-0.01780710418025861,anaerobic
GQ448506.1.1374,0.05066971913551595,anaerobic
GQ448286.1.1395,0.008210112960025417,anaerobic
GQ448052.1.1379,0.007278742074395835,anaerobic
GQ448784.1.1400,-0.0029530320742329175,anaerobic
GQ448384.1.1396,0.0038201960094177987,anaerobic
GQ448681.1.1394,-0.006610438631699335,anaerobic
JF176662.1.1382,0.04592923317497761,anaerobic
GQ448944.1.1354,0.06122589427486112,anaerobic
JF197159.1.1360,0.08052808826652212,anaerobic
GQ491225.1.1375,0.014509248545996029,anaerobic
GQ448538.1.1391,-0.05619600097173434,anaerobic
JF173953.1.1367,0.01512867885529429,anaerobic
GQ448769.1.1369,-0.03700369027653448,anaerobic
GQ448067.1.1392,0.006635823885346827,anaerobic
GQ448308.1.1393,0.01789939675298826,anaerobic
GQ448359.1.1396,0.005992303327183991,anaerobic
GQ448108.1.1391,0.01617816802779625,anaerobic
JF168303.1.1318,0.052105257659584535,anaerobic
GQ448595.1.1387,-0.0009589081171177739,anaerobic
JF197416.1.1347,0.06824369330225719,anaerobic
GQ448037.1.1392,0.014617473994106902,anaerobic
GQ448183.1.1384,-0.043500516499164386,anaerobic
GQ448280.1.1381,-0.005116472990430994,anaerobic
GQ448550.1.1368,0.003941455229816053,anaerobic
GQ448764.1.1390,-0.011138739533631297,anaerobic
JF183959.1.1367,-0.006322160477229348,anaerobic
JF177362.1.1349,0.009832798370790367,anaerobic
JF171722.1.1334,-0.011838227347148518,anaerobic
GQ448085.1.1398,0.00649892313436521,anaerobic
GQ491536.1.1353,0.003404774402551225,anaerobic
JF177487.1.1349,-0.002570361614427303,anaerobic
GQ491615.1.1357,-0.05193317637510082,anaerobic
GQ491580.1.1360,0.023351529640986374,anaerobic
GQ491542.1.1387,0.017465038279147648,anaerobic
JX543414.1.1495,-0.032765485115223,anaerobic
JF206640.1.1370,0.0520725278121855,anaerobic
GQ491851.1.1357,0.018502368483635963,anaerobic
JX543456.1.1491,-0.0022487089656234613,anaerobic
GQ492435.1.1390,0.00924245426976412,anaerobic
JF184055.1.1362,-0.014712752156309367,anaerobic
GQ492617.1.1373,0.03043271936024847,anaerobic
GQ493605.1.1360,0.010523849954218832,anaerobic
JN713250.1.1532,0.07856610479824412,anaerobic
GQ491814.1.1359,-0.014943026759001101,anaerobic
JF193117.1.1388,0.038839255283444674,anaerobic
JF192604.1.1366,0.02502959038471002,anaerobic
GQ492125.1.1358,-0.005969647868247635,anaerobic
GQ492054.1.1385,0.006308370752122139,anaerobic
GQ493897.1.1346,-0.036495215020314435,anaerobic
GQ492877.1.1358,0.04036976980339132,anaerobic
GQ491381.1.1365,-0.025331942467473043,anaerobic
GQ493330.1.1380,0.006652895773541106,anaerobic
JF191472.1.1358,0.07496062243131733,anaerobic
GQ492439.1.1395,0.005609172188788757,anaerobic
GQ491710.1.1367,-0.03842732747945222,anaerobic
GQ493555.1.1378,0.030907241484277086,anaerobic
GQ492326.1.1355,-0.00926449356532028,anaerobic
FJ362997.1.1348,-0.062368449586523524,anaerobic
GQ492538.1.1363,0.03261687593838603,anaerobic
GQ493387.1.1374,0.020259664128349043,anaerobic
GQ492359.1.1378,0.015726664553897818,anaerobic
GQ491149.1.1367,-0.0018005458897480337,anaerobic
JF194489.1.1352,0.08312220351944365,anaerobic
JF189481.1.1383,0.04636581943236414,anaerobic
FJ364641.1.1352,0.00484437129662361,anaerobic
GQ495893.1.1450,0.03258864828344159,anaerobic
FJ365025.1.1359,-0.01996682293580834,anaerobic
FJ362855.1.1338,0.0019364771091379322,anaerobic
FJ362799.1.1337,0.001007432772967248,anaerobic
JF198578.1.1357,0.010762066708638303,anaerobic
FJ362983.1.1338,0.002268036293212822,anaerobic
JF196953.1.1351,0.007247702222798569,anaerobic
GQ493374.1.1373,0.021228051613523747,anaerobic
FJ363641.1.1357,0.03409579803002005,anaerobic
FJ363988.1.1357,0.005574512817882902,anaerobic
FJ363966.1.1362,-0.01269379912774939,anaerobic
FJ362918.1.1361,0.02158881580496615,anaerobic
JX543398.1.1493,-0.07599544894818597,anaerobic
FJ364032.1.1360,-0.033094838895977544,anaerobic
FJ363002.1.1364,0.005543710789053681,anaerobic
FJ363484.1.1336,-0.003519569221962925,anaerobic
FJ363465.1.1349,0.019736677739311235,anaerobic
FJ364500.1.1354,-0.024848016484362422,anaerobic
FJ368472.1.1344,-0.027822387625806546,anaerobic
FJ367841.1.1362,-0.02152896314534237,anaerobic
FJ365031.1.1342,-0.0063335006211195175,anaerobic
FJ363848.1.1345,-0.02425830423345372,anaerobic
FJ370266.1.1339,-0.010376619844186629,anaerobic
FJ366425.1.1355,-0.06915261450136653,anaerobic
FJ366908.1.1397,-0.08609259726320662,anaerobic
FJ367192.1.1369,-0.01731070058423078,anaerobic
FJ367462.1.1355,-0.04968103085798778,anaerobic
FJ366223.1.1354,-0.022997448100737887,anaerobic
FJ365030.1.1345,-0.031982055690377965,anaerobic
FJ366437.1.1364,-0.034704228831194506,anaerobic
JF203190.1.1346,0.033173056182521726,anaerobic
FJ365988.1.1331,0.02095516960471855,anaerobic
FJ366077.1.1349,-0.05693442664913221,anaerobic
FJ368627.1.1348,0.011015693568698208,anaerobic
FJ369504.1.1378,-0.016608138123301523,anaerobic
FJ367005.1.1361,-0.009446367910762648,anaerobic
FJ370257.1.1359,-0.006779203630880109,anaerobic
FJ369781.1.1378,-0.015944576956236706,anaerobic
FJ368239.1.1357,-0.01849899927611814,anaerobic
FJ368283.1.1357,-0.03157158041864457,anaerobic
FJ368783.1.1352,-0.026947214714359874,anaerobic
FJ363992.1.1360,-0.023774588071473382,anaerobic
FJ371070.1.1386,0.015725164237650593,anaerobic
FJ363168.1.1392,0.0023813463998876385,anaerobic
FJ366832.1.1361,-0.05156299667269753,anaerobic
FJ369515.1.1370,0.013996183058430818,anaerobic
FJ372164.1.1357,0.018587114227881514,anaerobic
FJ440057.1.1453,0.04032937579298087,anaerobic
JF202999.1.1355,0.09546712228903567,anaerobic
JF210939.1.1357,-0.013107543542401205,anaerobic
FJ368864.1.1363,-0.05833068991240848,anaerobic
FJ364970.1.1373,-0.01737100312637946,anaerobic
FJ366783.1.1350,-0.04582615370126068,anaerobic
FJ365277.1.1341,-0.02188692764642451,anaerobic
FJ367357.1.1357,-0.012772503319735968,anaerobic
FJ470585.1.1487,0.05679083972027586,anaerobic
JF211169.1.1370,0.07054966331092329,anaerobic
FJ363028.1.1361,-0.053100152554594014,anaerobic
JN713207.1.1519,0.0679631906811243,anaerobic
JX543462.1.1493,-0.014008652703129208,anaerobic
FJ369603.1.1378,0.018630576997893243,anaerobic
FJ369741.1.1359,0.009650529231842644,anaerobic
FJ370261.1.1342,0.016933033328458587,anaerobic
JF208261.1.1361,0.07981012205585382,anaerobic
FJ370407.1.1339,0.0032045620404636205,anaerobic
FJ363204.1.1363,0.0038557704149680253,anaerobic
FJ363222.1.1343,0.06904479995844161,anaerobic
FJ370913.1.1386,0.0018380130817274398,anaerobic
FJ364133.1.1358,0.0014032433056118542,anaerobic
FJ371050.1.1388,-0.034381428880339425,anaerobic
FJ371026.1.1357,-0.013474849578306292,anaerobic
FJ364939.1.1376,-0.03228013740780434,anaerobic
FJ371994.1.1379,0.0036338276192435168,anaerobic
FJ372320.1.1331,-0.024463595811808254,anaerobic
FJ366703.1.1360,0.027288801121890662,anaerobic
JN680618.1.1455,0.01812165294241494,anaerobic
JN713312.1.1522,0.04404784349049877,anaerobic
JN680611.1.1459,0.03728426625546598,anaerobic
FJ363449.1.1364,-0.031104987962198523,anaerobic
FJ368234.1.1351,-0.04185134372133825,anaerobic
FJ364129.1.1347,-0.0030881475141592866,anaerobic
FJ364447.1.1348,0.0025711915765551808,anaerobic
FJ367459.1.1360,-0.04259539625292358,anaerobic
JN713521.1.1496,0.0533683604433066,anaerobic
FJ363382.1.1367,-0.03444188773254953,anaerobic
FJ363734.1.1333,-0.01938647948025207,anaerobic
FJ362979.1.1359,-0.02823753475312632,anaerobic
FJ363124.1.1367,-0.04856648569327589,anaerobic
FJ362872.1.1361,-0.012816571459280484,anaerobic
FJ363561.1.1364,-0.014616650464099564,anaerobic
FJ366193.1.1359,-0.005478674731028826,anaerobic
FJ364366.1.1355,0.0021309310360602533,anaerobic
FJ363389.1.1368,-0.010527475259609457,anaerobic
FJ365142.1.1338,0.026970181002431523,anaerobic
FJ440097.1.1448,-0.032709271713863,anaerobic
FJ363935.1.1358,0.03988766456505476,anaerobic
FJ365281.1.1358,-0.02490080577973883,anaerobic
JN713503.1.1475,0.007216724867502721,anaerobic
FJ364859.1.1362,0.01593986800987109,anaerobic
JN713328.1.1506,0.06297028205769434,anaerobic
FJ372149.1.1355,-0.014340534790467053,anaerobic
FJ364987.1.1366,-0.034024154957543844,anaerobic
FJ366310.1.1374,-0.058110846176061895,anaerobic
FJ368206.1.1359,-0.02359723747902594,anaerobic
JN792350.1.1393,0.008748521601442561,anaerobic
FJ363149.1.1338,-0.013435655284797433,anaerobic
FJ366082.1.1348,-0.020556061308855237,anaerobic
FJ366885.1.1384,-0.005513223049120588,anaerobic
FJ362970.1.1366,0.005838811523626822,anaerobic
FJ364029.1.1377,-0.004499278185132982,anaerobic
FJ366013.1.1355,-0.08551852048207714,anaerobic
FJ365470.1.1398,0.025132673610112833,anaerobic
FJ370523.1.1357,0.017076640359758793,anaerobic
FJ503127.1.1385,-0.03837193383982548,anaerobic
FJ371164.1.1350,0.00400475457318508,anaerobic
FJ364083.1.1359,0.006600585095134206,anaerobic
FJ364217.1.1354,-0.013924703086740953,anaerobic
FJ364213.1.1357,-0.016219069356125743,anaerobic
FJ503206.1.1382,0.017320675024869406,anaerobic
FJ363383.1.1358,-0.004614877427633743,anaerobic
JF230578.1.1384,0.03935939689195635,anaerobic
FJ366356.1.1341,0.03727353612516713,anaerobic
FJ368588.1.1357,0.024701396208391492,anaerobic
FJ370437.1.1363,0.03185130773828028,anaerobic
FJ362609.1.1340,-0.04549936584461326,anaerobic
FJ365525.1.1334,-0.017729184486233552,anaerobic
FJ371271.1.1360,0.012524469412874627,anaerobic
FJ505552.1.1376,0.008350100127953064,anaerobic
FJ365103.1.1364,-0.027025560140851345,anaerobic
FJ363260.1.1341,-0.0049214568610271795,anaerobic
FJ363240.1.1359,-0.03133221406866441,anaerobic
FJ506012.1.1372,-0.018790199469518012,anaerobic
FJ365425.1.1382,-0.04481661536887182,anaerobic
FJ508846.1.1381,0.015851786964147567,anaerobic
FJ368908.1.1338,-0.003460539954723059,anaerobic
FJ368353.1.1360,-0.00020917694875465602,anaerobic
FJ369768.1.1359,0.008435509759695512,anaerobic
FJ370624.1.1358,0.030182236042710277,anaerobic
FJ363758.1.1358,0.015850058722426053,anaerobic
FJ364952.1.1338,-0.037569706650507344,anaerobic
FJ369934.1.1360,-0.011656776041736759,anaerobic
FJ366894.1.1339,0.0037138586973645923,anaerobic
FJ367022.1.1341,0.01321340159916942,anaerobic
FJ365189.1.1355,-0.018526207596311663,anaerobic
FJ365274.1.1376,-0.02896842279813612,anaerobic
FJ367848.1.1334,0.010369538450095576,anaerobic
FJ364480.1.1341,-0.0014614691684606287,anaerobic
FJ365985.1.1362,-0.013438116114886543,anaerobic
FJ366380.1.1362,0.001408294731412403,anaerobic
FJ367922.1.1361,-0.012868684066076684,anaerobic
FJ511746.1.1379,0.004241826697056576,anaerobic
FJ366086.1.1361,-0.03833973004577405,anaerobic
FJ366051.1.1366,-0.0306983992157817,anaerobic
FJ369732.1.1376,-0.03726104892743938,anaerobic
FJ369364.1.1353,-0.002912084757854483,anaerobic
JF231504.1.1362,0.046974319561819106,anaerobic
FJ365342.1.1371,0.009425440564760622,anaerobic
FJ372134.1.1341,-0.0026328436241411287,anaerobic
FJ364383.1.1350,-0.03502166036600312,anaerobic
FJ365127.1.1349,-0.00848100985560507,anaerobic
JF237744.1.1361,0.07066934581911015,anaerobic
FJ366119.1.1338,-0.02695107585280603,anaerobic
FJ371900.1.1364,-0.019691585002180115,anaerobic
FJ508637.1.1375,-0.06940636378658473,anaerobic
FJ366998.1.1359,0.00742884934839228,anaerobic
FJ371947.1.1363,-0.009813509404470223,anaerobic
FJ371394.1.1338,-0.026016986453017952,anaerobic
FJ366724.1.1358,-0.018823966946064183,anaerobic
FJ369279.1.1367,0.010462041064828174,anaerobic
FJ368705.1.1348,-0.010971620623532612,anaerobic
FJ369196.1.1353,0.02172075558949714,anaerobic
FJ367007.1.1363,-0.0034015217974104656,anaerobic
FJ368647.1.1359,0.040120916372654636,anaerobic
FJ371403.1.1354,0.022252237161018026,anaerobic
FJ369896.1.1355,-0.024594664870221838,anaerobic
FJ364472.1.1352,-0.015658280817785256,anaerobic
FJ365246.1.1360,-0.055212965889893884,anaerobic
FJ362785.1.1342,-0.03682583641060345,anaerobic
FJ366344.1.1357,-0.0076469562324045,anaerobic
FJ368240.1.1381,0.0017863337801778748,anaerobic
FJ368850.1.1360,-0.03159214337361979,anaerobic
FJ367198.1.1347,-0.02636579266317859,anaerobic
FJ440072.1.1434,0.0052745363847132316,anaerobic
FJ366045.1.1350,-0.02978687629795985,anaerobic
FJ370091.1.1340,-0.033310932422399304,anaerobic
FJ369721.1.1359,-0.023311235814988746,anaerobic
FJ371704.1.1375,-0.013074406787142837,anaerobic
FJ369328.1.1361,-0.0023966045872714425,anaerobic
FJ367527.1.1375,-0.017140473787217093,anaerobic
FJ370354.1.1338,-0.013948744930287946,anaerobic
FJ367852.1.1359,0.026209245059690103,anaerobic
FJ370391.1.1359,-0.02034918604533395,anaerobic
FJ367602.1.1358,-0.02862407365287478,anaerobic
FJ371790.1.1338,0.0021075226499361987,anaerobic
FJ367634.1.1340,-0.06894299441388421,anaerobic
FJ367764.1.1342,-0.00930641506701021,anaerobic
FJ371961.1.1351,-0.010932791651648004,anaerobic
FJ371227.1.1374,0.015243133826579835,anaerobic
FJ368841.1.1357,-0.0340998230415687,anaerobic
FJ366346.1.1364,-0.0034713962074398013,anaerobic
FJ370476.1.1379,0.016818882251174234,anaerobic
FJ371960.1.1370,-0.01903062748168548,anaerobic
FJ368910.1.1358,-0.042818925732393424,anaerobic
FJ440061.1.1455,-0.040054452473365504,anaerobic
FJ511512.1.1376,0.0046075379446630085,anaerobic
FJ440073.1.1471,-0.015136773622874087,anaerobic
FJ372047.1.1362,0.03024222336741478,anaerobic
FJ370213.1.1363,-0.0007185110671823212,anaerobic
FJ503849.1.1375,0.007623105253601921,anaerobic
FJ370856.1.1357,0.007868043091986552,anaerobic
FJ367613.1.1364,-0.07157693594824027,anaerobic
FJ507980.1.1382,0.007768337474620668,anaerobic
FJ368429.1.1352,0.001505520296248988,anaerobic
FJ368793.1.1359,-0.01768705398882925,anaerobic
FJ505602.1.1383,-0.001176526896981523,anaerobic
FJ371807.1.1361,-0.011516311246600294,anaerobic
FJ507344.1.1354,0.015433101689790863,anaerobic
FJ462125.1.1537,-0.008053382559734052,anaerobic
FJ440077.1.1436,-0.03037646286096211,anaerobic
FJ370075.1.1380,0.006033064345972592,anaerobic
JF239178.1.1371,0.06493648387739624,anaerobic
FJ371880.1.1340,-0.007706208887244899,anaerobic
FJ371191.1.1358,-0.04254801321081792,anaerobic
FJ367972.1.1377,-0.02494353399119634,anaerobic
FJ558085.1.1423,0.06014211214283972,anaerobic
FJ371355.1.1363,-0.010616562168546303,anaerobic
FJ371857.1.1374,-0.03318772582060566,anaerobic
FJ371904.1.1359,-0.02048190370544133,anaerobic
FJ440031.1.1457,0.015444079863242711,anaerobic
FJ369713.1.1360,-0.005109885995957568,anaerobic
FJ370171.1.1350,-0.007914879587888703,anaerobic
FJ440030.1.1472,0.007213276914760783,anaerobic
FJ504558.1.1357,0.006185073888961029,anaerobic
FJ507118.1.1384,-0.03967171447311834,anaerobic
FJ508494.1.1368,0.01581222285071743,anaerobic
JF217893.1.1356,0.07996134567373704,anaerobic
JQ085082.1.1487,0.02245522216207389,anaerobic
JF221374.1.1362,0.019439630078426005,anaerobic
JF217665.1.1354,0.07031934006548324,anaerobic
FJ503250.1.1374,0.0045009527774998144,anaerobic
FJ503255.1.1374,-0.03620580370135221,anaerobic
JF218684.1.1345,0.010914822203184401,anaerobic
JF229465.1.1365,0.01384707985617754,anaerobic
JF229141.1.1340,-0.0038709166303102327,anaerobic
FJ507862.1.1364,-0.012919095104848413,anaerobic
FJ503273.1.1374,0.0026116269890246236,anaerobic
JF221453.1.1349,0.0059320353744713936,anaerobic
FJ503238.1.1390,-0.04856449499359557,anaerobic
FJ508841.1.1381,0.0033887000733824365,anaerobic
FJ507886.1.1327,0.022496027553144848,anaerobic
FJ505144.1.1379,-0.025003703281021396,anaerobic
FJ671845.1.1402,0.022293808630113095,anaerobic
FJ507144.1.1376,-0.01861940268259944,anaerobic
FJ505515.1.1377,-0.008442549111126038,anaerobic
JF220902.1.1366,-0.0104639180683762,anaerobic
FJ508016.1.1387,0.037334364051913364,anaerobic
JF220967.1.1337,0.06014554902624766,anaerobic
JF240422.1.1335,0.08255368338528847,anaerobic
FJ507707.1.1374,-0.03450719419445057,anaerobic
JF228043.1.1349,0.019357066654215185,anaerobic
FJ507263.1.1383,-0.03622281615902416,anaerobic
FJ503363.1.1377,0.037948568539738804,anaerobic
FJ504700.1.1379,-0.0762968917787704,anaerobic
FJ503080.1.1395,-0.001623905826196459,anaerobic
FJ504421.1.1376,0.0005313221433003147,anaerobic
FJ509810.1.1392,-0.05111912691046255,anaerobic
DQ412721.1.1377,0.00233519364749611,anaerobic
FJ504202.1.1373,-0.0027616873064005227,anaerobic
FJ505397.1.1383,0.0199202938017613,anaerobic
FJ505698.1.1388,0.024813355793244903,anaerobic
FJ509762.1.1376,-0.0011080317605154594,anaerobic
FJ510574.1.1389,-0.03606805402102976,anaerobic
FJ505543.1.1378,0.007218973091119275,anaerobic
FJ508730.1.1381,0.0022519315495404878,anaerobic
FJ511487.1.1378,-0.0016245063879023814,anaerobic
FJ510425.1.1377,-0.012288184767934831,anaerobic
JF231503.1.1387,0.005670573361766299,anaerobic
FJ506882.1.1374,-0.06082543583292494,anaerobic
FJ506881.1.1382,0.02016118996638733,anaerobic
FJ510405.1.1380,-0.01694162161580618,anaerobic
FJ511828.1.1372,-0.0037454089247720155,anaerobic
FJ507955.1.1381,-0.00689046408194837,anaerobic
HM824340.1.1343,0.0005496907650844443,anaerobic
JF240952.1.1351,0.011378944989493668,anaerobic
JF241759.1.1361,0.07632618889771495,anaerobic
FJ509049.1.1380,-0.022425563042936355,anaerobic
FJ512259.1.1422,-0.07074318842052801,anaerobic
FJ509449.1.1370,-0.010340250875213348,anaerobic
FJ504169.1.1373,-0.035559048265593696,anaerobic
FJ557786.1.1405,0.06454632488078382,anaerobic
FJ507605.1.1375,-0.04510058881245545,anaerobic
HM778514.1.1422,0.060036299967262285,anaerobic
FJ682473.1.1374,-0.023195100844931683,anaerobic
FJ678825.1.1360,-0.01475919759030925,anaerobic
FJ509217.1.1371,-0.059881716680376604,anaerobic
FJ508901.1.1381,-0.004078261985004829,anaerobic
FJ509314.1.1376,0.004952570917732469,anaerobic
FJ677534.1.1380,0.0033490386404030907,anaerobic
FJ557333.1.1424,0.07092730312997107,anaerobic
FJ510408.1.1380,-0.005520282342239765,anaerobic
FJ507597.1.1383,-0.03257265076063143,anaerobic
FJ505502.1.1373,-0.05673105709726965,anaerobic
FJ510098.1.1376,0.025515789428562745,anaerobic
FJ677644.1.1382,-0.028094019029761566,anaerobic
FJ542922.1.1497,0.021486192822232908,anaerobic
FJ680736.1.1407,-0.001691833508968985,anaerobic
FJ508829.1.1384,-0.030990952114397365,anaerobic
FJ508174.1.1349,-0.04566967279923003,anaerobic
FJ512740.1.1384,-0.014620542429952383,anaerobic
FJ678564.1.1371,0.0006617740286050492,anaerobic
FJ512332.1.1357,6.702277510734488e-05,anaerobic
FJ676929.1.1367,-0.01923827512421423,anaerobic
FJ542860.1.1495,0.062097847879450954,anaerobic
FJ509195.1.1372,-0.0539540954927809,anaerobic
FJ509362.1.1375,8.420233839432591e-05,anaerobic
FJ680817.1.1400,-0.011069471339879067,anaerobic
FJ685058.1.1373,0.009277751125855072,anaerobic
HM840060.1.1346,0.009474732127904999,anaerobic
CU463952.1.1334,-0.02925601904462703,anaerobic
JF241502.1.1380,0.025301892819359323,anaerobic
FJ557607.1.1434,0.061629701566811156,anaerobic
JQ083428.1.1519,0.03339805251681339,anaerobic
FJ673304.1.1398,0.014676123970331233,anaerobic
FJ682950.1.1381,-0.027987037749242917,anaerobic
JQ084527.1.1496,-0.011084511050736018,anaerobic
DQ174168.1.1341,0.05791996086804246,anaerobic
JQ084332.1.1496,0.019445955955834367,anaerobic
JQ083424.1.1482,0.030068659389254855,anaerobic
FJ672757.1.1398,0.013457440390592806,anaerobic
DQ057482.1.1450,0.00268042091054182,anaerobic
DQ295892.1.1494,0.07174239049683916,anaerobic
FJ683470.1.1400,0.014676838220319574,anaerobic
DQ057452.1.1455,0.0439298208439611,anaerobic
JQ084267.1.1492,-0.011447925118291636,anaerobic
JQ084279.1.1482,0.02623066971393044,anaerobic
FJ672978.1.1385,0.01525669279460221,anaerobic
HM829356.1.1354,0.001218499819615438,anaerobic
JQ183711.1.1357,0.004167793462054207,anaerobic
HM844308.1.1338,0.0242838685568153,anaerobic
JQ083407.1.1518,-0.005160237303252189,anaerobic
JQ185408.1.1354,-0.025657840700941154,anaerobic
JQ183370.1.1355,-0.009699311916641817,anaerobic
FJ675101.1.1388,-0.010201501503182131,anaerobic
JQ185330.1.1350,-0.04857841461129052,anaerobic
JQ084893.1.1488,0.009447563868973748,anaerobic
HM847684.1.1342,-0.007400770883435062,anaerobic
FJ675440.1.1395,0.014209317622454934,anaerobic
JQ185713.1.1349,-0.01250702049156511,anaerobic
FJ679421.1.1387,-0.011955800889835423,anaerobic
FJ683087.1.1370,0.02357764262294191,anaerobic
FJ674264.1.1367,-0.018345072267700487,anaerobic
FJ674457.1.1393,0.020139977159223672,anaerobic
FJ674156.1.1404,-0.00803765544207557,anaerobic
FJ679915.1.1389,-0.013076981890669111,anaerobic
FJ674198.1.1380,-0.011927183540748225,anaerobic
FJ674046.1.1392,-0.00299225256199528,anaerobic
FJ671863.1.1378,-0.012980076099270432,anaerobic
FJ677046.1.1386,-0.03262727954605282,anaerobic
FJ676782.1.1388,0.0056428557301378,anaerobic
FJ677888.1.1386,-0.011892267071077123,anaerobic
FJ673515.1.1368,-0.015124953513447306,anaerobic
FJ676682.1.1398,0.0038528829663941316,anaerobic
FJ673276.1.1391,-0.013113889836217066,anaerobic
FJ673331.1.1398,0.01857917505709732,anaerobic
FJ673391.1.1399,0.001975851299937679,anaerobic
FJ673360.1.1377,-0.024097823498505127,anaerobic
JQ183949.1.1358,-0.027581482108304592,anaerobic
FJ679178.1.1355,-0.021971612968161816,anaerobic
FJ676884.1.1382,-0.008779469034092952,anaerobic
FJ673196.1.1398,-0.032216556382324464,anaerobic
FJ674105.1.1363,-0.013467067239657382,anaerobic
FJ681154.1.1382,0.004727737610235097,anaerobic
FJ678914.1.1380,-0.019528291745507922,anaerobic
HM829280.1.1345,0.0041760727628916226,anaerobic
HM845524.1.1344,0.010243403690410935,anaerobic
JQ184495.1.1339,-0.0002532992511292677,anaerobic
FJ677392.1.1389,-0.0037481125303445023,anaerobic
FJ673369.1.1394,0.022168898299665826,anaerobic
FJ680785.1.1402,0.022812988875965036,anaerobic
FJ677647.1.1392,0.02304987091966284,anaerobic
FJ685106.1.1338,-0.002429264787049336,anaerobic
FJ673321.1.1366,0.015706380470911836,anaerobic
FJ674083.1.1396,0.03701844735402081,anaerobic
FJ673167.1.1362,0.03097932146679367,anaerobic
FJ673253.1.1398,-0.016520190871240018,anaerobic
FJ680068.1.1390,-0.013176601788018537,anaerobic
FJ680355.1.1385,-0.0030138054790618926,anaerobic
FJ680359.1.1399,0.03446901421183919,anaerobic
HM831097.1.1333,0.04085497428181197,anaerobic
FJ680801.1.1356,0.001301984486031827,anaerobic
FJ682898.1.1396,0.013421424091073114,anaerobic
FJ682678.1.1396,0.021562894083586095,anaerobic
FJ684123.1.1391,0.04132654850333736,anaerobic
FJ683885.1.1392,-0.00038285440801045123,anaerobic
JQ186196.1.1350,-0.04385353981282831,anaerobic
FJ715993.1.1470,-0.0104553946016479,anaerobic
FJ682815.1.1391,-0.011742099530269536,anaerobic
HM843955.1.1342,0.03461704411300837,anaerobic
FJ678776.1.1375,0.015113466069734167,anaerobic
JF312675.1.1385,0.09616836484994225,anaerobic
HM837071.1.1327,0.015670064963023346,anaerobic
JQ186299.1.1340,0.001952318479142568,anaerobic
FJ680258.1.1397,-0.0185989169036218,anaerobic
ACBZ01000217.267.1788,-0.006668300278677384,anaerobic
FJ681797.1.1357,0.004854501615553894,anaerobic
ACFE01000007.338.1763,0.06643640618086137,anaerobic
FJ682657.1.1352,-0.04261625834067061,anaerobic
BAAV01000728.1588.3085,0.017057257495424877,anaerobic
JQ184013.1.1370,-0.002082233995553343,anaerobic
JQ184367.1.1348,-0.00475398450634135,anaerobic
JQ185584.1.1332,-0.06906012362994801,anaerobic
JQ183346.1.1350,-0.05147476862274359,anaerobic
JQ184876.1.1365,0.0035489882846635313,anaerobic
JQ184173.1.1337,-0.03288839229054101,anaerobic
JQ185637.1.1340,0.0004773803851364735,anaerobic
JQ185143.1.1339,-0.003934188203796958,anaerobic
JQ184767.1.1377,0.018966456817995626,anaerobic
JQ183465.1.1344,-0.0038842189276689374,anaerobic
JQ183813.1.1395,0.02794253942465061,anaerobic
JQ185533.1.1344,-0.04299725920211986,anaerobic
JQ183615.1.1332,-0.005453364136776719,anaerobic
JQ186004.1.1334,0.06820705854505964,anaerobic
JQ184113.1.1336,-0.03709178319765519,anaerobic
JQ183886.1.1351,-0.008277653422279638,anaerobic
JQ185411.1.1335,-0.0011117239076102324,anaerobic
JX898048.1.1314,0.006597779610659517,anaerobic
ACON01000003.712136.713636,0.07621902901522112,anaerobic
ACLA01000028.1.1216,0.06425981710448722,anaerobic
ACKS01000100.344.1864,0.025984592411838085,anaerobic
ACCJ01000522.48.1565,0.00616201571321616,anaerobic
ADLN01000129.202.1639,0.01932613150368676,anaerobic
AJVZ01000001.43924.45432,0.031217723389974222,anaerobic
ADGI01000045.4219.5736,0.09264248829039504,anaerobic
AGXT01000041.79243.80759,-0.0029955806013633518,anaerobic
AGZE01000001.1.1322,0.02177662065575104,anaerobic
