FPR,TPR
0.0,0.0
0.0,0.019230769230769232
0.0,0.19230769230769232
0.3333333333333333,0.19230769230769232
0.3333333333333333,0.46153846153846156
0.6666666666666666,0.46153846153846156
0.6666666666666666,0.7884615384615384
1.0,0.7884615384615384
1.0,1.0
