FPR,TPR
0.0,0.0
0.0,0.16666666666666666
0.15384615384615385,0.16666666666666666
0.15384615384615385,0.3333333333333333
0.3076923076923077,0.3333333333333333
0.3076923076923077,0.6666666666666666
0.38461538461538464,0.6666666666666666
0.38461538461538464,1.0
1.0,1.0
