FPR,TPR
0.0,0.0
0.08333333333333333,0.0
0.16666666666666666,0.0
0.16666666666666666,0.1
0.25,0.1
0.25,0.3
0.3333333333333333,0.3
0.3333333333333333,0.4
0.5,0.4
0.5833333333333334,0.5
0.5833333333333334,0.9
0.9166666666666666,0.9
0.9166666666666666,1.0
1.0,1.0
