SampleID,TrueValue,PredictedValue
SRR8652004,56.000000,49.965439
SRR8652005,49.000000,45.423164
SRR8652006,57.000000,34.567181
SRR8652007,37.000000,47.635761
SRR8652008,72.000000,46.866631
SRR8652009,53.000000,49.579868
SRR8652010,54.000000,46.231113
SRR8652011,69.000000,51.572918
SRR8652012,46.000000,49.893040
SRR8652013,41.000000,44.223682
SRR8652014,53.000000,51.082802
SRR8652015,67.000000,46.490089
SRR8652016,57.000000,48.204124
