FPR,TPR
0.0,0.0
0.0,0.019230769230769232
0.0,0.2692307692307692
0.3333333333333333,0.2692307692307692
0.3333333333333333,0.36538461538461536
0.6666666666666666,0.36538461538461536
0.6666666666666666,0.6923076923076923
1.0,0.6923076923076923
1.0,1.0
