FPR,TPR
0.0,0.0
0.047619047619047616,0.0
0.047619047619047616,0.1
0.2857142857142857,0.1
0.2857142857142857,0.15
0.2857142857142857,0.3
0.3333333333333333,0.35
0.38095238095238093,0.35
0.38095238095238093,0.45
0.42857142857142855,0.5
0.42857142857142855,0.6
0.42857142857142855,0.7
0.5238095238095238,0.7
0.5238095238095238,0.8
0.6190476190476191,0.8
0.6666666666666666,0.85
0.6666666666666666,0.95
0.8095238095238095,0.95
1.0,0.95
1.0,1.0
