SampleID,TrueLabel,PredictedProbability
SRR8985508,1,0.6457428
SRR8985509,0,0.566668
SRR8985510,1,0.6338785
SRR8985511,0,0.5857975
SRR8985512,1,0.63826126
SRR8985513,0,0.59945863
SRR8985514,1,0.65794504
SRR8985515,0,0.6252698
SRR8985516,0,0.6211257
SRR8985517,0,0.6322691
SRR8985518,1,0.66005087
SRR8985519,0,0.59581524
SRR8985520,1,0.6401433
SRR8985521,0,0.62407595
SRR8985522,0,0.6308977
SRR8985523,0,0.6591092
