FPR,TPR
0.0,0.0
0.0,0.09090909090909091
0.05,0.09090909090909091
0.05,0.18181818181818182
0.1,0.18181818181818182
0.1,0.7272727272727273
0.2,0.7272727272727273
0.2,0.8181818181818182
0.65,0.8181818181818182
0.65,1.0
1.0,1.0
