FPR,TPR
0.0,0.0
0.03125,0.0
0.0625,0.0
0.0625,0.125
0.1875,0.125
0.1875,0.25
0.3125,0.25
0.34375,0.375
0.40625,0.375
0.4375,0.5
0.5,0.5
0.5625,0.5
0.625,0.5
0.75,0.5
0.75,1.0
0.84375,1.0
0.9375,1.0
1.0,1.0
