FPR,TPR
0.0,0.0
0.0,0.05263157894736842
0.0,0.5789473684210527
0.1,0.5789473684210527
0.1,0.631578947368421
0.2,0.631578947368421
0.2,0.7368421052631579
0.3,0.7368421052631579
0.3,0.8421052631578947
0.5,0.8421052631578947
0.5,0.9473684210526315
0.6,0.9473684210526315
0.6,1.0
1.0,1.0
