no change     /home/cjj/miniconda3/condabin/conda
no change     /home/cjj/miniconda3/bin/conda
no change     /home/cjj/miniconda3/bin/conda-env
no change     /home/cjj/miniconda3/bin/activate
no change     /home/cjj/miniconda3/bin/deactivate
no change     /home/cjj/miniconda3/etc/profile.d/conda.sh
no change     /home/cjj/miniconda3/etc/fish/conf.d/conda.fish
no change     /home/cjj/miniconda3/shell/condabin/Conda.psm1
no change     /home/cjj/miniconda3/shell/condabin/conda-hook.ps1
no change     /home/cjj/miniconda3/lib/python3.12/site-packages/xontrib/conda.xsh
no change     /home/cjj/miniconda3/etc/profile.d/conda.csh
no change     /home/cjj/.bashrc
No action taken.
Starting script...
Embedding base directory: /home/cjj/projects/microbial-embeddings/analysis/Disease_classification_loo/Data/pretraining_datasize/embedding
Result base directory: /home/cjj/projects/microbial-embeddings/analysis/Disease_classification_loo/Data/pretraining_datasize/result
Processing disease: AS
Found studies for AS: PRJCA007396 SRP332779
Processing data size directory: datasize_result_1
  Processing embedding: subset_table_1w_100 (short name: subset_table_1w)
    [AS/datasize_result_1/subset_table_1w/PRJCA007396] Starting job on GPU-0. Output: /home/cjj/projects/microbial-embeddings/analysis/Disease_classification_loo/Data/pretraining_datasize/result/AS/datasize_result_1/subset_table_1w/PRJCA007396
    [AS/datasize_result_1/subset_table_1w/SRP332779] Starting job on GPU-1. Output: /home/cjj/projects/microbial-embeddings/analysis/Disease_classification_loo/Data/pretraining_datasize/result/AS/datasize_result_1/subset_table_1w/SRP332779
  Processing embedding: subset_table_2w_100 (short name: subset_table_2w)
    [AS/datasize_result_1/subset_table_2w/PRJCA007396] Starting job on GPU-2. Output: /home/cjj/projects/microbial-embeddings/analysis/Disease_classification_loo/Data/pretraining_datasize/result/AS/datasize_result_1/subset_table_2w/PRJCA007396
    [AS/datasize_result_1/subset_table_2w/SRP332779] Starting job on GPU-3. Output: /home/cjj/projects/microbial-embeddings/analysis/Disease_classification_loo/Data/pretraining_datasize/result/AS/datasize_result_1/subset_table_2w/SRP332779
  Processing embedding: subset_table_4w_100 (short name: subset_table_4w)
    [AS/datasize_result_1/subset_table_4w/PRJCA007396] Starting job on GPU-4. Output: /home/cjj/projects/microbial-embeddings/analysis/Disease_classification_loo/Data/pretraining_datasize/result/AS/datasize_result_1/subset_table_4w/PRJCA007396
    [AS/datasize_result_1/subset_table_4w/SRP332779] Starting job on GPU-5. Output: /home/cjj/projects/microbial-embeddings/analysis/Disease_classification_loo/Data/pretraining_datasize/result/AS/datasize_result_1/subset_table_4w/SRP332779
  Processing embedding: subset_table_8w_100 (short name: subset_table_8w)
    [AS/datasize_result_1/subset_table_8w/PRJCA007396] Starting job on GPU-6. Output: /home/cjj/projects/microbial-embeddings/analysis/Disease_classification_loo/Data/pretraining_datasize/result/AS/datasize_result_1/subset_table_8w/PRJCA007396
    [AS/datasize_result_1/subset_table_8w/SRP332779] Starting job on GPU-7. Output: /home/cjj/projects/microbial-embeddings/analysis/Disease_classification_loo/Data/pretraining_datasize/result/AS/datasize_result_1/subset_table_8w/SRP332779
Processing data size directory: datasize_result_2
  Processing embedding: subset_table_1w_100 (short name: subset_table_1w)
train loss 0.5827116966247559, test loss 0.5133441686630249, train auc 0.698, test auc 0.786 train f1 0.529, test f1 0.656 train mcc 0.230, test mcc 0.390 train aupr 0.875, test aupr 0.943 train acc 0.738, test acc 0.847 confusion_matrix [[ 3  8]
 [ 1 47]]
    [AS/datasize_result_1/subset_table_1w/PRJCA007396] Job on GPU-0 completed.
    [AS/datasize_result_2/subset_table_1w/PRJCA007396] Starting job on GPU-0. Output: /home/cjj/projects/microbial-embeddings/analysis/Disease_classification_loo/Data/pretraining_datasize/result/AS/datasize_result_2/subset_table_1w/PRJCA007396
train loss 0.5603200197219849, test loss 0.6384992003440857, train auc 0.540, test auc 0.669 train f1 0.443, test f1 0.493 train mcc -0.063, test mcc 0.162 train aupr 0.848, test aupr 0.845 train acc 0.797, test acc 0.726 confusion_matrix [[ 2 22]
 [ 1 59]]
train loss 0.6317867040634155, test loss 0.6505791544914246, train auc 0.309, test auc 0.840 train f1 0.525, test f1 0.778 train mcc 0.151, test mcc 0.569 train aupr 0.735, test aupr 0.918 train acc 0.814, test acc 0.833 confusion_matrix [[14 10]
 [ 4 56]]
train loss 0.5831202864646912, test loss 0.5073272585868835, train auc 0.593, test auc 0.786 train f1 0.493, test f1 0.525 train mcc 0.162, test mcc 0.151 train aupr 0.814, test aupr 0.947 train acc 0.726, test acc 0.814 confusion_matrix [[ 1 10]
 [ 1 47]]
train loss 0.4959760904312134, test loss 0.7096177935600281, train auc 0.403, test auc 0.851 train f1 0.443, test f1 0.778 train mcc -0.063, test mcc 0.569 train aupr 0.789, test aupr 0.917 train acc 0.797, test acc 0.833 confusion_matrix [[14 10]
 [ 4 56]]
train loss 0.5712758898735046, test loss 0.5103932023048401, train auc 0.717, test auc 0.784 train f1 0.486, test f1 0.525 train mcc 0.106, test mcc 0.151 train aupr 0.874, test aupr 0.944 train acc 0.714, test acc 0.814 confusion_matrix [[ 1 10]
 [ 1 47]]
train loss 0.5663401484489441, test loss 0.5164567232131958, train auc 0.728, test auc 0.744 train f1 0.486, test f1 0.525 train mcc 0.106, test mcc 0.151 train aupr 0.855, test aupr 0.926 train acc 0.714, test acc 0.814 confusion_matrix [[ 1 10]
 [ 1 47]]
train loss 0.4923067092895508, test loss 0.7306603193283081, train auc 0.422, test auc 0.780 train f1 0.443, test f1 0.604 train mcc -0.063, test mcc 0.292 train aupr 0.823, test aupr 0.886 train acc 0.797, test acc 0.750 confusion_matrix [[ 6 18]
 [ 3 57]]
    [AS/datasize_result_1/subset_table_8w/SRP332779] Job on GPU-7 completed.
    [AS/datasize_result_2/subset_table_1w/SRP332779] Starting job on GPU-7. Output: /home/cjj/projects/microbial-embeddings/analysis/Disease_classification_loo/Data/pretraining_datasize/result/AS/datasize_result_2/subset_table_1w/SRP332779
  Processing embedding: subset_table_2w_100 (short name: subset_table_2w)
    [AS/datasize_result_1/subset_table_4w/SRP332779] Job on GPU-5 completed.
    [AS/datasize_result_2/subset_table_2w/PRJCA007396] Starting job on GPU-5. Output: /home/cjj/projects/microbial-embeddings/analysis/Disease_classification_loo/Data/pretraining_datasize/result/AS/datasize_result_2/subset_table_2w/PRJCA007396
    [AS/datasize_result_1/subset_table_2w/PRJCA007396] Job on GPU-2 completed.
    [AS/datasize_result_2/subset_table_2w/SRP332779] Starting job on GPU-2. Output: /home/cjj/projects/microbial-embeddings/analysis/Disease_classification_loo/Data/pretraining_datasize/result/AS/datasize_result_2/subset_table_2w/SRP332779
  Processing embedding: subset_table_4w_100 (short name: subset_table_4w)
    [AS/datasize_result_1/subset_table_8w/PRJCA007396] Job on GPU-6 completed.
    [AS/datasize_result_2/subset_table_4w/PRJCA007396] Starting job on GPU-6. Output: /home/cjj/projects/microbial-embeddings/analysis/Disease_classification_loo/Data/pretraining_datasize/result/AS/datasize_result_2/subset_table_4w/PRJCA007396
    [AS/datasize_result_1/subset_table_1w/SRP332779] Job on GPU-1 completed.
    [AS/datasize_result_1/subset_table_4w/PRJCA007396] Job on GPU-4 completed.
    [AS/datasize_result_2/subset_table_4w/SRP332779] Starting job on GPU-1. Output: /home/cjj/projects/microbial-embeddings/analysis/Disease_classification_loo/Data/pretraining_datasize/result/AS/datasize_result_2/subset_table_4w/SRP332779
    [AS/datasize_result_1/subset_table_2w/SRP332779] Job on GPU-3 completed.
  Processing embedding: subset_table_8w_100 (short name: subset_table_8w)
    [AS/datasize_result_2/subset_table_8w/PRJCA007396] Starting job on GPU-4. Output: /home/cjj/projects/microbial-embeddings/analysis/Disease_classification_loo/Data/pretraining_datasize/result/AS/datasize_result_2/subset_table_8w/PRJCA007396
    [AS/datasize_result_2/subset_table_8w/SRP332779] Starting job on GPU-3. Output: /home/cjj/projects/microbial-embeddings/analysis/Disease_classification_loo/Data/pretraining_datasize/result/AS/datasize_result_2/subset_table_8w/SRP332779
Processing data size directory: datasize_result_3
  Processing embedding: subset_table_1w_100 (short name: subset_table_1w)
train loss 0.5914134383201599, test loss 0.5045843124389648, train auc 0.610, test auc 0.758 train f1 0.660, test f1 0.655 train mcc 0.354, test mcc 0.319 train aupr 0.778, test aupr 0.937 train acc 0.762, test acc 0.814 confusion_matrix [[ 4  7]
 [ 4 44]]
    [AS/datasize_result_2/subset_table_1w/PRJCA007396] Job on GPU-0 completed.
    [AS/datasize_result_3/subset_table_1w/PRJCA007396] Starting job on GPU-0. Output: /home/cjj/projects/microbial-embeddings/analysis/Disease_classification_loo/Data/pretraining_datasize/result/AS/datasize_result_3/subset_table_1w/PRJCA007396
train loss 0.4645068943500519, test loss 0.7261689901351929, train auc 0.705, test auc 0.809 train f1 0.443, test f1 0.719 train mcc -0.063, test mcc 0.439 train aupr 0.925, test aupr 0.919 train acc 0.797, test acc 0.774 confusion_matrix [[14 10]
 [ 9 51]]
train loss 0.5960509777069092, test loss 0.5212074518203735, train auc 0.553, test auc 0.803 train f1 0.413, test f1 0.691 train mcc -0.069, test mcc 0.415 train aupr 0.774, test aupr 0.947 train acc 0.702, test acc 0.847 confusion_matrix [[ 4  7]
 [ 2 46]]
train loss 0.4650913178920746, test loss 0.541054904460907, train auc 0.848, test auc 0.678 train f1 0.815, test f1 0.525 train mcc 0.636, test mcc 0.151 train aupr 0.891, test aupr 0.912 train acc 0.857, test acc 0.814 confusion_matrix [[ 1 10]
 [ 1 47]]
    [AS/datasize_result_2/subset_table_1w/SRP332779] Job on GPU-7 completed.
    [AS/datasize_result_3/subset_table_1w/SRP332779] Starting job on GPU-7. Output: /home/cjj/projects/microbial-embeddings/analysis/Disease_classification_loo/Data/pretraining_datasize/result/AS/datasize_result_3/subset_table_1w/SRP332779
  Processing embedding: subset_table_2w_100 (short name: subset_table_2w)
    [AS/datasize_result_2/subset_table_2w/PRJCA007396] Job on GPU-5 completed.
    [AS/datasize_result_3/subset_table_2w/PRJCA007396] Starting job on GPU-5. Output: /home/cjj/projects/microbial-embeddings/analysis/Disease_classification_loo/Data/pretraining_datasize/result/AS/datasize_result_3/subset_table_2w/PRJCA007396
train loss 0.4952744245529175, test loss 0.7365933656692505, train auc 0.489, test auc 0.847 train f1 0.443, test f1 0.808 train mcc -0.063, test mcc 0.616 train aupr 0.793, test aupr 0.920 train acc 0.797, test acc 0.845 confusion_matrix [[17  7]
 [ 6 54]]
train loss 0.6131662130355835, test loss 0.5111968517303467, train auc 0.442, test auc 0.759 train f1 0.413, test f1 0.622 train mcc -0.069, test mcc 0.271 train aupr 0.742, test aupr 0.937 train acc 0.702, test acc 0.814 confusion_matrix [[ 3  8]
 [ 3 45]]
train loss 0.47350573539733887, test loss 0.7351813316345215, train auc 0.661, test auc 0.745 train f1 0.443, test f1 0.454 train mcc -0.063, test mcc 0.074 train aupr 0.880, test aupr 0.890 train acc 0.797, test acc 0.714 confusion_matrix [[ 1 23]
 [ 1 59]]
    [AS/datasize_result_2/subset_table_8w/PRJCA007396] Job on GPU-4 completed.
    [AS/datasize_result_3/subset_table_2w/SRP332779] Starting job on GPU-4. Output: /home/cjj/projects/microbial-embeddings/analysis/Disease_classification_loo/Data/pretraining_datasize/result/AS/datasize_result_3/subset_table_2w/SRP332779
  Processing embedding: subset_table_4w_100 (short name: subset_table_4w)
train loss 0.4977319836616516, test loss 0.7256752252578735, train auc 0.424, test auc 0.868 train f1 0.443, test f1 0.790 train mcc -0.063, test mcc 0.582 train aupr 0.760, test aupr 0.936 train acc 0.797, test acc 0.833 confusion_matrix [[16  8]
 [ 6 54]]
    [AS/datasize_result_2/subset_table_4w/SRP332779] Job on GPU-1 completed.
    [AS/datasize_result_3/subset_table_4w/PRJCA007396] Starting job on GPU-1. Output: /home/cjj/projects/microbial-embeddings/analysis/Disease_classification_loo/Data/pretraining_datasize/result/AS/datasize_result_3/subset_table_4w/PRJCA007396
    [AS/datasize_result_2/subset_table_4w/PRJCA007396] Job on GPU-6 completed.
    [AS/datasize_result_3/subset_table_4w/SRP332779] Starting job on GPU-6. Output: /home/cjj/projects/microbial-embeddings/analysis/Disease_classification_loo/Data/pretraining_datasize/result/AS/datasize_result_3/subset_table_4w/SRP332779
  Processing embedding: subset_table_8w_100 (short name: subset_table_8w)
    [AS/datasize_result_2/subset_table_2w/SRP332779] Job on GPU-2 completed.
    [AS/datasize_result_3/subset_table_8w/PRJCA007396] Starting job on GPU-2. Output: /home/cjj/projects/microbial-embeddings/analysis/Disease_classification_loo/Data/pretraining_datasize/result/AS/datasize_result_3/subset_table_8w/PRJCA007396
    [AS/datasize_result_2/subset_table_8w/SRP332779] Job on GPU-3 completed.
    [AS/datasize_result_3/subset_table_8w/SRP332779] Starting job on GPU-3. Output: /home/cjj/projects/microbial-embeddings/analysis/Disease_classification_loo/Data/pretraining_datasize/result/AS/datasize_result_3/subset_table_8w/SRP332779
Processing data size directory: datasize_result_4
  Processing embedding: subset_table_1w_100 (short name: subset_table_1w)
train loss 0.5700036287307739, test loss 0.5067238807678223, train auc 0.625, test auc 0.775 train f1 0.413, test f1 0.656 train mcc -0.069, test mcc 0.390 train aupr 0.799, test aupr 0.942 train acc 0.702, test acc 0.847 confusion_matrix [[ 3  8]
 [ 1 47]]
    [AS/datasize_result_3/subset_table_1w/PRJCA007396] Job on GPU-0 completed.
    [AS/datasize_result_4/subset_table_1w/PRJCA007396] Starting job on GPU-0. Output: /home/cjj/projects/microbial-embeddings/analysis/Disease_classification_loo/Data/pretraining_datasize/result/AS/datasize_result_4/subset_table_1w/PRJCA007396
train loss 0.477414071559906, test loss 0.7105163335800171, train auc 0.646, test auc 0.810 train f1 0.443, test f1 0.705 train mcc -0.063, test mcc 0.431 train aupr 0.906, test aupr 0.919 train acc 0.797, test acc 0.786 confusion_matrix [[11 13]
 [ 5 55]]
train loss 0.6606971025466919, test loss 0.6201201677322388, train auc 0.566, test auc 0.705 train f1 0.413, test f1 0.443 train mcc -0.069, test mcc -0.063 train aupr 0.740, test aupr 0.922 train acc 0.702, test acc 0.797 confusion_matrix [[ 0 11]
 [ 1 47]]
    [AS/datasize_result_3/subset_table_1w/SRP332779] Job on GPU-7 completed.
    [AS/datasize_result_4/subset_table_1w/SRP332779] Starting job on GPU-7. Output: /home/cjj/projects/microbial-embeddings/analysis/Disease_classification_loo/Data/pretraining_datasize/result/AS/datasize_result_4/subset_table_1w/SRP332779
  Processing embedding: subset_table_2w_100 (short name: subset_table_2w)
    [AS/datasize_result_3/subset_table_2w/PRJCA007396] Job on GPU-5 completed.
    [AS/datasize_result_4/subset_table_2w/PRJCA007396] Starting job on GPU-5. Output: /home/cjj/projects/microbial-embeddings/analysis/Disease_classification_loo/Data/pretraining_datasize/result/AS/datasize_result_4/subset_table_2w/PRJCA007396
train loss 0.480716347694397, test loss 0.7395903468132019, train auc 0.530, test auc 0.724 train f1 0.443, test f1 0.521 train mcc -0.063, test mcc 0.175 train aupr 0.865, test aupr 0.874 train acc 0.797, test acc 0.726 confusion_matrix [[ 3 21]
 [ 2 58]]
train loss 0.5619885921478271, test loss 0.556649386882782, train auc 0.705, test auc 0.691 train f1 0.562, test f1 0.443 train mcc 0.286, test mcc -0.063 train aupr 0.864, test aupr 0.918 train acc 0.750, test acc 0.797 confusion_matrix [[ 0 11]
 [ 1 47]]
train loss 0.5915965437889099, test loss 0.509223461151123, train auc 0.609, test auc 0.695 train f1 0.621, test f1 0.443 train mcc 0.301, test mcc -0.063 train aupr 0.784, test aupr 0.916 train acc 0.750, test acc 0.797 confusion_matrix [[ 0 11]
 [ 1 47]]
train loss 0.4955853819847107, test loss 0.7351541519165039, train auc 0.436, test auc 0.781 train f1 0.443, test f1 0.683 train mcc -0.063, test mcc 0.393 train aupr 0.778, test aupr 0.900 train acc 0.797, test acc 0.774 confusion_matrix [[10 14]
 [ 5 55]]
    [AS/datasize_result_3/subset_table_2w/SRP332779] Job on GPU-4 completed.
    [AS/datasize_result_4/subset_table_2w/SRP332779] Starting job on GPU-4. Output: /home/cjj/projects/microbial-embeddings/analysis/Disease_classification_loo/Data/pretraining_datasize/result/AS/datasize_result_4/subset_table_2w/SRP332779
  Processing embedding: subset_table_4w_100 (short name: subset_table_4w)
    [AS/datasize_result_3/subset_table_8w/PRJCA007396] Job on GPU-2 completed.
    [AS/datasize_result_4/subset_table_4w/PRJCA007396] Starting job on GPU-2. Output: /home/cjj/projects/microbial-embeddings/analysis/Disease_classification_loo/Data/pretraining_datasize/result/AS/datasize_result_4/subset_table_4w/PRJCA007396
train loss 0.49405044317245483, test loss 0.7444412112236023, train auc 0.369, test auc 0.811 train f1 0.443, test f1 0.761 train mcc -0.063, test mcc 0.522 train aupr 0.789, test aupr 0.912 train acc 0.797, test acc 0.810 confusion_matrix [[15  9]
 [ 7 53]]
    [AS/datasize_result_3/subset_table_4w/PRJCA007396] Job on GPU-1 completed.
    [AS/datasize_result_4/subset_table_4w/SRP332779] Starting job on GPU-1. Output: /home/cjj/projects/microbial-embeddings/analysis/Disease_classification_loo/Data/pretraining_datasize/result/AS/datasize_result_4/subset_table_4w/SRP332779
  Processing embedding: subset_table_8w_100 (short name: subset_table_8w)
    [AS/datasize_result_3/subset_table_8w/SRP332779] Job on GPU-3 completed.
    [AS/datasize_result_4/subset_table_8w/PRJCA007396] Starting job on GPU-3. Output: /home/cjj/projects/microbial-embeddings/analysis/Disease_classification_loo/Data/pretraining_datasize/result/AS/datasize_result_4/subset_table_8w/PRJCA007396
    [AS/datasize_result_3/subset_table_4w/SRP332779] Job on GPU-6 completed.
    [AS/datasize_result_4/subset_table_8w/SRP332779] Starting job on GPU-6. Output: /home/cjj/projects/microbial-embeddings/analysis/Disease_classification_loo/Data/pretraining_datasize/result/AS/datasize_result_4/subset_table_8w/SRP332779
Processing data size directory: datasize_result_5
  Processing embedding: subset_table_1w_100 (short name: subset_table_1w)
train loss 0.6387479901313782, test loss 0.5980784893035889, train auc 0.486, test auc 0.691 train f1 0.413, test f1 0.443 train mcc -0.069, test mcc -0.063 train aupr 0.689, test aupr 0.913 train acc 0.702, test acc 0.797 confusion_matrix [[ 0 11]
 [ 1 47]]
    [AS/datasize_result_4/subset_table_1w/PRJCA007396] Job on GPU-0 completed.
    [AS/datasize_result_5/subset_table_1w/PRJCA007396] Starting job on GPU-0. Output: /home/cjj/projects/microbial-embeddings/analysis/Disease_classification_loo/Data/pretraining_datasize/result/AS/datasize_result_5/subset_table_1w/PRJCA007396
train loss 0.640241801738739, test loss 0.574825644493103, train auc 0.615, test auc 0.799 train f1 0.413, test f1 0.656 train mcc -0.069, test mcc 0.390 train aupr 0.755, test aupr 0.933 train acc 0.702, test acc 0.847 confusion_matrix [[ 3  8]
 [ 1 47]]
train loss 0.512808620929718, test loss 0.6396386623382568, train auc 0.631, test auc 0.868 train f1 0.443, test f1 0.828 train mcc -0.063, test mcc 0.666 train aupr 0.892, test aupr 0.899 train acc 0.797, test acc 0.869 confusion_matrix [[16  8]
 [ 3 57]]
    [AS/datasize_result_4/subset_table_2w/PRJCA007396] Job on GPU-5 completed.
    [AS/datasize_result_5/subset_table_1w/SRP332779] Starting job on GPU-5. Output: /home/cjj/projects/microbial-embeddings/analysis/Disease_classification_loo/Data/pretraining_datasize/result/AS/datasize_result_5/subset_table_1w/SRP332779
  Processing embedding: subset_table_2w_100 (short name: subset_table_2w)
    [AS/datasize_result_4/subset_table_1w/SRP332779] Job on GPU-7 completed.
    [AS/datasize_result_5/subset_table_2w/PRJCA007396] Starting job on GPU-7. Output: /home/cjj/projects/microbial-embeddings/analysis/Disease_classification_loo/Data/pretraining_datasize/result/AS/datasize_result_5/subset_table_2w/PRJCA007396
train loss 0.6771637201309204, test loss 0.6368516683578491, train auc 0.503, test auc 0.812 train f1 0.413, test f1 0.525 train mcc -0.069, test mcc 0.151 train aupr 0.703, test aupr 0.946 train acc 0.702, test acc 0.814 confusion_matrix [[ 1 10]
 [ 1 47]]
train loss 0.5196724534034729, test loss 0.66074538230896, train auc 0.434, test auc 0.815 train f1 0.443, test f1 0.770 train mcc -0.063, test mcc 0.566 train aupr 0.812, test aupr 0.889 train acc 0.797, test acc 0.833 confusion_matrix [[13 11]
 [ 3 57]]
    [AS/datasize_result_4/subset_table_4w/PRJCA007396] Job on GPU-2 completed.
    [AS/datasize_result_5/subset_table_2w/SRP332779] Starting job on GPU-2. Output: /home/cjj/projects/microbial-embeddings/analysis/Disease_classification_loo/Data/pretraining_datasize/result/AS/datasize_result_5/subset_table_2w/SRP332779
train loss 0.47763532400131226, test loss 0.7270302772521973, train auc 0.530, test auc 0.790 train f1 0.443, test f1 0.614 train mcc -0.063, test mcc 0.333 train aupr 0.839, test aupr 0.903 train acc 0.797, test acc 0.762 confusion_matrix [[ 6 18]
 [ 2 58]]
  Processing embedding: subset_table_4w_100 (short name: subset_table_4w)
    [AS/datasize_result_4/subset_table_2w/SRP332779] Job on GPU-4 completed.
    [AS/datasize_result_5/subset_table_4w/PRJCA007396] Starting job on GPU-4. Output: /home/cjj/projects/microbial-embeddings/analysis/Disease_classification_loo/Data/pretraining_datasize/result/AS/datasize_result_5/subset_table_4w/PRJCA007396
train loss 0.5721895098686218, test loss 0.5271796584129333, train auc 0.702, test auc 0.708 train f1 0.454, test f1 0.525 train mcc 0.074, test mcc 0.151 train aupr 0.850, test aupr 0.923 train acc 0.714, test acc 0.814 confusion_matrix [[ 1 10]
 [ 1 47]]
    [AS/datasize_result_4/subset_table_4w/SRP332779] Job on GPU-1 completed.
    [AS/datasize_result_5/subset_table_4w/SRP332779] Starting job on GPU-1. Output: /home/cjj/projects/microbial-embeddings/analysis/Disease_classification_loo/Data/pretraining_datasize/result/AS/datasize_result_5/subset_table_4w/SRP332779
  Processing embedding: subset_table_8w_100 (short name: subset_table_8w)
train loss 0.47177281975746155, test loss 0.7430281639099121, train auc 0.568, test auc 0.913 train f1 0.525, test f1 0.850 train mcc 0.151, test mcc 0.702 train aupr 0.856, test aupr 0.958 train acc 0.814, test acc 0.881 confusion_matrix [[18  6]
 [ 4 56]]
    [AS/datasize_result_4/subset_table_8w/PRJCA007396] Job on GPU-3 completed.
    [AS/datasize_result_5/subset_table_8w/PRJCA007396] Starting job on GPU-3. Output: /home/cjj/projects/microbial-embeddings/analysis/Disease_classification_loo/Data/pretraining_datasize/result/AS/datasize_result_5/subset_table_8w/PRJCA007396
    [AS/datasize_result_4/subset_table_8w/SRP332779] Job on GPU-6 completed.
Processing disease: ASD
    [AS/datasize_result_5/subset_table_8w/SRP332779] Starting job on GPU-6. Output: /home/cjj/projects/microbial-embeddings/analysis/Disease_classification_loo/Data/pretraining_datasize/result/AS/datasize_result_5/subset_table_8w/SRP332779
Found studies for ASD: PRJNA1103839 PRJNA578223 PRJNA932561
Processing data size directory: datasize_result_1
  Processing embedding: subset_table_1w_100 (short name: subset_table_1w)
train loss 0.5951962471008301, test loss 0.5054545402526855, train auc 0.527, test auc 0.744 train f1 0.413, test f1 0.525 train mcc -0.069, test mcc 0.151 train aupr 0.785, test aupr 0.932 train acc 0.702, test acc 0.814 confusion_matrix [[ 1 10]
 [ 1 47]]
    [AS/datasize_result_5/subset_table_1w/PRJCA007396] Job on GPU-0 completed.
    [ASD/datasize_result_1/subset_table_1w/PRJNA1103839] Starting job on GPU-0. Output: /home/cjj/projects/microbial-embeddings/analysis/Disease_classification_loo/Data/pretraining_datasize/result/ASD/datasize_result_1/subset_table_1w/PRJNA1103839
train loss 0.49482232332229614, test loss 0.6549780368804932, train auc 0.538, test auc 0.877 train f1 0.443, test f1 0.797 train mcc -0.063, test mcc 0.603 train aupr 0.858, test aupr 0.940 train acc 0.797, test acc 0.845 confusion_matrix [[15  9]
 [ 4 56]]
train loss 0.5946714282035828, test loss 0.5167748928070068, train auc 0.647, test auc 0.729 train f1 0.521, test f1 0.443 train mcc 0.175, test mcc -0.063 train aupr 0.822, test aupr 0.921 train acc 0.726, test acc 0.797 confusion_matrix [[ 0 11]
 [ 1 47]]
    [AS/datasize_result_5/subset_table_1w/SRP332779] Job on GPU-5 completed.
    [ASD/datasize_result_1/subset_table_1w/PRJNA578223] Starting job on GPU-5. Output: /home/cjj/projects/microbial-embeddings/analysis/Disease_classification_loo/Data/pretraining_datasize/result/ASD/datasize_result_1/subset_table_1w/PRJNA578223
    [AS/datasize_result_5/subset_table_2w/PRJCA007396] Job on GPU-7 completed.
    [ASD/datasize_result_1/subset_table_1w/PRJNA932561] Starting job on GPU-7. Output: /home/cjj/projects/microbial-embeddings/analysis/Disease_classification_loo/Data/pretraining_datasize/result/ASD/datasize_result_1/subset_table_1w/PRJNA932561
  Processing embedding: subset_table_2w_100 (short name: subset_table_2w)
train loss 0.5896799564361572, test loss 0.5089840888977051, train auc 0.565, test auc 0.750 train f1 0.413, test f1 0.672 train mcc -0.069, test mcc 0.363 train aupr 0.774, test aupr 0.931 train acc 0.702, test acc 0.831 confusion_matrix [[ 4  7]
 [ 3 45]]
train loss 0.47606515884399414, test loss 0.7344048023223877, train auc 0.612, test auc 0.806 train f1 0.443, test f1 0.660 train mcc -0.063, test mcc 0.354 train aupr 0.870, test aupr 0.904 train acc 0.797, test acc 0.762 confusion_matrix [[ 9 15]
 [ 5 55]]
    [AS/datasize_result_5/subset_table_4w/PRJCA007396] Job on GPU-4 completed.
    [ASD/datasize_result_1/subset_table_2w/PRJNA1103839] Starting job on GPU-4. Output: /home/cjj/projects/microbial-embeddings/analysis/Disease_classification_loo/Data/pretraining_datasize/result/ASD/datasize_result_1/subset_table_2w/PRJNA1103839
    [AS/datasize_result_5/subset_table_2w/SRP332779] Job on GPU-2 completed.
    [ASD/datasize_result_1/subset_table_2w/PRJNA578223] Starting job on GPU-2. Output: /home/cjj/projects/microbial-embeddings/analysis/Disease_classification_loo/Data/pretraining_datasize/result/ASD/datasize_result_1/subset_table_2w/PRJNA578223
train loss 0.5940266847610474, test loss 0.5307784080505371, train auc 0.519, test auc 0.756 train f1 0.554, test f1 0.595 train mcc 0.234, test mcc 0.285 train aupr 0.745, test aupr 0.926 train acc 0.738, test acc 0.831 confusion_matrix [[ 2  9]
 [ 1 47]]
train loss 0.46914124488830566, test loss 0.7328102588653564, train auc 0.604, test auc 0.822 train f1 0.443, test f1 0.737 train mcc -0.063, test mcc 0.499 train aupr 0.890, test aupr 0.906 train acc 0.797, test acc 0.810 confusion_matrix [[12 12]
 [ 4 56]]
train loss 0.47864848375320435, test loss 0.7385201454162598, train auc 0.572, test auc 0.802 train f1 0.443, test f1 0.749 train mcc -0.063, test mcc 0.498 train aupr 0.857, test aupr 0.907 train acc 0.797, test acc 0.798 confusion_matrix [[15  9]
 [ 8 52]]
    [AS/datasize_result_5/subset_table_8w/PRJCA007396] Job on GPU-3 completed.
    [AS/datasize_result_5/subset_table_4w/SRP332779] Job on GPU-1 completed.
    [ASD/datasize_result_1/subset_table_2w/PRJNA932561] Starting job on GPU-3. Output: /home/cjj/projects/microbial-embeddings/analysis/Disease_classification_loo/Data/pretraining_datasize/result/ASD/datasize_result_1/subset_table_2w/PRJNA932561
  Processing embedding: subset_table_4w_100 (short name: subset_table_4w)
    [ASD/datasize_result_1/subset_table_4w/PRJNA1103839] Starting job on GPU-1. Output: /home/cjj/projects/microbial-embeddings/analysis/Disease_classification_loo/Data/pretraining_datasize/result/ASD/datasize_result_1/subset_table_4w/PRJNA1103839
    [AS/datasize_result_5/subset_table_8w/SRP332779] Job on GPU-6 completed.
    [ASD/datasize_result_1/subset_table_4w/PRJNA578223] Starting job on GPU-6. Output: /home/cjj/projects/microbial-embeddings/analysis/Disease_classification_loo/Data/pretraining_datasize/result/ASD/datasize_result_1/subset_table_4w/PRJNA578223
train loss 0.69488924741745, test loss 0.6915852427482605, train auc 0.507, test auc 0.575 train f1 0.331, test f1 0.322 train mcc -0.076, test mcc -0.131 train aupr 0.504, test aupr 0.638 train acc 0.494, test acc 0.475 confusion_matrix [[ 0 31]
 [ 1 29]]
    [ASD/datasize_result_1/subset_table_1w/PRJNA1103839] Job on GPU-0 completed.
    [ASD/datasize_result_1/subset_table_4w/PRJNA932561] Starting job on GPU-0. Output: /home/cjj/projects/microbial-embeddings/analysis/Disease_classification_loo/Data/pretraining_datasize/result/ASD/datasize_result_1/subset_table_4w/PRJNA932561
  Processing embedding: subset_table_8w_100 (short name: subset_table_8w)
train loss 0.6413168907165527, test loss 0.6699356436729431, train auc 0.761, test auc 0.767 train f1 0.653, test f1 0.709 train mcc 0.413, test mcc 0.436 train aupr 0.732, test aupr 0.753 train acc 0.675, test acc 0.713 confusion_matrix [[24 16]
 [ 7 33]]
train loss 0.6971786022186279, test loss 0.6808854937553406, train auc 0.457, test auc 0.845 train f1 0.440, test f1 0.754 train mcc 0.120, test mcc 0.548 train aupr 0.456, test aupr 0.849 train acc 0.532, test acc 0.760 confusion_matrix [[29 19]
 [ 4 44]]
    [ASD/datasize_result_1/subset_table_1w/PRJNA932561] Job on GPU-7 completed.
    [ASD/datasize_result_1/subset_table_8w/PRJNA1103839] Starting job on GPU-7. Output: /home/cjj/projects/microbial-embeddings/analysis/Disease_classification_loo/Data/pretraining_datasize/result/ASD/datasize_result_1/subset_table_8w/PRJNA1103839
    [ASD/datasize_result_1/subset_table_1w/PRJNA578223] Job on GPU-5 completed.
    [ASD/datasize_result_1/subset_table_8w/PRJNA578223] Starting job on GPU-5. Output: /home/cjj/projects/microbial-embeddings/analysis/Disease_classification_loo/Data/pretraining_datasize/result/ASD/datasize_result_1/subset_table_8w/PRJNA578223
train loss 0.6559135317802429, test loss 0.7052655220031738, train auc 0.825, test auc 0.430 train f1 0.773, test f1 0.409 train mcc 0.546, test mcc 0.055 train aupr 0.820, test aupr 0.464 train acc 0.773, test acc 0.508 confusion_matrix [[ 3 28]
 [ 2 28]]
train loss 0.6467160582542419, test loss 0.6712738871574402, train auc 0.746, test auc 0.691 train f1 0.589, test f1 0.708 train mcc 0.281, test mcc 0.417 train aupr 0.770, test aupr 0.710 train acc 0.617, test acc 0.708 confusion_matrix [[35 13]
 [15 33]]
    [ASD/datasize_result_1/subset_table_2w/PRJNA1103839] Job on GPU-4 completed.
    [ASD/datasize_result_1/subset_table_8w/PRJNA932561] Starting job on GPU-4. Output: /home/cjj/projects/microbial-embeddings/analysis/Disease_classification_loo/Data/pretraining_datasize/result/ASD/datasize_result_1/subset_table_8w/PRJNA932561
Processing data size directory: datasize_result_2
  Processing embedding: subset_table_1w_100 (short name: subset_table_1w)
    [ASD/datasize_result_1/subset_table_2w/PRJNA578223] Job on GPU-2 completed.
    [ASD/datasize_result_2/subset_table_1w/PRJNA1103839] Starting job on GPU-2. Output: /home/cjj/projects/microbial-embeddings/analysis/Disease_classification_loo/Data/pretraining_datasize/result/ASD/datasize_result_2/subset_table_1w/PRJNA1103839
train loss 0.20642943680286407, test loss 1.949959635734558, train auc 0.979, test auc 0.770 train f1 0.917, test f1 0.735 train mcc 0.836, test mcc 0.482 train aupr 0.977, test aupr 0.702 train acc 0.917, test acc 0.738 confusion_matrix [[26 14]
 [ 7 33]]
train loss 0.6918312311172485, test loss 0.6912813782691956, train auc 0.522, test auc 0.614 train f1 0.343, test f1 0.529 train mcc 0.000, test mcc 0.285 train aupr 0.539, test aupr 0.550 train acc 0.500, test acc 0.590 confusion_matrix [[ 7 24]
 [ 1 29]]
train loss 0.6964728236198425, test loss 0.6848759651184082, train auc 0.486, test auc 0.822 train f1 0.397, test f1 0.760 train mcc 0.096, test mcc 0.521 train aupr 0.479, test aupr 0.842 train acc 0.518, test acc 0.760 confusion_matrix [[36 12]
 [11 37]]
    [ASD/datasize_result_1/subset_table_2w/PRJNA932561] Job on GPU-3 completed.
    [ASD/datasize_result_2/subset_table_1w/PRJNA578223] Starting job on GPU-3. Output: /home/cjj/projects/microbial-embeddings/analysis/Disease_classification_loo/Data/pretraining_datasize/result/ASD/datasize_result_2/subset_table_1w/PRJNA578223
    [ASD/datasize_result_1/subset_table_4w/PRJNA1103839] Job on GPU-1 completed.
    [ASD/datasize_result_2/subset_table_1w/PRJNA932561] Starting job on GPU-1. Output: /home/cjj/projects/microbial-embeddings/analysis/Disease_classification_loo/Data/pretraining_datasize/result/ASD/datasize_result_2/subset_table_1w/PRJNA932561
  Processing embedding: subset_table_2w_100 (short name: subset_table_2w)
    [ASD/datasize_result_1/subset_table_4w/PRJNA578223] Job on GPU-6 completed.
    [ASD/datasize_result_2/subset_table_2w/PRJNA1103839] Starting job on GPU-6. Output: /home/cjj/projects/microbial-embeddings/analysis/Disease_classification_loo/Data/pretraining_datasize/result/ASD/datasize_result_2/subset_table_2w/PRJNA1103839
train loss 0.6594703793525696, test loss 0.6745107173919678, train auc 0.764, test auc 0.807 train f1 0.668, test f1 0.759 train mcc 0.435, test mcc 0.539 train aupr 0.742, test aupr 0.741 train acc 0.688, test acc 0.762 confusion_matrix [[26 14]
 [ 5 35]]
    [ASD/datasize_result_1/subset_table_4w/PRJNA932561] Job on GPU-0 completed.
    [ASD/datasize_result_2/subset_table_2w/PRJNA578223] Starting job on GPU-0. Output: /home/cjj/projects/microbial-embeddings/analysis/Disease_classification_loo/Data/pretraining_datasize/result/ASD/datasize_result_2/subset_table_2w/PRJNA578223
train loss 0.6644603610038757, test loss 0.6855534315109253, train auc 0.724, test auc 0.570 train f1 0.574, test f1 0.329 train mcc 0.312, test mcc -0.103 train aupr 0.750, test aupr 0.662 train acc 0.617, test acc 0.490 confusion_matrix [[ 0 48]
 [ 1 47]]
train loss 0.6711483597755432, test loss 0.6822991371154785, train auc 0.714, test auc 0.786 train f1 0.600, test f1 0.702 train mcc 0.353, test mcc 0.458 train aupr 0.689, test aupr 0.746 train acc 0.637, test acc 0.713 confusion_matrix [[21 19]
 [ 4 36]]
train loss 0.09381251037120819, test loss 2.7005841732025146, train auc 0.996, test auc 0.563 train f1 0.972, test f1 0.504 train mcc 0.943, test mcc 0.170 train aupr 0.996, test aupr 0.540 train acc 0.972, test acc 0.557 confusion_matrix [[ 7 24]
 [ 3 27]]
    [ASD/datasize_result_1/subset_table_8w/PRJNA578223] Job on GPU-5 completed.
    [ASD/datasize_result_2/subset_table_2w/PRJNA932561] Starting job on GPU-5. Output: /home/cjj/projects/microbial-embeddings/analysis/Disease_classification_loo/Data/pretraining_datasize/result/ASD/datasize_result_2/subset_table_2w/PRJNA932561
  Processing embedding: subset_table_4w_100 (short name: subset_table_4w)
train loss 0.10675245523452759, test loss 2.2738375663757324, train auc 0.993, test auc 0.609 train f1 0.966, test f1 0.529 train mcc 0.934, test mcc 0.285 train aupr 0.993, test aupr 0.553 train acc 0.966, test acc 0.590 confusion_matrix [[ 7 24]
 [ 1 29]]
    [ASD/datasize_result_1/subset_table_8w/PRJNA932561] Job on GPU-4 completed.
    [ASD/datasize_result_2/subset_table_4w/PRJNA1103839] Starting job on GPU-4. Output: /home/cjj/projects/microbial-embeddings/analysis/Disease_classification_loo/Data/pretraining_datasize/result/ASD/datasize_result_2/subset_table_4w/PRJNA1103839
    [ASD/datasize_result_1/subset_table_8w/PRJNA1103839] Job on GPU-7 completed.
    [ASD/datasize_result_2/subset_table_4w/PRJNA578223] Starting job on GPU-7. Output: /home/cjj/projects/microbial-embeddings/analysis/Disease_classification_loo/Data/pretraining_datasize/result/ASD/datasize_result_2/subset_table_4w/PRJNA578223
train loss 0.6797170042991638, test loss 0.6757304072380066, train auc 0.645, test auc 0.809 train f1 0.525, test f1 0.773 train mcc 0.197, test mcc 0.561 train aupr 0.637, test aupr 0.737 train acc 0.573, test acc 0.775 confusion_matrix [[27 13]
 [ 5 35]]
    [ASD/datasize_result_2/subset_table_1w/PRJNA1103839] Job on GPU-2 completed.
    [ASD/datasize_result_2/subset_table_4w/PRJNA932561] Starting job on GPU-2. Output: /home/cjj/projects/microbial-embeddings/analysis/Disease_classification_loo/Data/pretraining_datasize/result/ASD/datasize_result_2/subset_table_4w/PRJNA932561
  Processing embedding: subset_table_8w_100 (short name: subset_table_8w)
train loss 0.6919582486152649, test loss 0.6757092475891113, train auc 0.557, test auc 0.832 train f1 0.359, test f1 0.766 train mcc 0.048, test mcc 0.566 train aupr 0.533, test aupr 0.829 train acc 0.504, test acc 0.771 confusion_matrix [[30 18]
 [ 4 44]]
    [ASD/datasize_result_2/subset_table_1w/PRJNA932561] Job on GPU-1 completed.
    [ASD/datasize_result_2/subset_table_8w/PRJNA1103839] Starting job on GPU-1. Output: /home/cjj/projects/microbial-embeddings/analysis/Disease_classification_loo/Data/pretraining_datasize/result/ASD/datasize_result_2/subset_table_8w/PRJNA1103839
train loss 0.17211000621318817, test loss 1.246929407119751, train auc 0.987, test auc 0.563 train f1 0.937, test f1 0.322 train mcc 0.878, test mcc -0.131 train aupr 0.986, test aupr 0.616 train acc 0.938, test acc 0.475 confusion_matrix [[ 0 31]
 [ 1 29]]
    [ASD/datasize_result_2/subset_table_1w/PRJNA578223] Job on GPU-3 completed.
    [ASD/datasize_result_2/subset_table_8w/PRJNA578223] Starting job on GPU-3. Output: /home/cjj/projects/microbial-embeddings/analysis/Disease_classification_loo/Data/pretraining_datasize/result/ASD/datasize_result_2/subset_table_8w/PRJNA578223
    [ASD/datasize_result_2/subset_table_2w/PRJNA1103839] Job on GPU-6 completed.
    [ASD/datasize_result_2/subset_table_8w/PRJNA932561] Starting job on GPU-6. Output: /home/cjj/projects/microbial-embeddings/analysis/Disease_classification_loo/Data/pretraining_datasize/result/ASD/datasize_result_2/subset_table_8w/PRJNA932561
Processing data size directory: datasize_result_3
  Processing embedding: subset_table_1w_100 (short name: subset_table_1w)
train loss 0.651953399181366, test loss 0.6881833076477051, train auc 0.754, test auc 0.666 train f1 0.661, test f1 0.599 train mcc 0.380, test mcc 0.250 train aupr 0.760, test aupr 0.715 train acc 0.674, test acc 0.615 confusion_matrix [[20 28]
 [ 9 39]]
    [ASD/datasize_result_2/subset_table_2w/PRJNA578223] Job on GPU-0 completed.
    [ASD/datasize_result_3/subset_table_1w/PRJNA1103839] Starting job on GPU-0. Output: /home/cjj/projects/microbial-embeddings/analysis/Disease_classification_loo/Data/pretraining_datasize/result/ASD/datasize_result_3/subset_table_1w/PRJNA1103839
train loss 0.6712257266044617, test loss 0.6685644388198853, train auc 0.682, test auc 0.814 train f1 0.521, test f1 0.771 train mcc 0.265, test mcc 0.568 train aupr 0.713, test aupr 0.800 train acc 0.586, test acc 0.775 confusion_matrix [[26 14]
 [ 4 36]]
train loss 0.2287692129611969, test loss 1.2577998638153076, train auc 0.969, test auc 0.495 train f1 0.926, test f1 0.322 train mcc 0.852, test mcc -0.131 train aupr 0.947, test aupr 0.519 train acc 0.926, test acc 0.475 confusion_matrix [[ 0 31]
 [ 1 29]]
    [ASD/datasize_result_2/subset_table_2w/PRJNA932561] Job on GPU-5 completed.
    [ASD/datasize_result_3/subset_table_1w/PRJNA578223] Starting job on GPU-5. Output: /home/cjj/projects/microbial-embeddings/analysis/Disease_classification_loo/Data/pretraining_datasize/result/ASD/datasize_result_3/subset_table_1w/PRJNA578223
train loss 0.6936094164848328, test loss 0.6826135516166687, train auc 0.550, test auc 0.836 train f1 0.402, test f1 0.760 train mcc 0.139, test mcc 0.524 train aupr 0.565, test aupr 0.835 train acc 0.525, test acc 0.760 confusion_matrix [[34 14]
 [ 9 39]]
train loss 0.6358446478843689, test loss 0.6587300300598145, train auc 0.771, test auc 0.734 train f1 0.660, test f1 0.697 train mcc 0.359, test mcc 0.408 train aupr 0.787, test aupr 0.675 train acc 0.669, test acc 0.700 confusion_matrix [[24 16]
 [ 8 32]]
    [ASD/datasize_result_2/subset_table_4w/PRJNA1103839] Job on GPU-4 completed.
    [ASD/datasize_result_3/subset_table_1w/PRJNA932561] Starting job on GPU-4. Output: /home/cjj/projects/microbial-embeddings/analysis/Disease_classification_loo/Data/pretraining_datasize/result/ASD/datasize_result_3/subset_table_1w/PRJNA932561
  Processing embedding: subset_table_2w_100 (short name: subset_table_2w)
    [ASD/datasize_result_2/subset_table_4w/PRJNA578223] Job on GPU-7 completed.
    [ASD/datasize_result_3/subset_table_2w/PRJNA1103839] Starting job on GPU-7. Output: /home/cjj/projects/microbial-embeddings/analysis/Disease_classification_loo/Data/pretraining_datasize/result/ASD/datasize_result_3/subset_table_2w/PRJNA1103839
    [ASD/datasize_result_2/subset_table_4w/PRJNA932561] Job on GPU-2 completed.
    [ASD/datasize_result_3/subset_table_2w/PRJNA578223] Starting job on GPU-2. Output: /home/cjj/projects/microbial-embeddings/analysis/Disease_classification_loo/Data/pretraining_datasize/result/ASD/datasize_result_3/subset_table_2w/PRJNA578223
train loss 0.6853570342063904, test loss 0.6831750869750977, train auc 0.584, test auc 0.785 train f1 0.344, test f1 0.686 train mcc -0.001, test mcc 0.431 train aupr 0.577, test aupr 0.782 train acc 0.496, test acc 0.698 confusion_matrix [[24 24]
 [ 5 43]]
train loss 0.25277456641197205, test loss 1.2532404661178589, train auc 0.965, test auc 0.779 train f1 0.917, test f1 0.773 train mcc 0.836, test mcc 0.561 train aupr 0.966, test aupr 0.773 train acc 0.917, test acc 0.775 confusion_matrix [[35  5]
 [13 27]]
train loss 0.1538935750722885, test loss 2.2375681400299072, train auc 0.983, test auc 0.531 train f1 0.943, test f1 0.356 train mcc 0.887, test mcc -0.003 train aupr 0.979, test aupr 0.562 train acc 0.943, test acc 0.492 confusion_matrix [[ 1 30]
 [ 1 29]]
    [ASD/datasize_result_2/subset_table_8w/PRJNA578223] Job on GPU-3 completed.
    [ASD/datasize_result_3/subset_table_2w/PRJNA932561] Starting job on GPU-3. Output: /home/cjj/projects/microbial-embeddings/analysis/Disease_classification_loo/Data/pretraining_datasize/result/ASD/datasize_result_3/subset_table_2w/PRJNA932561
  Processing embedding: subset_table_4w_100 (short name: subset_table_4w)
    [ASD/datasize_result_2/subset_table_8w/PRJNA1103839] Job on GPU-1 completed.
    [ASD/datasize_result_3/subset_table_4w/PRJNA1103839] Starting job on GPU-1. Output: /home/cjj/projects/microbial-embeddings/analysis/Disease_classification_loo/Data/pretraining_datasize/result/ASD/datasize_result_3/subset_table_4w/PRJNA1103839
    [ASD/datasize_result_2/subset_table_8w/PRJNA932561] Job on GPU-6 completed.
    [ASD/datasize_result_3/subset_table_4w/PRJNA578223] Starting job on GPU-6. Output: /home/cjj/projects/microbial-embeddings/analysis/Disease_classification_loo/Data/pretraining_datasize/result/ASD/datasize_result_3/subset_table_4w/PRJNA578223
train loss 0.10178117454051971, test loss 3.126988172531128, train auc 0.994, test auc 0.555 train f1 0.972, test f1 0.356 train mcc 0.943, test mcc -0.003 train aupr 0.995, test aupr 0.552 train acc 0.972, test acc 0.492 confusion_matrix [[ 1 30]
 [ 1 29]]
    [ASD/datasize_result_3/subset_table_1w/PRJNA1103839] Job on GPU-0 completed.
    [ASD/datasize_result_3/subset_table_4w/PRJNA932561] Starting job on GPU-0. Output: /home/cjj/projects/microbial-embeddings/analysis/Disease_classification_loo/Data/pretraining_datasize/result/ASD/datasize_result_3/subset_table_4w/PRJNA932561
  Processing embedding: subset_table_8w_100 (short name: subset_table_8w)
train loss 0.6912062764167786, test loss 0.6866315603256226, train auc 0.507, test auc 0.796 train f1 0.397, test f1 0.657 train mcc 0.096, test mcc 0.404 train aupr 0.500, test aupr 0.791 train acc 0.518, test acc 0.677 confusion_matrix [[21 27]
 [ 4 44]]
    [ASD/datasize_result_3/subset_table_1w/PRJNA578223] Job on GPU-5 completed.
    [ASD/datasize_result_3/subset_table_8w/PRJNA1103839] Starting job on GPU-5. Output: /home/cjj/projects/microbial-embeddings/analysis/Disease_classification_loo/Data/pretraining_datasize/result/ASD/datasize_result_3/subset_table_8w/PRJNA1103839
train loss 0.26454398036003113, test loss 1.4099366664886475, train auc 0.967, test auc 0.776 train f1 0.917, test f1 0.749 train mcc 0.836, test mcc 0.503 train aupr 0.970, test aupr 0.702 train acc 0.917, test acc 0.750 confusion_matrix [[28 12]
 [ 8 32]]
train loss 0.6536460518836975, test loss 0.6372312307357788, train auc 0.725, test auc 0.799 train f1 0.603, test f1 0.726 train mcc 0.352, test mcc 0.469 train aupr 0.716, test aupr 0.821 train acc 0.638, test acc 0.729 confusion_matrix [[30 18]
 [ 8 40]]
train loss 0.6737310886383057, test loss 0.6980111598968506, train auc 0.689, test auc 0.460 train f1 0.571, test f1 0.438 train mcc 0.322, test mcc 0.105 train aupr 0.681, test aupr 0.492 train acc 0.619, test acc 0.525 confusion_matrix [[ 4 27]
 [ 2 28]]
    [ASD/datasize_result_3/subset_table_1w/PRJNA932561] Job on GPU-4 completed.
    [ASD/datasize_result_3/subset_table_8w/PRJNA578223] Starting job on GPU-4. Output: /home/cjj/projects/microbial-embeddings/analysis/Disease_classification_loo/Data/pretraining_datasize/result/ASD/datasize_result_3/subset_table_8w/PRJNA578223
    [ASD/datasize_result_3/subset_table_2w/PRJNA578223] Job on GPU-2 completed.
    [ASD/datasize_result_3/subset_table_8w/PRJNA932561] Starting job on GPU-2. Output: /home/cjj/projects/microbial-embeddings/analysis/Disease_classification_loo/Data/pretraining_datasize/result/ASD/datasize_result_3/subset_table_8w/PRJNA932561
Processing data size directory: datasize_result_4
  Processing embedding: subset_table_1w_100 (short name: subset_table_1w)
    [ASD/datasize_result_3/subset_table_2w/PRJNA1103839] Job on GPU-7 completed.
    [ASD/datasize_result_4/subset_table_1w/PRJNA1103839] Starting job on GPU-7. Output: /home/cjj/projects/microbial-embeddings/analysis/Disease_classification_loo/Data/pretraining_datasize/result/ASD/datasize_result_4/subset_table_1w/PRJNA1103839
train loss 0.6640539169311523, test loss 0.6686317920684814, train auc 0.735, test auc 0.812 train f1 0.657, test f1 0.732 train mcc 0.399, test mcc 0.494 train aupr 0.680, test aupr 0.778 train acc 0.675, test acc 0.738 confusion_matrix [[24 16]
 [ 5 35]]
    [ASD/datasize_result_3/subset_table_2w/PRJNA932561] Job on GPU-3 completed.
    [ASD/datasize_result_4/subset_table_1w/PRJNA578223] Starting job on GPU-3. Output: /home/cjj/projects/microbial-embeddings/analysis/Disease_classification_loo/Data/pretraining_datasize/result/ASD/datasize_result_4/subset_table_1w/PRJNA578223
train loss 0.6512441039085388, test loss 0.6425306797027588, train auc 0.737, test auc 0.774 train f1 0.622, test f1 0.708 train mcc 0.341, test mcc 0.418 train aupr 0.742, test aupr 0.798 train acc 0.645, test acc 0.708 confusion_matrix [[32 16]
 [12 36]]
train loss 0.24295201897621155, test loss 1.138188123703003, train auc 0.976, test auc 0.487 train f1 0.915, test f1 0.322 train mcc 0.831, test mcc -0.131 train aupr 0.977, test aupr 0.529 train acc 0.915, test acc 0.475 confusion_matrix [[ 0 31]
 [ 1 29]]
    [ASD/datasize_result_3/subset_table_4w/PRJNA578223] Job on GPU-6 completed.
  Processing embedding: subset_table_2w_100 (short name: subset_table_2w)
    [ASD/datasize_result_4/subset_table_1w/PRJNA932561] Starting job on GPU-6. Output: /home/cjj/projects/microbial-embeddings/analysis/Disease_classification_loo/Data/pretraining_datasize/result/ASD/datasize_result_4/subset_table_1w/PRJNA932561
    [ASD/datasize_result_3/subset_table_4w/PRJNA1103839] Job on GPU-1 completed.
    [ASD/datasize_result_4/subset_table_2w/PRJNA1103839] Starting job on GPU-1. Output: /home/cjj/projects/microbial-embeddings/analysis/Disease_classification_loo/Data/pretraining_datasize/result/ASD/datasize_result_4/subset_table_2w/PRJNA1103839
train loss 0.20814669132232666, test loss 1.934614658355713, train auc 0.974, test auc 0.803 train f1 0.911, test f1 0.774 train mcc 0.826, test mcc 0.553 train aupr 0.976, test aupr 0.763 train acc 0.911, test acc 0.775 confusion_matrix [[33  7]
 [11 29]]
    [ASD/datasize_result_3/subset_table_4w/PRJNA932561] Job on GPU-0 completed.
    [ASD/datasize_result_4/subset_table_2w/PRJNA578223] Starting job on GPU-0. Output: /home/cjj/projects/microbial-embeddings/analysis/Disease_classification_loo/Data/pretraining_datasize/result/ASD/datasize_result_4/subset_table_2w/PRJNA578223
train loss 0.47477611899375916, test loss 0.8047704696655273, train auc 0.916, test auc 0.469 train f1 0.833, test f1 0.322 train mcc 0.690, test mcc -0.131 train aupr 0.903, test aupr 0.513 train acc 0.835, test acc 0.475 confusion_matrix [[ 0 31]
 [ 1 29]]
    [ASD/datasize_result_3/subset_table_8w/PRJNA1103839] Job on GPU-5 completed.
    [ASD/datasize_result_4/subset_table_2w/PRJNA932561] Starting job on GPU-5. Output: /home/cjj/projects/microbial-embeddings/analysis/Disease_classification_loo/Data/pretraining_datasize/result/ASD/datasize_result_4/subset_table_2w/PRJNA932561
  Processing embedding: subset_table_4w_100 (short name: subset_table_4w)
train loss 0.19506719708442688, test loss 1.8924487829208374, train auc 0.976, test auc 0.538 train f1 0.932, test f1 0.409 train mcc 0.866, test mcc 0.055 train aupr 0.971, test aupr 0.486 train acc 0.932, test acc 0.508 confusion_matrix [[ 3 28]
 [ 2 28]]
train loss 0.6962186694145203, test loss 0.6862807273864746, train auc 0.542, test auc 0.861 train f1 0.359, test f1 0.757 train mcc 0.048, test mcc 0.535 train aupr 0.539, test aupr 0.849 train acc 0.504, test acc 0.760 confusion_matrix [[31 17]
 [ 6 42]]
train loss 0.659083902835846, test loss 0.6737746000289917, train auc 0.780, test auc 0.811 train f1 0.685, test f1 0.774 train mcc 0.417, test mcc 0.553 train aupr 0.797, test aupr 0.782 train acc 0.694, test acc 0.775 confusion_matrix [[29 11]
 [ 7 33]]
    [ASD/datasize_result_4/subset_table_1w/PRJNA1103839] Job on GPU-7 completed.
    [ASD/datasize_result_4/subset_table_4w/PRJNA1103839] Starting job on GPU-7. Output: /home/cjj/projects/microbial-embeddings/analysis/Disease_classification_loo/Data/pretraining_datasize/result/ASD/datasize_result_4/subset_table_4w/PRJNA1103839
    [ASD/datasize_result_3/subset_table_8w/PRJNA578223] Job on GPU-4 completed.
    [ASD/datasize_result_3/subset_table_8w/PRJNA932561] Job on GPU-2 completed.
    [ASD/datasize_result_4/subset_table_4w/PRJNA578223] Starting job on GPU-2. Output: /home/cjj/projects/microbial-embeddings/analysis/Disease_classification_loo/Data/pretraining_datasize/result/ASD/datasize_result_4/subset_table_4w/PRJNA578223
    [ASD/datasize_result_4/subset_table_4w/PRJNA932561] Starting job on GPU-4. Output: /home/cjj/projects/microbial-embeddings/analysis/Disease_classification_loo/Data/pretraining_datasize/result/ASD/datasize_result_4/subset_table_4w/PRJNA932561
  Processing embedding: subset_table_8w_100 (short name: subset_table_8w)
train loss 0.6924944519996643, test loss 0.6864170432090759, train auc 0.516, test auc 0.868 train f1 0.359, test f1 0.781 train mcc 0.048, test mcc 0.563 train aupr 0.535, test aupr 0.886 train acc 0.504, test acc 0.781 confusion_matrix [[37 11]
 [10 38]]
    [ASD/datasize_result_4/subset_table_1w/PRJNA578223] Job on GPU-3 completed.
    [ASD/datasize_result_4/subset_table_8w/PRJNA1103839] Starting job on GPU-3. Output: /home/cjj/projects/microbial-embeddings/analysis/Disease_classification_loo/Data/pretraining_datasize/result/ASD/datasize_result_4/subset_table_8w/PRJNA1103839
train loss 0.1410233974456787, test loss 2.3801143169403076, train auc 0.991, test auc 0.794 train f1 0.943, test f1 0.761 train mcc 0.885, test mcc 0.533 train aupr 0.992, test aupr 0.804 train acc 0.943, test acc 0.762 confusion_matrix [[34  6]
 [13 27]]
train loss 0.48859331011772156, test loss 0.8336014747619629, train auc 0.881, test auc 0.492 train f1 0.812, test f1 0.322 train mcc 0.625, test mcc -0.131 train aupr 0.841, test aupr 0.505 train acc 0.812, test acc 0.475 confusion_matrix [[ 0 31]
 [ 1 29]]
    [ASD/datasize_result_4/subset_table_1w/PRJNA932561] Job on GPU-6 completed.
    [ASD/datasize_result_4/subset_table_8w/PRJNA578223] Starting job on GPU-6. Output: /home/cjj/projects/microbial-embeddings/analysis/Disease_classification_loo/Data/pretraining_datasize/result/ASD/datasize_result_4/subset_table_8w/PRJNA578223
    [ASD/datasize_result_4/subset_table_2w/PRJNA1103839] Job on GPU-1 completed.
    [ASD/datasize_result_4/subset_table_8w/PRJNA932561] Starting job on GPU-1. Output: /home/cjj/projects/microbial-embeddings/analysis/Disease_classification_loo/Data/pretraining_datasize/result/ASD/datasize_result_4/subset_table_8w/PRJNA932561
Processing data size directory: datasize_result_5
  Processing embedding: subset_table_1w_100 (short name: subset_table_1w)
train loss 0.682270884513855, test loss 0.6896330118179321, train auc 0.647, test auc 0.661 train f1 0.411, test f1 0.570 train mcc 0.121, test mcc 0.300 train aupr 0.652, test aupr 0.645 train acc 0.525, test acc 0.615 confusion_matrix [[14 34]
 [ 3 45]]
    [ASD/datasize_result_4/subset_table_2w/PRJNA578223] Job on GPU-0 completed.
    [ASD/datasize_result_5/subset_table_1w/PRJNA1103839] Starting job on GPU-0. Output: /home/cjj/projects/microbial-embeddings/analysis/Disease_classification_loo/Data/pretraining_datasize/result/ASD/datasize_result_5/subset_table_1w/PRJNA1103839
train loss 0.6822450160980225, test loss 0.6871269941329956, train auc 0.663, test auc 0.778 train f1 0.562, test f1 0.747 train mcc 0.276, test mcc 0.510 train aupr 0.628, test aupr 0.738 train acc 0.605, test acc 0.750 confusion_matrix [[26 14]
 [ 6 34]]
    [ASD/datasize_result_4/subset_table_2w/PRJNA932561] Job on GPU-5 completed.
    [ASD/datasize_result_5/subset_table_1w/PRJNA578223] Starting job on GPU-5. Output: /home/cjj/projects/microbial-embeddings/analysis/Disease_classification_loo/Data/pretraining_datasize/result/ASD/datasize_result_5/subset_table_1w/PRJNA578223
train loss 0.6169981360435486, test loss 0.6630327105522156, train auc 0.808, test auc 0.736 train f1 0.661, test f1 0.711 train mcc 0.461, test mcc 0.428 train aupr 0.804, test aupr 0.670 train acc 0.688, test acc 0.713 confusion_matrix [[26 14]
 [ 9 31]]
train loss 0.6794164180755615, test loss 0.6839108467102051, train auc 0.666, test auc 0.829 train f1 0.658, test f1 0.739 train mcc 0.323, test mcc 0.482 train aupr 0.635, test aupr 0.848 train acc 0.660, test acc 0.740 confusion_matrix [[33 15]
 [10 38]]
train loss 0.25052809715270996, test loss 1.037819266319275, train auc 0.962, test auc 0.501 train f1 0.915, test f1 0.322 train mcc 0.831, test mcc -0.131 train aupr 0.961, test aupr 0.583 train acc 0.915, test acc 0.475 confusion_matrix [[ 0 31]
 [ 1 29]]
    [ASD/datasize_result_4/subset_table_4w/PRJNA932561] Job on GPU-4 completed.
    [ASD/datasize_result_5/subset_table_1w/PRJNA932561] Starting job on GPU-4. Output: /home/cjj/projects/microbial-embeddings/analysis/Disease_classification_loo/Data/pretraining_datasize/result/ASD/datasize_result_5/subset_table_1w/PRJNA932561
  Processing embedding: subset_table_2w_100 (short name: subset_table_2w)
    [ASD/datasize_result_4/subset_table_4w/PRJNA578223] Job on GPU-2 completed.
    [ASD/datasize_result_5/subset_table_2w/PRJNA1103839] Starting job on GPU-2. Output: /home/cjj/projects/microbial-embeddings/analysis/Disease_classification_loo/Data/pretraining_datasize/result/ASD/datasize_result_5/subset_table_2w/PRJNA1103839
    [ASD/datasize_result_4/subset_table_4w/PRJNA1103839] Job on GPU-7 completed.
    [ASD/datasize_result_5/subset_table_2w/PRJNA578223] Starting job on GPU-7. Output: /home/cjj/projects/microbial-embeddings/analysis/Disease_classification_loo/Data/pretraining_datasize/result/ASD/datasize_result_5/subset_table_2w/PRJNA578223
train loss 0.6918115019798279, test loss 0.6923909187316895, train auc 0.568, test auc 0.565 train f1 0.471, test f1 0.322 train mcc 0.137, test mcc -0.131 train aupr 0.535, test aupr 0.536 train acc 0.545, test acc 0.475 confusion_matrix [[ 0 31]
 [ 1 29]]
train loss 0.6856245398521423, test loss 0.691670835018158, train auc 0.629, test auc 0.520 train f1 0.604, test f1 0.438 train mcc 0.331, test mcc 0.105 train aupr 0.596, test aupr 0.555 train acc 0.636, test acc 0.525 confusion_matrix [[ 4 27]
 [ 2 28]]
    [ASD/datasize_result_4/subset_table_8w/PRJNA1103839] Job on GPU-3 completed.
    [ASD/datasize_result_5/subset_table_2w/PRJNA932561] Starting job on GPU-3. Output: /home/cjj/projects/microbial-embeddings/analysis/Disease_classification_loo/Data/pretraining_datasize/result/ASD/datasize_result_5/subset_table_2w/PRJNA932561
  Processing embedding: subset_table_4w_100 (short name: subset_table_4w)
train loss 0.6947898864746094, test loss 0.6789555549621582, train auc 0.549, test auc 0.875 train f1 0.344, test f1 0.812 train mcc -0.001, test mcc 0.626 train aupr 0.556, test aupr 0.859 train acc 0.496, test acc 0.812 confusion_matrix [[38 10]
 [ 8 40]]
    [ASD/datasize_result_5/subset_table_1w/PRJNA1103839] Job on GPU-0 completed.
    [ASD/datasize_result_5/subset_table_4w/PRJNA1103839] Starting job on GPU-0. Output: /home/cjj/projects/microbial-embeddings/analysis/Disease_classification_loo/Data/pretraining_datasize/result/ASD/datasize_result_5/subset_table_4w/PRJNA1103839
train loss 0.6554374098777771, test loss 0.6746968030929565, train auc 0.734, test auc 0.797 train f1 0.516, test f1 0.702 train mcc 0.210, test mcc 0.458 train aupr 0.773, test aupr 0.732 train acc 0.573, test acc 0.713 confusion_matrix [[21 19]
 [ 4 36]]
    [ASD/datasize_result_4/subset_table_8w/PRJNA578223] Job on GPU-6 completed.
    [ASD/datasize_result_5/subset_table_4w/PRJNA578223] Starting job on GPU-6. Output: /home/cjj/projects/microbial-embeddings/analysis/Disease_classification_loo/Data/pretraining_datasize/result/ASD/datasize_result_5/subset_table_4w/PRJNA578223
    [ASD/datasize_result_4/subset_table_8w/PRJNA932561] Job on GPU-1 completed.
    [ASD/datasize_result_5/subset_table_4w/PRJNA932561] Starting job on GPU-1. Output: /home/cjj/projects/microbial-embeddings/analysis/Disease_classification_loo/Data/pretraining_datasize/result/ASD/datasize_result_5/subset_table_4w/PRJNA932561
  Processing embedding: subset_table_8w_100 (short name: subset_table_8w)
train loss 0.6844078898429871, test loss 0.6696568727493286, train auc 0.606, test auc 0.843 train f1 0.457, test f1 0.756 train mcc 0.169, test mcc 0.541 train aupr 0.584, test aupr 0.832 train acc 0.546, test acc 0.760 confusion_matrix [[30 18]
 [ 5 43]]
train loss 0.2080453634262085, test loss 1.5730986595153809, train auc 0.979, test auc 0.539 train f1 0.926, test f1 0.322 train mcc 0.852, test mcc -0.131 train aupr 0.978, test aupr 0.595 train acc 0.926, test acc 0.475 confusion_matrix [[ 0 31]
 [ 1 29]]
    [ASD/datasize_result_5/subset_table_4w/PRJNA1103839] Job on GPU-0 completed.
    [ASD/datasize_result_5/subset_table_8w/PRJNA1103839] Starting job on GPU-0. Output: /home/cjj/projects/microbial-embeddings/analysis/Disease_classification_loo/Data/pretraining_datasize/result/ASD/datasize_result_5/subset_table_8w/PRJNA1103839
    [ASD/datasize_result_5/subset_table_1w/PRJNA578223] Job on GPU-5 completed.
    [ASD/datasize_result_5/subset_table_8w/PRJNA578223] Starting job on GPU-5. Output: /home/cjj/projects/microbial-embeddings/analysis/Disease_classification_loo/Data/pretraining_datasize/result/ASD/datasize_result_5/subset_table_8w/PRJNA578223
train loss 0.6213200688362122, test loss 0.6638993620872498, train auc 0.811, test auc 0.714 train f1 0.693, test f1 0.661 train mcc 0.424, test mcc 0.382 train aupr 0.848, test aupr 0.684 train acc 0.701, test acc 0.675 confusion_matrix [[19 21]
 [ 5 35]]
train loss 0.6772285103797913, test loss 0.6813446879386902, train auc 0.630, test auc 0.640 train f1 0.511, test f1 0.373 train mcc 0.192, test mcc 0.060 train aupr 0.630, test aupr 0.667 train acc 0.567, test acc 0.510 confusion_matrix [[ 2 46]
 [ 1 47]]
    [ASD/datasize_result_5/subset_table_1w/PRJNA932561] Job on GPU-4 completed.
Processing disease: BD
    [ASD/datasize_result_5/subset_table_8w/PRJNA932561] Starting job on GPU-4. Output: /home/cjj/projects/microbial-embeddings/analysis/Disease_classification_loo/Data/pretraining_datasize/result/ASD/datasize_result_5/subset_table_8w/PRJNA932561
Found studies for BD: PRJEB11419 PRJEB23500 PRJNA1068750
Processing data size directory: datasize_result_1
  Processing embedding: subset_table_1w_100 (short name: subset_table_1w)
train loss 0.6962008476257324, test loss 0.6908661127090454, train auc 0.462, test auc 0.540 train f1 0.355, test f1 0.479 train mcc 0.044, test mcc 0.132 train aupr 0.466, test aupr 0.584 train acc 0.506, test acc 0.541 confusion_matrix [[ 6 25]
 [ 3 27]]
    [ASD/datasize_result_5/subset_table_2w/PRJNA578223] Job on GPU-7 completed.
    [BD/datasize_result_1/subset_table_1w/PRJEB11419] Starting job on GPU-7. Output: /home/cjj/projects/microbial-embeddings/analysis/Disease_classification_loo/Data/pretraining_datasize/result/BD/datasize_result_1/subset_table_1w/PRJEB11419
    [ASD/datasize_result_5/subset_table_2w/PRJNA1103839] Job on GPU-2 completed.
    [BD/datasize_result_1/subset_table_1w/PRJEB23500] Starting job on GPU-2. Output: /home/cjj/projects/microbial-embeddings/analysis/Disease_classification_loo/Data/pretraining_datasize/result/BD/datasize_result_1/subset_table_1w/PRJEB23500
train loss 0.6744864583015442, test loss 0.6586859226226807, train auc 0.647, test auc 0.759 train f1 0.411, test f1 0.630 train mcc 0.121, test mcc 0.321 train aupr 0.673, test aupr 0.794 train acc 0.525, test acc 0.646 confusion_matrix [[21 27]
 [ 7 41]]
train loss 0.6715252995491028, test loss 0.6768362522125244, train auc 0.715, test auc 0.758 train f1 0.620, test f1 0.684 train mcc 0.368, test mcc 0.448 train aupr 0.724, test aupr 0.709 train acc 0.650, test acc 0.700 confusion_matrix [[19 21]
 [ 3 37]]
    [ASD/datasize_result_5/subset_table_4w/PRJNA578223] Job on GPU-6 completed.
  Processing embedding: subset_table_2w_100 (short name: subset_table_2w)
    [BD/datasize_result_1/subset_table_1w/PRJNA1068750] Starting job on GPU-6. Output: /home/cjj/projects/microbial-embeddings/analysis/Disease_classification_loo/Data/pretraining_datasize/result/BD/datasize_result_1/subset_table_1w/PRJNA1068750
train loss 0.6684460639953613, test loss 0.6752147674560547, train auc 0.759, test auc 0.811 train f1 0.669, test f1 0.787 train mcc 0.399, test mcc 0.575 train aupr 0.756, test aupr 0.724 train acc 0.682, test acc 0.787 confusion_matrix [[32  8]
 [ 9 31]]
    [ASD/datasize_result_5/subset_table_2w/PRJNA932561] Job on GPU-3 completed.
    [BD/datasize_result_1/subset_table_2w/PRJEB11419] Starting job on GPU-3. Output: /home/cjj/projects/microbial-embeddings/analysis/Disease_classification_loo/Data/pretraining_datasize/result/BD/datasize_result_1/subset_table_2w/PRJEB11419
    [ASD/datasize_result_5/subset_table_4w/PRJNA932561] Job on GPU-1 completed.
    [BD/datasize_result_1/subset_table_2w/PRJEB23500] Starting job on GPU-1. Output: /home/cjj/projects/microbial-embeddings/analysis/Disease_classification_loo/Data/pretraining_datasize/result/BD/datasize_result_1/subset_table_2w/PRJEB23500
train loss 0.3924698829650879, test loss 0.8469337224960327, train auc 0.925, test auc 0.514 train f1 0.875, test f1 0.322 train mcc 0.753, test mcc -0.131 train aupr 0.892, test aupr 0.579 train acc 0.875, test acc 0.475 confusion_matrix [[ 0 31]
 [ 1 29]]
    [ASD/datasize_result_5/subset_table_8w/PRJNA1103839] Job on GPU-0 completed.
    [BD/datasize_result_1/subset_table_2w/PRJNA1068750] Starting job on GPU-0. Output: /home/cjj/projects/microbial-embeddings/analysis/Disease_classification_loo/Data/pretraining_datasize/result/BD/datasize_result_1/subset_table_2w/PRJNA1068750
  Processing embedding: subset_table_4w_100 (short name: subset_table_4w)
train loss 0.6751548051834106, test loss 0.6538311839103699, train auc 0.660, test auc 0.802 train f1 0.516, test f1 0.736 train mcc 0.216, test mcc 0.492 train aupr 0.639, test aupr 0.821 train acc 0.574, test acc 0.740 confusion_matrix [[30 18]
 [ 7 41]]
train loss 0.6613664031028748, test loss 0.675125002861023, train auc 0.749, test auc 0.791 train f1 0.675, test f1 0.775 train mcc 0.352, test mcc 0.551 train aupr 0.792, test aupr 0.706 train acc 0.675, test acc 0.775 confusion_matrix [[30 10]
 [ 8 32]]
    [ASD/datasize_result_5/subset_table_8w/PRJNA578223] Job on GPU-5 completed.
    [BD/datasize_result_1/subset_table_4w/PRJEB11419] Starting job on GPU-5. Output: /home/cjj/projects/microbial-embeddings/analysis/Disease_classification_loo/Data/pretraining_datasize/result/BD/datasize_result_1/subset_table_4w/PRJEB11419
train loss 0.6774295568466187, test loss 0.6909208297729492, train auc 0.726, test auc 0.685 train f1 0.661, test f1 0.622 train mcc 0.376, test mcc 0.324 train aupr 0.712, test aupr 0.724 train acc 0.669, test acc 0.689 confusion_matrix [[16 31]
 [ 6 66]]
    [ASD/datasize_result_5/subset_table_8w/PRJNA932561] Job on GPU-4 completed.
    [BD/datasize_result_1/subset_table_4w/PRJEB23500] Starting job on GPU-4. Output: /home/cjj/projects/microbial-embeddings/analysis/Disease_classification_loo/Data/pretraining_datasize/result/BD/datasize_result_1/subset_table_4w/PRJEB23500
    [BD/datasize_result_1/subset_table_1w/PRJEB23500] Job on GPU-2 completed.
    [BD/datasize_result_1/subset_table_4w/PRJNA1068750] Starting job on GPU-2. Output: /home/cjj/projects/microbial-embeddings/analysis/Disease_classification_loo/Data/pretraining_datasize/result/BD/datasize_result_1/subset_table_4w/PRJNA1068750
  Processing embedding: subset_table_8w_100 (short name: subset_table_8w)
train loss 0.527890145778656, test loss 0.674109697341919, train auc 0.823, test auc 0.742 train f1 0.783, test f1 0.733 train mcc 0.569, test mcc 0.467 train aupr 0.839, test aupr 0.720 train acc 0.787, test acc 0.733 confusion_matrix [[11  4]
 [ 4 11]]
    [BD/datasize_result_1/subset_table_1w/PRJEB11419] Job on GPU-7 completed.
    [BD/datasize_result_1/subset_table_8w/PRJEB11419] Starting job on GPU-7. Output: /home/cjj/projects/microbial-embeddings/analysis/Disease_classification_loo/Data/pretraining_datasize/result/BD/datasize_result_1/subset_table_8w/PRJEB11419
train loss 0.3983505070209503, test loss 0.8686015009880066, train auc 0.903, test auc 0.775 train f1 0.798, test f1 0.699 train mcc 0.643, test mcc 0.447 train aupr 0.924, test aupr 0.763 train acc 0.819, test acc 0.705 confusion_matrix [[25 21]
 [ 5 37]]
train loss 0.6348944902420044, test loss 0.6948668956756592, train auc 0.746, test auc 0.649 train f1 0.631, test f1 0.521 train mcc 0.331, test mcc 0.217 train aupr 0.761, test aupr 0.712 train acc 0.644, test acc 0.647 confusion_matrix [[ 8 39]
 [ 3 69]]
train loss 0.6876188516616821, test loss 0.6892243027687073, train auc 0.519, test auc 0.707 train f1 0.365, test f1 0.641 train mcc 0.010, test mcc 0.394 train aupr 0.568, test aupr 0.672 train acc 0.551, test acc 0.667 confusion_matrix [[ 6  9]
 [ 1 14]]
    [BD/datasize_result_1/subset_table_1w/PRJNA1068750] Job on GPU-6 completed.
    [BD/datasize_result_1/subset_table_2w/PRJEB23500] Job on GPU-1 completed.
    [BD/datasize_result_1/subset_table_8w/PRJEB23500] Starting job on GPU-6. Output: /home/cjj/projects/microbial-embeddings/analysis/Disease_classification_loo/Data/pretraining_datasize/result/BD/datasize_result_1/subset_table_8w/PRJEB23500
    [BD/datasize_result_1/subset_table_8w/PRJNA1068750] Starting job on GPU-1. Output: /home/cjj/projects/microbial-embeddings/analysis/Disease_classification_loo/Data/pretraining_datasize/result/BD/datasize_result_1/subset_table_8w/PRJNA1068750
Processing data size directory: datasize_result_2
  Processing embedding: subset_table_1w_100 (short name: subset_table_1w)
    [BD/datasize_result_1/subset_table_2w/PRJEB11419] Job on GPU-3 completed.
    [BD/datasize_result_2/subset_table_1w/PRJEB11419] Starting job on GPU-3. Output: /home/cjj/projects/microbial-embeddings/analysis/Disease_classification_loo/Data/pretraining_datasize/result/BD/datasize_result_2/subset_table_1w/PRJEB11419
train loss 0.4936508238315582, test loss 0.5903366804122925, train auc 0.843, test auc 0.751 train f1 0.813, test f1 0.607 train mcc 0.642, test mcc 0.310 train aupr 0.812, test aupr 0.762 train acc 0.826, test acc 0.625 confusion_matrix [[18 28]
 [ 5 37]]
    [BD/datasize_result_1/subset_table_2w/PRJNA1068750] Job on GPU-0 completed.
    [BD/datasize_result_2/subset_table_1w/PRJEB23500] Starting job on GPU-0. Output: /home/cjj/projects/microbial-embeddings/analysis/Disease_classification_loo/Data/pretraining_datasize/result/BD/datasize_result_2/subset_table_1w/PRJEB23500
train loss 0.194954052567482, test loss 0.9993506073951721, train auc 0.972, test auc 0.679 train f1 0.932, test f1 0.492 train mcc 0.864, test mcc 0.195 train aupr 0.977, test aupr 0.792 train acc 0.932, test acc 0.639 confusion_matrix [[ 6 41]
 [ 2 70]]
train loss 0.6643871068954468, test loss 0.6842692494392395, train auc 0.672, test auc 0.684 train f1 0.589, test f1 0.683 train mcc 0.239, test mcc 0.452 train aupr 0.691, test aupr 0.617 train acc 0.628, test acc 0.700 confusion_matrix [[ 7  8]
 [ 1 14]]
    [BD/datasize_result_1/subset_table_4w/PRJEB23500] Job on GPU-4 completed.
    [BD/datasize_result_2/subset_table_1w/PRJNA1068750] Starting job on GPU-4. Output: /home/cjj/projects/microbial-embeddings/analysis/Disease_classification_loo/Data/pretraining_datasize/result/BD/datasize_result_2/subset_table_1w/PRJNA1068750
  Processing embedding: subset_table_2w_100 (short name: subset_table_2w)
train loss 0.3645417392253876, test loss 0.7611929774284363, train auc 0.836, test auc 0.740 train f1 0.870, test f1 0.713 train mcc 0.758, test mcc 0.431 train aupr 0.801, test aupr 0.736 train acc 0.879, test acc 0.716 confusion_matrix [[36 10]
 [15 27]]
    [BD/datasize_result_1/subset_table_4w/PRJEB11419] Job on GPU-5 completed.
    [BD/datasize_result_2/subset_table_2w/PRJEB11419] Starting job on GPU-5. Output: /home/cjj/projects/microbial-embeddings/analysis/Disease_classification_loo/Data/pretraining_datasize/result/BD/datasize_result_2/subset_table_2w/PRJEB11419
    [BD/datasize_result_1/subset_table_4w/PRJNA1068750] Job on GPU-2 completed.
    [BD/datasize_result_2/subset_table_2w/PRJEB23500] Starting job on GPU-2. Output: /home/cjj/projects/microbial-embeddings/analysis/Disease_classification_loo/Data/pretraining_datasize/result/BD/datasize_result_2/subset_table_2w/PRJEB23500
train loss 0.687936007976532, test loss 0.6886876225471497, train auc 0.565, test auc 0.724 train f1 0.417, test f1 0.597 train mcc 0.121, test mcc 0.333 train aupr 0.605, test aupr 0.732 train acc 0.570, test acc 0.633 confusion_matrix [[ 5 10]
 [ 1 14]]
train loss 0.6606658697128296, test loss 0.6916677355766296, train auc 0.697, test auc 0.663 train f1 0.614, test f1 0.626 train mcc 0.254, test mcc 0.283 train aupr 0.694, test aupr 0.740 train acc 0.619, test acc 0.672 confusion_matrix [[19 28]
 [11 61]]
    [BD/datasize_result_1/subset_table_8w/PRJEB11419] Job on GPU-7 completed.
    [BD/datasize_result_2/subset_table_2w/PRJNA1068750] Starting job on GPU-7. Output: /home/cjj/projects/microbial-embeddings/analysis/Disease_classification_loo/Data/pretraining_datasize/result/BD/datasize_result_2/subset_table_2w/PRJNA1068750
  Processing embedding: subset_table_4w_100 (short name: subset_table_4w)
    [BD/datasize_result_1/subset_table_8w/PRJEB23500] Job on GPU-6 completed.
    [BD/datasize_result_2/subset_table_4w/PRJEB11419] Starting job on GPU-6. Output: /home/cjj/projects/microbial-embeddings/analysis/Disease_classification_loo/Data/pretraining_datasize/result/BD/datasize_result_2/subset_table_4w/PRJEB11419
train loss 0.41697245836257935, test loss 0.6748248338699341, train auc 0.831, test auc 0.739 train f1 0.824, test f1 0.713 train mcc 0.677, test mcc 0.458 train aupr 0.794, test aupr 0.723 train acc 0.839, test acc 0.716 confusion_matrix [[27 19]
 [ 6 36]]
train loss 0.5902873873710632, test loss 0.6941313743591309, train auc 0.759, test auc 0.649 train f1 0.729, test f1 0.593 train mcc 0.460, test mcc 0.208 train aupr 0.770, test aupr 0.646 train acc 0.734, test acc 0.600 confusion_matrix [[ 7  8]
 [ 4 11]]
    [BD/datasize_result_1/subset_table_8w/PRJNA1068750] Job on GPU-1 completed.
    [BD/datasize_result_2/subset_table_4w/PRJEB23500] Starting job on GPU-1. Output: /home/cjj/projects/microbial-embeddings/analysis/Disease_classification_loo/Data/pretraining_datasize/result/BD/datasize_result_2/subset_table_4w/PRJEB23500
    [BD/datasize_result_2/subset_table_1w/PRJEB11419] Job on GPU-3 completed.
    [BD/datasize_result_2/subset_table_4w/PRJNA1068750] Starting job on GPU-3. Output: /home/cjj/projects/microbial-embeddings/analysis/Disease_classification_loo/Data/pretraining_datasize/result/BD/datasize_result_2/subset_table_4w/PRJNA1068750
  Processing embedding: subset_table_8w_100 (short name: subset_table_8w)
train loss 0.6467688083648682, test loss 0.6871911883354187, train auc 0.714, test auc 0.673 train f1 0.639, test f1 0.504 train mcc 0.309, test mcc 0.189 train aupr 0.690, test aupr 0.724 train acc 0.644, test acc 0.639 confusion_matrix [[ 7 40]
 [ 3 69]]
    [BD/datasize_result_2/subset_table_1w/PRJEB23500] Job on GPU-0 completed.
    [BD/datasize_result_2/subset_table_8w/PRJEB11419] Starting job on GPU-0. Output: /home/cjj/projects/microbial-embeddings/analysis/Disease_classification_loo/Data/pretraining_datasize/result/BD/datasize_result_2/subset_table_8w/PRJEB11419
train loss 0.6360980868339539, test loss 0.6995182037353516, train auc 0.790, test auc 0.630 train f1 0.737, test f1 0.521 train mcc 0.479, test mcc 0.217 train aupr 0.741, test aupr 0.699 train acc 0.737, test acc 0.647 confusion_matrix [[ 8 39]
 [ 3 69]]
train loss 0.5625114440917969, test loss 0.6039716601371765, train auc 0.809, test auc 0.754 train f1 0.723, test f1 0.701 train mcc 0.514, test mcc 0.439 train aupr 0.851, test aupr 0.741 train acc 0.758, test acc 0.705 confusion_matrix [[26 20]
 [ 6 36]]
    [BD/datasize_result_2/subset_table_2w/PRJEB23500] Job on GPU-2 completed.
    [BD/datasize_result_2/subset_table_8w/PRJEB23500] Starting job on GPU-2. Output: /home/cjj/projects/microbial-embeddings/analysis/Disease_classification_loo/Data/pretraining_datasize/result/BD/datasize_result_2/subset_table_8w/PRJEB23500
train loss 0.6871999502182007, test loss 0.6899868249893188, train auc 0.602, test auc 0.791 train f1 0.353, test f1 0.729 train mcc -0.063, test mcc 0.484 train aupr 0.655, test aupr 0.748 train acc 0.546, test acc 0.733 confusion_matrix [[ 9  6]
 [ 2 13]]
    [BD/datasize_result_2/subset_table_1w/PRJNA1068750] Job on GPU-4 completed.
    [BD/datasize_result_2/subset_table_8w/PRJNA1068750] Starting job on GPU-4. Output: /home/cjj/projects/microbial-embeddings/analysis/Disease_classification_loo/Data/pretraining_datasize/result/BD/datasize_result_2/subset_table_8w/PRJNA1068750
Processing data size directory: datasize_result_3
  Processing embedding: subset_table_1w_100 (short name: subset_table_1w)
    [BD/datasize_result_2/subset_table_2w/PRJEB11419] Job on GPU-5 completed.
    [BD/datasize_result_3/subset_table_1w/PRJEB11419] Starting job on GPU-5. Output: /home/cjj/projects/microbial-embeddings/analysis/Disease_classification_loo/Data/pretraining_datasize/result/BD/datasize_result_3/subset_table_1w/PRJEB11419
train loss 0.3417882025241852, test loss 0.8258859515190125, train auc 0.905, test auc 0.767 train f1 0.874, test f1 0.701 train mcc 0.751, test mcc 0.439 train aupr 0.898, test aupr 0.768 train acc 0.879, test acc 0.705 confusion_matrix [[26 20]
 [ 6 36]]
train loss 0.6816060543060303, test loss 0.6970646381378174, train auc 0.734, test auc 0.650 train f1 0.719, test f1 0.566 train mcc 0.440, test mcc 0.235 train aupr 0.699, test aupr 0.733 train acc 0.720, test acc 0.655 confusion_matrix [[12 35]
 [ 6 66]]
train loss 0.36149176955223083, test loss 0.9511295557022095, train auc 0.919, test auc 0.702 train f1 0.877, test f1 0.653 train mcc 0.756, test mcc 0.364 train aupr 0.921, test aupr 0.679 train acc 0.879, test acc 0.667 confusion_matrix [[ 7  8]
 [ 2 13]]
    [BD/datasize_result_2/subset_table_2w/PRJNA1068750] Job on GPU-7 completed.
    [BD/datasize_result_3/subset_table_1w/PRJEB23500] Starting job on GPU-7. Output: /home/cjj/projects/microbial-embeddings/analysis/Disease_classification_loo/Data/pretraining_datasize/result/BD/datasize_result_3/subset_table_1w/PRJEB23500
    [BD/datasize_result_2/subset_table_4w/PRJEB23500] Job on GPU-1 completed.
    [BD/datasize_result_3/subset_table_1w/PRJNA1068750] Starting job on GPU-1. Output: /home/cjj/projects/microbial-embeddings/analysis/Disease_classification_loo/Data/pretraining_datasize/result/BD/datasize_result_3/subset_table_1w/PRJNA1068750
  Processing embedding: subset_table_2w_100 (short name: subset_table_2w)
    [BD/datasize_result_2/subset_table_4w/PRJEB11419] Job on GPU-6 completed.
    [BD/datasize_result_3/subset_table_2w/PRJEB11419] Starting job on GPU-6. Output: /home/cjj/projects/microbial-embeddings/analysis/Disease_classification_loo/Data/pretraining_datasize/result/BD/datasize_result_3/subset_table_2w/PRJEB11419
train loss 0.2493782341480255, test loss 1.1689305305480957, train auc 0.940, test auc 0.723 train f1 0.900, test f1 0.494 train mcc 0.813, test mcc 0.167 train aupr 0.940, test aupr 0.788 train acc 0.906, test acc 0.545 confusion_matrix [[10 36]
 [ 4 38]]
    [BD/datasize_result_2/subset_table_4w/PRJNA1068750] Job on GPU-3 completed.
    [BD/datasize_result_3/subset_table_2w/PRJEB23500] Starting job on GPU-3. Output: /home/cjj/projects/microbial-embeddings/analysis/Disease_classification_loo/Data/pretraining_datasize/result/BD/datasize_result_3/subset_table_2w/PRJEB23500
train loss 0.47027093172073364, test loss 0.7927758097648621, train auc 0.855, test auc 0.716 train f1 0.792, test f1 0.700 train mcc 0.589, test mcc 0.401 train aupr 0.882, test aupr 0.762 train acc 0.797, test acc 0.700 confusion_matrix [[11  4]
 [ 5 10]]
    [BD/datasize_result_2/subset_table_8w/PRJEB11419] Job on GPU-0 completed.
    [BD/datasize_result_3/subset_table_2w/PRJNA1068750] Starting job on GPU-0. Output: /home/cjj/projects/microbial-embeddings/analysis/Disease_classification_loo/Data/pretraining_datasize/result/BD/datasize_result_3/subset_table_2w/PRJNA1068750
  Processing embedding: subset_table_4w_100 (short name: subset_table_4w)
train loss 0.6780200004577637, test loss 0.6939781904220581, train auc 0.670, test auc 0.658 train f1 0.565, test f1 0.515 train mcc 0.244, test mcc 0.264 train aupr 0.672, test aupr 0.727 train acc 0.593, test acc 0.655 confusion_matrix [[ 7 40]
 [ 1 71]]
train loss 0.3598080575466156, test loss 0.8476884365081787, train auc 0.910, test auc 0.768 train f1 0.880, test f1 0.653 train mcc 0.766, test mcc 0.351 train aupr 0.895, test aupr 0.783 train acc 0.886, test acc 0.659 confusion_matrix [[23 23]
 [ 7 35]]
    [BD/datasize_result_2/subset_table_8w/PRJEB23500] Job on GPU-2 completed.
    [BD/datasize_result_3/subset_table_4w/PRJEB11419] Starting job on GPU-2. Output: /home/cjj/projects/microbial-embeddings/analysis/Disease_classification_loo/Data/pretraining_datasize/result/BD/datasize_result_3/subset_table_4w/PRJEB11419
train loss 0.30771246552467346, test loss 0.6547759771347046, train auc 0.938, test auc 0.769 train f1 0.883, test f1 0.661 train mcc 0.766, test mcc 0.346 train aupr 0.938, test aupr 0.775 train acc 0.884, test acc 0.667 confusion_matrix [[ 8  7]
 [ 3 12]]
    [BD/datasize_result_2/subset_table_8w/PRJNA1068750] Job on GPU-4 completed.
    [BD/datasize_result_3/subset_table_4w/PRJEB23500] Starting job on GPU-4. Output: /home/cjj/projects/microbial-embeddings/analysis/Disease_classification_loo/Data/pretraining_datasize/result/BD/datasize_result_3/subset_table_4w/PRJEB23500
    [BD/datasize_result_3/subset_table_1w/PRJEB11419] Job on GPU-5 completed.
    [BD/datasize_result_3/subset_table_4w/PRJNA1068750] Starting job on GPU-5. Output: /home/cjj/projects/microbial-embeddings/analysis/Disease_classification_loo/Data/pretraining_datasize/result/BD/datasize_result_3/subset_table_4w/PRJNA1068750
  Processing embedding: subset_table_8w_100 (short name: subset_table_8w)
train loss 0.6750282049179077, test loss 0.6928941011428833, train auc 0.692, test auc 0.660 train f1 0.632, test f1 0.497 train mcc 0.286, test mcc 0.236 train aupr 0.706, test aupr 0.717 train acc 0.636, test acc 0.647 confusion_matrix [[ 6 41]
 [ 1 71]]
    [BD/datasize_result_3/subset_table_1w/PRJEB23500] Job on GPU-7 completed.
    [BD/datasize_result_3/subset_table_8w/PRJEB11419] Starting job on GPU-7. Output: /home/cjj/projects/microbial-embeddings/analysis/Disease_classification_loo/Data/pretraining_datasize/result/BD/datasize_result_3/subset_table_8w/PRJEB11419
train loss 0.4053714871406555, test loss 0.6735943555831909, train auc 0.888, test auc 0.766 train f1 0.848, test f1 0.704 train mcc 0.716, test mcc 0.420 train aupr 0.890, test aupr 0.739 train acc 0.859, test acc 0.705 confusion_matrix [[29 17]
 [ 9 33]]
train loss 0.6717545390129089, test loss 0.6843725442886353, train auc 0.714, test auc 0.685 train f1 0.676, test f1 0.459 train mcc 0.371, test mcc 0.174 train aupr 0.681, test aupr 0.750 train acc 0.678, test acc 0.630 confusion_matrix [[ 4 43]
 [ 1 71]]
train loss 0.4393508732318878, test loss 0.8577829003334045, train auc 0.880, test auc 0.644 train f1 0.844, test f1 0.612 train mcc 0.688, test mcc 0.302 train aupr 0.897, test aupr 0.603 train acc 0.845, test acc 0.633 confusion_matrix [[ 6  9]
 [ 2 13]]
    [BD/datasize_result_3/subset_table_1w/PRJNA1068750] Job on GPU-1 completed.
    [BD/datasize_result_3/subset_table_8w/PRJEB23500] Starting job on GPU-1. Output: /home/cjj/projects/microbial-embeddings/analysis/Disease_classification_loo/Data/pretraining_datasize/result/BD/datasize_result_3/subset_table_8w/PRJEB23500
    [BD/datasize_result_3/subset_table_2w/PRJEB23500] Job on GPU-3 completed.
    [BD/datasize_result_3/subset_table_8w/PRJNA1068750] Starting job on GPU-3. Output: /home/cjj/projects/microbial-embeddings/analysis/Disease_classification_loo/Data/pretraining_datasize/result/BD/datasize_result_3/subset_table_8w/PRJNA1068750
Processing data size directory: datasize_result_4
  Processing embedding: subset_table_1w_100 (short name: subset_table_1w)
    [BD/datasize_result_3/subset_table_2w/PRJEB11419] Job on GPU-6 completed.
    [BD/datasize_result_4/subset_table_1w/PRJEB11419] Starting job on GPU-6. Output: /home/cjj/projects/microbial-embeddings/analysis/Disease_classification_loo/Data/pretraining_datasize/result/BD/datasize_result_4/subset_table_1w/PRJEB11419
train loss 0.6638504266738892, test loss 0.656671941280365, train auc 0.608, test auc 0.727 train f1 0.522, test f1 0.682 train mcc 0.188, test mcc 0.366 train aupr 0.685, test aupr 0.711 train acc 0.624, test acc 0.682 confusion_matrix [[30 16]
 [12 30]]
    [BD/datasize_result_3/subset_table_2w/PRJNA1068750] Job on GPU-0 completed.
    [BD/datasize_result_4/subset_table_1w/PRJEB23500] Starting job on GPU-0. Output: /home/cjj/projects/microbial-embeddings/analysis/Disease_classification_loo/Data/pretraining_datasize/result/BD/datasize_result_4/subset_table_1w/PRJEB23500
train loss 0.6520527005195618, test loss 0.7001849412918091, train auc 0.749, test auc 0.653 train f1 0.590, test f1 0.439 train mcc 0.309, test mcc 0.135 train aupr 0.767, test aupr 0.716 train acc 0.619, test acc 0.622 confusion_matrix [[ 3 44]
 [ 1 71]]
train loss 0.4208708703517914, test loss 0.7962635159492493, train auc 0.897, test auc 0.676 train f1 0.825, test f1 0.569 train mcc 0.653, test mcc 0.236 train aupr 0.922, test aupr 0.641 train acc 0.826, test acc 0.600 confusion_matrix [[ 5 10]
 [ 2 13]]
    [BD/datasize_result_3/subset_table_4w/PRJEB23500] Job on GPU-4 completed.
    [BD/datasize_result_4/subset_table_1w/PRJNA1068750] Starting job on GPU-4. Output: /home/cjj/projects/microbial-embeddings/analysis/Disease_classification_loo/Data/pretraining_datasize/result/BD/datasize_result_4/subset_table_1w/PRJNA1068750
  Processing embedding: subset_table_2w_100 (short name: subset_table_2w)
    [BD/datasize_result_3/subset_table_4w/PRJEB11419] Job on GPU-2 completed.
    [BD/datasize_result_4/subset_table_2w/PRJEB11419] Starting job on GPU-2. Output: /home/cjj/projects/microbial-embeddings/analysis/Disease_classification_loo/Data/pretraining_datasize/result/BD/datasize_result_4/subset_table_2w/PRJEB11419
train loss 0.3698994219303131, test loss 0.5871942043304443, train auc 0.904, test auc 0.782 train f1 0.857, test f1 0.748 train mcc 0.727, test mcc 0.499 train aupr 0.917, test aupr 0.814 train acc 0.866, test acc 0.750 confusion_matrix [[37  9]
 [13 29]]
    [BD/datasize_result_3/subset_table_4w/PRJNA1068750] Job on GPU-5 completed.
    [BD/datasize_result_4/subset_table_2w/PRJEB23500] Starting job on GPU-5. Output: /home/cjj/projects/microbial-embeddings/analysis/Disease_classification_loo/Data/pretraining_datasize/result/BD/datasize_result_4/subset_table_2w/PRJEB23500
train loss 0.6583799719810486, test loss 0.6819737553596497, train auc 0.697, test auc 0.667 train f1 0.642, test f1 0.665 train mcc 0.322, test mcc 0.336 train aupr 0.723, test aupr 0.684 train acc 0.667, test acc 0.667 confusion_matrix [[ 9  6]
 [ 4 11]]
train loss 0.6856139898300171, test loss 0.694354772567749, train auc 0.649, test auc 0.660 train f1 0.651, test f1 0.478 train mcc 0.314, test mcc 0.207 train aupr 0.634, test aupr 0.756 train acc 0.653, test acc 0.639 confusion_matrix [[ 5 42]
 [ 1 71]]
    [BD/datasize_result_3/subset_table_8w/PRJEB11419] Job on GPU-7 completed.
    [BD/datasize_result_4/subset_table_2w/PRJNA1068750] Starting job on GPU-7. Output: /home/cjj/projects/microbial-embeddings/analysis/Disease_classification_loo/Data/pretraining_datasize/result/BD/datasize_result_4/subset_table_2w/PRJNA1068750
  Processing embedding: subset_table_4w_100 (short name: subset_table_4w)
train loss 0.37875598669052124, test loss 0.6998328566551208, train auc 0.894, test auc 0.746 train f1 0.853, test f1 0.682 train mcc 0.708, test mcc 0.370 train aupr 0.862, test aupr 0.716 train acc 0.859, test acc 0.682 confusion_matrix [[29 17]
 [11 31]]
    [BD/datasize_result_3/subset_table_8w/PRJEB23500] Job on GPU-1 completed.
    [BD/datasize_result_4/subset_table_4w/PRJEB11419] Starting job on GPU-1. Output: /home/cjj/projects/microbial-embeddings/analysis/Disease_classification_loo/Data/pretraining_datasize/result/BD/datasize_result_4/subset_table_4w/PRJEB11419
train loss 0.44393396377563477, test loss 0.7202028632164001, train auc 0.880, test auc 0.698 train f1 0.820, test f1 0.499 train mcc 0.639, test mcc 0.196 train aupr 0.902, test aupr 0.678 train acc 0.821, test acc 0.567 confusion_matrix [[ 3 12]
 [ 1 14]]
    [BD/datasize_result_3/subset_table_8w/PRJNA1068750] Job on GPU-3 completed.
    [BD/datasize_result_4/subset_table_4w/PRJEB23500] Starting job on GPU-3. Output: /home/cjj/projects/microbial-embeddings/analysis/Disease_classification_loo/Data/pretraining_datasize/result/BD/datasize_result_4/subset_table_4w/PRJEB23500
    [BD/datasize_result_4/subset_table_1w/PRJEB11419] Job on GPU-6 completed.
    [BD/datasize_result_4/subset_table_4w/PRJNA1068750] Starting job on GPU-6. Output: /home/cjj/projects/microbial-embeddings/analysis/Disease_classification_loo/Data/pretraining_datasize/result/BD/datasize_result_4/subset_table_4w/PRJNA1068750
  Processing embedding: subset_table_8w_100 (short name: subset_table_8w)
train loss 0.6591808199882507, test loss 0.6838368773460388, train auc 0.749, test auc 0.675 train f1 0.720, test f1 0.532 train mcc 0.443, test mcc 0.213 train aupr 0.691, test aupr 0.732 train acc 0.720, test acc 0.647 confusion_matrix [[ 9 38]
 [ 4 68]]
    [BD/datasize_result_4/subset_table_1w/PRJEB23500] Job on GPU-0 completed.
    [BD/datasize_result_4/subset_table_8w/PRJEB11419] Starting job on GPU-0. Output: /home/cjj/projects/microbial-embeddings/analysis/Disease_classification_loo/Data/pretraining_datasize/result/BD/datasize_result_4/subset_table_8w/PRJEB11419
train loss 0.12968340516090393, test loss 0.8258382081985474, train auc 0.995, test auc 0.768 train f1 0.966, test f1 0.761 train mcc 0.931, test mcc 0.522 train aupr 0.997, test aupr 0.736 train acc 0.966, test acc 0.761 confusion_matrix [[35 11]
 [10 32]]
    [BD/datasize_result_4/subset_table_1w/PRJNA1068750] Job on GPU-4 completed.
    [BD/datasize_result_4/subset_table_8w/PRJEB23500] Starting job on GPU-4. Output: /home/cjj/projects/microbial-embeddings/analysis/Disease_classification_loo/Data/pretraining_datasize/result/BD/datasize_result_4/subset_table_8w/PRJEB23500
train loss 0.5658722519874573, test loss 0.666667103767395, train auc 0.797, test auc 0.698 train f1 0.727, test f1 0.661 train mcc 0.473, test mcc 0.346 train aupr 0.823, test aupr 0.672 train acc 0.739, test acc 0.667 confusion_matrix [[ 8  7]
 [ 3 12]]
    [BD/datasize_result_4/subset_table_2w/PRJEB11419] Job on GPU-2 completed.
    [BD/datasize_result_4/subset_table_8w/PRJNA1068750] Starting job on GPU-2. Output: /home/cjj/projects/microbial-embeddings/analysis/Disease_classification_loo/Data/pretraining_datasize/result/BD/datasize_result_4/subset_table_8w/PRJNA1068750
Processing data size directory: datasize_result_5
  Processing embedding: subset_table_1w_100 (short name: subset_table_1w)
train loss 0.6859506964683533, test loss 0.683384895324707, train auc 0.609, test auc 0.662 train f1 0.401, test f1 0.521 train mcc 0.099, test mcc 0.217 train aupr 0.565, test aupr 0.708 train acc 0.508, test acc 0.647 confusion_matrix [[ 8 39]
 [ 3 69]]
    [BD/datasize_result_4/subset_table_2w/PRJEB23500] Job on GPU-5 completed.
    [BD/datasize_result_5/subset_table_1w/PRJEB11419] Starting job on GPU-5. Output: /home/cjj/projects/microbial-embeddings/analysis/Disease_classification_loo/Data/pretraining_datasize/result/BD/datasize_result_5/subset_table_1w/PRJEB11419
train loss 0.6049260497093201, test loss 0.6464347243309021, train auc 0.752, test auc 0.715 train f1 0.726, test f1 0.680 train mcc 0.486, test mcc 0.379 train aupr 0.773, test aupr 0.687 train acc 0.752, test acc 0.682 confusion_matrix [[27 19]
 [ 9 33]]
train loss 0.6746854782104492, test loss 0.6955814957618713, train auc 0.719, test auc 0.692 train f1 0.703, test f1 0.515 train mcc 0.414, test mcc 0.264 train aupr 0.692, test aupr 0.744 train acc 0.703, test acc 0.655 confusion_matrix [[ 7 40]
 [ 1 71]]
train loss 0.3846200108528137, test loss 0.8236665725708008, train auc 0.902, test auc 0.729 train f1 0.873, test f1 0.766 train mcc 0.746, test mcc 0.535 train aupr 0.891, test aupr 0.646 train acc 0.874, test acc 0.767 confusion_matrix [[12  3]
 [ 4 11]]
    [BD/datasize_result_4/subset_table_2w/PRJNA1068750] Job on GPU-7 completed.
    [BD/datasize_result_5/subset_table_1w/PRJEB23500] Starting job on GPU-7. Output: /home/cjj/projects/microbial-embeddings/analysis/Disease_classification_loo/Data/pretraining_datasize/result/BD/datasize_result_5/subset_table_1w/PRJEB23500
    [BD/datasize_result_4/subset_table_4w/PRJEB23500] Job on GPU-3 completed.
    [BD/datasize_result_5/subset_table_1w/PRJNA1068750] Starting job on GPU-3. Output: /home/cjj/projects/microbial-embeddings/analysis/Disease_classification_loo/Data/pretraining_datasize/result/BD/datasize_result_5/subset_table_1w/PRJNA1068750
  Processing embedding: subset_table_2w_100 (short name: subset_table_2w)
    [BD/datasize_result_4/subset_table_4w/PRJEB11419] Job on GPU-1 completed.
    [BD/datasize_result_5/subset_table_2w/PRJEB11419] Starting job on GPU-1. Output: /home/cjj/projects/microbial-embeddings/analysis/Disease_classification_loo/Data/pretraining_datasize/result/BD/datasize_result_5/subset_table_2w/PRJEB11419
train loss 0.3611668646335602, test loss 0.7228371500968933, train auc 0.901, test auc 0.723 train f1 0.868, test f1 0.669 train mcc 0.736, test mcc 0.353 train aupr 0.896, test aupr 0.746 train acc 0.872, test acc 0.670 confusion_matrix [[27 19]
 [10 32]]
    [BD/datasize_result_4/subset_table_4w/PRJNA1068750] Job on GPU-6 completed.
    [BD/datasize_result_5/subset_table_2w/PRJEB23500] Starting job on GPU-6. Output: /home/cjj/projects/microbial-embeddings/analysis/Disease_classification_loo/Data/pretraining_datasize/result/BD/datasize_result_5/subset_table_2w/PRJEB23500
train loss 0.6753042936325073, test loss 0.6889252662658691, train auc 0.641, test auc 0.724 train f1 0.438, test f1 0.691 train mcc 0.159, test mcc 0.424 train aupr 0.670, test aupr 0.706 train acc 0.580, test acc 0.700 confusion_matrix [[ 8  7]
 [ 2 13]]
    [BD/datasize_result_4/subset_table_8w/PRJEB11419] Job on GPU-0 completed.
    [BD/datasize_result_5/subset_table_2w/PRJNA1068750] Starting job on GPU-0. Output: /home/cjj/projects/microbial-embeddings/analysis/Disease_classification_loo/Data/pretraining_datasize/result/BD/datasize_result_5/subset_table_2w/PRJNA1068750
  Processing embedding: subset_table_4w_100 (short name: subset_table_4w)
train loss 0.6392746567726135, test loss 0.700090229511261, train auc 0.775, test auc 0.638 train f1 0.646, test f1 0.468 train mcc 0.376, test mcc 0.126 train aupr 0.731, test aupr 0.698 train acc 0.661, test acc 0.622 confusion_matrix [[ 5 42]
 [ 3 69]]
    [BD/datasize_result_4/subset_table_8w/PRJEB23500] Job on GPU-4 completed.
    [BD/datasize_result_5/subset_table_4w/PRJEB11419] Starting job on GPU-4. Output: /home/cjj/projects/microbial-embeddings/analysis/Disease_classification_loo/Data/pretraining_datasize/result/BD/datasize_result_5/subset_table_4w/PRJEB11419
train loss 0.4369911253452301, test loss 0.68364417552948, train auc 0.839, test auc 0.746 train f1 0.833, test f1 0.715 train mcc 0.666, test mcc 0.430 train aupr 0.797, test aupr 0.678 train acc 0.839, test acc 0.716 confusion_matrix [[34 12]
 [13 29]]
    [BD/datasize_result_4/subset_table_8w/PRJNA1068750] Job on GPU-2 completed.
    [BD/datasize_result_5/subset_table_4w/PRJEB23500] Starting job on GPU-2. Output: /home/cjj/projects/microbial-embeddings/analysis/Disease_classification_loo/Data/pretraining_datasize/result/BD/datasize_result_5/subset_table_4w/PRJEB23500
train loss 0.690178632736206, test loss 0.6886807084083557, train auc 0.572, test auc 0.733 train f1 0.365, test f1 0.499 train mcc 0.010, test mcc 0.196 train aupr 0.614, test aupr 0.779 train acc 0.551, test acc 0.567 confusion_matrix [[ 3 12]
 [ 1 14]]
    [BD/datasize_result_5/subset_table_1w/PRJEB11419] Job on GPU-5 completed.
    [BD/datasize_result_5/subset_table_4w/PRJNA1068750] Starting job on GPU-5. Output: /home/cjj/projects/microbial-embeddings/analysis/Disease_classification_loo/Data/pretraining_datasize/result/BD/datasize_result_5/subset_table_4w/PRJNA1068750
  Processing embedding: subset_table_8w_100 (short name: subset_table_8w)
train loss 0.6788570880889893, test loss 0.701918363571167, train auc 0.630, test auc 0.665 train f1 0.460, test f1 0.548 train mcc 0.193, test mcc 0.239 train aupr 0.643, test aupr 0.737 train acc 0.542, test acc 0.655 confusion_matrix [[10 37]
 [ 4 68]]
train loss 0.6354131102561951, test loss 0.6481884717941284, train auc 0.702, test auc 0.725 train f1 0.602, test f1 0.614 train mcc 0.340, test mcc 0.290 train aupr 0.707, test aupr 0.689 train acc 0.678, test acc 0.625 confusion_matrix [[20 26]
 [ 7 35]]
    [BD/datasize_result_5/subset_table_1w/PRJEB23500] Job on GPU-7 completed.
    [BD/datasize_result_5/subset_table_8w/PRJEB11419] Starting job on GPU-7. Output: /home/cjj/projects/microbial-embeddings/analysis/Disease_classification_loo/Data/pretraining_datasize/result/BD/datasize_result_5/subset_table_8w/PRJEB11419
train loss 0.7030436396598816, test loss 0.6858203411102295, train auc 0.381, test auc 0.716 train f1 0.322, test f1 0.459 train mcc -0.096, test mcc 0.174 train aupr 0.393, test aupr 0.774 train acc 0.475, test acc 0.630 confusion_matrix [[ 4 43]
 [ 1 71]]
train loss 0.3325834274291992, test loss 0.7874224781990051, train auc 0.933, test auc 0.738 train f1 0.878, test f1 0.700 train mcc 0.756, test mcc 0.401 train aupr 0.943, test aupr 0.745 train acc 0.879, test acc 0.700 confusion_matrix [[10  5]
 [ 4 11]]
    [BD/datasize_result_5/subset_table_1w/PRJNA1068750] Job on GPU-3 completed.
    [BD/datasize_result_5/subset_table_8w/PRJEB23500] Starting job on GPU-3. Output: /home/cjj/projects/microbial-embeddings/analysis/Disease_classification_loo/Data/pretraining_datasize/result/BD/datasize_result_5/subset_table_8w/PRJEB23500
    [BD/datasize_result_5/subset_table_2w/PRJEB23500] Job on GPU-6 completed.
Processing disease: CAD
    [BD/datasize_result_5/subset_table_8w/PRJNA1068750] Starting job on GPU-6. Output: /home/cjj/projects/microbial-embeddings/analysis/Disease_classification_loo/Data/pretraining_datasize/result/BD/datasize_result_5/subset_table_8w/PRJNA1068750
Found studies for CAD: PRJDB6472 PRJDB7456
Processing data size directory: datasize_result_1
  Processing embedding: subset_table_1w_100 (short name: subset_table_1w)
    [BD/datasize_result_5/subset_table_2w/PRJEB11419] Job on GPU-1 completed.
    [CAD/datasize_result_1/subset_table_1w/PRJDB6472] Starting job on GPU-1. Output: /home/cjj/projects/microbial-embeddings/analysis/Disease_classification_loo/Data/pretraining_datasize/result/CAD/datasize_result_1/subset_table_1w/PRJDB6472
train loss 0.34986475110054016, test loss 0.8503468036651611, train auc 0.900, test auc 0.785 train f1 0.880, test f1 0.749 train mcc 0.765, test mcc 0.499 train aupr 0.885, test aupr 0.784 train acc 0.886, test acc 0.750 confusion_matrix [[35 11]
 [11 31]]
    [BD/datasize_result_5/subset_table_2w/PRJNA1068750] Job on GPU-0 completed.
    [CAD/datasize_result_1/subset_table_1w/PRJDB7456] Starting job on GPU-0. Output: /home/cjj/projects/microbial-embeddings/analysis/Disease_classification_loo/Data/pretraining_datasize/result/CAD/datasize_result_1/subset_table_1w/PRJDB7456
  Processing embedding: subset_table_2w_100 (short name: subset_table_2w)
train loss 0.6666882038116455, test loss 0.6855357885360718, train auc 0.658, test auc 0.653 train f1 0.605, test f1 0.691 train mcc 0.288, test mcc 0.424 train aupr 0.703, test aupr 0.609 train acc 0.647, test acc 0.700 confusion_matrix [[ 8  7]
 [ 2 13]]
train loss 0.6823210716247559, test loss 0.6909781694412231, train auc 0.656, test auc 0.665 train f1 0.608, test f1 0.548 train mcc 0.307, test mcc 0.239 train aupr 0.622, test aupr 0.731 train acc 0.627, test acc 0.655 confusion_matrix [[10 37]
 [ 4 68]]
    [BD/datasize_result_5/subset_table_4w/PRJEB11419] Job on GPU-4 completed.
    [CAD/datasize_result_1/subset_table_2w/PRJDB6472] Starting job on GPU-4. Output: /home/cjj/projects/microbial-embeddings/analysis/Disease_classification_loo/Data/pretraining_datasize/result/CAD/datasize_result_1/subset_table_2w/PRJDB6472
    [BD/datasize_result_5/subset_table_4w/PRJEB23500] Job on GPU-2 completed.
    [CAD/datasize_result_1/subset_table_2w/PRJDB7456] Starting job on GPU-2. Output: /home/cjj/projects/microbial-embeddings/analysis/Disease_classification_loo/Data/pretraining_datasize/result/CAD/datasize_result_1/subset_table_2w/PRJDB7456
  Processing embedding: subset_table_4w_100 (short name: subset_table_4w)
train loss 0.627691388130188, test loss 0.7162536382675171, train auc 0.846, test auc 0.686 train f1 0.777, test f1 0.663 train mcc 0.555, test mcc 0.419 train aupr 0.891, test aupr 0.557 train acc 0.778, test acc 0.673 confusion_matrix [[13 15]
 [ 2 22]]
train loss 0.414360374212265, test loss 0.7675617933273315, train auc 0.874, test auc 0.753 train f1 0.813, test f1 0.655 train mcc 0.674, test mcc 0.344 train aupr 0.877, test aupr 0.725 train acc 0.832, test acc 0.659 confusion_matrix [[24 22]
 [ 8 34]]
    [CAD/datasize_result_1/subset_table_1w/PRJDB6472] Job on GPU-1 completed.
    [CAD/datasize_result_1/subset_table_4w/PRJDB6472] Starting job on GPU-1. Output: /home/cjj/projects/microbial-embeddings/analysis/Disease_classification_loo/Data/pretraining_datasize/result/CAD/datasize_result_1/subset_table_4w/PRJDB6472
    [BD/datasize_result_5/subset_table_4w/PRJNA1068750] Job on GPU-5 completed.
    [CAD/datasize_result_1/subset_table_4w/PRJDB7456] Starting job on GPU-5. Output: /home/cjj/projects/microbial-embeddings/analysis/Disease_classification_loo/Data/pretraining_datasize/result/CAD/datasize_result_1/subset_table_4w/PRJDB7456
  Processing embedding: subset_table_8w_100 (short name: subset_table_8w)
train loss 0.635982871055603, test loss 0.6872217655181885, train auc 0.761, test auc 0.655 train f1 0.676, test f1 0.492 train mcc 0.367, test mcc 0.195 train aupr 0.779, test aupr 0.713 train acc 0.678, test acc 0.639 confusion_matrix [[ 6 41]
 [ 2 70]]
train loss 0.3113262355327606, test loss 0.7748197317123413, train auc 0.943, test auc 0.756 train f1 0.884, test f1 0.732 train mcc 0.770, test mcc 0.471 train aupr 0.949, test aupr 0.740 train acc 0.884, test acc 0.733 confusion_matrix [[10  5]
 [ 3 12]]
    [BD/datasize_result_5/subset_table_8w/PRJEB23500] Job on GPU-3 completed.
    [CAD/datasize_result_1/subset_table_8w/PRJDB6472] Starting job on GPU-3. Output: /home/cjj/projects/microbial-embeddings/analysis/Disease_classification_loo/Data/pretraining_datasize/result/CAD/datasize_result_1/subset_table_8w/PRJDB6472
train loss 0.4200568199157715, test loss 0.8192366361618042, train auc 0.883, test auc 0.777 train f1 0.808, test f1 0.692 train mcc 0.651, test mcc 0.399 train aupr 0.876, test aupr 0.772 train acc 0.826, test acc 0.693 confusion_matrix [[28 18]
 [ 9 33]]
    [BD/datasize_result_5/subset_table_8w/PRJEB11419] Job on GPU-7 completed.
    [CAD/datasize_result_1/subset_table_8w/PRJDB7456] Starting job on GPU-7. Output: /home/cjj/projects/microbial-embeddings/analysis/Disease_classification_loo/Data/pretraining_datasize/result/CAD/datasize_result_1/subset_table_8w/PRJDB7456
Processing data size directory: datasize_result_2
  Processing embedding: subset_table_1w_100 (short name: subset_table_1w)
    [BD/datasize_result_5/subset_table_8w/PRJNA1068750] Job on GPU-6 completed.
    [CAD/datasize_result_2/subset_table_1w/PRJDB6472] Starting job on GPU-6. Output: /home/cjj/projects/microbial-embeddings/analysis/Disease_classification_loo/Data/pretraining_datasize/result/CAD/datasize_result_2/subset_table_1w/PRJDB6472
train loss 0.6739442944526672, test loss 0.705166220664978, train auc 0.647, test auc 0.824 train f1 0.610, test f1 0.777 train mcc 0.385, test mcc 0.555 train aupr 0.505, test aupr 0.841 train acc 0.635, test acc 0.778 confusion_matrix [[23  7]
 [ 7 26]]
    [CAD/datasize_result_1/subset_table_1w/PRJDB7456] Job on GPU-0 completed.
    [CAD/datasize_result_2/subset_table_1w/PRJDB7456] Starting job on GPU-0. Output: /home/cjj/projects/microbial-embeddings/analysis/Disease_classification_loo/Data/pretraining_datasize/result/CAD/datasize_result_2/subset_table_1w/PRJDB7456
  Processing embedding: subset_table_2w_100 (short name: subset_table_2w)
train loss 0.6495260000228882, test loss 0.723970890045166, train auc 0.783, test auc 0.699 train f1 0.687, test f1 0.709 train mcc 0.405, test mcc 0.462 train aupr 0.826, test aupr 0.553 train acc 0.698, test acc 0.712 confusion_matrix [[16 12]
 [ 3 21]]
train loss 0.2284441590309143, test loss 1.4134137630462646, train auc 0.964, test auc 0.726 train f1 0.923, test f1 0.712 train mcc 0.849, test mcc 0.494 train aupr 0.950, test aupr 0.739 train acc 0.923, test acc 0.730 confusion_matrix [[15 15]
 [ 2 31]]
    [CAD/datasize_result_1/subset_table_2w/PRJDB6472] Job on GPU-4 completed.
    [CAD/datasize_result_2/subset_table_2w/PRJDB6472] Starting job on GPU-4. Output: /home/cjj/projects/microbial-embeddings/analysis/Disease_classification_loo/Data/pretraining_datasize/result/CAD/datasize_result_2/subset_table_2w/PRJDB6472
    [CAD/datasize_result_1/subset_table_2w/PRJDB7456] Job on GPU-2 completed.
    [CAD/datasize_result_2/subset_table_2w/PRJDB7456] Starting job on GPU-2. Output: /home/cjj/projects/microbial-embeddings/analysis/Disease_classification_loo/Data/pretraining_datasize/result/CAD/datasize_result_2/subset_table_2w/PRJDB7456
  Processing embedding: subset_table_4w_100 (short name: subset_table_4w)
train loss 0.6227685213088989, test loss 0.7380871772766113, train auc 0.854, test auc 0.792 train f1 0.788, test f1 0.788 train mcc 0.582, test mcc 0.597 train aupr 0.847, test aupr 0.747 train acc 0.788, test acc 0.794 confusion_matrix [[20 10]
 [ 3 30]]
train loss 0.6545090079307556, test loss 0.7102847099304199, train auc 0.795, test auc 0.738 train f1 0.723, test f1 0.658 train mcc 0.465, test mcc 0.445 train aupr 0.839, test aupr 0.599 train acc 0.730, test acc 0.673 confusion_matrix [[12 16]
 [ 1 23]]
    [CAD/datasize_result_1/subset_table_4w/PRJDB7456] Job on GPU-5 completed.
    [CAD/datasize_result_2/subset_table_4w/PRJDB6472] Starting job on GPU-5. Output: /home/cjj/projects/microbial-embeddings/analysis/Disease_classification_loo/Data/pretraining_datasize/result/CAD/datasize_result_2/subset_table_4w/PRJDB6472
    [CAD/datasize_result_1/subset_table_4w/PRJDB6472] Job on GPU-1 completed.
    [CAD/datasize_result_2/subset_table_4w/PRJDB7456] Starting job on GPU-1. Output: /home/cjj/projects/microbial-embeddings/analysis/Disease_classification_loo/Data/pretraining_datasize/result/CAD/datasize_result_2/subset_table_4w/PRJDB7456
  Processing embedding: subset_table_8w_100 (short name: subset_table_8w)
train loss 0.5864673852920532, test loss 0.737069845199585, train auc 0.897, test auc 0.732 train f1 0.873, test f1 0.685 train mcc 0.753, test mcc 0.450 train aupr 0.938, test aupr 0.587 train acc 0.873, test acc 0.692 confusion_matrix [[14 14]
 [ 2 22]]
train loss 0.6670814752578735, test loss 0.7303248047828674, train auc 0.766, test auc 0.792 train f1 0.634, test f1 0.745 train mcc 0.416, test mcc 0.566 train aupr 0.736, test aupr 0.726 train acc 0.654, test acc 0.762 confusion_matrix [[16 14]
 [ 1 32]]
    [CAD/datasize_result_1/subset_table_8w/PRJDB6472] Job on GPU-3 completed.
    [CAD/datasize_result_2/subset_table_8w/PRJDB6472] Starting job on GPU-3. Output: /home/cjj/projects/microbial-embeddings/analysis/Disease_classification_loo/Data/pretraining_datasize/result/CAD/datasize_result_2/subset_table_8w/PRJDB6472
train loss 0.6397746801376343, test loss 0.7115136384963989, train auc 0.833, test auc 0.671 train f1 0.776, test f1 0.585 train mcc 0.554, test mcc 0.354 train aupr 0.859, test aupr 0.554 train acc 0.778, test acc 0.615 confusion_matrix [[ 9 19]
 [ 1 23]]
    [CAD/datasize_result_1/subset_table_8w/PRJDB7456] Job on GPU-7 completed.
    [CAD/datasize_result_2/subset_table_8w/PRJDB7456] Starting job on GPU-7. Output: /home/cjj/projects/microbial-embeddings/analysis/Disease_classification_loo/Data/pretraining_datasize/result/CAD/datasize_result_2/subset_table_8w/PRJDB7456
Processing data size directory: datasize_result_3
  Processing embedding: subset_table_1w_100 (short name: subset_table_1w)
    [CAD/datasize_result_2/subset_table_1w/PRJDB6472] Job on GPU-6 completed.
    [CAD/datasize_result_3/subset_table_1w/PRJDB6472] Starting job on GPU-6. Output: /home/cjj/projects/microbial-embeddings/analysis/Disease_classification_loo/Data/pretraining_datasize/result/CAD/datasize_result_3/subset_table_1w/PRJDB6472
train loss 0.6293748617172241, test loss 0.7700295448303223, train auc 0.780, test auc 0.804 train f1 0.730, test f1 0.665 train mcc 0.480, test mcc 0.456 train aupr 0.729, test aupr 0.833 train acc 0.731, test acc 0.698 confusion_matrix [[12 18]
 [ 1 32]]
    [CAD/datasize_result_2/subset_table_1w/PRJDB7456] Job on GPU-0 completed.
    [CAD/datasize_result_3/subset_table_1w/PRJDB7456] Starting job on GPU-0. Output: /home/cjj/projects/microbial-embeddings/analysis/Disease_classification_loo/Data/pretraining_datasize/result/CAD/datasize_result_3/subset_table_1w/PRJDB7456
  Processing embedding: subset_table_2w_100 (short name: subset_table_2w)
train loss 0.6806014776229858, test loss 0.6955205798149109, train auc 0.659, test auc 0.810 train f1 0.628, test f1 0.788 train mcc 0.316, test mcc 0.597 train aupr 0.560, test aupr 0.808 train acc 0.635, test acc 0.794 confusion_matrix [[20 10]
 [ 3 30]]
train loss 0.6605137586593628, test loss 0.7172689437866211, train auc 0.796, test auc 0.725 train f1 0.762, test f1 0.685 train mcc 0.533, test mcc 0.450 train aupr 0.850, test aupr 0.581 train acc 0.762, test acc 0.692 confusion_matrix [[14 14]
 [ 2 22]]
    [CAD/datasize_result_2/subset_table_2w/PRJDB7456] Job on GPU-2 completed.
    [CAD/datasize_result_3/subset_table_2w/PRJDB6472] Starting job on GPU-2. Output: /home/cjj/projects/microbial-embeddings/analysis/Disease_classification_loo/Data/pretraining_datasize/result/CAD/datasize_result_3/subset_table_2w/PRJDB6472
    [CAD/datasize_result_2/subset_table_2w/PRJDB6472] Job on GPU-4 completed.
    [CAD/datasize_result_3/subset_table_2w/PRJDB7456] Starting job on GPU-4. Output: /home/cjj/projects/microbial-embeddings/analysis/Disease_classification_loo/Data/pretraining_datasize/result/CAD/datasize_result_3/subset_table_2w/PRJDB7456
  Processing embedding: subset_table_4w_100 (short name: subset_table_4w)
train loss 0.5700649619102478, test loss 0.7505836486816406, train auc 0.891, test auc 0.728 train f1 0.806, test f1 0.711 train mcc 0.626, test mcc 0.448 train aupr 0.911, test aupr 0.601 train acc 0.810, test acc 0.712 confusion_matrix [[17 11]
 [ 4 20]]
train loss 0.6473103761672974, test loss 0.7086583375930786, train auc 0.781, test auc 0.827 train f1 0.663, test f1 0.793 train mcc 0.419, test mcc 0.586 train aupr 0.774, test aupr 0.721 train acc 0.673, test acc 0.794 confusion_matrix [[23  7]
 [ 6 27]]
    [CAD/datasize_result_2/subset_table_4w/PRJDB6472] Job on GPU-5 completed.
    [CAD/datasize_result_3/subset_table_4w/PRJDB6472] Starting job on GPU-5. Output: /home/cjj/projects/microbial-embeddings/analysis/Disease_classification_loo/Data/pretraining_datasize/result/CAD/datasize_result_3/subset_table_4w/PRJDB6472
    [CAD/datasize_result_2/subset_table_4w/PRJDB7456] Job on GPU-1 completed.
    [CAD/datasize_result_3/subset_table_4w/PRJDB7456] Starting job on GPU-1. Output: /home/cjj/projects/microbial-embeddings/analysis/Disease_classification_loo/Data/pretraining_datasize/result/CAD/datasize_result_3/subset_table_4w/PRJDB7456
  Processing embedding: subset_table_8w_100 (short name: subset_table_8w)
train loss 0.6775550842285156, test loss 0.725678026676178, train auc 0.601, test auc 0.753 train f1 0.505, test f1 0.783 train mcc 0.252, test mcc 0.620 train aupr 0.572, test aupr 0.649 train acc 0.558, test acc 0.794 confusion_matrix [[18 12]
 [ 1 32]]
train loss 0.3548344671726227, test loss 0.8944953680038452, train auc 0.927, test auc 0.725 train f1 0.888, test f1 0.709 train mcc 0.799, test mcc 0.462 train aupr 0.951, test aupr 0.597 train acc 0.889, test acc 0.712 confusion_matrix [[16 12]
 [ 3 21]]
    [CAD/datasize_result_2/subset_table_8w/PRJDB7456] Job on GPU-7 completed.
train loss 0.46283164620399475, test loss 0.798319399356842, train auc 0.970, test auc 0.680 train f1 0.905, test f1 0.585 train mcc 0.809, test mcc 0.354 train aupr 0.973, test aupr 0.570 train acc 0.905, test acc 0.615 confusion_matrix [[ 9 19]
 [ 1 23]]
    [CAD/datasize_result_3/subset_table_8w/PRJDB6472] Starting job on GPU-7. Output: /home/cjj/projects/microbial-embeddings/analysis/Disease_classification_loo/Data/pretraining_datasize/result/CAD/datasize_result_3/subset_table_8w/PRJDB6472
    [CAD/datasize_result_2/subset_table_8w/PRJDB6472] Job on GPU-3 completed.
    [CAD/datasize_result_3/subset_table_8w/PRJDB7456] Starting job on GPU-3. Output: /home/cjj/projects/microbial-embeddings/analysis/Disease_classification_loo/Data/pretraining_datasize/result/CAD/datasize_result_3/subset_table_8w/PRJDB7456
Processing data size directory: datasize_result_4
  Processing embedding: subset_table_1w_100 (short name: subset_table_1w)
    [CAD/datasize_result_3/subset_table_1w/PRJDB6472] Job on GPU-6 completed.
    [CAD/datasize_result_4/subset_table_1w/PRJDB6472] Starting job on GPU-6. Output: /home/cjj/projects/microbial-embeddings/analysis/Disease_classification_loo/Data/pretraining_datasize/result/CAD/datasize_result_4/subset_table_1w/PRJDB6472
train loss 0.5747111439704895, test loss 0.780625581741333, train auc 0.853, test auc 0.778 train f1 0.807, test f1 0.777 train mcc 0.613, test mcc 0.555 train aupr 0.842, test aupr 0.747 train acc 0.808, test acc 0.778 confusion_matrix [[23  7]
 [ 7 26]]
    [CAD/datasize_result_3/subset_table_1w/PRJDB7456] Job on GPU-0 completed.
    [CAD/datasize_result_4/subset_table_1w/PRJDB7456] Starting job on GPU-0. Output: /home/cjj/projects/microbial-embeddings/analysis/Disease_classification_loo/Data/pretraining_datasize/result/CAD/datasize_result_4/subset_table_1w/PRJDB7456
  Processing embedding: subset_table_2w_100 (short name: subset_table_2w)
train loss 0.6868064403533936, test loss 0.6960086226463318, train auc 0.601, test auc 0.813 train f1 0.610, test f1 0.771 train mcc 0.268, test mcc 0.568 train aupr 0.497, test aupr 0.765 train acc 0.615, test acc 0.778 confusion_matrix [[19 11]
 [ 3 30]]
train loss 0.6199299097061157, test loss 0.7331611514091492, train auc 0.814, test auc 0.640 train f1 0.762, test f1 0.649 train mcc 0.527, test mcc 0.349 train aupr 0.862, test aupr 0.503 train acc 0.762, test acc 0.654 confusion_matrix [[14 14]
 [ 4 20]]
    [CAD/datasize_result_3/subset_table_2w/PRJDB7456] Job on GPU-4 completed.
    [CAD/datasize_result_4/subset_table_2w/PRJDB6472] Starting job on GPU-4. Output: /home/cjj/projects/microbial-embeddings/analysis/Disease_classification_loo/Data/pretraining_datasize/result/CAD/datasize_result_4/subset_table_2w/PRJDB6472
    [CAD/datasize_result_3/subset_table_2w/PRJDB6472] Job on GPU-2 completed.
    [CAD/datasize_result_4/subset_table_2w/PRJDB7456] Starting job on GPU-2. Output: /home/cjj/projects/microbial-embeddings/analysis/Disease_classification_loo/Data/pretraining_datasize/result/CAD/datasize_result_4/subset_table_2w/PRJDB7456
  Processing embedding: subset_table_4w_100 (short name: subset_table_4w)
train loss 0.649091362953186, test loss 0.7304697632789612, train auc 0.702, test auc 0.888 train f1 0.559, test f1 0.786 train mcc 0.322, test mcc 0.607 train aupr 0.694, test aupr 0.887 train acc 0.596, test acc 0.794 confusion_matrix [[19 11]
 [ 2 31]]
train loss 0.6256482601165771, test loss 0.7344052195549011, train auc 0.832, test auc 0.737 train f1 0.807, test f1 0.634 train mcc 0.657, test mcc 0.416 train aupr 0.874, test aupr 0.634 train acc 0.810, test acc 0.654 confusion_matrix [[11 17]
 [ 1 23]]
    [CAD/datasize_result_3/subset_table_4w/PRJDB7456] Job on GPU-1 completed.
    [CAD/datasize_result_4/subset_table_4w/PRJDB6472] Starting job on GPU-1. Output: /home/cjj/projects/microbial-embeddings/analysis/Disease_classification_loo/Data/pretraining_datasize/result/CAD/datasize_result_4/subset_table_4w/PRJDB6472
    [CAD/datasize_result_3/subset_table_4w/PRJDB6472] Job on GPU-5 completed.
    [CAD/datasize_result_4/subset_table_4w/PRJDB7456] Starting job on GPU-5. Output: /home/cjj/projects/microbial-embeddings/analysis/Disease_classification_loo/Data/pretraining_datasize/result/CAD/datasize_result_4/subset_table_4w/PRJDB7456
  Processing embedding: subset_table_8w_100 (short name: subset_table_8w)
train loss 0.6850146055221558, test loss 0.705333411693573, train auc 0.650, test auc 0.815 train f1 0.553, test f1 0.761 train mcc 0.232, test mcc 0.522 train aupr 0.609, test aupr 0.855 train acc 0.577, test acc 0.762 confusion_matrix [[22  8]
 [ 7 26]]
train loss 0.5787653923034668, test loss 0.7413594722747803, train auc 0.891, test auc 0.713 train f1 0.839, test f1 0.663 train mcc 0.723, test mcc 0.419 train aupr 0.929, test aupr 0.569 train acc 0.841, test acc 0.673 confusion_matrix [[13 15]
 [ 2 22]]
train loss 0.576134204864502, test loss 0.7505110502243042, train auc 0.881, test auc 0.656 train f1 0.750, test f1 0.559 train mcc 0.551, test mcc 0.322 train aupr 0.902, test aupr 0.567 train acc 0.762, test acc 0.596 confusion_matrix [[ 8 20]
 [ 1 23]]
    [CAD/datasize_result_4/subset_table_1w/PRJDB7456] Job on GPU-0 completed.
    [CAD/datasize_result_4/subset_table_8w/PRJDB6472] Starting job on GPU-0. Output: /home/cjj/projects/microbial-embeddings/analysis/Disease_classification_loo/Data/pretraining_datasize/result/CAD/datasize_result_4/subset_table_8w/PRJDB6472
train loss 0.6202287077903748, test loss 0.734939694404602, train auc 0.771, test auc 0.894 train f1 0.645, test f1 0.857 train mcc 0.366, test mcc 0.714 train aupr 0.755, test aupr 0.887 train acc 0.654, test acc 0.857 confusion_matrix [[25  5]
 [ 4 29]]
    [CAD/datasize_result_4/subset_table_1w/PRJDB6472] Job on GPU-6 completed.
    [CAD/datasize_result_4/subset_table_8w/PRJDB7456] Starting job on GPU-6. Output: /home/cjj/projects/microbial-embeddings/analysis/Disease_classification_loo/Data/pretraining_datasize/result/CAD/datasize_result_4/subset_table_8w/PRJDB7456
Processing data size directory: datasize_result_5
    [CAD/datasize_result_3/subset_table_8w/PRJDB6472] Job on GPU-7 completed.
  Processing embedding: subset_table_1w_100 (short name: subset_table_1w)
    [CAD/datasize_result_5/subset_table_1w/PRJDB6472] Starting job on GPU-7. Output: /home/cjj/projects/microbial-embeddings/analysis/Disease_classification_loo/Data/pretraining_datasize/result/CAD/datasize_result_5/subset_table_1w/PRJDB6472
    [CAD/datasize_result_3/subset_table_8w/PRJDB7456] Job on GPU-3 completed.
    [CAD/datasize_result_5/subset_table_1w/PRJDB7456] Starting job on GPU-3. Output: /home/cjj/projects/microbial-embeddings/analysis/Disease_classification_loo/Data/pretraining_datasize/result/CAD/datasize_result_5/subset_table_1w/PRJDB7456
  Processing embedding: subset_table_2w_100 (short name: subset_table_2w)
train loss 0.6861215829849243, test loss 0.6900602579116821, train auc 0.743, test auc 0.679 train f1 0.651, test f1 0.641 train mcc 0.408, test mcc 0.388 train aupr 0.750, test aupr 0.579 train acc 0.683, test acc 0.654 confusion_matrix [[12 16]
 [ 2 22]]
train loss 0.6759033203125, test loss 0.7104312181472778, train auc 0.649, test auc 0.800 train f1 0.577, test f1 0.731 train mcc 0.267, test mcc 0.523 train aupr 0.635, test aupr 0.746 train acc 0.596, test acc 0.746 confusion_matrix [[16 14]
 [ 2 31]]
train loss 0.6691569089889526, test loss 0.7035342454910278, train auc 0.776, test auc 0.769 train f1 0.672, test f1 0.748 train mcc 0.437, test mcc 0.542 train aupr 0.737, test aupr 0.640 train acc 0.698, test acc 0.750 confusion_matrix [[17 11]
 [ 2 22]]
    [CAD/datasize_result_4/subset_table_2w/PRJDB6472] Job on GPU-4 completed.
    [CAD/datasize_result_5/subset_table_2w/PRJDB6472] Starting job on GPU-4. Output: /home/cjj/projects/microbial-embeddings/analysis/Disease_classification_loo/Data/pretraining_datasize/result/CAD/datasize_result_5/subset_table_2w/PRJDB6472
    [CAD/datasize_result_4/subset_table_8w/PRJDB6472] Job on GPU-0 completed.
    [CAD/datasize_result_5/subset_table_2w/PRJDB7456] Starting job on GPU-0. Output: /home/cjj/projects/microbial-embeddings/analysis/Disease_classification_loo/Data/pretraining_datasize/result/CAD/datasize_result_5/subset_table_2w/PRJDB7456
  Processing embedding: subset_table_4w_100 (short name: subset_table_4w)
    [CAD/datasize_result_4/subset_table_2w/PRJDB7456] Job on GPU-2 completed.
    [CAD/datasize_result_5/subset_table_4w/PRJDB6472] Starting job on GPU-2. Output: /home/cjj/projects/microbial-embeddings/analysis/Disease_classification_loo/Data/pretraining_datasize/result/CAD/datasize_result_5/subset_table_4w/PRJDB6472
train loss 0.6430515050888062, test loss 0.7542673349380493, train auc 0.750, test auc 0.793 train f1 0.711, test f1 0.745 train mcc 0.436, test mcc 0.566 train aupr 0.705, test aupr 0.810 train acc 0.712, test acc 0.762 confusion_matrix [[16 14]
 [ 1 32]]
train loss 0.22410091757774353, test loss 1.1399022340774536, train auc 0.999, test auc 0.756 train f1 0.968, test f1 0.768 train mcc 0.936, test mcc 0.536 train aupr 0.999, test aupr 0.652 train acc 0.968, test acc 0.769 confusion_matrix [[22  6]
 [ 6 18]]
    [CAD/datasize_result_4/subset_table_4w/PRJDB7456] Job on GPU-5 completed.
    [CAD/datasize_result_5/subset_table_4w/PRJDB7456] Starting job on GPU-5. Output: /home/cjj/projects/microbial-embeddings/analysis/Disease_classification_loo/Data/pretraining_datasize/result/CAD/datasize_result_5/subset_table_4w/PRJDB7456
  Processing embedding: subset_table_8w_100 (short name: subset_table_8w)
    [CAD/datasize_result_4/subset_table_4w/PRJDB6472] Job on GPU-1 completed.
    [CAD/datasize_result_5/subset_table_8w/PRJDB6472] Starting job on GPU-1. Output: /home/cjj/projects/microbial-embeddings/analysis/Disease_classification_loo/Data/pretraining_datasize/result/CAD/datasize_result_5/subset_table_8w/PRJDB6472
train loss 0.6677210330963135, test loss 0.6914063692092896, train auc 0.777, test auc 0.726 train f1 0.678, test f1 0.711 train mcc 0.423, test mcc 0.448 train aupr 0.803, test aupr 0.597 train acc 0.698, test acc 0.712 confusion_matrix [[17 11]
 [ 4 20]]
train loss 0.678356945514679, test loss 0.6950489282608032, train auc 0.628, test auc 0.771 train f1 0.533, test f1 0.730 train mcc 0.288, test mcc 0.460 train aupr 0.542, test aupr 0.805 train acc 0.577, test acc 0.730 confusion_matrix [[22  8]
 [ 9 24]]
train loss 0.6498339176177979, test loss 0.7087783813476562, train auc 0.775, test auc 0.816 train f1 0.645, test f1 0.793 train mcc 0.366, test mcc 0.597 train aupr 0.773, test aupr 0.740 train acc 0.654, test acc 0.794 confusion_matrix [[26  4]
 [ 9 24]]
    [CAD/datasize_result_5/subset_table_1w/PRJDB6472] Job on GPU-7 completed.
Processing disease: GD
    [CAD/datasize_result_5/subset_table_8w/PRJDB7456] Starting job on GPU-7. Output: /home/cjj/projects/microbial-embeddings/analysis/Disease_classification_loo/Data/pretraining_datasize/result/CAD/datasize_result_5/subset_table_8w/PRJDB7456
Found studies for GD: PRJNA695309 PRJNA850658
Processing data size directory: datasize_result_1
  Processing embedding: subset_table_1w_100 (short name: subset_table_1w)
    [CAD/datasize_result_5/subset_table_1w/PRJDB7456] Job on GPU-3 completed.
    [GD/datasize_result_1/subset_table_1w/PRJNA695309] Starting job on GPU-3. Output: /home/cjj/projects/microbial-embeddings/analysis/Disease_classification_loo/Data/pretraining_datasize/result/GD/datasize_result_1/subset_table_1w/PRJNA695309
    [CAD/datasize_result_4/subset_table_8w/PRJDB7456] Job on GPU-6 completed.
    [GD/datasize_result_1/subset_table_1w/PRJNA850658] Starting job on GPU-6. Output: /home/cjj/projects/microbial-embeddings/analysis/Disease_classification_loo/Data/pretraining_datasize/result/GD/datasize_result_1/subset_table_1w/PRJNA850658
  Processing embedding: subset_table_2w_100 (short name: subset_table_2w)
train loss 0.6885308623313904, test loss 0.6984107494354248, train auc 0.601, test auc 0.851 train f1 0.432, test f1 0.738 train mcc 0.093, test mcc 0.502 train aupr 0.560, test aupr 0.862 train acc 0.500, test acc 0.746 confusion_matrix [[18 12]
 [ 4 29]]
    [CAD/datasize_result_5/subset_table_2w/PRJDB7456] Job on GPU-0 completed.
    [GD/datasize_result_1/subset_table_2w/PRJNA695309] Starting job on GPU-0. Output: /home/cjj/projects/microbial-embeddings/analysis/Disease_classification_loo/Data/pretraining_datasize/result/GD/datasize_result_1/subset_table_2w/PRJNA695309
train loss 0.424206018447876, test loss 0.8442423343658447, train auc 0.908, test auc 0.680 train f1 0.841, test f1 0.559 train mcc 0.684, test mcc 0.322 train aupr 0.937, test aupr 0.567 train acc 0.841, test acc 0.596 confusion_matrix [[ 8 20]
 [ 1 23]]
train loss 0.2752760052680969, test loss 1.0706208944320679, train auc 0.940, test auc 0.658 train f1 0.905, test f1 0.628 train mcc 0.826, test mcc 0.316 train aupr 0.960, test aupr 0.555 train acc 0.905, test acc 0.635 confusion_matrix [[13 15]
 [ 4 20]]
train loss 0.684117317199707, test loss 0.7038000822067261, train auc 0.653, test auc 0.873 train f1 0.512, test f1 0.840 train mcc 0.141, test mcc 0.682 train aupr 0.621, test aupr 0.795 train acc 0.538, test acc 0.841 confusion_matrix [[24  6]
 [ 4 29]]
    [CAD/datasize_result_5/subset_table_2w/PRJDB6472] Job on GPU-4 completed.
    [GD/datasize_result_1/subset_table_2w/PRJNA850658] Starting job on GPU-4. Output: /home/cjj/projects/microbial-embeddings/analysis/Disease_classification_loo/Data/pretraining_datasize/result/GD/datasize_result_1/subset_table_2w/PRJNA850658
  Processing embedding: subset_table_4w_100 (short name: subset_table_4w)
    [CAD/datasize_result_5/subset_table_4w/PRJDB6472] Job on GPU-2 completed.
    [GD/datasize_result_1/subset_table_4w/PRJNA695309] Starting job on GPU-2. Output: /home/cjj/projects/microbial-embeddings/analysis/Disease_classification_loo/Data/pretraining_datasize/result/GD/datasize_result_1/subset_table_4w/PRJNA695309
    [CAD/datasize_result_5/subset_table_4w/PRJDB7456] Job on GPU-5 completed.
    [GD/datasize_result_1/subset_table_4w/PRJNA850658] Starting job on GPU-5. Output: /home/cjj/projects/microbial-embeddings/analysis/Disease_classification_loo/Data/pretraining_datasize/result/GD/datasize_result_1/subset_table_4w/PRJNA850658
  Processing embedding: subset_table_8w_100 (short name: subset_table_8w)
train loss 0.6650642156600952, test loss 0.6959283351898193, train auc 0.783, test auc 0.698 train f1 0.746, test f1 0.672 train mcc 0.493, test mcc 0.369 train aupr 0.828, test aupr 0.557 train acc 0.746, test acc 0.673 confusion_matrix [[16 12]
 [ 5 19]]
    [CAD/datasize_result_5/subset_table_8w/PRJDB6472] Job on GPU-1 completed.
    [GD/datasize_result_1/subset_table_8w/PRJNA695309] Starting job on GPU-1. Output: /home/cjj/projects/microbial-embeddings/analysis/Disease_classification_loo/Data/pretraining_datasize/result/GD/datasize_result_1/subset_table_8w/PRJNA695309
train loss 0.64368736743927, test loss 0.7788732051849365, train auc 0.737, test auc 0.752 train f1 0.692, test f1 0.746 train mcc 0.402, test mcc 0.493 train aupr 0.701, test aupr 0.740 train acc 0.692, test acc 0.746 confusion_matrix [[23  7]
 [ 9 24]]
    [CAD/datasize_result_5/subset_table_8w/PRJDB7456] Job on GPU-7 completed.
    [GD/datasize_result_1/subset_table_8w/PRJNA850658] Starting job on GPU-7. Output: /home/cjj/projects/microbial-embeddings/analysis/Disease_classification_loo/Data/pretraining_datasize/result/GD/datasize_result_1/subset_table_8w/PRJNA850658
Processing data size directory: datasize_result_2
  Processing embedding: subset_table_1w_100 (short name: subset_table_1w)
train loss 0.6862673163414001, test loss 0.6852449774742126, train auc 0.608, test auc 0.517 train f1 0.508, test f1 0.395 train mcc 0.166, test mcc -0.072 train aupr 0.644, test aupr 0.712 train acc 0.583, test acc 0.653 confusion_matrix [[ 0 33]
 [ 1 64]]
    [GD/datasize_result_1/subset_table_1w/PRJNA850658] Job on GPU-6 completed.
train loss 0.4418715536594391, test loss 0.7362847328186035, train auc 0.857, test auc 0.692 train f1 0.825, test f1 0.531 train mcc 0.651, test mcc 0.221 train aupr 0.905, test aupr 0.727 train acc 0.847, test acc 0.602 confusion_matrix [[11 37]
 [ 4 51]]
    [GD/datasize_result_2/subset_table_1w/PRJNA695309] Starting job on GPU-6. Output: /home/cjj/projects/microbial-embeddings/analysis/Disease_classification_loo/Data/pretraining_datasize/result/GD/datasize_result_2/subset_table_1w/PRJNA695309
    [GD/datasize_result_1/subset_table_1w/PRJNA695309] Job on GPU-3 completed.
    [GD/datasize_result_2/subset_table_1w/PRJNA850658] Starting job on GPU-3. Output: /home/cjj/projects/microbial-embeddings/analysis/Disease_classification_loo/Data/pretraining_datasize/result/GD/datasize_result_2/subset_table_1w/PRJNA850658
  Processing embedding: subset_table_2w_100 (short name: subset_table_2w)
train loss 0.5114785432815552, test loss 0.7264869213104248, train auc 0.831, test auc 0.608 train f1 0.798, test f1 0.592 train mcc 0.601, test mcc 0.352 train aupr 0.902, test aupr 0.640 train acc 0.827, test acc 0.650 confusion_matrix [[14 34]
 [ 2 53]]
    [GD/datasize_result_1/subset_table_2w/PRJNA695309] Job on GPU-0 completed.
    [GD/datasize_result_2/subset_table_2w/PRJNA695309] Starting job on GPU-0. Output: /home/cjj/projects/microbial-embeddings/analysis/Disease_classification_loo/Data/pretraining_datasize/result/GD/datasize_result_2/subset_table_2w/PRJNA695309
train loss 0.6701444983482361, test loss 0.6966022253036499, train auc 0.514, test auc 0.654 train f1 0.456, test f1 0.454 train mcc 0.124, test mcc 0.124 train aupr 0.664, test aupr 0.661 train acc 0.673, test acc 0.563 confusion_matrix [[ 6 42]
 [ 3 52]]
train loss 0.6949411630630493, test loss 0.6938384771347046, train auc 0.595, test auc 0.539 train f1 0.454, test f1 0.456 train mcc 0.124, test mcc 0.124 train aupr 0.658, test aupr 0.714 train acc 0.563, test acc 0.673 confusion_matrix [[ 2 31]
 [ 1 64]]
    [GD/datasize_result_1/subset_table_4w/PRJNA695309] Job on GPU-2 completed.
    [GD/datasize_result_2/subset_table_2w/PRJNA850658] Starting job on GPU-2. Output: /home/cjj/projects/microbial-embeddings/analysis/Disease_classification_loo/Data/pretraining_datasize/result/GD/datasize_result_2/subset_table_2w/PRJNA850658
  Processing embedding: subset_table_4w_100 (short name: subset_table_4w)
    [GD/datasize_result_1/subset_table_2w/PRJNA850658] Job on GPU-4 completed.
    [GD/datasize_result_2/subset_table_4w/PRJNA695309] Starting job on GPU-4. Output: /home/cjj/projects/microbial-embeddings/analysis/Disease_classification_loo/Data/pretraining_datasize/result/GD/datasize_result_2/subset_table_4w/PRJNA695309
train loss 0.662604570388794, test loss 0.6811870336532593, train auc 0.725, test auc 0.577 train f1 0.705, test f1 0.426 train mcc 0.443, test mcc 0.050 train aupr 0.680, test aupr 0.721 train acc 0.718, test acc 0.663 confusion_matrix [[ 1 32]
 [ 1 64]]
train loss 0.5233210921287537, test loss 0.6924039721488953, train auc 0.828, test auc 0.639 train f1 0.780, test f1 0.530 train mcc 0.574, test mcc 0.267 train aupr 0.881, test aupr 0.640 train acc 0.816, test acc 0.612 confusion_matrix [[10 38]
 [ 2 53]]
    [GD/datasize_result_1/subset_table_4w/PRJNA850658] Job on GPU-5 completed.
    [GD/datasize_result_2/subset_table_4w/PRJNA850658] Starting job on GPU-5. Output: /home/cjj/projects/microbial-embeddings/analysis/Disease_classification_loo/Data/pretraining_datasize/result/GD/datasize_result_2/subset_table_4w/PRJNA850658
  Processing embedding: subset_table_8w_100 (short name: subset_table_8w)
    [GD/datasize_result_1/subset_table_8w/PRJNA695309] Job on GPU-1 completed.
    [GD/datasize_result_2/subset_table_8w/PRJNA695309] Starting job on GPU-1. Output: /home/cjj/projects/microbial-embeddings/analysis/Disease_classification_loo/Data/pretraining_datasize/result/GD/datasize_result_2/subset_table_8w/PRJNA695309
train loss 0.6781872510910034, test loss 0.6978410482406616, train auc 0.659, test auc 0.590 train f1 0.620, test f1 0.478 train mcc 0.308, test mcc 0.129 train aupr 0.693, test aupr 0.705 train acc 0.650, test acc 0.673 confusion_matrix [[ 3 30]
 [ 2 63]]
    [GD/datasize_result_1/subset_table_8w/PRJNA850658] Job on GPU-7 completed.
    [GD/datasize_result_2/subset_table_8w/PRJNA850658] Starting job on GPU-7. Output: /home/cjj/projects/microbial-embeddings/analysis/Disease_classification_loo/Data/pretraining_datasize/result/GD/datasize_result_2/subset_table_8w/PRJNA850658
Processing data size directory: datasize_result_3
  Processing embedding: subset_table_1w_100 (short name: subset_table_1w)
train loss 0.6687078475952148, test loss 0.6854259967803955, train auc 0.641, test auc 0.632 train f1 0.554, test f1 0.395 train mcc 0.276, test mcc -0.072 train aupr 0.667, test aupr 0.762 train acc 0.621, test acc 0.653 confusion_matrix [[ 0 33]
 [ 1 64]]
train loss 0.4861450791358948, test loss 0.6600515842437744, train auc 0.866, test auc 0.686 train f1 0.817, test f1 0.629 train mcc 0.634, test mcc 0.334 train aupr 0.909, test aupr 0.700 train acc 0.837, test acc 0.660 confusion_matrix [[19 29]
 [ 6 49]]
    [GD/datasize_result_2/subset_table_1w/PRJNA695309] Job on GPU-6 completed.
    [GD/datasize_result_3/subset_table_1w/PRJNA695309] Starting job on GPU-6. Output: /home/cjj/projects/microbial-embeddings/analysis/Disease_classification_loo/Data/pretraining_datasize/result/GD/datasize_result_3/subset_table_1w/PRJNA695309
    [GD/datasize_result_2/subset_table_1w/PRJNA850658] Job on GPU-3 completed.
    [GD/datasize_result_3/subset_table_1w/PRJNA850658] Starting job on GPU-3. Output: /home/cjj/projects/microbial-embeddings/analysis/Disease_classification_loo/Data/pretraining_datasize/result/GD/datasize_result_3/subset_table_1w/PRJNA850658
  Processing embedding: subset_table_2w_100 (short name: subset_table_2w)
train loss 0.5303263664245605, test loss 0.7140887975692749, train auc 0.829, test auc 0.662 train f1 0.735, test f1 0.454 train mcc 0.496, test mcc 0.124 train aupr 0.894, test aupr 0.677 train acc 0.786, test acc 0.563 confusion_matrix [[ 6 42]
 [ 3 52]]
    [GD/datasize_result_2/subset_table_2w/PRJNA695309] Job on GPU-0 completed.
    [GD/datasize_result_3/subset_table_2w/PRJNA695309] Starting job on GPU-0. Output: /home/cjj/projects/microbial-embeddings/analysis/Disease_classification_loo/Data/pretraining_datasize/result/GD/datasize_result_3/subset_table_2w/PRJNA695309
train loss 0.16137339174747467, test loss 1.0794305801391602, train auc 0.982, test auc 0.671 train f1 0.941, test f1 0.536 train mcc 0.883, test mcc 0.268 train aupr 0.987, test aupr 0.780 train acc 0.942, test acc 0.704 confusion_matrix [[ 5 28]
 [ 1 64]]
    [GD/datasize_result_2/subset_table_2w/PRJNA850658] Job on GPU-2 completed.
    [GD/datasize_result_3/subset_table_2w/PRJNA850658] Starting job on GPU-2. Output: /home/cjj/projects/microbial-embeddings/analysis/Disease_classification_loo/Data/pretraining_datasize/result/GD/datasize_result_3/subset_table_2w/PRJNA850658
  Processing embedding: subset_table_4w_100 (short name: subset_table_4w)
train loss 0.4562283158302307, test loss 0.6695120334625244, train auc 0.856, test auc 0.634 train f1 0.765, test f1 0.483 train mcc 0.548, test mcc 0.146 train aupr 0.917, test aupr 0.664 train acc 0.806, test acc 0.573 confusion_matrix [[ 8 40]
 [ 4 51]]
train loss 0.67713463306427, test loss 0.6879870891571045, train auc 0.661, test auc 0.599 train f1 0.562, test f1 0.395 train mcc 0.311, test mcc -0.072 train aupr 0.676, test aupr 0.761 train acc 0.631, test acc 0.653 confusion_matrix [[ 0 33]
 [ 1 64]]
    [GD/datasize_result_2/subset_table_4w/PRJNA695309] Job on GPU-4 completed.
    [GD/datasize_result_3/subset_table_4w/PRJNA695309] Starting job on GPU-4. Output: /home/cjj/projects/microbial-embeddings/analysis/Disease_classification_loo/Data/pretraining_datasize/result/GD/datasize_result_3/subset_table_4w/PRJNA695309
train loss 0.5780583620071411, test loss 0.6770632266998291, train auc 0.753, test auc 0.620 train f1 0.606, test f1 0.546 train mcc 0.372, test mcc 0.290 train aupr 0.850, test aupr 0.630 train acc 0.735, test acc 0.621 confusion_matrix [[11 37]
 [ 2 53]]
    [GD/datasize_result_2/subset_table_4w/PRJNA850658] Job on GPU-5 completed.
    [GD/datasize_result_3/subset_table_4w/PRJNA850658] Starting job on GPU-5. Output: /home/cjj/projects/microbial-embeddings/analysis/Disease_classification_loo/Data/pretraining_datasize/result/GD/datasize_result_3/subset_table_4w/PRJNA850658
  Processing embedding: subset_table_8w_100 (short name: subset_table_8w)
    [GD/datasize_result_2/subset_table_8w/PRJNA695309] Job on GPU-1 completed.
    [GD/datasize_result_3/subset_table_8w/PRJNA695309] Starting job on GPU-1. Output: /home/cjj/projects/microbial-embeddings/analysis/Disease_classification_loo/Data/pretraining_datasize/result/GD/datasize_result_3/subset_table_8w/PRJNA695309
train loss 0.6888222694396973, test loss 0.6892597675323486, train auc 0.571, test auc 0.567 train f1 0.403, test f1 0.426 train mcc 0.061, test mcc 0.050 train aupr 0.620, test aupr 0.715 train acc 0.544, test acc 0.663 confusion_matrix [[ 1 32]
 [ 1 64]]
    [GD/datasize_result_2/subset_table_8w/PRJNA850658] Job on GPU-7 completed.
    [GD/datasize_result_3/subset_table_8w/PRJNA850658] Starting job on GPU-7. Output: /home/cjj/projects/microbial-embeddings/analysis/Disease_classification_loo/Data/pretraining_datasize/result/GD/datasize_result_3/subset_table_8w/PRJNA850658
Processing data size directory: datasize_result_4
  Processing embedding: subset_table_1w_100 (short name: subset_table_1w)
train loss 0.3764330744743347, test loss 1.7027243375778198, train auc 0.953, test auc 0.588 train f1 0.902, test f1 0.395 train mcc 0.805, test mcc -0.072 train aupr 0.966, test aupr 0.748 train acc 0.903, test acc 0.653 confusion_matrix [[ 0 33]
 [ 1 64]]
train loss 0.6401969194412231, test loss 0.7100126147270203, train auc 0.445, test auc 0.676 train f1 0.395, test f1 0.569 train mcc -0.072, test mcc 0.258 train aupr 0.625, test aupr 0.673 train acc 0.653, test acc 0.621 confusion_matrix [[14 34]
 [ 5 50]]
    [GD/datasize_result_3/subset_table_1w/PRJNA850658] Job on GPU-3 completed.
    [GD/datasize_result_4/subset_table_1w/PRJNA695309] Starting job on GPU-3. Output: /home/cjj/projects/microbial-embeddings/analysis/Disease_classification_loo/Data/pretraining_datasize/result/GD/datasize_result_4/subset_table_1w/PRJNA695309
    [GD/datasize_result_3/subset_table_1w/PRJNA695309] Job on GPU-6 completed.
    [GD/datasize_result_4/subset_table_1w/PRJNA850658] Starting job on GPU-6. Output: /home/cjj/projects/microbial-embeddings/analysis/Disease_classification_loo/Data/pretraining_datasize/result/GD/datasize_result_4/subset_table_1w/PRJNA850658
  Processing embedding: subset_table_2w_100 (short name: subset_table_2w)
train loss 0.5380549430847168, test loss 0.5738459825515747, train auc 0.910, test auc 0.774 train f1 0.838, test f1 0.730 train mcc 0.676, test mcc 0.477 train aupr 0.942, test aupr 0.799 train acc 0.857, test acc 0.738 confusion_matrix [[29 19]
 [ 8 47]]
    [GD/datasize_result_3/subset_table_2w/PRJNA695309] Job on GPU-0 completed.
    [GD/datasize_result_4/subset_table_2w/PRJNA695309] Starting job on GPU-0. Output: /home/cjj/projects/microbial-embeddings/analysis/Disease_classification_loo/Data/pretraining_datasize/result/GD/datasize_result_4/subset_table_2w/PRJNA695309
train loss 0.6849077939987183, test loss 0.6807312369346619, train auc 0.641, test auc 0.663 train f1 0.388, test f1 0.553 train mcc 0.070, test mcc 0.261 train aupr 0.722, test aupr 0.782 train acc 0.544, test acc 0.704 confusion_matrix [[ 6 27]
 [ 2 63]]
    [GD/datasize_result_3/subset_table_2w/PRJNA850658] Job on GPU-2 completed.
    [GD/datasize_result_4/subset_table_2w/PRJNA850658] Starting job on GPU-2. Output: /home/cjj/projects/microbial-embeddings/analysis/Disease_classification_loo/Data/pretraining_datasize/result/GD/datasize_result_4/subset_table_2w/PRJNA850658
  Processing embedding: subset_table_4w_100 (short name: subset_table_4w)
train loss 0.6585930585861206, test loss 0.6864651441574097, train auc 0.711, test auc 0.573 train f1 0.553, test f1 0.456 train mcc 0.328, test mcc 0.124 train aupr 0.720, test aupr 0.752 train acc 0.631, test acc 0.673 confusion_matrix [[ 2 31]
 [ 1 64]]
train loss 0.7062712907791138, test loss 0.6904919147491455, train auc 0.492, test auc 0.745 train f1 0.395, test f1 0.692 train mcc -0.072, test mcc 0.394 train aupr 0.652, test aupr 0.719 train acc 0.653, test acc 0.699 confusion_matrix [[28 20]
 [11 44]]
    [GD/datasize_result_3/subset_table_4w/PRJNA850658] Job on GPU-5 completed.
    [GD/datasize_result_4/subset_table_4w/PRJNA695309] Starting job on GPU-5. Output: /home/cjj/projects/microbial-embeddings/analysis/Disease_classification_loo/Data/pretraining_datasize/result/GD/datasize_result_4/subset_table_4w/PRJNA695309
train loss 0.5987769365310669, test loss 0.6516841650009155, train auc 0.869, test auc 0.687 train f1 0.790, test f1 0.569 train mcc 0.598, test mcc 0.298 train aupr 0.916, test aupr 0.690 train acc 0.827, test acc 0.631 confusion_matrix [[13 35]
 [ 3 52]]
    [GD/datasize_result_3/subset_table_8w/PRJNA695309] Job on GPU-1 completed.
    [GD/datasize_result_4/subset_table_4w/PRJNA850658] Starting job on GPU-1. Output: /home/cjj/projects/microbial-embeddings/analysis/Disease_classification_loo/Data/pretraining_datasize/result/GD/datasize_result_4/subset_table_4w/PRJNA850658
  Processing embedding: subset_table_8w_100 (short name: subset_table_8w)
    [GD/datasize_result_3/subset_table_4w/PRJNA695309] Job on GPU-4 completed.
    [GD/datasize_result_4/subset_table_8w/PRJNA695309] Starting job on GPU-4. Output: /home/cjj/projects/microbial-embeddings/analysis/Disease_classification_loo/Data/pretraining_datasize/result/GD/datasize_result_4/subset_table_8w/PRJNA695309
train loss 0.6802974939346313, test loss 0.6904059648513794, train auc 0.626, test auc 0.628 train f1 0.539, test f1 0.515 train mcc 0.254, test mcc 0.147 train aupr 0.610, test aupr 0.769 train acc 0.612, test acc 0.673 confusion_matrix [[ 5 28]
 [ 4 61]]
    [GD/datasize_result_3/subset_table_8w/PRJNA850658] Job on GPU-7 completed.
    [GD/datasize_result_4/subset_table_8w/PRJNA850658] Starting job on GPU-7. Output: /home/cjj/projects/microbial-embeddings/analysis/Disease_classification_loo/Data/pretraining_datasize/result/GD/datasize_result_4/subset_table_8w/PRJNA850658
Processing data size directory: datasize_result_5
  Processing embedding: subset_table_1w_100 (short name: subset_table_1w)
train loss 0.6853505373001099, test loss 0.6974086761474609, train auc 0.621, test auc 0.595 train f1 0.605, test f1 0.426 train mcc 0.329, test mcc 0.050 train aupr 0.676, test aupr 0.750 train acc 0.650, test acc 0.663 confusion_matrix [[ 1 32]
 [ 1 64]]
train loss 0.5289981365203857, test loss 0.7186917066574097, train auc 0.754, test auc 0.676 train f1 0.716, test f1 0.562 train mcc 0.448, test mcc 0.311 train aupr 0.844, test aupr 0.650 train acc 0.765, test acc 0.631 confusion_matrix [[12 36]
 [ 2 53]]
    [GD/datasize_result_4/subset_table_1w/PRJNA695309] Job on GPU-3 completed.
    [GD/datasize_result_5/subset_table_1w/PRJNA695309] Starting job on GPU-3. Output: /home/cjj/projects/microbial-embeddings/analysis/Disease_classification_loo/Data/pretraining_datasize/result/GD/datasize_result_5/subset_table_1w/PRJNA695309
    [GD/datasize_result_4/subset_table_1w/PRJNA850658] Job on GPU-6 completed.
    [GD/datasize_result_5/subset_table_1w/PRJNA850658] Starting job on GPU-6. Output: /home/cjj/projects/microbial-embeddings/analysis/Disease_classification_loo/Data/pretraining_datasize/result/GD/datasize_result_5/subset_table_1w/PRJNA850658
  Processing embedding: subset_table_2w_100 (short name: subset_table_2w)
train loss 0.3774632215499878, test loss 0.7190771102905273, train auc 0.905, test auc 0.619 train f1 0.844, test f1 0.388 train mcc 0.692, test mcc 0.070 train aupr 0.953, test aupr 0.673 train acc 0.857, test acc 0.544 confusion_matrix [[ 2 46]
 [ 1 54]]
    [GD/datasize_result_4/subset_table_2w/PRJNA695309] Job on GPU-0 completed.
    [GD/datasize_result_5/subset_table_2w/PRJNA695309] Starting job on GPU-0. Output: /home/cjj/projects/microbial-embeddings/analysis/Disease_classification_loo/Data/pretraining_datasize/result/GD/datasize_result_5/subset_table_2w/PRJNA695309
train loss 0.6816076636314392, test loss 0.6899137496948242, train auc 0.543, test auc 0.660 train f1 0.454, test f1 0.625 train mcc 0.124, test mcc 0.282 train aupr 0.589, test aupr 0.788 train acc 0.563, test acc 0.704 confusion_matrix [[12 21]
 [ 8 57]]
    [GD/datasize_result_4/subset_table_2w/PRJNA850658] Job on GPU-2 completed.
    [GD/datasize_result_5/subset_table_2w/PRJNA850658] Starting job on GPU-2. Output: /home/cjj/projects/microbial-embeddings/analysis/Disease_classification_loo/Data/pretraining_datasize/result/GD/datasize_result_5/subset_table_2w/PRJNA850658
  Processing embedding: subset_table_4w_100 (short name: subset_table_4w)
train loss 0.6961018443107605, test loss 0.6928396224975586, train auc 0.514, test auc 0.645 train f1 0.428, test f1 0.395 train mcc 0.151, test mcc -0.072 train aupr 0.562, test aupr 0.789 train acc 0.563, test acc 0.653 confusion_matrix [[ 0 33]
 [ 1 64]]
train loss 0.5685518980026245, test loss 0.6886500120162964, train auc 0.864, test auc 0.693 train f1 0.780, test f1 0.562 train mcc 0.574, test mcc 0.311 train aupr 0.907, test aupr 0.693 train acc 0.816, test acc 0.631 confusion_matrix [[12 36]
 [ 2 53]]
    [GD/datasize_result_4/subset_table_4w/PRJNA850658] Job on GPU-1 completed.
    [GD/datasize_result_5/subset_table_4w/PRJNA695309] Starting job on GPU-1. Output: /home/cjj/projects/microbial-embeddings/analysis/Disease_classification_loo/Data/pretraining_datasize/result/GD/datasize_result_5/subset_table_4w/PRJNA695309
train loss 0.7066394686698914, test loss 0.692887544631958, train auc 0.507, test auc 0.669 train f1 0.395, test f1 0.611 train mcc -0.072, test mcc 0.320 train aupr 0.662, test aupr 0.655 train acc 0.653, test acc 0.650 confusion_matrix [[17 31]
 [ 5 50]]
    [GD/datasize_result_4/subset_table_4w/PRJNA695309] Job on GPU-5 completed.
    [GD/datasize_result_5/subset_table_4w/PRJNA850658] Starting job on GPU-5. Output: /home/cjj/projects/microbial-embeddings/analysis/Disease_classification_loo/Data/pretraining_datasize/result/GD/datasize_result_5/subset_table_4w/PRJNA850658
  Processing embedding: subset_table_8w_100 (short name: subset_table_8w)
    [GD/datasize_result_4/subset_table_8w/PRJNA695309] Job on GPU-4 completed.
    [GD/datasize_result_5/subset_table_8w/PRJNA695309] Starting job on GPU-4. Output: /home/cjj/projects/microbial-embeddings/analysis/Disease_classification_loo/Data/pretraining_datasize/result/GD/datasize_result_5/subset_table_8w/PRJNA695309
train loss 0.6748688220977783, test loss 0.6851806640625, train auc 0.572, test auc 0.587 train f1 0.496, test f1 0.504 train mcc 0.220, test mcc 0.178 train aupr 0.565, test aupr 0.750 train acc 0.592, test acc 0.684 confusion_matrix [[ 4 29]
 [ 2 63]]
train loss 0.6667596697807312, test loss 0.697173535823822, train auc 0.734, test auc 0.604 train f1 0.591, test f1 0.395 train mcc 0.308, test mcc -0.072 train aupr 0.741, test aupr 0.755 train acc 0.641, test acc 0.653 confusion_matrix [[ 0 33]
 [ 1 64]]
    [GD/datasize_result_4/subset_table_8w/PRJNA850658] Job on GPU-7 completed.
Processing disease: IBS
    [GD/datasize_result_5/subset_table_8w/PRJNA850658] Starting job on GPU-7. Output: /home/cjj/projects/microbial-embeddings/analysis/Disease_classification_loo/Data/pretraining_datasize/result/GD/datasize_result_5/subset_table_8w/PRJNA850658
Found studies for IBS: PRJEB11419 PRJNA268708
Processing data size directory: datasize_result_1
  Processing embedding: subset_table_1w_100 (short name: subset_table_1w)
    [GD/datasize_result_5/subset_table_1w/PRJNA850658] Job on GPU-6 completed.
    [IBS/datasize_result_1/subset_table_1w/PRJEB11419] Starting job on GPU-6. Output: /home/cjj/projects/microbial-embeddings/analysis/Disease_classification_loo/Data/pretraining_datasize/result/IBS/datasize_result_1/subset_table_1w/PRJEB11419
train loss 0.5221296548843384, test loss 0.6669148206710815, train auc 0.814, test auc 0.722 train f1 0.785, test f1 0.530 train mcc 0.600, test mcc 0.267 train aupr 0.878, test aupr 0.721 train acc 0.827, test acc 0.612 confusion_matrix [[10 38]
 [ 2 53]]
    [GD/datasize_result_5/subset_table_1w/PRJNA695309] Job on GPU-3 completed.
    [IBS/datasize_result_1/subset_table_1w/PRJNA268708] Starting job on GPU-3. Output: /home/cjj/projects/microbial-embeddings/analysis/Disease_classification_loo/Data/pretraining_datasize/result/IBS/datasize_result_1/subset_table_1w/PRJNA268708
  Processing embedding: subset_table_2w_100 (short name: subset_table_2w)
train loss 0.4681088924407959, test loss 0.6797055006027222, train auc 0.816, test auc 0.621 train f1 0.693, test f1 0.448 train mcc 0.417, test mcc 0.183 train aupr 0.895, test aupr 0.622 train acc 0.755, test acc 0.573 confusion_matrix [[ 5 43]
 [ 1 54]]
    [GD/datasize_result_5/subset_table_2w/PRJNA695309] Job on GPU-0 completed.
    [IBS/datasize_result_1/subset_table_2w/PRJEB11419] Starting job on GPU-0. Output: /home/cjj/projects/microbial-embeddings/analysis/Disease_classification_loo/Data/pretraining_datasize/result/IBS/datasize_result_1/subset_table_2w/PRJEB11419
train loss 0.67457115650177, test loss 0.6912065744400024, train auc 0.603, test auc 0.567 train f1 0.573, test f1 0.450 train mcc 0.222, test mcc 0.071 train aupr 0.633, test aupr 0.715 train acc 0.612, test acc 0.663 confusion_matrix [[ 2 31]
 [ 2 63]]
    [GD/datasize_result_5/subset_table_2w/PRJNA850658] Job on GPU-2 completed.
    [IBS/datasize_result_1/subset_table_2w/PRJNA268708] Starting job on GPU-2. Output: /home/cjj/projects/microbial-embeddings/analysis/Disease_classification_loo/Data/pretraining_datasize/result/IBS/datasize_result_1/subset_table_2w/PRJNA268708
  Processing embedding: subset_table_4w_100 (short name: subset_table_4w)
train loss 0.6922346353530884, test loss 0.6903296113014221, train auc 0.597, test auc 0.567 train f1 0.366, test f1 0.395 train mcc 0.010, test mcc -0.072 train aupr 0.623, test aupr 0.725 train acc 0.534, test acc 0.653 confusion_matrix [[ 0 33]
 [ 1 64]]
train loss 0.5364227294921875, test loss 0.7137449979782104, train auc 0.798, test auc 0.698 train f1 0.762, test f1 0.633 train mcc 0.524, test mcc 0.328 train aupr 0.892, test aupr 0.677 train acc 0.786, test acc 0.660 confusion_matrix [[20 28]
 [ 7 48]]
train loss 0.706239640712738, test loss 0.6946343779563904, train auc 0.488, test auc 0.684 train f1 0.484, test f1 0.569 train mcc 0.180, test mcc 0.258 train aupr 0.623, test aupr 0.711 train acc 0.684, test acc 0.621 confusion_matrix [[14 34]
 [ 5 50]]
    [GD/datasize_result_5/subset_table_4w/PRJNA850658] Job on GPU-5 completed.
    [IBS/datasize_result_1/subset_table_4w/PRJEB11419] Starting job on GPU-5. Output: /home/cjj/projects/microbial-embeddings/analysis/Disease_classification_loo/Data/pretraining_datasize/result/IBS/datasize_result_1/subset_table_4w/PRJEB11419
    [GD/datasize_result_5/subset_table_4w/PRJNA695309] Job on GPU-1 completed.
    [IBS/datasize_result_1/subset_table_4w/PRJNA268708] Starting job on GPU-1. Output: /home/cjj/projects/microbial-embeddings/analysis/Disease_classification_loo/Data/pretraining_datasize/result/IBS/datasize_result_1/subset_table_4w/PRJNA268708
  Processing embedding: subset_table_8w_100 (short name: subset_table_8w)
    [GD/datasize_result_5/subset_table_8w/PRJNA695309] Job on GPU-4 completed.
    [IBS/datasize_result_1/subset_table_8w/PRJEB11419] Starting job on GPU-4. Output: /home/cjj/projects/microbial-embeddings/analysis/Disease_classification_loo/Data/pretraining_datasize/result/IBS/datasize_result_1/subset_table_8w/PRJEB11419
train loss 0.6664896011352539, test loss 0.6831433176994324, train auc 0.666, test auc 0.558 train f1 0.591, test f1 0.395 train mcc 0.308, test mcc -0.072 train aupr 0.663, test aupr 0.724 train acc 0.641, test acc 0.653 confusion_matrix [[ 0 33]
 [ 1 64]]
    [GD/datasize_result_5/subset_table_8w/PRJNA850658] Job on GPU-7 completed.
    [IBS/datasize_result_1/subset_table_8w/PRJNA268708] Starting job on GPU-7. Output: /home/cjj/projects/microbial-embeddings/analysis/Disease_classification_loo/Data/pretraining_datasize/result/IBS/datasize_result_1/subset_table_8w/PRJNA268708
Processing data size directory: datasize_result_2
  Processing embedding: subset_table_1w_100 (short name: subset_table_1w)
train loss 0.41100963950157166, test loss 1.0896432399749756, train auc 0.868, test auc 0.559 train f1 0.782, test f1 0.337 train mcc 0.566, test mcc 0.040 train aupr 0.941, test aupr 0.509 train acc 0.823, test acc 0.465 confusion_matrix [[ 11 448]
 [  5 382]]
    [IBS/datasize_result_1/subset_table_1w/PRJEB11419] Job on GPU-6 completed.
    [IBS/datasize_result_2/subset_table_1w/PRJEB11419] Starting job on GPU-6. Output: /home/cjj/projects/microbial-embeddings/analysis/Disease_classification_loo/Data/pretraining_datasize/result/IBS/datasize_result_2/subset_table_1w/PRJEB11419
train loss 0.6859541535377502, test loss 0.72775799036026, train auc 0.554, test auc 0.626 train f1 0.403, test f1 0.411 train mcc 0.096, test mcc -0.039 train aupr 0.517, test aupr 0.784 train acc 0.489, test acc 0.698 confusion_matrix [[  0  86]
 [  1 201]]
    [IBS/datasize_result_1/subset_table_1w/PRJNA268708] Job on GPU-3 completed.
    [IBS/datasize_result_2/subset_table_1w/PRJNA268708] Starting job on GPU-3. Output: /home/cjj/projects/microbial-embeddings/analysis/Disease_classification_loo/Data/pretraining_datasize/result/IBS/datasize_result_2/subset_table_1w/PRJNA268708
  Processing embedding: subset_table_2w_100 (short name: subset_table_2w)
train loss 0.569209635257721, test loss 0.8430058360099792, train auc 0.687, test auc 0.554 train f1 0.475, test f1 0.433 train mcc 0.125, test mcc 0.122 train aupr 0.821, test aupr 0.501 train acc 0.708, test acc 0.504 confusion_matrix [[ 64 395]
 [ 25 362]]
    [IBS/datasize_result_1/subset_table_2w/PRJEB11419] Job on GPU-0 completed.
    [IBS/datasize_result_2/subset_table_2w/PRJEB11419] Starting job on GPU-0. Output: /home/cjj/projects/microbial-embeddings/analysis/Disease_classification_loo/Data/pretraining_datasize/result/IBS/datasize_result_2/subset_table_2w/PRJEB11419
train loss 0.6109157204627991, test loss 0.8512794971466064, train auc 0.527, test auc 0.542 train f1 0.411, test f1 0.370 train mcc -0.039, test mcc 0.080 train aupr 0.731, test aupr 0.497 train acc 0.698, test acc 0.478 confusion_matrix [[ 27 432]
 [ 10 377]]
    [IBS/datasize_result_1/subset_table_4w/PRJEB11419] Job on GPU-5 completed.
    [IBS/datasize_result_2/subset_table_2w/PRJNA268708] Starting job on GPU-5. Output: /home/cjj/projects/microbial-embeddings/analysis/Disease_classification_loo/Data/pretraining_datasize/result/IBS/datasize_result_2/subset_table_2w/PRJNA268708
  Processing embedding: subset_table_4w_100 (short name: subset_table_4w)
train loss 0.5936358571052551, test loss 0.8193619847297668, train auc 0.625, test auc 0.538 train f1 0.539, test f1 0.396 train mcc 0.188, test mcc 0.093 train aupr 0.777, test aupr 0.487 train acc 0.715, test acc 0.487 confusion_matrix [[ 42 417]
 [ 17 370]]
train loss 0.6913149952888489, test loss 0.752446174621582, train auc 0.519, test auc 0.632 train f1 0.313, test f1 0.466 train mcc -0.037, test mcc 0.121 train aupr 0.467, test aupr 0.778 train acc 0.456, test acc 0.708 confusion_matrix [[  5  81]
 [  3 199]]
    [IBS/datasize_result_1/subset_table_8w/PRJEB11419] Job on GPU-4 completed.
    [IBS/datasize_result_2/subset_table_4w/PRJEB11419] Starting job on GPU-4. Output: /home/cjj/projects/microbial-embeddings/analysis/Disease_classification_loo/Data/pretraining_datasize/result/IBS/datasize_result_2/subset_table_4w/PRJEB11419
    [IBS/datasize_result_1/subset_table_2w/PRJNA268708] Job on GPU-2 completed.
    [IBS/datasize_result_2/subset_table_4w/PRJNA268708] Starting job on GPU-2. Output: /home/cjj/projects/microbial-embeddings/analysis/Disease_classification_loo/Data/pretraining_datasize/result/IBS/datasize_result_2/subset_table_4w/PRJNA268708
  Processing embedding: subset_table_8w_100 (short name: subset_table_8w)
train loss 0.6910008788108826, test loss 0.743667483329773, train auc 0.512, test auc 0.643 train f1 0.313, test f1 0.468 train mcc -0.037, test mcc 0.143 train aupr 0.485, test aupr 0.800 train acc 0.456, test acc 0.712 confusion_matrix [[  5  81]
 [  2 200]]
    [IBS/datasize_result_1/subset_table_4w/PRJNA268708] Job on GPU-1 completed.
    [IBS/datasize_result_2/subset_table_8w/PRJEB11419] Starting job on GPU-1. Output: /home/cjj/projects/microbial-embeddings/analysis/Disease_classification_loo/Data/pretraining_datasize/result/IBS/datasize_result_2/subset_table_8w/PRJEB11419
train loss 0.6929726600646973, test loss 0.7391180396080017, train auc 0.496, test auc 0.660 train f1 0.316, test f1 0.445 train mcc -0.004, test mcc 0.088 train aupr 0.452, test aupr 0.810 train acc 0.457, test acc 0.705 confusion_matrix [[  3  83]
 [  2 200]]
    [IBS/datasize_result_1/subset_table_8w/PRJNA268708] Job on GPU-7 completed.
    [IBS/datasize_result_2/subset_table_8w/PRJNA268708] Starting job on GPU-7. Output: /home/cjj/projects/microbial-embeddings/analysis/Disease_classification_loo/Data/pretraining_datasize/result/IBS/datasize_result_2/subset_table_8w/PRJNA268708
Processing data size directory: datasize_result_3
  Processing embedding: subset_table_1w_100 (short name: subset_table_1w)
train loss 0.6089782118797302, test loss 0.8446228504180908, train auc 0.529, test auc 0.551 train f1 0.411, test f1 0.378 train mcc -0.039, test mcc 0.090 train aupr 0.737, test aupr 0.505 train acc 0.698, test acc 0.481 confusion_matrix [[ 31 428]
 [ 11 376]]
    [IBS/datasize_result_2/subset_table_1w/PRJEB11419] Job on GPU-6 completed.
    [IBS/datasize_result_3/subset_table_1w/PRJEB11419] Starting job on GPU-6. Output: /home/cjj/projects/microbial-embeddings/analysis/Disease_classification_loo/Data/pretraining_datasize/result/IBS/datasize_result_3/subset_table_1w/PRJEB11419
train loss 0.6609401106834412, test loss 0.7278016209602356, train auc 0.639, test auc 0.639 train f1 0.442, test f1 0.473 train mcc 0.178, test mcc 0.107 train aupr 0.573, test aupr 0.792 train acc 0.517, test acc 0.705 confusion_matrix [[  6  80]
 [  5 197]]
    [IBS/datasize_result_2/subset_table_1w/PRJNA268708] Job on GPU-3 completed.
    [IBS/datasize_result_3/subset_table_1w/PRJNA268708] Starting job on GPU-3. Output: /home/cjj/projects/microbial-embeddings/analysis/Disease_classification_loo/Data/pretraining_datasize/result/IBS/datasize_result_3/subset_table_1w/PRJNA268708
  Processing embedding: subset_table_2w_100 (short name: subset_table_2w)
train loss 0.5138489007949829, test loss 1.0850191116333008, train auc 0.766, test auc 0.553 train f1 0.643, test f1 0.318 train mcc 0.328, test mcc 0.015 train aupr 0.881, test aupr 0.502 train acc 0.747, test acc 0.459 confusion_matrix [[  2 457]
 [  1 386]]
    [IBS/datasize_result_2/subset_table_2w/PRJEB11419] Job on GPU-0 completed.
    [IBS/datasize_result_3/subset_table_2w/PRJEB11419] Starting job on GPU-0. Output: /home/cjj/projects/microbial-embeddings/analysis/Disease_classification_loo/Data/pretraining_datasize/result/IBS/datasize_result_3/subset_table_2w/PRJEB11419
train loss 0.5130839943885803, test loss 0.95696622133255, train auc 0.760, test auc 0.543 train f1 0.703, test f1 0.316 train mcc 0.423, test mcc -0.004 train aupr 0.852, test aupr 0.488 train acc 0.774, test acc 0.457 confusion_matrix [[  1 458]
 [  1 386]]
    [IBS/datasize_result_2/subset_table_4w/PRJEB11419] Job on GPU-4 completed.
    [IBS/datasize_result_3/subset_table_2w/PRJNA268708] Starting job on GPU-4. Output: /home/cjj/projects/microbial-embeddings/analysis/Disease_classification_loo/Data/pretraining_datasize/result/IBS/datasize_result_3/subset_table_2w/PRJNA268708
  Processing embedding: subset_table_4w_100 (short name: subset_table_4w)
train loss 0.6883028745651245, test loss 0.7293781638145447, train auc 0.519, test auc 0.633 train f1 0.313, test f1 0.423 train mcc -0.037, test mcc 0.037 train aupr 0.500, test aupr 0.793 train acc 0.456, test acc 0.701 confusion_matrix [[  1  85]
 [  1 201]]
    [IBS/datasize_result_2/subset_table_2w/PRJNA268708] Job on GPU-5 completed.
    [IBS/datasize_result_3/subset_table_4w/PRJEB11419] Starting job on GPU-5. Output: /home/cjj/projects/microbial-embeddings/analysis/Disease_classification_loo/Data/pretraining_datasize/result/IBS/datasize_result_3/subset_table_4w/PRJEB11419
train loss 0.5062406659126282, test loss 0.9377078413963318, train auc 0.783, test auc 0.549 train f1 0.662, test f1 0.313 train mcc 0.377, test mcc -0.037 train aupr 0.869, test aupr 0.521 train acc 0.764, test acc 0.456 confusion_matrix [[  0 459]
 [  1 386]]
    [IBS/datasize_result_2/subset_table_8w/PRJEB11419] Job on GPU-1 completed.
    [IBS/datasize_result_3/subset_table_4w/PRJNA268708] Starting job on GPU-1. Output: /home/cjj/projects/microbial-embeddings/analysis/Disease_classification_loo/Data/pretraining_datasize/result/IBS/datasize_result_3/subset_table_4w/PRJNA268708
  Processing embedding: subset_table_8w_100 (short name: subset_table_8w)
train loss 0.688190758228302, test loss 0.7366250157356262, train auc 0.543, test auc 0.623 train f1 0.375, test f1 0.423 train mcc 0.086, test mcc 0.037 train aupr 0.491, test aupr 0.782 train acc 0.480, test acc 0.701 confusion_matrix [[  1  85]
 [  1 201]]
    [IBS/datasize_result_2/subset_table_4w/PRJNA268708] Job on GPU-2 completed.
    [IBS/datasize_result_3/subset_table_8w/PRJEB11419] Starting job on GPU-2. Output: /home/cjj/projects/microbial-embeddings/analysis/Disease_classification_loo/Data/pretraining_datasize/result/IBS/datasize_result_3/subset_table_8w/PRJEB11419
train loss 0.689182698726654, test loss 0.7074268460273743, train auc 0.503, test auc 0.618 train f1 0.358, test f1 0.411 train mcc 0.069, test mcc -0.039 train aupr 0.473, test aupr 0.771 train acc 0.473, test acc 0.698 confusion_matrix [[  0  86]
 [  1 201]]
    [IBS/datasize_result_2/subset_table_8w/PRJNA268708] Job on GPU-7 completed.
    [IBS/datasize_result_3/subset_table_8w/PRJNA268708] Starting job on GPU-7. Output: /home/cjj/projects/microbial-embeddings/analysis/Disease_classification_loo/Data/pretraining_datasize/result/IBS/datasize_result_3/subset_table_8w/PRJNA268708
Processing data size directory: datasize_result_4
  Processing embedding: subset_table_1w_100 (short name: subset_table_1w)
train loss 0.4042317569255829, test loss 1.0532724857330322, train auc 0.851, test auc 0.545 train f1 0.794, test f1 0.313 train mcc 0.609, test mcc -0.037 train aupr 0.913, test aupr 0.498 train acc 0.844, test acc 0.456 confusion_matrix [[  0 459]
 [  1 386]]
    [IBS/datasize_result_3/subset_table_1w/PRJEB11419] Job on GPU-6 completed.
    [IBS/datasize_result_4/subset_table_1w/PRJEB11419] Starting job on GPU-6. Output: /home/cjj/projects/microbial-embeddings/analysis/Disease_classification_loo/Data/pretraining_datasize/result/IBS/datasize_result_4/subset_table_1w/PRJEB11419
train loss 0.23308065533638, test loss 1.6205787658691406, train auc 0.956, test auc 0.555 train f1 0.901, test f1 0.349 train mcc 0.801, test mcc 0.048 train aupr 0.978, test aupr 0.504 train acc 0.917, test acc 0.468 confusion_matrix [[ 17 442]
 [  8 379]]
    [IBS/datasize_result_3/subset_table_2w/PRJEB11419] Job on GPU-0 completed.
    [IBS/datasize_result_4/subset_table_1w/PRJNA268708] Starting job on GPU-0. Output: /home/cjj/projects/microbial-embeddings/analysis/Disease_classification_loo/Data/pretraining_datasize/result/IBS/datasize_result_4/subset_table_1w/PRJNA268708
  Processing embedding: subset_table_2w_100 (short name: subset_table_2w)
train loss 0.6871897578239441, test loss 0.7397289872169495, train auc 0.556, test auc 0.638 train f1 0.318, test f1 0.411 train mcc 0.015, test mcc -0.039 train aupr 0.511, test aupr 0.781 train acc 0.459, test acc 0.698 confusion_matrix [[  0  86]
 [  1 201]]
    [IBS/datasize_result_3/subset_table_1w/PRJNA268708] Job on GPU-3 completed.
    [IBS/datasize_result_4/subset_table_2w/PRJEB11419] Starting job on GPU-3. Output: /home/cjj/projects/microbial-embeddings/analysis/Disease_classification_loo/Data/pretraining_datasize/result/IBS/datasize_result_4/subset_table_2w/PRJEB11419
train loss 0.6109375357627869, test loss 0.8448982834815979, train auc 0.519, test auc 0.543 train f1 0.411, test f1 0.409 train mcc -0.039, test mcc 0.119 train aupr 0.728, test aupr 0.486 train acc 0.698, test acc 0.495 confusion_matrix [[ 48 411]
 [ 16 371]]
    [IBS/datasize_result_3/subset_table_4w/PRJEB11419] Job on GPU-5 completed.
    [IBS/datasize_result_4/subset_table_2w/PRJNA268708] Starting job on GPU-5. Output: /home/cjj/projects/microbial-embeddings/analysis/Disease_classification_loo/Data/pretraining_datasize/result/IBS/datasize_result_4/subset_table_2w/PRJNA268708
  Processing embedding: subset_table_4w_100 (short name: subset_table_4w)
train loss 0.6860514879226685, test loss 0.7260494232177734, train auc 0.551, test auc 0.623 train f1 0.322, test f1 0.423 train mcc 0.021, test mcc 0.037 train aupr 0.510, test aupr 0.795 train acc 0.460, test acc 0.701 confusion_matrix [[  1  85]
 [  1 201]]
    [IBS/datasize_result_3/subset_table_2w/PRJNA268708] Job on GPU-4 completed.
    [IBS/datasize_result_4/subset_table_4w/PRJEB11419] Starting job on GPU-4. Output: /home/cjj/projects/microbial-embeddings/analysis/Disease_classification_loo/Data/pretraining_datasize/result/IBS/datasize_result_4/subset_table_4w/PRJEB11419
train loss 0.49617302417755127, test loss 0.9036304354667664, train auc 0.783, test auc 0.541 train f1 0.711, test f1 0.313 train mcc 0.462, test mcc -0.037 train aupr 0.872, test aupr 0.488 train acc 0.792, test acc 0.456 confusion_matrix [[  0 459]
 [  1 386]]
    [IBS/datasize_result_3/subset_table_8w/PRJEB11419] Job on GPU-2 completed.
    [IBS/datasize_result_4/subset_table_4w/PRJNA268708] Starting job on GPU-2. Output: /home/cjj/projects/microbial-embeddings/analysis/Disease_classification_loo/Data/pretraining_datasize/result/IBS/datasize_result_4/subset_table_4w/PRJNA268708
  Processing embedding: subset_table_8w_100 (short name: subset_table_8w)
train loss 0.6923258900642395, test loss 0.7370414137840271, train auc 0.500, test auc 0.636 train f1 0.327, test f1 0.435 train mcc 0.026, test mcc 0.083 train aupr 0.458, test aupr 0.793 train acc 0.461, test acc 0.705 confusion_matrix [[  2  84]
 [  1 201]]
    [IBS/datasize_result_3/subset_table_4w/PRJNA268708] Job on GPU-1 completed.
    [IBS/datasize_result_4/subset_table_8w/PRJEB11419] Starting job on GPU-1. Output: /home/cjj/projects/microbial-embeddings/analysis/Disease_classification_loo/Data/pretraining_datasize/result/IBS/datasize_result_4/subset_table_8w/PRJEB11419
train loss 0.6888800263404846, test loss 0.7468953132629395, train auc 0.528, test auc 0.626 train f1 0.339, test f1 0.411 train mcc 0.037, test mcc -0.039 train aupr 0.481, test aupr 0.782 train acc 0.465, test acc 0.698 confusion_matrix [[  0  86]
 [  1 201]]
    [IBS/datasize_result_3/subset_table_8w/PRJNA268708] Job on GPU-7 completed.
    [IBS/datasize_result_4/subset_table_8w/PRJNA268708] Starting job on GPU-7. Output: /home/cjj/projects/microbial-embeddings/analysis/Disease_classification_loo/Data/pretraining_datasize/result/IBS/datasize_result_4/subset_table_8w/PRJNA268708
Processing data size directory: datasize_result_5
  Processing embedding: subset_table_1w_100 (short name: subset_table_1w)
train loss 0.3439171314239502, test loss 1.1370229721069336, train auc 0.903, test auc 0.555 train f1 0.865, test f1 0.327 train mcc 0.730, test mcc 0.041 train aupr 0.950, test aupr 0.516 train acc 0.889, test acc 0.462 confusion_matrix [[  6 453]
 [  2 385]]
    [IBS/datasize_result_4/subset_table_1w/PRJEB11419] Job on GPU-6 completed.
    [IBS/datasize_result_5/subset_table_1w/PRJEB11419] Starting job on GPU-6. Output: /home/cjj/projects/microbial-embeddings/analysis/Disease_classification_loo/Data/pretraining_datasize/result/IBS/datasize_result_5/subset_table_1w/PRJEB11419
train loss 0.6407648324966431, test loss 0.7439614534378052, train auc 0.678, test auc 0.632 train f1 0.564, test f1 0.477 train mcc 0.235, test mcc 0.144 train aupr 0.628, test aupr 0.786 train acc 0.582, test acc 0.712 confusion_matrix [[  6  80]
 [  3 199]]
    [IBS/datasize_result_4/subset_table_1w/PRJNA268708] Job on GPU-0 completed.
    [IBS/datasize_result_5/subset_table_1w/PRJNA268708] Starting job on GPU-0. Output: /home/cjj/projects/microbial-embeddings/analysis/Disease_classification_loo/Data/pretraining_datasize/result/IBS/datasize_result_5/subset_table_1w/PRJNA268708
  Processing embedding: subset_table_2w_100 (short name: subset_table_2w)
train loss 0.5656100511550903, test loss 0.8503750562667847, train auc 0.692, test auc 0.548 train f1 0.444, test f1 0.361 train mcc 0.064, test mcc 0.090 train aupr 0.825, test aupr 0.500 train acc 0.701, test acc 0.476 confusion_matrix [[ 22 437]
 [  6 381]]
    [IBS/datasize_result_4/subset_table_2w/PRJEB11419] Job on GPU-3 completed.
    [IBS/datasize_result_5/subset_table_2w/PRJEB11419] Starting job on GPU-3. Output: /home/cjj/projects/microbial-embeddings/analysis/Disease_classification_loo/Data/pretraining_datasize/result/IBS/datasize_result_5/subset_table_2w/PRJEB11419
train loss 0.5542519688606262, test loss 0.8390007615089417, train auc 0.711, test auc 0.554 train f1 0.533, test f1 0.366 train mcc 0.223, test mcc 0.079 train aupr 0.821, test aupr 0.501 train acc 0.726, test acc 0.476 confusion_matrix [[ 25 434]
 [  9 378]]
    [IBS/datasize_result_4/subset_table_4w/PRJEB11419] Job on GPU-4 completed.
    [IBS/datasize_result_5/subset_table_2w/PRJNA268708] Starting job on GPU-4. Output: /home/cjj/projects/microbial-embeddings/analysis/Disease_classification_loo/Data/pretraining_datasize/result/IBS/datasize_result_5/subset_table_2w/PRJNA268708
  Processing embedding: subset_table_4w_100 (short name: subset_table_4w)
train loss 0.6915664672851562, test loss 0.7500048875808716, train auc 0.515, test auc 0.631 train f1 0.318, test f1 0.434 train mcc 0.015, test mcc 0.052 train aupr 0.467, test aupr 0.789 train acc 0.459, test acc 0.701 confusion_matrix [[  2  84]
 [  2 200]]
    [IBS/datasize_result_4/subset_table_2w/PRJNA268708] Job on GPU-5 completed.
    [IBS/datasize_result_5/subset_table_4w/PRJEB11419] Starting job on GPU-5. Output: /home/cjj/projects/microbial-embeddings/analysis/Disease_classification_loo/Data/pretraining_datasize/result/IBS/datasize_result_5/subset_table_4w/PRJEB11419
train loss 0.5993480086326599, test loss 0.8505836725234985, train auc 0.579, test auc 0.535 train f1 0.435, test f1 0.364 train mcc 0.083, test mcc 0.083 train aupr 0.771, test aupr 0.488 train acc 0.705, test acc 0.476 confusion_matrix [[ 24 435]
 [  8 379]]
    [IBS/datasize_result_4/subset_table_8w/PRJEB11419] Job on GPU-1 completed.
    [IBS/datasize_result_5/subset_table_4w/PRJNA268708] Starting job on GPU-1. Output: /home/cjj/projects/microbial-embeddings/analysis/Disease_classification_loo/Data/pretraining_datasize/result/IBS/datasize_result_5/subset_table_4w/PRJNA268708
  Processing embedding: subset_table_8w_100 (short name: subset_table_8w)
train loss 0.6886749267578125, test loss 0.7369645237922668, train auc 0.535, test auc 0.643 train f1 0.408, test f1 0.447 train mcc 0.100, test mcc 0.117 train aupr 0.486, test aupr 0.792 train acc 0.492, test acc 0.708 confusion_matrix [[  3  83]
 [  1 201]]
    [IBS/datasize_result_4/subset_table_4w/PRJNA268708] Job on GPU-2 completed.
    [IBS/datasize_result_5/subset_table_8w/PRJEB11419] Starting job on GPU-2. Output: /home/cjj/projects/microbial-embeddings/analysis/Disease_classification_loo/Data/pretraining_datasize/result/IBS/datasize_result_5/subset_table_8w/PRJEB11419
train loss 0.5987319350242615, test loss 0.8296615481376648, train auc 0.618, test auc 0.537 train f1 0.411, test f1 0.362 train mcc -0.039, test mcc 0.070 train aupr 0.791, test aupr 0.492 train acc 0.698, test acc 0.474 confusion_matrix [[ 23 436]
 [  9 378]]
    [IBS/datasize_result_5/subset_table_1w/PRJEB11419] Job on GPU-6 completed.
Processing disease: MS
    [IBS/datasize_result_5/subset_table_8w/PRJNA268708] Starting job on GPU-6. Output: /home/cjj/projects/microbial-embeddings/analysis/Disease_classification_loo/Data/pretraining_datasize/result/IBS/datasize_result_5/subset_table_8w/PRJNA268708
Found studies for MS: PRJEB22970 PRJEB22977 PRJEB32763
Processing data size directory: datasize_result_1
  Processing embedding: subset_table_1w_100 (short name: subset_table_1w)
train loss 0.5051020383834839, test loss 0.8703636527061462, train auc 0.828, test auc 0.637 train f1 0.708, test f1 0.423 train mcc 0.463, test mcc 0.037 train aupr 0.811, test aupr 0.822 train acc 0.710, test acc 0.701 confusion_matrix [[  1  85]
 [  1 201]]
    [IBS/datasize_result_4/subset_table_8w/PRJNA268708] Job on GPU-7 completed.
    [MS/datasize_result_1/subset_table_1w/PRJEB22970] Starting job on GPU-7. Output: /home/cjj/projects/microbial-embeddings/analysis/Disease_classification_loo/Data/pretraining_datasize/result/MS/datasize_result_1/subset_table_1w/PRJEB22970
train loss 0.6894345283508301, test loss 0.7187787294387817, train auc 0.492, test auc 0.630 train f1 0.340, test f1 0.423 train mcc 0.058, test mcc 0.037 train aupr 0.469, test aupr 0.788 train acc 0.467, test acc 0.701 confusion_matrix [[  1  85]
 [  1 201]]
    [IBS/datasize_result_5/subset_table_1w/PRJNA268708] Job on GPU-0 completed.
    [MS/datasize_result_1/subset_table_1w/PRJEB22977] Starting job on GPU-0. Output: /home/cjj/projects/microbial-embeddings/analysis/Disease_classification_loo/Data/pretraining_datasize/result/MS/datasize_result_1/subset_table_1w/PRJEB22977
train loss 0.36161673069000244, test loss 1.2196382284164429, train auc 0.902, test auc 0.555 train f1 0.807, test f1 0.313 train mcc 0.621, test mcc -0.037 train aupr 0.948, test aupr 0.511 train acc 0.847, test acc 0.456 confusion_matrix [[  0 459]
 [  1 386]]
    [IBS/datasize_result_5/subset_table_2w/PRJEB11419] Job on GPU-3 completed.
    [MS/datasize_result_1/subset_table_1w/PRJEB32763] Starting job on GPU-3. Output: /home/cjj/projects/microbial-embeddings/analysis/Disease_classification_loo/Data/pretraining_datasize/result/MS/datasize_result_1/subset_table_1w/PRJEB32763
  Processing embedding: subset_table_2w_100 (short name: subset_table_2w)
train loss 0.48801031708717346, test loss 1.0014978647232056, train auc 0.797, test auc 0.561 train f1 0.714, test f1 0.313 train mcc 0.455, test mcc -0.037 train aupr 0.891, test aupr 0.521 train acc 0.788, test acc 0.456 confusion_matrix [[  0 459]
 [  1 386]]
    [IBS/datasize_result_5/subset_table_4w/PRJEB11419] Job on GPU-5 completed.
    [MS/datasize_result_1/subset_table_2w/PRJEB22970] Starting job on GPU-5. Output: /home/cjj/projects/microbial-embeddings/analysis/Disease_classification_loo/Data/pretraining_datasize/result/MS/datasize_result_1/subset_table_2w/PRJEB22970
train loss 0.6875258684158325, test loss 0.741988480091095, train auc 0.528, test auc 0.634 train f1 0.347, test f1 0.435 train mcc 0.051, test mcc 0.083 train aupr 0.479, test aupr 0.793 train acc 0.468, test acc 0.705 confusion_matrix [[  2  84]
 [  1 201]]
train loss 0.5534641146659851, test loss 0.849984884262085, train auc 0.805, test auc 0.728 train f1 0.668, test f1 0.450 train mcc 0.412, test mcc -0.044 train aupr 0.836, test aupr 0.927 train acc 0.710, test acc 0.818 confusion_matrix [[ 0 19]
 [ 1 90]]
    [IBS/datasize_result_5/subset_table_2w/PRJNA268708] Job on GPU-4 completed.
    [MS/datasize_result_1/subset_table_2w/PRJEB22977] Starting job on GPU-4. Output: /home/cjj/projects/microbial-embeddings/analysis/Disease_classification_loo/Data/pretraining_datasize/result/MS/datasize_result_1/subset_table_2w/PRJEB22977
    [MS/datasize_result_1/subset_table_1w/PRJEB22970] Job on GPU-7 completed.
    [MS/datasize_result_1/subset_table_2w/PRJEB32763] Starting job on GPU-7. Output: /home/cjj/projects/microbial-embeddings/analysis/Disease_classification_loo/Data/pretraining_datasize/result/MS/datasize_result_1/subset_table_2w/PRJEB32763
  Processing embedding: subset_table_4w_100 (short name: subset_table_4w)
train loss 0.5443332195281982, test loss 0.8728625178337097, train auc 0.734, test auc 0.556 train f1 0.621, test f1 0.395 train mcc 0.299, test mcc 0.095 train aupr 0.836, test aupr 0.505 train acc 0.740, test acc 0.487 confusion_matrix [[ 41 418]
 [ 16 371]]
train loss 0.6883045434951782, test loss 0.7290929555892944, train auc 0.548, test auc 0.629 train f1 0.316, test f1 0.423 train mcc -0.004, test mcc 0.037 train aupr 0.494, test aupr 0.791 train acc 0.457, test acc 0.701 confusion_matrix [[  1  85]
 [  1 201]]
    [IBS/datasize_result_5/subset_table_8w/PRJEB11419] Job on GPU-2 completed.
    [MS/datasize_result_1/subset_table_4w/PRJEB22970] Starting job on GPU-2. Output: /home/cjj/projects/microbial-embeddings/analysis/Disease_classification_loo/Data/pretraining_datasize/result/MS/datasize_result_1/subset_table_4w/PRJEB22970
    [IBS/datasize_result_5/subset_table_4w/PRJNA268708] Job on GPU-1 completed.
    [MS/datasize_result_1/subset_table_4w/PRJEB22977] Starting job on GPU-1. Output: /home/cjj/projects/microbial-embeddings/analysis/Disease_classification_loo/Data/pretraining_datasize/result/MS/datasize_result_1/subset_table_4w/PRJEB22977
train loss 0.4847351312637329, test loss 0.7245047092437744, train auc 0.831, test auc 0.704 train f1 0.755, test f1 0.552 train mcc 0.548, test mcc 0.212 train aupr 0.901, test aupr 0.814 train acc 0.807, test acc 0.667 confusion_matrix [[ 7 25]
 [ 4 51]]
    [MS/datasize_result_1/subset_table_1w/PRJEB22977] Job on GPU-0 completed.
    [MS/datasize_result_1/subset_table_4w/PRJEB32763] Starting job on GPU-0. Output: /home/cjj/projects/microbial-embeddings/analysis/Disease_classification_loo/Data/pretraining_datasize/result/MS/datasize_result_1/subset_table_4w/PRJEB32763
  Processing embedding: subset_table_8w_100 (short name: subset_table_8w)
train loss 0.37922367453575134, test loss 0.7143427133560181, train auc 0.887, test auc 0.709 train f1 0.812, test f1 0.596 train mcc 0.624, test mcc 0.367 train aupr 0.959, test aupr 0.690 train acc 0.853, test acc 0.657 confusion_matrix [[18 44]
 [ 2 70]]
train loss 0.693266749382019, test loss 0.7371243834495544, train auc 0.489, test auc 0.669 train f1 0.318, test f1 0.435 train mcc 0.015, test mcc 0.083 train aupr 0.463, test aupr 0.815 train acc 0.459, test acc 0.705 confusion_matrix [[  2  84]
 [  1 201]]
    [MS/datasize_result_1/subset_table_1w/PRJEB32763] Job on GPU-3 completed.
    [MS/datasize_result_1/subset_table_8w/PRJEB22970] Starting job on GPU-3. Output: /home/cjj/projects/microbial-embeddings/analysis/Disease_classification_loo/Data/pretraining_datasize/result/MS/datasize_result_1/subset_table_8w/PRJEB22970
    [IBS/datasize_result_5/subset_table_8w/PRJNA268708] Job on GPU-6 completed.
    [MS/datasize_result_1/subset_table_8w/PRJEB22977] Starting job on GPU-6. Output: /home/cjj/projects/microbial-embeddings/analysis/Disease_classification_loo/Data/pretraining_datasize/result/MS/datasize_result_1/subset_table_8w/PRJEB22977
train loss 0.6834981441497803, test loss 0.6519497632980347, train auc 0.545, test auc 0.654 train f1 0.363, test f1 0.450 train mcc -0.058, test mcc -0.044 train aupr 0.604, test aupr 0.874 train acc 0.570, test acc 0.818 confusion_matrix [[ 0 19]
 [ 1 90]]
    [MS/datasize_result_1/subset_table_2w/PRJEB22970] Job on GPU-5 completed.
    [MS/datasize_result_1/subset_table_8w/PRJEB32763] Starting job on GPU-5. Output: /home/cjj/projects/microbial-embeddings/analysis/Disease_classification_loo/Data/pretraining_datasize/result/MS/datasize_result_1/subset_table_8w/PRJEB32763
Processing data size directory: datasize_result_2
  Processing embedding: subset_table_1w_100 (short name: subset_table_1w)
train loss 0.4825195372104645, test loss 0.6763780117034912, train auc 0.710, test auc 0.592 train f1 0.581, test f1 0.381 train mcc 0.267, test mcc 0.062 train aupr 0.865, test aupr 0.589 train acc 0.766, test acc 0.545 confusion_matrix [[ 2 60]
 [ 1 71]]
train loss 0.3358845114707947, test loss 0.628706157207489, train auc 0.885, test auc 0.665 train f1 0.769, test f1 0.606 train mcc 0.539, test mcc 0.347 train aupr 0.961, test aupr 0.635 train acc 0.827, test acc 0.657 confusion_matrix [[20 42]
 [ 4 68]]
train loss 0.4935825765132904, test loss 0.7834399938583374, train auc 0.820, test auc 0.623 train f1 0.716, test f1 0.415 train mcc 0.462, test mcc 0.042 train aupr 0.890, test aupr 0.746 train acc 0.775, test acc 0.632 confusion_matrix [[ 1 31]
 [ 1 54]]
    [MS/datasize_result_1/subset_table_4w/PRJEB32763] Job on GPU-0 completed.
    [MS/datasize_result_2/subset_table_1w/PRJEB22970] Starting job on GPU-0. Output: /home/cjj/projects/microbial-embeddings/analysis/Disease_classification_loo/Data/pretraining_datasize/result/MS/datasize_result_2/subset_table_1w/PRJEB22970
    [MS/datasize_result_1/subset_table_2w/PRJEB32763] Job on GPU-7 completed.
    [MS/datasize_result_2/subset_table_1w/PRJEB22977] Starting job on GPU-7. Output: /home/cjj/projects/microbial-embeddings/analysis/Disease_classification_loo/Data/pretraining_datasize/result/MS/datasize_result_2/subset_table_1w/PRJEB22977
    [MS/datasize_result_1/subset_table_2w/PRJEB22977] Job on GPU-4 completed.
    [MS/datasize_result_2/subset_table_1w/PRJEB32763] Starting job on GPU-4. Output: /home/cjj/projects/microbial-embeddings/analysis/Disease_classification_loo/Data/pretraining_datasize/result/MS/datasize_result_2/subset_table_1w/PRJEB32763
  Processing embedding: subset_table_2w_100 (short name: subset_table_2w)
train loss 0.1747690588235855, test loss 5.1600236892700195, train auc 0.987, test auc 0.769 train f1 0.930, test f1 0.579 train mcc 0.861, test mcc 0.247 train aupr 0.990, test aupr 0.922 train acc 0.932, test acc 0.836 confusion_matrix [[ 3 16]
 [ 2 89]]
    [MS/datasize_result_1/subset_table_4w/PRJEB22970] Job on GPU-2 completed.
    [MS/datasize_result_2/subset_table_2w/PRJEB22970] Starting job on GPU-2. Output: /home/cjj/projects/microbial-embeddings/analysis/Disease_classification_loo/Data/pretraining_datasize/result/MS/datasize_result_2/subset_table_2w/PRJEB22970
train loss 0.2677481472492218, test loss 0.8760690689086914, train auc 0.952, test auc 0.710 train f1 0.890, test f1 0.529 train mcc 0.781, test mcc 0.174 train aupr 0.979, test aupr 0.806 train acc 0.902, test acc 0.655 confusion_matrix [[ 6 26]
 [ 4 51]]
    [MS/datasize_result_1/subset_table_4w/PRJEB22977] Job on GPU-1 completed.
    [MS/datasize_result_2/subset_table_2w/PRJEB22977] Starting job on GPU-1. Output: /home/cjj/projects/microbial-embeddings/analysis/Disease_classification_loo/Data/pretraining_datasize/result/MS/datasize_result_2/subset_table_2w/PRJEB22977
train loss 0.5015442371368408, test loss 2.084660053253174, train auc 0.847, test auc 0.831 train f1 0.740, test f1 0.702 train mcc 0.496, test mcc 0.441 train aupr 0.886, test aupr 0.945 train acc 0.756, test acc 0.864 confusion_matrix [[ 7 12]
 [ 3 88]]
    [MS/datasize_result_1/subset_table_8w/PRJEB22970] Job on GPU-3 completed.
    [MS/datasize_result_2/subset_table_2w/PRJEB32763] Starting job on GPU-3. Output: /home/cjj/projects/microbial-embeddings/analysis/Disease_classification_loo/Data/pretraining_datasize/result/MS/datasize_result_2/subset_table_2w/PRJEB32763
  Processing embedding: subset_table_4w_100 (short name: subset_table_4w)
train loss 0.4068552255630493, test loss 0.9929646253585815, train auc 0.886, test auc 0.672 train f1 0.814, test f1 0.577 train mcc 0.632, test mcc 0.220 train aupr 0.932, test aupr 0.793 train acc 0.840, test acc 0.667 confusion_matrix [[ 9 23]
 [ 6 49]]
    [MS/datasize_result_1/subset_table_8w/PRJEB22977] Job on GPU-6 completed.
    [MS/datasize_result_2/subset_table_4w/PRJEB22970] Starting job on GPU-6. Output: /home/cjj/projects/microbial-embeddings/analysis/Disease_classification_loo/Data/pretraining_datasize/result/MS/datasize_result_2/subset_table_4w/PRJEB22970
train loss 0.5375293493270874, test loss 0.755866289138794, train auc 0.803, test auc 0.715 train f1 0.713, test f1 0.500 train mcc 0.429, test mcc 0.118 train aupr 0.860, test aupr 0.912 train acc 0.724, test acc 0.827 confusion_matrix [[ 1 18]
 [ 1 90]]
    [MS/datasize_result_2/subset_table_1w/PRJEB22970] Job on GPU-0 completed.
    [MS/datasize_result_2/subset_table_4w/PRJEB22977] Starting job on GPU-0. Output: /home/cjj/projects/microbial-embeddings/analysis/Disease_classification_loo/Data/pretraining_datasize/result/MS/datasize_result_2/subset_table_4w/PRJEB22977
train loss 0.5294681787490845, test loss 0.6502065062522888, train auc 0.763, test auc 0.664 train f1 0.661, test f1 0.661 train mcc 0.349, test mcc 0.358 train aupr 0.874, test aupr 0.627 train acc 0.777, test acc 0.679 confusion_matrix [[30 32]
 [11 61]]
    [MS/datasize_result_1/subset_table_8w/PRJEB32763] Job on GPU-5 completed.
    [MS/datasize_result_2/subset_table_4w/PRJEB32763] Starting job on GPU-5. Output: /home/cjj/projects/microbial-embeddings/analysis/Disease_classification_loo/Data/pretraining_datasize/result/MS/datasize_result_2/subset_table_4w/PRJEB32763
  Processing embedding: subset_table_8w_100 (short name: subset_table_8w)
train loss 0.47538813948631287, test loss 0.7534642815589905, train auc 0.816, test auc 0.704 train f1 0.723, test f1 0.632 train mcc 0.490, test mcc 0.370 train aupr 0.916, test aupr 0.655 train acc 0.822, test acc 0.672 confusion_matrix [[23 39]
 [ 5 67]]
train loss 0.4277205467224121, test loss 0.587861180305481, train auc 0.878, test auc 0.760 train f1 0.811, test f1 0.721 train mcc 0.634, test mcc 0.444 train aupr 0.942, test aupr 0.855 train acc 0.824, test acc 0.736 confusion_matrix [[22 10]
 [13 42]]
    [MS/datasize_result_2/subset_table_1w/PRJEB32763] Job on GPU-4 completed.
    [MS/datasize_result_2/subset_table_8w/PRJEB22970] Starting job on GPU-4. Output: /home/cjj/projects/microbial-embeddings/analysis/Disease_classification_loo/Data/pretraining_datasize/result/MS/datasize_result_2/subset_table_8w/PRJEB22970
    [MS/datasize_result_2/subset_table_1w/PRJEB22977] Job on GPU-7 completed.
    [MS/datasize_result_2/subset_table_8w/PRJEB22977] Starting job on GPU-7. Output: /home/cjj/projects/microbial-embeddings/analysis/Disease_classification_loo/Data/pretraining_datasize/result/MS/datasize_result_2/subset_table_8w/PRJEB22977
train loss 0.6798585653305054, test loss 0.5735385417938232, train auc 0.555, test auc 0.676 train f1 0.432, test f1 0.571 train mcc 0.098, test mcc 0.208 train aupr 0.599, test aupr 0.903 train acc 0.588, test acc 0.827 confusion_matrix [[ 3 16]
 [ 3 88]]
train loss 0.46222326159477234, test loss 0.7473241686820984, train auc 0.832, test auc 0.637 train f1 0.784, test f1 0.557 train mcc 0.573, test mcc 0.185 train aupr 0.877, test aupr 0.726 train acc 0.816, test acc 0.655 confusion_matrix [[ 8 24]
 [ 6 49]]
    [MS/datasize_result_2/subset_table_2w/PRJEB22970] Job on GPU-2 completed.
    [MS/datasize_result_2/subset_table_8w/PRJEB32763] Starting job on GPU-2. Output: /home/cjj/projects/microbial-embeddings/analysis/Disease_classification_loo/Data/pretraining_datasize/result/MS/datasize_result_2/subset_table_8w/PRJEB32763
Processing data size directory: datasize_result_3
  Processing embedding: subset_table_1w_100 (short name: subset_table_1w)
    [MS/datasize_result_2/subset_table_2w/PRJEB22977] Job on GPU-1 completed.
    [MS/datasize_result_3/subset_table_1w/PRJEB22970] Starting job on GPU-1. Output: /home/cjj/projects/microbial-embeddings/analysis/Disease_classification_loo/Data/pretraining_datasize/result/MS/datasize_result_3/subset_table_1w/PRJEB22970
train loss 0.3784896433353424, test loss 0.7525454163551331, train auc 0.879, test auc 0.696 train f1 0.695, test f1 0.661 train mcc 0.453, test mcc 0.358 train aupr 0.957, test aupr 0.652 train acc 0.812, test acc 0.679 confusion_matrix [[30 32]
 [11 61]]
    [MS/datasize_result_2/subset_table_2w/PRJEB32763] Job on GPU-3 completed.
    [MS/datasize_result_3/subset_table_1w/PRJEB22977] Starting job on GPU-3. Output: /home/cjj/projects/microbial-embeddings/analysis/Disease_classification_loo/Data/pretraining_datasize/result/MS/datasize_result_3/subset_table_1w/PRJEB22977
train loss 0.26751306653022766, test loss 1.5492620468139648, train auc 0.963, test auc 0.735 train f1 0.903, test f1 0.587 train mcc 0.807, test mcc 0.297 train aupr 0.974, test aupr 0.924 train acc 0.905, test acc 0.845 confusion_matrix [[ 3 16]
 [ 1 90]]
    [MS/datasize_result_2/subset_table_4w/PRJEB22970] Job on GPU-6 completed.
    [MS/datasize_result_3/subset_table_1w/PRJEB32763] Starting job on GPU-6. Output: /home/cjj/projects/microbial-embeddings/analysis/Disease_classification_loo/Data/pretraining_datasize/result/MS/datasize_result_3/subset_table_1w/PRJEB32763
  Processing embedding: subset_table_2w_100 (short name: subset_table_2w)
train loss 0.5050212740898132, test loss 0.6548414826393127, train auc 0.816, test auc 0.682 train f1 0.735, test f1 0.383 train mcc 0.494, test mcc -0.082 train aupr 0.887, test aupr 0.792 train acc 0.787, test acc 0.621 confusion_matrix [[ 0 32]
 [ 1 54]]
    [MS/datasize_result_2/subset_table_4w/PRJEB22977] Job on GPU-0 completed.
    [MS/datasize_result_3/subset_table_2w/PRJEB22970] Starting job on GPU-0. Output: /home/cjj/projects/microbial-embeddings/analysis/Disease_classification_loo/Data/pretraining_datasize/result/MS/datasize_result_3/subset_table_2w/PRJEB22970
train loss 0.5324476957321167, test loss 0.6901268362998962, train auc 0.731, test auc 0.627 train f1 0.464, test f1 0.381 train mcc 0.116, test mcc 0.062 train aupr 0.885, test aupr 0.595 train acc 0.746, test acc 0.545 confusion_matrix [[ 2 60]
 [ 1 71]]
    [MS/datasize_result_2/subset_table_4w/PRJEB32763] Job on GPU-5 completed.
    [MS/datasize_result_3/subset_table_2w/PRJEB22977] Starting job on GPU-5. Output: /home/cjj/projects/microbial-embeddings/analysis/Disease_classification_loo/Data/pretraining_datasize/result/MS/datasize_result_3/subset_table_2w/PRJEB22977
train loss 0.3390926718711853, test loss 2.5205941200256348, train auc 0.936, test auc 0.795 train f1 0.889, test f1 0.587 train mcc 0.778, test mcc 0.297 train aupr 0.957, test aupr 0.951 train acc 0.891, test acc 0.845 confusion_matrix [[ 3 16]
 [ 1 90]]
train loss 0.5060247778892517, test loss 0.7514957189559937, train auc 0.812, test auc 0.655 train f1 0.709, test f1 0.552 train mcc 0.451, test mcc 0.212 train aupr 0.881, test aupr 0.744 train acc 0.770, test acc 0.667 confusion_matrix [[ 7 25]
 [ 4 51]]
    [MS/datasize_result_2/subset_table_8w/PRJEB22970] Job on GPU-4 completed.
    [MS/datasize_result_3/subset_table_2w/PRJEB32763] Starting job on GPU-4. Output: /home/cjj/projects/microbial-embeddings/analysis/Disease_classification_loo/Data/pretraining_datasize/result/MS/datasize_result_3/subset_table_2w/PRJEB32763
  Processing embedding: subset_table_4w_100 (short name: subset_table_4w)
    [MS/datasize_result_2/subset_table_8w/PRJEB22977] Job on GPU-7 completed.
    [MS/datasize_result_3/subset_table_4w/PRJEB22970] Starting job on GPU-7. Output: /home/cjj/projects/microbial-embeddings/analysis/Disease_classification_loo/Data/pretraining_datasize/result/MS/datasize_result_3/subset_table_4w/PRJEB22970
train loss 0.5800136923789978, test loss 0.7816600799560547, train auc 0.773, test auc 0.645 train f1 0.665, test f1 0.450 train mcc 0.384, test mcc -0.044 train aupr 0.824, test aupr 0.892 train acc 0.701, test acc 0.818 confusion_matrix [[ 0 19]
 [ 1 90]]
    [MS/datasize_result_3/subset_table_1w/PRJEB22970] Job on GPU-1 completed.
    [MS/datasize_result_3/subset_table_4w/PRJEB22977] Starting job on GPU-1. Output: /home/cjj/projects/microbial-embeddings/analysis/Disease_classification_loo/Data/pretraining_datasize/result/MS/datasize_result_3/subset_table_4w/PRJEB22977
train loss 0.4133222699165344, test loss 0.7195895910263062, train auc 0.822, test auc 0.668 train f1 0.643, test f1 0.501 train mcc 0.359, test mcc 0.268 train aupr 0.922, test aupr 0.617 train acc 0.787, test acc 0.604 confusion_matrix [[10 52]
 [ 1 71]]
    [MS/datasize_result_2/subset_table_8w/PRJEB32763] Job on GPU-2 completed.
    [MS/datasize_result_3/subset_table_4w/PRJEB32763] Starting job on GPU-2. Output: /home/cjj/projects/microbial-embeddings/analysis/Disease_classification_loo/Data/pretraining_datasize/result/MS/datasize_result_3/subset_table_4w/PRJEB32763
  Processing embedding: subset_table_8w_100 (short name: subset_table_8w)
train loss 0.5134812593460083, test loss 0.7982134222984314, train auc 0.803, test auc 0.621 train f1 0.680, test f1 0.383 train mcc 0.443, test mcc -0.082 train aupr 0.886, test aupr 0.710 train acc 0.766, test acc 0.621 confusion_matrix [[ 0 32]
 [ 1 54]]
    [MS/datasize_result_3/subset_table_1w/PRJEB22977] Job on GPU-3 completed.
    [MS/datasize_result_3/subset_table_8w/PRJEB22970] Starting job on GPU-3. Output: /home/cjj/projects/microbial-embeddings/analysis/Disease_classification_loo/Data/pretraining_datasize/result/MS/datasize_result_3/subset_table_8w/PRJEB22970
train loss 0.48077622056007385, test loss 0.7119852304458618, train auc 0.748, test auc 0.627 train f1 0.744, test f1 0.459 train mcc 0.524, test mcc 0.208 train aupr 0.871, test aupr 0.609 train acc 0.832, test acc 0.582 confusion_matrix [[ 7 55]
 [ 1 71]]
    [MS/datasize_result_3/subset_table_1w/PRJEB32763] Job on GPU-6 completed.
    [MS/datasize_result_3/subset_table_8w/PRJEB22977] Starting job on GPU-6. Output: /home/cjj/projects/microbial-embeddings/analysis/Disease_classification_loo/Data/pretraining_datasize/result/MS/datasize_result_3/subset_table_8w/PRJEB22977
train loss 0.5197261571884155, test loss 0.6699784994125366, train auc 0.821, test auc 0.614 train f1 0.750, test f1 0.599 train mcc 0.505, test mcc 0.242 train aupr 0.880, test aupr 0.893 train acc 0.760, test acc 0.827 confusion_matrix [[ 4 15]
 [ 4 87]]
    [MS/datasize_result_3/subset_table_2w/PRJEB22970] Job on GPU-0 completed.
    [MS/datasize_result_3/subset_table_8w/PRJEB32763] Starting job on GPU-0. Output: /home/cjj/projects/microbial-embeddings/analysis/Disease_classification_loo/Data/pretraining_datasize/result/MS/datasize_result_3/subset_table_8w/PRJEB32763
Processing data size directory: datasize_result_4
  Processing embedding: subset_table_1w_100 (short name: subset_table_1w)
train loss 0.5203728079795837, test loss 0.8100215196609497, train auc 0.803, test auc 0.650 train f1 0.712, test f1 0.383 train mcc 0.452, test mcc -0.082 train aupr 0.871, test aupr 0.772 train acc 0.770, test acc 0.621 confusion_matrix [[ 0 32]
 [ 1 54]]
    [MS/datasize_result_3/subset_table_2w/PRJEB22977] Job on GPU-5 completed.
    [MS/datasize_result_4/subset_table_1w/PRJEB22970] Starting job on GPU-5. Output: /home/cjj/projects/microbial-embeddings/analysis/Disease_classification_loo/Data/pretraining_datasize/result/MS/datasize_result_4/subset_table_1w/PRJEB22970
train loss 0.5140166282653809, test loss 0.6463941931724548, train auc 0.811, test auc 0.674 train f1 0.693, test f1 0.383 train mcc 0.439, test mcc -0.082 train aupr 0.889, test aupr 0.798 train acc 0.766, test acc 0.621 confusion_matrix [[ 0 32]
 [ 1 54]]
train loss 0.41766390204429626, test loss 2.0280532836914062, train auc 0.894, test auc 0.766 train f1 0.803, test f1 0.673 train mcc 0.622, test mcc 0.390 train aupr 0.922, test aupr 0.928 train acc 0.814, test acc 0.855 confusion_matrix [[ 6 13]
 [ 3 88]]
train loss 0.4739830493927002, test loss 0.6516159176826477, train auc 0.792, test auc 0.640 train f1 0.590, test f1 0.604 train mcc 0.310, test mcc 0.245 train aupr 0.919, test aupr 0.611 train acc 0.777, test acc 0.627 confusion_matrix [[26 36]
 [14 58]]
    [MS/datasize_result_3/subset_table_4w/PRJEB22977] Job on GPU-1 completed.
    [MS/datasize_result_4/subset_table_1w/PRJEB22977] Starting job on GPU-1. Output: /home/cjj/projects/microbial-embeddings/analysis/Disease_classification_loo/Data/pretraining_datasize/result/MS/datasize_result_4/subset_table_1w/PRJEB22977
    [MS/datasize_result_3/subset_table_4w/PRJEB22970] Job on GPU-7 completed.
    [MS/datasize_result_4/subset_table_1w/PRJEB32763] Starting job on GPU-7. Output: /home/cjj/projects/microbial-embeddings/analysis/Disease_classification_loo/Data/pretraining_datasize/result/MS/datasize_result_4/subset_table_1w/PRJEB32763
  Processing embedding: subset_table_2w_100 (short name: subset_table_2w)
    [MS/datasize_result_3/subset_table_2w/PRJEB32763] Job on GPU-4 completed.
    [MS/datasize_result_4/subset_table_2w/PRJEB22970] Starting job on GPU-4. Output: /home/cjj/projects/microbial-embeddings/analysis/Disease_classification_loo/Data/pretraining_datasize/result/MS/datasize_result_4/subset_table_2w/PRJEB22970
train loss 0.5132043957710266, test loss 0.8450212478637695, train auc 0.748, test auc 0.655 train f1 0.528, test f1 0.429 train mcc 0.204, test mcc 0.161 train aupr 0.888, test aupr 0.643 train acc 0.756, test acc 0.567 confusion_matrix [[ 5 57]
 [ 1 71]]
    [MS/datasize_result_3/subset_table_4w/PRJEB32763] Job on GPU-2 completed.
    [MS/datasize_result_4/subset_table_2w/PRJEB22977] Starting job on GPU-2. Output: /home/cjj/projects/microbial-embeddings/analysis/Disease_classification_loo/Data/pretraining_datasize/result/MS/datasize_result_4/subset_table_2w/PRJEB22977
train loss 0.5169055461883545, test loss 1.4580848217010498, train auc 0.836, test auc 0.775 train f1 0.761, test f1 0.500 train mcc 0.548, test mcc 0.118 train aupr 0.871, test aupr 0.911 train acc 0.778, test acc 0.827 confusion_matrix [[ 1 18]
 [ 1 90]]
    [MS/datasize_result_3/subset_table_8w/PRJEB22970] Job on GPU-3 completed.
    [MS/datasize_result_4/subset_table_2w/PRJEB32763] Starting job on GPU-3. Output: /home/cjj/projects/microbial-embeddings/analysis/Disease_classification_loo/Data/pretraining_datasize/result/MS/datasize_result_4/subset_table_2w/PRJEB32763
  Processing embedding: subset_table_4w_100 (short name: subset_table_4w)
train loss 0.43135330080986023, test loss 0.7924107909202576, train auc 0.878, test auc 0.688 train f1 0.776, test f1 0.537 train mcc 0.568, test mcc 0.211 train aupr 0.938, test aupr 0.805 train acc 0.816, test acc 0.667 confusion_matrix [[ 6 26]
 [ 3 52]]
    [MS/datasize_result_3/subset_table_8w/PRJEB22977] Job on GPU-6 completed.
    [MS/datasize_result_4/subset_table_4w/PRJEB22970] Starting job on GPU-6. Output: /home/cjj/projects/microbial-embeddings/analysis/Disease_classification_loo/Data/pretraining_datasize/result/MS/datasize_result_4/subset_table_4w/PRJEB22970
train loss 0.43592965602874756, test loss 0.6630156636238098, train auc 0.799, test auc 0.659 train f1 0.548, test f1 0.620 train mcc 0.259, test mcc 0.300 train aupr 0.911, test aupr 0.608 train acc 0.766, test acc 0.649 confusion_matrix [[25 37]
 [10 62]]
    [MS/datasize_result_3/subset_table_8w/PRJEB32763] Job on GPU-0 completed.
    [MS/datasize_result_4/subset_table_4w/PRJEB22977] Starting job on GPU-0. Output: /home/cjj/projects/microbial-embeddings/analysis/Disease_classification_loo/Data/pretraining_datasize/result/MS/datasize_result_4/subset_table_4w/PRJEB22977
train loss 0.3774372637271881, test loss 1.649877667427063, train auc 0.913, test auc 0.746 train f1 0.831, test f1 0.702 train mcc 0.671, test mcc 0.441 train aupr 0.943, test aupr 0.927 train acc 0.833, test acc 0.864 confusion_matrix [[ 7 12]
 [ 3 88]]
    [MS/datasize_result_4/subset_table_1w/PRJEB22970] Job on GPU-5 completed.
    [MS/datasize_result_4/subset_table_4w/PRJEB32763] Starting job on GPU-5. Output: /home/cjj/projects/microbial-embeddings/analysis/Disease_classification_loo/Data/pretraining_datasize/result/MS/datasize_result_4/subset_table_4w/PRJEB32763
  Processing embedding: subset_table_8w_100 (short name: subset_table_8w)
train loss 0.5524808764457703, test loss 0.7104684114456177, train auc 0.749, test auc 0.677 train f1 0.626, test f1 0.557 train mcc 0.345, test mcc 0.185 train aupr 0.820, test aupr 0.814 train acc 0.734, test acc 0.655 confusion_matrix [[ 8 24]
 [ 6 49]]
train loss 0.37171056866645813, test loss 0.9262601137161255, train auc 0.923, test auc 0.711 train f1 0.825, test f1 0.450 train mcc 0.656, test mcc -0.044 train aupr 0.948, test aupr 0.917 train acc 0.833, test acc 0.818 confusion_matrix [[ 0 19]
 [ 1 90]]
train loss 0.3233119249343872, test loss 0.858372151851654, train auc 0.910, test auc 0.695 train f1 0.771, test f1 0.681 train mcc 0.560, test mcc 0.386 train aupr 0.970, test aupr 0.656 train acc 0.843, test acc 0.694 confusion_matrix [[33 29]
 [12 60]]
    [MS/datasize_result_4/subset_table_1w/PRJEB22977] Job on GPU-1 completed.
    [MS/datasize_result_4/subset_table_8w/PRJEB22970] Starting job on GPU-1. Output: /home/cjj/projects/microbial-embeddings/analysis/Disease_classification_loo/Data/pretraining_datasize/result/MS/datasize_result_4/subset_table_8w/PRJEB22970
train loss 0.5044121742248535, test loss 0.9532216787338257, train auc 0.810, test auc 0.632 train f1 0.744, test f1 0.513 train mcc 0.494, test mcc 0.170 train aupr 0.889, test aupr 0.772 train acc 0.783, test acc 0.655 confusion_matrix [[ 5 27]
 [ 3 52]]
    [MS/datasize_result_4/subset_table_1w/PRJEB32763] Job on GPU-7 completed.
    [MS/datasize_result_4/subset_table_2w/PRJEB22970] Job on GPU-4 completed.
    [MS/datasize_result_4/subset_table_8w/PRJEB22977] Starting job on GPU-7. Output: /home/cjj/projects/microbial-embeddings/analysis/Disease_classification_loo/Data/pretraining_datasize/result/MS/datasize_result_4/subset_table_8w/PRJEB22977
    [MS/datasize_result_4/subset_table_8w/PRJEB32763] Starting job on GPU-4. Output: /home/cjj/projects/microbial-embeddings/analysis/Disease_classification_loo/Data/pretraining_datasize/result/MS/datasize_result_4/subset_table_8w/PRJEB32763
Processing data size directory: datasize_result_5
  Processing embedding: subset_table_1w_100 (short name: subset_table_1w)
    [MS/datasize_result_4/subset_table_2w/PRJEB22977] Job on GPU-2 completed.
    [MS/datasize_result_5/subset_table_1w/PRJEB22970] Starting job on GPU-2. Output: /home/cjj/projects/microbial-embeddings/analysis/Disease_classification_loo/Data/pretraining_datasize/result/MS/datasize_result_5/subset_table_1w/PRJEB22970
train loss 0.4633241593837738, test loss 0.6521303057670593, train auc 0.780, test auc 0.623 train f1 0.424, test f1 0.429 train mcc -0.042, test mcc 0.161 train aupr 0.918, test aupr 0.604 train acc 0.736, test acc 0.567 confusion_matrix [[ 5 57]
 [ 1 71]]
    [MS/datasize_result_4/subset_table_2w/PRJEB32763] Job on GPU-3 completed.
    [MS/datasize_result_5/subset_table_1w/PRJEB22977] Starting job on GPU-3. Output: /home/cjj/projects/microbial-embeddings/analysis/Disease_classification_loo/Data/pretraining_datasize/result/MS/datasize_result_5/subset_table_1w/PRJEB22977
train loss 0.42785733938217163, test loss 1.6254373788833618, train auc 0.884, test auc 0.774 train f1 0.816, test f1 0.571 train mcc 0.637, test mcc 0.208 train aupr 0.915, test aupr 0.942 train acc 0.824, test acc 0.827 confusion_matrix [[ 3 16]
 [ 3 88]]
    [MS/datasize_result_4/subset_table_4w/PRJEB22970] Job on GPU-6 completed.
    [MS/datasize_result_5/subset_table_1w/PRJEB32763] Starting job on GPU-6. Output: /home/cjj/projects/microbial-embeddings/analysis/Disease_classification_loo/Data/pretraining_datasize/result/MS/datasize_result_5/subset_table_1w/PRJEB32763
  Processing embedding: subset_table_2w_100 (short name: subset_table_2w)
train loss 0.4907361567020416, test loss 0.6482974290847778, train auc 0.822, test auc 0.645 train f1 0.697, test f1 0.383 train mcc 0.451, test mcc -0.082 train aupr 0.887, test aupr 0.782 train acc 0.770, test acc 0.621 confusion_matrix [[ 0 32]
 [ 1 54]]
    [MS/datasize_result_4/subset_table_4w/PRJEB22977] Job on GPU-0 completed.
    [MS/datasize_result_5/subset_table_2w/PRJEB22970] Starting job on GPU-0. Output: /home/cjj/projects/microbial-embeddings/analysis/Disease_classification_loo/Data/pretraining_datasize/result/MS/datasize_result_5/subset_table_2w/PRJEB22970
train loss 0.4432598650455475, test loss 0.741543710231781, train auc 0.830, test auc 0.641 train f1 0.590, test f1 0.482 train mcc 0.310, test mcc 0.213 train aupr 0.930, test aupr 0.597 train acc 0.777, test acc 0.590 confusion_matrix [[ 9 53]
 [ 2 70]]
    [MS/datasize_result_4/subset_table_4w/PRJEB32763] Job on GPU-5 completed.
    [MS/datasize_result_5/subset_table_2w/PRJEB22977] Starting job on GPU-5. Output: /home/cjj/projects/microbial-embeddings/analysis/Disease_classification_loo/Data/pretraining_datasize/result/MS/datasize_result_5/subset_table_2w/PRJEB22977
train loss 0.5407294034957886, test loss 1.2535009384155273, train auc 0.804, test auc 0.741 train f1 0.732, test f1 0.500 train mcc 0.475, test mcc 0.118 train aupr 0.850, test aupr 0.917 train acc 0.747, test acc 0.827 confusion_matrix [[ 1 18]
 [ 1 90]]
train loss 0.41090425848960876, test loss 0.4753756523132324, train auc 0.898, test auc 0.644 train f1 0.800, test f1 0.500 train mcc 0.609, test mcc 0.118 train aupr 0.932, test aupr 0.890 train acc 0.810, test acc 0.827 confusion_matrix [[ 1 18]
 [ 1 90]]
train loss 0.5153694748878479, test loss 0.8018305897712708, train auc 0.739, test auc 0.677 train f1 0.535, test f1 0.586 train mcc 0.262, test mcc 0.256 train aupr 0.886, test aupr 0.653 train acc 0.766, test acc 0.627 confusion_matrix [[21 41]
 [ 9 63]]
train loss 0.45634111762046814, test loss 0.8368070125579834, train auc 0.833, test auc 0.682 train f1 0.787, test f1 0.505 train mcc 0.575, test mcc 0.132 train aupr 0.901, test aupr 0.746 train acc 0.811, test acc 0.644 confusion_matrix [[ 5 27]
 [ 4 51]]
    [MS/datasize_result_4/subset_table_8w/PRJEB22970] Job on GPU-1 completed.
    [MS/datasize_result_5/subset_table_2w/PRJEB32763] Starting job on GPU-1. Output: /home/cjj/projects/microbial-embeddings/analysis/Disease_classification_loo/Data/pretraining_datasize/result/MS/datasize_result_5/subset_table_2w/PRJEB32763
  Processing embedding: subset_table_4w_100 (short name: subset_table_4w)
    [MS/datasize_result_5/subset_table_1w/PRJEB22970] Job on GPU-2 completed.
    [MS/datasize_result_5/subset_table_4w/PRJEB22970] Starting job on GPU-2. Output: /home/cjj/projects/microbial-embeddings/analysis/Disease_classification_loo/Data/pretraining_datasize/result/MS/datasize_result_5/subset_table_4w/PRJEB22970
    [MS/datasize_result_4/subset_table_8w/PRJEB32763] Job on GPU-4 completed.
    [MS/datasize_result_5/subset_table_4w/PRJEB22977] Starting job on GPU-4. Output: /home/cjj/projects/microbial-embeddings/analysis/Disease_classification_loo/Data/pretraining_datasize/result/MS/datasize_result_5/subset_table_4w/PRJEB22977
    [MS/datasize_result_4/subset_table_8w/PRJEB22977] Job on GPU-7 completed.
    [MS/datasize_result_5/subset_table_4w/PRJEB32763] Starting job on GPU-7. Output: /home/cjj/projects/microbial-embeddings/analysis/Disease_classification_loo/Data/pretraining_datasize/result/MS/datasize_result_5/subset_table_4w/PRJEB32763
  Processing embedding: subset_table_8w_100 (short name: subset_table_8w)
train loss 0.4801720380783081, test loss 0.7493779063224792, train auc 0.835, test auc 0.632 train f1 0.769, test f1 0.383 train mcc 0.543, test mcc -0.082 train aupr 0.903, test aupr 0.779 train acc 0.803, test acc 0.621 confusion_matrix [[ 0 32]
 [ 1 54]]
train loss 0.6536719799041748, test loss 0.6824158430099487, train auc 0.636, test auc 0.681 train f1 0.461, test f1 0.592 train mcc 0.079, test mcc 0.276 train aupr 0.837, test aupr 0.666 train acc 0.741, test acc 0.634 confusion_matrix [[21 41]
 [ 8 64]]
    [MS/datasize_result_5/subset_table_1w/PRJEB22977] Job on GPU-3 completed.
    [MS/datasize_result_5/subset_table_8w/PRJEB22970] Starting job on GPU-3. Output: /home/cjj/projects/microbial-embeddings/analysis/Disease_classification_loo/Data/pretraining_datasize/result/MS/datasize_result_5/subset_table_8w/PRJEB22970
    [MS/datasize_result_5/subset_table_1w/PRJEB32763] Job on GPU-6 completed.
    [MS/datasize_result_5/subset_table_8w/PRJEB22977] Starting job on GPU-6. Output: /home/cjj/projects/microbial-embeddings/analysis/Disease_classification_loo/Data/pretraining_datasize/result/MS/datasize_result_5/subset_table_8w/PRJEB22977
train loss 0.4514954388141632, test loss 1.5932732820510864, train auc 0.878, test auc 0.761 train f1 0.813, test f1 0.450 train mcc 0.628, test mcc -0.044 train aupr 0.910, test aupr 0.926 train acc 0.819, test acc 0.818 confusion_matrix [[ 0 19]
 [ 1 90]]
    [MS/datasize_result_5/subset_table_2w/PRJEB22970] Job on GPU-0 completed.
Processing disease: OB
    [MS/datasize_result_5/subset_table_8w/PRJEB32763] Starting job on GPU-0. Output: /home/cjj/projects/microbial-embeddings/analysis/Disease_classification_loo/Data/pretraining_datasize/result/MS/datasize_result_5/subset_table_8w/PRJEB32763
Found studies for OB: PRJEB11419 PRJEB28687
Processing data size directory: datasize_result_1
  Processing embedding: subset_table_1w_100 (short name: subset_table_1w)
train loss 0.5300134420394897, test loss 0.7090811133384705, train auc 0.776, test auc 0.673 train f1 0.686, test f1 0.383 train mcc 0.428, test mcc -0.082 train aupr 0.859, test aupr 0.818 train acc 0.762, test acc 0.621 confusion_matrix [[ 0 32]
 [ 1 54]]
    [MS/datasize_result_5/subset_table_2w/PRJEB22977] Job on GPU-5 completed.
    [OB/datasize_result_1/subset_table_1w/PRJEB11419] Starting job on GPU-5. Output: /home/cjj/projects/microbial-embeddings/analysis/Disease_classification_loo/Data/pretraining_datasize/result/OB/datasize_result_1/subset_table_1w/PRJEB11419
train loss 0.4319862723350525, test loss 0.6362067461013794, train auc 0.819, test auc 0.683 train f1 0.747, test f1 0.576 train mcc 0.514, test mcc 0.239 train aupr 0.920, test aupr 0.658 train acc 0.827, test acc 0.619 confusion_matrix [[20 42]
 [ 9 63]]
train loss 0.5158419013023376, test loss 0.6640183925628662, train auc 0.795, test auc 0.657 train f1 0.730, test f1 0.383 train mcc 0.470, test mcc -0.082 train aupr 0.864, test aupr 0.767 train acc 0.775, test acc 0.621 confusion_matrix [[ 0 32]
 [ 1 54]]
train loss 0.4382201135158539, test loss 0.6815850734710693, train auc 0.823, test auc 0.690 train f1 0.711, test f1 0.700 train mcc 0.428, test mcc 0.401 train aupr 0.931, test aupr 0.657 train acc 0.792, test acc 0.701 confusion_matrix [[43 19]
 [21 51]]
    [MS/datasize_result_5/subset_table_2w/PRJEB32763] Job on GPU-1 completed.
    [OB/datasize_result_1/subset_table_1w/PRJEB28687] Starting job on GPU-1. Output: /home/cjj/projects/microbial-embeddings/analysis/Disease_classification_loo/Data/pretraining_datasize/result/OB/datasize_result_1/subset_table_1w/PRJEB28687
  Processing embedding: subset_table_2w_100 (short name: subset_table_2w)
train loss 0.28621017932891846, test loss 2.264259099960327, train auc 0.957, test auc 0.809 train f1 0.879, test f1 0.579 train mcc 0.759, test mcc 0.247 train aupr 0.972, test aupr 0.955 train acc 0.882, test acc 0.836 confusion_matrix [[ 3 16]
 [ 2 89]]
    [MS/datasize_result_5/subset_table_4w/PRJEB22977] Job on GPU-4 completed.
    [OB/datasize_result_1/subset_table_2w/PRJEB11419] Starting job on GPU-4. Output: /home/cjj/projects/microbial-embeddings/analysis/Disease_classification_loo/Data/pretraining_datasize/result/OB/datasize_result_1/subset_table_2w/PRJEB11419
    [MS/datasize_result_5/subset_table_4w/PRJEB32763] Job on GPU-7 completed.
    [OB/datasize_result_1/subset_table_2w/PRJEB28687] Starting job on GPU-7. Output: /home/cjj/projects/microbial-embeddings/analysis/Disease_classification_loo/Data/pretraining_datasize/result/OB/datasize_result_1/subset_table_2w/PRJEB28687
  Processing embedding: subset_table_4w_100 (short name: subset_table_4w)
    [MS/datasize_result_5/subset_table_4w/PRJEB22970] Job on GPU-2 completed.
    [OB/datasize_result_1/subset_table_4w/PRJEB11419] Starting job on GPU-2. Output: /home/cjj/projects/microbial-embeddings/analysis/Disease_classification_loo/Data/pretraining_datasize/result/OB/datasize_result_1/subset_table_4w/PRJEB11419
train loss 0.4613342583179474, test loss 1.391765832901001, train auc 0.877, test auc 0.776 train f1 0.764, test f1 0.545 train mcc 0.581, test mcc 0.219 train aupr 0.906, test aupr 0.932 train acc 0.787, test acc 0.836 confusion_matrix [[ 2 17]
 [ 1 90]]
train loss 0.33584392070770264, test loss 0.8294988870620728, train auc 0.922, test auc 0.674 train f1 0.876, test f1 0.521 train mcc 0.753, test mcc 0.213 train aupr 0.957, test aupr 0.783 train acc 0.889, test acc 0.667 confusion_matrix [[ 5 27]
 [ 2 53]]
    [MS/datasize_result_5/subset_table_8w/PRJEB22970] Job on GPU-3 completed.
    [OB/datasize_result_1/subset_table_4w/PRJEB28687] Starting job on GPU-3. Output: /home/cjj/projects/microbial-embeddings/analysis/Disease_classification_loo/Data/pretraining_datasize/result/OB/datasize_result_1/subset_table_4w/PRJEB28687
  Processing embedding: subset_table_8w_100 (short name: subset_table_8w)
    [MS/datasize_result_5/subset_table_8w/PRJEB22977] Job on GPU-6 completed.
    [OB/datasize_result_1/subset_table_8w/PRJEB11419] Starting job on GPU-6. Output: /home/cjj/projects/microbial-embeddings/analysis/Disease_classification_loo/Data/pretraining_datasize/result/OB/datasize_result_1/subset_table_8w/PRJEB11419
train loss 0.4603593349456787, test loss 0.6471440196037292, train auc 0.787, test auc 0.654 train f1 0.528, test f1 0.468 train mcc 0.204, test mcc 0.192 train aupr 0.908, test aupr 0.619 train acc 0.756, test acc 0.582 confusion_matrix [[ 8 54]
 [ 2 70]]
    [MS/datasize_result_5/subset_table_8w/PRJEB32763] Job on GPU-0 completed.
    [OB/datasize_result_1/subset_table_8w/PRJEB28687] Starting job on GPU-0. Output: /home/cjj/projects/microbial-embeddings/analysis/Disease_classification_loo/Data/pretraining_datasize/result/OB/datasize_result_1/subset_table_8w/PRJEB28687
Processing data size directory: datasize_result_2
  Processing embedding: subset_table_1w_100 (short name: subset_table_1w)
train loss 0.42760124802589417, test loss 1.0095012187957764, train auc 0.678, test auc 0.670 train f1 0.654, test f1 0.507 train mcc 0.321, test mcc 0.193 train aupr 0.392, test aupr 0.655 train acc 0.825, test acc 0.559 confusion_matrix [[ 82 279]
 [ 29 309]]
    [OB/datasize_result_1/subset_table_1w/PRJEB11419] Job on GPU-5 completed.
    [OB/datasize_result_2/subset_table_1w/PRJEB11419] Starting job on GPU-5. Output: /home/cjj/projects/microbial-embeddings/analysis/Disease_classification_loo/Data/pretraining_datasize/result/OB/datasize_result_2/subset_table_1w/PRJEB11419
train loss 0.40387555956840515, test loss 1.1485555171966553, train auc 0.721, test auc 0.667 train f1 0.667, test f1 0.523 train mcc 0.336, test mcc 0.201 train aupr 0.453, test aupr 0.651 train acc 0.794, test acc 0.567 confusion_matrix [[ 92 269]
 [ 34 304]]
train loss 0.4264262616634369, test loss 0.9852593541145325, train auc 0.666, test auc 0.662 train f1 0.673, test f1 0.558 train mcc 0.349, test mcc 0.215 train aupr 0.391, test aupr 0.650 train acc 0.823, test acc 0.584 confusion_matrix [[120 241]
 [ 50 288]]
    [OB/datasize_result_1/subset_table_2w/PRJEB11419] Job on GPU-4 completed.
    [OB/datasize_result_2/subset_table_1w/PRJEB28687] Starting job on GPU-4. Output: /home/cjj/projects/microbial-embeddings/analysis/Disease_classification_loo/Data/pretraining_datasize/result/OB/datasize_result_2/subset_table_1w/PRJEB28687
  Processing embedding: subset_table_2w_100 (short name: subset_table_2w)
train loss 0.6386045217514038, test loss 0.8358588218688965, train auc 0.689, test auc 0.668 train f1 0.568, test f1 0.570 train mcc 0.245, test mcc 0.189 train aupr 0.662, test aupr 0.313 train acc 0.595, test acc 0.666 confusion_matrix [[290 129]
 [ 41  49]]
    [OB/datasize_result_1/subset_table_4w/PRJEB11419] Job on GPU-2 completed.
    [OB/datasize_result_2/subset_table_2w/PRJEB11419] Starting job on GPU-2. Output: /home/cjj/projects/microbial-embeddings/analysis/Disease_classification_loo/Data/pretraining_datasize/result/OB/datasize_result_2/subset_table_2w/PRJEB11419
train loss 0.6390476226806641, test loss 0.741388738155365, train auc 0.689, test auc 0.663 train f1 0.614, test f1 0.586 train mcc 0.290, test mcc 0.203 train aupr 0.647, test aupr 0.297 train acc 0.627, test acc 0.695 confusion_matrix [[308 111]
 [ 44  46]]
    [OB/datasize_result_1/subset_table_1w/PRJEB28687] Job on GPU-1 completed.
    [OB/datasize_result_2/subset_table_2w/PRJEB28687] Starting job on GPU-1. Output: /home/cjj/projects/microbial-embeddings/analysis/Disease_classification_loo/Data/pretraining_datasize/result/OB/datasize_result_2/subset_table_2w/PRJEB28687
  Processing embedding: subset_table_4w_100 (short name: subset_table_4w)
train loss 0.39628708362579346, test loss 1.2534468173980713, train auc 0.778, test auc 0.683 train f1 0.650, test f1 0.572 train mcc 0.341, test mcc 0.233 train aupr 0.406, test aupr 0.662 train acc 0.741, test acc 0.594 confusion_matrix [[128 233]
 [ 51 287]]
    [OB/datasize_result_1/subset_table_2w/PRJEB28687] Job on GPU-7 completed.
    [OB/datasize_result_2/subset_table_4w/PRJEB11419] Starting job on GPU-7. Output: /home/cjj/projects/microbial-embeddings/analysis/Disease_classification_loo/Data/pretraining_datasize/result/OB/datasize_result_2/subset_table_4w/PRJEB11419
    [OB/datasize_result_1/subset_table_8w/PRJEB11419] Job on GPU-6 completed.
    [OB/datasize_result_2/subset_table_4w/PRJEB28687] Starting job on GPU-6. Output: /home/cjj/projects/microbial-embeddings/analysis/Disease_classification_loo/Data/pretraining_datasize/result/OB/datasize_result_2/subset_table_4w/PRJEB28687
  Processing embedding: subset_table_8w_100 (short name: subset_table_8w)
train loss 0.6304531693458557, test loss 0.768997311592102, train auc 0.707, test auc 0.683 train f1 0.611, test f1 0.600 train mcc 0.303, test mcc 0.218 train aupr 0.679, test aupr 0.314 train acc 0.628, test acc 0.723 confusion_matrix [[325  94]
 [ 47  43]]
    [OB/datasize_result_1/subset_table_4w/PRJEB28687] Job on GPU-3 completed.
    [OB/datasize_result_2/subset_table_8w/PRJEB11419] Starting job on GPU-3. Output: /home/cjj/projects/microbial-embeddings/analysis/Disease_classification_loo/Data/pretraining_datasize/result/OB/datasize_result_2/subset_table_8w/PRJEB11419
train loss 0.69693523645401, test loss 0.644314169883728, train auc 0.506, test auc 0.689 train f1 0.354, test f1 0.598 train mcc 0.070, test mcc 0.222 train aupr 0.485, test aupr 0.335 train acc 0.494, test acc 0.711 confusion_matrix [[316 103]
 [ 44  46]]
    [OB/datasize_result_1/subset_table_8w/PRJEB28687] Job on GPU-0 completed.
    [OB/datasize_result_2/subset_table_8w/PRJEB28687] Starting job on GPU-0. Output: /home/cjj/projects/microbial-embeddings/analysis/Disease_classification_loo/Data/pretraining_datasize/result/OB/datasize_result_2/subset_table_8w/PRJEB28687
Processing data size directory: datasize_result_3
  Processing embedding: subset_table_1w_100 (short name: subset_table_1w)
train loss 0.4306841194629669, test loss 0.9761432409286499, train auc 0.690, test auc 0.665 train f1 0.640, test f1 0.579 train mcc 0.281, test mcc 0.250 train aupr 0.349, test aupr 0.647 train acc 0.800, test acc 0.601 confusion_matrix [[130 231]
 [ 48 290]]
    [OB/datasize_result_2/subset_table_1w/PRJEB11419] Job on GPU-5 completed.
    [OB/datasize_result_3/subset_table_1w/PRJEB11419] Starting job on GPU-5. Output: /home/cjj/projects/microbial-embeddings/analysis/Disease_classification_loo/Data/pretraining_datasize/result/OB/datasize_result_3/subset_table_1w/PRJEB11419
train loss 0.43141260743141174, test loss 0.9718261361122131, train auc 0.676, test auc 0.674 train f1 0.642, test f1 0.559 train mcc 0.292, test mcc 0.225 train aupr 0.383, test aupr 0.655 train acc 0.813, test acc 0.587 confusion_matrix [[118 243]
 [ 46 292]]
    [OB/datasize_result_2/subset_table_2w/PRJEB11419] Job on GPU-2 completed.
    [OB/datasize_result_3/subset_table_1w/PRJEB28687] Starting job on GPU-2. Output: /home/cjj/projects/microbial-embeddings/analysis/Disease_classification_loo/Data/pretraining_datasize/result/OB/datasize_result_3/subset_table_1w/PRJEB28687
  Processing embedding: subset_table_2w_100 (short name: subset_table_2w)
train loss 0.6371822953224182, test loss 0.736079216003418, train auc 0.691, test auc 0.683 train f1 0.635, test f1 0.593 train mcc 0.296, test mcc 0.217 train aupr 0.665, test aupr 0.326 train acc 0.639, test acc 0.701 confusion_matrix [[310 109]
 [ 43  47]]
train loss 0.3925355076789856, test loss 1.1479387283325195, train auc 0.762, test auc 0.678 train f1 0.701, test f1 0.550 train mcc 0.404, test mcc 0.228 train aupr 0.502, test aupr 0.658 train acc 0.815, test acc 0.584 confusion_matrix [[109 252]
 [ 39 299]]
    [OB/datasize_result_2/subset_table_1w/PRJEB28687] Job on GPU-4 completed.
    [OB/datasize_result_3/subset_table_2w/PRJEB11419] Starting job on GPU-4. Output: /home/cjj/projects/microbial-embeddings/analysis/Disease_classification_loo/Data/pretraining_datasize/result/OB/datasize_result_3/subset_table_2w/PRJEB11419
    [OB/datasize_result_2/subset_table_4w/PRJEB11419] Job on GPU-7 completed.
    [OB/datasize_result_3/subset_table_2w/PRJEB28687] Starting job on GPU-7. Output: /home/cjj/projects/microbial-embeddings/analysis/Disease_classification_loo/Data/pretraining_datasize/result/OB/datasize_result_3/subset_table_2w/PRJEB28687
  Processing embedding: subset_table_4w_100 (short name: subset_table_4w)
train loss 0.6329872012138367, test loss 0.8099482655525208, train auc 0.697, test auc 0.671 train f1 0.636, test f1 0.617 train mcc 0.316, test mcc 0.234 train aupr 0.664, test aupr 0.305 train acc 0.644, test acc 0.782 confusion_matrix [[366  53]
 [ 58  32]]
    [OB/datasize_result_2/subset_table_2w/PRJEB28687] Job on GPU-1 completed.
    [OB/datasize_result_3/subset_table_4w/PRJEB11419] Starting job on GPU-1. Output: /home/cjj/projects/microbial-embeddings/analysis/Disease_classification_loo/Data/pretraining_datasize/result/OB/datasize_result_3/subset_table_4w/PRJEB11419
train loss 0.42426690459251404, test loss 0.9360284209251404, train auc 0.684, test auc 0.672 train f1 0.658, test f1 0.505 train mcc 0.317, test mcc 0.190 train aupr 0.395, test aupr 0.655 train acc 0.806, test acc 0.558 confusion_matrix [[ 81 280]
 [ 29 309]]
train loss 0.595655083656311, test loss 1.0101534128189087, train auc 0.747, test auc 0.689 train f1 0.666, test f1 0.589 train mcc 0.381, test mcc 0.239 train aupr 0.723, test aupr 0.305 train acc 0.674, test acc 0.676 confusion_matrix [[289 130]
 [ 35  55]]
    [OB/datasize_result_2/subset_table_8w/PRJEB11419] Job on GPU-3 completed.
    [OB/datasize_result_3/subset_table_4w/PRJEB28687] Starting job on GPU-3. Output: /home/cjj/projects/microbial-embeddings/analysis/Disease_classification_loo/Data/pretraining_datasize/result/OB/datasize_result_3/subset_table_4w/PRJEB28687
  Processing embedding: subset_table_8w_100 (short name: subset_table_8w)
    [OB/datasize_result_2/subset_table_4w/PRJEB28687] Job on GPU-6 completed.
    [OB/datasize_result_3/subset_table_8w/PRJEB11419] Starting job on GPU-6. Output: /home/cjj/projects/microbial-embeddings/analysis/Disease_classification_loo/Data/pretraining_datasize/result/OB/datasize_result_3/subset_table_8w/PRJEB11419
train loss 0.6257343292236328, test loss 0.8820902705192566, train auc 0.715, test auc 0.688 train f1 0.590, test f1 0.546 train mcc 0.300, test mcc 0.207 train aupr 0.677, test aupr 0.316 train acc 0.617, test acc 0.607 confusion_matrix [[248 171]
 [ 29  61]]
    [OB/datasize_result_2/subset_table_8w/PRJEB28687] Job on GPU-0 completed.
    [OB/datasize_result_3/subset_table_8w/PRJEB28687] Starting job on GPU-0. Output: /home/cjj/projects/microbial-embeddings/analysis/Disease_classification_loo/Data/pretraining_datasize/result/OB/datasize_result_3/subset_table_8w/PRJEB28687
Processing data size directory: datasize_result_4
  Processing embedding: subset_table_1w_100 (short name: subset_table_1w)
train loss 0.41256216168403625, test loss 1.008479356765747, train auc 0.732, test auc 0.684 train f1 0.638, test f1 0.548 train mcc 0.286, test mcc 0.232 train aupr 0.406, test aupr 0.668 train acc 0.762, test acc 0.584 confusion_matrix [[106 255]
 [ 36 302]]
    [OB/datasize_result_3/subset_table_1w/PRJEB11419] Job on GPU-5 completed.
    [OB/datasize_result_4/subset_table_1w/PRJEB11419] Starting job on GPU-5. Output: /home/cjj/projects/microbial-embeddings/analysis/Disease_classification_loo/Data/pretraining_datasize/result/OB/datasize_result_4/subset_table_1w/PRJEB11419
train loss 0.43330278992652893, test loss 0.9574830532073975, train auc 0.665, test auc 0.665 train f1 0.629, test f1 0.551 train mcc 0.260, test mcc 0.234 train aupr 0.373, test aupr 0.649 train acc 0.770, test acc 0.585 confusion_matrix [[108 253]
 [ 37 301]]
train loss 0.6363639831542969, test loss 0.7993506193161011, train auc 0.694, test auc 0.678 train f1 0.516, test f1 0.585 train mcc 0.240, test mcc 0.222 train aupr 0.666, test aupr 0.332 train acc 0.572, test acc 0.678 confusion_matrix [[293 126]
 [ 38  52]]
    [OB/datasize_result_3/subset_table_2w/PRJEB11419] Job on GPU-4 completed.
    [OB/datasize_result_4/subset_table_1w/PRJEB28687] Starting job on GPU-4. Output: /home/cjj/projects/microbial-embeddings/analysis/Disease_classification_loo/Data/pretraining_datasize/result/OB/datasize_result_4/subset_table_1w/PRJEB28687
  Processing embedding: subset_table_2w_100 (short name: subset_table_2w)
    [OB/datasize_result_3/subset_table_1w/PRJEB28687] Job on GPU-2 completed.
    [OB/datasize_result_4/subset_table_2w/PRJEB11419] Starting job on GPU-2. Output: /home/cjj/projects/microbial-embeddings/analysis/Disease_classification_loo/Data/pretraining_datasize/result/OB/datasize_result_4/subset_table_2w/PRJEB11419
train loss 0.35892271995544434, test loss 1.0855170488357544, train auc 0.812, test auc 0.665 train f1 0.710, test f1 0.445 train mcc 0.421, test mcc 0.180 train aupr 0.575, test aupr 0.640 train acc 0.829, test acc 0.535 confusion_matrix [[ 46 315]
 [ 10 328]]
train loss 0.6236666440963745, test loss 0.7400721311569214, train auc 0.710, test auc 0.684 train f1 0.605, test f1 0.570 train mcc 0.291, test mcc 0.204 train aupr 0.682, test aupr 0.333 train acc 0.622, test acc 0.656 confusion_matrix [[281 138]
 [ 37  53]]
    [OB/datasize_result_3/subset_table_4w/PRJEB11419] Job on GPU-1 completed.
    [OB/datasize_result_4/subset_table_2w/PRJEB28687] Starting job on GPU-1. Output: /home/cjj/projects/microbial-embeddings/analysis/Disease_classification_loo/Data/pretraining_datasize/result/OB/datasize_result_4/subset_table_2w/PRJEB28687
  Processing embedding: subset_table_4w_100 (short name: subset_table_4w)
    [OB/datasize_result_3/subset_table_2w/PRJEB28687] Job on GPU-7 completed.
    [OB/datasize_result_4/subset_table_4w/PRJEB11419] Starting job on GPU-7. Output: /home/cjj/projects/microbial-embeddings/analysis/Disease_classification_loo/Data/pretraining_datasize/result/OB/datasize_result_4/subset_table_4w/PRJEB11419
train loss 0.3916003704071045, test loss 1.0640615224838257, train auc 0.762, test auc 0.663 train f1 0.665, test f1 0.502 train mcc 0.332, test mcc 0.170 train aupr 0.468, test aupr 0.653 train acc 0.798, test acc 0.552 confusion_matrix [[ 82 279]
 [ 34 304]]
    [OB/datasize_result_3/subset_table_8w/PRJEB11419] Job on GPU-6 completed.
    [OB/datasize_result_4/subset_table_4w/PRJEB28687] Starting job on GPU-6. Output: /home/cjj/projects/microbial-embeddings/analysis/Disease_classification_loo/Data/pretraining_datasize/result/OB/datasize_result_4/subset_table_4w/PRJEB28687
  Processing embedding: subset_table_8w_100 (short name: subset_table_8w)
train loss 0.6164270639419556, test loss 0.7475449442863464, train auc 0.720, test auc 0.676 train f1 0.634, test f1 0.557 train mcc 0.335, test mcc 0.199 train aupr 0.666, test aupr 0.323 train acc 0.647, test acc 0.633 confusion_matrix [[266 153]
 [ 34  56]]
    [OB/datasize_result_3/subset_table_4w/PRJEB28687] Job on GPU-3 completed.
    [OB/datasize_result_4/subset_table_8w/PRJEB11419] Starting job on GPU-3. Output: /home/cjj/projects/microbial-embeddings/analysis/Disease_classification_loo/Data/pretraining_datasize/result/OB/datasize_result_4/subset_table_8w/PRJEB11419
train loss 0.6283023357391357, test loss 0.8811584711074829, train auc 0.706, test auc 0.677 train f1 0.607, test f1 0.550 train mcc 0.307, test mcc 0.203 train aupr 0.671, test aupr 0.313 train acc 0.627, test acc 0.617 confusion_matrix [[255 164]
 [ 31  59]]
    [OB/datasize_result_3/subset_table_8w/PRJEB28687] Job on GPU-0 completed.
    [OB/datasize_result_4/subset_table_8w/PRJEB28687] Starting job on GPU-0. Output: /home/cjj/projects/microbial-embeddings/analysis/Disease_classification_loo/Data/pretraining_datasize/result/OB/datasize_result_4/subset_table_8w/PRJEB28687
Processing data size directory: datasize_result_5
  Processing embedding: subset_table_1w_100 (short name: subset_table_1w)
train loss 0.36125534772872925, test loss 1.1182349920272827, train auc 0.818, test auc 0.657 train f1 0.726, test f1 0.571 train mcc 0.458, test mcc 0.217 train aupr 0.509, test aupr 0.615 train acc 0.855, test acc 0.589 confusion_matrix [[133 228]
 [ 59 279]]
    [OB/datasize_result_4/subset_table_1w/PRJEB11419] Job on GPU-5 completed.
    [OB/datasize_result_5/subset_table_1w/PRJEB11419] Starting job on GPU-5. Output: /home/cjj/projects/microbial-embeddings/analysis/Disease_classification_loo/Data/pretraining_datasize/result/OB/datasize_result_5/subset_table_1w/PRJEB11419
train loss 0.37801072001457214, test loss 1.1169828176498413, train auc 0.779, test auc 0.677 train f1 0.703, test f1 0.513 train mcc 0.421, test mcc 0.198 train aupr 0.521, test aupr 0.655 train acc 0.851, test acc 0.562 confusion_matrix [[ 85 276]
 [ 30 308]]
    [OB/datasize_result_4/subset_table_2w/PRJEB11419] Job on GPU-2 completed.
    [OB/datasize_result_5/subset_table_1w/PRJEB28687] Starting job on GPU-2. Output: /home/cjj/projects/microbial-embeddings/analysis/Disease_classification_loo/Data/pretraining_datasize/result/OB/datasize_result_5/subset_table_1w/PRJEB28687
  Processing embedding: subset_table_2w_100 (short name: subset_table_2w)
train loss 0.42779436707496643, test loss 0.973168134689331, train auc 0.681, test auc 0.683 train f1 0.657, test f1 0.557 train mcc 0.319, test mcc 0.222 train aupr 0.405, test aupr 0.669 train acc 0.817, test acc 0.585 confusion_matrix [[117 244]
 [ 46 292]]
train loss 0.6397485733032227, test loss 0.7732552886009216, train auc 0.685, test auc 0.665 train f1 0.598, test f1 0.626 train mcc 0.274, test mcc 0.252 train aupr 0.653, test aupr 0.337 train acc 0.615, test acc 0.788 confusion_matrix [[368  51]
 [ 57  33]]
    [OB/datasize_result_4/subset_table_4w/PRJEB11419] Job on GPU-7 completed.
    [OB/datasize_result_5/subset_table_2w/PRJEB11419] Starting job on GPU-7. Output: /home/cjj/projects/microbial-embeddings/analysis/Disease_classification_loo/Data/pretraining_datasize/result/OB/datasize_result_5/subset_table_2w/PRJEB11419
    [OB/datasize_result_4/subset_table_1w/PRJEB28687] Job on GPU-4 completed.
    [OB/datasize_result_5/subset_table_2w/PRJEB28687] Starting job on GPU-4. Output: /home/cjj/projects/microbial-embeddings/analysis/Disease_classification_loo/Data/pretraining_datasize/result/OB/datasize_result_5/subset_table_2w/PRJEB28687
  Processing embedding: subset_table_4w_100 (short name: subset_table_4w)
train loss 0.6210973858833313, test loss 0.7762457132339478, train auc 0.715, test auc 0.673 train f1 0.591, test f1 0.552 train mcc 0.283, test mcc 0.184 train aupr 0.680, test aupr 0.325 train acc 0.614, test acc 0.631 confusion_matrix [[267 152]
 [ 36  54]]
train loss 0.4198024570941925, test loss 0.9915343523025513, train auc 0.718, test auc 0.681 train f1 0.634, test f1 0.551 train mcc 0.280, test mcc 0.221 train aupr 0.400, test aupr 0.667 train acc 0.754, test acc 0.582 confusion_matrix [[111 250]
 [ 42 296]]
train loss 0.6294386982917786, test loss 0.8429573774337769, train auc 0.702, test auc 0.667 train f1 0.628, test f1 0.504 train mcc 0.294, test mcc 0.176 train aupr 0.665, test aupr 0.299 train acc 0.635, test acc 0.546 confusion_matrix [[213 206]
 [ 25  65]]
    [OB/datasize_result_4/subset_table_8w/PRJEB11419] Job on GPU-3 completed.
    [OB/datasize_result_5/subset_table_4w/PRJEB11419] Starting job on GPU-3. Output: /home/cjj/projects/microbial-embeddings/analysis/Disease_classification_loo/Data/pretraining_datasize/result/OB/datasize_result_5/subset_table_4w/PRJEB11419
    [OB/datasize_result_4/subset_table_2w/PRJEB28687] Job on GPU-1 completed.
    [OB/datasize_result_5/subset_table_4w/PRJEB28687] Starting job on GPU-1. Output: /home/cjj/projects/microbial-embeddings/analysis/Disease_classification_loo/Data/pretraining_datasize/result/OB/datasize_result_5/subset_table_4w/PRJEB28687
  Processing embedding: subset_table_8w_100 (short name: subset_table_8w)
    [OB/datasize_result_4/subset_table_4w/PRJEB28687] Job on GPU-6 completed.
    [OB/datasize_result_5/subset_table_8w/PRJEB11419] Starting job on GPU-6. Output: /home/cjj/projects/microbial-embeddings/analysis/Disease_classification_loo/Data/pretraining_datasize/result/OB/datasize_result_5/subset_table_8w/PRJEB11419
train loss 0.6322298049926758, test loss 0.8632716536521912, train auc 0.703, test auc 0.685 train f1 0.602, test f1 0.541 train mcc 0.284, test mcc 0.225 train aupr 0.659, test aupr 0.302 train acc 0.619, test acc 0.591 confusion_matrix [[235 184]
 [ 24  66]]
    [OB/datasize_result_4/subset_table_8w/PRJEB28687] Job on GPU-0 completed.
Processing disease: PD
    [OB/datasize_result_5/subset_table_8w/PRJEB28687] Starting job on GPU-0. Output: /home/cjj/projects/microbial-embeddings/analysis/Disease_classification_loo/Data/pretraining_datasize/result/OB/datasize_result_5/subset_table_8w/PRJEB28687
Found studies for PD: PRJEB14674 PRJEB27564 PRJEB30615 PRJNA510730 PRJNA594156 PRJNA742875
Processing data size directory: datasize_result_1
  Processing embedding: subset_table_1w_100 (short name: subset_table_1w)
train loss 0.43216216564178467, test loss 0.9530631899833679, train auc 0.685, test auc 0.675 train f1 0.631, test f1 0.525 train mcc 0.274, test mcc 0.196 train aupr 0.345, test aupr 0.660 train acc 0.754, test acc 0.567 confusion_matrix [[ 95 266]
 [ 37 301]]
    [OB/datasize_result_5/subset_table_1w/PRJEB11419] Job on GPU-5 completed.
    [PD/datasize_result_1/subset_table_1w/PRJEB14674] Starting job on GPU-5. Output: /home/cjj/projects/microbial-embeddings/analysis/Disease_classification_loo/Data/pretraining_datasize/result/PD/datasize_result_1/subset_table_1w/PRJEB14674
train loss 0.40093010663986206, test loss 0.9919005632400513, train auc 0.736, test auc 0.673 train f1 0.687, test f1 0.598 train mcc 0.383, test mcc 0.275 train aupr 0.467, test aupr 0.649 train acc 0.837, test acc 0.615 confusion_matrix [[142 219]
 [ 50 288]]
train loss 0.648933470249176, test loss 0.7236222624778748, train auc 0.668, test auc 0.668 train f1 0.491, test f1 0.613 train mcc 0.201, test mcc 0.229 train aupr 0.651, test aupr 0.323 train acc 0.555, test acc 0.758 confusion_matrix [[349  70]
 [ 53  37]]
    [OB/datasize_result_5/subset_table_2w/PRJEB11419] Job on GPU-7 completed.
    [PD/datasize_result_1/subset_table_1w/PRJEB27564] Starting job on GPU-7. Output: /home/cjj/projects/microbial-embeddings/analysis/Disease_classification_loo/Data/pretraining_datasize/result/PD/datasize_result_1/subset_table_1w/PRJEB27564
train loss 0.6449777483940125, test loss 0.7846226096153259, train auc 0.677, test auc 0.663 train f1 0.570, test f1 0.606 train mcc 0.248, test mcc 0.217 train aupr 0.650, test aupr 0.315 train acc 0.597, test acc 0.750 confusion_matrix [[345  74]
 [ 53  37]]
    [OB/datasize_result_5/subset_table_1w/PRJEB28687] Job on GPU-2 completed.
    [PD/datasize_result_1/subset_table_1w/PRJEB30615] Starting job on GPU-2. Output: /home/cjj/projects/microbial-embeddings/analysis/Disease_classification_loo/Data/pretraining_datasize/result/PD/datasize_result_1/subset_table_1w/PRJEB30615
    [OB/datasize_result_5/subset_table_2w/PRJEB28687] Job on GPU-4 completed.
    [PD/datasize_result_1/subset_table_1w/PRJNA510730] Starting job on GPU-4. Output: /home/cjj/projects/microbial-embeddings/analysis/Disease_classification_loo/Data/pretraining_datasize/result/PD/datasize_result_1/subset_table_1w/PRJNA510730
train loss 0.4158516526222229, test loss 0.9961699843406677, train auc 0.714, test auc 0.666 train f1 0.657, test f1 0.549 train mcc 0.315, test mcc 0.225 train aupr 0.423, test aupr 0.654 train acc 0.807, test acc 0.582 confusion_matrix [[108 253]
 [ 39 299]]
    [OB/datasize_result_5/subset_table_4w/PRJEB11419] Job on GPU-3 completed.
    [PD/datasize_result_1/subset_table_1w/PRJNA594156] Starting job on GPU-3. Output: /home/cjj/projects/microbial-embeddings/analysis/Disease_classification_loo/Data/pretraining_datasize/result/PD/datasize_result_1/subset_table_1w/PRJNA594156
train loss 0.4048541784286499, test loss 1.102433681488037, train auc 0.740, test auc 0.683 train f1 0.648, test f1 0.649 train mcc 0.301, test mcc 0.312 train aupr 0.460, test aupr 0.666 train acc 0.776, test acc 0.651 confusion_matrix [[203 158]
 [ 86 252]]
train loss 0.6270144581794739, test loss 0.8769101500511169, train auc 0.706, test auc 0.675 train f1 0.640, test f1 0.562 train mcc 0.325, test mcc 0.219 train aupr 0.669, test aupr 0.308 train acc 0.648, test acc 0.633 confusion_matrix [[263 156]
 [ 31  59]]
    [OB/datasize_result_5/subset_table_8w/PRJEB11419] Job on GPU-6 completed.
    [PD/datasize_result_1/subset_table_1w/PRJNA742875] Starting job on GPU-6. Output: /home/cjj/projects/microbial-embeddings/analysis/Disease_classification_loo/Data/pretraining_datasize/result/PD/datasize_result_1/subset_table_1w/PRJNA742875
  Processing embedding: subset_table_2w_100 (short name: subset_table_2w)
    [OB/datasize_result_5/subset_table_4w/PRJEB28687] Job on GPU-1 completed.
    [PD/datasize_result_1/subset_table_2w/PRJEB14674] Starting job on GPU-1. Output: /home/cjj/projects/microbial-embeddings/analysis/Disease_classification_loo/Data/pretraining_datasize/result/PD/datasize_result_1/subset_table_2w/PRJEB14674
train loss 0.6305510401725769, test loss 0.8878981471061707, train auc 0.701, test auc 0.680 train f1 0.643, test f1 0.515 train mcc 0.316, test mcc 0.194 train aupr 0.670, test aupr 0.318 train acc 0.648, test acc 0.558 confusion_matrix [[218 201]
 [ 24  66]]
    [OB/datasize_result_5/subset_table_8w/PRJEB28687] Job on GPU-0 completed.
    [PD/datasize_result_1/subset_table_2w/PRJEB27564] Starting job on GPU-0. Output: /home/cjj/projects/microbial-embeddings/analysis/Disease_classification_loo/Data/pretraining_datasize/result/PD/datasize_result_1/subset_table_2w/PRJEB27564
train loss 0.5001180171966553, test loss 0.7395907640457153, train auc 0.827, test auc 0.748 train f1 0.735, test f1 0.671 train mcc 0.476, test mcc 0.361 train aupr 0.876, test aupr 0.820 train acc 0.748, test acc 0.703 confusion_matrix [[ 64  66]
 [ 31 166]]
    [PD/datasize_result_1/subset_table_1w/PRJEB14674] Job on GPU-5 completed.
    [PD/datasize_result_1/subset_table_2w/PRJEB30615] Starting job on GPU-5. Output: /home/cjj/projects/microbial-embeddings/analysis/Disease_classification_loo/Data/pretraining_datasize/result/PD/datasize_result_1/subset_table_2w/PRJEB30615
train loss 0.5551925301551819, test loss 0.6940051317214966, train auc 0.773, test auc 0.686 train f1 0.624, test f1 0.568 train mcc 0.335, test mcc 0.280 train aupr 0.838, test aupr 0.657 train acc 0.692, test acc 0.613 confusion_matrix [[ 37  88]
 [ 10 118]]
    [PD/datasize_result_1/subset_table_1w/PRJEB27564] Job on GPU-7 completed.
    [PD/datasize_result_1/subset_table_2w/PRJNA510730] Starting job on GPU-7. Output: /home/cjj/projects/microbial-embeddings/analysis/Disease_classification_loo/Data/pretraining_datasize/result/PD/datasize_result_1/subset_table_2w/PRJNA510730
train loss 0.507661759853363, test loss 0.8891363143920898, train auc 0.823, test auc 0.864 train f1 0.743, test f1 0.804 train mcc 0.489, test mcc 0.627 train aupr 0.870, test aupr 0.906 train acc 0.754, test acc 0.824 confusion_matrix [[ 65  35]
 [ 10 145]]
train loss 0.6544936895370483, test loss 0.6861640810966492, train auc 0.649, test auc 0.748 train f1 0.405, test f1 0.519 train mcc 0.078, test mcc 0.213 train aupr 0.700, test aupr 0.838 train acc 0.577, test acc 0.694 confusion_matrix [[ 13  83]
 [  5 187]]
train loss 0.485069215297699, test loss 0.8186199069023132, train auc 0.838, test auc 0.646 train f1 0.707, test f1 0.391 train mcc 0.460, test mcc 0.025 train aupr 0.888, test aupr 0.709 train acc 0.740, test acc 0.587 confusion_matrix [[  2  81]
 [  2 116]]
    [PD/datasize_result_1/subset_table_1w/PRJEB30615] Job on GPU-2 completed.
    [PD/datasize_result_1/subset_table_2w/PRJNA594156] Starting job on GPU-2. Output: /home/cjj/projects/microbial-embeddings/analysis/Disease_classification_loo/Data/pretraining_datasize/result/PD/datasize_result_1/subset_table_2w/PRJNA594156
    [PD/datasize_result_1/subset_table_1w/PRJNA510730] Job on GPU-4 completed.
    [PD/datasize_result_1/subset_table_2w/PRJNA742875] Starting job on GPU-4. Output: /home/cjj/projects/microbial-embeddings/analysis/Disease_classification_loo/Data/pretraining_datasize/result/PD/datasize_result_1/subset_table_2w/PRJNA742875
  Processing embedding: subset_table_4w_100 (short name: subset_table_4w)
    [PD/datasize_result_1/subset_table_1w/PRJNA594156] Job on GPU-3 completed.
    [PD/datasize_result_1/subset_table_4w/PRJEB14674] Starting job on GPU-3. Output: /home/cjj/projects/microbial-embeddings/analysis/Disease_classification_loo/Data/pretraining_datasize/result/PD/datasize_result_1/subset_table_4w/PRJEB14674
train loss 0.6356021165847778, test loss 0.6711146831512451, train auc 0.679, test auc 0.669 train f1 0.489, test f1 0.614 train mcc 0.173, test mcc 0.338 train aupr 0.753, test aupr 0.627 train acc 0.632, test acc 0.644 confusion_matrix [[ 46  79]
 [ 11 117]]
train loss 0.5332974195480347, test loss 0.9863118529319763, train auc 0.804, test auc 0.694 train f1 0.723, test f1 0.651 train mcc 0.452, test mcc 0.337 train aupr 0.852, test aupr 0.769 train acc 0.737, test acc 0.694 confusion_matrix [[ 56  74]
 [ 26 171]]
    [PD/datasize_result_1/subset_table_2w/PRJEB27564] Job on GPU-0 completed.
train loss 0.6186061501502991, test loss 0.6740104556083679, train auc 0.700, test auc 0.723 train f1 0.507, test f1 0.688 train mcc 0.194, test mcc 0.382 train aupr 0.774, test aupr 0.718 train acc 0.634, test acc 0.690 confusion_matrix [[52 32]
 [21 66]]
    [PD/datasize_result_1/subset_table_4w/PRJEB27564] Starting job on GPU-0. Output: /home/cjj/projects/microbial-embeddings/analysis/Disease_classification_loo/Data/pretraining_datasize/result/PD/datasize_result_1/subset_table_4w/PRJEB27564
    [PD/datasize_result_1/subset_table_2w/PRJEB14674] Job on GPU-1 completed.
    [PD/datasize_result_1/subset_table_4w/PRJEB30615] Starting job on GPU-1. Output: /home/cjj/projects/microbial-embeddings/analysis/Disease_classification_loo/Data/pretraining_datasize/result/PD/datasize_result_1/subset_table_4w/PRJEB30615
    [PD/datasize_result_1/subset_table_1w/PRJNA742875] Job on GPU-6 completed.
    [PD/datasize_result_1/subset_table_4w/PRJNA510730] Starting job on GPU-6. Output: /home/cjj/projects/microbial-embeddings/analysis/Disease_classification_loo/Data/pretraining_datasize/result/PD/datasize_result_1/subset_table_4w/PRJNA510730
train loss 0.5868194103240967, test loss 0.8433007001876831, train auc 0.745, test auc 0.763 train f1 0.651, test f1 0.694 train mcc 0.337, test mcc 0.400 train aupr 0.796, test aupr 0.800 train acc 0.685, test acc 0.722 confusion_matrix [[ 54  46]
 [ 25 130]]
    [PD/datasize_result_1/subset_table_2w/PRJEB30615] Job on GPU-5 completed.
    [PD/datasize_result_1/subset_table_4w/PRJNA594156] Starting job on GPU-5. Output: /home/cjj/projects/microbial-embeddings/analysis/Disease_classification_loo/Data/pretraining_datasize/result/PD/datasize_result_1/subset_table_4w/PRJNA594156
train loss 0.5798772573471069, test loss 0.8215981125831604, train auc 0.749, test auc 0.665 train f1 0.650, test f1 0.481 train mcc 0.337, test mcc 0.145 train aupr 0.815, test aupr 0.747 train acc 0.687, test acc 0.612 confusion_matrix [[ 11  72]
 [  6 112]]
train loss 0.522638738155365, test loss 0.8044812083244324, train auc 0.803, test auc 0.685 train f1 0.678, test f1 0.634 train mcc 0.402, test mcc 0.349 train aupr 0.864, test aupr 0.659 train acc 0.721, test acc 0.656 confusion_matrix [[ 52  73]
 [ 14 114]]
    [PD/datasize_result_1/subset_table_4w/PRJEB27564] Job on GPU-0 completed.
    [PD/datasize_result_1/subset_table_4w/PRJNA742875] Starting job on GPU-0. Output: /home/cjj/projects/microbial-embeddings/analysis/Disease_classification_loo/Data/pretraining_datasize/result/PD/datasize_result_1/subset_table_4w/PRJNA742875
  Processing embedding: subset_table_8w_100 (short name: subset_table_8w)
    [PD/datasize_result_1/subset_table_2w/PRJNA510730] Job on GPU-7 completed.
    [PD/datasize_result_1/subset_table_8w/PRJEB14674] Starting job on GPU-7. Output: /home/cjj/projects/microbial-embeddings/analysis/Disease_classification_loo/Data/pretraining_datasize/result/PD/datasize_result_1/subset_table_8w/PRJEB14674
train loss 0.6229707598686218, test loss 0.6869118213653564, train auc 0.700, test auc 0.755 train f1 0.603, test f1 0.648 train mcc 0.277, test mcc 0.321 train aupr 0.752, test aupr 0.851 train acc 0.651, test acc 0.719 confusion_matrix [[ 39  57]
 [ 24 168]]
    [PD/datasize_result_1/subset_table_2w/PRJNA594156] Job on GPU-2 completed.
    [PD/datasize_result_1/subset_table_8w/PRJEB27564] Starting job on GPU-2. Output: /home/cjj/projects/microbial-embeddings/analysis/Disease_classification_loo/Data/pretraining_datasize/result/PD/datasize_result_1/subset_table_8w/PRJEB27564
train loss 0.5350902676582336, test loss 0.6242073178291321, train auc 0.791, test auc 0.717 train f1 0.703, test f1 0.638 train mcc 0.425, test mcc 0.338 train aupr 0.842, test aupr 0.787 train acc 0.725, test acc 0.694 confusion_matrix [[ 49  81]
 [ 19 178]]
    [PD/datasize_result_1/subset_table_4w/PRJEB14674] Job on GPU-3 completed.
    [PD/datasize_result_1/subset_table_8w/PRJEB30615] Starting job on GPU-3. Output: /home/cjj/projects/microbial-embeddings/analysis/Disease_classification_loo/Data/pretraining_datasize/result/PD/datasize_result_1/subset_table_8w/PRJEB30615
train loss 0.6368165612220764, test loss 0.6606622934341431, train auc 0.667, test auc 0.752 train f1 0.510, test f1 0.705 train mcc 0.187, test mcc 0.418 train aupr 0.747, test aupr 0.745 train acc 0.632, test acc 0.708 confusion_matrix [[53 31]
 [19 68]]
train loss 0.6119431257247925, test loss 0.7193321585655212, train auc 0.709, test auc 0.654 train f1 0.629, test f1 0.494 train mcc 0.306, test mcc 0.181 train aupr 0.768, test aupr 0.747 train acc 0.674, test acc 0.622 confusion_matrix [[ 12  71]
 [  5 113]]
    [PD/datasize_result_1/subset_table_2w/PRJNA742875] Job on GPU-4 completed.
    [PD/datasize_result_1/subset_table_8w/PRJNA510730] Starting job on GPU-4. Output: /home/cjj/projects/microbial-embeddings/analysis/Disease_classification_loo/Data/pretraining_datasize/result/PD/datasize_result_1/subset_table_8w/PRJNA510730
train loss 0.5867689847946167, test loss 0.9107649326324463, train auc 0.740, test auc 0.786 train f1 0.623, test f1 0.566 train mcc 0.337, test mcc 0.280 train aupr 0.793, test aupr 0.859 train acc 0.681, test acc 0.671 confusion_matrix [[ 23  77]
 [  7 148]]
    [PD/datasize_result_1/subset_table_4w/PRJNA510730] Job on GPU-6 completed.
    [PD/datasize_result_1/subset_table_8w/PRJNA594156] Starting job on GPU-6. Output: /home/cjj/projects/microbial-embeddings/analysis/Disease_classification_loo/Data/pretraining_datasize/result/PD/datasize_result_1/subset_table_8w/PRJNA594156
    [PD/datasize_result_1/subset_table_4w/PRJEB30615] Job on GPU-1 completed.
    [PD/datasize_result_1/subset_table_8w/PRJNA742875] Starting job on GPU-1. Output: /home/cjj/projects/microbial-embeddings/analysis/Disease_classification_loo/Data/pretraining_datasize/result/PD/datasize_result_1/subset_table_8w/PRJNA742875
Processing data size directory: datasize_result_2
  Processing embedding: subset_table_1w_100 (short name: subset_table_1w)
train loss 0.6123775839805603, test loss 0.6323544383049011, train auc 0.720, test auc 0.743 train f1 0.578, test f1 0.642 train mcc 0.274, test mcc 0.329 train aupr 0.765, test aupr 0.832 train acc 0.646, test acc 0.726 confusion_matrix [[ 35  61]
 [ 18 174]]
    [PD/datasize_result_1/subset_table_4w/PRJNA594156] Job on GPU-5 completed.
    [PD/datasize_result_2/subset_table_1w/PRJEB14674] Starting job on GPU-5. Output: /home/cjj/projects/microbial-embeddings/analysis/Disease_classification_loo/Data/pretraining_datasize/result/PD/datasize_result_2/subset_table_1w/PRJEB14674
train loss 0.6051969528198242, test loss 0.692713737487793, train auc 0.718, test auc 0.719 train f1 0.607, test f1 0.569 train mcc 0.283, test mcc 0.278 train aupr 0.784, test aupr 0.724 train acc 0.669, test acc 0.614 confusion_matrix [[25 59]
 [ 7 80]]
    [PD/datasize_result_1/subset_table_4w/PRJNA742875] Job on GPU-0 completed.
    [PD/datasize_result_2/subset_table_1w/PRJEB27564] Starting job on GPU-0. Output: /home/cjj/projects/microbial-embeddings/analysis/Disease_classification_loo/Data/pretraining_datasize/result/PD/datasize_result_2/subset_table_1w/PRJEB27564
train loss 0.466661661863327, test loss 0.7643380761146545, train auc 0.849, test auc 0.723 train f1 0.757, test f1 0.660 train mcc 0.527, test mcc 0.346 train aupr 0.882, test aupr 0.806 train acc 0.772, test acc 0.697 confusion_matrix [[ 60  70]
 [ 29 168]]
    [PD/datasize_result_1/subset_table_8w/PRJEB14674] Job on GPU-7 completed.
    [PD/datasize_result_2/subset_table_1w/PRJEB30615] Starting job on GPU-7. Output: /home/cjj/projects/microbial-embeddings/analysis/Disease_classification_loo/Data/pretraining_datasize/result/PD/datasize_result_2/subset_table_1w/PRJEB30615
train loss 0.5024431943893433, test loss 0.754157543182373, train auc 0.819, test auc 0.695 train f1 0.688, test f1 0.636 train mcc 0.431, test mcc 0.383 train aupr 0.861, test aupr 0.674 train acc 0.733, test acc 0.664 confusion_matrix [[ 49  76]
 [  9 119]]
    [PD/datasize_result_1/subset_table_8w/PRJEB27564] Job on GPU-2 completed.
    [PD/datasize_result_2/subset_table_1w/PRJNA510730] Starting job on GPU-2. Output: /home/cjj/projects/microbial-embeddings/analysis/Disease_classification_loo/Data/pretraining_datasize/result/PD/datasize_result_2/subset_table_1w/PRJNA510730
train loss 0.586594820022583, test loss 0.9963232278823853, train auc 0.745, test auc 0.767 train f1 0.608, test f1 0.679 train mcc 0.315, test mcc 0.379 train aupr 0.791, test aupr 0.827 train acc 0.672, test acc 0.714 confusion_matrix [[ 49  51]
 [ 22 133]]
    [PD/datasize_result_1/subset_table_8w/PRJEB30615] Job on GPU-3 completed.
    [PD/datasize_result_2/subset_table_1w/PRJNA594156] Starting job on GPU-3. Output: /home/cjj/projects/microbial-embeddings/analysis/Disease_classification_loo/Data/pretraining_datasize/result/PD/datasize_result_2/subset_table_1w/PRJNA594156
train loss 0.6795560717582703, test loss 0.6637126803398132, train auc 0.565, test auc 0.756 train f1 0.372, test f1 0.673 train mcc 0.057, test mcc 0.405 train aupr 0.618, test aupr 0.836 train acc 0.571, test acc 0.753 confusion_matrix [[ 37  59]
 [ 12 180]]
train loss 0.5127207636833191, test loss 0.906069815158844, train auc 0.816, test auc 0.695 train f1 0.740, test f1 0.406 train mcc 0.487, test mcc 0.098 train aupr 0.851, test aupr 0.750 train acc 0.755, test acc 0.597 confusion_matrix [[  3  80]
 [  1 117]]
train loss 0.6137994527816772, test loss 0.6787273287773132, train auc 0.708, test auc 0.727 train f1 0.586, test f1 0.636 train mcc 0.255, test mcc 0.363 train aupr 0.777, test aupr 0.724 train acc 0.658, test acc 0.661 confusion_matrix [[34 50]
 [ 8 79]]
    [PD/datasize_result_1/subset_table_8w/PRJNA594156] Job on GPU-6 completed.
    [PD/datasize_result_2/subset_table_1w/PRJNA742875] Starting job on GPU-6. Output: /home/cjj/projects/microbial-embeddings/analysis/Disease_classification_loo/Data/pretraining_datasize/result/PD/datasize_result_2/subset_table_1w/PRJNA742875
  Processing embedding: subset_table_2w_100 (short name: subset_table_2w)
    [PD/datasize_result_1/subset_table_8w/PRJNA510730] Job on GPU-4 completed.
    [PD/datasize_result_2/subset_table_2w/PRJEB14674] Starting job on GPU-4. Output: /home/cjj/projects/microbial-embeddings/analysis/Disease_classification_loo/Data/pretraining_datasize/result/PD/datasize_result_2/subset_table_2w/PRJEB14674
    [PD/datasize_result_1/subset_table_8w/PRJNA742875] Job on GPU-1 completed.
    [PD/datasize_result_2/subset_table_2w/PRJEB27564] Starting job on GPU-1. Output: /home/cjj/projects/microbial-embeddings/analysis/Disease_classification_loo/Data/pretraining_datasize/result/PD/datasize_result_2/subset_table_2w/PRJEB27564
train loss 0.5228462219238281, test loss 0.6535705924034119, train auc 0.802, test auc 0.710 train f1 0.686, test f1 0.660 train mcc 0.401, test mcc 0.348 train aupr 0.857, test aupr 0.697 train acc 0.721, test acc 0.668 confusion_matrix [[ 65  60]
 [ 24 104]]
    [PD/datasize_result_2/subset_table_1w/PRJEB27564] Job on GPU-0 completed.
    [PD/datasize_result_2/subset_table_2w/PRJEB30615] Starting job on GPU-0. Output: /home/cjj/projects/microbial-embeddings/analysis/Disease_classification_loo/Data/pretraining_datasize/result/PD/datasize_result_2/subset_table_2w/PRJEB30615
train loss 0.5330438613891602, test loss 0.7210900187492371, train auc 0.797, test auc 0.695 train f1 0.662, test f1 0.651 train mcc 0.393, test mcc 0.320 train aupr 0.838, test aupr 0.757 train acc 0.706, test acc 0.685 confusion_matrix [[ 61  69]
 [ 34 163]]
    [PD/datasize_result_2/subset_table_1w/PRJEB14674] Job on GPU-5 completed.
    [PD/datasize_result_2/subset_table_2w/PRJNA510730] Starting job on GPU-5. Output: /home/cjj/projects/microbial-embeddings/analysis/Disease_classification_loo/Data/pretraining_datasize/result/PD/datasize_result_2/subset_table_2w/PRJNA510730
train loss 0.528590202331543, test loss 1.2877283096313477, train auc 0.805, test auc 0.770 train f1 0.698, test f1 0.542 train mcc 0.422, test mcc 0.303 train aupr 0.847, test aupr 0.843 train acc 0.723, test acc 0.671 confusion_matrix [[ 18  82]
 [  2 153]]
    [PD/datasize_result_2/subset_table_1w/PRJEB30615] Job on GPU-7 completed.
    [PD/datasize_result_2/subset_table_2w/PRJNA594156] Starting job on GPU-7. Output: /home/cjj/projects/microbial-embeddings/analysis/Disease_classification_loo/Data/pretraining_datasize/result/PD/datasize_result_2/subset_table_2w/PRJNA594156
train loss 0.5668867230415344, test loss 0.632133960723877, train auc 0.769, test auc 0.703 train f1 0.681, test f1 0.532 train mcc 0.384, test mcc 0.204 train aupr 0.811, test aupr 0.791 train acc 0.708, test acc 0.632 confusion_matrix [[ 17  66]
 [  8 110]]
    [PD/datasize_result_2/subset_table_1w/PRJNA510730] Job on GPU-2 completed.
    [PD/datasize_result_2/subset_table_2w/PRJNA742875] Starting job on GPU-2. Output: /home/cjj/projects/microbial-embeddings/analysis/Disease_classification_loo/Data/pretraining_datasize/result/PD/datasize_result_2/subset_table_2w/PRJNA742875
  Processing embedding: subset_table_4w_100 (short name: subset_table_4w)
train loss 0.6031266450881958, test loss 0.6065495610237122, train auc 0.736, test auc 0.743 train f1 0.652, test f1 0.645 train mcc 0.359, test mcc 0.355 train aupr 0.776, test aupr 0.837 train acc 0.688, test acc 0.736 confusion_matrix [[ 33  63]
 [ 13 179]]
train loss 0.5523470640182495, test loss 0.7110753655433655, train auc 0.780, test auc 0.710 train f1 0.675, test f1 0.622 train mcc 0.378, test mcc 0.346 train aupr 0.836, test aupr 0.768 train acc 0.704, test acc 0.694 confusion_matrix [[ 42  88]
 [ 12 185]]
train loss 0.5424516797065735, test loss 0.7042752504348755, train auc 0.787, test auc 0.700 train f1 0.664, test f1 0.615 train mcc 0.371, test mcc 0.353 train aupr 0.853, test aupr 0.690 train acc 0.709, test acc 0.648 confusion_matrix [[ 45  80]
 [  9 119]]
    [PD/datasize_result_2/subset_table_1w/PRJNA594156] Job on GPU-3 completed.
    [PD/datasize_result_2/subset_table_4w/PRJEB14674] Starting job on GPU-3. Output: /home/cjj/projects/microbial-embeddings/analysis/Disease_classification_loo/Data/pretraining_datasize/result/PD/datasize_result_2/subset_table_4w/PRJEB14674
    [PD/datasize_result_2/subset_table_2w/PRJEB14674] Job on GPU-4 completed.
    [PD/datasize_result_2/subset_table_4w/PRJEB27564] Starting job on GPU-4. Output: /home/cjj/projects/microbial-embeddings/analysis/Disease_classification_loo/Data/pretraining_datasize/result/PD/datasize_result_2/subset_table_4w/PRJEB27564
    [PD/datasize_result_2/subset_table_2w/PRJEB27564] Job on GPU-1 completed.
    [PD/datasize_result_2/subset_table_4w/PRJEB30615] Starting job on GPU-1. Output: /home/cjj/projects/microbial-embeddings/analysis/Disease_classification_loo/Data/pretraining_datasize/result/PD/datasize_result_2/subset_table_4w/PRJEB30615
train loss 0.4664342999458313, test loss 0.6709863543510437, train auc 0.848, test auc 0.724 train f1 0.757, test f1 0.695 train mcc 0.526, test mcc 0.392 train aupr 0.892, test aupr 0.726 train acc 0.776, test acc 0.696 confusion_matrix [[55 29]
 [23 64]]
    [PD/datasize_result_2/subset_table_1w/PRJNA742875] Job on GPU-6 completed.
    [PD/datasize_result_2/subset_table_4w/PRJNA510730] Starting job on GPU-6. Output: /home/cjj/projects/microbial-embeddings/analysis/Disease_classification_loo/Data/pretraining_datasize/result/PD/datasize_result_2/subset_table_4w/PRJNA510730
train loss 0.5730911493301392, test loss 0.8727105259895325, train auc 0.761, test auc 0.776 train f1 0.607, test f1 0.711 train mcc 0.315, test mcc 0.424 train aupr 0.810, test aupr 0.859 train acc 0.672, test acc 0.729 confusion_matrix [[ 61  39]
 [ 30 125]]
    [PD/datasize_result_2/subset_table_2w/PRJEB30615] Job on GPU-0 completed.
    [PD/datasize_result_2/subset_table_4w/PRJNA594156] Starting job on GPU-0. Output: /home/cjj/projects/microbial-embeddings/analysis/Disease_classification_loo/Data/pretraining_datasize/result/PD/datasize_result_2/subset_table_4w/PRJNA594156
train loss 0.5910780429840088, test loss 0.7223231792449951, train auc 0.741, test auc 0.679 train f1 0.568, test f1 0.481 train mcc 0.289, test mcc 0.145 train aupr 0.796, test aupr 0.757 train acc 0.659, test acc 0.612 confusion_matrix [[ 11  72]
 [  6 112]]
    [PD/datasize_result_2/subset_table_2w/PRJNA510730] Job on GPU-5 completed.
    [PD/datasize_result_2/subset_table_4w/PRJNA742875] Starting job on GPU-5. Output: /home/cjj/projects/microbial-embeddings/analysis/Disease_classification_loo/Data/pretraining_datasize/result/PD/datasize_result_2/subset_table_4w/PRJNA742875
  Processing embedding: subset_table_8w_100 (short name: subset_table_8w)
train loss 0.6329485177993774, test loss 0.7879272699356079, train auc 0.693, test auc 0.740 train f1 0.580, test f1 0.544 train mcc 0.256, test mcc 0.255 train aupr 0.730, test aupr 0.832 train acc 0.641, test acc 0.705 confusion_matrix [[ 16  80]
 [  5 187]]
    [PD/datasize_result_2/subset_table_2w/PRJNA594156] Job on GPU-7 completed.
    [PD/datasize_result_2/subset_table_8w/PRJEB14674] Starting job on GPU-7. Output: /home/cjj/projects/microbial-embeddings/analysis/Disease_classification_loo/Data/pretraining_datasize/result/PD/datasize_result_2/subset_table_8w/PRJEB14674
train loss 0.5839317440986633, test loss 0.6364865303039551, train auc 0.749, test auc 0.747 train f1 0.614, test f1 0.661 train mcc 0.303, test mcc 0.361 train aupr 0.814, test aupr 0.764 train acc 0.677, test acc 0.673 confusion_matrix [[42 42]
 [14 73]]
    [PD/datasize_result_2/subset_table_2w/PRJNA742875] Job on GPU-2 completed.
    [PD/datasize_result_2/subset_table_8w/PRJEB27564] Starting job on GPU-2. Output: /home/cjj/projects/microbial-embeddings/analysis/Disease_classification_loo/Data/pretraining_datasize/result/PD/datasize_result_2/subset_table_8w/PRJEB27564
train loss 0.5159657597541809, test loss 0.7295666933059692, train auc 0.815, test auc 0.724 train f1 0.733, test f1 0.611 train mcc 0.475, test mcc 0.284 train aupr 0.857, test aupr 0.797 train acc 0.748, test acc 0.673 confusion_matrix [[ 45  85]
 [ 22 175]]
train loss 0.595974862575531, test loss 0.8272923827171326, train auc 0.732, test auc 0.782 train f1 0.508, test f1 0.561 train mcc 0.205, test mcc 0.344 train aupr 0.789, test aupr 0.852 train acc 0.626, test acc 0.682 confusion_matrix [[ 20  80]
 [  1 154]]
train loss 0.36549660563468933, test loss 0.872169017791748, train auc 0.911, test auc 0.745 train f1 0.822, test f1 0.697 train mcc 0.646, test mcc 0.403 train aupr 0.940, test aupr 0.735 train acc 0.833, test acc 0.700 confusion_matrix [[ 77  48]
 [ 28 100]]
    [PD/datasize_result_2/subset_table_4w/PRJEB14674] Job on GPU-3 completed.
    [PD/datasize_result_2/subset_table_8w/PRJEB30615] Starting job on GPU-3. Output: /home/cjj/projects/microbial-embeddings/analysis/Disease_classification_loo/Data/pretraining_datasize/result/PD/datasize_result_2/subset_table_8w/PRJEB30615
    [PD/datasize_result_2/subset_table_4w/PRJEB30615] Job on GPU-1 completed.
    [PD/datasize_result_2/subset_table_8w/PRJNA510730] Starting job on GPU-1. Output: /home/cjj/projects/microbial-embeddings/analysis/Disease_classification_loo/Data/pretraining_datasize/result/PD/datasize_result_2/subset_table_8w/PRJNA510730
    [PD/datasize_result_2/subset_table_4w/PRJEB27564] Job on GPU-4 completed.
    [PD/datasize_result_2/subset_table_8w/PRJNA594156] Starting job on GPU-4. Output: /home/cjj/projects/microbial-embeddings/analysis/Disease_classification_loo/Data/pretraining_datasize/result/PD/datasize_result_2/subset_table_8w/PRJNA594156
train loss 0.5667633414268494, test loss 0.7173120379447937, train auc 0.770, test auc 0.678 train f1 0.662, test f1 0.427 train mcc 0.368, test mcc 0.116 train aupr 0.809, test aupr 0.760 train acc 0.700, test acc 0.602 confusion_matrix [[  5  78]
 [  2 116]]
    [PD/datasize_result_2/subset_table_4w/PRJNA510730] Job on GPU-6 completed.
    [PD/datasize_result_2/subset_table_8w/PRJNA742875] Starting job on GPU-6. Output: /home/cjj/projects/microbial-embeddings/analysis/Disease_classification_loo/Data/pretraining_datasize/result/PD/datasize_result_2/subset_table_8w/PRJNA742875
Processing data size directory: datasize_result_3
  Processing embedding: subset_table_1w_100 (short name: subset_table_1w)
train loss 0.5037904381752014, test loss 1.4168974161148071, train auc 0.825, test auc 0.750 train f1 0.721, test f1 0.573 train mcc 0.487, test mcc 0.265 train aupr 0.855, test aupr 0.838 train acc 0.746, test acc 0.708 confusion_matrix [[ 21  75]
 [  9 183]]
    [PD/datasize_result_2/subset_table_4w/PRJNA594156] Job on GPU-0 completed.
    [PD/datasize_result_3/subset_table_1w/PRJEB14674] Starting job on GPU-0. Output: /home/cjj/projects/microbial-embeddings/analysis/Disease_classification_loo/Data/pretraining_datasize/result/PD/datasize_result_3/subset_table_1w/PRJEB14674
train loss 0.5367653965950012, test loss 0.7261019945144653, train auc 0.795, test auc 0.706 train f1 0.702, test f1 0.660 train mcc 0.432, test mcc 0.352 train aupr 0.838, test aupr 0.766 train acc 0.728, test acc 0.700 confusion_matrix [[ 58  72]
 [ 26 171]]
train loss 0.4716136157512665, test loss 0.6791555285453796, train auc 0.847, test auc 0.745 train f1 0.728, test f1 0.695 train mcc 0.488, test mcc 0.392 train aupr 0.885, test aupr 0.761 train acc 0.757, test acc 0.696 confusion_matrix [[55 29]
 [23 64]]
    [PD/datasize_result_2/subset_table_8w/PRJEB14674] Job on GPU-7 completed.
    [PD/datasize_result_3/subset_table_1w/PRJEB27564] Starting job on GPU-7. Output: /home/cjj/projects/microbial-embeddings/analysis/Disease_classification_loo/Data/pretraining_datasize/result/PD/datasize_result_3/subset_table_1w/PRJEB27564
    [PD/datasize_result_2/subset_table_4w/PRJNA742875] Job on GPU-5 completed.
    [PD/datasize_result_3/subset_table_1w/PRJEB30615] Starting job on GPU-5. Output: /home/cjj/projects/microbial-embeddings/analysis/Disease_classification_loo/Data/pretraining_datasize/result/PD/datasize_result_3/subset_table_1w/PRJEB30615
train loss 0.5144596099853516, test loss 0.7150005102157593, train auc 0.806, test auc 0.693 train f1 0.634, test f1 0.587 train mcc 0.376, test mcc 0.339 train aupr 0.868, test aupr 0.684 train acc 0.705, test acc 0.632 confusion_matrix [[ 38  87]
 [  6 122]]
    [PD/datasize_result_2/subset_table_8w/PRJEB27564] Job on GPU-2 completed.
    [PD/datasize_result_3/subset_table_1w/PRJNA510730] Starting job on GPU-2. Output: /home/cjj/projects/microbial-embeddings/analysis/Disease_classification_loo/Data/pretraining_datasize/result/PD/datasize_result_3/subset_table_1w/PRJNA510730
train loss 0.6186559200286865, test loss 0.703369140625, train auc 0.710, test auc 0.747 train f1 0.572, test f1 0.636 train mcc 0.273, test mcc 0.319 train aupr 0.754, test aupr 0.839 train acc 0.645, test acc 0.722 confusion_matrix [[ 34  62]
 [ 18 174]]
train loss 0.5353191494941711, test loss 0.7650260329246521, train auc 0.794, test auc 0.705 train f1 0.692, test f1 0.604 train mcc 0.426, test mcc 0.308 train aupr 0.840, test aupr 0.748 train acc 0.726, test acc 0.672 confusion_matrix [[ 26  57]
 [  9 109]]
train loss 0.5811256766319275, test loss 0.9512797594070435, train auc 0.755, test auc 0.780 train f1 0.603, test f1 0.623 train mcc 0.309, test mcc 0.348 train aupr 0.791, test aupr 0.846 train acc 0.669, test acc 0.698 confusion_matrix [[ 32  68]
 [  9 146]]
    [PD/datasize_result_2/subset_table_8w/PRJNA594156] Job on GPU-4 completed.
    [PD/datasize_result_3/subset_table_1w/PRJNA594156] Starting job on GPU-4. Output: /home/cjj/projects/microbial-embeddings/analysis/Disease_classification_loo/Data/pretraining_datasize/result/PD/datasize_result_3/subset_table_1w/PRJNA594156
    [PD/datasize_result_2/subset_table_8w/PRJNA510730] Job on GPU-1 completed.
    [PD/datasize_result_3/subset_table_1w/PRJNA742875] Starting job on GPU-1. Output: /home/cjj/projects/microbial-embeddings/analysis/Disease_classification_loo/Data/pretraining_datasize/result/PD/datasize_result_3/subset_table_1w/PRJNA742875
  Processing embedding: subset_table_2w_100 (short name: subset_table_2w)
    [PD/datasize_result_2/subset_table_8w/PRJEB30615] Job on GPU-3 completed.
    [PD/datasize_result_3/subset_table_2w/PRJEB14674] Starting job on GPU-3. Output: /home/cjj/projects/microbial-embeddings/analysis/Disease_classification_loo/Data/pretraining_datasize/result/PD/datasize_result_3/subset_table_2w/PRJEB14674
train loss 0.41172608733177185, test loss 0.9349538683891296, train auc 0.884, test auc 0.712 train f1 0.768, test f1 0.549 train mcc 0.574, test mcc 0.261 train aupr 0.920, test aupr 0.724 train acc 0.794, test acc 0.602 confusion_matrix [[22 62]
 [ 6 81]]
    [PD/datasize_result_2/subset_table_8w/PRJNA742875] Job on GPU-6 completed.
    [PD/datasize_result_3/subset_table_2w/PRJEB27564] Starting job on GPU-6. Output: /home/cjj/projects/microbial-embeddings/analysis/Disease_classification_loo/Data/pretraining_datasize/result/PD/datasize_result_3/subset_table_2w/PRJEB27564
train loss 0.5965346097946167, test loss 0.6486567854881287, train auc 0.740, test auc 0.694 train f1 0.592, test f1 0.609 train mcc 0.300, test mcc 0.284 train aupr 0.793, test aupr 0.763 train acc 0.664, test acc 0.673 confusion_matrix [[ 44  86]
 [ 21 176]]
    [PD/datasize_result_3/subset_table_1w/PRJEB14674] Job on GPU-0 completed.
    [PD/datasize_result_3/subset_table_2w/PRJEB30615] Starting job on GPU-0. Output: /home/cjj/projects/microbial-embeddings/analysis/Disease_classification_loo/Data/pretraining_datasize/result/PD/datasize_result_3/subset_table_2w/PRJEB30615
train loss 0.5078615546226501, test loss 0.8017117977142334, train auc 0.818, test auc 0.707 train f1 0.703, test f1 0.619 train mcc 0.436, test mcc 0.327 train aupr 0.867, test aupr 0.705 train acc 0.737, test acc 0.644 confusion_matrix [[ 49  76]
 [ 14 114]]
    [PD/datasize_result_3/subset_table_1w/PRJEB27564] Job on GPU-7 completed.
    [PD/datasize_result_3/subset_table_2w/PRJNA510730] Starting job on GPU-7. Output: /home/cjj/projects/microbial-embeddings/analysis/Disease_classification_loo/Data/pretraining_datasize/result/PD/datasize_result_3/subset_table_2w/PRJNA510730
train loss 0.6119482517242432, test loss 0.6767441630363464, train auc 0.709, test auc 0.749 train f1 0.586, test f1 0.742 train mcc 0.256, test mcc 0.496 train aupr 0.770, test aupr 0.760 train acc 0.650, test acc 0.765 confusion_matrix [[ 60  40]
 [ 20 135]]
    [PD/datasize_result_3/subset_table_1w/PRJEB30615] Job on GPU-5 completed.
    [PD/datasize_result_3/subset_table_2w/PRJNA594156] Starting job on GPU-5. Output: /home/cjj/projects/microbial-embeddings/analysis/Disease_classification_loo/Data/pretraining_datasize/result/PD/datasize_result_3/subset_table_2w/PRJNA594156
train loss 0.576887845993042, test loss 0.6226903796195984, train auc 0.760, test auc 0.684 train f1 0.634, test f1 0.439 train mcc 0.344, test mcc 0.139 train aupr 0.808, test aupr 0.772 train acc 0.688, test acc 0.607 confusion_matrix [[  6  77]
 [  2 116]]
    [PD/datasize_result_3/subset_table_1w/PRJNA510730] Job on GPU-2 completed.
    [PD/datasize_result_3/subset_table_2w/PRJNA742875] Starting job on GPU-2. Output: /home/cjj/projects/microbial-embeddings/analysis/Disease_classification_loo/Data/pretraining_datasize/result/PD/datasize_result_3/subset_table_2w/PRJNA742875
  Processing embedding: subset_table_4w_100 (short name: subset_table_4w)
train loss 0.6286454200744629, test loss 0.7665459513664246, train auc 0.692, test auc 0.732 train f1 0.513, test f1 0.689 train mcc 0.214, test mcc 0.384 train aupr 0.740, test aupr 0.829 train acc 0.618, test acc 0.736 confusion_matrix [[ 50  46]
 [ 30 162]]
train loss 0.5724295973777771, test loss 0.7469488978385925, train auc 0.763, test auc 0.672 train f1 0.646, test f1 0.618 train mcc 0.346, test mcc 0.292 train aupr 0.796, test aupr 0.741 train acc 0.688, test acc 0.676 confusion_matrix [[ 47  83]
 [ 23 174]]
    [PD/datasize_result_3/subset_table_1w/PRJNA594156] Job on GPU-4 completed.
    [PD/datasize_result_3/subset_table_4w/PRJEB14674] Starting job on GPU-4. Output: /home/cjj/projects/microbial-embeddings/analysis/Disease_classification_loo/Data/pretraining_datasize/result/PD/datasize_result_3/subset_table_4w/PRJEB14674
    [PD/datasize_result_3/subset_table_2w/PRJEB14674] Job on GPU-3 completed.
    [PD/datasize_result_3/subset_table_4w/PRJEB27564] Starting job on GPU-3. Output: /home/cjj/projects/microbial-embeddings/analysis/Disease_classification_loo/Data/pretraining_datasize/result/PD/datasize_result_3/subset_table_4w/PRJEB27564
train loss 0.507441520690918, test loss 0.679161012172699, train auc 0.816, test auc 0.728 train f1 0.689, test f1 0.641 train mcc 0.431, test mcc 0.328 train aupr 0.868, test aupr 0.742 train acc 0.730, test acc 0.655 confusion_matrix [[39 45]
 [14 73]]
train loss 0.4507536292076111, test loss 0.6290440559387207, train auc 0.851, test auc 0.707 train f1 0.742, test f1 0.575 train mcc 0.487, test mcc 0.268 train aupr 0.906, test aupr 0.716 train acc 0.758, test acc 0.613 confusion_matrix [[ 40  85]
 [ 13 115]]
    [PD/datasize_result_3/subset_table_1w/PRJNA742875] Job on GPU-1 completed.
    [PD/datasize_result_3/subset_table_4w/PRJEB30615] Starting job on GPU-1. Output: /home/cjj/projects/microbial-embeddings/analysis/Disease_classification_loo/Data/pretraining_datasize/result/PD/datasize_result_3/subset_table_4w/PRJEB30615
    [PD/datasize_result_3/subset_table_2w/PRJEB27564] Job on GPU-6 completed.
    [PD/datasize_result_3/subset_table_4w/PRJNA510730] Starting job on GPU-6. Output: /home/cjj/projects/microbial-embeddings/analysis/Disease_classification_loo/Data/pretraining_datasize/result/PD/datasize_result_3/subset_table_4w/PRJNA510730
train loss 0.5719221234321594, test loss 1.0419567823410034, train auc 0.763, test auc 0.723 train f1 0.669, test f1 0.467 train mcc 0.370, test mcc 0.210 train aupr 0.816, test aupr 0.811 train acc 0.700, test acc 0.639 confusion_matrix [[  9  91]
 [  1 154]]
    [PD/datasize_result_3/subset_table_2w/PRJEB30615] Job on GPU-0 completed.
    [PD/datasize_result_3/subset_table_4w/PRJNA594156] Starting job on GPU-0. Output: /home/cjj/projects/microbial-embeddings/analysis/Disease_classification_loo/Data/pretraining_datasize/result/PD/datasize_result_3/subset_table_4w/PRJNA594156
train loss 0.5829516649246216, test loss 0.6420924663543701, train auc 0.749, test auc 0.691 train f1 0.653, test f1 0.626 train mcc 0.352, test mcc 0.314 train aupr 0.806, test aupr 0.734 train acc 0.693, test acc 0.677 confusion_matrix [[ 31  52]
 [ 13 105]]
train loss 0.635083019733429, test loss 0.7771196961402893, train auc 0.689, test auc 0.734 train f1 0.556, test f1 0.550 train mcc 0.222, test mcc 0.227 train aupr 0.731, test aupr 0.834 train acc 0.627, test acc 0.698 confusion_matrix [[ 18  78]
 [  9 183]]
    [PD/datasize_result_3/subset_table_2w/PRJNA510730] Job on GPU-7 completed.
    [PD/datasize_result_3/subset_table_4w/PRJNA742875] Starting job on GPU-7. Output: /home/cjj/projects/microbial-embeddings/analysis/Disease_classification_loo/Data/pretraining_datasize/result/PD/datasize_result_3/subset_table_4w/PRJNA742875
  Processing embedding: subset_table_8w_100 (short name: subset_table_8w)
    [PD/datasize_result_3/subset_table_2w/PRJNA594156] Job on GPU-5 completed.
    [PD/datasize_result_3/subset_table_8w/PRJEB14674] Starting job on GPU-5. Output: /home/cjj/projects/microbial-embeddings/analysis/Disease_classification_loo/Data/pretraining_datasize/result/PD/datasize_result_3/subset_table_8w/PRJEB14674
train loss 0.6331968903541565, test loss 0.6691606044769287, train auc 0.666, test auc 0.698 train f1 0.485, test f1 0.581 train mcc 0.164, test mcc 0.284 train aupr 0.731, test aupr 0.699 train acc 0.625, test acc 0.620 confusion_matrix [[27 57]
 [ 8 79]]
    [PD/datasize_result_3/subset_table_2w/PRJNA742875] Job on GPU-2 completed.
    [PD/datasize_result_3/subset_table_8w/PRJEB27564] Starting job on GPU-2. Output: /home/cjj/projects/microbial-embeddings/analysis/Disease_classification_loo/Data/pretraining_datasize/result/PD/datasize_result_3/subset_table_8w/PRJEB27564
train loss 0.43798673152923584, test loss 0.7138574123382568, train auc 0.867, test auc 0.713 train f1 0.778, test f1 0.651 train mcc 0.563, test mcc 0.348 train aupr 0.910, test aupr 0.717 train acc 0.794, test acc 0.664 confusion_matrix [[ 60  65]
 [ 20 108]]
train loss 0.45293715596199036, test loss 0.6378681659698486, train auc 0.855, test auc 0.719 train f1 0.756, test f1 0.568 train mcc 0.527, test mcc 0.246 train aupr 0.896, test aupr 0.805 train acc 0.772, test acc 0.657 confusion_matrix [[ 33  97]
 [ 15 182]]
    [PD/datasize_result_3/subset_table_4w/PRJEB27564] Job on GPU-3 completed.
    [PD/datasize_result_3/subset_table_8w/PRJEB30615] Starting job on GPU-3. Output: /home/cjj/projects/microbial-embeddings/analysis/Disease_classification_loo/Data/pretraining_datasize/result/PD/datasize_result_3/subset_table_8w/PRJEB30615
    [PD/datasize_result_3/subset_table_4w/PRJEB14674] Job on GPU-4 completed.
    [PD/datasize_result_3/subset_table_8w/PRJNA510730] Starting job on GPU-4. Output: /home/cjj/projects/microbial-embeddings/analysis/Disease_classification_loo/Data/pretraining_datasize/result/PD/datasize_result_3/subset_table_8w/PRJNA510730
train loss 0.5672716498374939, test loss 0.9159116744995117, train auc 0.767, test auc 0.787 train f1 0.657, test f1 0.730 train mcc 0.366, test mcc 0.470 train aupr 0.820, test aupr 0.841 train acc 0.697, test acc 0.753 confusion_matrix [[ 59  41]
 [ 22 133]]
    [PD/datasize_result_3/subset_table_4w/PRJEB30615] Job on GPU-1 completed.
    [PD/datasize_result_3/subset_table_8w/PRJNA594156] Starting job on GPU-1. Output: /home/cjj/projects/microbial-embeddings/analysis/Disease_classification_loo/Data/pretraining_datasize/result/PD/datasize_result_3/subset_table_8w/PRJNA594156
train loss 0.5598738193511963, test loss 0.7153446674346924, train auc 0.777, test auc 0.677 train f1 0.681, test f1 0.584 train mcc 0.399, test mcc 0.253 train aupr 0.828, test aupr 0.738 train acc 0.714, test acc 0.652 confusion_matrix [[ 25  58]
 [ 12 106]]
    [PD/datasize_result_3/subset_table_4w/PRJNA510730] Job on GPU-6 completed.
    [PD/datasize_result_3/subset_table_8w/PRJNA742875] Starting job on GPU-6. Output: /home/cjj/projects/microbial-embeddings/analysis/Disease_classification_loo/Data/pretraining_datasize/result/PD/datasize_result_3/subset_table_8w/PRJNA742875
Processing data size directory: datasize_result_4
  Processing embedding: subset_table_1w_100 (short name: subset_table_1w)
train loss 0.6366814374923706, test loss 0.664239227771759, train auc 0.688, test auc 0.735 train f1 0.561, test f1 0.575 train mcc 0.245, test mcc 0.254 train aupr 0.733, test aupr 0.834 train acc 0.635, test acc 0.705 confusion_matrix [[ 22  74]
 [ 11 181]]
    [PD/datasize_result_3/subset_table_4w/PRJNA594156] Job on GPU-0 completed.
    [PD/datasize_result_4/subset_table_1w/PRJEB14674] Starting job on GPU-0. Output: /home/cjj/projects/microbial-embeddings/analysis/Disease_classification_loo/Data/pretraining_datasize/result/PD/datasize_result_4/subset_table_1w/PRJEB14674
train loss 0.5042404532432556, test loss 0.7534387707710266, train auc 0.818, test auc 0.715 train f1 0.690, test f1 0.584 train mcc 0.453, test mcc 0.271 train aupr 0.866, test aupr 0.777 train acc 0.731, test acc 0.667 confusion_matrix [[ 36  94]
 [ 15 182]]
    [PD/datasize_result_3/subset_table_8w/PRJEB14674] Job on GPU-5 completed.
    [PD/datasize_result_4/subset_table_1w/PRJEB27564] Starting job on GPU-5. Output: /home/cjj/projects/microbial-embeddings/analysis/Disease_classification_loo/Data/pretraining_datasize/result/PD/datasize_result_4/subset_table_1w/PRJEB27564
train loss 0.5318205952644348, test loss 0.633175790309906, train auc 0.794, test auc 0.749 train f1 0.651, test f1 0.656 train mcc 0.385, test mcc 0.371 train aupr 0.851, test aupr 0.767 train acc 0.708, test acc 0.673 confusion_matrix [[39 45]
 [11 76]]
    [PD/datasize_result_3/subset_table_4w/PRJNA742875] Job on GPU-7 completed.
    [PD/datasize_result_4/subset_table_1w/PRJEB30615] Starting job on GPU-7. Output: /home/cjj/projects/microbial-embeddings/analysis/Disease_classification_loo/Data/pretraining_datasize/result/PD/datasize_result_4/subset_table_1w/PRJEB30615
train loss 0.4187757074832916, test loss 0.7420944571495056, train auc 0.880, test auc 0.706 train f1 0.775, test f1 0.617 train mcc 0.561, test mcc 0.349 train aupr 0.919, test aupr 0.700 train acc 0.793, test acc 0.648 confusion_matrix [[ 46  79]
 [ 10 118]]
    [PD/datasize_result_3/subset_table_8w/PRJEB27564] Job on GPU-2 completed.
    [PD/datasize_result_4/subset_table_1w/PRJNA510730] Starting job on GPU-2. Output: /home/cjj/projects/microbial-embeddings/analysis/Disease_classification_loo/Data/pretraining_datasize/result/PD/datasize_result_4/subset_table_1w/PRJNA510730
train loss 0.48572325706481934, test loss 1.396340012550354, train auc 0.841, test auc 0.799 train f1 0.763, test f1 0.730 train mcc 0.529, test mcc 0.477 train aupr 0.877, test aupr 0.866 train acc 0.773, test acc 0.757 confusion_matrix [[ 56  44]
 [ 18 137]]
    [PD/datasize_result_3/subset_table_8w/PRJEB30615] Job on GPU-3 completed.
    [PD/datasize_result_4/subset_table_1w/PRJNA594156] Starting job on GPU-3. Output: /home/cjj/projects/microbial-embeddings/analysis/Disease_classification_loo/Data/pretraining_datasize/result/PD/datasize_result_4/subset_table_1w/PRJNA594156
train loss 0.5535678267478943, test loss 0.7155720591545105, train auc 0.778, test auc 0.687 train f1 0.624, test f1 0.600 train mcc 0.354, test mcc 0.293 train aupr 0.837, test aupr 0.748 train acc 0.689, test acc 0.667 confusion_matrix [[ 26  57]
 [ 10 108]]
    [PD/datasize_result_3/subset_table_8w/PRJNA510730] Job on GPU-4 completed.
  Processing embedding: subset_table_2w_100 (short name: subset_table_2w)
    [PD/datasize_result_4/subset_table_1w/PRJNA742875] Starting job on GPU-4. Output: /home/cjj/projects/microbial-embeddings/analysis/Disease_classification_loo/Data/pretraining_datasize/result/PD/datasize_result_4/subset_table_1w/PRJNA742875
train loss 0.6046060919761658, test loss 0.7580192685127258, train auc 0.729, test auc 0.750 train f1 0.582, test f1 0.692 train mcc 0.286, test mcc 0.417 train aupr 0.775, test aupr 0.832 train acc 0.650, test acc 0.757 confusion_matrix [[ 43  53]
 [ 17 175]]
    [PD/datasize_result_3/subset_table_8w/PRJNA594156] Job on GPU-1 completed.
    [PD/datasize_result_4/subset_table_2w/PRJEB14674] Starting job on GPU-1. Output: /home/cjj/projects/microbial-embeddings/analysis/Disease_classification_loo/Data/pretraining_datasize/result/PD/datasize_result_4/subset_table_2w/PRJEB14674
train loss 0.48539334535598755, test loss 0.6749377250671387, train auc 0.833, test auc 0.735 train f1 0.702, test f1 0.600 train mcc 0.461, test mcc 0.302 train aupr 0.882, test aupr 0.749 train acc 0.742, test acc 0.632 confusion_matrix [[30 54]
 [ 9 78]]
    [PD/datasize_result_3/subset_table_8w/PRJNA742875] Job on GPU-6 completed.
    [PD/datasize_result_4/subset_table_2w/PRJEB27564] Starting job on GPU-6. Output: /home/cjj/projects/microbial-embeddings/analysis/Disease_classification_loo/Data/pretraining_datasize/result/PD/datasize_result_4/subset_table_2w/PRJEB27564
train loss 0.4608163833618164, test loss 0.7168781757354736, train auc 0.856, test auc 0.714 train f1 0.732, test f1 0.574 train mcc 0.499, test mcc 0.228 train aupr 0.897, test aupr 0.815 train acc 0.757, test acc 0.651 confusion_matrix [[ 37  93]
 [ 21 176]]
    [PD/datasize_result_4/subset_table_1w/PRJEB14674] Job on GPU-0 completed.
    [PD/datasize_result_4/subset_table_2w/PRJEB30615] Starting job on GPU-0. Output: /home/cjj/projects/microbial-embeddings/analysis/Disease_classification_loo/Data/pretraining_datasize/result/PD/datasize_result_4/subset_table_2w/PRJEB30615
train loss 0.5250231027603149, test loss 0.6350013017654419, train auc 0.803, test auc 0.712 train f1 0.702, test f1 0.593 train mcc 0.425, test mcc 0.347 train aupr 0.867, test aupr 0.699 train acc 0.732, test acc 0.636 confusion_matrix [[ 39  86]
 [  6 122]]
    [PD/datasize_result_4/subset_table_1w/PRJEB27564] Job on GPU-5 completed.
    [PD/datasize_result_4/subset_table_2w/PRJNA510730] Starting job on GPU-5. Output: /home/cjj/projects/microbial-embeddings/analysis/Disease_classification_loo/Data/pretraining_datasize/result/PD/datasize_result_4/subset_table_2w/PRJNA510730
train loss 0.5184881091117859, test loss 1.0173413753509521, train auc 0.814, test auc 0.784 train f1 0.697, test f1 0.550 train mcc 0.434, test mcc 0.315 train aupr 0.858, test aupr 0.864 train acc 0.727, test acc 0.675 confusion_matrix [[ 19  81]
 [  2 153]]
    [PD/datasize_result_4/subset_table_1w/PRJEB30615] Job on GPU-7 completed.
    [PD/datasize_result_4/subset_table_2w/PRJNA594156] Starting job on GPU-7. Output: /home/cjj/projects/microbial-embeddings/analysis/Disease_classification_loo/Data/pretraining_datasize/result/PD/datasize_result_4/subset_table_2w/PRJNA594156
train loss 0.5659680366516113, test loss 0.8196069598197937, train auc 0.769, test auc 0.676 train f1 0.666, test f1 0.584 train mcc 0.358, test mcc 0.240 train aupr 0.831, test aupr 0.752 train acc 0.696, test acc 0.647 confusion_matrix [[ 26  57]
 [ 14 104]]
    [PD/datasize_result_4/subset_table_1w/PRJNA510730] Job on GPU-2 completed.
    [PD/datasize_result_4/subset_table_2w/PRJNA742875] Starting job on GPU-2. Output: /home/cjj/projects/microbial-embeddings/analysis/Disease_classification_loo/Data/pretraining_datasize/result/PD/datasize_result_4/subset_table_2w/PRJNA742875
  Processing embedding: subset_table_4w_100 (short name: subset_table_4w)
train loss 0.6262821555137634, test loss 0.7473828196525574, train auc 0.699, test auc 0.726 train f1 0.550, test f1 0.550 train mcc 0.222, test mcc 0.227 train aupr 0.752, test aupr 0.834 train acc 0.626, test acc 0.698 confusion_matrix [[ 18  78]
 [  9 183]]
    [PD/datasize_result_4/subset_table_1w/PRJNA594156] Job on GPU-3 completed.
    [PD/datasize_result_4/subset_table_4w/PRJEB14674] Starting job on GPU-3. Output: /home/cjj/projects/microbial-embeddings/analysis/Disease_classification_loo/Data/pretraining_datasize/result/PD/datasize_result_4/subset_table_4w/PRJEB14674
train loss 0.35157737135887146, test loss 0.6272748112678528, train auc 0.919, test auc 0.769 train f1 0.833, test f1 0.743 train mcc 0.669, test mcc 0.486 train aupr 0.948, test aupr 0.789 train acc 0.842, test acc 0.743 confusion_matrix [[64 20]
 [24 63]]
train loss 0.5241818428039551, test loss 0.7989001870155334, train auc 0.805, test auc 0.696 train f1 0.687, test f1 0.543 train mcc 0.410, test mcc 0.232 train aupr 0.859, test aupr 0.775 train acc 0.717, test acc 0.651 confusion_matrix [[ 27 103]
 [ 11 186]]
    [PD/datasize_result_4/subset_table_1w/PRJNA742875] Job on GPU-4 completed.
    [PD/datasize_result_4/subset_table_4w/PRJEB27564] Starting job on GPU-4. Output: /home/cjj/projects/microbial-embeddings/analysis/Disease_classification_loo/Data/pretraining_datasize/result/PD/datasize_result_4/subset_table_4w/PRJEB27564
    [PD/datasize_result_4/subset_table_2w/PRJEB14674] Job on GPU-1 completed.
    [PD/datasize_result_4/subset_table_4w/PRJEB30615] Starting job on GPU-1. Output: /home/cjj/projects/microbial-embeddings/analysis/Disease_classification_loo/Data/pretraining_datasize/result/PD/datasize_result_4/subset_table_4w/PRJEB30615
train loss 0.47772055864334106, test loss 0.718934953212738, train auc 0.840, test auc 0.713 train f1 0.747, test f1 0.609 train mcc 0.496, test mcc 0.312 train aupr 0.893, test aupr 0.702 train acc 0.762, test acc 0.636 confusion_matrix [[ 47  78]
 [ 14 114]]
    [PD/datasize_result_4/subset_table_2w/PRJEB27564] Job on GPU-6 completed.
    [PD/datasize_result_4/subset_table_4w/PRJNA510730] Starting job on GPU-6. Output: /home/cjj/projects/microbial-embeddings/analysis/Disease_classification_loo/Data/pretraining_datasize/result/PD/datasize_result_4/subset_table_4w/PRJNA510730
train loss 0.5718637108802795, test loss 1.0326452255249023, train auc 0.760, test auc 0.764 train f1 0.615, test f1 0.580 train mcc 0.324, test mcc 0.261 train aupr 0.811, test aupr 0.844 train acc 0.676, test acc 0.667 confusion_matrix [[ 27  73]
 [ 12 143]]
    [PD/datasize_result_4/subset_table_2w/PRJEB30615] Job on GPU-0 completed.
    [PD/datasize_result_4/subset_table_4w/PRJNA594156] Starting job on GPU-0. Output: /home/cjj/projects/microbial-embeddings/analysis/Disease_classification_loo/Data/pretraining_datasize/result/PD/datasize_result_4/subset_table_4w/PRJNA594156
train loss 0.5204683542251587, test loss 0.7780377864837646, train auc 0.810, test auc 0.691 train f1 0.647, test f1 0.629 train mcc 0.401, test mcc 0.290 train aupr 0.865, test aupr 0.733 train acc 0.706, test acc 0.667 confusion_matrix [[35 48]
 [19 99]]
    [PD/datasize_result_4/subset_table_2w/PRJNA510730] Job on GPU-5 completed.
    [PD/datasize_result_4/subset_table_4w/PRJNA742875] Starting job on GPU-5. Output: /home/cjj/projects/microbial-embeddings/analysis/Disease_classification_loo/Data/pretraining_datasize/result/PD/datasize_result_4/subset_table_4w/PRJNA742875
  Processing embedding: subset_table_8w_100 (short name: subset_table_8w)
train loss 0.6448273062705994, test loss 0.6997222900390625, train auc 0.672, test auc 0.750 train f1 0.438, test f1 0.596 train mcc 0.137, test mcc 0.270 train aupr 0.717, test aupr 0.840 train acc 0.590, test acc 0.708 confusion_matrix [[ 26  70]
 [ 14 178]]
    [PD/datasize_result_4/subset_table_2w/PRJNA594156] Job on GPU-7 completed.
    [PD/datasize_result_4/subset_table_8w/PRJEB14674] Starting job on GPU-7. Output: /home/cjj/projects/microbial-embeddings/analysis/Disease_classification_loo/Data/pretraining_datasize/result/PD/datasize_result_4/subset_table_8w/PRJEB14674
train loss 0.6069630980491638, test loss 0.6659702062606812, train auc 0.720, test auc 0.744 train f1 0.528, test f1 0.687 train mcc 0.212, test mcc 0.383 train aupr 0.790, test aupr 0.744 train acc 0.640, test acc 0.690 confusion_matrix [[51 33]
 [20 67]]
train loss 0.4918060302734375, test loss 0.6114287376403809, train auc 0.828, test auc 0.720 train f1 0.726, test f1 0.586 train mcc 0.474, test mcc 0.280 train aupr 0.871, test aupr 0.790 train acc 0.747, test acc 0.670 confusion_matrix [[ 36  94]
 [ 14 183]]
    [PD/datasize_result_4/subset_table_2w/PRJNA742875] Job on GPU-2 completed.
    [PD/datasize_result_4/subset_table_8w/PRJEB27564] Starting job on GPU-2. Output: /home/cjj/projects/microbial-embeddings/analysis/Disease_classification_loo/Data/pretraining_datasize/result/PD/datasize_result_4/subset_table_8w/PRJEB27564
    [PD/datasize_result_4/subset_table_4w/PRJEB14674] Job on GPU-3 completed.
    [PD/datasize_result_4/subset_table_8w/PRJEB30615] Starting job on GPU-3. Output: /home/cjj/projects/microbial-embeddings/analysis/Disease_classification_loo/Data/pretraining_datasize/result/PD/datasize_result_4/subset_table_8w/PRJEB30615
train loss 0.4036244750022888, test loss 0.8677753806114197, train auc 0.890, test auc 0.697 train f1 0.802, test f1 0.537 train mcc 0.605, test mcc 0.283 train aupr 0.927, test aupr 0.672 train acc 0.812, test acc 0.601 confusion_matrix [[ 29  96]
 [  5 123]]
    [PD/datasize_result_4/subset_table_4w/PRJEB27564] Job on GPU-4 completed.
    [PD/datasize_result_4/subset_table_8w/PRJNA510730] Starting job on GPU-4. Output: /home/cjj/projects/microbial-embeddings/analysis/Disease_classification_loo/Data/pretraining_datasize/result/PD/datasize_result_4/subset_table_8w/PRJNA510730
train loss 0.5391701459884644, test loss 0.6918966770172119, train auc 0.795, test auc 0.879 train f1 0.707, test f1 0.823 train mcc 0.444, test mcc 0.647 train aupr 0.833, test aupr 0.920 train acc 0.733, test acc 0.831 confusion_matrix [[ 79  21]
 [ 22 133]]
    [PD/datasize_result_4/subset_table_4w/PRJEB30615] Job on GPU-1 completed.
    [PD/datasize_result_4/subset_table_8w/PRJNA594156] Starting job on GPU-1. Output: /home/cjj/projects/microbial-embeddings/analysis/Disease_classification_loo/Data/pretraining_datasize/result/PD/datasize_result_4/subset_table_8w/PRJNA594156
train loss 0.3696872889995575, test loss 2.179701328277588, train auc 0.907, test auc 0.699 train f1 0.806, test f1 0.656 train mcc 0.619, test mcc 0.326 train aupr 0.936, test aupr 0.731 train acc 0.817, test acc 0.682 confusion_matrix [[41 42]
 [22 96]]
    [PD/datasize_result_4/subset_table_4w/PRJNA510730] Job on GPU-6 completed.
    [PD/datasize_result_4/subset_table_8w/PRJNA742875] Starting job on GPU-6. Output: /home/cjj/projects/microbial-embeddings/analysis/Disease_classification_loo/Data/pretraining_datasize/result/PD/datasize_result_4/subset_table_8w/PRJNA742875
Processing data size directory: datasize_result_5
  Processing embedding: subset_table_1w_100 (short name: subset_table_1w)
train loss 0.6304752230644226, test loss 0.649623692035675, train auc 0.699, test auc 0.748 train f1 0.609, test f1 0.689 train mcc 0.301, test mcc 0.391 train aupr 0.736, test aupr 0.836 train acc 0.660, test acc 0.743 confusion_matrix [[ 47  49]
 [ 25 167]]
    [PD/datasize_result_4/subset_table_4w/PRJNA594156] Job on GPU-0 completed.
    [PD/datasize_result_5/subset_table_1w/PRJEB14674] Starting job on GPU-0. Output: /home/cjj/projects/microbial-embeddings/analysis/Disease_classification_loo/Data/pretraining_datasize/result/PD/datasize_result_5/subset_table_1w/PRJEB14674
train loss 0.5567052364349365, test loss 0.6484811305999756, train auc 0.778, test auc 0.725 train f1 0.658, test f1 0.507 train mcc 0.388, test mcc 0.248 train aupr 0.835, test aupr 0.736 train acc 0.711, test acc 0.585 confusion_matrix [[16 68]
 [ 3 84]]
    [PD/datasize_result_4/subset_table_4w/PRJNA742875] Job on GPU-5 completed.
    [PD/datasize_result_5/subset_table_1w/PRJEB27564] Starting job on GPU-5. Output: /home/cjj/projects/microbial-embeddings/analysis/Disease_classification_loo/Data/pretraining_datasize/result/PD/datasize_result_5/subset_table_1w/PRJEB27564
train loss 0.3600747585296631, test loss 2.0569875240325928, train auc 0.913, test auc 0.717 train f1 0.818, test f1 0.607 train mcc 0.647, test mcc 0.284 train aupr 0.937, test aupr 0.797 train acc 0.829, test acc 0.673 confusion_matrix [[ 43  87]
 [ 20 177]]
    [PD/datasize_result_4/subset_table_8w/PRJEB14674] Job on GPU-7 completed.
    [PD/datasize_result_5/subset_table_1w/PRJEB30615] Starting job on GPU-7. Output: /home/cjj/projects/microbial-embeddings/analysis/Disease_classification_loo/Data/pretraining_datasize/result/PD/datasize_result_5/subset_table_1w/PRJEB30615
train loss 0.48307380080223083, test loss 0.7399677038192749, train auc 0.837, test auc 0.696 train f1 0.745, test f1 0.654 train mcc 0.494, test mcc 0.360 train aupr 0.882, test aupr 0.706 train acc 0.762, test acc 0.668 confusion_matrix [[ 59  66]
 [ 18 110]]
    [PD/datasize_result_4/subset_table_8w/PRJEB27564] Job on GPU-2 completed.
    [PD/datasize_result_5/subset_table_1w/PRJNA510730] Starting job on GPU-2. Output: /home/cjj/projects/microbial-embeddings/analysis/Disease_classification_loo/Data/pretraining_datasize/result/PD/datasize_result_5/subset_table_1w/PRJNA510730
train loss 0.4353214204311371, test loss 1.7132813930511475, train auc 0.875, test auc 0.809 train f1 0.775, test f1 0.756 train mcc 0.560, test mcc 0.531 train aupr 0.911, test aupr 0.836 train acc 0.788, test acc 0.780 confusion_matrix [[ 59  41]
 [ 15 140]]
    [PD/datasize_result_4/subset_table_8w/PRJEB30615] Job on GPU-3 completed.
    [PD/datasize_result_5/subset_table_1w/PRJNA594156] Starting job on GPU-3. Output: /home/cjj/projects/microbial-embeddings/analysis/Disease_classification_loo/Data/pretraining_datasize/result/PD/datasize_result_5/subset_table_1w/PRJNA594156
train loss 0.5463584065437317, test loss 0.7483049631118774, train auc 0.789, test auc 0.690 train f1 0.680, test f1 0.645 train mcc 0.404, test mcc 0.313 train aupr 0.839, test aupr 0.735 train acc 0.716, test acc 0.677 confusion_matrix [[38 45]
 [20 98]]
train loss 0.6397677063941956, test loss 0.7637766003608704, train auc 0.683, test auc 0.756 train f1 0.504, test f1 0.636 train mcc 0.203, test mcc 0.319 train aupr 0.713, test aupr 0.841 train acc 0.614, test acc 0.722 confusion_matrix [[ 34  62]
 [ 18 174]]
    [PD/datasize_result_4/subset_table_8w/PRJNA510730] Job on GPU-4 completed.
    [PD/datasize_result_5/subset_table_1w/PRJNA742875] Starting job on GPU-4. Output: /home/cjj/projects/microbial-embeddings/analysis/Disease_classification_loo/Data/pretraining_datasize/result/PD/datasize_result_5/subset_table_1w/PRJNA742875
  Processing embedding: subset_table_2w_100 (short name: subset_table_2w)
    [PD/datasize_result_4/subset_table_8w/PRJNA594156] Job on GPU-1 completed.
    [PD/datasize_result_5/subset_table_2w/PRJEB14674] Starting job on GPU-1. Output: /home/cjj/projects/microbial-embeddings/analysis/Disease_classification_loo/Data/pretraining_datasize/result/PD/datasize_result_5/subset_table_2w/PRJEB14674
train loss 0.4812278747558594, test loss 0.6275438070297241, train auc 0.836, test auc 0.732 train f1 0.723, test f1 0.592 train mcc 0.477, test mcc 0.291 train aupr 0.886, test aupr 0.753 train acc 0.752, test acc 0.626 confusion_matrix [[29 55]
 [ 9 78]]
    [PD/datasize_result_4/subset_table_8w/PRJNA742875] Job on GPU-6 completed.
    [PD/datasize_result_5/subset_table_2w/PRJEB27564] Starting job on GPU-6. Output: /home/cjj/projects/microbial-embeddings/analysis/Disease_classification_loo/Data/pretraining_datasize/result/PD/datasize_result_5/subset_table_2w/PRJEB27564
train loss 0.5766401886940002, test loss 0.9019809365272522, train auc 0.760, test auc 0.693 train f1 0.641, test f1 0.455 train mcc 0.360, test mcc 0.150 train aupr 0.816, test aupr 0.774 train acc 0.692, test acc 0.624 confusion_matrix [[ 11 119]
 [  4 193]]
    [PD/datasize_result_5/subset_table_1w/PRJEB14674] Job on GPU-0 completed.
    [PD/datasize_result_5/subset_table_2w/PRJEB30615] Starting job on GPU-0. Output: /home/cjj/projects/microbial-embeddings/analysis/Disease_classification_loo/Data/pretraining_datasize/result/PD/datasize_result_5/subset_table_2w/PRJEB30615
train loss 0.4282694160938263, test loss 0.60721755027771, train auc 0.875, test auc 0.725 train f1 0.762, test f1 0.614 train mcc 0.542, test mcc 0.319 train aupr 0.921, test aupr 0.746 train acc 0.784, test acc 0.640 confusion_matrix [[ 48  77]
 [ 14 114]]
    [PD/datasize_result_5/subset_table_1w/PRJEB27564] Job on GPU-5 completed.
    [PD/datasize_result_5/subset_table_2w/PRJNA510730] Starting job on GPU-5. Output: /home/cjj/projects/microbial-embeddings/analysis/Disease_classification_loo/Data/pretraining_datasize/result/PD/datasize_result_5/subset_table_2w/PRJNA510730
train loss 0.4978722929954529, test loss 1.5661942958831787, train auc 0.830, test auc 0.704 train f1 0.748, test f1 0.474 train mcc 0.498, test mcc 0.201 train aupr 0.876, test aupr 0.811 train acc 0.758, test acc 0.639 confusion_matrix [[ 10  90]
 [  2 153]]
    [PD/datasize_result_5/subset_table_1w/PRJEB30615] Job on GPU-7 completed.
    [PD/datasize_result_5/subset_table_2w/PRJNA594156] Starting job on GPU-7. Output: /home/cjj/projects/microbial-embeddings/analysis/Disease_classification_loo/Data/pretraining_datasize/result/PD/datasize_result_5/subset_table_2w/PRJNA594156
train loss 0.509249210357666, test loss 0.9822046160697937, train auc 0.819, test auc 0.678 train f1 0.729, test f1 0.564 train mcc 0.465, test mcc 0.228 train aupr 0.876, test aupr 0.721 train acc 0.744, test acc 0.642 confusion_matrix [[ 22  61]
 [ 11 107]]
train loss 0.6471030116081238, test loss 0.7643025517463684, train auc 0.666, test auc 0.767 train f1 0.445, test f1 0.700 train mcc 0.136, test mcc 0.410 train aupr 0.698, test aupr 0.848 train acc 0.591, test acc 0.750 confusion_matrix [[ 49  47]
 [ 25 167]]
    [PD/datasize_result_5/subset_table_1w/PRJNA510730] Job on GPU-2 completed.
    [PD/datasize_result_5/subset_table_2w/PRJNA742875] Starting job on GPU-2. Output: /home/cjj/projects/microbial-embeddings/analysis/Disease_classification_loo/Data/pretraining_datasize/result/PD/datasize_result_5/subset_table_2w/PRJNA742875
  Processing embedding: subset_table_4w_100 (short name: subset_table_4w)
    [PD/datasize_result_5/subset_table_1w/PRJNA594156] Job on GPU-3 completed.
    [PD/datasize_result_5/subset_table_4w/PRJEB14674] Starting job on GPU-3. Output: /home/cjj/projects/microbial-embeddings/analysis/Disease_classification_loo/Data/pretraining_datasize/result/PD/datasize_result_5/subset_table_4w/PRJEB14674
train loss 0.547679603099823, test loss 0.8265433311462402, train auc 0.786, test auc 0.736 train f1 0.657, test f1 0.628 train mcc 0.385, test mcc 0.315 train aupr 0.831, test aupr 0.798 train acc 0.703, test acc 0.685 confusion_matrix [[ 48  82]
 [ 21 176]]
train loss 0.47533971071243286, test loss 0.6762498617172241, train auc 0.844, test auc 0.721 train f1 0.752, test f1 0.467 train mcc 0.512, test mcc 0.192 train aupr 0.894, test aupr 0.756 train acc 0.769, test acc 0.561 confusion_matrix [[12 72]
 [ 3 84]]
    [PD/datasize_result_5/subset_table_2w/PRJEB14674] Job on GPU-1 completed.
    [PD/datasize_result_5/subset_table_4w/PRJEB27564] Starting job on GPU-1. Output: /home/cjj/projects/microbial-embeddings/analysis/Disease_classification_loo/Data/pretraining_datasize/result/PD/datasize_result_5/subset_table_4w/PRJEB27564
    [PD/datasize_result_5/subset_table_1w/PRJNA742875] Job on GPU-4 completed.
    [PD/datasize_result_5/subset_table_4w/PRJEB30615] Starting job on GPU-4. Output: /home/cjj/projects/microbial-embeddings/analysis/Disease_classification_loo/Data/pretraining_datasize/result/PD/datasize_result_5/subset_table_4w/PRJEB30615
train loss 0.5613594055175781, test loss 0.7331216335296631, train auc 0.764, test auc 0.689 train f1 0.619, test f1 0.636 train mcc 0.334, test mcc 0.363 train aupr 0.830, test aupr 0.675 train acc 0.691, test acc 0.660 confusion_matrix [[ 51  74]
 [ 12 116]]
    [PD/datasize_result_5/subset_table_2w/PRJEB27564] Job on GPU-6 completed.
    [PD/datasize_result_5/subset_table_4w/PRJNA510730] Starting job on GPU-6. Output: /home/cjj/projects/microbial-embeddings/analysis/Disease_classification_loo/Data/pretraining_datasize/result/PD/datasize_result_5/subset_table_4w/PRJNA510730
train loss 0.5998246669769287, test loss 0.8985633850097656, train auc 0.729, test auc 0.773 train f1 0.588, test f1 0.613 train mcc 0.267, test mcc 0.313 train aupr 0.784, test aupr 0.836 train acc 0.654, test acc 0.686 confusion_matrix [[ 32  68]
 [ 12 143]]
    [PD/datasize_result_5/subset_table_2w/PRJEB30615] Job on GPU-0 completed.
    [PD/datasize_result_5/subset_table_4w/PRJNA594156] Starting job on GPU-0. Output: /home/cjj/projects/microbial-embeddings/analysis/Disease_classification_loo/Data/pretraining_datasize/result/PD/datasize_result_5/subset_table_4w/PRJNA594156
train loss 0.5423994064331055, test loss 0.8162873387336731, train auc 0.789, test auc 0.701 train f1 0.666, test f1 0.633 train mcc 0.388, test mcc 0.325 train aupr 0.835, test aupr 0.745 train acc 0.708, test acc 0.682 confusion_matrix [[ 32  51]
 [ 13 105]]
    [PD/datasize_result_5/subset_table_2w/PRJNA510730] Job on GPU-5 completed.
    [PD/datasize_result_5/subset_table_4w/PRJNA742875] Starting job on GPU-5. Output: /home/cjj/projects/microbial-embeddings/analysis/Disease_classification_loo/Data/pretraining_datasize/result/PD/datasize_result_5/subset_table_4w/PRJNA742875
  Processing embedding: subset_table_8w_100 (short name: subset_table_8w)
train loss 0.6047378182411194, test loss 0.722632110118866, train auc 0.729, test auc 0.750 train f1 0.588, test f1 0.672 train mcc 0.285, test mcc 0.380 train aupr 0.777, test aupr 0.840 train acc 0.651, test acc 0.743 confusion_matrix [[ 40  56]
 [ 18 174]]
    [PD/datasize_result_5/subset_table_2w/PRJNA594156] Job on GPU-7 completed.
    [PD/datasize_result_5/subset_table_8w/PRJEB14674] Starting job on GPU-7. Output: /home/cjj/projects/microbial-embeddings/analysis/Disease_classification_loo/Data/pretraining_datasize/result/PD/datasize_result_5/subset_table_8w/PRJEB14674
train loss 0.5195664763450623, test loss 0.7031766176223755, train auc 0.808, test auc 0.720 train f1 0.671, test f1 0.623 train mcc 0.408, test mcc 0.300 train aupr 0.863, test aupr 0.790 train acc 0.713, test acc 0.679 confusion_matrix [[ 48  82]
 [ 23 174]]
train loss 0.46178770065307617, test loss 0.8288628458976746, train auc 0.848, test auc 0.743 train f1 0.732, test f1 0.676 train mcc 0.517, test mcc 0.381 train aupr 0.890, test aupr 0.758 train acc 0.767, test acc 0.684 confusion_matrix [[45 39]
 [15 72]]
    [PD/datasize_result_5/subset_table_4w/PRJEB14674] Job on GPU-3 completed.
    [PD/datasize_result_5/subset_table_8w/PRJEB27564] Starting job on GPU-3. Output: /home/cjj/projects/microbial-embeddings/analysis/Disease_classification_loo/Data/pretraining_datasize/result/PD/datasize_result_5/subset_table_8w/PRJEB27564
train loss 0.46750950813293457, test loss 0.765137791633606, train auc 0.845, test auc 0.679 train f1 0.751, test f1 0.623 train mcc 0.505, test mcc 0.303 train aupr 0.899, test aupr 0.689 train acc 0.766, test acc 0.640 confusion_matrix [[ 54  71]
 [ 20 108]]
    [PD/datasize_result_5/subset_table_2w/PRJNA742875] Job on GPU-2 completed.
    [PD/datasize_result_5/subset_table_8w/PRJEB30615] Starting job on GPU-2. Output: /home/cjj/projects/microbial-embeddings/analysis/Disease_classification_loo/Data/pretraining_datasize/result/PD/datasize_result_5/subset_table_8w/PRJEB30615
    [PD/datasize_result_5/subset_table_4w/PRJEB27564] Job on GPU-1 completed.
    [PD/datasize_result_5/subset_table_8w/PRJNA510730] Starting job on GPU-1. Output: /home/cjj/projects/microbial-embeddings/analysis/Disease_classification_loo/Data/pretraining_datasize/result/PD/datasize_result_5/subset_table_8w/PRJNA510730
train loss 0.6016076803207397, test loss 0.7437268495559692, train auc 0.730, test auc 0.762 train f1 0.669, test f1 0.568 train mcc 0.359, test mcc 0.313 train aupr 0.778, test aupr 0.855 train acc 0.695, test acc 0.678 confusion_matrix [[ 22  78]
 [  4 151]]
    [PD/datasize_result_5/subset_table_4w/PRJEB30615] Job on GPU-4 completed.
    [PD/datasize_result_5/subset_table_8w/PRJNA594156] Starting job on GPU-4. Output: /home/cjj/projects/microbial-embeddings/analysis/Disease_classification_loo/Data/pretraining_datasize/result/PD/datasize_result_5/subset_table_8w/PRJNA594156
train loss 0.6076564788818359, test loss 0.6454843878746033, train auc 0.717, test auc 0.686 train f1 0.575, test f1 0.558 train mcc 0.267, test mcc 0.246 train aupr 0.780, test aupr 0.768 train acc 0.655, test acc 0.647 confusion_matrix [[ 20  63]
 [  8 110]]
    [PD/datasize_result_5/subset_table_4w/PRJNA510730] Job on GPU-6 completed.
Processing disease: SZ
    [PD/datasize_result_5/subset_table_8w/PRJNA742875] Starting job on GPU-6. Output: /home/cjj/projects/microbial-embeddings/analysis/Disease_classification_loo/Data/pretraining_datasize/result/PD/datasize_result_5/subset_table_8w/PRJNA742875
Found studies for SZ: PRJCA000673 PRJNA807473 PRJNA880407 PRJNA896324
Processing data size directory: datasize_result_1
  Processing embedding: subset_table_1w_100 (short name: subset_table_1w)
train loss 0.6079725027084351, test loss 0.639789879322052, train auc 0.724, test auc 0.746 train f1 0.606, test f1 0.605 train mcc 0.285, test mcc 0.291 train aupr 0.777, test aupr 0.843 train acc 0.655, test acc 0.715 confusion_matrix [[ 27  69]
 [ 13 179]]
    [PD/datasize_result_5/subset_table_4w/PRJNA594156] Job on GPU-0 completed.
    [SZ/datasize_result_1/subset_table_1w/PRJCA000673] Starting job on GPU-0. Output: /home/cjj/projects/microbial-embeddings/analysis/Disease_classification_loo/Data/pretraining_datasize/result/SZ/datasize_result_1/subset_table_1w/PRJCA000673
train loss 0.590530514717102, test loss 0.6701172590255737, train auc 0.741, test auc 0.724 train f1 0.598, test f1 0.581 train mcc 0.300, test mcc 0.284 train aupr 0.808, test aupr 0.729 train acc 0.674, test acc 0.620 confusion_matrix [[27 57]
 [ 8 79]]
    [PD/datasize_result_5/subset_table_4w/PRJNA742875] Job on GPU-5 completed.
    [SZ/datasize_result_1/subset_table_1w/PRJNA807473] Starting job on GPU-5. Output: /home/cjj/projects/microbial-embeddings/analysis/Disease_classification_loo/Data/pretraining_datasize/result/SZ/datasize_result_1/subset_table_1w/PRJNA807473
train loss 0.5192492604255676, test loss 0.6724175214767456, train auc 0.810, test auc 0.718 train f1 0.686, test f1 0.633 train mcc 0.433, test mcc 0.331 train aupr 0.855, test aupr 0.788 train acc 0.724, test acc 0.691 confusion_matrix [[ 48  82]
 [ 19 178]]
    [PD/datasize_result_5/subset_table_8w/PRJEB14674] Job on GPU-7 completed.
    [SZ/datasize_result_1/subset_table_1w/PRJNA880407] Starting job on GPU-7. Output: /home/cjj/projects/microbial-embeddings/analysis/Disease_classification_loo/Data/pretraining_datasize/result/SZ/datasize_result_1/subset_table_1w/PRJNA880407
train loss 0.4849746823310852, test loss 0.8068680167198181, train auc 0.832, test auc 0.701 train f1 0.706, test f1 0.624 train mcc 0.437, test mcc 0.334 train aupr 0.887, test aupr 0.705 train acc 0.738, test acc 0.648 confusion_matrix [[ 50  75]
 [ 14 114]]
    [PD/datasize_result_5/subset_table_8w/PRJEB27564] Job on GPU-3 completed.
    [SZ/datasize_result_1/subset_table_1w/PRJNA896324] Starting job on GPU-3. Output: /home/cjj/projects/microbial-embeddings/analysis/Disease_classification_loo/Data/pretraining_datasize/result/SZ/datasize_result_1/subset_table_1w/PRJNA896324
  Processing embedding: subset_table_2w_100 (short name: subset_table_2w)
train loss 0.6162310242652893, test loss 0.7319328784942627, train auc 0.707, test auc 0.749 train f1 0.572, test f1 0.594 train mcc 0.261, test mcc 0.340 train aupr 0.763, test aupr 0.827 train acc 0.650, test acc 0.690 confusion_matrix [[ 26  74]
 [  5 150]]
    [PD/datasize_result_5/subset_table_8w/PRJEB30615] Job on GPU-2 completed.
    [SZ/datasize_result_1/subset_table_2w/PRJCA000673] Starting job on GPU-2. Output: /home/cjj/projects/microbial-embeddings/analysis/Disease_classification_loo/Data/pretraining_datasize/result/SZ/datasize_result_1/subset_table_2w/PRJCA000673
train loss 0.5456798076629639, test loss 0.7820823192596436, train auc 0.784, test auc 0.680 train f1 0.675, test f1 0.469 train mcc 0.375, test mcc 0.172 train aupr 0.849, test aupr 0.732 train acc 0.704, test acc 0.617 confusion_matrix [[  9  74]
 [  3 115]]
    [PD/datasize_result_5/subset_table_8w/PRJNA510730] Job on GPU-1 completed.
    [SZ/datasize_result_1/subset_table_2w/PRJNA807473] Starting job on GPU-1. Output: /home/cjj/projects/microbial-embeddings/analysis/Disease_classification_loo/Data/pretraining_datasize/result/SZ/datasize_result_1/subset_table_2w/PRJNA807473
train loss 0.5896477699279785, test loss 0.6820082664489746, train auc 0.752, test auc 0.752 train f1 0.639, test f1 0.523 train mcc 0.350, test mcc 0.247 train aupr 0.795, test aupr 0.838 train acc 0.682, test acc 0.701 confusion_matrix [[ 13  83]
 [  3 189]]
    [PD/datasize_result_5/subset_table_8w/PRJNA594156] Job on GPU-4 completed.
    [SZ/datasize_result_1/subset_table_2w/PRJNA880407] Starting job on GPU-4. Output: /home/cjj/projects/microbial-embeddings/analysis/Disease_classification_loo/Data/pretraining_datasize/result/SZ/datasize_result_1/subset_table_2w/PRJNA880407
train loss 0.3372077941894531, test loss 0.7841154336929321, train auc 0.950, test auc 0.734 train f1 0.871, test f1 0.585 train mcc 0.742, test mcc 0.290 train aupr 0.962, test aupr 0.780 train acc 0.873, test acc 0.641 confusion_matrix [[16 37]
 [ 5 59]]
train loss 0.4778617322444916, test loss 0.7455803155899048, train auc 0.840, test auc 0.743 train f1 0.744, test f1 0.544 train mcc 0.505, test mcc 0.268 train aupr 0.886, test aupr 0.761 train acc 0.766, test acc 0.602 confusion_matrix [[21 63]
 [ 5 82]]
    [SZ/datasize_result_1/subset_table_1w/PRJCA000673] Job on GPU-0 completed.
    [SZ/datasize_result_1/subset_table_2w/PRJNA896324] Starting job on GPU-0. Output: /home/cjj/projects/microbial-embeddings/analysis/Disease_classification_loo/Data/pretraining_datasize/result/SZ/datasize_result_1/subset_table_2w/PRJNA896324
  Processing embedding: subset_table_4w_100 (short name: subset_table_4w)
    [PD/datasize_result_5/subset_table_8w/PRJNA742875] Job on GPU-6 completed.
    [SZ/datasize_result_1/subset_table_4w/PRJCA000673] Starting job on GPU-6. Output: /home/cjj/projects/microbial-embeddings/analysis/Disease_classification_loo/Data/pretraining_datasize/result/SZ/datasize_result_1/subset_table_4w/PRJCA000673
train loss 0.5192219614982605, test loss 0.5181748867034912, train auc 0.843, test auc 0.809 train f1 0.769, test f1 0.764 train mcc 0.563, test mcc 0.549 train aupr 0.844, test aupr 0.835 train acc 0.781, test acc 0.776 confusion_matrix [[44 27]
 [ 9 81]]
    [SZ/datasize_result_1/subset_table_1w/PRJNA807473] Job on GPU-5 completed.
    [SZ/datasize_result_1/subset_table_4w/PRJNA807473] Starting job on GPU-5. Output: /home/cjj/projects/microbial-embeddings/analysis/Disease_classification_loo/Data/pretraining_datasize/result/SZ/datasize_result_1/subset_table_4w/PRJNA807473
train loss 0.3829174041748047, test loss 0.6771236658096313, train auc 0.911, test auc 0.732 train f1 0.826, test f1 0.662 train mcc 0.665, test mcc 0.356 train aupr 0.936, test aupr 0.750 train acc 0.835, test acc 0.670 confusion_matrix [[26 24]
 [ 9 41]]
    [SZ/datasize_result_1/subset_table_1w/PRJNA880407] Job on GPU-7 completed.
    [SZ/datasize_result_1/subset_table_4w/PRJNA880407] Starting job on GPU-7. Output: /home/cjj/projects/microbial-embeddings/analysis/Disease_classification_loo/Data/pretraining_datasize/result/SZ/datasize_result_1/subset_table_4w/PRJNA880407
train loss 0.5709397792816162, test loss 0.6710129976272583, train auc 0.868, test auc 0.713 train f1 0.808, test f1 0.653 train mcc 0.624, test mcc 0.323 train aupr 0.873, test aupr 0.780 train acc 0.812, test acc 0.700 confusion_matrix [[10 12]
 [ 6 32]]
    [SZ/datasize_result_1/subset_table_1w/PRJNA896324] Job on GPU-3 completed.
    [SZ/datasize_result_1/subset_table_4w/PRJNA896324] Starting job on GPU-3. Output: /home/cjj/projects/microbial-embeddings/analysis/Disease_classification_loo/Data/pretraining_datasize/result/SZ/datasize_result_1/subset_table_4w/PRJNA896324
  Processing embedding: subset_table_8w_100 (short name: subset_table_8w)
train loss 0.08331296592950821, test loss 1.1254981756210327, train auc 0.996, test auc 0.811 train f1 0.972, test f1 0.719 train mcc 0.943, test mcc 0.472 train aupr 0.997, test aupr 0.841 train acc 0.972, test acc 0.735 confusion_matrix [[29 24]
 [ 7 57]]
train loss 0.5723994374275208, test loss 0.5457783937454224, train auc 0.830, test auc 0.894 train f1 0.772, test f1 0.843 train mcc 0.548, test mcc 0.686 train aupr 0.837, test aupr 0.921 train acc 0.777, test acc 0.845 confusion_matrix [[59 12]
 [13 77]]
    [SZ/datasize_result_1/subset_table_2w/PRJCA000673] Job on GPU-2 completed.
    [SZ/datasize_result_1/subset_table_8w/PRJCA000673] Starting job on GPU-2. Output: /home/cjj/projects/microbial-embeddings/analysis/Disease_classification_loo/Data/pretraining_datasize/result/SZ/datasize_result_1/subset_table_8w/PRJCA000673
    [SZ/datasize_result_1/subset_table_2w/PRJNA807473] Job on GPU-1 completed.
    [SZ/datasize_result_1/subset_table_8w/PRJNA807473] Starting job on GPU-1. Output: /home/cjj/projects/microbial-embeddings/analysis/Disease_classification_loo/Data/pretraining_datasize/result/SZ/datasize_result_1/subset_table_8w/PRJNA807473
train loss 0.17692440748214722, test loss 2.49106764793396, train auc 0.981, test auc 0.743 train f1 0.941, test f1 0.728 train mcc 0.883, test mcc 0.457 train aupr 0.984, test aupr 0.773 train acc 0.942, test acc 0.750 confusion_matrix [[14  8]
 [ 7 31]]
    [SZ/datasize_result_1/subset_table_2w/PRJNA896324] Job on GPU-0 completed.
    [SZ/datasize_result_1/subset_table_8w/PRJNA880407] Starting job on GPU-0. Output: /home/cjj/projects/microbial-embeddings/analysis/Disease_classification_loo/Data/pretraining_datasize/result/SZ/datasize_result_1/subset_table_8w/PRJNA880407
train loss 0.46315526962280273, test loss 0.8098013997077942, train auc 0.899, test auc 0.668 train f1 0.836, test f1 0.646 train mcc 0.674, test mcc 0.349 train aupr 0.922, test aupr 0.688 train acc 0.841, test acc 0.660 confusion_matrix [[23 27]
 [ 7 43]]
    [SZ/datasize_result_1/subset_table_2w/PRJNA880407] Job on GPU-4 completed.
    [SZ/datasize_result_1/subset_table_8w/PRJNA896324] Starting job on GPU-4. Output: /home/cjj/projects/microbial-embeddings/analysis/Disease_classification_loo/Data/pretraining_datasize/result/SZ/datasize_result_1/subset_table_8w/PRJNA896324
Processing data size directory: datasize_result_2
  Processing embedding: subset_table_1w_100 (short name: subset_table_1w)
train loss 0.290473997592926, test loss 1.0558772087097168, train auc 0.993, test auc 0.763 train f1 0.965, test f1 0.662 train mcc 0.931, test mcc 0.392 train aupr 0.995, test aupr 0.796 train acc 0.966, test acc 0.692 confusion_matrix [[23 30]
 [ 6 58]]
    [SZ/datasize_result_1/subset_table_4w/PRJCA000673] Job on GPU-6 completed.
    [SZ/datasize_result_2/subset_table_1w/PRJCA000673] Starting job on GPU-6. Output: /home/cjj/projects/microbial-embeddings/analysis/Disease_classification_loo/Data/pretraining_datasize/result/SZ/datasize_result_2/subset_table_1w/PRJCA000673
train loss 0.14883072674274445, test loss 1.0499043464660645, train auc 0.980, test auc 0.701 train f1 0.967, test f1 0.534 train mcc 0.935, test mcc 0.209 train aupr 0.977, test aupr 0.779 train acc 0.968, test acc 0.615 confusion_matrix [[16 55]
 [ 7 83]]
    [SZ/datasize_result_1/subset_table_4w/PRJNA807473] Job on GPU-5 completed.
    [SZ/datasize_result_2/subset_table_1w/PRJNA807473] Starting job on GPU-5. Output: /home/cjj/projects/microbial-embeddings/analysis/Disease_classification_loo/Data/pretraining_datasize/result/SZ/datasize_result_2/subset_table_1w/PRJNA807473
train loss 0.08666083216667175, test loss 1.815442442893982, train auc 0.994, test auc 0.725 train f1 0.979, test f1 0.640 train mcc 0.958, test mcc 0.417 train aupr 0.996, test aupr 0.729 train acc 0.979, test acc 0.670 confusion_matrix [[19 31]
 [ 2 48]]
    [SZ/datasize_result_1/subset_table_4w/PRJNA880407] Job on GPU-7 completed.
    [SZ/datasize_result_2/subset_table_1w/PRJNA880407] Starting job on GPU-7. Output: /home/cjj/projects/microbial-embeddings/analysis/Disease_classification_loo/Data/pretraining_datasize/result/SZ/datasize_result_2/subset_table_1w/PRJNA880407
train loss 0.3814663589000702, test loss 1.4532307386398315, train auc 0.930, test auc 0.730 train f1 0.846, test f1 0.587 train mcc 0.699, test mcc 0.262 train aupr 0.936, test aupr 0.835 train acc 0.849, test acc 0.683 confusion_matrix [[ 6 16]
 [ 3 35]]
train loss 0.3660312592983246, test loss 0.9778724312782288, train auc 0.924, test auc 0.665 train f1 0.868, test f1 0.591 train mcc 0.742, test mcc 0.331 train aupr 0.943, test aupr 0.681 train acc 0.873, test acc 0.630 confusion_matrix [[16 34]
 [ 3 47]]
    [SZ/datasize_result_1/subset_table_8w/PRJNA880407] Job on GPU-0 completed.
    [SZ/datasize_result_2/subset_table_1w/PRJNA896324] Starting job on GPU-0. Output: /home/cjj/projects/microbial-embeddings/analysis/Disease_classification_loo/Data/pretraining_datasize/result/SZ/datasize_result_2/subset_table_1w/PRJNA896324
  Processing embedding: subset_table_2w_100 (short name: subset_table_2w)
    [SZ/datasize_result_1/subset_table_4w/PRJNA896324] Job on GPU-3 completed.
    [SZ/datasize_result_2/subset_table_2w/PRJCA000673] Starting job on GPU-3. Output: /home/cjj/projects/microbial-embeddings/analysis/Disease_classification_loo/Data/pretraining_datasize/result/SZ/datasize_result_2/subset_table_2w/PRJCA000673
train loss 0.37938448786735535, test loss 1.0337917804718018, train auc 0.918, test auc 0.732 train f1 0.861, test f1 0.687 train mcc 0.723, test mcc 0.377 train aupr 0.929, test aupr 0.824 train acc 0.863, test acc 0.689 confusion_matrix [[49 22]
 [28 62]]
train loss 0.24394835531711578, test loss 0.6691058874130249, train auc 0.976, test auc 0.764 train f1 0.928, test f1 0.673 train mcc 0.859, test mcc 0.409 train aupr 0.984, test aupr 0.786 train acc 0.929, test acc 0.701 confusion_matrix [[24 29]
 [ 6 58]]
    [SZ/datasize_result_1/subset_table_8w/PRJNA807473] Job on GPU-1 completed.
    [SZ/datasize_result_2/subset_table_2w/PRJNA807473] Starting job on GPU-1. Output: /home/cjj/projects/microbial-embeddings/analysis/Disease_classification_loo/Data/pretraining_datasize/result/SZ/datasize_result_2/subset_table_2w/PRJNA807473
    [SZ/datasize_result_1/subset_table_8w/PRJCA000673] Job on GPU-2 completed.
    [SZ/datasize_result_2/subset_table_2w/PRJNA880407] Starting job on GPU-2. Output: /home/cjj/projects/microbial-embeddings/analysis/Disease_classification_loo/Data/pretraining_datasize/result/SZ/datasize_result_2/subset_table_2w/PRJNA880407
train loss 0.31334829330444336, test loss 1.8772728443145752, train auc 0.948, test auc 0.757 train f1 0.882, test f1 0.677 train mcc 0.766, test mcc 0.366 train aupr 0.955, test aupr 0.821 train acc 0.884, test acc 0.717 confusion_matrix [[11 11]
 [ 6 32]]
    [SZ/datasize_result_1/subset_table_8w/PRJNA896324] Job on GPU-4 completed.
    [SZ/datasize_result_2/subset_table_2w/PRJNA896324] Starting job on GPU-4. Output: /home/cjj/projects/microbial-embeddings/analysis/Disease_classification_loo/Data/pretraining_datasize/result/SZ/datasize_result_2/subset_table_2w/PRJNA896324
  Processing embedding: subset_table_4w_100 (short name: subset_table_4w)
train loss 0.2772214114665985, test loss 0.5864260196685791, train auc 0.956, test auc 0.772 train f1 0.893, test f1 0.683 train mcc 0.786, test mcc 0.398 train aupr 0.968, test aupr 0.816 train acc 0.894, test acc 0.701 confusion_matrix [[27 26]
 [ 9 55]]
    [SZ/datasize_result_2/subset_table_1w/PRJCA000673] Job on GPU-6 completed.
    [SZ/datasize_result_2/subset_table_4w/PRJCA000673] Starting job on GPU-6. Output: /home/cjj/projects/microbial-embeddings/analysis/Disease_classification_loo/Data/pretraining_datasize/result/SZ/datasize_result_2/subset_table_4w/PRJCA000673
train loss 0.6937592625617981, test loss 0.6946874856948853, train auc 0.488, test auc 0.861 train f1 0.353, test f1 0.796 train mcc -0.054, test mcc 0.595 train aupr 0.547, test aupr 0.890 train acc 0.547, test acc 0.801 confusion_matrix [[52 19]
 [13 77]]
train loss 0.5857924222946167, test loss 0.8131910562515259, train auc 0.823, test auc 0.672 train f1 0.748, test f1 0.683 train mcc 0.551, test mcc 0.398 train aupr 0.831, test aupr 0.709 train acc 0.765, test acc 0.733 confusion_matrix [[10 12]
 [ 4 34]]
    [SZ/datasize_result_2/subset_table_1w/PRJNA807473] Job on GPU-5 completed.
    [SZ/datasize_result_2/subset_table_4w/PRJNA807473] Starting job on GPU-5. Output: /home/cjj/projects/microbial-embeddings/analysis/Disease_classification_loo/Data/pretraining_datasize/result/SZ/datasize_result_2/subset_table_4w/PRJNA807473
    [SZ/datasize_result_2/subset_table_1w/PRJNA896324] Job on GPU-0 completed.
    [SZ/datasize_result_2/subset_table_4w/PRJNA880407] Starting job on GPU-0. Output: /home/cjj/projects/microbial-embeddings/analysis/Disease_classification_loo/Data/pretraining_datasize/result/SZ/datasize_result_2/subset_table_4w/PRJNA880407
train loss 0.41927972435951233, test loss 0.7865457534790039, train auc 0.902, test auc 0.649 train f1 0.813, test f1 0.609 train mcc 0.642, test mcc 0.338 train aupr 0.923, test aupr 0.662 train acc 0.823, test acc 0.640 confusion_matrix [[18 32]
 [ 4 46]]
    [SZ/datasize_result_2/subset_table_1w/PRJNA880407] Job on GPU-7 completed.
    [SZ/datasize_result_2/subset_table_4w/PRJNA896324] Starting job on GPU-7. Output: /home/cjj/projects/microbial-embeddings/analysis/Disease_classification_loo/Data/pretraining_datasize/result/SZ/datasize_result_2/subset_table_4w/PRJNA896324
  Processing embedding: subset_table_8w_100 (short name: subset_table_8w)
train loss 0.49215492606163025, test loss 0.638554573059082, train auc 0.879, test auc 0.730 train f1 0.821, test f1 0.617 train mcc 0.660, test mcc 0.353 train aupr 0.889, test aupr 0.685 train acc 0.829, test acc 0.667 confusion_matrix [[18 35]
 [ 4 60]]
    [SZ/datasize_result_2/subset_table_2w/PRJCA000673] Job on GPU-3 completed.
    [SZ/datasize_result_2/subset_table_8w/PRJCA000673] Starting job on GPU-3. Output: /home/cjj/projects/microbial-embeddings/analysis/Disease_classification_loo/Data/pretraining_datasize/result/SZ/datasize_result_2/subset_table_8w/PRJCA000673
train loss 0.6772187948226929, test loss 0.6934316158294678, train auc 0.629, test auc 0.766 train f1 0.499, test f1 0.680 train mcc 0.172, test mcc 0.437 train aupr 0.677, test aupr 0.775 train acc 0.594, test acc 0.714 confusion_matrix [[31 40]
 [ 6 84]]
    [SZ/datasize_result_2/subset_table_2w/PRJNA807473] Job on GPU-1 completed.
    [SZ/datasize_result_2/subset_table_8w/PRJNA807473] Starting job on GPU-1. Output: /home/cjj/projects/microbial-embeddings/analysis/Disease_classification_loo/Data/pretraining_datasize/result/SZ/datasize_result_2/subset_table_8w/PRJNA807473
train loss 0.1064298152923584, test loss 2.0093088150024414, train auc 0.994, test auc 0.674 train f1 0.949, test f1 0.619 train mcc 0.898, test mcc 0.276 train aupr 0.995, test aupr 0.717 train acc 0.950, test acc 0.630 confusion_matrix [[23 27]
 [10 40]]
    [SZ/datasize_result_2/subset_table_2w/PRJNA880407] Job on GPU-2 completed.
    [SZ/datasize_result_2/subset_table_8w/PRJNA880407] Starting job on GPU-2. Output: /home/cjj/projects/microbial-embeddings/analysis/Disease_classification_loo/Data/pretraining_datasize/result/SZ/datasize_result_2/subset_table_8w/PRJNA880407
train loss 0.3351866602897644, test loss 1.3397846221923828, train auc 0.936, test auc 0.737 train f1 0.874, test f1 0.677 train mcc 0.750, test mcc 0.366 train aupr 0.943, test aupr 0.837 train acc 0.876, test acc 0.717 confusion_matrix [[11 11]
 [ 6 32]]
    [SZ/datasize_result_2/subset_table_2w/PRJNA896324] Job on GPU-4 completed.
    [SZ/datasize_result_2/subset_table_8w/PRJNA896324] Starting job on GPU-4. Output: /home/cjj/projects/microbial-embeddings/analysis/Disease_classification_loo/Data/pretraining_datasize/result/SZ/datasize_result_2/subset_table_8w/PRJNA896324
Processing data size directory: datasize_result_3
  Processing embedding: subset_table_1w_100 (short name: subset_table_1w)
train loss 0.269744873046875, test loss 0.7439077496528625, train auc 0.948, test auc 0.812 train f1 0.891, test f1 0.743 train mcc 0.792, test mcc 0.536 train aupr 0.956, test aupr 0.814 train acc 0.894, test acc 0.761 confusion_matrix [[29 24]
 [ 4 60]]
    [SZ/datasize_result_2/subset_table_4w/PRJCA000673] Job on GPU-6 completed.
    [SZ/datasize_result_3/subset_table_1w/PRJCA000673] Starting job on GPU-6. Output: /home/cjj/projects/microbial-embeddings/analysis/Disease_classification_loo/Data/pretraining_datasize/result/SZ/datasize_result_3/subset_table_1w/PRJCA000673
train loss 0.13284316658973694, test loss 2.0079407691955566, train auc 0.987, test auc 0.696 train f1 0.955, test f1 0.626 train mcc 0.910, test mcc 0.400 train aupr 0.991, test aupr 0.706 train acc 0.956, test acc 0.660 confusion_matrix [[18 32]
 [ 2 48]]
    [SZ/datasize_result_2/subset_table_4w/PRJNA880407] Job on GPU-0 completed.
    [SZ/datasize_result_3/subset_table_1w/PRJNA807473] Starting job on GPU-0. Output: /home/cjj/projects/microbial-embeddings/analysis/Disease_classification_loo/Data/pretraining_datasize/result/SZ/datasize_result_3/subset_table_1w/PRJNA807473
train loss 0.40336164832115173, test loss 0.5132644176483154, train auc 0.905, test auc 0.822 train f1 0.841, test f1 0.774 train mcc 0.683, test mcc 0.550 train aupr 0.922, test aupr 0.863 train acc 0.842, test acc 0.776 confusion_matrix [[55 16]
 [20 70]]
    [SZ/datasize_result_2/subset_table_4w/PRJNA807473] Job on GPU-5 completed.
    [SZ/datasize_result_3/subset_table_1w/PRJNA880407] Starting job on GPU-5. Output: /home/cjj/projects/microbial-embeddings/analysis/Disease_classification_loo/Data/pretraining_datasize/result/SZ/datasize_result_3/subset_table_1w/PRJNA880407
train loss 0.23297131061553955, test loss 2.7563116550445557, train auc 0.970, test auc 0.715 train f1 0.918, test f1 0.568 train mcc 0.835, test mcc 0.262 train aupr 0.975, test aupr 0.769 train acc 0.918, test acc 0.683 confusion_matrix [[ 5 17]
 [ 2 36]]
    [SZ/datasize_result_2/subset_table_4w/PRJNA896324] Job on GPU-7 completed.
    [SZ/datasize_result_3/subset_table_1w/PRJNA896324] Starting job on GPU-7. Output: /home/cjj/projects/microbial-embeddings/analysis/Disease_classification_loo/Data/pretraining_datasize/result/SZ/datasize_result_3/subset_table_1w/PRJNA896324
  Processing embedding: subset_table_2w_100 (short name: subset_table_2w)
train loss 0.2266792505979538, test loss 0.7058144807815552, train auc 0.975, test auc 0.736 train f1 0.928, test f1 0.550 train mcc 0.855, test mcc 0.299 train aupr 0.981, test aupr 0.756 train acc 0.929, test acc 0.632 confusion_matrix [[12 41]
 [ 2 62]]
train loss 0.6933076977729797, test loss 0.6922306418418884, train auc 0.523, test auc 0.696 train f1 0.353, test f1 0.706 train mcc -0.054, test mcc 0.448 train aupr 0.586, test aupr 0.668 train acc 0.547, test acc 0.727 confusion_matrix [[37 34]
 [10 80]]
    [SZ/datasize_result_2/subset_table_8w/PRJCA000673] Job on GPU-3 completed.
    [SZ/datasize_result_3/subset_table_2w/PRJCA000673] Starting job on GPU-3. Output: /home/cjj/projects/microbial-embeddings/analysis/Disease_classification_loo/Data/pretraining_datasize/result/SZ/datasize_result_3/subset_table_2w/PRJCA000673
    [SZ/datasize_result_2/subset_table_8w/PRJNA807473] Job on GPU-1 completed.
    [SZ/datasize_result_3/subset_table_2w/PRJNA807473] Starting job on GPU-1. Output: /home/cjj/projects/microbial-embeddings/analysis/Disease_classification_loo/Data/pretraining_datasize/result/SZ/datasize_result_3/subset_table_2w/PRJNA807473
train loss 0.14802765846252441, test loss 1.8254971504211426, train auc 0.988, test auc 0.748 train f1 0.943, test f1 0.613 train mcc 0.886, test mcc 0.382 train aupr 0.992, test aupr 0.765 train acc 0.944, test acc 0.650 confusion_matrix [[17 33]
 [ 2 48]]
    [SZ/datasize_result_2/subset_table_8w/PRJNA880407] Job on GPU-2 completed.
    [SZ/datasize_result_3/subset_table_2w/PRJNA880407] Starting job on GPU-2. Output: /home/cjj/projects/microbial-embeddings/analysis/Disease_classification_loo/Data/pretraining_datasize/result/SZ/datasize_result_3/subset_table_2w/PRJNA880407
train loss 0.2369699776172638, test loss 2.246617317199707, train auc 0.967, test auc 0.783 train f1 0.903, test f1 0.668 train mcc 0.810, test mcc 0.359 train aupr 0.968, test aupr 0.888 train acc 0.905, test acc 0.717 confusion_matrix [[10 12]
 [ 5 33]]
    [SZ/datasize_result_2/subset_table_8w/PRJNA896324] Job on GPU-4 completed.
    [SZ/datasize_result_3/subset_table_2w/PRJNA896324] Starting job on GPU-4. Output: /home/cjj/projects/microbial-embeddings/analysis/Disease_classification_loo/Data/pretraining_datasize/result/SZ/datasize_result_3/subset_table_2w/PRJNA896324
  Processing embedding: subset_table_4w_100 (short name: subset_table_4w)
train loss 0.267930269241333, test loss 0.6472635865211487, train auc 0.954, test auc 0.801 train f1 0.903, test f1 0.719 train mcc 0.809, test mcc 0.472 train aupr 0.968, test aupr 0.808 train acc 0.904, test acc 0.735 confusion_matrix [[29 24]
 [ 7 57]]
    [SZ/datasize_result_3/subset_table_1w/PRJCA000673] Job on GPU-6 completed.
    [SZ/datasize_result_3/subset_table_4w/PRJCA000673] Starting job on GPU-6. Output: /home/cjj/projects/microbial-embeddings/analysis/Disease_classification_loo/Data/pretraining_datasize/result/SZ/datasize_result_3/subset_table_4w/PRJCA000673
train loss 0.6912506222724915, test loss 0.695734977722168, train auc 0.495, test auc 0.708 train f1 0.371, test f1 0.650 train mcc 0.046, test mcc 0.339 train aupr 0.545, test aupr 0.685 train acc 0.554, test acc 0.677 confusion_matrix [[32 39]
 [13 77]]
    [SZ/datasize_result_3/subset_table_1w/PRJNA807473] Job on GPU-0 completed.
    [SZ/datasize_result_3/subset_table_4w/PRJNA807473] Starting job on GPU-0. Output: /home/cjj/projects/microbial-embeddings/analysis/Disease_classification_loo/Data/pretraining_datasize/result/SZ/datasize_result_3/subset_table_4w/PRJNA807473
train loss 0.43236860632896423, test loss 0.6700239777565002, train auc 0.899, test auc 0.694 train f1 0.851, test f1 0.643 train mcc 0.703, test mcc 0.356 train aupr 0.905, test aupr 0.718 train acc 0.853, test acc 0.660 confusion_matrix [[22 28]
 [ 6 44]]
    [SZ/datasize_result_3/subset_table_1w/PRJNA880407] Job on GPU-5 completed.
    [SZ/datasize_result_3/subset_table_4w/PRJNA880407] Starting job on GPU-5. Output: /home/cjj/projects/microbial-embeddings/analysis/Disease_classification_loo/Data/pretraining_datasize/result/SZ/datasize_result_3/subset_table_4w/PRJNA880407
train loss 0.330637127161026, test loss 1.6729812622070312, train auc 0.944, test auc 0.700 train f1 0.871, test f1 0.677 train mcc 0.746, test mcc 0.366 train aupr 0.945, test aupr 0.723 train acc 0.873, test acc 0.717 confusion_matrix [[11 11]
 [ 6 32]]
    [SZ/datasize_result_3/subset_table_1w/PRJNA896324] Job on GPU-7 completed.
    [SZ/datasize_result_3/subset_table_4w/PRJNA896324] Starting job on GPU-7. Output: /home/cjj/projects/microbial-embeddings/analysis/Disease_classification_loo/Data/pretraining_datasize/result/SZ/datasize_result_3/subset_table_4w/PRJNA896324
  Processing embedding: subset_table_8w_100 (short name: subset_table_8w)
train loss 0.46514469385147095, test loss 0.523726761341095, train auc 0.870, test auc 0.781 train f1 0.786, test f1 0.640 train mcc 0.577, test mcc 0.368 train aupr 0.893, test aupr 0.820 train acc 0.791, test acc 0.683 confusion_matrix [[27 44]
 [ 7 83]]
train loss 0.1354692280292511, test loss 0.6655991673469543, train auc 0.989, test auc 0.809 train f1 0.956, test f1 0.644 train mcc 0.912, test mcc 0.424 train aupr 0.992, test aupr 0.844 train acc 0.957, test acc 0.692 confusion_matrix [[19 34]
 [ 2 62]]
    [SZ/datasize_result_3/subset_table_2w/PRJNA807473] Job on GPU-1 completed.
    [SZ/datasize_result_3/subset_table_8w/PRJCA000673] Starting job on GPU-1. Output: /home/cjj/projects/microbial-embeddings/analysis/Disease_classification_loo/Data/pretraining_datasize/result/SZ/datasize_result_3/subset_table_8w/PRJCA000673
    [SZ/datasize_result_3/subset_table_2w/PRJCA000673] Job on GPU-3 completed.
    [SZ/datasize_result_3/subset_table_8w/PRJNA807473] Starting job on GPU-3. Output: /home/cjj/projects/microbial-embeddings/analysis/Disease_classification_loo/Data/pretraining_datasize/result/SZ/datasize_result_3/subset_table_8w/PRJNA807473
train loss 0.18903440237045288, test loss 1.280874490737915, train auc 0.981, test auc 0.757 train f1 0.931, test f1 0.675 train mcc 0.861, test mcc 0.371 train aupr 0.987, test aupr 0.787 train acc 0.932, test acc 0.680 confusion_matrix [[28 22]
 [10 40]]
    [SZ/datasize_result_3/subset_table_2w/PRJNA880407] Job on GPU-2 completed.
    [SZ/datasize_result_3/subset_table_8w/PRJNA880407] Starting job on GPU-2. Output: /home/cjj/projects/microbial-embeddings/analysis/Disease_classification_loo/Data/pretraining_datasize/result/SZ/datasize_result_3/subset_table_8w/PRJNA880407
train loss 0.44232481718063354, test loss 1.1562719345092773, train auc 0.897, test auc 0.661 train f1 0.810, test f1 0.677 train mcc 0.631, test mcc 0.366 train aupr 0.905, test aupr 0.712 train acc 0.815, test acc 0.717 confusion_matrix [[11 11]
 [ 6 32]]
    [SZ/datasize_result_3/subset_table_2w/PRJNA896324] Job on GPU-4 completed.
    [SZ/datasize_result_3/subset_table_8w/PRJNA896324] Starting job on GPU-4. Output: /home/cjj/projects/microbial-embeddings/analysis/Disease_classification_loo/Data/pretraining_datasize/result/SZ/datasize_result_3/subset_table_8w/PRJNA896324
Processing data size directory: datasize_result_4
  Processing embedding: subset_table_1w_100 (short name: subset_table_1w)
train loss 0.21238625049591064, test loss 0.5871202349662781, train auc 0.980, test auc 0.786 train f1 0.937, test f1 0.690 train mcc 0.875, test mcc 0.418 train aupr 0.986, test aupr 0.832 train acc 0.938, test acc 0.709 confusion_matrix [[27 26]
 [ 8 56]]
    [SZ/datasize_result_3/subset_table_4w/PRJCA000673] Job on GPU-6 completed.
    [SZ/datasize_result_4/subset_table_1w/PRJCA000673] Starting job on GPU-6. Output: /home/cjj/projects/microbial-embeddings/analysis/Disease_classification_loo/Data/pretraining_datasize/result/SZ/datasize_result_4/subset_table_1w/PRJCA000673
train loss 0.19547449052333832, test loss 2.7258126735687256, train auc 0.978, test auc 0.564 train f1 0.928, test f1 0.383 train mcc 0.864, test mcc 0.019 train aupr 0.984, test aupr 0.659 train acc 0.928, test acc 0.559 confusion_matrix [[ 2 69]
 [ 2 88]]
    [SZ/datasize_result_3/subset_table_4w/PRJNA807473] Job on GPU-0 completed.
    [SZ/datasize_result_4/subset_table_1w/PRJNA807473] Starting job on GPU-0. Output: /home/cjj/projects/microbial-embeddings/analysis/Disease_classification_loo/Data/pretraining_datasize/result/SZ/datasize_result_4/subset_table_1w/PRJNA807473
train loss 0.35277730226516724, test loss 0.857176661491394, train auc 0.927, test auc 0.665 train f1 0.842, test f1 0.639 train mcc 0.695, test mcc 0.365 train aupr 0.951, test aupr 0.669 train acc 0.850, test acc 0.660 confusion_matrix [[21 29]
 [ 5 45]]
    [SZ/datasize_result_3/subset_table_4w/PRJNA880407] Job on GPU-5 completed.
    [SZ/datasize_result_4/subset_table_1w/PRJNA880407] Starting job on GPU-5. Output: /home/cjj/projects/microbial-embeddings/analysis/Disease_classification_loo/Data/pretraining_datasize/result/SZ/datasize_result_4/subset_table_1w/PRJNA880407
train loss 0.30916401743888855, test loss 1.8127834796905518, train auc 0.945, test auc 0.688 train f1 0.878, test f1 0.509 train mcc 0.756, test mcc 0.213 train aupr 0.950, test aupr 0.763 train acc 0.878, test acc 0.667 confusion_matrix [[ 3 19]
 [ 1 37]]
    [SZ/datasize_result_3/subset_table_4w/PRJNA896324] Job on GPU-7 completed.
    [SZ/datasize_result_4/subset_table_1w/PRJNA896324] Starting job on GPU-7. Output: /home/cjj/projects/microbial-embeddings/analysis/Disease_classification_loo/Data/pretraining_datasize/result/SZ/datasize_result_4/subset_table_1w/PRJNA896324
  Processing embedding: subset_table_2w_100 (short name: subset_table_2w)
train loss 0.48444902896881104, test loss 0.7325612306594849, train auc 0.867, test auc 0.720 train f1 0.783, test f1 0.598 train mcc 0.597, test mcc 0.242 train aupr 0.879, test aupr 0.811 train acc 0.795, test acc 0.634 confusion_matrix [[27 44]
 [15 75]]
    [SZ/datasize_result_3/subset_table_8w/PRJNA807473] Job on GPU-3 completed.
    [SZ/datasize_result_4/subset_table_2w/PRJCA000673] Starting job on GPU-3. Output: /home/cjj/projects/microbial-embeddings/analysis/Disease_classification_loo/Data/pretraining_datasize/result/SZ/datasize_result_4/subset_table_2w/PRJCA000673
train loss 0.08136632293462753, test loss 1.0430887937545776, train auc 0.998, test auc 0.811 train f1 0.978, test f1 0.709 train mcc 0.956, test mcc 0.455 train aupr 0.998, test aupr 0.856 train acc 0.978, test acc 0.726 confusion_matrix [[28 25]
 [ 7 57]]
    [SZ/datasize_result_3/subset_table_8w/PRJCA000673] Job on GPU-1 completed.
    [SZ/datasize_result_4/subset_table_2w/PRJNA807473] Starting job on GPU-1. Output: /home/cjj/projects/microbial-embeddings/analysis/Disease_classification_loo/Data/pretraining_datasize/result/SZ/datasize_result_4/subset_table_2w/PRJNA807473
train loss 0.37871024012565613, test loss 1.0129203796386719, train auc 0.916, test auc 0.668 train f1 0.840, test f1 0.634 train mcc 0.688, test mcc 0.331 train aupr 0.938, test aupr 0.683 train acc 0.847, test acc 0.650 confusion_matrix [[22 28]
 [ 7 43]]
    [SZ/datasize_result_3/subset_table_8w/PRJNA880407] Job on GPU-2 completed.
    [SZ/datasize_result_4/subset_table_2w/PRJNA880407] Starting job on GPU-2. Output: /home/cjj/projects/microbial-embeddings/analysis/Disease_classification_loo/Data/pretraining_datasize/result/SZ/datasize_result_4/subset_table_2w/PRJNA880407
train loss 0.3287498950958252, test loss 1.7525792121887207, train auc 0.939, test auc 0.711 train f1 0.886, test f1 0.653 train mcc 0.773, test mcc 0.323 train aupr 0.947, test aupr 0.785 train acc 0.886, test acc 0.700 confusion_matrix [[10 12]
 [ 6 32]]
    [SZ/datasize_result_3/subset_table_8w/PRJNA896324] Job on GPU-4 completed.
    [SZ/datasize_result_4/subset_table_2w/PRJNA896324] Starting job on GPU-4. Output: /home/cjj/projects/microbial-embeddings/analysis/Disease_classification_loo/Data/pretraining_datasize/result/SZ/datasize_result_4/subset_table_2w/PRJNA896324
  Processing embedding: subset_table_4w_100 (short name: subset_table_4w)
train loss 0.2041943371295929, test loss 0.7811455726623535, train auc 0.968, test auc 0.721 train f1 0.903, test f1 0.578 train mcc 0.821, test mcc 0.265 train aupr 0.973, test aupr 0.746 train acc 0.907, test acc 0.632 confusion_matrix [[16 37]
 [ 6 58]]
    [SZ/datasize_result_4/subset_table_1w/PRJCA000673] Job on GPU-6 completed.
    [SZ/datasize_result_4/subset_table_4w/PRJCA000673] Starting job on GPU-6. Output: /home/cjj/projects/microbial-embeddings/analysis/Disease_classification_loo/Data/pretraining_datasize/result/SZ/datasize_result_4/subset_table_4w/PRJCA000673
train loss 0.6796889305114746, test loss 0.699512243270874, train auc 0.601, test auc 0.828 train f1 0.447, test f1 0.783 train mcc 0.128, test mcc 0.569 train aupr 0.637, test aupr 0.851 train acc 0.576, test acc 0.789 confusion_matrix [[50 21]
 [13 77]]
    [SZ/datasize_result_4/subset_table_1w/PRJNA807473] Job on GPU-0 completed.
    [SZ/datasize_result_4/subset_table_4w/PRJNA807473] Starting job on GPU-0. Output: /home/cjj/projects/microbial-embeddings/analysis/Disease_classification_loo/Data/pretraining_datasize/result/SZ/datasize_result_4/subset_table_4w/PRJNA807473
train loss 0.22845177352428436, test loss 1.2922477722167969, train auc 0.966, test auc 0.756 train f1 0.892, test f1 0.604 train mcc 0.783, test mcc 0.350 train aupr 0.977, test aupr 0.798 train acc 0.894, test acc 0.640 confusion_matrix [[17 33]
 [ 3 47]]
    [SZ/datasize_result_4/subset_table_1w/PRJNA880407] Job on GPU-5 completed.
    [SZ/datasize_result_4/subset_table_4w/PRJNA880407] Starting job on GPU-5. Output: /home/cjj/projects/microbial-embeddings/analysis/Disease_classification_loo/Data/pretraining_datasize/result/SZ/datasize_result_4/subset_table_4w/PRJNA880407
train loss 0.34217631816864014, test loss 1.689018964767456, train auc 0.939, test auc 0.706 train f1 0.861, test f1 0.643 train mcc 0.736, test mcc 0.316 train aupr 0.943, test aupr 0.776 train acc 0.865, test acc 0.700 confusion_matrix [[ 9 13]
 [ 5 33]]
    [SZ/datasize_result_4/subset_table_1w/PRJNA896324] Job on GPU-7 completed.
    [SZ/datasize_result_4/subset_table_4w/PRJNA896324] Starting job on GPU-7. Output: /home/cjj/projects/microbial-embeddings/analysis/Disease_classification_loo/Data/pretraining_datasize/result/SZ/datasize_result_4/subset_table_4w/PRJNA896324
  Processing embedding: subset_table_8w_100 (short name: subset_table_8w)
train loss 0.4843403100967407, test loss 0.4980127215385437, train auc 0.858, test auc 0.810 train f1 0.793, test f1 0.732 train mcc 0.606, test mcc 0.482 train aupr 0.855, test aupr 0.824 train acc 0.802, test acc 0.745 confusion_matrix [[42 29]
 [12 78]]
train loss 0.17801149189472198, test loss 0.7521898746490479, train auc 0.976, test auc 0.809 train f1 0.934, test f1 0.721 train mcc 0.871, test mcc 0.469 train aupr 0.983, test aupr 0.835 train acc 0.935, test acc 0.735 confusion_matrix [[30 23]
 [ 8 56]]
    [SZ/datasize_result_4/subset_table_2w/PRJNA807473] Job on GPU-1 completed.
    [SZ/datasize_result_4/subset_table_8w/PRJCA000673] Starting job on GPU-1. Output: /home/cjj/projects/microbial-embeddings/analysis/Disease_classification_loo/Data/pretraining_datasize/result/SZ/datasize_result_4/subset_table_8w/PRJCA000673
    [SZ/datasize_result_4/subset_table_2w/PRJCA000673] Job on GPU-3 completed.
    [SZ/datasize_result_4/subset_table_8w/PRJNA807473] Starting job on GPU-3. Output: /home/cjj/projects/microbial-embeddings/analysis/Disease_classification_loo/Data/pretraining_datasize/result/SZ/datasize_result_4/subset_table_8w/PRJNA807473
train loss 0.369831919670105, test loss 0.5797402262687683, train auc 0.914, test auc 0.785 train f1 0.856, test f1 0.681 train mcc 0.713, test mcc 0.404 train aupr 0.935, test aupr 0.803 train acc 0.858, test acc 0.690 confusion_matrix [[26 24]
 [ 7 43]]
    [SZ/datasize_result_4/subset_table_2w/PRJNA880407] Job on GPU-2 completed.
    [SZ/datasize_result_4/subset_table_8w/PRJNA880407] Starting job on GPU-2. Output: /home/cjj/projects/microbial-embeddings/analysis/Disease_classification_loo/Data/pretraining_datasize/result/SZ/datasize_result_4/subset_table_8w/PRJNA880407
train loss 0.6923136711120605, test loss 0.6676109433174133, train auc 0.505, test auc 0.605 train f1 0.361, test f1 0.427 train mcc 0.008, test mcc 0.051 train aupr 0.588, test aupr 0.663 train acc 0.540, test acc 0.633 confusion_matrix [[ 1 21]
 [ 1 37]]
    [SZ/datasize_result_4/subset_table_2w/PRJNA896324] Job on GPU-4 completed.
    [SZ/datasize_result_4/subset_table_8w/PRJNA896324] Starting job on GPU-4. Output: /home/cjj/projects/microbial-embeddings/analysis/Disease_classification_loo/Data/pretraining_datasize/result/SZ/datasize_result_4/subset_table_8w/PRJNA896324
Processing data size directory: datasize_result_5
  Processing embedding: subset_table_1w_100 (short name: subset_table_1w)
train loss 0.14069311320781708, test loss 1.107361912727356, train auc 0.988, test auc 0.765 train f1 0.950, test f1 0.719 train mcc 0.900, test mcc 0.445 train aupr 0.992, test aupr 0.758 train acc 0.950, test acc 0.726 confusion_matrix [[33 20]
 [12 52]]
    [SZ/datasize_result_4/subset_table_4w/PRJCA000673] Job on GPU-6 completed.
    [SZ/datasize_result_5/subset_table_1w/PRJCA000673] Starting job on GPU-6. Output: /home/cjj/projects/microbial-embeddings/analysis/Disease_classification_loo/Data/pretraining_datasize/result/SZ/datasize_result_5/subset_table_1w/PRJCA000673
train loss 0.6730678081512451, test loss 0.6926708221435547, train auc 0.632, test auc 0.847 train f1 0.524, test f1 0.824 train mcc 0.211, test mcc 0.665 train aupr 0.683, test aupr 0.827 train acc 0.608, test acc 0.832 confusion_matrix [[50 21]
 [ 6 84]]
    [SZ/datasize_result_4/subset_table_4w/PRJNA807473] Job on GPU-0 completed.
    [SZ/datasize_result_5/subset_table_1w/PRJNA807473] Starting job on GPU-0. Output: /home/cjj/projects/microbial-embeddings/analysis/Disease_classification_loo/Data/pretraining_datasize/result/SZ/datasize_result_5/subset_table_1w/PRJNA807473
train loss 0.48884934186935425, test loss 0.7598562240600586, train auc 0.899, test auc 0.699 train f1 0.824, test f1 0.609 train mcc 0.650, test mcc 0.338 train aupr 0.919, test aupr 0.724 train acc 0.829, test acc 0.640 confusion_matrix [[18 32]
 [ 4 46]]
    [SZ/datasize_result_4/subset_table_4w/PRJNA880407] Job on GPU-5 completed.
    [SZ/datasize_result_5/subset_table_1w/PRJNA880407] Starting job on GPU-5. Output: /home/cjj/projects/microbial-embeddings/analysis/Disease_classification_loo/Data/pretraining_datasize/result/SZ/datasize_result_5/subset_table_1w/PRJNA880407
train loss 0.2852320969104767, test loss 1.7618690729141235, train auc 0.958, test auc 0.775 train f1 0.904, test f1 0.757 train mcc 0.808, test mcc 0.521 train aupr 0.957, test aupr 0.849 train acc 0.905, test acc 0.767 confusion_matrix [[17  5]
 [ 9 29]]
train loss 0.4315279722213745, test loss 0.9354726672172546, train auc 0.891, test auc 0.713 train f1 0.792, test f1 0.356 train mcc 0.609, test mcc -0.070 train aupr 0.892, test aupr 0.820 train acc 0.802, test acc 0.553 confusion_matrix [[ 0 71]
 [ 1 89]]
    [SZ/datasize_result_4/subset_table_4w/PRJNA896324] Job on GPU-7 completed.
    [SZ/datasize_result_5/subset_table_1w/PRJNA896324] Starting job on GPU-7. Output: /home/cjj/projects/microbial-embeddings/analysis/Disease_classification_loo/Data/pretraining_datasize/result/SZ/datasize_result_5/subset_table_1w/PRJNA896324
  Processing embedding: subset_table_2w_100 (short name: subset_table_2w)
train loss 0.07016516476869583, test loss 0.8609688878059387, train auc 0.997, test auc 0.793 train f1 0.975, test f1 0.630 train mcc 0.950, test mcc 0.371 train aupr 0.998, test aupr 0.831 train acc 0.975, test acc 0.675 confusion_matrix [[19 34]
 [ 4 60]]
    [SZ/datasize_result_4/subset_table_8w/PRJNA807473] Job on GPU-3 completed.
    [SZ/datasize_result_5/subset_table_2w/PRJCA000673] Starting job on GPU-3. Output: /home/cjj/projects/microbial-embeddings/analysis/Disease_classification_loo/Data/pretraining_datasize/result/SZ/datasize_result_5/subset_table_2w/PRJCA000673
    [SZ/datasize_result_4/subset_table_8w/PRJCA000673] Job on GPU-1 completed.
    [SZ/datasize_result_5/subset_table_2w/PRJNA807473] Starting job on GPU-1. Output: /home/cjj/projects/microbial-embeddings/analysis/Disease_classification_loo/Data/pretraining_datasize/result/SZ/datasize_result_5/subset_table_2w/PRJNA807473
train loss 0.121881864964962, test loss 1.7838125228881836, train auc 0.992, test auc 0.754 train f1 0.952, test f1 0.716 train mcc 0.904, test mcc 0.453 train aupr 0.994, test aupr 0.767 train acc 0.953, test acc 0.720 confusion_matrix [[30 20]
 [ 8 42]]
train loss 0.6304045915603638, test loss 0.7523536682128906, train auc 0.817, test auc 0.705 train f1 0.732, test f1 0.683 train mcc 0.490, test mcc 0.398 train aupr 0.815, test aupr 0.719 train acc 0.743, test acc 0.733 confusion_matrix [[10 12]
 [ 4 34]]
    [SZ/datasize_result_4/subset_table_8w/PRJNA880407] Job on GPU-2 completed.
    [SZ/datasize_result_5/subset_table_2w/PRJNA880407] Starting job on GPU-2. Output: /home/cjj/projects/microbial-embeddings/analysis/Disease_classification_loo/Data/pretraining_datasize/result/SZ/datasize_result_5/subset_table_2w/PRJNA880407
    [SZ/datasize_result_4/subset_table_8w/PRJNA896324] Job on GPU-4 completed.
    [SZ/datasize_result_5/subset_table_2w/PRJNA896324] Starting job on GPU-4. Output: /home/cjj/projects/microbial-embeddings/analysis/Disease_classification_loo/Data/pretraining_datasize/result/SZ/datasize_result_5/subset_table_2w/PRJNA896324
  Processing embedding: subset_table_4w_100 (short name: subset_table_4w)
train loss 0.14773397147655487, test loss 1.019577145576477, train auc 0.985, test auc 0.749 train f1 0.949, test f1 0.741 train mcc 0.900, test mcc 0.483 train aupr 0.986, test aupr 0.792 train acc 0.950, test acc 0.744 confusion_matrix [[38 15]
 [15 49]]
    [SZ/datasize_result_5/subset_table_1w/PRJCA000673] Job on GPU-6 completed.
    [SZ/datasize_result_5/subset_table_4w/PRJCA000673] Starting job on GPU-6. Output: /home/cjj/projects/microbial-embeddings/analysis/Disease_classification_loo/Data/pretraining_datasize/result/SZ/datasize_result_5/subset_table_4w/PRJCA000673
train loss 0.43989577889442444, test loss 0.7792536616325378, train auc 0.887, test auc 0.858 train f1 0.811, test f1 0.776 train mcc 0.631, test mcc 0.557 train aupr 0.902, test aupr 0.884 train acc 0.817, test acc 0.783 confusion_matrix [[49 22]
 [13 77]]
    [SZ/datasize_result_5/subset_table_1w/PRJNA807473] Job on GPU-0 completed.
    [SZ/datasize_result_5/subset_table_4w/PRJNA807473] Starting job on GPU-0. Output: /home/cjj/projects/microbial-embeddings/analysis/Disease_classification_loo/Data/pretraining_datasize/result/SZ/datasize_result_5/subset_table_4w/PRJNA807473
train loss 0.5921496152877808, test loss 0.6737940311431885, train auc 0.806, test auc 0.704 train f1 0.721, test f1 0.626 train mcc 0.489, test mcc 0.400 train aupr 0.831, test aupr 0.712 train acc 0.746, test acc 0.660 confusion_matrix [[18 32]
 [ 2 48]]
    [SZ/datasize_result_5/subset_table_1w/PRJNA880407] Job on GPU-5 completed.
    [SZ/datasize_result_5/subset_table_4w/PRJNA880407] Starting job on GPU-5. Output: /home/cjj/projects/microbial-embeddings/analysis/Disease_classification_loo/Data/pretraining_datasize/result/SZ/datasize_result_5/subset_table_4w/PRJNA880407
train loss 0.6928316354751587, test loss 0.6879948973655701, train auc 0.522, test auc 0.677 train f1 0.353, test f1 0.674 train mcc -0.054, test mcc 0.363 train aupr 0.583, test aupr 0.667 train acc 0.547, test acc 0.689 confusion_matrix [[38 33]
 [17 73]]
train loss 0.31207728385925293, test loss 1.4953937530517578, train auc 0.943, test auc 0.733 train f1 0.872, test f1 0.509 train mcc 0.760, test mcc 0.213 train aupr 0.942, test aupr 0.848 train acc 0.876, test acc 0.667 confusion_matrix [[ 3 19]
 [ 1 37]]
train loss 0.2701382637023926, test loss 0.712026834487915, train auc 0.955, test auc 0.751 train f1 0.887, test f1 0.716 train mcc 0.776, test mcc 0.432 train aupr 0.963, test aupr 0.769 train acc 0.888, test acc 0.718 confusion_matrix [[37 16]
 [17 47]]
    [SZ/datasize_result_5/subset_table_2w/PRJNA807473] Job on GPU-1 completed.
    [SZ/datasize_result_5/subset_table_4w/PRJNA896324] Starting job on GPU-1. Output: /home/cjj/projects/microbial-embeddings/analysis/Disease_classification_loo/Data/pretraining_datasize/result/SZ/datasize_result_5/subset_table_4w/PRJNA896324
    [SZ/datasize_result_5/subset_table_1w/PRJNA896324] Job on GPU-7 completed.
  Processing embedding: subset_table_8w_100 (short name: subset_table_8w)
    [SZ/datasize_result_5/subset_table_8w/PRJCA000673] Starting job on GPU-7. Output: /home/cjj/projects/microbial-embeddings/analysis/Disease_classification_loo/Data/pretraining_datasize/result/SZ/datasize_result_5/subset_table_8w/PRJCA000673
    [SZ/datasize_result_5/subset_table_2w/PRJCA000673] Job on GPU-3 completed.
    [SZ/datasize_result_5/subset_table_8w/PRJNA807473] Starting job on GPU-3. Output: /home/cjj/projects/microbial-embeddings/analysis/Disease_classification_loo/Data/pretraining_datasize/result/SZ/datasize_result_5/subset_table_8w/PRJNA807473
train loss 0.24039605259895325, test loss 2.5190584659576416, train auc 0.968, test auc 0.727 train f1 0.909, test f1 0.587 train mcc 0.819, test mcc 0.262 train aupr 0.973, test aupr 0.778 train acc 0.910, test acc 0.683 confusion_matrix [[ 6 16]
 [ 3 35]]
train loss 0.3430930972099304, test loss 0.870491623878479, train auc 0.931, test auc 0.700 train f1 0.865, test f1 0.639 train mcc 0.737, test mcc 0.365 train aupr 0.949, test aupr 0.720 train acc 0.870, test acc 0.660 confusion_matrix [[21 29]
 [ 5 45]]
    [SZ/datasize_result_5/subset_table_2w/PRJNA896324] Job on GPU-4 completed.
    [SZ/datasize_result_5/subset_table_8w/PRJNA880407] Starting job on GPU-4. Output: /home/cjj/projects/microbial-embeddings/analysis/Disease_classification_loo/Data/pretraining_datasize/result/SZ/datasize_result_5/subset_table_8w/PRJNA880407
    [SZ/datasize_result_5/subset_table_2w/PRJNA880407] Job on GPU-2 completed.
Processing disease: T2DM
    [SZ/datasize_result_5/subset_table_8w/PRJNA896324] Starting job on GPU-2. Output: /home/cjj/projects/microbial-embeddings/analysis/Disease_classification_loo/Data/pretraining_datasize/result/SZ/datasize_result_5/subset_table_8w/PRJNA896324
Found studies for T2DM: PRJEB11419 PRJEB59916 PRJNA1000711 PRJNA588353 PRJNA646010 PRJNA668251 PRJNA734860 PRJNA766337 PRJNA788301 PRJNA807457 PRJNA819279 PRJNA879337 PRJNA978958
Processing data size directory: datasize_result_1
  Processing embedding: subset_table_1w_100 (short name: subset_table_1w)
train loss 0.38073548674583435, test loss 0.8571606278419495, train auc 0.923, test auc 0.689 train f1 0.888, test f1 0.628 train mcc 0.785, test mcc 0.286 train aupr 0.925, test aupr 0.736 train acc 0.891, test acc 0.650 confusion_matrix [[24 29]
 [12 52]]
    [SZ/datasize_result_5/subset_table_4w/PRJCA000673] Job on GPU-6 completed.
    [T2DM/datasize_result_1/subset_table_1w/PRJEB11419] Starting job on GPU-6. Output: /home/cjj/projects/microbial-embeddings/analysis/Disease_classification_loo/Data/pretraining_datasize/result/T2DM/datasize_result_1/subset_table_1w/PRJEB11419
train loss 0.4292263388633728, test loss 0.6832777261734009, train auc 0.895, test auc 0.748 train f1 0.823, test f1 0.522 train mcc 0.650, test mcc 0.218 train aupr 0.916, test aupr 0.826 train acc 0.824, test acc 0.615 confusion_matrix [[14 57]
 [ 5 85]]
    [SZ/datasize_result_5/subset_table_4w/PRJNA807473] Job on GPU-0 completed.
    [T2DM/datasize_result_1/subset_table_1w/PRJEB59916] Starting job on GPU-0. Output: /home/cjj/projects/microbial-embeddings/analysis/Disease_classification_loo/Data/pretraining_datasize/result/T2DM/datasize_result_1/subset_table_1w/PRJEB59916
train loss 0.3173079192638397, test loss 1.2305798530578613, train auc 0.939, test auc 0.636 train f1 0.868, test f1 0.640 train mcc 0.735, test mcc 0.319 train aupr 0.958, test aupr 0.619 train acc 0.870, test acc 0.650 confusion_matrix [[24 26]
 [ 9 41]]
    [SZ/datasize_result_5/subset_table_4w/PRJNA880407] Job on GPU-5 completed.
    [T2DM/datasize_result_1/subset_table_1w/PRJNA1000711] Starting job on GPU-5. Output: /home/cjj/projects/microbial-embeddings/analysis/Disease_classification_loo/Data/pretraining_datasize/result/T2DM/datasize_result_1/subset_table_1w/PRJNA1000711
train loss 0.2503255009651184, test loss 2.037578582763672, train auc 0.962, test auc 0.718 train f1 0.915, test f1 0.677 train mcc 0.830, test mcc 0.366 train aupr 0.968, test aupr 0.778 train acc 0.915, test acc 0.717 confusion_matrix [[11 11]
 [ 6 32]]
train loss 0.3957303464412689, test loss 0.6011898517608643, train auc 0.906, test auc 0.799 train f1 0.838, test f1 0.776 train mcc 0.678, test mcc 0.577 train aupr 0.925, test aupr 0.873 train acc 0.838, test acc 0.776 confusion_matrix [[63  8]
 [28 62]]
train loss 0.12858262658119202, test loss 0.7365018725395203, train auc 0.994, test auc 0.767 train f1 0.962, test f1 0.646 train mcc 0.925, test mcc 0.381 train aupr 0.995, test aupr 0.796 train acc 0.963, test acc 0.684 confusion_matrix [[21 32]
 [ 5 59]]
    [SZ/datasize_result_5/subset_table_4w/PRJNA896324] Job on GPU-1 completed.
    [T2DM/datasize_result_1/subset_table_1w/PRJNA588353] Starting job on GPU-1. Output: /home/cjj/projects/microbial-embeddings/analysis/Disease_classification_loo/Data/pretraining_datasize/result/T2DM/datasize_result_1/subset_table_1w/PRJNA588353
    [SZ/datasize_result_5/subset_table_8w/PRJNA807473] Job on GPU-3 completed.
    [T2DM/datasize_result_1/subset_table_1w/PRJNA646010] Starting job on GPU-3. Output: /home/cjj/projects/microbial-embeddings/analysis/Disease_classification_loo/Data/pretraining_datasize/result/T2DM/datasize_result_1/subset_table_1w/PRJNA646010
    [SZ/datasize_result_5/subset_table_8w/PRJCA000673] Job on GPU-7 completed.
    [T2DM/datasize_result_1/subset_table_1w/PRJNA668251] Starting job on GPU-7. Output: /home/cjj/projects/microbial-embeddings/analysis/Disease_classification_loo/Data/pretraining_datasize/result/T2DM/datasize_result_1/subset_table_1w/PRJNA668251
train loss 0.4005821943283081, test loss 0.9731217622756958, train auc 0.920, test auc 0.655 train f1 0.833, test f1 0.625 train mcc 0.678, test mcc 0.306 train aupr 0.941, test aupr 0.677 train acc 0.841, test acc 0.640 confusion_matrix [[22 28]
 [ 8 42]]
train loss 0.3315455913543701, test loss 1.4555258750915527, train auc 0.940, test auc 0.745 train f1 0.868, test f1 0.692 train mcc 0.742, test mcc 0.401 train aupr 0.944, test aupr 0.767 train acc 0.870, test acc 0.733 confusion_matrix [[11 11]
 [ 5 33]]
    [SZ/datasize_result_5/subset_table_8w/PRJNA880407] Job on GPU-4 completed.
    [T2DM/datasize_result_1/subset_table_1w/PRJNA734860] Starting job on GPU-4. Output: /home/cjj/projects/microbial-embeddings/analysis/Disease_classification_loo/Data/pretraining_datasize/result/T2DM/datasize_result_1/subset_table_1w/PRJNA734860
    [SZ/datasize_result_5/subset_table_8w/PRJNA896324] Job on GPU-2 completed.
    [T2DM/datasize_result_1/subset_table_1w/PRJNA766337] Starting job on GPU-2. Output: /home/cjj/projects/microbial-embeddings/analysis/Disease_classification_loo/Data/pretraining_datasize/result/T2DM/datasize_result_1/subset_table_1w/PRJNA766337
train loss 0.6211601495742798, test loss 0.6624189615249634, train auc 0.667, test auc 0.669 train f1 0.480, test f1 0.672 train mcc 0.136, test mcc 0.347 train aupr 0.725, test aupr 0.634 train acc 0.635, test acc 0.690 confusion_matrix [[39 11]
 [15 19]]
    [T2DM/datasize_result_1/subset_table_1w/PRJEB11419] Job on GPU-6 completed.
    [T2DM/datasize_result_1/subset_table_1w/PRJNA788301] Starting job on GPU-6. Output: /home/cjj/projects/microbial-embeddings/analysis/Disease_classification_loo/Data/pretraining_datasize/result/T2DM/datasize_result_1/subset_table_1w/PRJNA788301
train loss 0.4139172434806824, test loss 0.8968081474304199, train auc 0.887, test auc 0.617 train f1 0.801, test f1 0.405 train mcc 0.605, test mcc 0.000 train aupr 0.918, test aupr 0.674 train acc 0.814, test acc 0.500 confusion_matrix [[ 2 18]
 [ 2 18]]
    [T2DM/datasize_result_1/subset_table_1w/PRJEB59916] Job on GPU-0 completed.
    [T2DM/datasize_result_1/subset_table_1w/PRJNA807457] Starting job on GPU-0. Output: /home/cjj/projects/microbial-embeddings/analysis/Disease_classification_loo/Data/pretraining_datasize/result/T2DM/datasize_result_1/subset_table_1w/PRJNA807457
train loss 0.5712210536003113, test loss 0.5941106081008911, train auc 0.758, test auc 0.733 train f1 0.646, test f1 0.495 train mcc 0.354, test mcc 0.116 train aupr 0.802, test aupr 0.887 train acc 0.696, test acc 0.776 confusion_matrix [[ 1 14]
 [ 1 51]]
    [T2DM/datasize_result_1/subset_table_1w/PRJNA1000711] Job on GPU-5 completed.
    [T2DM/datasize_result_1/subset_table_1w/PRJNA819279] Starting job on GPU-5. Output: /home/cjj/projects/microbial-embeddings/analysis/Disease_classification_loo/Data/pretraining_datasize/result/T2DM/datasize_result_1/subset_table_1w/PRJNA819279
train loss 0.597680389881134, test loss 0.5614442229270935, train auc 0.746, test auc 0.567 train f1 0.640, test f1 0.476 train mcc 0.331, test mcc 0.105 train aupr 0.740, test aupr 0.806 train acc 0.649, test acc 0.773 confusion_matrix [[  5 109]
 [  4 379]]
train loss 0.39158400893211365, test loss 1.0578275918960571, train auc 0.901, test auc 0.752 train f1 0.813, test f1 0.644 train mcc 0.628, test mcc 0.385 train aupr 0.927, test aupr 0.711 train acc 0.825, test acc 0.667 confusion_matrix [[10 14]
 [ 2 22]]
train loss 0.6504437327384949, test loss 0.7830641865730286, train auc 0.633, test auc 0.959 train f1 0.383, test f1 0.854 train mcc 0.042, test mcc 0.745 train aupr 0.706, test aupr 0.966 train acc 0.606, test acc 0.857 confusion_matrix [[7 0]
 [2 5]]
train loss 0.6078269481658936, test loss 0.6542253494262695, train auc 0.696, test auc 0.581 train f1 0.626, test f1 0.456 train mcc 0.294, test mcc 0.057 train aupr 0.741, test aupr 0.666 train acc 0.677, test acc 0.585 confusion_matrix [[ 2 15]
 [ 2 22]]
    [T2DM/datasize_result_1/subset_table_1w/PRJNA766337] Job on GPU-2 completed.
    [T2DM/datasize_result_1/subset_table_1w/PRJNA879337] Starting job on GPU-2. Output: /home/cjj/projects/microbial-embeddings/analysis/Disease_classification_loo/Data/pretraining_datasize/result/T2DM/datasize_result_1/subset_table_1w/PRJNA879337
    [T2DM/datasize_result_1/subset_table_1w/PRJNA588353] Job on GPU-1 completed.
    [T2DM/datasize_result_1/subset_table_1w/PRJNA978958] Starting job on GPU-1. Output: /home/cjj/projects/microbial-embeddings/analysis/Disease_classification_loo/Data/pretraining_datasize/result/T2DM/datasize_result_1/subset_table_1w/PRJNA978958
  Processing embedding: subset_table_2w_100 (short name: subset_table_2w)
    [T2DM/datasize_result_1/subset_table_1w/PRJNA668251] Job on GPU-7 completed.
    [T2DM/datasize_result_1/subset_table_2w/PRJEB11419] Starting job on GPU-7. Output: /home/cjj/projects/microbial-embeddings/analysis/Disease_classification_loo/Data/pretraining_datasize/result/T2DM/datasize_result_1/subset_table_2w/PRJEB11419
    [T2DM/datasize_result_1/subset_table_1w/PRJNA646010] Job on GPU-3 completed.
    [T2DM/datasize_result_1/subset_table_2w/PRJEB59916] Starting job on GPU-3. Output: /home/cjj/projects/microbial-embeddings/analysis/Disease_classification_loo/Data/pretraining_datasize/result/T2DM/datasize_result_1/subset_table_2w/PRJEB59916
train loss 0.45992031693458557, test loss 1.4687895774841309, train auc 0.844, test auc 0.589 train f1 0.710, test f1 0.566 train mcc 0.473, test mcc 0.189 train aupr 0.910, test aupr 0.432 train acc 0.775, test acc 0.569 confusion_matrix [[71 70]
 [23 52]]
    [T2DM/datasize_result_1/subset_table_1w/PRJNA734860] Job on GPU-4 completed.
    [T2DM/datasize_result_1/subset_table_2w/PRJNA1000711] Starting job on GPU-4. Output: /home/cjj/projects/microbial-embeddings/analysis/Disease_classification_loo/Data/pretraining_datasize/result/T2DM/datasize_result_1/subset_table_2w/PRJNA1000711
train loss 0.3896683156490326, test loss 1.1323986053466797, train auc 0.901, test auc 0.640 train f1 0.819, test f1 0.640 train mcc 0.642, test mcc 0.314 train aupr 0.931, test aupr 0.617 train acc 0.831, test acc 0.647 confusion_matrix [[13 13]
 [ 5 20]]
    [T2DM/datasize_result_1/subset_table_1w/PRJNA788301] Job on GPU-6 completed.
    [T2DM/datasize_result_1/subset_table_2w/PRJNA588353] Starting job on GPU-6. Output: /home/cjj/projects/microbial-embeddings/analysis/Disease_classification_loo/Data/pretraining_datasize/result/T2DM/datasize_result_1/subset_table_2w/PRJNA588353
train loss 0.586288571357727, test loss 0.808020830154419, train auc 0.737, test auc 0.660 train f1 0.610, test f1 0.544 train mcc 0.287, test mcc 0.280 train aupr 0.788, test aupr 0.567 train acc 0.676, test acc 0.600 confusion_matrix [[ 5 15]
 [ 1 19]]
    [T2DM/datasize_result_1/subset_table_1w/PRJNA807457] Job on GPU-0 completed.
    [T2DM/datasize_result_1/subset_table_2w/PRJNA646010] Starting job on GPU-0. Output: /home/cjj/projects/microbial-embeddings/analysis/Disease_classification_loo/Data/pretraining_datasize/result/T2DM/datasize_result_1/subset_table_2w/PRJNA646010
train loss 0.582658052444458, test loss 0.7919001579284668, train auc 0.742, test auc 0.602 train f1 0.626, test f1 0.579 train mcc 0.315, test mcc 0.282 train aupr 0.791, test aupr 0.552 train acc 0.687, test acc 0.610 confusion_matrix [[ 7 14]
 [ 2 18]]
train loss 0.6191903352737427, test loss 0.6678728461265564, train auc 0.672, test auc 0.695 train f1 0.471, test f1 0.704 train mcc 0.136, test mcc 0.419 train aupr 0.733, test aupr 0.629 train acc 0.635, test acc 0.726 confusion_matrix [[42  8]
 [15 19]]
    [T2DM/datasize_result_1/subset_table_1w/PRJNA819279] Job on GPU-5 completed.
    [T2DM/datasize_result_1/subset_table_2w/PRJNA668251] Starting job on GPU-5. Output: /home/cjj/projects/microbial-embeddings/analysis/Disease_classification_loo/Data/pretraining_datasize/result/T2DM/datasize_result_1/subset_table_2w/PRJNA668251
train loss 0.5877710580825806, test loss 0.632432758808136, train auc 0.729, test auc 0.658 train f1 0.614, test f1 0.383 train mcc 0.298, test mcc -0.137 train aupr 0.774, test aupr 0.814 train acc 0.678, test acc 0.621 confusion_matrix [[ 0 10]
 [ 1 18]]
train loss 0.6310667991638184, test loss 0.628566563129425, train auc 0.660, test auc 1.000 train f1 0.521, test f1 0.948 train mcc 0.185, test mcc 0.901 train aupr 0.707, test aupr 1.000 train acc 0.636, test acc 0.952 confusion_matrix [[ 7  0]
 [ 1 13]]
    [T2DM/datasize_result_1/subset_table_2w/PRJEB11419] Job on GPU-7 completed.
    [T2DM/datasize_result_1/subset_table_2w/PRJNA734860] Starting job on GPU-7. Output: /home/cjj/projects/microbial-embeddings/analysis/Disease_classification_loo/Data/pretraining_datasize/result/T2DM/datasize_result_1/subset_table_2w/PRJNA734860
train loss 0.5048540830612183, test loss 0.7279541492462158, train auc 0.821, test auc 0.568 train f1 0.699, test f1 0.505 train mcc 0.442, test mcc 0.125 train aupr 0.867, test aupr 0.663 train acc 0.740, test acc 0.550 confusion_matrix [[ 5 15]
 [ 3 17]]
    [T2DM/datasize_result_1/subset_table_1w/PRJNA978958] Job on GPU-1 completed.
    [T2DM/datasize_result_1/subset_table_2w/PRJNA766337] Starting job on GPU-1. Output: /home/cjj/projects/microbial-embeddings/analysis/Disease_classification_loo/Data/pretraining_datasize/result/T2DM/datasize_result_1/subset_table_2w/PRJNA766337
    [T2DM/datasize_result_1/subset_table_1w/PRJNA879337] Job on GPU-2 completed.
    [T2DM/datasize_result_1/subset_table_2w/PRJNA788301] Starting job on GPU-2. Output: /home/cjj/projects/microbial-embeddings/analysis/Disease_classification_loo/Data/pretraining_datasize/result/T2DM/datasize_result_1/subset_table_2w/PRJNA788301
    [T2DM/datasize_result_1/subset_table_2w/PRJEB59916] Job on GPU-3 completed.
    [T2DM/datasize_result_1/subset_table_2w/PRJNA807457] Starting job on GPU-3. Output: /home/cjj/projects/microbial-embeddings/analysis/Disease_classification_loo/Data/pretraining_datasize/result/T2DM/datasize_result_1/subset_table_2w/PRJNA807457
train loss 0.5724198222160339, test loss 0.5353772044181824, train auc 0.746, test auc 0.723 train f1 0.598, test f1 0.601 train mcc 0.282, test mcc 0.318 train aupr 0.809, test aupr 0.906 train acc 0.666, test acc 0.806 confusion_matrix [[ 3 12]
 [ 1 51]]
    [T2DM/datasize_result_1/subset_table_2w/PRJNA1000711] Job on GPU-4 completed.
    [T2DM/datasize_result_1/subset_table_2w/PRJNA819279] Starting job on GPU-4. Output: /home/cjj/projects/microbial-embeddings/analysis/Disease_classification_loo/Data/pretraining_datasize/result/T2DM/datasize_result_1/subset_table_2w/PRJNA819279
train loss 0.402984082698822, test loss 0.8854172229766846, train auc 0.893, test auc 0.849 train f1 0.812, test f1 0.791 train mcc 0.628, test mcc 0.585 train aupr 0.924, test aupr 0.854 train acc 0.825, test acc 0.792 confusion_matrix [[18  6]
 [ 4 20]]
    [T2DM/datasize_result_1/subset_table_2w/PRJNA588353] Job on GPU-6 completed.
    [T2DM/datasize_result_1/subset_table_2w/PRJNA879337] Starting job on GPU-6. Output: /home/cjj/projects/microbial-embeddings/analysis/Disease_classification_loo/Data/pretraining_datasize/result/T2DM/datasize_result_1/subset_table_2w/PRJNA879337
train loss 0.5997071266174316, test loss 0.655310332775116, train auc 0.713, test auc 0.647 train f1 0.593, test f1 0.607 train mcc 0.261, test mcc 0.352 train aupr 0.763, test aupr 0.728 train acc 0.665, test acc 0.683 confusion_matrix [[ 5 12]
 [ 1 23]]
    [T2DM/datasize_result_1/subset_table_2w/PRJNA646010] Job on GPU-0 completed.
    [T2DM/datasize_result_1/subset_table_2w/PRJNA978958] Starting job on GPU-0. Output: /home/cjj/projects/microbial-embeddings/analysis/Disease_classification_loo/Data/pretraining_datasize/result/T2DM/datasize_result_1/subset_table_2w/PRJNA978958
  Processing embedding: subset_table_4w_100 (short name: subset_table_4w)
train loss 0.5781241059303284, test loss 0.531874418258667, train auc 0.768, test auc 0.625 train f1 0.694, test f1 0.467 train mcc 0.403, test mcc 0.082 train aupr 0.752, test aupr 0.822 train acc 0.695, test acc 0.771 confusion_matrix [[  4 110]
 [  4 379]]
    [T2DM/datasize_result_1/subset_table_2w/PRJNA766337] Job on GPU-1 completed.
    [T2DM/datasize_result_1/subset_table_4w/PRJEB11419] Starting job on GPU-1. Output: /home/cjj/projects/microbial-embeddings/analysis/Disease_classification_loo/Data/pretraining_datasize/result/T2DM/datasize_result_1/subset_table_4w/PRJEB11419
train loss 0.3593267798423767, test loss 1.1482261419296265, train auc 0.907, test auc 0.629 train f1 0.800, test f1 0.497 train mcc 0.639, test mcc 0.172 train aupr 0.946, test aupr 0.474 train acc 0.840, test acc 0.500 confusion_matrix [[45 96]
 [12 63]]
    [T2DM/datasize_result_1/subset_table_2w/PRJNA734860] Job on GPU-7 completed.
    [T2DM/datasize_result_1/subset_table_4w/PRJEB59916] Starting job on GPU-7. Output: /home/cjj/projects/microbial-embeddings/analysis/Disease_classification_loo/Data/pretraining_datasize/result/T2DM/datasize_result_1/subset_table_4w/PRJEB59916
train loss 0.6536477208137512, test loss 0.7656616568565369, train auc 0.625, test auc 0.939 train f1 0.379, test f1 0.854 train mcc 0.009, test mcc 0.745 train aupr 0.707, test aupr 0.955 train acc 0.604, test acc 0.857 confusion_matrix [[7 0]
 [2 5]]
    [T2DM/datasize_result_1/subset_table_2w/PRJNA668251] Job on GPU-5 completed.
    [T2DM/datasize_result_1/subset_table_4w/PRJNA1000711] Starting job on GPU-5. Output: /home/cjj/projects/microbial-embeddings/analysis/Disease_classification_loo/Data/pretraining_datasize/result/T2DM/datasize_result_1/subset_table_4w/PRJNA1000711
train loss 0.37437042593955994, test loss 1.454148530960083, train auc 0.911, test auc 0.685 train f1 0.836, test f1 0.647 train mcc 0.674, test mcc 0.296 train aupr 0.938, test aupr 0.714 train acc 0.846, test acc 0.647 confusion_matrix [[16 10]
 [ 8 17]]
train loss 0.5947033762931824, test loss 0.8418439626693726, train auc 0.723, test auc 0.765 train f1 0.625, test f1 0.774 train mcc 0.289, test mcc 0.556 train aupr 0.782, test aupr 0.674 train acc 0.676, test acc 0.775 confusion_matrix [[17  3]
 [ 6 14]]
    [T2DM/datasize_result_1/subset_table_2w/PRJNA788301] Job on GPU-2 completed.
    [T2DM/datasize_result_1/subset_table_4w/PRJNA588353] Starting job on GPU-2. Output: /home/cjj/projects/microbial-embeddings/analysis/Disease_classification_loo/Data/pretraining_datasize/result/T2DM/datasize_result_1/subset_table_4w/PRJNA588353
    [T2DM/datasize_result_1/subset_table_2w/PRJNA807457] Job on GPU-3 completed.
    [T2DM/datasize_result_1/subset_table_4w/PRJNA646010] Starting job on GPU-3. Output: /home/cjj/projects/microbial-embeddings/analysis/Disease_classification_loo/Data/pretraining_datasize/result/T2DM/datasize_result_1/subset_table_4w/PRJNA646010
train loss 0.5792548060417175, test loss 0.7616379261016846, train auc 0.746, test auc 0.836 train f1 0.661, test f1 0.776 train mcc 0.338, test mcc 0.600 train aupr 0.801, test aupr 0.769 train acc 0.695, test acc 0.780 confusion_matrix [[13  8]
 [ 1 19]]
    [T2DM/datasize_result_1/subset_table_2w/PRJNA819279] Job on GPU-4 completed.
    [T2DM/datasize_result_1/subset_table_4w/PRJNA668251] Starting job on GPU-4. Output: /home/cjj/projects/microbial-embeddings/analysis/Disease_classification_loo/Data/pretraining_datasize/result/T2DM/datasize_result_1/subset_table_4w/PRJNA668251
train loss 0.4884045720100403, test loss 0.6270363330841064, train auc 0.834, test auc 0.758 train f1 0.723, test f1 0.707 train mcc 0.475, test mcc 0.422 train aupr 0.882, test aupr 0.881 train acc 0.753, test acc 0.724 confusion_matrix [[ 7  3]
 [ 5 14]]
    [T2DM/datasize_result_1/subset_table_2w/PRJNA978958] Job on GPU-0 completed.
    [T2DM/datasize_result_1/subset_table_4w/PRJNA734860] Starting job on GPU-0. Output: /home/cjj/projects/microbial-embeddings/analysis/Disease_classification_loo/Data/pretraining_datasize/result/T2DM/datasize_result_1/subset_table_4w/PRJNA734860
train loss 0.6243021488189697, test loss 0.6245135068893433, train auc 0.675, test auc 1.000 train f1 0.574, test f1 0.948 train mcc 0.239, test mcc 0.901 train aupr 0.720, test aupr 1.000 train acc 0.655, test acc 0.952 confusion_matrix [[ 7  0]
 [ 1 13]]
    [T2DM/datasize_result_1/subset_table_2w/PRJNA879337] Job on GPU-6 completed.
    [T2DM/datasize_result_1/subset_table_4w/PRJNA766337] Starting job on GPU-6. Output: /home/cjj/projects/microbial-embeddings/analysis/Disease_classification_loo/Data/pretraining_datasize/result/T2DM/datasize_result_1/subset_table_4w/PRJNA766337
train loss 0.453769713640213, test loss 0.708080530166626, train auc 0.859, test auc 0.723 train f1 0.769, test f1 0.666 train mcc 0.549, test mcc 0.397 train aupr 0.905, test aupr 0.621 train acc 0.792, test acc 0.667 confusion_matrix [[27 23]
 [ 5 29]]
    [T2DM/datasize_result_1/subset_table_4w/PRJEB11419] Job on GPU-1 completed.
    [T2DM/datasize_result_1/subset_table_4w/PRJNA788301] Starting job on GPU-1. Output: /home/cjj/projects/microbial-embeddings/analysis/Disease_classification_loo/Data/pretraining_datasize/result/T2DM/datasize_result_1/subset_table_4w/PRJNA788301
train loss 0.36358198523521423, test loss 1.1740822792053223, train auc 0.915, test auc 0.538 train f1 0.822, test f1 0.544 train mcc 0.646, test mcc 0.280 train aupr 0.944, test aupr 0.536 train acc 0.833, test acc 0.600 confusion_matrix [[ 5 15]
 [ 1 19]]
    [T2DM/datasize_result_1/subset_table_4w/PRJEB59916] Job on GPU-7 completed.
    [T2DM/datasize_result_1/subset_table_4w/PRJNA807457] Starting job on GPU-7. Output: /home/cjj/projects/microbial-embeddings/analysis/Disease_classification_loo/Data/pretraining_datasize/result/T2DM/datasize_result_1/subset_table_4w/PRJNA807457
train loss 0.5940870642662048, test loss 0.5348775386810303, train auc 0.735, test auc 0.751 train f1 0.544, test f1 0.659 train mcc 0.234, test mcc 0.354 train aupr 0.792, test aupr 0.914 train acc 0.645, test acc 0.806 confusion_matrix [[ 5 10]
 [ 3 49]]
    [T2DM/datasize_result_1/subset_table_4w/PRJNA1000711] Job on GPU-5 completed.
    [T2DM/datasize_result_1/subset_table_4w/PRJNA819279] Starting job on GPU-5. Output: /home/cjj/projects/microbial-embeddings/analysis/Disease_classification_loo/Data/pretraining_datasize/result/T2DM/datasize_result_1/subset_table_4w/PRJNA819279
train loss 0.41164252161979675, test loss 0.9076851606369019, train auc 0.886, test auc 0.736 train f1 0.769, test f1 0.600 train mcc 0.578, test mcc 0.289 train aupr 0.917, test aupr 0.703 train acc 0.798, test acc 0.625 confusion_matrix [[ 9 15]
 [ 3 21]]
train loss 0.5268141627311707, test loss 0.6336674690246582, train auc 0.802, test auc 0.730 train f1 0.713, test f1 0.547 train mcc 0.442, test mcc 0.212 train aupr 0.851, test aupr 0.823 train acc 0.740, test acc 0.634 confusion_matrix [[ 4 13]
 [ 2 22]]
    [T2DM/datasize_result_1/subset_table_4w/PRJNA588353] Job on GPU-2 completed.
    [T2DM/datasize_result_1/subset_table_4w/PRJNA879337] Starting job on GPU-2. Output: /home/cjj/projects/microbial-embeddings/analysis/Disease_classification_loo/Data/pretraining_datasize/result/T2DM/datasize_result_1/subset_table_4w/PRJNA879337
train loss 0.6469964981079102, test loss 0.7776450514793396, train auc 0.644, test auc 0.959 train f1 0.381, test f1 0.854 train mcc 0.028, test mcc 0.745 train aupr 0.704, test aupr 0.966 train acc 0.605, test acc 0.857 confusion_matrix [[7 0]
 [2 5]]
    [T2DM/datasize_result_1/subset_table_4w/PRJNA646010] Job on GPU-3 completed.
    [T2DM/datasize_result_1/subset_table_4w/PRJNA978958] Starting job on GPU-3. Output: /home/cjj/projects/microbial-embeddings/analysis/Disease_classification_loo/Data/pretraining_datasize/result/T2DM/datasize_result_1/subset_table_4w/PRJNA978958
  Processing embedding: subset_table_8w_100 (short name: subset_table_8w)
    [T2DM/datasize_result_1/subset_table_4w/PRJNA668251] Job on GPU-4 completed.
    [T2DM/datasize_result_1/subset_table_8w/PRJEB11419] Starting job on GPU-4. Output: /home/cjj/projects/microbial-embeddings/analysis/Disease_classification_loo/Data/pretraining_datasize/result/T2DM/datasize_result_1/subset_table_8w/PRJEB11419
train loss 0.5035860538482666, test loss 1.0516324043273926, train auc 0.803, test auc 0.537 train f1 0.693, test f1 0.298 train mcc 0.415, test mcc 0.040 train aupr 0.883, test aupr 0.375 train acc 0.752, test acc 0.366 confusion_matrix [[  6 135]
 [  2  73]]
    [T2DM/datasize_result_1/subset_table_4w/PRJNA734860] Job on GPU-0 completed.
    [T2DM/datasize_result_1/subset_table_8w/PRJEB59916] Starting job on GPU-0. Output: /home/cjj/projects/microbial-embeddings/analysis/Disease_classification_loo/Data/pretraining_datasize/result/T2DM/datasize_result_1/subset_table_8w/PRJEB59916
train loss 0.4909692406654358, test loss 0.6858250498771667, train auc 0.838, test auc 0.600 train f1 0.772, test f1 0.460 train mcc 0.546, test mcc 0.071 train aupr 0.843, test aupr 0.824 train acc 0.772, test acc 0.771 confusion_matrix [[  3 111]
 [  3 380]]
    [T2DM/datasize_result_1/subset_table_4w/PRJNA766337] Job on GPU-6 completed.
    [T2DM/datasize_result_1/subset_table_8w/PRJNA1000711] Starting job on GPU-6. Output: /home/cjj/projects/microbial-embeddings/analysis/Disease_classification_loo/Data/pretraining_datasize/result/T2DM/datasize_result_1/subset_table_8w/PRJNA1000711
train loss 0.49256542325019836, test loss 1.2874884605407715, train auc 0.831, test auc 0.594 train f1 0.754, test f1 0.618 train mcc 0.511, test mcc 0.277 train aupr 0.875, test aupr 0.574 train acc 0.770, test acc 0.627 confusion_matrix [[12 14]
 [ 5 20]]
train loss 0.46373462677001953, test loss 0.6468464136123657, train auc 0.855, test auc 0.613 train f1 0.780, test f1 0.642 train mcc 0.560, test mcc 0.314 train aupr 0.891, test aupr 0.544 train acc 0.790, test acc 0.650 confusion_matrix [[10 10]
 [ 4 16]]
    [T2DM/datasize_result_1/subset_table_4w/PRJNA788301] Job on GPU-1 completed.
    [T2DM/datasize_result_1/subset_table_8w/PRJNA588353] Starting job on GPU-1. Output: /home/cjj/projects/microbial-embeddings/analysis/Disease_classification_loo/Data/pretraining_datasize/result/T2DM/datasize_result_1/subset_table_8w/PRJNA588353
    [T2DM/datasize_result_1/subset_table_4w/PRJNA807457] Job on GPU-7 completed.
    [T2DM/datasize_result_1/subset_table_8w/PRJNA646010] Starting job on GPU-7. Output: /home/cjj/projects/microbial-embeddings/analysis/Disease_classification_loo/Data/pretraining_datasize/result/T2DM/datasize_result_1/subset_table_8w/PRJNA646010
train loss 0.5030470490455627, test loss 0.796434760093689, train auc 0.822, test auc 0.824 train f1 0.747, test f1 0.749 train mcc 0.502, test mcc 0.560 train aupr 0.854, test aupr 0.764 train acc 0.767, test acc 0.756 confusion_matrix [[12  9]
 [ 1 19]]
    [T2DM/datasize_result_1/subset_table_4w/PRJNA819279] Job on GPU-5 completed.
    [T2DM/datasize_result_1/subset_table_8w/PRJNA668251] Starting job on GPU-5. Output: /home/cjj/projects/microbial-embeddings/analysis/Disease_classification_loo/Data/pretraining_datasize/result/T2DM/datasize_result_1/subset_table_8w/PRJNA668251
train loss 0.6203224062919617, test loss 0.6199344992637634, train auc 0.687, test auc 1.000 train f1 0.521, test f1 0.948 train mcc 0.197, test mcc 0.901 train aupr 0.727, test aupr 1.000 train acc 0.640, test acc 0.952 confusion_matrix [[ 7  0]
 [ 1 13]]
train loss 0.42099928855895996, test loss 0.695299506187439, train auc 0.881, test auc 0.716 train f1 0.798, test f1 0.643 train mcc 0.600, test mcc 0.347 train aupr 0.918, test aupr 0.603 train acc 0.814, test acc 0.643 confusion_matrix [[26 24]
 [ 6 28]]
    [T2DM/datasize_result_1/subset_table_4w/PRJNA879337] Job on GPU-2 completed.
    [T2DM/datasize_result_1/subset_table_8w/PRJNA734860] Starting job on GPU-2. Output: /home/cjj/projects/microbial-embeddings/analysis/Disease_classification_loo/Data/pretraining_datasize/result/T2DM/datasize_result_1/subset_table_8w/PRJNA734860
train loss 0.5932716131210327, test loss 0.6027182936668396, train auc 0.722, test auc 0.732 train f1 0.598, test f1 0.554 train mcc 0.269, test mcc 0.230 train aupr 0.777, test aupr 0.843 train acc 0.666, test acc 0.690 confusion_matrix [[ 2  8]
 [ 1 18]]
    [T2DM/datasize_result_1/subset_table_8w/PRJEB11419] Job on GPU-4 completed.
    [T2DM/datasize_result_1/subset_table_8w/PRJNA766337] Starting job on GPU-4. Output: /home/cjj/projects/microbial-embeddings/analysis/Disease_classification_loo/Data/pretraining_datasize/result/T2DM/datasize_result_1/subset_table_8w/PRJNA766337
    [T2DM/datasize_result_1/subset_table_4w/PRJNA978958] Job on GPU-3 completed.
    [T2DM/datasize_result_1/subset_table_8w/PRJNA788301] Starting job on GPU-3. Output: /home/cjj/projects/microbial-embeddings/analysis/Disease_classification_loo/Data/pretraining_datasize/result/T2DM/datasize_result_1/subset_table_8w/PRJNA788301
train loss 0.6192052960395813, test loss 0.8206633925437927, train auc 0.682, test auc 0.443 train f1 0.631, test f1 0.405 train mcc 0.293, test mcc 0.000 train aupr 0.731, test aupr 0.503 train acc 0.677, test acc 0.500 confusion_matrix [[ 2 18]
 [ 2 18]]
    [T2DM/datasize_result_1/subset_table_8w/PRJEB59916] Job on GPU-0 completed.
    [T2DM/datasize_result_1/subset_table_8w/PRJNA807457] Starting job on GPU-0. Output: /home/cjj/projects/microbial-embeddings/analysis/Disease_classification_loo/Data/pretraining_datasize/result/T2DM/datasize_result_1/subset_table_8w/PRJNA807457
train loss 0.5947025418281555, test loss 0.5179316401481628, train auc 0.729, test auc 0.777 train f1 0.588, test f1 0.689 train mcc 0.274, test mcc 0.459 train aupr 0.776, test aupr 0.925 train acc 0.662, test acc 0.836 confusion_matrix [[ 5 10]
 [ 1 51]]
    [T2DM/datasize_result_1/subset_table_8w/PRJNA1000711] Job on GPU-6 completed.
    [T2DM/datasize_result_1/subset_table_8w/PRJNA819279] Starting job on GPU-6. Output: /home/cjj/projects/microbial-embeddings/analysis/Disease_classification_loo/Data/pretraining_datasize/result/T2DM/datasize_result_1/subset_table_8w/PRJNA819279
train loss 0.4914204776287079, test loss 0.6429890394210815, train auc 0.834, test auc 0.799 train f1 0.724, test f1 0.662 train mcc 0.469, test mcc 0.391 train aupr 0.878, test aupr 0.856 train acc 0.752, test acc 0.707 confusion_matrix [[ 7 10]
 [ 2 22]]
train loss 0.4474585950374603, test loss 1.1137288808822632, train auc 0.863, test auc 0.757 train f1 0.769, test f1 0.676 train mcc 0.544, test mcc 0.405 train aupr 0.910, test aupr 0.693 train acc 0.786, test acc 0.688 confusion_matrix [[12 12]
 [ 3 21]]
train loss 0.45701634883880615, test loss 0.8156629204750061, train auc 0.859, test auc 0.576 train f1 0.789, test f1 0.435 train mcc 0.578, test mcc -0.024 train aupr 0.871, test aupr 0.799 train acc 0.789, test acc 0.769 confusion_matrix [[  0 114]
 [  1 382]]
    [T2DM/datasize_result_1/subset_table_8w/PRJNA646010] Job on GPU-7 completed.
    [T2DM/datasize_result_1/subset_table_8w/PRJNA879337] Starting job on GPU-7. Output: /home/cjj/projects/microbial-embeddings/analysis/Disease_classification_loo/Data/pretraining_datasize/result/T2DM/datasize_result_1/subset_table_8w/PRJNA879337
    [T2DM/datasize_result_1/subset_table_8w/PRJNA766337] Job on GPU-4 completed.
    [T2DM/datasize_result_1/subset_table_8w/PRJNA588353] Job on GPU-1 completed.
    [T2DM/datasize_result_1/subset_table_8w/PRJNA978958] Starting job on GPU-1. Output: /home/cjj/projects/microbial-embeddings/analysis/Disease_classification_loo/Data/pretraining_datasize/result/T2DM/datasize_result_1/subset_table_8w/PRJNA978958
Processing data size directory: datasize_result_2
  Processing embedding: subset_table_1w_100 (short name: subset_table_1w)
    [T2DM/datasize_result_2/subset_table_1w/PRJEB11419] Starting job on GPU-4. Output: /home/cjj/projects/microbial-embeddings/analysis/Disease_classification_loo/Data/pretraining_datasize/result/T2DM/datasize_result_2/subset_table_1w/PRJEB11419
train loss 0.6494531035423279, test loss 0.7940617799758911, train auc 0.642, test auc 0.959 train f1 0.428, test f1 0.854 train mcc 0.088, test mcc 0.745 train aupr 0.705, test aupr 0.966 train acc 0.613, test acc 0.857 confusion_matrix [[7 0]
 [2 5]]
train loss 0.5800000429153442, test loss 0.7728216052055359, train auc 0.713, test auc 0.581 train f1 0.589, test f1 0.498 train mcc 0.261, test mcc 0.155 train aupr 0.797, test aupr 0.410 train acc 0.701, test acc 0.500 confusion_matrix [[47 94]
 [14 61]]
    [T2DM/datasize_result_1/subset_table_8w/PRJNA668251] Job on GPU-5 completed.
    [T2DM/datasize_result_2/subset_table_1w/PRJEB59916] Starting job on GPU-5. Output: /home/cjj/projects/microbial-embeddings/analysis/Disease_classification_loo/Data/pretraining_datasize/result/T2DM/datasize_result_2/subset_table_1w/PRJEB59916
    [T2DM/datasize_result_1/subset_table_8w/PRJNA734860] Job on GPU-2 completed.
    [T2DM/datasize_result_2/subset_table_1w/PRJNA1000711] Starting job on GPU-2. Output: /home/cjj/projects/microbial-embeddings/analysis/Disease_classification_loo/Data/pretraining_datasize/result/T2DM/datasize_result_2/subset_table_1w/PRJNA1000711
train loss 0.5937636494636536, test loss 0.9179688096046448, train auc 0.725, test auc 0.540 train f1 0.607, test f1 0.512 train mcc 0.275, test mcc 0.133 train aupr 0.775, test aupr 0.489 train acc 0.672, test acc 0.549 confusion_matrix [[ 7 19]
 [ 4 21]]
    [T2DM/datasize_result_1/subset_table_8w/PRJNA788301] Job on GPU-3 completed.
    [T2DM/datasize_result_2/subset_table_1w/PRJNA588353] Starting job on GPU-3. Output: /home/cjj/projects/microbial-embeddings/analysis/Disease_classification_loo/Data/pretraining_datasize/result/T2DM/datasize_result_2/subset_table_1w/PRJNA588353
train loss 0.5149124264717102, test loss 1.1934823989868164, train auc 0.812, test auc 0.768 train f1 0.710, test f1 0.774 train mcc 0.436, test mcc 0.556 train aupr 0.862, test aupr 0.627 train acc 0.738, test acc 0.775 confusion_matrix [[14  6]
 [ 3 17]]
    [T2DM/datasize_result_1/subset_table_8w/PRJNA807457] Job on GPU-0 completed.
    [T2DM/datasize_result_2/subset_table_1w/PRJNA646010] Starting job on GPU-0. Output: /home/cjj/projects/microbial-embeddings/analysis/Disease_classification_loo/Data/pretraining_datasize/result/T2DM/datasize_result_2/subset_table_1w/PRJNA646010
train loss 0.5814629793167114, test loss 0.8451458811759949, train auc 0.741, test auc 0.674 train f1 0.642, test f1 0.663 train mcc 0.326, test mcc 0.441 train aupr 0.790, test aupr 0.617 train acc 0.692, test acc 0.683 confusion_matrix [[ 9 12]
 [ 1 19]]
    [T2DM/datasize_result_1/subset_table_8w/PRJNA819279] Job on GPU-6 completed.
    [T2DM/datasize_result_2/subset_table_1w/PRJNA668251] Starting job on GPU-6. Output: /home/cjj/projects/microbial-embeddings/analysis/Disease_classification_loo/Data/pretraining_datasize/result/T2DM/datasize_result_2/subset_table_1w/PRJNA668251
train loss 0.6432657837867737, test loss 0.6694024801254272, train auc 0.633, test auc 0.652 train f1 0.416, test f1 0.595 train mcc 0.075, test mcc 0.235 train aupr 0.703, test aupr 0.619 train acc 0.624, test acc 0.595 confusion_matrix [[25 25]
 [ 9 25]]
    [T2DM/datasize_result_2/subset_table_1w/PRJEB11419] Job on GPU-4 completed.
    [T2DM/datasize_result_2/subset_table_1w/PRJNA734860] Starting job on GPU-4. Output: /home/cjj/projects/microbial-embeddings/analysis/Disease_classification_loo/Data/pretraining_datasize/result/T2DM/datasize_result_2/subset_table_1w/PRJNA734860
train loss 0.6139147281646729, test loss 0.6091912984848022, train auc 0.693, test auc 1.000 train f1 0.450, test f1 0.948 train mcc 0.159, test mcc 0.901 train aupr 0.740, test aupr 1.000 train acc 0.624, test acc 0.952 confusion_matrix [[ 7  0]
 [ 1 13]]
    [T2DM/datasize_result_1/subset_table_8w/PRJNA879337] Job on GPU-7 completed.
    [T2DM/datasize_result_2/subset_table_1w/PRJNA766337] Starting job on GPU-7. Output: /home/cjj/projects/microbial-embeddings/analysis/Disease_classification_loo/Data/pretraining_datasize/result/T2DM/datasize_result_2/subset_table_1w/PRJNA766337
train loss 0.3967859148979187, test loss 0.7512050271034241, train auc 0.895, test auc 0.816 train f1 0.785, test f1 0.709 train mcc 0.590, test mcc 0.438 train aupr 0.928, test aupr 0.907 train acc 0.805, test acc 0.759 confusion_matrix [[ 5  5]
 [ 2 17]]
train loss 0.6432955861091614, test loss 0.7818713784217834, train auc 0.649, test auc 0.573 train f1 0.484, test f1 0.373 train mcc 0.150, test mcc 0.000 train aupr 0.700, test aupr 0.623 train acc 0.629, test acc 0.500 confusion_matrix [[ 1 19]
 [ 1 19]]
    [T2DM/datasize_result_1/subset_table_8w/PRJNA978958] Job on GPU-1 completed.
    [T2DM/datasize_result_2/subset_table_1w/PRJNA788301] Starting job on GPU-1. Output: /home/cjj/projects/microbial-embeddings/analysis/Disease_classification_loo/Data/pretraining_datasize/result/T2DM/datasize_result_2/subset_table_1w/PRJNA788301
    [T2DM/datasize_result_2/subset_table_1w/PRJEB59916] Job on GPU-5 completed.
    [T2DM/datasize_result_2/subset_table_1w/PRJNA807457] Starting job on GPU-5. Output: /home/cjj/projects/microbial-embeddings/analysis/Disease_classification_loo/Data/pretraining_datasize/result/T2DM/datasize_result_2/subset_table_1w/PRJNA807457
train loss 0.5739709734916687, test loss 0.5649593472480774, train auc 0.748, test auc 0.717 train f1 0.654, test f1 0.495 train mcc 0.334, test mcc 0.116 train aupr 0.807, test aupr 0.903 train acc 0.688, test acc 0.776 confusion_matrix [[ 1 14]
 [ 1 51]]
train loss 0.5548842549324036, test loss 0.753127932548523, train auc 0.774, test auc 0.745 train f1 0.640, test f1 0.644 train mcc 0.345, test mcc 0.385 train aupr 0.838, test aupr 0.669 train acc 0.699, test acc 0.667 confusion_matrix [[10 14]
 [ 2 22]]
    [T2DM/datasize_result_2/subset_table_1w/PRJNA1000711] Job on GPU-2 completed.
    [T2DM/datasize_result_2/subset_table_1w/PRJNA819279] Starting job on GPU-2. Output: /home/cjj/projects/microbial-embeddings/analysis/Disease_classification_loo/Data/pretraining_datasize/result/T2DM/datasize_result_2/subset_table_1w/PRJNA819279
train loss 0.5940962433815002, test loss 0.6634945273399353, train auc 0.721, test auc 0.725 train f1 0.607, test f1 0.707 train mcc 0.289, test mcc 0.438 train aupr 0.764, test aupr 0.764 train acc 0.675, test acc 0.732 confusion_matrix [[ 9  8]
 [ 3 21]]
    [T2DM/datasize_result_2/subset_table_1w/PRJNA588353] Job on GPU-3 completed.
    [T2DM/datasize_result_2/subset_table_1w/PRJNA879337] Starting job on GPU-3. Output: /home/cjj/projects/microbial-embeddings/analysis/Disease_classification_loo/Data/pretraining_datasize/result/T2DM/datasize_result_2/subset_table_1w/PRJNA879337
    [T2DM/datasize_result_2/subset_table_1w/PRJNA646010] Job on GPU-0 completed.
    [T2DM/datasize_result_2/subset_table_1w/PRJNA978958] Starting job on GPU-0. Output: /home/cjj/projects/microbial-embeddings/analysis/Disease_classification_loo/Data/pretraining_datasize/result/T2DM/datasize_result_2/subset_table_1w/PRJNA978958
  Processing embedding: subset_table_2w_100 (short name: subset_table_2w)
train loss 0.6530700922012329, test loss 0.7566882967948914, train auc 0.625, test auc 0.959 train f1 0.392, test f1 0.854 train mcc 0.058, test mcc 0.745 train aupr 0.693, test aupr 0.966 train acc 0.608, test acc 0.857 confusion_matrix [[7 0]
 [2 5]]
    [T2DM/datasize_result_2/subset_table_1w/PRJNA668251] Job on GPU-6 completed.
    [T2DM/datasize_result_2/subset_table_2w/PRJEB11419] Starting job on GPU-6. Output: /home/cjj/projects/microbial-embeddings/analysis/Disease_classification_loo/Data/pretraining_datasize/result/T2DM/datasize_result_2/subset_table_2w/PRJEB11419
train loss 0.6063398718833923, test loss 0.572723388671875, train auc 0.728, test auc 0.549 train f1 0.655, test f1 0.444 train mcc 0.339, test mcc 0.041 train aupr 0.728, test aupr 0.777 train acc 0.659, test acc 0.771 confusion_matrix [[  1 113]
 [  1 382]]
    [T2DM/datasize_result_2/subset_table_1w/PRJNA766337] Job on GPU-7 completed.
    [T2DM/datasize_result_2/subset_table_2w/PRJEB59916] Starting job on GPU-7. Output: /home/cjj/projects/microbial-embeddings/analysis/Disease_classification_loo/Data/pretraining_datasize/result/T2DM/datasize_result_2/subset_table_2w/PRJEB59916
train loss 0.370459645986557, test loss 1.2640793323516846, train auc 0.900, test auc 0.568 train f1 0.815, test f1 0.497 train mcc 0.640, test mcc 0.163 train aupr 0.941, test aupr 0.367 train acc 0.843, test acc 0.500 confusion_matrix [[46 95]
 [13 62]]
    [T2DM/datasize_result_2/subset_table_1w/PRJNA734860] Job on GPU-4 completed.
    [T2DM/datasize_result_2/subset_table_2w/PRJNA1000711] Starting job on GPU-4. Output: /home/cjj/projects/microbial-embeddings/analysis/Disease_classification_loo/Data/pretraining_datasize/result/T2DM/datasize_result_2/subset_table_2w/PRJNA1000711
train loss 0.5976046919822693, test loss 0.5150149464607239, train auc 0.722, test auc 0.842 train f1 0.657, test f1 0.741 train mcc 0.356, test mcc 0.525 train aupr 0.747, test aupr 0.900 train acc 0.702, test acc 0.793 confusion_matrix [[ 5  5]
 [ 1 18]]
train loss 0.5622596144676208, test loss 1.2653098106384277, train auc 0.764, test auc 0.589 train f1 0.669, test f1 0.320 train mcc 0.357, test mcc -0.144 train aupr 0.822, test aupr 0.547 train acc 0.704, test acc 0.471 confusion_matrix [[ 0 26]
 [ 1 24]]
train loss 0.5930249094963074, test loss 0.8835448622703552, train auc 0.723, test auc 0.557 train f1 0.641, test f1 0.505 train mcc 0.315, test mcc 0.227 train aupr 0.769, test aupr 0.507 train acc 0.687, test acc 0.575 confusion_matrix [[ 4 16]
 [ 1 19]]
    [T2DM/datasize_result_2/subset_table_1w/PRJNA978958] Job on GPU-0 completed.
    [T2DM/datasize_result_2/subset_table_2w/PRJNA588353] Starting job on GPU-0. Output: /home/cjj/projects/microbial-embeddings/analysis/Disease_classification_loo/Data/pretraining_datasize/result/T2DM/datasize_result_2/subset_table_2w/PRJNA588353
    [T2DM/datasize_result_2/subset_table_1w/PRJNA788301] Job on GPU-1 completed.
    [T2DM/datasize_result_2/subset_table_2w/PRJNA646010] Starting job on GPU-1. Output: /home/cjj/projects/microbial-embeddings/analysis/Disease_classification_loo/Data/pretraining_datasize/result/T2DM/datasize_result_2/subset_table_2w/PRJNA646010
    [T2DM/datasize_result_2/subset_table_1w/PRJNA807457] Job on GPU-5 completed.
    [T2DM/datasize_result_2/subset_table_2w/PRJNA668251] Starting job on GPU-5. Output: /home/cjj/projects/microbial-embeddings/analysis/Disease_classification_loo/Data/pretraining_datasize/result/T2DM/datasize_result_2/subset_table_2w/PRJNA668251
train loss 0.5325874090194702, test loss 0.7764183878898621, train auc 0.796, test auc 0.812 train f1 0.724, test f1 0.805 train mcc 0.457, test mcc 0.613 train aupr 0.847, test aupr 0.713 train acc 0.747, test acc 0.805 confusion_matrix [[16  5]
 [ 3 17]]
train loss 0.6289270520210266, test loss 0.623582124710083, train auc 0.660, test auc 1.000 train f1 0.571, test f1 0.948 train mcc 0.232, test mcc 0.901 train aupr 0.706, test aupr 1.000 train acc 0.652, test acc 0.952 confusion_matrix [[ 7  0]
 [ 1 13]]
    [T2DM/datasize_result_2/subset_table_1w/PRJNA819279] Job on GPU-2 completed.
    [T2DM/datasize_result_2/subset_table_2w/PRJNA734860] Starting job on GPU-2. Output: /home/cjj/projects/microbial-embeddings/analysis/Disease_classification_loo/Data/pretraining_datasize/result/T2DM/datasize_result_2/subset_table_2w/PRJNA734860
    [T2DM/datasize_result_2/subset_table_1w/PRJNA879337] Job on GPU-3 completed.
    [T2DM/datasize_result_2/subset_table_2w/PRJNA766337] Starting job on GPU-3. Output: /home/cjj/projects/microbial-embeddings/analysis/Disease_classification_loo/Data/pretraining_datasize/result/T2DM/datasize_result_2/subset_table_2w/PRJNA766337
train loss 0.6071787476539612, test loss 0.6662856340408325, train auc 0.694, test auc 0.688 train f1 0.572, test f1 0.501 train mcc 0.248, test mcc 0.215 train aupr 0.755, test aupr 0.580 train acc 0.669, test acc 0.524 confusion_matrix [[13 37]
 [ 3 31]]
    [T2DM/datasize_result_2/subset_table_2w/PRJEB11419] Job on GPU-6 completed.
    [T2DM/datasize_result_2/subset_table_2w/PRJNA788301] Starting job on GPU-6. Output: /home/cjj/projects/microbial-embeddings/analysis/Disease_classification_loo/Data/pretraining_datasize/result/T2DM/datasize_result_2/subset_table_2w/PRJNA788301
train loss 0.6218777894973755, test loss 0.8192582726478577, train auc 0.682, test auc 0.470 train f1 0.617, test f1 0.322 train mcc 0.282, test mcc -0.160 train aupr 0.736, test aupr 0.539 train acc 0.674, test acc 0.475 confusion_matrix [[ 0 20]
 [ 1 19]]
    [T2DM/datasize_result_2/subset_table_2w/PRJEB59916] Job on GPU-7 completed.
    [T2DM/datasize_result_2/subset_table_2w/PRJNA807457] Starting job on GPU-7. Output: /home/cjj/projects/microbial-embeddings/analysis/Disease_classification_loo/Data/pretraining_datasize/result/T2DM/datasize_result_2/subset_table_2w/PRJNA807457
train loss 0.5345125198364258, test loss 0.6578717231750488, train auc 0.794, test auc 0.760 train f1 0.689, test f1 0.723 train mcc 0.413, test mcc 0.479 train aupr 0.833, test aupr 0.676 train acc 0.728, test acc 0.729 confusion_matrix [[14 10]
 [ 3 21]]
train loss 0.5795952677726746, test loss 0.5467256307601929, train auc 0.752, test auc 0.785 train f1 0.601, test f1 0.729 train mcc 0.278, test mcc 0.461 train aupr 0.812, test aupr 0.923 train acc 0.665, test acc 0.821 confusion_matrix [[ 8  7]
 [ 5 47]]
    [T2DM/datasize_result_2/subset_table_2w/PRJNA588353] Job on GPU-0 completed.
    [T2DM/datasize_result_2/subset_table_2w/PRJNA819279] Starting job on GPU-0. Output: /home/cjj/projects/microbial-embeddings/analysis/Disease_classification_loo/Data/pretraining_datasize/result/T2DM/datasize_result_2/subset_table_2w/PRJNA819279
    [T2DM/datasize_result_2/subset_table_2w/PRJNA1000711] Job on GPU-4 completed.
    [T2DM/datasize_result_2/subset_table_2w/PRJNA879337] Starting job on GPU-4. Output: /home/cjj/projects/microbial-embeddings/analysis/Disease_classification_loo/Data/pretraining_datasize/result/T2DM/datasize_result_2/subset_table_2w/PRJNA879337
train loss 0.36843305826187134, test loss 1.1872947216033936, train auc 0.914, test auc 0.599 train f1 0.828, test f1 0.453 train mcc 0.659, test mcc 0.081 train aupr 0.919, test aupr 0.813 train acc 0.828, test acc 0.773 confusion_matrix [[  2 112]
 [  1 382]]
    [T2DM/datasize_result_2/subset_table_2w/PRJNA766337] Job on GPU-3 completed.
    [T2DM/datasize_result_2/subset_table_2w/PRJNA978958] Starting job on GPU-3. Output: /home/cjj/projects/microbial-embeddings/analysis/Disease_classification_loo/Data/pretraining_datasize/result/T2DM/datasize_result_2/subset_table_2w/PRJNA978958
  Processing embedding: subset_table_4w_100 (short name: subset_table_4w)
train loss 0.5210671424865723, test loss 0.7586186528205872, train auc 0.792, test auc 0.559 train f1 0.638, test f1 0.408 train mcc 0.364, test mcc 0.145 train aupr 0.869, test aupr 0.384 train acc 0.735, test acc 0.435 confusion_matrix [[ 24 117]
 [  5  70]]
train loss 0.6152977347373962, test loss 0.7728883624076843, train auc 0.696, test auc 0.959 train f1 0.553, test f1 0.854 train mcc 0.209, test mcc 0.745 train aupr 0.757, test aupr 0.966 train acc 0.646, test acc 0.857 confusion_matrix [[7 0]
 [2 5]]
train loss 0.34318479895591736, test loss 0.6989935040473938, train auc 0.924, test auc 0.593 train f1 0.839, test f1 0.359 train mcc 0.680, test mcc -0.133 train aupr 0.951, test aupr 0.646 train acc 0.848, test acc 0.561 confusion_matrix [[ 0 17]
 [ 1 23]]
    [T2DM/datasize_result_2/subset_table_2w/PRJNA734860] Job on GPU-2 completed.
    [T2DM/datasize_result_2/subset_table_4w/PRJEB11419] Starting job on GPU-2. Output: /home/cjj/projects/microbial-embeddings/analysis/Disease_classification_loo/Data/pretraining_datasize/result/T2DM/datasize_result_2/subset_table_4w/PRJEB11419
    [T2DM/datasize_result_2/subset_table_2w/PRJNA668251] Job on GPU-5 completed.
    [T2DM/datasize_result_2/subset_table_4w/PRJEB59916] Starting job on GPU-5. Output: /home/cjj/projects/microbial-embeddings/analysis/Disease_classification_loo/Data/pretraining_datasize/result/T2DM/datasize_result_2/subset_table_4w/PRJEB59916
    [T2DM/datasize_result_2/subset_table_2w/PRJNA646010] Job on GPU-1 completed.
    [T2DM/datasize_result_2/subset_table_4w/PRJNA1000711] Starting job on GPU-1. Output: /home/cjj/projects/microbial-embeddings/analysis/Disease_classification_loo/Data/pretraining_datasize/result/T2DM/datasize_result_2/subset_table_4w/PRJNA1000711
train loss 0.43672284483909607, test loss 1.7701919078826904, train auc 0.872, test auc 0.697 train f1 0.805, test f1 0.618 train mcc 0.612, test mcc 0.277 train aupr 0.912, test aupr 0.746 train acc 0.816, test acc 0.627 confusion_matrix [[12 14]
 [ 5 20]]
    [T2DM/datasize_result_2/subset_table_2w/PRJNA788301] Job on GPU-6 completed.
    [T2DM/datasize_result_2/subset_table_4w/PRJNA588353] Starting job on GPU-6. Output: /home/cjj/projects/microbial-embeddings/analysis/Disease_classification_loo/Data/pretraining_datasize/result/T2DM/datasize_result_2/subset_table_4w/PRJNA588353
train loss 0.5071972608566284, test loss 0.9636237621307373, train auc 0.817, test auc 0.926 train f1 0.746, test f1 0.829 train mcc 0.492, test mcc 0.667 train aupr 0.872, test aupr 0.930 train acc 0.760, test acc 0.829 confusion_matrix [[16  5]
 [ 2 18]]
    [T2DM/datasize_result_2/subset_table_2w/PRJNA819279] Job on GPU-0 completed.
    [T2DM/datasize_result_2/subset_table_4w/PRJNA646010] Starting job on GPU-0. Output: /home/cjj/projects/microbial-embeddings/analysis/Disease_classification_loo/Data/pretraining_datasize/result/T2DM/datasize_result_2/subset_table_4w/PRJNA646010
train loss 0.3588431179523468, test loss 0.8230190277099609, train auc 0.918, test auc 0.708 train f1 0.838, test f1 0.725 train mcc 0.681, test mcc 0.451 train aupr 0.944, test aupr 0.696 train acc 0.849, test acc 0.725 confusion_matrix [[15  5]
 [ 6 14]]
    [T2DM/datasize_result_2/subset_table_2w/PRJNA807457] Job on GPU-7 completed.
    [T2DM/datasize_result_2/subset_table_4w/PRJNA668251] Starting job on GPU-7. Output: /home/cjj/projects/microbial-embeddings/analysis/Disease_classification_loo/Data/pretraining_datasize/result/T2DM/datasize_result_2/subset_table_4w/PRJNA668251
train loss 0.6260252594947815, test loss 0.615924596786499, train auc 0.671, test auc 1.000 train f1 0.595, test f1 0.948 train mcc 0.247, test mcc 0.901 train aupr 0.716, test aupr 1.000 train acc 0.658, test acc 0.952 confusion_matrix [[ 7  0]
 [ 1 13]]
    [T2DM/datasize_result_2/subset_table_2w/PRJNA879337] Job on GPU-4 completed.
    [T2DM/datasize_result_2/subset_table_4w/PRJNA734860] Starting job on GPU-4. Output: /home/cjj/projects/microbial-embeddings/analysis/Disease_classification_loo/Data/pretraining_datasize/result/T2DM/datasize_result_2/subset_table_4w/PRJNA734860
train loss 0.5151589512825012, test loss 0.5249049663543701, train auc 0.819, test auc 0.816 train f1 0.732, test f1 0.685 train mcc 0.480, test mcc 0.437 train aupr 0.864, test aupr 0.891 train acc 0.756, test acc 0.759 confusion_matrix [[ 4  6]
 [ 1 18]]
train loss 0.62052321434021, test loss 0.7783945798873901, train auc 0.678, test auc 0.568 train f1 0.621, test f1 0.373 train mcc 0.284, test mcc 0.000 train aupr 0.718, test aupr 0.574 train acc 0.674, test acc 0.500 confusion_matrix [[ 1 19]
 [ 1 19]]
train loss 0.3776118755340576, test loss 0.8163678050041199, train auc 0.909, test auc 0.725 train f1 0.832, test f1 0.676 train mcc 0.664, test mcc 0.464 train aupr 0.945, test aupr 0.545 train acc 0.842, test acc 0.679 confusion_matrix [[25 25]
 [ 2 32]]
    [T2DM/datasize_result_2/subset_table_2w/PRJNA978958] Job on GPU-3 completed.
    [T2DM/datasize_result_2/subset_table_4w/PRJNA766337] Starting job on GPU-3. Output: /home/cjj/projects/microbial-embeddings/analysis/Disease_classification_loo/Data/pretraining_datasize/result/T2DM/datasize_result_2/subset_table_4w/PRJNA766337
    [T2DM/datasize_result_2/subset_table_4w/PRJEB59916] Job on GPU-5 completed.
    [T2DM/datasize_result_2/subset_table_4w/PRJNA788301] Starting job on GPU-5. Output: /home/cjj/projects/microbial-embeddings/analysis/Disease_classification_loo/Data/pretraining_datasize/result/T2DM/datasize_result_2/subset_table_4w/PRJNA788301
    [T2DM/datasize_result_2/subset_table_4w/PRJEB11419] Job on GPU-2 completed.
    [T2DM/datasize_result_2/subset_table_4w/PRJNA807457] Starting job on GPU-2. Output: /home/cjj/projects/microbial-embeddings/analysis/Disease_classification_loo/Data/pretraining_datasize/result/T2DM/datasize_result_2/subset_table_4w/PRJNA807457
train loss 0.519493579864502, test loss 0.5265376567840576, train auc 0.813, test auc 0.763 train f1 0.742, test f1 0.714 train mcc 0.489, test mcc 0.429 train aupr 0.845, test aupr 0.905 train acc 0.757, test acc 0.806 confusion_matrix [[ 8  7]
 [ 6 46]]
    [T2DM/datasize_result_2/subset_table_4w/PRJNA1000711] Job on GPU-1 completed.
    [T2DM/datasize_result_2/subset_table_4w/PRJNA819279] Starting job on GPU-1. Output: /home/cjj/projects/microbial-embeddings/analysis/Disease_classification_loo/Data/pretraining_datasize/result/T2DM/datasize_result_2/subset_table_4w/PRJNA819279
train loss 0.3899098336696625, test loss 1.3066438436508179, train auc 0.898, test auc 0.724 train f1 0.795, test f1 0.561 train mcc 0.606, test mcc 0.267 train aupr 0.930, test aupr 0.760 train acc 0.814, test acc 0.604 confusion_matrix [[ 7 17]
 [ 2 22]]
    [T2DM/datasize_result_2/subset_table_4w/PRJNA588353] Job on GPU-6 completed.
    [T2DM/datasize_result_2/subset_table_4w/PRJNA879337] Starting job on GPU-6. Output: /home/cjj/projects/microbial-embeddings/analysis/Disease_classification_loo/Data/pretraining_datasize/result/T2DM/datasize_result_2/subset_table_4w/PRJNA879337
train loss 0.5743699073791504, test loss 0.642936110496521, train auc 0.752, test auc 0.654 train f1 0.653, test f1 0.418 train mcc 0.340, test mcc 0.039 train aupr 0.806, test aupr 0.771 train acc 0.696, test acc 0.585 confusion_matrix [[ 1 16]
 [ 1 23]]
    [T2DM/datasize_result_2/subset_table_4w/PRJNA646010] Job on GPU-0 completed.
    [T2DM/datasize_result_2/subset_table_4w/PRJNA978958] Starting job on GPU-0. Output: /home/cjj/projects/microbial-embeddings/analysis/Disease_classification_loo/Data/pretraining_datasize/result/T2DM/datasize_result_2/subset_table_4w/PRJNA978958
  Processing embedding: subset_table_8w_100 (short name: subset_table_8w)
train loss 0.6374384760856628, test loss 0.5381665229797363, train auc 0.684, test auc 0.589 train f1 0.616, test f1 0.452 train mcc 0.268, test mcc 0.058 train aupr 0.657, test aupr 0.806 train acc 0.623, test acc 0.771 confusion_matrix [[  2 112]
 [  2 381]]
train loss 0.30005109310150146, test loss 1.8107835054397583, train auc 0.936, test auc 0.615 train f1 0.856, test f1 0.477 train mcc 0.723, test mcc 0.189 train aupr 0.962, test aupr 0.439 train acc 0.878, test acc 0.486 confusion_matrix [[ 38 103]
 [  8  67]]
    [T2DM/datasize_result_2/subset_table_4w/PRJNA766337] Job on GPU-3 completed.
    [T2DM/datasize_result_2/subset_table_8w/PRJEB11419] Starting job on GPU-3. Output: /home/cjj/projects/microbial-embeddings/analysis/Disease_classification_loo/Data/pretraining_datasize/result/T2DM/datasize_result_2/subset_table_8w/PRJEB11419
train loss 0.6532751321792603, test loss 0.7676951885223389, train auc 0.638, test auc 0.959 train f1 0.435, test f1 0.854 train mcc 0.097, test mcc 0.745 train aupr 0.703, test aupr 0.966 train acc 0.614, test acc 0.857 confusion_matrix [[7 0]
 [2 5]]
    [T2DM/datasize_result_2/subset_table_4w/PRJNA734860] Job on GPU-4 completed.
    [T2DM/datasize_result_2/subset_table_8w/PRJEB59916] Starting job on GPU-4. Output: /home/cjj/projects/microbial-embeddings/analysis/Disease_classification_loo/Data/pretraining_datasize/result/T2DM/datasize_result_2/subset_table_8w/PRJEB59916
    [T2DM/datasize_result_2/subset_table_4w/PRJNA668251] Job on GPU-7 completed.
    [T2DM/datasize_result_2/subset_table_8w/PRJNA1000711] Starting job on GPU-7. Output: /home/cjj/projects/microbial-embeddings/analysis/Disease_classification_loo/Data/pretraining_datasize/result/T2DM/datasize_result_2/subset_table_8w/PRJNA1000711
train loss 0.520329475402832, test loss 1.361430287361145, train auc 0.806, test auc 0.571 train f1 0.696, test f1 0.539 train mcc 0.421, test mcc 0.174 train aupr 0.863, test aupr 0.534 train acc 0.732, test acc 0.569 confusion_matrix [[ 8 18]
 [ 4 21]]
train loss 0.594342052936554, test loss 0.7928592562675476, train auc 0.723, test auc 0.670 train f1 0.658, test f1 0.635 train mcc 0.331, test mcc 0.327 train aupr 0.771, test aupr 0.615 train acc 0.691, test acc 0.650 confusion_matrix [[ 9 11]
 [ 3 17]]
    [T2DM/datasize_result_2/subset_table_4w/PRJNA788301] Job on GPU-5 completed.
    [T2DM/datasize_result_2/subset_table_8w/PRJNA588353] Starting job on GPU-5. Output: /home/cjj/projects/microbial-embeddings/analysis/Disease_classification_loo/Data/pretraining_datasize/result/T2DM/datasize_result_2/subset_table_8w/PRJNA588353
    [T2DM/datasize_result_2/subset_table_4w/PRJNA807457] Job on GPU-2 completed.
    [T2DM/datasize_result_2/subset_table_8w/PRJNA646010] Starting job on GPU-2. Output: /home/cjj/projects/microbial-embeddings/analysis/Disease_classification_loo/Data/pretraining_datasize/result/T2DM/datasize_result_2/subset_table_8w/PRJNA646010
train loss 0.5851186513900757, test loss 0.8078435063362122, train auc 0.737, test auc 0.750 train f1 0.643, test f1 0.731 train mcc 0.326, test mcc 0.470 train aupr 0.795, test aupr 0.628 train acc 0.692, test acc 0.732 confusion_matrix [[14  7]
 [ 4 16]]
    [T2DM/datasize_result_2/subset_table_4w/PRJNA819279] Job on GPU-1 completed.
    [T2DM/datasize_result_2/subset_table_8w/PRJNA668251] Starting job on GPU-1. Output: /home/cjj/projects/microbial-embeddings/analysis/Disease_classification_loo/Data/pretraining_datasize/result/T2DM/datasize_result_2/subset_table_8w/PRJNA668251
train loss 0.6557359099388123, test loss 0.624674379825592, train auc 0.632, test auc 1.000 train f1 0.444, test f1 0.948 train mcc 0.104, test mcc 0.901 train aupr 0.683, test aupr 1.000 train acc 0.614, test acc 0.952 confusion_matrix [[ 7  0]
 [ 1 13]]
    [T2DM/datasize_result_2/subset_table_4w/PRJNA879337] Job on GPU-6 completed.
    [T2DM/datasize_result_2/subset_table_8w/PRJNA734860] Starting job on GPU-6. Output: /home/cjj/projects/microbial-embeddings/analysis/Disease_classification_loo/Data/pretraining_datasize/result/T2DM/datasize_result_2/subset_table_8w/PRJNA734860
train loss 0.6000781655311584, test loss 0.6106798648834229, train auc 0.715, test auc 0.742 train f1 0.613, test f1 0.685 train mcc 0.284, test mcc 0.437 train aupr 0.764, test aupr 0.850 train acc 0.672, test acc 0.759 confusion_matrix [[ 4  6]
 [ 1 18]]
    [T2DM/datasize_result_2/subset_table_4w/PRJNA978958] Job on GPU-0 completed.
    [T2DM/datasize_result_2/subset_table_8w/PRJNA766337] Starting job on GPU-0. Output: /home/cjj/projects/microbial-embeddings/analysis/Disease_classification_loo/Data/pretraining_datasize/result/T2DM/datasize_result_2/subset_table_8w/PRJNA766337
train loss 0.5496988892555237, test loss 0.6788042783737183, train auc 0.776, test auc 0.718 train f1 0.656, test f1 0.690 train mcc 0.361, test mcc 0.408 train aupr 0.839, test aupr 0.558 train acc 0.711, test acc 0.690 confusion_matrix [[31 19]
 [ 7 27]]
    [T2DM/datasize_result_2/subset_table_8w/PRJEB11419] Job on GPU-3 completed.
    [T2DM/datasize_result_2/subset_table_8w/PRJNA788301] Starting job on GPU-3. Output: /home/cjj/projects/microbial-embeddings/analysis/Disease_classification_loo/Data/pretraining_datasize/result/T2DM/datasize_result_2/subset_table_8w/PRJNA788301
train loss 0.6154749393463135, test loss 0.7844756841659546, train auc 0.684, test auc 0.487 train f1 0.631, test f1 0.373 train mcc 0.288, test mcc 0.000 train aupr 0.731, test aupr 0.541 train acc 0.674, test acc 0.500 confusion_matrix [[ 1 19]
 [ 1 19]]
train loss 0.4947058856487274, test loss 0.5092357993125916, train auc 0.837, test auc 0.796 train f1 0.757, test f1 0.791 train mcc 0.519, test mcc 0.590 train aupr 0.878, test aupr 0.888 train acc 0.771, test acc 0.866 confusion_matrix [[ 9  6]
 [ 3 49]]
    [T2DM/datasize_result_2/subset_table_8w/PRJEB59916] Job on GPU-4 completed.
    [T2DM/datasize_result_2/subset_table_8w/PRJNA807457] Starting job on GPU-4. Output: /home/cjj/projects/microbial-embeddings/analysis/Disease_classification_loo/Data/pretraining_datasize/result/T2DM/datasize_result_2/subset_table_8w/PRJNA807457
    [T2DM/datasize_result_2/subset_table_8w/PRJNA1000711] Job on GPU-7 completed.
    [T2DM/datasize_result_2/subset_table_8w/PRJNA819279] Starting job on GPU-7. Output: /home/cjj/projects/microbial-embeddings/analysis/Disease_classification_loo/Data/pretraining_datasize/result/T2DM/datasize_result_2/subset_table_8w/PRJNA819279
train loss 0.37968239188194275, test loss 1.8814729452133179, train auc 0.907, test auc 0.785 train f1 0.800, test f1 0.695 train mcc 0.618, test mcc 0.458 train aupr 0.939, test aupr 0.798 train acc 0.819, test acc 0.708 confusion_matrix [[12 12]
 [ 2 22]]
    [T2DM/datasize_result_2/subset_table_8w/PRJNA588353] Job on GPU-5 completed.
    [T2DM/datasize_result_2/subset_table_8w/PRJNA879337] Starting job on GPU-5. Output: /home/cjj/projects/microbial-embeddings/analysis/Disease_classification_loo/Data/pretraining_datasize/result/T2DM/datasize_result_2/subset_table_8w/PRJNA879337
train loss 0.3446557819843292, test loss 0.9440745115280151, train auc 0.924, test auc 0.895 train f1 0.843, test f1 0.823 train mcc 0.694, test mcc 0.646 train aupr 0.943, test aupr 0.925 train acc 0.855, test acc 0.829 confusion_matrix [[13  4]
 [ 3 21]]
train loss 0.6498741507530212, test loss 0.7767946124076843, train auc 0.641, test auc 0.939 train f1 0.394, test f1 0.854 train mcc 0.056, test mcc 0.745 train aupr 0.719, test aupr 0.955 train acc 0.608, test acc 0.857 confusion_matrix [[7 0]
 [2 5]]
    [T2DM/datasize_result_2/subset_table_8w/PRJNA646010] Job on GPU-2 completed.
    [T2DM/datasize_result_2/subset_table_8w/PRJNA978958] Starting job on GPU-2. Output: /home/cjj/projects/microbial-embeddings/analysis/Disease_classification_loo/Data/pretraining_datasize/result/T2DM/datasize_result_2/subset_table_8w/PRJNA978958
Processing data size directory: datasize_result_3
  Processing embedding: subset_table_1w_100 (short name: subset_table_1w)
    [T2DM/datasize_result_2/subset_table_8w/PRJNA668251] Job on GPU-1 completed.
    [T2DM/datasize_result_3/subset_table_1w/PRJEB11419] Starting job on GPU-1. Output: /home/cjj/projects/microbial-embeddings/analysis/Disease_classification_loo/Data/pretraining_datasize/result/T2DM/datasize_result_3/subset_table_1w/PRJEB11419
train loss 0.642497718334198, test loss 0.7174256443977356, train auc 0.570, test auc 0.574 train f1 0.404, test f1 0.421 train mcc 0.038, test mcc 0.117 train aupr 0.720, test aupr 0.410 train acc 0.661, test acc 0.440 confusion_matrix [[ 28 113]
 [  8  67]]
    [T2DM/datasize_result_2/subset_table_8w/PRJNA734860] Job on GPU-6 completed.
    [T2DM/datasize_result_3/subset_table_1w/PRJEB59916] Starting job on GPU-6. Output: /home/cjj/projects/microbial-embeddings/analysis/Disease_classification_loo/Data/pretraining_datasize/result/T2DM/datasize_result_3/subset_table_1w/PRJEB59916
train loss 0.6275562644004822, test loss 0.530467689037323, train auc 0.702, test auc 0.588 train f1 0.643, test f1 0.461 train mcc 0.300, test mcc 0.089 train aupr 0.705, test aupr 0.798 train acc 0.645, test acc 0.773 confusion_matrix [[  3 111]
 [  2 381]]
    [T2DM/datasize_result_2/subset_table_8w/PRJNA766337] Job on GPU-0 completed.
    [T2DM/datasize_result_3/subset_table_1w/PRJNA1000711] Starting job on GPU-0. Output: /home/cjj/projects/microbial-embeddings/analysis/Disease_classification_loo/Data/pretraining_datasize/result/T2DM/datasize_result_3/subset_table_1w/PRJNA1000711
train loss 0.5697415471076965, test loss 1.0717041492462158, train auc 0.757, test auc 0.555 train f1 0.677, test f1 0.320 train mcc 0.376, test mcc -0.144 train aupr 0.800, test aupr 0.509 train acc 0.713, test acc 0.471 confusion_matrix [[ 0 26]
 [ 1 24]]
    [T2DM/datasize_result_2/subset_table_8w/PRJNA788301] Job on GPU-3 completed.
    [T2DM/datasize_result_3/subset_table_1w/PRJNA588353] Starting job on GPU-3. Output: /home/cjj/projects/microbial-embeddings/analysis/Disease_classification_loo/Data/pretraining_datasize/result/T2DM/datasize_result_3/subset_table_1w/PRJNA588353
train loss 0.5581333637237549, test loss 0.7759552001953125, train auc 0.769, test auc 0.607 train f1 0.682, test f1 0.540 train mcc 0.393, test mcc 0.180 train aupr 0.816, test aupr 0.588 train acc 0.720, test acc 0.575 confusion_matrix [[ 6 14]
 [ 3 17]]
train loss 0.43322816491127014, test loss 0.8161214590072632, train auc 0.875, test auc 0.833 train f1 0.795, test f1 0.805 train mcc 0.594, test mcc 0.613 train aupr 0.915, test aupr 0.766 train acc 0.809, test acc 0.805 confusion_matrix [[16  5]
 [ 3 17]]
    [T2DM/datasize_result_2/subset_table_8w/PRJNA807457] Job on GPU-4 completed.
    [T2DM/datasize_result_3/subset_table_1w/PRJNA646010] Starting job on GPU-4. Output: /home/cjj/projects/microbial-embeddings/analysis/Disease_classification_loo/Data/pretraining_datasize/result/T2DM/datasize_result_3/subset_table_1w/PRJNA646010
    [T2DM/datasize_result_2/subset_table_8w/PRJNA819279] Job on GPU-7 completed.
    [T2DM/datasize_result_3/subset_table_1w/PRJNA668251] Starting job on GPU-7. Output: /home/cjj/projects/microbial-embeddings/analysis/Disease_classification_loo/Data/pretraining_datasize/result/T2DM/datasize_result_3/subset_table_1w/PRJNA668251
train loss 0.6038019061088562, test loss 0.46702444553375244, train auc 0.713, test auc 1.000 train f1 0.609, test f1 0.948 train mcc 0.283, test mcc 0.901 train aupr 0.768, test aupr 1.000 train acc 0.672, test acc 0.952 confusion_matrix [[ 7  0]
 [ 1 13]]
train loss 0.6240057349205017, test loss 0.667315661907196, train auc 0.656, test auc 0.709 train f1 0.637, test f1 0.642 train mcc 0.305, test mcc 0.362 train aupr 0.724, test aupr 0.565 train acc 0.688, test acc 0.643 confusion_matrix [[25 25]
 [ 5 29]]
    [T2DM/datasize_result_2/subset_table_8w/PRJNA879337] Job on GPU-5 completed.
    [T2DM/datasize_result_3/subset_table_1w/PRJNA734860] Starting job on GPU-5. Output: /home/cjj/projects/microbial-embeddings/analysis/Disease_classification_loo/Data/pretraining_datasize/result/T2DM/datasize_result_3/subset_table_1w/PRJNA734860
    [T2DM/datasize_result_3/subset_table_1w/PRJEB11419] Job on GPU-1 completed.
    [T2DM/datasize_result_3/subset_table_1w/PRJNA766337] Starting job on GPU-1. Output: /home/cjj/projects/microbial-embeddings/analysis/Disease_classification_loo/Data/pretraining_datasize/result/T2DM/datasize_result_3/subset_table_1w/PRJNA766337
train loss 0.44111454486846924, test loss 0.594174325466156, train auc 0.867, test auc 0.805 train f1 0.751, test f1 0.655 train mcc 0.523, test mcc 0.346 train aupr 0.905, test aupr 0.900 train acc 0.775, test acc 0.724 confusion_matrix [[ 4  6]
 [ 2 17]]
    [T2DM/datasize_result_2/subset_table_8w/PRJNA978958] Job on GPU-2 completed.
    [T2DM/datasize_result_3/subset_table_1w/PRJNA788301] Starting job on GPU-2. Output: /home/cjj/projects/microbial-embeddings/analysis/Disease_classification_loo/Data/pretraining_datasize/result/T2DM/datasize_result_3/subset_table_1w/PRJNA788301
train loss 0.6524218320846558, test loss 0.7663190364837646, train auc 0.643, test auc 0.607 train f1 0.398, test f1 0.573 train mcc 0.085, test mcc 0.231 train aupr 0.701, test aupr 0.619 train acc 0.613, test acc 0.600 confusion_matrix [[ 7 13]
 [ 3 17]]
    [T2DM/datasize_result_3/subset_table_1w/PRJEB59916] Job on GPU-6 completed.
    [T2DM/datasize_result_3/subset_table_1w/PRJNA807457] Starting job on GPU-6. Output: /home/cjj/projects/microbial-embeddings/analysis/Disease_classification_loo/Data/pretraining_datasize/result/T2DM/datasize_result_3/subset_table_1w/PRJNA807457
train loss 0.598719596862793, test loss 0.5503191947937012, train auc 0.733, test auc 0.763 train f1 0.611, test f1 0.540 train mcc 0.291, test mcc 0.167 train aupr 0.778, test aupr 0.934 train acc 0.670, test acc 0.776 confusion_matrix [[ 2 13]
 [ 2 50]]
    [T2DM/datasize_result_3/subset_table_1w/PRJNA1000711] Job on GPU-0 completed.
    [T2DM/datasize_result_3/subset_table_1w/PRJNA819279] Starting job on GPU-0. Output: /home/cjj/projects/microbial-embeddings/analysis/Disease_classification_loo/Data/pretraining_datasize/result/T2DM/datasize_result_3/subset_table_1w/PRJNA819279
train loss 0.4416106045246124, test loss 0.8557275533676147, train auc 0.867, test auc 0.743 train f1 0.780, test f1 0.746 train mcc 0.568, test mcc 0.516 train aupr 0.905, test aupr 0.652 train acc 0.798, test acc 0.750 confusion_matrix [[21  3]
 [ 9 15]]
train loss 0.5811530351638794, test loss 0.5883771777153015, train auc 0.764, test auc 0.585 train f1 0.699, test f1 0.435 train mcc 0.405, test mcc -0.024 train aupr 0.761, test aupr 0.809 train acc 0.699, test acc 0.769 confusion_matrix [[  0 114]
 [  1 382]]
train loss 0.5033751130104065, test loss 0.7386239767074585, train auc 0.823, test auc 0.608 train f1 0.730, test f1 0.418 train mcc 0.479, test mcc 0.039 train aupr 0.864, test aupr 0.702 train acc 0.756, test acc 0.585 confusion_matrix [[ 1 16]
 [ 1 23]]
    [T2DM/datasize_result_3/subset_table_1w/PRJNA588353] Job on GPU-3 completed.
    [T2DM/datasize_result_3/subset_table_1w/PRJNA879337] Starting job on GPU-3. Output: /home/cjj/projects/microbial-embeddings/analysis/Disease_classification_loo/Data/pretraining_datasize/result/T2DM/datasize_result_3/subset_table_1w/PRJNA879337
    [T2DM/datasize_result_3/subset_table_1w/PRJNA766337] Job on GPU-1 completed.
    [T2DM/datasize_result_3/subset_table_1w/PRJNA978958] Starting job on GPU-1. Output: /home/cjj/projects/microbial-embeddings/analysis/Disease_classification_loo/Data/pretraining_datasize/result/T2DM/datasize_result_3/subset_table_1w/PRJNA978958
  Processing embedding: subset_table_2w_100 (short name: subset_table_2w)
train loss 0.6289738416671753, test loss 0.7690598964691162, train auc 0.656, test auc 0.959 train f1 0.517, test f1 0.854 train mcc 0.167, test mcc 0.745 train aupr 0.704, test aupr 0.966 train acc 0.632, test acc 0.857 confusion_matrix [[7 0]
 [2 5]]
    [T2DM/datasize_result_3/subset_table_1w/PRJNA646010] Job on GPU-4 completed.
    [T2DM/datasize_result_3/subset_table_2w/PRJEB11419] Starting job on GPU-4. Output: /home/cjj/projects/microbial-embeddings/analysis/Disease_classification_loo/Data/pretraining_datasize/result/T2DM/datasize_result_3/subset_table_2w/PRJEB11419
    [T2DM/datasize_result_3/subset_table_1w/PRJNA668251] Job on GPU-7 completed.
    [T2DM/datasize_result_3/subset_table_2w/PRJEB59916] Starting job on GPU-7. Output: /home/cjj/projects/microbial-embeddings/analysis/Disease_classification_loo/Data/pretraining_datasize/result/T2DM/datasize_result_3/subset_table_2w/PRJEB59916
train loss 0.48089489340782166, test loss 0.8650109171867371, train auc 0.817, test auc 0.643 train f1 0.709, test f1 0.616 train mcc 0.474, test mcc 0.263 train aupr 0.882, test aupr 0.486 train acc 0.775, test acc 0.625 confusion_matrix [[84 57]
 [24 51]]
    [T2DM/datasize_result_3/subset_table_1w/PRJNA734860] Job on GPU-5 completed.
    [T2DM/datasize_result_3/subset_table_2w/PRJNA1000711] Starting job on GPU-5. Output: /home/cjj/projects/microbial-embeddings/analysis/Disease_classification_loo/Data/pretraining_datasize/result/T2DM/datasize_result_3/subset_table_2w/PRJNA1000711
train loss 0.5960155725479126, test loss 0.8048408627510071, train auc 0.720, test auc 0.580 train f1 0.609, test f1 0.471 train mcc 0.301, test mcc 0.099 train aupr 0.772, test aupr 0.612 train acc 0.682, test acc 0.529 confusion_matrix [[ 5 21]
 [ 3 22]]
    [T2DM/datasize_result_3/subset_table_1w/PRJNA788301] Job on GPU-2 completed.
    [T2DM/datasize_result_3/subset_table_2w/PRJNA588353] Starting job on GPU-2. Output: /home/cjj/projects/microbial-embeddings/analysis/Disease_classification_loo/Data/pretraining_datasize/result/T2DM/datasize_result_3/subset_table_2w/PRJNA588353
train loss 0.5412118434906006, test loss 0.730709433555603, train auc 0.787, test auc 0.640 train f1 0.688, test f1 0.635 train mcc 0.412, test mcc 0.327 train aupr 0.846, test aupr 0.590 train acc 0.728, test acc 0.650 confusion_matrix [[ 9 11]
 [ 3 17]]
    [T2DM/datasize_result_3/subset_table_1w/PRJNA807457] Job on GPU-6 completed.
    [T2DM/datasize_result_3/subset_table_2w/PRJNA646010] Starting job on GPU-6. Output: /home/cjj/projects/microbial-embeddings/analysis/Disease_classification_loo/Data/pretraining_datasize/result/T2DM/datasize_result_3/subset_table_2w/PRJNA646010
train loss 0.45027509331703186, test loss 0.8216025829315186, train auc 0.856, test auc 0.652 train f1 0.763, test f1 0.569 train mcc 0.555, test mcc 0.199 train aupr 0.891, test aupr 0.670 train acc 0.790, test acc 0.585 confusion_matrix [[ 8 13]
 [ 4 16]]
    [T2DM/datasize_result_3/subset_table_1w/PRJNA819279] Job on GPU-0 completed.
    [T2DM/datasize_result_3/subset_table_2w/PRJNA668251] Starting job on GPU-0. Output: /home/cjj/projects/microbial-embeddings/analysis/Disease_classification_loo/Data/pretraining_datasize/result/T2DM/datasize_result_3/subset_table_2w/PRJNA668251
train loss 0.6258518695831299, test loss 0.6701108813285828, train auc 0.652, test auc 0.676 train f1 0.604, test f1 0.676 train mcc 0.276, test mcc 0.352 train aupr 0.705, test aupr 0.624 train acc 0.679, test acc 0.690 confusion_matrix [[38 12]
 [14 20]]
train loss 0.6498976945877075, test loss 0.7598091959953308, train auc 0.637, test auc 0.485 train f1 0.377, test f1 0.322 train mcc -0.024, test mcc -0.160 train aupr 0.698, test aupr 0.571 train acc 0.606, test acc 0.475 confusion_matrix [[ 0 20]
 [ 1 19]]
train loss 0.5572066903114319, test loss 0.5710937976837158, train auc 0.774, test auc 0.980 train f1 0.679, test f1 0.893 train mcc 0.406, test mcc 0.786 train aupr 0.819, test aupr 0.990 train acc 0.723, test acc 0.905 confusion_matrix [[ 6  1]
 [ 1 13]]
train loss 0.586738646030426, test loss 0.550977885723114, train auc 0.730, test auc 0.800 train f1 0.574, test f1 0.623 train mcc 0.275, test mcc 0.341 train aupr 0.775, test aupr 0.895 train acc 0.666, test acc 0.724 confusion_matrix [[ 3  7]
 [ 1 18]]
    [T2DM/datasize_result_3/subset_table_2w/PRJEB11419] Job on GPU-4 completed.
    [T2DM/datasize_result_3/subset_table_2w/PRJNA734860] Starting job on GPU-4. Output: /home/cjj/projects/microbial-embeddings/analysis/Disease_classification_loo/Data/pretraining_datasize/result/T2DM/datasize_result_3/subset_table_2w/PRJNA734860
    [T2DM/datasize_result_3/subset_table_2w/PRJEB59916] Job on GPU-7 completed.
    [T2DM/datasize_result_3/subset_table_2w/PRJNA766337] Starting job on GPU-7. Output: /home/cjj/projects/microbial-embeddings/analysis/Disease_classification_loo/Data/pretraining_datasize/result/T2DM/datasize_result_3/subset_table_2w/PRJNA766337
    [T2DM/datasize_result_3/subset_table_1w/PRJNA879337] Job on GPU-3 completed.
    [T2DM/datasize_result_3/subset_table_2w/PRJNA788301] Starting job on GPU-3. Output: /home/cjj/projects/microbial-embeddings/analysis/Disease_classification_loo/Data/pretraining_datasize/result/T2DM/datasize_result_3/subset_table_2w/PRJNA788301
    [T2DM/datasize_result_3/subset_table_1w/PRJNA978958] Job on GPU-1 completed.
    [T2DM/datasize_result_3/subset_table_2w/PRJNA807457] Starting job on GPU-1. Output: /home/cjj/projects/microbial-embeddings/analysis/Disease_classification_loo/Data/pretraining_datasize/result/T2DM/datasize_result_3/subset_table_2w/PRJNA807457
train loss 0.573826253414154, test loss 0.5927068591117859, train auc 0.751, test auc 0.747 train f1 0.666, test f1 0.606 train mcc 0.356, test mcc 0.244 train aupr 0.804, test aupr 0.896 train acc 0.698, test acc 0.776 confusion_matrix [[ 4 11]
 [ 4 48]]
    [T2DM/datasize_result_3/subset_table_2w/PRJNA1000711] Job on GPU-5 completed.
    [T2DM/datasize_result_3/subset_table_2w/PRJNA819279] Starting job on GPU-5. Output: /home/cjj/projects/microbial-embeddings/analysis/Disease_classification_loo/Data/pretraining_datasize/result/T2DM/datasize_result_3/subset_table_2w/PRJNA819279
train loss 0.6141202449798584, test loss 0.6470896601676941, train auc 0.688, test auc 0.688 train f1 0.635, test f1 0.578 train mcc 0.303, test mcc 0.335 train aupr 0.743, test aupr 0.611 train acc 0.682, test acc 0.625 confusion_matrix [[ 7 17]
 [ 1 23]]
    [T2DM/datasize_result_3/subset_table_2w/PRJNA588353] Job on GPU-2 completed.
    [T2DM/datasize_result_3/subset_table_2w/PRJNA879337] Starting job on GPU-2. Output: /home/cjj/projects/microbial-embeddings/analysis/Disease_classification_loo/Data/pretraining_datasize/result/T2DM/datasize_result_3/subset_table_2w/PRJNA879337
train loss 0.607235312461853, test loss 0.6573392152786255, train auc 0.703, test auc 0.581 train f1 0.633, test f1 0.471 train mcc 0.299, test mcc 0.144 train aupr 0.746, test aupr 0.680 train acc 0.679, test acc 0.610 confusion_matrix [[ 2 15]
 [ 1 23]]
    [T2DM/datasize_result_3/subset_table_2w/PRJNA646010] Job on GPU-6 completed.
    [T2DM/datasize_result_3/subset_table_2w/PRJNA978958] Starting job on GPU-6. Output: /home/cjj/projects/microbial-embeddings/analysis/Disease_classification_loo/Data/pretraining_datasize/result/T2DM/datasize_result_3/subset_table_2w/PRJNA978958
  Processing embedding: subset_table_4w_100 (short name: subset_table_4w)
train loss 0.651515007019043, test loss 0.7679175734519958, train auc 0.630, test auc 0.959 train f1 0.383, test f1 0.854 train mcc 0.027, test mcc 0.745 train aupr 0.699, test aupr 0.966 train acc 0.605, test acc 0.857 confusion_matrix [[7 0]
 [2 5]]
    [T2DM/datasize_result_3/subset_table_2w/PRJNA668251] Job on GPU-0 completed.
    [T2DM/datasize_result_3/subset_table_4w/PRJEB11419] Starting job on GPU-0. Output: /home/cjj/projects/microbial-embeddings/analysis/Disease_classification_loo/Data/pretraining_datasize/result/T2DM/datasize_result_3/subset_table_4w/PRJEB11419
train loss 0.334146112203598, test loss 1.0590533018112183, train auc 0.930, test auc 0.553 train f1 0.868, test f1 0.506 train mcc 0.737, test mcc 0.156 train aupr 0.934, test aupr 0.799 train acc 0.868, test acc 0.777 confusion_matrix [[  9 105]
 [  6 377]]
    [T2DM/datasize_result_3/subset_table_2w/PRJNA766337] Job on GPU-7 completed.
    [T2DM/datasize_result_3/subset_table_4w/PRJEB59916] Starting job on GPU-7. Output: /home/cjj/projects/microbial-embeddings/analysis/Disease_classification_loo/Data/pretraining_datasize/result/T2DM/datasize_result_3/subset_table_4w/PRJEB59916
train loss 0.5379570722579956, test loss 0.7137410640716553, train auc 0.770, test auc 0.575 train f1 0.667, test f1 0.497 train mcc 0.379, test mcc 0.172 train aupr 0.855, test aupr 0.388 train acc 0.740, test acc 0.500 confusion_matrix [[45 96]
 [12 63]]
    [T2DM/datasize_result_3/subset_table_2w/PRJNA734860] Job on GPU-4 completed.
    [T2DM/datasize_result_3/subset_table_4w/PRJNA1000711] Starting job on GPU-4. Output: /home/cjj/projects/microbial-embeddings/analysis/Disease_classification_loo/Data/pretraining_datasize/result/T2DM/datasize_result_3/subset_table_4w/PRJNA1000711
train loss 0.4296833872795105, test loss 1.8325930833816528, train auc 0.877, test auc 0.558 train f1 0.807, test f1 0.320 train mcc 0.614, test mcc -0.144 train aupr 0.917, test aupr 0.548 train acc 0.816, test acc 0.471 confusion_matrix [[ 0 26]
 [ 1 24]]
train loss 0.5393365025520325, test loss 0.7903755307197571, train auc 0.789, test auc 0.732 train f1 0.680, test f1 0.680 train mcc 0.415, test mcc 0.462 train aupr 0.836, test aupr 0.605 train acc 0.728, test acc 0.700 confusion_matrix [[ 9 11]
 [ 1 19]]
    [T2DM/datasize_result_3/subset_table_2w/PRJNA788301] Job on GPU-3 completed.
    [T2DM/datasize_result_3/subset_table_4w/PRJNA588353] Starting job on GPU-3. Output: /home/cjj/projects/microbial-embeddings/analysis/Disease_classification_loo/Data/pretraining_datasize/result/T2DM/datasize_result_3/subset_table_4w/PRJNA588353
    [T2DM/datasize_result_3/subset_table_2w/PRJNA807457] Job on GPU-1 completed.
    [T2DM/datasize_result_3/subset_table_4w/PRJNA646010] Starting job on GPU-1. Output: /home/cjj/projects/microbial-embeddings/analysis/Disease_classification_loo/Data/pretraining_datasize/result/T2DM/datasize_result_3/subset_table_4w/PRJNA646010
train loss 0.5484821796417236, test loss 0.7972289323806763, train auc 0.782, test auc 0.686 train f1 0.727, test f1 0.676 train mcc 0.455, test mcc 0.394 train aupr 0.827, test aupr 0.641 train acc 0.743, test acc 0.683 confusion_matrix [[11 10]
 [ 3 17]]
    [T2DM/datasize_result_3/subset_table_2w/PRJNA819279] Job on GPU-5 completed.
    [T2DM/datasize_result_3/subset_table_4w/PRJNA668251] Starting job on GPU-5. Output: /home/cjj/projects/microbial-embeddings/analysis/Disease_classification_loo/Data/pretraining_datasize/result/T2DM/datasize_result_3/subset_table_4w/PRJNA668251
train loss 0.6250482201576233, test loss 0.6265230774879456, train auc 0.671, test auc 1.000 train f1 0.514, test f1 0.948 train mcc 0.183, test mcc 0.901 train aupr 0.720, test aupr 1.000 train acc 0.635, test acc 0.952 confusion_matrix [[ 7  0]
 [ 1 13]]
    [T2DM/datasize_result_3/subset_table_2w/PRJNA879337] Job on GPU-2 completed.
    [T2DM/datasize_result_3/subset_table_4w/PRJNA734860] Starting job on GPU-2. Output: /home/cjj/projects/microbial-embeddings/analysis/Disease_classification_loo/Data/pretraining_datasize/result/T2DM/datasize_result_3/subset_table_4w/PRJNA734860
train loss 0.5442427396774292, test loss 0.45254966616630554, train auc 0.788, test auc 0.905 train f1 0.711, test f1 0.883 train mcc 0.443, test mcc 0.768 train aupr 0.828, test aupr 0.941 train acc 0.740, test acc 0.897 confusion_matrix [[ 8  2]
 [ 1 18]]
    [T2DM/datasize_result_3/subset_table_2w/PRJNA978958] Job on GPU-6 completed.
    [T2DM/datasize_result_3/subset_table_4w/PRJNA766337] Starting job on GPU-6. Output: /home/cjj/projects/microbial-embeddings/analysis/Disease_classification_loo/Data/pretraining_datasize/result/T2DM/datasize_result_3/subset_table_4w/PRJNA766337
train loss 0.37908056378364563, test loss 0.792661190032959, train auc 0.904, test auc 0.689 train f1 0.804, test f1 0.611 train mcc 0.623, test mcc 0.381 train aupr 0.941, test aupr 0.593 train acc 0.824, test acc 0.619 confusion_matrix [[20 30]
 [ 2 32]]
    [T2DM/datasize_result_3/subset_table_4w/PRJEB11419] Job on GPU-0 completed.
    [T2DM/datasize_result_3/subset_table_4w/PRJNA788301] Starting job on GPU-0. Output: /home/cjj/projects/microbial-embeddings/analysis/Disease_classification_loo/Data/pretraining_datasize/result/T2DM/datasize_result_3/subset_table_4w/PRJNA788301
train loss 0.6018832921981812, test loss 0.8056615591049194, train auc 0.717, test auc 0.507 train f1 0.579, test f1 0.552 train mcc 0.258, test mcc 0.168 train aupr 0.765, test aupr 0.566 train acc 0.665, test acc 0.575 confusion_matrix [[ 7 13]
 [ 4 16]]
    [T2DM/datasize_result_3/subset_table_4w/PRJEB59916] Job on GPU-7 completed.
    [T2DM/datasize_result_3/subset_table_4w/PRJNA807457] Starting job on GPU-7. Output: /home/cjj/projects/microbial-embeddings/analysis/Disease_classification_loo/Data/pretraining_datasize/result/T2DM/datasize_result_3/subset_table_4w/PRJNA807457
train loss 0.4373359978199005, test loss 0.5500646829605103, train auc 0.867, test auc 0.758 train f1 0.790, test f1 0.432 train mcc 0.587, test mcc -0.066 train aupr 0.887, test aupr 0.920 train acc 0.803, test acc 0.761 confusion_matrix [[ 0 15]
 [ 1 51]]
    [T2DM/datasize_result_3/subset_table_4w/PRJNA1000711] Job on GPU-4 completed.
    [T2DM/datasize_result_3/subset_table_4w/PRJNA819279] Starting job on GPU-4. Output: /home/cjj/projects/microbial-embeddings/analysis/Disease_classification_loo/Data/pretraining_datasize/result/T2DM/datasize_result_3/subset_table_4w/PRJNA819279
train loss 0.46115201711654663, test loss 0.48966801166534424, train auc 0.854, test auc 0.848 train f1 0.746, test f1 0.772 train mcc 0.517, test mcc 0.545 train aupr 0.894, test aupr 0.896 train acc 0.773, test acc 0.780 confusion_matrix [[12  5]
 [ 4 20]]
train loss 0.5225152969360352, test loss 0.7737581729888916, train auc 0.805, test auc 0.710 train f1 0.708, test f1 0.681 train mcc 0.452, test mcc 0.392 train aupr 0.846, test aupr 0.710 train acc 0.745, test acc 0.688 confusion_matrix [[13 11]
 [ 4 20]]
    [T2DM/datasize_result_3/subset_table_4w/PRJNA646010] Job on GPU-1 completed.
    [T2DM/datasize_result_3/subset_table_4w/PRJNA879337] Starting job on GPU-1. Output: /home/cjj/projects/microbial-embeddings/analysis/Disease_classification_loo/Data/pretraining_datasize/result/T2DM/datasize_result_3/subset_table_4w/PRJNA879337
    [T2DM/datasize_result_3/subset_table_4w/PRJNA588353] Job on GPU-3 completed.
    [T2DM/datasize_result_3/subset_table_4w/PRJNA978958] Starting job on GPU-3. Output: /home/cjj/projects/microbial-embeddings/analysis/Disease_classification_loo/Data/pretraining_datasize/result/T2DM/datasize_result_3/subset_table_4w/PRJNA978958
  Processing embedding: subset_table_8w_100 (short name: subset_table_8w)
train loss 0.6249467134475708, test loss 0.7590431571006775, train auc 0.671, test auc 0.939 train f1 0.597, test f1 0.785 train mcc 0.261, test mcc 0.577 train aupr 0.719, test aupr 0.944 train acc 0.665, test acc 0.786 confusion_matrix [[5 2]
 [1 6]]
train loss 0.399219274520874, test loss 0.9876528382301331, train auc 0.883, test auc 0.639 train f1 0.800, test f1 0.569 train mcc 0.611, test mcc 0.252 train aupr 0.926, test aupr 0.458 train acc 0.830, test acc 0.569 confusion_matrix [[62 79]
 [14 61]]
    [T2DM/datasize_result_3/subset_table_4w/PRJNA668251] Job on GPU-5 completed.
    [T2DM/datasize_result_3/subset_table_8w/PRJEB11419] Starting job on GPU-5. Output: /home/cjj/projects/microbial-embeddings/analysis/Disease_classification_loo/Data/pretraining_datasize/result/T2DM/datasize_result_3/subset_table_8w/PRJEB11419
    [T2DM/datasize_result_3/subset_table_4w/PRJNA734860] Job on GPU-2 completed.
    [T2DM/datasize_result_3/subset_table_8w/PRJEB59916] Starting job on GPU-2. Output: /home/cjj/projects/microbial-embeddings/analysis/Disease_classification_loo/Data/pretraining_datasize/result/T2DM/datasize_result_3/subset_table_8w/PRJEB59916
train loss 0.5765162110328674, test loss 0.5159943699836731, train auc 0.771, test auc 0.634 train f1 0.709, test f1 0.518 train mcc 0.427, test mcc 0.166 train aupr 0.750, test aupr 0.832 train acc 0.710, test acc 0.777 confusion_matrix [[ 11 103]
 [  8 375]]
    [T2DM/datasize_result_3/subset_table_4w/PRJNA766337] Job on GPU-6 completed.
    [T2DM/datasize_result_3/subset_table_8w/PRJNA1000711] Starting job on GPU-6. Output: /home/cjj/projects/microbial-embeddings/analysis/Disease_classification_loo/Data/pretraining_datasize/result/T2DM/datasize_result_3/subset_table_8w/PRJNA1000711
train loss 0.557073712348938, test loss 1.1456071138381958, train auc 0.771, test auc 0.603 train f1 0.658, test f1 0.421 train mcc 0.370, test mcc 0.059 train aupr 0.821, test aupr 0.670 train acc 0.710, test acc 0.510 confusion_matrix [[ 3 23]
 [ 2 23]]
    [T2DM/datasize_result_3/subset_table_4w/PRJNA788301] Job on GPU-0 completed.
    [T2DM/datasize_result_3/subset_table_8w/PRJNA588353] Starting job on GPU-0. Output: /home/cjj/projects/microbial-embeddings/analysis/Disease_classification_loo/Data/pretraining_datasize/result/T2DM/datasize_result_3/subset_table_8w/PRJNA588353
train loss 0.5125434994697571, test loss 1.3341058492660522, train auc 0.813, test auc 0.583 train f1 0.714, test f1 0.573 train mcc 0.456, test mcc 0.231 train aupr 0.848, test aupr 0.546 train acc 0.747, test acc 0.600 confusion_matrix [[ 7 13]
 [ 3 17]]
    [T2DM/datasize_result_3/subset_table_4w/PRJNA807457] Job on GPU-7 completed.
    [T2DM/datasize_result_3/subset_table_8w/PRJNA646010] Starting job on GPU-7. Output: /home/cjj/projects/microbial-embeddings/analysis/Disease_classification_loo/Data/pretraining_datasize/result/T2DM/datasize_result_3/subset_table_8w/PRJNA646010
train loss 0.5587791204452515, test loss 0.8770431280136108, train auc 0.769, test auc 0.819 train f1 0.685, test f1 0.755 train mcc 0.403, test mcc 0.524 train aupr 0.821, test aupr 0.769 train acc 0.724, test acc 0.756 confusion_matrix [[14  7]
 [ 3 17]]
    [T2DM/datasize_result_3/subset_table_4w/PRJNA819279] Job on GPU-4 completed.
    [T2DM/datasize_result_3/subset_table_8w/PRJNA668251] Starting job on GPU-4. Output: /home/cjj/projects/microbial-embeddings/analysis/Disease_classification_loo/Data/pretraining_datasize/result/T2DM/datasize_result_3/subset_table_8w/PRJNA668251
train loss 0.4575253129005432, test loss 0.8015367984771729, train auc 0.857, test auc 0.768 train f1 0.785, test f1 0.707 train mcc 0.580, test mcc 0.422 train aupr 0.888, test aupr 0.897 train acc 0.802, test acc 0.724 confusion_matrix [[ 7  3]
 [ 5 14]]
train loss 0.6191619634628296, test loss 0.5923450589179993, train auc 0.687, test auc 1.000 train f1 0.603, test f1 0.948 train mcc 0.260, test mcc 0.901 train aupr 0.732, test aupr 1.000 train acc 0.663, test acc 0.952 confusion_matrix [[ 7  0]
 [ 1 13]]
    [T2DM/datasize_result_3/subset_table_4w/PRJNA978958] Job on GPU-3 completed.
    [T2DM/datasize_result_3/subset_table_8w/PRJNA734860] Starting job on GPU-3. Output: /home/cjj/projects/microbial-embeddings/analysis/Disease_classification_loo/Data/pretraining_datasize/result/T2DM/datasize_result_3/subset_table_8w/PRJNA734860
    [T2DM/datasize_result_3/subset_table_4w/PRJNA879337] Job on GPU-1 completed.
    [T2DM/datasize_result_3/subset_table_8w/PRJNA766337] Starting job on GPU-1. Output: /home/cjj/projects/microbial-embeddings/analysis/Disease_classification_loo/Data/pretraining_datasize/result/T2DM/datasize_result_3/subset_table_8w/PRJNA766337
train loss 0.6150875091552734, test loss 0.6758160591125488, train auc 0.688, test auc 0.714 train f1 0.628, test f1 0.701 train mcc 0.294, test mcc 0.402 train aupr 0.763, test aupr 0.648 train acc 0.684, test acc 0.714 confusion_matrix [[39 11]
 [13 21]]
train loss 0.6429483890533447, test loss 0.7892331480979919, train auc 0.659, test auc 0.507 train f1 0.484, test f1 0.322 train mcc 0.165, test mcc -0.160 train aupr 0.715, test aupr 0.574 train acc 0.633, test acc 0.475 confusion_matrix [[ 0 20]
 [ 1 19]]
    [T2DM/datasize_result_3/subset_table_8w/PRJEB11419] Job on GPU-5 completed.
    [T2DM/datasize_result_3/subset_table_8w/PRJNA788301] Starting job on GPU-5. Output: /home/cjj/projects/microbial-embeddings/analysis/Disease_classification_loo/Data/pretraining_datasize/result/T2DM/datasize_result_3/subset_table_8w/PRJNA788301
    [T2DM/datasize_result_3/subset_table_8w/PRJEB59916] Job on GPU-2 completed.
    [T2DM/datasize_result_3/subset_table_8w/PRJNA807457] Starting job on GPU-2. Output: /home/cjj/projects/microbial-embeddings/analysis/Disease_classification_loo/Data/pretraining_datasize/result/T2DM/datasize_result_3/subset_table_8w/PRJNA807457
train loss 0.4843999147415161, test loss 0.5587537288665771, train auc 0.833, test auc 0.737 train f1 0.741, test f1 0.666 train mcc 0.490, test mcc 0.342 train aupr 0.881, test aupr 0.867 train acc 0.758, test acc 0.791 confusion_matrix [[ 6  9]
 [ 5 47]]
    [T2DM/datasize_result_3/subset_table_8w/PRJNA1000711] Job on GPU-6 completed.
    [T2DM/datasize_result_3/subset_table_8w/PRJNA819279] Starting job on GPU-6. Output: /home/cjj/projects/microbial-embeddings/analysis/Disease_classification_loo/Data/pretraining_datasize/result/T2DM/datasize_result_3/subset_table_8w/PRJNA819279
train loss 0.41751426458358765, test loss 1.4805067777633667, train auc 0.887, test auc 0.700 train f1 0.809, test f1 0.652 train mcc 0.619, test mcc 0.367 train aupr 0.921, test aupr 0.660 train acc 0.820, test acc 0.667 confusion_matrix [[11 13]
 [ 3 21]]
    [T2DM/datasize_result_3/subset_table_8w/PRJNA588353] Job on GPU-0 completed.
    [T2DM/datasize_result_3/subset_table_8w/PRJNA879337] Starting job on GPU-0. Output: /home/cjj/projects/microbial-embeddings/analysis/Disease_classification_loo/Data/pretraining_datasize/result/T2DM/datasize_result_3/subset_table_8w/PRJNA879337
train loss 0.4241761267185211, test loss 0.6474701762199402, train auc 0.881, test auc 0.748 train f1 0.787, test f1 0.662 train mcc 0.584, test mcc 0.391 train aupr 0.915, test aupr 0.820 train acc 0.804, test acc 0.707 confusion_matrix [[ 7 10]
 [ 2 22]]
    [T2DM/datasize_result_3/subset_table_8w/PRJNA646010] Job on GPU-7 completed.
    [T2DM/datasize_result_3/subset_table_8w/PRJNA978958] Starting job on GPU-7. Output: /home/cjj/projects/microbial-embeddings/analysis/Disease_classification_loo/Data/pretraining_datasize/result/T2DM/datasize_result_3/subset_table_8w/PRJNA978958
Processing data size directory: datasize_result_4
  Processing embedding: subset_table_1w_100 (short name: subset_table_1w)
train loss 0.32285964488983154, test loss 1.0403562784194946, train auc 0.936, test auc 0.591 train f1 0.861, test f1 0.491 train mcc 0.724, test mcc 0.132 train aupr 0.937, test aupr 0.809 train acc 0.861, test acc 0.775 confusion_matrix [[  7 107]
 [  5 378]]
    [T2DM/datasize_result_3/subset_table_8w/PRJNA766337] Job on GPU-1 completed.
    [T2DM/datasize_result_4/subset_table_1w/PRJEB11419] Starting job on GPU-1. Output: /home/cjj/projects/microbial-embeddings/analysis/Disease_classification_loo/Data/pretraining_datasize/result/T2DM/datasize_result_4/subset_table_1w/PRJEB11419
train loss 0.6431459784507751, test loss 0.7606340646743774, train auc 0.652, test auc 0.939 train f1 0.376, test f1 0.854 train mcc -0.024, test mcc 0.745 train aupr 0.722, test aupr 0.955 train acc 0.603, test acc 0.857 confusion_matrix [[7 0]
 [2 5]]
    [T2DM/datasize_result_3/subset_table_8w/PRJNA668251] Job on GPU-4 completed.
    [T2DM/datasize_result_4/subset_table_1w/PRJEB59916] Starting job on GPU-4. Output: /home/cjj/projects/microbial-embeddings/analysis/Disease_classification_loo/Data/pretraining_datasize/result/T2DM/datasize_result_4/subset_table_1w/PRJEB59916
train loss 0.4077166020870209, test loss 1.4311087131500244, train auc 0.883, test auc 0.597 train f1 0.772, test f1 0.501 train mcc 0.577, test mcc 0.187 train aupr 0.932, test aupr 0.407 train acc 0.816, test acc 0.505 confusion_matrix [[45 96]
 [11 64]]
    [T2DM/datasize_result_3/subset_table_8w/PRJNA734860] Job on GPU-3 completed.
    [T2DM/datasize_result_4/subset_table_1w/PRJNA1000711] Starting job on GPU-3. Output: /home/cjj/projects/microbial-embeddings/analysis/Disease_classification_loo/Data/pretraining_datasize/result/T2DM/datasize_result_4/subset_table_1w/PRJNA1000711
train loss 0.4323795735836029, test loss 0.9501737952232361, train auc 0.875, test auc 0.660 train f1 0.792, test f1 0.665 train mcc 0.588, test mcc 0.374 train aupr 0.911, test aupr 0.607 train acc 0.806, test acc 0.675 confusion_matrix [[10 10]
 [ 3 17]]
train loss 0.33624863624572754, test loss 2.433833599090576, train auc 0.930, test auc 0.677 train f1 0.848, test f1 0.640 train mcc 0.700, test mcc 0.314 train aupr 0.954, test aupr 0.696 train acc 0.859, test acc 0.647 confusion_matrix [[13 13]
 [ 5 20]]
    [T2DM/datasize_result_3/subset_table_8w/PRJNA807457] Job on GPU-2 completed.
    [T2DM/datasize_result_4/subset_table_1w/PRJNA588353] Starting job on GPU-2. Output: /home/cjj/projects/microbial-embeddings/analysis/Disease_classification_loo/Data/pretraining_datasize/result/T2DM/datasize_result_4/subset_table_1w/PRJNA588353
    [T2DM/datasize_result_3/subset_table_8w/PRJNA788301] Job on GPU-5 completed.
    [T2DM/datasize_result_4/subset_table_1w/PRJNA646010] Starting job on GPU-5. Output: /home/cjj/projects/microbial-embeddings/analysis/Disease_classification_loo/Data/pretraining_datasize/result/T2DM/datasize_result_4/subset_table_1w/PRJNA646010
train loss 0.571221649646759, test loss 0.8429115414619446, train auc 0.756, test auc 0.795 train f1 0.663, test f1 0.802 train mcc 0.359, test mcc 0.640 train aupr 0.811, test aupr 0.722 train acc 0.706, test acc 0.805 confusion_matrix [[14  7]
 [ 1 19]]
    [T2DM/datasize_result_3/subset_table_8w/PRJNA819279] Job on GPU-6 completed.
    [T2DM/datasize_result_4/subset_table_1w/PRJNA668251] Starting job on GPU-6. Output: /home/cjj/projects/microbial-embeddings/analysis/Disease_classification_loo/Data/pretraining_datasize/result/T2DM/datasize_result_4/subset_table_1w/PRJNA668251
train loss 0.6255439519882202, test loss 0.6106357574462891, train auc 0.672, test auc 1.000 train f1 0.446, test f1 0.948 train mcc 0.104, test mcc 0.901 train aupr 0.724, test aupr 1.000 train acc 0.614, test acc 0.952 confusion_matrix [[ 7  0]
 [ 1 13]]
    [T2DM/datasize_result_3/subset_table_8w/PRJNA879337] Job on GPU-0 completed.
    [T2DM/datasize_result_4/subset_table_1w/PRJNA734860] Starting job on GPU-0. Output: /home/cjj/projects/microbial-embeddings/analysis/Disease_classification_loo/Data/pretraining_datasize/result/T2DM/datasize_result_4/subset_table_1w/PRJNA734860
train loss 0.33026358485221863, test loss 0.8174927830696106, train auc 0.930, test auc 0.768 train f1 0.857, test f1 0.623 train mcc 0.714, test mcc 0.341 train aupr 0.954, test aupr 0.878 train acc 0.863, test acc 0.724 confusion_matrix [[ 3  7]
 [ 1 18]]
    [T2DM/datasize_result_3/subset_table_8w/PRJNA978958] Job on GPU-7 completed.
    [T2DM/datasize_result_4/subset_table_1w/PRJNA766337] Starting job on GPU-7. Output: /home/cjj/projects/microbial-embeddings/analysis/Disease_classification_loo/Data/pretraining_datasize/result/T2DM/datasize_result_4/subset_table_1w/PRJNA766337
train loss 0.488288938999176, test loss 0.7059480547904968, train auc 0.833, test auc 0.692 train f1 0.765, test f1 0.666 train mcc 0.529, test mcc 0.360 train aupr 0.884, test aupr 0.548 train acc 0.779, test acc 0.667 confusion_matrix [[30 20]
 [ 8 26]]
train loss 0.6203315258026123, test loss 0.7998701333999634, train auc 0.680, test auc 0.532 train f1 0.487, test f1 0.505 train mcc 0.168, test mcc 0.125 train aupr 0.731, test aupr 0.587 train acc 0.634, test acc 0.550 confusion_matrix [[ 5 15]
 [ 3 17]]
    [T2DM/datasize_result_4/subset_table_1w/PRJEB11419] Job on GPU-1 completed.
    [T2DM/datasize_result_4/subset_table_1w/PRJNA788301] Starting job on GPU-1. Output: /home/cjj/projects/microbial-embeddings/analysis/Disease_classification_loo/Data/pretraining_datasize/result/T2DM/datasize_result_4/subset_table_1w/PRJNA788301
    [T2DM/datasize_result_4/subset_table_1w/PRJEB59916] Job on GPU-4 completed.
    [T2DM/datasize_result_4/subset_table_1w/PRJNA807457] Starting job on GPU-4. Output: /home/cjj/projects/microbial-embeddings/analysis/Disease_classification_loo/Data/pretraining_datasize/result/T2DM/datasize_result_4/subset_table_1w/PRJNA807457
train loss 0.5846625566482544, test loss 0.5142930150032043, train auc 0.748, test auc 0.755 train f1 0.663, test f1 0.645 train mcc 0.342, test mcc 0.313 train aupr 0.802, test aupr 0.925 train acc 0.691, test acc 0.791 confusion_matrix [[ 5 10]
 [ 4 48]]
    [T2DM/datasize_result_4/subset_table_1w/PRJNA1000711] Job on GPU-3 completed.
    [T2DM/datasize_result_4/subset_table_1w/PRJNA819279] Starting job on GPU-3. Output: /home/cjj/projects/microbial-embeddings/analysis/Disease_classification_loo/Data/pretraining_datasize/result/T2DM/datasize_result_4/subset_table_1w/PRJNA819279
train loss 0.5170037746429443, test loss 0.7988150715827942, train auc 0.810, test auc 0.797 train f1 0.676, test f1 0.695 train mcc 0.416, test mcc 0.458 train aupr 0.860, test aupr 0.774 train acc 0.727, test acc 0.708 confusion_matrix [[12 12]
 [ 2 22]]
train loss 0.5731322169303894, test loss 0.6608603000640869, train auc 0.749, test auc 0.593 train f1 0.576, test f1 0.359 train mcc 0.248, test mcc -0.133 train aupr 0.811, test aupr 0.674 train acc 0.659, test acc 0.561 confusion_matrix [[ 0 17]
 [ 1 23]]
    [T2DM/datasize_result_4/subset_table_1w/PRJNA588353] Job on GPU-2 completed.
    [T2DM/datasize_result_4/subset_table_1w/PRJNA879337] Starting job on GPU-2. Output: /home/cjj/projects/microbial-embeddings/analysis/Disease_classification_loo/Data/pretraining_datasize/result/T2DM/datasize_result_4/subset_table_1w/PRJNA879337
    [T2DM/datasize_result_4/subset_table_1w/PRJNA646010] Job on GPU-5 completed.
    [T2DM/datasize_result_4/subset_table_1w/PRJNA978958] Starting job on GPU-5. Output: /home/cjj/projects/microbial-embeddings/analysis/Disease_classification_loo/Data/pretraining_datasize/result/T2DM/datasize_result_4/subset_table_1w/PRJNA978958
  Processing embedding: subset_table_2w_100 (short name: subset_table_2w)
train loss 0.6437010765075684, test loss 0.7753110527992249, train auc 0.651, test auc 0.959 train f1 0.559, test f1 0.854 train mcc 0.207, test mcc 0.745 train aupr 0.716, test aupr 0.966 train acc 0.645, test acc 0.857 confusion_matrix [[7 0]
 [2 5]]
    [T2DM/datasize_result_4/subset_table_1w/PRJNA668251] Job on GPU-6 completed.
    [T2DM/datasize_result_4/subset_table_2w/PRJEB11419] Starting job on GPU-6. Output: /home/cjj/projects/microbial-embeddings/analysis/Disease_classification_loo/Data/pretraining_datasize/result/T2DM/datasize_result_4/subset_table_2w/PRJEB11419
train loss 0.6402099132537842, test loss 0.7312197089195251, train auc 0.560, test auc 0.566 train f1 0.400, test f1 0.301 train mcc 0.015, test mcc 0.079 train aupr 0.705, test aupr 0.426 train acc 0.660, test acc 0.370 confusion_matrix [[  6 135]
 [  1  74]]
    [T2DM/datasize_result_4/subset_table_1w/PRJNA734860] Job on GPU-0 completed.
    [T2DM/datasize_result_4/subset_table_2w/PRJEB59916] Starting job on GPU-0. Output: /home/cjj/projects/microbial-embeddings/analysis/Disease_classification_loo/Data/pretraining_datasize/result/T2DM/datasize_result_4/subset_table_2w/PRJEB59916
train loss 0.44707950949668884, test loss 0.6569329500198364, train auc 0.872, test auc 0.638 train f1 0.789, test f1 0.461 train mcc 0.582, test mcc 0.112 train aupr 0.877, test aupr 0.841 train acc 0.789, test acc 0.775 confusion_matrix [[  3 111]
 [  1 382]]
    [T2DM/datasize_result_4/subset_table_1w/PRJNA766337] Job on GPU-7 completed.
    [T2DM/datasize_result_4/subset_table_2w/PRJNA1000711] Starting job on GPU-7. Output: /home/cjj/projects/microbial-embeddings/analysis/Disease_classification_loo/Data/pretraining_datasize/result/T2DM/datasize_result_4/subset_table_2w/PRJNA1000711
train loss 0.392205148935318, test loss 1.6792082786560059, train auc 0.900, test auc 0.582 train f1 0.794, test f1 0.512 train mcc 0.613, test mcc 0.133 train aupr 0.932, test aupr 0.617 train acc 0.816, test acc 0.549 confusion_matrix [[ 7 19]
 [ 4 21]]
train loss 0.5605148673057556, test loss 1.0037963390350342, train auc 0.767, test auc 0.660 train f1 0.668, test f1 0.627 train mcc 0.361, test mcc 0.346 train aupr 0.819, test aupr 0.600 train acc 0.706, test acc 0.650 confusion_matrix [[ 8 12]
 [ 2 18]]
    [T2DM/datasize_result_4/subset_table_1w/PRJNA788301] Job on GPU-1 completed.
    [T2DM/datasize_result_4/subset_table_2w/PRJNA588353] Starting job on GPU-1. Output: /home/cjj/projects/microbial-embeddings/analysis/Disease_classification_loo/Data/pretraining_datasize/result/T2DM/datasize_result_4/subset_table_2w/PRJNA588353
    [T2DM/datasize_result_4/subset_table_1w/PRJNA807457] Job on GPU-4 completed.
    [T2DM/datasize_result_4/subset_table_2w/PRJNA646010] Starting job on GPU-4. Output: /home/cjj/projects/microbial-embeddings/analysis/Disease_classification_loo/Data/pretraining_datasize/result/T2DM/datasize_result_4/subset_table_2w/PRJNA646010
train loss 0.5748445391654968, test loss 0.816411018371582, train auc 0.750, test auc 0.767 train f1 0.668, test f1 0.802 train mcc 0.354, test mcc 0.640 train aupr 0.802, test aupr 0.617 train acc 0.702, test acc 0.805 confusion_matrix [[14  7]
 [ 1 19]]
    [T2DM/datasize_result_4/subset_table_1w/PRJNA819279] Job on GPU-3 completed.
    [T2DM/datasize_result_4/subset_table_2w/PRJNA668251] Starting job on GPU-3. Output: /home/cjj/projects/microbial-embeddings/analysis/Disease_classification_loo/Data/pretraining_datasize/result/T2DM/datasize_result_4/subset_table_2w/PRJNA668251
train loss 0.6590808033943176, test loss 0.6264601945877075, train auc 0.625, test auc 1.000 train f1 0.402, test f1 0.948 train mcc 0.094, test mcc 0.901 train aupr 0.686, test aupr 1.000 train acc 0.610, test acc 0.952 confusion_matrix [[ 7  0]
 [ 1 13]]
train loss 0.5664991736412048, test loss 0.5229446887969971, train auc 0.765, test auc 0.842 train f1 0.664, test f1 0.771 train mcc 0.364, test mcc 0.542 train aupr 0.823, test aupr 0.917 train acc 0.705, test acc 0.793 confusion_matrix [[ 7  3]
 [ 3 16]]
    [T2DM/datasize_result_4/subset_table_1w/PRJNA879337] Job on GPU-2 completed.
    [T2DM/datasize_result_4/subset_table_2w/PRJNA734860] Starting job on GPU-2. Output: /home/cjj/projects/microbial-embeddings/analysis/Disease_classification_loo/Data/pretraining_datasize/result/T2DM/datasize_result_4/subset_table_2w/PRJNA734860
    [T2DM/datasize_result_4/subset_table_1w/PRJNA978958] Job on GPU-5 completed.
    [T2DM/datasize_result_4/subset_table_2w/PRJNA766337] Starting job on GPU-5. Output: /home/cjj/projects/microbial-embeddings/analysis/Disease_classification_loo/Data/pretraining_datasize/result/T2DM/datasize_result_4/subset_table_2w/PRJNA766337
train loss 0.5167260766029358, test loss 0.764309823513031, train auc 0.809, test auc 0.698 train f1 0.692, test f1 0.630 train mcc 0.430, test mcc 0.344 train aupr 0.862, test aupr 0.529 train acc 0.739, test acc 0.631 confusion_matrix [[24 26]
 [ 5 29]]
    [T2DM/datasize_result_4/subset_table_2w/PRJEB11419] Job on GPU-6 completed.
    [T2DM/datasize_result_4/subset_table_2w/PRJNA788301] Starting job on GPU-6. Output: /home/cjj/projects/microbial-embeddings/analysis/Disease_classification_loo/Data/pretraining_datasize/result/T2DM/datasize_result_4/subset_table_2w/PRJNA788301
train loss 0.6258434653282166, test loss 0.8152273893356323, train auc 0.667, test auc 0.525 train f1 0.494, test f1 0.322 train mcc 0.169, test mcc -0.160 train aupr 0.718, test aupr 0.577 train acc 0.634, test acc 0.475 confusion_matrix [[ 0 20]
 [ 1 19]]
    [T2DM/datasize_result_4/subset_table_2w/PRJEB59916] Job on GPU-0 completed.
    [T2DM/datasize_result_4/subset_table_2w/PRJNA807457] Starting job on GPU-0. Output: /home/cjj/projects/microbial-embeddings/analysis/Disease_classification_loo/Data/pretraining_datasize/result/T2DM/datasize_result_4/subset_table_2w/PRJNA807457
train loss 0.5852397680282593, test loss 0.5462507009506226, train auc 0.738, test auc 0.717 train f1 0.594, test f1 0.495 train mcc 0.277, test mcc 0.116 train aupr 0.793, test aupr 0.885 train acc 0.664, test acc 0.776 confusion_matrix [[ 1 14]
 [ 1 51]]
    [T2DM/datasize_result_4/subset_table_2w/PRJNA1000711] Job on GPU-7 completed.
    [T2DM/datasize_result_4/subset_table_2w/PRJNA819279] Starting job on GPU-7. Output: /home/cjj/projects/microbial-embeddings/analysis/Disease_classification_loo/Data/pretraining_datasize/result/T2DM/datasize_result_4/subset_table_2w/PRJNA819279
train loss 0.5472138524055481, test loss 0.7353830337524414, train auc 0.779, test auc 0.743 train f1 0.688, test f1 0.729 train mcc 0.420, test mcc 0.459 train aupr 0.832, test aupr 0.722 train acc 0.731, test acc 0.729 confusion_matrix [[18  6]
 [ 7 17]]
    [T2DM/datasize_result_4/subset_table_2w/PRJNA588353] Job on GPU-1 completed.
    [T2DM/datasize_result_4/subset_table_2w/PRJNA879337] Starting job on GPU-1. Output: /home/cjj/projects/microbial-embeddings/analysis/Disease_classification_loo/Data/pretraining_datasize/result/T2DM/datasize_result_4/subset_table_2w/PRJNA879337
train loss 0.5703379511833191, test loss 0.6224188804626465, train auc 0.751, test auc 0.752 train f1 0.696, test f1 0.675 train mcc 0.407, test mcc 0.384 train aupr 0.785, test aupr 0.826 train acc 0.724, test acc 0.707 confusion_matrix [[ 8  9]
 [ 3 21]]
    [T2DM/datasize_result_4/subset_table_2w/PRJNA646010] Job on GPU-4 completed.
    [T2DM/datasize_result_4/subset_table_2w/PRJNA978958] Starting job on GPU-4. Output: /home/cjj/projects/microbial-embeddings/analysis/Disease_classification_loo/Data/pretraining_datasize/result/T2DM/datasize_result_4/subset_table_2w/PRJNA978958
  Processing embedding: subset_table_4w_100 (short name: subset_table_4w)
train loss 0.5405898690223694, test loss 0.5933796763420105, train auc 0.807, test auc 0.582 train f1 0.734, test f1 0.452 train mcc 0.474, test mcc 0.058 train aupr 0.802, test aupr 0.794 train acc 0.734, test acc 0.771 confusion_matrix [[  2 112]
 [  2 381]]
    [T2DM/datasize_result_4/subset_table_2w/PRJNA766337] Job on GPU-5 completed.
    [T2DM/datasize_result_4/subset_table_4w/PRJEB11419] Starting job on GPU-5. Output: /home/cjj/projects/microbial-embeddings/analysis/Disease_classification_loo/Data/pretraining_datasize/result/T2DM/datasize_result_4/subset_table_4w/PRJEB11419
train loss 0.6238852739334106, test loss 0.7819017767906189, train auc 0.676, test auc 0.959 train f1 0.448, test f1 0.854 train mcc 0.146, test mcc 0.745 train aupr 0.733, test aupr 0.966 train acc 0.624, test acc 0.857 confusion_matrix [[7 0]
 [2 5]]
train loss 0.5514516830444336, test loss 0.9516311287879944, train auc 0.751, test auc 0.552 train f1 0.691, test f1 0.509 train mcc 0.391, test mcc 0.138 train aupr 0.830, test aupr 0.370 train acc 0.738, test acc 0.509 confusion_matrix [[53 88]
 [18 57]]
    [T2DM/datasize_result_4/subset_table_2w/PRJNA668251] Job on GPU-3 completed.
    [T2DM/datasize_result_4/subset_table_4w/PRJEB59916] Starting job on GPU-3. Output: /home/cjj/projects/microbial-embeddings/analysis/Disease_classification_loo/Data/pretraining_datasize/result/T2DM/datasize_result_4/subset_table_4w/PRJEB59916
    [T2DM/datasize_result_4/subset_table_2w/PRJNA734860] Job on GPU-2 completed.
    [T2DM/datasize_result_4/subset_table_4w/PRJNA1000711] Starting job on GPU-2. Output: /home/cjj/projects/microbial-embeddings/analysis/Disease_classification_loo/Data/pretraining_datasize/result/T2DM/datasize_result_4/subset_table_4w/PRJNA1000711
train loss 0.5069580674171448, test loss 1.3101190328598022, train auc 0.815, test auc 0.568 train f1 0.763, test f1 0.500 train mcc 0.532, test mcc 0.145 train aupr 0.846, test aupr 0.530 train acc 0.781, test acc 0.549 confusion_matrix [[ 6 20]
 [ 3 22]]
    [T2DM/datasize_result_4/subset_table_2w/PRJNA788301] Job on GPU-6 completed.
    [T2DM/datasize_result_4/subset_table_4w/PRJNA588353] Starting job on GPU-6. Output: /home/cjj/projects/microbial-embeddings/analysis/Disease_classification_loo/Data/pretraining_datasize/result/T2DM/datasize_result_4/subset_table_4w/PRJNA588353
train loss 0.39452195167541504, test loss 0.9275916814804077, train auc 0.897, test auc 0.608 train f1 0.837, test f1 0.642 train mcc 0.673, test mcc 0.314 train aupr 0.927, test aupr 0.531 train acc 0.843, test acc 0.650 confusion_matrix [[10 10]
 [ 4 16]]
    [T2DM/datasize_result_4/subset_table_2w/PRJNA807457] Job on GPU-0 completed.
    [T2DM/datasize_result_4/subset_table_4w/PRJNA646010] Starting job on GPU-0. Output: /home/cjj/projects/microbial-embeddings/analysis/Disease_classification_loo/Data/pretraining_datasize/result/T2DM/datasize_result_4/subset_table_4w/PRJNA646010
train loss 0.4492127001285553, test loss 0.9748244881629944, train auc 0.864, test auc 0.850 train f1 0.775, test f1 0.776 train mcc 0.555, test mcc 0.600 train aupr 0.910, test aupr 0.791 train acc 0.791, test acc 0.780 confusion_matrix [[13  8]
 [ 1 19]]
    [T2DM/datasize_result_4/subset_table_2w/PRJNA819279] Job on GPU-7 completed.
    [T2DM/datasize_result_4/subset_table_4w/PRJNA668251] Starting job on GPU-7. Output: /home/cjj/projects/microbial-embeddings/analysis/Disease_classification_loo/Data/pretraining_datasize/result/T2DM/datasize_result_4/subset_table_4w/PRJNA668251
train loss 0.6235158443450928, test loss 0.6227086186408997, train auc 0.671, test auc 1.000 train f1 0.606, test f1 0.948 train mcc 0.264, test mcc 0.901 train aupr 0.717, test aupr 1.000 train acc 0.664, test acc 0.952 confusion_matrix [[ 7  0]
 [ 1 13]]
    [T2DM/datasize_result_4/subset_table_2w/PRJNA879337] Job on GPU-1 completed.
    [T2DM/datasize_result_4/subset_table_4w/PRJNA734860] Starting job on GPU-1. Output: /home/cjj/projects/microbial-embeddings/analysis/Disease_classification_loo/Data/pretraining_datasize/result/T2DM/datasize_result_4/subset_table_4w/PRJNA734860
train loss 0.5303815603256226, test loss 0.5038378238677979, train auc 0.798, test auc 0.826 train f1 0.710, test f1 0.623 train mcc 0.445, test mcc 0.341 train aupr 0.842, test aupr 0.911 train acc 0.741, test acc 0.724 confusion_matrix [[ 3  7]
 [ 1 18]]
train loss 0.6489706635475159, test loss 0.6655176877975464, train auc 0.639, test auc 0.700 train f1 0.519, test f1 0.671 train mcc 0.190, test mcc 0.343 train aupr 0.712, test aupr 0.642 train acc 0.650, test acc 0.679 confusion_matrix [[35 15]
 [12 22]]
    [T2DM/datasize_result_4/subset_table_2w/PRJNA978958] Job on GPU-4 completed.
    [T2DM/datasize_result_4/subset_table_4w/PRJNA766337] Starting job on GPU-4. Output: /home/cjj/projects/microbial-embeddings/analysis/Disease_classification_loo/Data/pretraining_datasize/result/T2DM/datasize_result_4/subset_table_4w/PRJNA766337
    [T2DM/datasize_result_4/subset_table_4w/PRJEB11419] Job on GPU-5 completed.
    [T2DM/datasize_result_4/subset_table_4w/PRJNA788301] Starting job on GPU-5. Output: /home/cjj/projects/microbial-embeddings/analysis/Disease_classification_loo/Data/pretraining_datasize/result/T2DM/datasize_result_4/subset_table_4w/PRJNA788301
train loss 0.5939285159111023, test loss 0.8120577931404114, train auc 0.727, test auc 0.487 train f1 0.586, test f1 0.540 train mcc 0.279, test mcc 0.180 train aupr 0.781, test aupr 0.472 train acc 0.672, test acc 0.575 confusion_matrix [[ 6 14]
 [ 3 17]]
train loss 0.5963031649589539, test loss 0.5169437527656555, train auc 0.729, test auc 0.781 train f1 0.572, test f1 0.695 train mcc 0.266, test mcc 0.418 train aupr 0.777, test aupr 0.906 train acc 0.658, test acc 0.821 confusion_matrix [[ 6  9]
 [ 3 49]]
    [T2DM/datasize_result_4/subset_table_4w/PRJEB59916] Job on GPU-3 completed.
    [T2DM/datasize_result_4/subset_table_4w/PRJNA807457] Starting job on GPU-3. Output: /home/cjj/projects/microbial-embeddings/analysis/Disease_classification_loo/Data/pretraining_datasize/result/T2DM/datasize_result_4/subset_table_4w/PRJNA807457
    [T2DM/datasize_result_4/subset_table_4w/PRJNA1000711] Job on GPU-2 completed.
    [T2DM/datasize_result_4/subset_table_4w/PRJNA819279] Starting job on GPU-2. Output: /home/cjj/projects/microbial-embeddings/analysis/Disease_classification_loo/Data/pretraining_datasize/result/T2DM/datasize_result_4/subset_table_4w/PRJNA819279
train loss 0.5210539102554321, test loss 0.7779061794281006, train auc 0.805, test auc 0.764 train f1 0.747, test f1 0.706 train mcc 0.497, test mcc 0.423 train aupr 0.840, test aupr 0.724 train acc 0.764, test acc 0.708 confusion_matrix [[15  9]
 [ 5 19]]
    [T2DM/datasize_result_4/subset_table_4w/PRJNA588353] Job on GPU-6 completed.
    [T2DM/datasize_result_4/subset_table_4w/PRJNA879337] Starting job on GPU-6. Output: /home/cjj/projects/microbial-embeddings/analysis/Disease_classification_loo/Data/pretraining_datasize/result/T2DM/datasize_result_4/subset_table_4w/PRJNA879337
train loss 0.45455658435821533, test loss 0.5182712078094482, train auc 0.859, test auc 0.824 train f1 0.775, test f1 0.744 train mcc 0.566, test mcc 0.491 train aupr 0.894, test aupr 0.878 train acc 0.795, test acc 0.756 confusion_matrix [[11  6]
 [ 4 20]]
    [T2DM/datasize_result_4/subset_table_4w/PRJNA646010] Job on GPU-0 completed.
    [T2DM/datasize_result_4/subset_table_4w/PRJNA978958] Starting job on GPU-0. Output: /home/cjj/projects/microbial-embeddings/analysis/Disease_classification_loo/Data/pretraining_datasize/result/T2DM/datasize_result_4/subset_table_4w/PRJNA978958
  Processing embedding: subset_table_8w_100 (short name: subset_table_8w)
train loss 0.6242544054985046, test loss 0.7783216238021851, train auc 0.674, test auc 0.959 train f1 0.538, test f1 0.854 train mcc 0.207, test mcc 0.745 train aupr 0.723, test aupr 0.966 train acc 0.645, test acc 0.857 confusion_matrix [[7 0]
 [2 5]]
    [T2DM/datasize_result_4/subset_table_4w/PRJNA668251] Job on GPU-7 completed.
    [T2DM/datasize_result_4/subset_table_8w/PRJEB11419] Starting job on GPU-7. Output: /home/cjj/projects/microbial-embeddings/analysis/Disease_classification_loo/Data/pretraining_datasize/result/T2DM/datasize_result_4/subset_table_8w/PRJEB11419
train loss 0.5270260572433472, test loss 0.6010928750038147, train auc 0.813, test auc 0.568 train f1 0.727, test f1 0.435 train mcc 0.473, test mcc -0.024 train aupr 0.819, test aupr 0.788 train acc 0.728, test acc 0.769 confusion_matrix [[  0 114]
 [  1 382]]
    [T2DM/datasize_result_4/subset_table_4w/PRJNA766337] Job on GPU-4 completed.
    [T2DM/datasize_result_4/subset_table_8w/PRJEB59916] Starting job on GPU-4. Output: /home/cjj/projects/microbial-embeddings/analysis/Disease_classification_loo/Data/pretraining_datasize/result/T2DM/datasize_result_4/subset_table_8w/PRJEB59916
train loss 0.6356045603752136, test loss 0.7176979780197144, train auc 0.574, test auc 0.569 train f1 0.397, test f1 0.328 train mcc -0.023, test mcc 0.046 train aupr 0.717, test aupr 0.429 train acc 0.659, test acc 0.380 confusion_matrix [[ 11 130]
 [  4  71]]
    [T2DM/datasize_result_4/subset_table_4w/PRJNA734860] Job on GPU-1 completed.
    [T2DM/datasize_result_4/subset_table_8w/PRJNA1000711] Starting job on GPU-1. Output: /home/cjj/projects/microbial-embeddings/analysis/Disease_classification_loo/Data/pretraining_datasize/result/T2DM/datasize_result_4/subset_table_8w/PRJNA1000711
train loss 0.4520336389541626, test loss 1.4760159254074097, train auc 0.860, test auc 0.628 train f1 0.793, test f1 0.613 train mcc 0.587, test mcc 0.289 train aupr 0.906, test aupr 0.573 train acc 0.802, test acc 0.627 confusion_matrix [[11 15]
 [ 4 21]]
    [T2DM/datasize_result_4/subset_table_4w/PRJNA788301] Job on GPU-5 completed.
    [T2DM/datasize_result_4/subset_table_8w/PRJNA588353] Starting job on GPU-5. Output: /home/cjj/projects/microbial-embeddings/analysis/Disease_classification_loo/Data/pretraining_datasize/result/T2DM/datasize_result_4/subset_table_8w/PRJNA588353
train loss 0.5540688037872314, test loss 0.9826822876930237, train auc 0.775, test auc 0.570 train f1 0.682, test f1 0.322 train mcc 0.393, test mcc -0.160 train aupr 0.822, test aupr 0.530 train acc 0.720, test acc 0.475 confusion_matrix [[ 0 20]
 [ 1 19]]
train loss 0.565298855304718, test loss 0.7317421436309814, train auc 0.760, test auc 0.781 train f1 0.693, test f1 0.726 train mcc 0.402, test mcc 0.497 train aupr 0.799, test aupr 0.733 train acc 0.723, test acc 0.732 confusion_matrix [[12  9]
 [ 2 18]]
    [T2DM/datasize_result_4/subset_table_4w/PRJNA807457] Job on GPU-3 completed.
    [T2DM/datasize_result_4/subset_table_8w/PRJNA646010] Starting job on GPU-3. Output: /home/cjj/projects/microbial-embeddings/analysis/Disease_classification_loo/Data/pretraining_datasize/result/T2DM/datasize_result_4/subset_table_8w/PRJNA646010
    [T2DM/datasize_result_4/subset_table_4w/PRJNA819279] Job on GPU-2 completed.
    [T2DM/datasize_result_4/subset_table_8w/PRJNA668251] Starting job on GPU-2. Output: /home/cjj/projects/microbial-embeddings/analysis/Disease_classification_loo/Data/pretraining_datasize/result/T2DM/datasize_result_4/subset_table_8w/PRJNA668251
train loss 0.6157256364822388, test loss 0.624203085899353, train auc 0.689, test auc 1.000 train f1 0.564, test f1 0.948 train mcc 0.237, test mcc 0.901 train aupr 0.732, test aupr 1.000 train acc 0.654, test acc 0.952 confusion_matrix [[ 7  0]
 [ 1 13]]
    [T2DM/datasize_result_4/subset_table_4w/PRJNA879337] Job on GPU-6 completed.
    [T2DM/datasize_result_4/subset_table_8w/PRJNA734860] Starting job on GPU-6. Output: /home/cjj/projects/microbial-embeddings/analysis/Disease_classification_loo/Data/pretraining_datasize/result/T2DM/datasize_result_4/subset_table_8w/PRJNA734860
train loss 0.4143542945384979, test loss 0.8847649693489075, train auc 0.885, test auc 0.695 train f1 0.819, test f1 0.655 train mcc 0.638, test mcc 0.346 train aupr 0.901, test aupr 0.738 train acc 0.828, test acc 0.724 confusion_matrix [[ 4  6]
 [ 2 17]]
    [T2DM/datasize_result_4/subset_table_4w/PRJNA978958] Job on GPU-0 completed.
    [T2DM/datasize_result_4/subset_table_8w/PRJNA766337] Starting job on GPU-0. Output: /home/cjj/projects/microbial-embeddings/analysis/Disease_classification_loo/Data/pretraining_datasize/result/T2DM/datasize_result_4/subset_table_8w/PRJNA766337
train loss 0.6403845548629761, test loss 0.6714414358139038, train auc 0.643, test auc 0.710 train f1 0.451, test f1 0.664 train mcc 0.140, test mcc 0.340 train aupr 0.712, test aupr 0.615 train acc 0.635, test acc 0.667 confusion_matrix [[32 18]
 [10 24]]
    [T2DM/datasize_result_4/subset_table_8w/PRJEB11419] Job on GPU-7 completed.
    [T2DM/datasize_result_4/subset_table_8w/PRJNA788301] Starting job on GPU-7. Output: /home/cjj/projects/microbial-embeddings/analysis/Disease_classification_loo/Data/pretraining_datasize/result/T2DM/datasize_result_4/subset_table_8w/PRJNA788301
train loss 0.6232138276100159, test loss 0.7914940118789673, train auc 0.676, test auc 0.517 train f1 0.622, test f1 0.373 train mcc 0.283, test mcc 0.000 train aupr 0.730, test aupr 0.572 train acc 0.674, test acc 0.500 confusion_matrix [[ 1 19]
 [ 1 19]]
    [T2DM/datasize_result_4/subset_table_8w/PRJEB59916] Job on GPU-4 completed.
    [T2DM/datasize_result_4/subset_table_8w/PRJNA807457] Starting job on GPU-4. Output: /home/cjj/projects/microbial-embeddings/analysis/Disease_classification_loo/Data/pretraining_datasize/result/T2DM/datasize_result_4/subset_table_8w/PRJNA807457
train loss 0.5841202139854431, test loss 0.5467175841331482, train auc 0.747, test auc 0.736 train f1 0.645, test f1 0.601 train mcc 0.340, test mcc 0.318 train aupr 0.797, test aupr 0.913 train acc 0.691, test acc 0.806 confusion_matrix [[ 3 12]
 [ 1 51]]
    [T2DM/datasize_result_4/subset_table_8w/PRJNA1000711] Job on GPU-1 completed.
    [T2DM/datasize_result_4/subset_table_8w/PRJNA819279] Starting job on GPU-1. Output: /home/cjj/projects/microbial-embeddings/analysis/Disease_classification_loo/Data/pretraining_datasize/result/T2DM/datasize_result_4/subset_table_8w/PRJNA819279
train loss 0.5223613977432251, test loss 0.931695282459259, train auc 0.806, test auc 0.807 train f1 0.689, test f1 0.750 train mcc 0.441, test mcc 0.502 train aupr 0.847, test aupr 0.777 train acc 0.738, test acc 0.750 confusion_matrix [[17  7]
 [ 5 19]]
    [T2DM/datasize_result_4/subset_table_8w/PRJNA588353] Job on GPU-5 completed.
    [T2DM/datasize_result_4/subset_table_8w/PRJNA879337] Starting job on GPU-5. Output: /home/cjj/projects/microbial-embeddings/analysis/Disease_classification_loo/Data/pretraining_datasize/result/T2DM/datasize_result_4/subset_table_8w/PRJNA879337
train loss 0.5964999794960022, test loss 0.6576489210128784, train auc 0.717, test auc 0.593 train f1 0.597, test f1 0.503 train mcc 0.262, test mcc 0.140 train aupr 0.763, test aupr 0.704 train acc 0.665, test acc 0.610 confusion_matrix [[ 3 14]
 [ 2 22]]
    [T2DM/datasize_result_4/subset_table_8w/PRJNA646010] Job on GPU-3 completed.
    [T2DM/datasize_result_4/subset_table_8w/PRJNA978958] Starting job on GPU-3. Output: /home/cjj/projects/microbial-embeddings/analysis/Disease_classification_loo/Data/pretraining_datasize/result/T2DM/datasize_result_4/subset_table_8w/PRJNA978958
Processing data size directory: datasize_result_5
  Processing embedding: subset_table_1w_100 (short name: subset_table_1w)
train loss 0.3673340082168579, test loss 1.39786696434021, train auc 0.906, test auc 0.599 train f1 0.834, test f1 0.448 train mcc 0.667, test mcc 0.118 train aupr 0.946, test aupr 0.459 train acc 0.851, test acc 0.458 confusion_matrix [[ 35 106]
 [ 11  64]]
train loss 0.6256961822509766, test loss 0.7893871665000916, train auc 0.668, test auc 0.939 train f1 0.559, test f1 0.785 train mcc 0.226, test mcc 0.577 train aupr 0.718, test aupr 0.944 train acc 0.652, test acc 0.786 confusion_matrix [[5 2]
 [1 6]]
    [T2DM/datasize_result_4/subset_table_8w/PRJNA734860] Job on GPU-6 completed.
    [T2DM/datasize_result_5/subset_table_1w/PRJEB11419] Starting job on GPU-6. Output: /home/cjj/projects/microbial-embeddings/analysis/Disease_classification_loo/Data/pretraining_datasize/result/T2DM/datasize_result_5/subset_table_1w/PRJEB11419
    [T2DM/datasize_result_4/subset_table_8w/PRJNA668251] Job on GPU-2 completed.
    [T2DM/datasize_result_5/subset_table_1w/PRJEB59916] Starting job on GPU-2. Output: /home/cjj/projects/microbial-embeddings/analysis/Disease_classification_loo/Data/pretraining_datasize/result/T2DM/datasize_result_5/subset_table_1w/PRJEB59916
train loss 0.6151697039604187, test loss 0.5337947607040405, train auc 0.721, test auc 0.597 train f1 0.616, test f1 0.461 train mcc 0.295, test mcc 0.112 train aupr 0.706, test aupr 0.798 train acc 0.629, test acc 0.775 confusion_matrix [[  3 111]
 [  1 382]]
    [T2DM/datasize_result_4/subset_table_8w/PRJNA766337] Job on GPU-0 completed.
    [T2DM/datasize_result_5/subset_table_1w/PRJNA1000711] Starting job on GPU-0. Output: /home/cjj/projects/microbial-embeddings/analysis/Disease_classification_loo/Data/pretraining_datasize/result/T2DM/datasize_result_5/subset_table_1w/PRJNA1000711
train loss 0.48109546303749084, test loss 1.2854466438293457, train auc 0.840, test auc 0.554 train f1 0.772, test f1 0.539 train mcc 0.547, test mcc 0.174 train aupr 0.887, test aupr 0.506 train acc 0.787, test acc 0.569 confusion_matrix [[ 8 18]
 [ 4 21]]
    [T2DM/datasize_result_4/subset_table_8w/PRJNA788301] Job on GPU-7 completed.
    [T2DM/datasize_result_5/subset_table_1w/PRJNA588353] Starting job on GPU-7. Output: /home/cjj/projects/microbial-embeddings/analysis/Disease_classification_loo/Data/pretraining_datasize/result/T2DM/datasize_result_5/subset_table_1w/PRJNA588353
train loss 0.4528638422489166, test loss 0.7790144681930542, train auc 0.861, test auc 0.600 train f1 0.794, test f1 0.505 train mcc 0.598, test mcc 0.227 train aupr 0.896, test aupr 0.511 train acc 0.811, test acc 0.575 confusion_matrix [[ 4 16]
 [ 1 19]]
    [T2DM/datasize_result_4/subset_table_8w/PRJNA807457] Job on GPU-4 completed.
    [T2DM/datasize_result_5/subset_table_1w/PRJNA646010] Starting job on GPU-4. Output: /home/cjj/projects/microbial-embeddings/analysis/Disease_classification_loo/Data/pretraining_datasize/result/T2DM/datasize_result_5/subset_table_1w/PRJNA646010
train loss 0.5669441223144531, test loss 0.8808866143226624, train auc 0.758, test auc 0.724 train f1 0.686, test f1 0.657 train mcc 0.393, test mcc 0.326 train aupr 0.801, test aupr 0.769 train acc 0.720, test acc 0.659 confusion_matrix [[12  9]
 [ 5 15]]
    [T2DM/datasize_result_4/subset_table_8w/PRJNA819279] Job on GPU-1 completed.
    [T2DM/datasize_result_5/subset_table_1w/PRJNA668251] Starting job on GPU-1. Output: /home/cjj/projects/microbial-embeddings/analysis/Disease_classification_loo/Data/pretraining_datasize/result/T2DM/datasize_result_5/subset_table_1w/PRJNA668251
train loss 0.6569293141365051, test loss 0.6293994188308716, train auc 0.626, test auc 1.000 train f1 0.443, test f1 0.948 train mcc 0.117, test mcc 0.901 train aupr 0.679, test aupr 1.000 train acc 0.616, test acc 0.952 confusion_matrix [[ 7  0]
 [ 1 13]]
    [T2DM/datasize_result_4/subset_table_8w/PRJNA879337] Job on GPU-5 completed.
    [T2DM/datasize_result_5/subset_table_1w/PRJNA734860] Starting job on GPU-5. Output: /home/cjj/projects/microbial-embeddings/analysis/Disease_classification_loo/Data/pretraining_datasize/result/T2DM/datasize_result_5/subset_table_1w/PRJNA734860
train loss 0.566572368144989, test loss 0.5457874536514282, train auc 0.764, test auc 0.816 train f1 0.654, test f1 0.685 train mcc 0.361, test mcc 0.437 train aupr 0.820, test aupr 0.899 train acc 0.703, test acc 0.759 confusion_matrix [[ 4  6]
 [ 1 18]]
train loss 0.6045578718185425, test loss 0.6324393153190613, train auc 0.712, test auc 0.765 train f1 0.610, test f1 0.576 train mcc 0.289, test mcc 0.208 train aupr 0.764, test aupr 0.915 train acc 0.669, test acc 0.776 confusion_matrix [[ 3 12]
 [ 3 49]]
    [T2DM/datasize_result_4/subset_table_8w/PRJNA978958] Job on GPU-3 completed.
    [T2DM/datasize_result_5/subset_table_1w/PRJNA766337] Starting job on GPU-3. Output: /home/cjj/projects/microbial-embeddings/analysis/Disease_classification_loo/Data/pretraining_datasize/result/T2DM/datasize_result_5/subset_table_1w/PRJNA766337
train loss 0.53116774559021, test loss 0.6166309714317322, train auc 0.790, test auc 0.775 train f1 0.707, test f1 0.737 train mcc 0.435, test mcc 0.495 train aupr 0.847, test aupr 0.614 train acc 0.742, test acc 0.738 confusion_matrix [[34 16]
 [ 6 28]]
    [T2DM/datasize_result_5/subset_table_1w/PRJNA1000711] Job on GPU-0 completed.
    [T2DM/datasize_result_5/subset_table_1w/PRJNA788301] Starting job on GPU-0. Output: /home/cjj/projects/microbial-embeddings/analysis/Disease_classification_loo/Data/pretraining_datasize/result/T2DM/datasize_result_5/subset_table_1w/PRJNA788301
train loss 0.4848915636539459, test loss 0.6608253121376038, train auc 0.837, test auc 0.622 train f1 0.716, test f1 0.420 train mcc 0.489, test mcc 0.095 train aupr 0.877, test aupr 0.670 train acc 0.758, test acc 0.525 confusion_matrix [[ 2 18]
 [ 1 19]]
    [T2DM/datasize_result_5/subset_table_1w/PRJEB11419] Job on GPU-6 completed.
    [T2DM/datasize_result_5/subset_table_1w/PRJNA807457] Starting job on GPU-6. Output: /home/cjj/projects/microbial-embeddings/analysis/Disease_classification_loo/Data/pretraining_datasize/result/T2DM/datasize_result_5/subset_table_1w/PRJNA807457
    [T2DM/datasize_result_5/subset_table_1w/PRJEB59916] Job on GPU-2 completed.
    [T2DM/datasize_result_5/subset_table_1w/PRJNA819279] Starting job on GPU-2. Output: /home/cjj/projects/microbial-embeddings/analysis/Disease_classification_loo/Data/pretraining_datasize/result/T2DM/datasize_result_5/subset_table_1w/PRJNA819279
train loss 0.513245165348053, test loss 0.9633482694625854, train auc 0.812, test auc 0.806 train f1 0.717, test f1 0.771 train mcc 0.466, test mcc 0.542 train aupr 0.860, test aupr 0.737 train acc 0.751, test acc 0.771 confusion_matrix [[18  6]
 [ 5 19]]
    [T2DM/datasize_result_5/subset_table_1w/PRJNA588353] Job on GPU-7 completed.
    [T2DM/datasize_result_5/subset_table_1w/PRJNA879337] Starting job on GPU-7. Output: /home/cjj/projects/microbial-embeddings/analysis/Disease_classification_loo/Data/pretraining_datasize/result/T2DM/datasize_result_5/subset_table_1w/PRJNA879337
train loss 0.40237662196159363, test loss 1.0446560382843018, train auc 0.892, test auc 0.588 train f1 0.809, test f1 0.565 train mcc 0.630, test mcc 0.292 train aupr 0.917, test aupr 0.633 train acc 0.825, test acc 0.659 confusion_matrix [[ 4 13]
 [ 1 23]]
    [T2DM/datasize_result_5/subset_table_1w/PRJNA646010] Job on GPU-4 completed.
    [T2DM/datasize_result_5/subset_table_1w/PRJNA978958] Starting job on GPU-4. Output: /home/cjj/projects/microbial-embeddings/analysis/Disease_classification_loo/Data/pretraining_datasize/result/T2DM/datasize_result_5/subset_table_1w/PRJNA978958
  Processing embedding: subset_table_2w_100 (short name: subset_table_2w)
train loss 0.6328286528587341, test loss 0.7881132364273071, train auc 0.644, test auc 0.959 train f1 0.379, test f1 0.854 train mcc 0.009, test mcc 0.745 train aupr 0.693, test aupr 0.966 train acc 0.604, test acc 0.857 confusion_matrix [[7 0]
 [2 5]]
train loss 0.5122516751289368, test loss 0.7902327179908752, train auc 0.790, test auc 0.585 train f1 0.721, test f1 0.501 train mcc 0.463, test mcc 0.187 train aupr 0.860, test aupr 0.395 train acc 0.771, test acc 0.505 confusion_matrix [[45 96]
 [11 64]]
    [T2DM/datasize_result_5/subset_table_1w/PRJNA668251] Job on GPU-1 completed.
    [T2DM/datasize_result_5/subset_table_2w/PRJEB11419] Starting job on GPU-1. Output: /home/cjj/projects/microbial-embeddings/analysis/Disease_classification_loo/Data/pretraining_datasize/result/T2DM/datasize_result_5/subset_table_2w/PRJEB11419
    [T2DM/datasize_result_5/subset_table_1w/PRJNA734860] Job on GPU-5 completed.
    [T2DM/datasize_result_5/subset_table_2w/PRJEB59916] Starting job on GPU-5. Output: /home/cjj/projects/microbial-embeddings/analysis/Disease_classification_loo/Data/pretraining_datasize/result/T2DM/datasize_result_5/subset_table_2w/PRJEB59916
train loss 0.5997506976127625, test loss 0.5724492073059082, train auc 0.743, test auc 0.598 train f1 0.673, test f1 0.435 train mcc 0.372, test mcc -0.024 train aupr 0.722, test aupr 0.815 train acc 0.676, test acc 0.769 confusion_matrix [[  0 114]
 [  1 382]]
    [T2DM/datasize_result_5/subset_table_1w/PRJNA766337] Job on GPU-3 completed.
    [T2DM/datasize_result_5/subset_table_2w/PRJNA1000711] Starting job on GPU-3. Output: /home/cjj/projects/microbial-embeddings/analysis/Disease_classification_loo/Data/pretraining_datasize/result/T2DM/datasize_result_5/subset_table_2w/PRJNA1000711
train loss 0.39352887868881226, test loss 1.8539011478424072, train auc 0.900, test auc 0.655 train f1 0.825, test f1 0.618 train mcc 0.651, test mcc 0.277 train aupr 0.931, test aupr 0.607 train acc 0.832, test acc 0.627 confusion_matrix [[12 14]
 [ 5 20]]
    [T2DM/datasize_result_5/subset_table_1w/PRJNA788301] Job on GPU-0 completed.
    [T2DM/datasize_result_5/subset_table_2w/PRJNA588353] Starting job on GPU-0. Output: /home/cjj/projects/microbial-embeddings/analysis/Disease_classification_loo/Data/pretraining_datasize/result/T2DM/datasize_result_5/subset_table_2w/PRJNA588353
train loss 0.5830827951431274, test loss 0.6920573711395264, train auc 0.737, test auc 0.645 train f1 0.663, test f1 0.632 train mcc 0.379, test mcc 0.400 train aupr 0.787, test aupr 0.568 train acc 0.713, test acc 0.659 confusion_matrix [[ 8 13]
 [ 1 19]]
train loss 0.5571573972702026, test loss 1.2676591873168945, train auc 0.771, test auc 0.720 train f1 0.703, test f1 0.750 train mcc 0.423, test mcc 0.500 train aupr 0.804, test aupr 0.626 train acc 0.732, test acc 0.750 confusion_matrix [[15  5]
 [ 5 15]]
    [T2DM/datasize_result_5/subset_table_1w/PRJNA819279] Job on GPU-2 completed.
    [T2DM/datasize_result_5/subset_table_2w/PRJNA646010] Starting job on GPU-2. Output: /home/cjj/projects/microbial-embeddings/analysis/Disease_classification_loo/Data/pretraining_datasize/result/T2DM/datasize_result_5/subset_table_2w/PRJNA646010
    [T2DM/datasize_result_5/subset_table_1w/PRJNA807457] Job on GPU-6 completed.
    [T2DM/datasize_result_5/subset_table_2w/PRJNA668251] Starting job on GPU-6. Output: /home/cjj/projects/microbial-embeddings/analysis/Disease_classification_loo/Data/pretraining_datasize/result/T2DM/datasize_result_5/subset_table_2w/PRJNA668251
train loss 0.6266254782676697, test loss 0.6281970739364624, train auc 0.667, test auc 1.000 train f1 0.631, test f1 0.948 train mcc 0.291, test mcc 0.901 train aupr 0.708, test aupr 1.000 train acc 0.674, test acc 0.952 confusion_matrix [[ 7  0]
 [ 1 13]]
    [T2DM/datasize_result_5/subset_table_1w/PRJNA879337] Job on GPU-7 completed.
    [T2DM/datasize_result_5/subset_table_2w/PRJNA734860] Starting job on GPU-7. Output: /home/cjj/projects/microbial-embeddings/analysis/Disease_classification_loo/Data/pretraining_datasize/result/T2DM/datasize_result_5/subset_table_2w/PRJNA734860
train loss 0.4750939607620239, test loss 0.7524662017822266, train auc 0.841, test auc 0.747 train f1 0.700, test f1 0.746 train mcc 0.448, test mcc 0.516 train aupr 0.895, test aupr 0.713 train acc 0.742, test acc 0.750 confusion_matrix [[15  9]
 [ 3 21]]
train loss 0.6005806922912598, test loss 0.6097537279129028, train auc 0.712, test auc 0.758 train f1 0.639, test f1 0.623 train mcc 0.338, test mcc 0.341 train aupr 0.759, test aupr 0.808 train acc 0.694, test acc 0.724 confusion_matrix [[ 3  7]
 [ 1 18]]
train loss 0.6187431812286377, test loss 0.6623630523681641, train auc 0.671, test auc 0.678 train f1 0.603, test f1 0.715 train mcc 0.259, test mcc 0.445 train aupr 0.738, test aupr 0.622 train acc 0.671, test acc 0.738 confusion_matrix [[43  7]
 [15 19]]
    [T2DM/datasize_result_5/subset_table_2w/PRJNA588353] Job on GPU-0 completed.
    [T2DM/datasize_result_5/subset_table_2w/PRJNA766337] Starting job on GPU-0. Output: /home/cjj/projects/microbial-embeddings/analysis/Disease_classification_loo/Data/pretraining_datasize/result/T2DM/datasize_result_5/subset_table_2w/PRJNA766337
train loss 0.6202055811882019, test loss 0.7884159684181213, train auc 0.684, test auc 0.450 train f1 0.570, test f1 0.487 train mcc 0.231, test mcc 0.140 train aupr 0.733, test aupr 0.515 train acc 0.655, test acc 0.550 confusion_matrix [[ 4 16]
 [ 2 18]]
    [T2DM/datasize_result_5/subset_table_1w/PRJNA978958] Job on GPU-4 completed.
    [T2DM/datasize_result_5/subset_table_2w/PRJNA788301] Starting job on GPU-4. Output: /home/cjj/projects/microbial-embeddings/analysis/Disease_classification_loo/Data/pretraining_datasize/result/T2DM/datasize_result_5/subset_table_2w/PRJNA788301
    [T2DM/datasize_result_5/subset_table_2w/PRJEB11419] Job on GPU-1 completed.
    [T2DM/datasize_result_5/subset_table_2w/PRJNA807457] Starting job on GPU-1. Output: /home/cjj/projects/microbial-embeddings/analysis/Disease_classification_loo/Data/pretraining_datasize/result/T2DM/datasize_result_5/subset_table_2w/PRJNA807457
    [T2DM/datasize_result_5/subset_table_2w/PRJEB59916] Job on GPU-5 completed.
    [T2DM/datasize_result_5/subset_table_2w/PRJNA819279] Starting job on GPU-5. Output: /home/cjj/projects/microbial-embeddings/analysis/Disease_classification_loo/Data/pretraining_datasize/result/T2DM/datasize_result_5/subset_table_2w/PRJNA819279
train loss 0.5814242362976074, test loss 0.5259926319122314, train auc 0.753, test auc 0.804 train f1 0.617, test f1 0.659 train mcc 0.293, test mcc 0.354 train aupr 0.815, test aupr 0.942 train acc 0.671, test acc 0.806 confusion_matrix [[ 5 10]
 [ 3 49]]
    [T2DM/datasize_result_5/subset_table_2w/PRJNA1000711] Job on GPU-3 completed.
    [T2DM/datasize_result_5/subset_table_2w/PRJNA879337] Starting job on GPU-3. Output: /home/cjj/projects/microbial-embeddings/analysis/Disease_classification_loo/Data/pretraining_datasize/result/T2DM/datasize_result_5/subset_table_2w/PRJNA879337
train loss 0.5144109129905701, test loss 0.7463427782058716, train auc 0.814, test auc 1.000 train f1 0.702, test f1 0.928 train mcc 0.434, test mcc 0.866 train aupr 0.866, test aupr 1.000 train acc 0.736, test acc 0.929 confusion_matrix [[7 0]
 [1 6]]
train loss 0.6030435562133789, test loss 0.6507974863052368, train auc 0.707, test auc 0.608 train f1 0.515, test f1 0.471 train mcc 0.193, test mcc 0.144 train aupr 0.755, test aupr 0.706 train acc 0.639, test acc 0.610 confusion_matrix [[ 2 15]
 [ 1 23]]
    [T2DM/datasize_result_5/subset_table_2w/PRJNA646010] Job on GPU-2 completed.
    [T2DM/datasize_result_5/subset_table_2w/PRJNA978958] Starting job on GPU-2. Output: /home/cjj/projects/microbial-embeddings/analysis/Disease_classification_loo/Data/pretraining_datasize/result/T2DM/datasize_result_5/subset_table_2w/PRJNA978958
  Processing embedding: subset_table_4w_100 (short name: subset_table_4w)
    [T2DM/datasize_result_5/subset_table_2w/PRJNA668251] Job on GPU-6 completed.
    [T2DM/datasize_result_5/subset_table_4w/PRJEB11419] Starting job on GPU-6. Output: /home/cjj/projects/microbial-embeddings/analysis/Disease_classification_loo/Data/pretraining_datasize/result/T2DM/datasize_result_5/subset_table_4w/PRJEB11419
train loss 0.6516486406326294, test loss 0.54931640625, train auc 0.656, test auc 0.568 train f1 0.431, test f1 0.435 train mcc 0.123, test mcc -0.024 train aupr 0.640, test aupr 0.797 train acc 0.520, test acc 0.769 confusion_matrix [[  0 114]
 [  1 382]]
    [T2DM/datasize_result_5/subset_table_2w/PRJNA766337] Job on GPU-0 completed.
    [T2DM/datasize_result_5/subset_table_4w/PRJEB59916] Starting job on GPU-0. Output: /home/cjj/projects/microbial-embeddings/analysis/Disease_classification_loo/Data/pretraining_datasize/result/T2DM/datasize_result_5/subset_table_4w/PRJEB59916
train loss 0.5383298397064209, test loss 0.8291634321212769, train auc 0.766, test auc 0.564 train f1 0.585, test f1 0.337 train mcc 0.321, test mcc 0.134 train aupr 0.845, test aupr 0.392 train acc 0.718, test acc 0.394 confusion_matrix [[ 11 130]
 [  1  74]]
    [T2DM/datasize_result_5/subset_table_2w/PRJNA734860] Job on GPU-7 completed.
    [T2DM/datasize_result_5/subset_table_4w/PRJNA1000711] Starting job on GPU-7. Output: /home/cjj/projects/microbial-embeddings/analysis/Disease_classification_loo/Data/pretraining_datasize/result/T2DM/datasize_result_5/subset_table_4w/PRJNA1000711
train loss 0.567463755607605, test loss 0.8101748824119568, train auc 0.761, test auc 0.660 train f1 0.668, test f1 0.525 train mcc 0.361, test mcc 0.197 train aupr 0.814, test aupr 0.623 train acc 0.706, test acc 0.575 confusion_matrix [[ 5 15]
 [ 2 18]]
train loss 0.433074951171875, test loss 1.1197314262390137, train auc 0.874, test auc 0.583 train f1 0.782, test f1 0.320 train mcc 0.584, test mcc -0.144 train aupr 0.906, test aupr 0.622 train acc 0.804, test acc 0.471 confusion_matrix [[ 0 26]
 [ 1 24]]
    [T2DM/datasize_result_5/subset_table_2w/PRJNA807457] Job on GPU-1 completed.
    [T2DM/datasize_result_5/subset_table_4w/PRJNA588353] Starting job on GPU-1. Output: /home/cjj/projects/microbial-embeddings/analysis/Disease_classification_loo/Data/pretraining_datasize/result/T2DM/datasize_result_5/subset_table_4w/PRJNA588353
train loss 0.5789647698402405, test loss 0.8262091875076294, train auc 0.745, test auc 0.574 train f1 0.620, test f1 0.475 train mcc 0.299, test mcc 0.128 train aupr 0.796, test aupr 0.501 train acc 0.681, test acc 0.537 confusion_matrix [[ 4 17]
 [ 2 18]]
    [T2DM/datasize_result_5/subset_table_2w/PRJNA788301] Job on GPU-4 completed.
    [T2DM/datasize_result_5/subset_table_4w/PRJNA646010] Starting job on GPU-4. Output: /home/cjj/projects/microbial-embeddings/analysis/Disease_classification_loo/Data/pretraining_datasize/result/T2DM/datasize_result_5/subset_table_4w/PRJNA646010
train loss 0.6602336764335632, test loss 0.6269559264183044, train auc 0.619, test auc 1.000 train f1 0.378, test f1 0.948 train mcc 0.009, test mcc 0.901 train aupr 0.678, test aupr 1.000 train acc 0.602, test acc 0.952 confusion_matrix [[ 7  0]
 [ 1 13]]
    [T2DM/datasize_result_5/subset_table_2w/PRJNA819279] Job on GPU-5 completed.
    [T2DM/datasize_result_5/subset_table_4w/PRJNA668251] Starting job on GPU-5. Output: /home/cjj/projects/microbial-embeddings/analysis/Disease_classification_loo/Data/pretraining_datasize/result/T2DM/datasize_result_5/subset_table_4w/PRJNA668251
    [T2DM/datasize_result_5/subset_table_2w/PRJNA879337] Job on GPU-3 completed.
    [T2DM/datasize_result_5/subset_table_4w/PRJNA734860] Starting job on GPU-3. Output: /home/cjj/projects/microbial-embeddings/analysis/Disease_classification_loo/Data/pretraining_datasize/result/T2DM/datasize_result_5/subset_table_4w/PRJNA734860
train loss 0.6194981336593628, test loss 0.6630380153656006, train auc 0.677, test auc 0.701 train f1 0.577, test f1 0.708 train mcc 0.248, test mcc 0.421 train aupr 0.748, test aupr 0.610 train acc 0.669, test acc 0.726 confusion_matrix [[41  9]
 [14 20]]
    [T2DM/datasize_result_5/subset_table_4w/PRJEB11419] Job on GPU-6 completed.
    [T2DM/datasize_result_5/subset_table_4w/PRJNA766337] Starting job on GPU-6. Output: /home/cjj/projects/microbial-embeddings/analysis/Disease_classification_loo/Data/pretraining_datasize/result/T2DM/datasize_result_5/subset_table_4w/PRJNA766337
train loss 0.42824384570121765, test loss 0.5958730578422546, train auc 0.880, test auc 0.800 train f1 0.788, test f1 0.685 train mcc 0.582, test mcc 0.437 train aupr 0.906, test aupr 0.899 train acc 0.803, test acc 0.759 confusion_matrix [[ 4  6]
 [ 1 18]]
    [T2DM/datasize_result_5/subset_table_2w/PRJNA978958] Job on GPU-2 completed.
    [T2DM/datasize_result_5/subset_table_4w/PRJNA788301] Starting job on GPU-2. Output: /home/cjj/projects/microbial-embeddings/analysis/Disease_classification_loo/Data/pretraining_datasize/result/T2DM/datasize_result_5/subset_table_4w/PRJNA788301
train loss 0.6439409852027893, test loss 0.7749278545379639, train auc 0.663, test auc 0.552 train f1 0.625, test f1 0.322 train mcc 0.284, test mcc -0.160 train aupr 0.714, test aupr 0.598 train acc 0.674, test acc 0.475 confusion_matrix [[ 0 20]
 [ 1 19]]
    [T2DM/datasize_result_5/subset_table_4w/PRJEB59916] Job on GPU-0 completed.
    [T2DM/datasize_result_5/subset_table_4w/PRJNA807457] Starting job on GPU-0. Output: /home/cjj/projects/microbial-embeddings/analysis/Disease_classification_loo/Data/pretraining_datasize/result/T2DM/datasize_result_5/subset_table_4w/PRJNA807457
train loss 0.587231457233429, test loss 0.49291521310806274, train auc 0.745, test auc 0.740 train f1 0.565, test f1 0.619 train mcc 0.280, test mcc 0.285 train aupr 0.783, test aupr 0.895 train acc 0.660, test acc 0.791 confusion_matrix [[ 4 11]
 [ 3 49]]
    [T2DM/datasize_result_5/subset_table_4w/PRJNA1000711] Job on GPU-7 completed.
    [T2DM/datasize_result_5/subset_table_4w/PRJNA819279] Starting job on GPU-7. Output: /home/cjj/projects/microbial-embeddings/analysis/Disease_classification_loo/Data/pretraining_datasize/result/T2DM/datasize_result_5/subset_table_4w/PRJNA819279
train loss 0.33194419741630554, test loss 1.3348193168640137, train auc 0.929, test auc 0.745 train f1 0.854, test f1 0.663 train mcc 0.710, test mcc 0.446 train aupr 0.951, test aupr 0.729 train acc 0.862, test acc 0.688 confusion_matrix [[10 14]
 [ 1 23]]
train loss 0.3018062114715576, test loss 1.6020500659942627, train auc 0.938, test auc 0.585 train f1 0.848, test f1 0.541 train mcc 0.703, test mcc 0.163 train aupr 0.964, test aupr 0.396 train acc 0.869, test acc 0.542 confusion_matrix [[63 78]
 [21 54]]
train loss 0.6521548628807068, test loss 0.7898257970809937, train auc 0.641, test auc 0.959 train f1 0.381, test f1 0.854 train mcc 0.028, test mcc 0.745 train aupr 0.705, test aupr 0.966 train acc 0.605, test acc 0.857 confusion_matrix [[7 0]
 [2 5]]
    [T2DM/datasize_result_5/subset_table_4w/PRJNA588353] Job on GPU-1 completed.
    [T2DM/datasize_result_5/subset_table_4w/PRJNA879337] Starting job on GPU-1. Output: /home/cjj/projects/microbial-embeddings/analysis/Disease_classification_loo/Data/pretraining_datasize/result/T2DM/datasize_result_5/subset_table_4w/PRJNA879337
train loss 0.39523422718048096, test loss 0.955853283405304, train auc 0.897, test auc 0.657 train f1 0.815, test f1 0.632 train mcc 0.630, test mcc 0.278 train aupr 0.931, test aupr 0.730 train acc 0.824, test acc 0.659 confusion_matrix [[ 8  9]
 [ 5 19]]
    [T2DM/datasize_result_5/subset_table_4w/PRJNA734860] Job on GPU-3 completed.
    [T2DM/datasize_result_5/subset_table_4w/PRJNA978958] Starting job on GPU-3. Output: /home/cjj/projects/microbial-embeddings/analysis/Disease_classification_loo/Data/pretraining_datasize/result/T2DM/datasize_result_5/subset_table_4w/PRJNA978958
  Processing embedding: subset_table_8w_100 (short name: subset_table_8w)
    [T2DM/datasize_result_5/subset_table_4w/PRJNA668251] Job on GPU-5 completed.
    [T2DM/datasize_result_5/subset_table_8w/PRJEB11419] Starting job on GPU-5. Output: /home/cjj/projects/microbial-embeddings/analysis/Disease_classification_loo/Data/pretraining_datasize/result/T2DM/datasize_result_5/subset_table_8w/PRJEB11419
train loss 0.6452863812446594, test loss 0.546183705329895, train auc 0.673, test auc 0.580 train f1 0.580, test f1 0.435 train mcc 0.232, test mcc -0.024 train aupr 0.646, test aupr 0.809 train acc 0.597, test acc 0.769 confusion_matrix [[  0 114]
 [  1 382]]
    [T2DM/datasize_result_5/subset_table_4w/PRJNA646010] Job on GPU-4 completed.
    [T2DM/datasize_result_5/subset_table_8w/PRJEB59916] Starting job on GPU-4. Output: /home/cjj/projects/microbial-embeddings/analysis/Disease_classification_loo/Data/pretraining_datasize/result/T2DM/datasize_result_5/subset_table_8w/PRJEB59916
    [T2DM/datasize_result_5/subset_table_4w/PRJNA766337] Job on GPU-6 completed.
    [T2DM/datasize_result_5/subset_table_8w/PRJNA1000711] Starting job on GPU-6. Output: /home/cjj/projects/microbial-embeddings/analysis/Disease_classification_loo/Data/pretraining_datasize/result/T2DM/datasize_result_5/subset_table_8w/PRJNA1000711
train loss 0.3421790301799774, test loss 2.98856258392334, train auc 0.925, test auc 0.588 train f1 0.840, test f1 0.454 train mcc 0.685, test mcc 0.115 train aupr 0.952, test aupr 0.530 train acc 0.851, test acc 0.529 confusion_matrix [[ 4 22]
 [ 2 23]]
    [T2DM/datasize_result_5/subset_table_4w/PRJNA788301] Job on GPU-2 completed.
    [T2DM/datasize_result_5/subset_table_8w/PRJNA588353] Starting job on GPU-2. Output: /home/cjj/projects/microbial-embeddings/analysis/Disease_classification_loo/Data/pretraining_datasize/result/T2DM/datasize_result_5/subset_table_8w/PRJNA588353
train loss 0.5767426490783691, test loss 0.8386279344558716, train auc 0.746, test auc 0.685 train f1 0.634, test f1 0.716 train mcc 0.322, test mcc 0.480 train aupr 0.793, test aupr 0.638 train acc 0.690, test acc 0.725 confusion_matrix [[11  9]
 [ 2 18]]
    [T2DM/datasize_result_5/subset_table_4w/PRJNA807457] Job on GPU-0 completed.
    [T2DM/datasize_result_5/subset_table_8w/PRJNA646010] Starting job on GPU-0. Output: /home/cjj/projects/microbial-embeddings/analysis/Disease_classification_loo/Data/pretraining_datasize/result/T2DM/datasize_result_5/subset_table_8w/PRJNA646010
train loss 0.4832133650779724, test loss 0.9313644170761108, train auc 0.840, test auc 0.807 train f1 0.741, test f1 0.749 train mcc 0.498, test mcc 0.560 train aupr 0.891, test aupr 0.733 train acc 0.766, test acc 0.756 confusion_matrix [[12  9]
 [ 1 19]]
    [T2DM/datasize_result_5/subset_table_4w/PRJNA819279] Job on GPU-7 completed.
    [T2DM/datasize_result_5/subset_table_8w/PRJNA668251] Starting job on GPU-7. Output: /home/cjj/projects/microbial-embeddings/analysis/Disease_classification_loo/Data/pretraining_datasize/result/T2DM/datasize_result_5/subset_table_8w/PRJNA668251
train loss 0.6598225235939026, test loss 0.6269955039024353, train auc 0.625, test auc 1.000 train f1 0.420, test f1 0.948 train mcc 0.106, test mcc 0.901 train aupr 0.686, test aupr 1.000 train acc 0.613, test acc 0.952 confusion_matrix [[ 7  0]
 [ 1 13]]
train loss 0.5020549297332764, test loss 0.7288591265678406, train auc 0.820, test auc 0.637 train f1 0.707, test f1 0.520 train mcc 0.437, test mcc 0.214 train aupr 0.884, test aupr 0.502 train acc 0.743, test acc 0.536 confusion_matrix [[15 35]
 [ 4 30]]
    [T2DM/datasize_result_5/subset_table_4w/PRJNA879337] Job on GPU-1 completed.
    [T2DM/datasize_result_5/subset_table_8w/PRJNA734860] Starting job on GPU-1. Output: /home/cjj/projects/microbial-embeddings/analysis/Disease_classification_loo/Data/pretraining_datasize/result/T2DM/datasize_result_5/subset_table_8w/PRJNA734860
    [T2DM/datasize_result_5/subset_table_8w/PRJEB11419] Job on GPU-5 completed.
    [T2DM/datasize_result_5/subset_table_8w/PRJNA766337] Starting job on GPU-5. Output: /home/cjj/projects/microbial-embeddings/analysis/Disease_classification_loo/Data/pretraining_datasize/result/T2DM/datasize_result_5/subset_table_8w/PRJNA766337
train loss 0.5066940188407898, test loss 0.5941503643989563, train auc 0.819, test auc 0.800 train f1 0.740, test f1 0.726 train mcc 0.490, test mcc 0.454 train aupr 0.864, test aupr 0.897 train acc 0.760, test acc 0.759 confusion_matrix [[ 6  4]
 [ 3 16]]
train loss 0.6075028777122498, test loss 0.8078542947769165, train auc 0.707, test auc 0.467 train f1 0.629, test f1 0.322 train mcc 0.303, test mcc -0.160 train aupr 0.762, test aupr 0.555 train acc 0.682, test acc 0.475 confusion_matrix [[ 0 20]
 [ 1 19]]
train loss 0.5908172726631165, test loss 0.5545069575309753, train auc 0.727, test auc 0.813 train f1 0.565, test f1 0.745 train mcc 0.221, test mcc 0.496 train aupr 0.781, test aupr 0.941 train acc 0.643, test acc 0.836 confusion_matrix [[ 8  7]
 [ 4 48]]
    [T2DM/datasize_result_5/subset_table_4w/PRJNA978958] Job on GPU-3 completed.
    [T2DM/datasize_result_5/subset_table_8w/PRJNA788301] Starting job on GPU-3. Output: /home/cjj/projects/microbial-embeddings/analysis/Disease_classification_loo/Data/pretraining_datasize/result/T2DM/datasize_result_5/subset_table_8w/PRJNA788301
    [T2DM/datasize_result_5/subset_table_8w/PRJEB59916] Job on GPU-4 completed.
    [T2DM/datasize_result_5/subset_table_8w/PRJNA807457] Starting job on GPU-4. Output: /home/cjj/projects/microbial-embeddings/analysis/Disease_classification_loo/Data/pretraining_datasize/result/T2DM/datasize_result_5/subset_table_8w/PRJNA807457
    [T2DM/datasize_result_5/subset_table_8w/PRJNA1000711] Job on GPU-6 completed.
    [T2DM/datasize_result_5/subset_table_8w/PRJNA819279] Starting job on GPU-6. Output: /home/cjj/projects/microbial-embeddings/analysis/Disease_classification_loo/Data/pretraining_datasize/result/T2DM/datasize_result_5/subset_table_8w/PRJNA819279
train loss 0.5461035966873169, test loss 0.7570736408233643, train auc 0.781, test auc 0.686 train f1 0.671, test f1 0.600 train mcc 0.380, test mcc 0.289 train aupr 0.838, test aupr 0.649 train acc 0.714, test acc 0.625 confusion_matrix [[ 9 15]
 [ 3 21]]
    [T2DM/datasize_result_5/subset_table_8w/PRJNA588353] Job on GPU-2 completed.
    [T2DM/datasize_result_5/subset_table_8w/PRJNA879337] Starting job on GPU-2. Output: /home/cjj/projects/microbial-embeddings/analysis/Disease_classification_loo/Data/pretraining_datasize/result/T2DM/datasize_result_5/subset_table_8w/PRJNA879337
train loss 0.4798358976840973, test loss 0.6853523254394531, train auc 0.842, test auc 0.679 train f1 0.766, test f1 0.685 train mcc 0.534, test mcc 0.384 train aupr 0.889, test aupr 0.756 train acc 0.780, test acc 0.707 confusion_matrix [[ 9  8]
 [ 4 20]]
    [T2DM/datasize_result_5/subset_table_8w/PRJNA646010] Job on GPU-0 completed.
    [T2DM/datasize_result_5/subset_table_8w/PRJNA978958] Starting job on GPU-0. Output: /home/cjj/projects/microbial-embeddings/analysis/Disease_classification_loo/Data/pretraining_datasize/result/T2DM/datasize_result_5/subset_table_8w/PRJNA978958
train loss 0.6461467742919922, test loss 0.7874557375907898, train auc 0.653, test auc 0.959 train f1 0.376, test f1 0.854 train mcc -0.024, test mcc 0.745 train aupr 0.721, test aupr 0.966 train acc 0.603, test acc 0.857 confusion_matrix [[7 0]
 [2 5]]
    [T2DM/datasize_result_5/subset_table_8w/PRJNA668251] Job on GPU-7 completed.
train loss 0.5177946090698242, test loss 0.6210979223251343, train auc 0.824, test auc 0.565 train f1 0.754, test f1 0.469 train mcc 0.514, test mcc 0.115 train aupr 0.800, test aupr 0.780 train acc 0.754, test acc 0.775 confusion_matrix [[  4 110]
 [  2 381]]
    [T2DM/datasize_result_5/subset_table_8w/PRJNA766337] Job on GPU-5 completed.
train loss 0.39151236414909363, test loss 1.6115753650665283, train auc 0.890, test auc 0.564 train f1 0.797, test f1 0.536 train mcc 0.600, test mcc 0.156 train aupr 0.937, test aupr 0.375 train acc 0.825, test acc 0.537 confusion_matrix [[62 79]
 [21 54]]
    [T2DM/datasize_result_5/subset_table_8w/PRJNA734860] Job on GPU-1 completed.
train loss 0.5891860127449036, test loss 0.8368735313415527, train auc 0.727, test auc 0.526 train f1 0.660, test f1 0.548 train mcc 0.336, test mcc 0.164 train aupr 0.774, test aupr 0.489 train acc 0.694, test acc 0.569 confusion_matrix [[ 9 17]
 [ 5 20]]
train loss 0.4951033592224121, test loss 0.9413039088249207, train auc 0.828, test auc 0.640 train f1 0.729, test f1 0.670 train mcc 0.473, test mcc 0.361 train aupr 0.890, test aupr 0.582 train acc 0.755, test acc 0.675 confusion_matrix [[11  9]
 [ 4 16]]
train loss 0.5781190991401672, test loss 0.8112038373947144, train auc 0.745, test auc 0.693 train f1 0.700, test f1 0.721 train mcc 0.401, test mcc 0.521 train aupr 0.792, test aupr 0.645 train acc 0.717, test acc 0.732 confusion_matrix [[11 10]
 [ 1 19]]
    [T2DM/datasize_result_5/subset_table_8w/PRJNA788301] Job on GPU-3 completed.
    [T2DM/datasize_result_5/subset_table_8w/PRJNA807457] Job on GPU-4 completed.
    [T2DM/datasize_result_5/subset_table_8w/PRJNA819279] Job on GPU-6 completed.
train loss 0.630113422870636, test loss 0.6285428404808044, train auc 0.658, test auc 1.000 train f1 0.375, test f1 0.948 train mcc -0.024, test mcc 0.901 train aupr 0.709, test aupr 1.000 train acc 0.601, test acc 0.952 confusion_matrix [[ 7  0]
 [ 1 13]]
    [T2DM/datasize_result_5/subset_table_8w/PRJNA879337] Job on GPU-2 completed.
train loss 0.5570735335350037, test loss 0.486032098531723, train auc 0.774, test auc 0.832 train f1 0.711, test f1 0.709 train mcc 0.430, test mcc 0.438 train aupr 0.825, test aupr 0.911 train acc 0.733, test acc 0.759 confusion_matrix [[ 5  5]
 [ 2 17]]
    [T2DM/datasize_result_5/subset_table_8w/PRJNA978958] Job on GPU-0 completed.
All background jobs finished.
Script finished.
