FPR,TPR
0.0,0.0
0.0,0.04
0.06666666666666667,0.04
0.06666666666666667,0.12
0.13333333333333333,0.2
0.26666666666666666,0.2
0.26666666666666666,0.32
0.3333333333333333,0.32
0.4,0.36
0.4,0.56
0.5333333333333333,0.56
0.6,0.68
0.6666666666666666,0.68
0.7333333333333333,0.72
0.8,0.72
0.8,0.76
0.8666666666666667,0.76
0.8666666666666667,0.8
0.9333333333333333,0.8
0.9333333333333333,0.84
1.0,0.84
1.0,0.88
1.0,0.96
1.0,1.0
