SampleID,TrueValue,PredictedValue
SRR12929831,34.000000,46.120781
SRR12929832,31.000000,48.736179
SRR12929833,38.000000,49.945175
SRR12929834,69.000000,48.629253
SRR12929835,59.000000,36.324631
SRR12929836,55.000000,49.126049
SRR12929837,52.000000,46.675041
SRR12929838,66.000000,44.834549
SRR12929839,24.000000,48.653137
SRR12929840,39.000000,47.052490
SRR12929841,40.000000,43.920464
SRR12929842,43.000000,49.990242
SRR12929843,71.000000,42.695965
SRR12929844,70.000000,43.775204
