FPR,TPR
0.0,0.0
0.0,0.08333333333333333
0.06666666666666667,0.08333333333333333
0.06666666666666667,0.25
0.13333333333333333,0.25
0.13333333333333333,0.3333333333333333
0.2,0.3333333333333333
0.2,0.6666666666666666
0.26666666666666666,0.6666666666666666
0.26666666666666666,0.75
0.3333333333333333,0.75
0.3333333333333333,0.8333333333333334
0.5333333333333333,0.8333333333333334
0.5333333333333333,0.9166666666666666
0.6666666666666666,0.9166666666666666
0.6666666666666666,1.0
1.0,1.0
