SampleID,TrueValue,PredictedValue
SRR3206647,42.000000,41.668903
SRR3206648,40.000000,41.479370
SRR3206649,24.000000,41.052406
SRR3206652,38.000000,40.529720
SRR3206654,59.000000,39.774918
SRR3206655,67.000000,41.416008
SRR3206663,39.000000,38.698761
SRR3206664,31.000000,41.291840
SRR3206671,34.000000,40.616390
SRR3206673,61.000000,40.775131
SRR3206681,28.000000,38.508549
