FPR,TPR
0.0,0.0
0.0,0.05263157894736842
0.0,0.15789473684210525
0.1,0.15789473684210525
0.1,0.3684210526315789
0.3,0.3684210526315789
0.3,0.631578947368421
0.4,0.631578947368421
0.4,0.7894736842105263
0.6,0.7894736842105263
0.6,0.8421052631578947
0.8,0.8421052631578947
0.8,0.9473684210526315
0.9,0.9473684210526315
0.9,1.0
1.0,1.0
