FPR,TPR
0.0,0.0
0.0,0.125
0.3125,0.125
0.3125,0.25
0.375,0.25
0.375,0.5
0.53125,0.5
0.53125,0.625
0.59375,0.625
0.59375,0.75
0.65625,0.75
0.65625,0.875
0.8125,0.875
0.8125,1.0
1.0,1.0
