FPR,TPR
0.0,0.0
0.0,0.09090909090909091
0.0,0.2727272727272727
0.05,0.2727272727272727
0.05,0.45454545454545453
0.15,0.45454545454545453
0.15,0.6363636363636364
0.2,0.6363636363636364
0.2,0.7272727272727273
0.25,0.7272727272727273
0.25,0.8181818181818182
0.45,0.8181818181818182
0.45,0.9090909090909091
0.75,0.9090909090909091
0.75,1.0
1.0,1.0
