FPR,TPR
0.0,0.0
0.07142857142857142,0.0
0.07142857142857142,0.06666666666666667
0.21428571428571427,0.06666666666666667
0.21428571428571427,0.13333333333333333
0.35714285714285715,0.13333333333333333
0.35714285714285715,0.2
0.42857142857142855,0.2
0.42857142857142855,0.3333333333333333
0.5714285714285714,0.3333333333333333
0.8571428571428571,0.3333333333333333
0.8571428571428571,0.4666666666666667
0.8571428571428571,0.5333333333333333
0.9285714285714286,0.6
0.9285714285714286,1.0
1.0,1.0
