FPR,TPR
0.0,0.0
0.0,0.07142857142857142
0.0,0.8571428571428571
0.0,1.0
0.42857142857142855,1.0
0.7142857142857143,1.0
1.0,1.0
