FPR,TPR
0.0,0.0
0.0,0.07142857142857142
0.0,1.0
0.2857142857142857,1.0
0.5714285714285714,1.0
1.0,1.0
