SampleID,TrueValue,PredictedValue
SRR8652004,56.0,35.11555165139499
SRR8652005,49.0,34.93733304823091
SRR8652006,57.0,35.00036196813473
SRR8652007,37.0,36.28585629188959
SRR8652008,72.0,35.745447292604624
SRR8652009,53.0,34.93932153783108
SRR8652010,54.0,35.667251321221926
SRR8652011,69.0,35.986912388700844
SRR8652012,46.0,37.43382725046592
SRR8652013,41.0,35.942069146056554
SRR8652014,53.0,36.07789595370715
SRR8652015,67.0,34.40842080205582
SRR8652016,57.0,34.79662557183664
