sample	study	diagnosis	group	age	sex	bmi	country	region	pcr_primers	platform	disease_name	title	disease_name_ab	host_body_mass_index
SRR18588375	PRJNA812699	IBS	1.0	26	female	25.85991478	USA	V4	primers removed before upload	Illumina HiSeq 2500	irritable bowel syndrome	Multi-omics profiles of the intestinal microbiome in irritable bowel syndrome and its bowel habit subtypes	IBS	
SRR18588400	PRJNA812699	IBS	1.0	29	female	20	USA	V4	primers removed before upload	Illumina HiSeq 2500	irritable bowel syndrome	Multi-omics profiles of the intestinal microbiome in irritable bowel syndrome and its bowel habit subtypes	IBS	
SRR18588312	PRJNA812699	healthy	0.0	21	female	24.48120308	USA	V4	primers removed before upload	Illumina HiSeq 2500	irritable bowel syndrome	Multi-omics profiles of the intestinal microbiome in irritable bowel syndrome and its bowel habit subtypes	IBS	
SRR18588335	PRJNA812699	healthy	0.0	44	male	32.13946915	USA	V4	primers removed before upload	Illumina HiSeq 2500	irritable bowel syndrome	Multi-omics profiles of the intestinal microbiome in irritable bowel syndrome and its bowel habit subtypes	IBS	
SRR18588338	PRJNA812699	healthy	0.0	41	female	32.31847382	USA	V4	primers removed before upload	Illumina HiSeq 2500	irritable bowel syndrome	Multi-omics profiles of the intestinal microbiome in irritable bowel syndrome and its bowel habit subtypes	IBS	
SRR18588343	PRJNA812699	healthy	0.0	25	male	33.67993927	USA	V4	primers removed before upload	Illumina HiSeq 2500	irritable bowel syndrome	Multi-omics profiles of the intestinal microbiome in irritable bowel syndrome and its bowel habit subtypes	IBS	
SRR18588344	PRJNA812699	healthy	0.0	26	male	26.87863541	USA	V4	primers removed before upload	Illumina HiSeq 2500	irritable bowel syndrome	Multi-omics profiles of the intestinal microbiome in irritable bowel syndrome and its bowel habit subtypes	IBS	
SRR18588346	PRJNA812699	healthy	0.0	20	female	25.7008152	USA	V4	primers removed before upload	Illumina HiSeq 2500	irritable bowel syndrome	Multi-omics profiles of the intestinal microbiome in irritable bowel syndrome and its bowel habit subtypes	IBS	
SRR18588348	PRJNA812699	healthy	0.0	30	male	27.87569618	USA	V4	primers removed before upload	Illumina HiSeq 2500	irritable bowel syndrome	Multi-omics profiles of the intestinal microbiome in irritable bowel syndrome and its bowel habit subtypes	IBS	
SRR18588357	PRJNA812699	IBS	1.0	33	female	29	USA	V4	primers removed before upload	Illumina HiSeq 2500	irritable bowel syndrome	Multi-omics profiles of the intestinal microbiome in irritable bowel syndrome and its bowel habit subtypes	IBS	
SRR18588363	PRJNA812699	IBS	1.0	26	female	22.72784042	USA	V4	primers removed before upload	Illumina HiSeq 2500	irritable bowel syndrome	Multi-omics profiles of the intestinal microbiome in irritable bowel syndrome and its bowel habit subtypes	IBS	
SRR18588368	PRJNA812699	IBS	1.0	44	male	23.2418518066406	USA	V4	primers removed before upload	Illumina HiSeq 2500	irritable bowel syndrome	Multi-omics profiles of the intestinal microbiome in irritable bowel syndrome and its bowel habit subtypes	IBS	
SRR18588378	PRJNA812699	IBS	1.0	44	female	25.73322678	USA	V4	primers removed before upload	Illumina HiSeq 2500	irritable bowel syndrome	Multi-omics profiles of the intestinal microbiome in irritable bowel syndrome and its bowel habit subtypes	IBS	
SRR18588382	PRJNA812699	IBS	1.0	24	female	22.1516056060791	USA	V4	primers removed before upload	Illumina HiSeq 2500	irritable bowel syndrome	Multi-omics profiles of the intestinal microbiome in irritable bowel syndrome and its bowel habit subtypes	IBS	
SRR18588388	PRJNA812699	IBS	1.0	41	female	26	USA	V4	primers removed before upload	Illumina HiSeq 2500	irritable bowel syndrome	Multi-omics profiles of the intestinal microbiome in irritable bowel syndrome and its bowel habit subtypes	IBS	
SRR18588394	PRJNA812699	IBS	1.0	54	female	25.21460724	USA	V4	primers removed before upload	Illumina HiSeq 2500	irritable bowel syndrome	Multi-omics profiles of the intestinal microbiome in irritable bowel syndrome and its bowel habit subtypes	IBS	
SRR18588398	PRJNA812699	IBS	1.0	21	female	22.3041839599609	USA	V4	primers removed before upload	Illumina HiSeq 2500	irritable bowel syndrome	Multi-omics profiles of the intestinal microbiome in irritable bowel syndrome and its bowel habit subtypes	IBS	
SRR18588403	PRJNA812699	IBS	1.0	33	female	23.4089489	USA	V4	primers removed before upload	Illumina HiSeq 2500	irritable bowel syndrome	Multi-omics profiles of the intestinal microbiome in irritable bowel syndrome and its bowel habit subtypes	IBS	
SRR18588406	PRJNA812699	IBS	1.0	28	female	23	USA	V4	primers removed before upload	Illumina HiSeq 2500	irritable bowel syndrome	Multi-omics profiles of the intestinal microbiome in irritable bowel syndrome and its bowel habit subtypes	IBS	
SRR18588409	PRJNA812699	IBS	1.0	32	male	24.5443363189697	USA	V4	primers removed before upload	Illumina HiSeq 2500	irritable bowel syndrome	Multi-omics profiles of the intestinal microbiome in irritable bowel syndrome and its bowel habit subtypes	IBS	
SRR18588413	PRJNA812699	IBS	1.0	42	female	26.43115234375	USA	V4	primers removed before upload	Illumina HiSeq 2500	irritable bowel syndrome	Multi-omics profiles of the intestinal microbiome in irritable bowel syndrome and its bowel habit subtypes	IBS	
SRR18588423	PRJNA812699	healthy	0.0	38	female	22.7	USA	V4	primers removed before upload	Illumina HiSeq 2500	irritable bowel syndrome	Multi-omics profiles of the intestinal microbiome in irritable bowel syndrome and its bowel habit subtypes	IBS	
SRR18588427	PRJNA812699	healthy	0.0	38	female	21.2	USA	V4	primers removed before upload	Illumina HiSeq 2500	irritable bowel syndrome	Multi-omics profiles of the intestinal microbiome in irritable bowel syndrome and its bowel habit subtypes	IBS	
SRR18588428	PRJNA812699	healthy	0.0	38	female	23.5	USA	V4	primers removed before upload	Illumina HiSeq 2500	irritable bowel syndrome	Multi-omics profiles of the intestinal microbiome in irritable bowel syndrome and its bowel habit subtypes	IBS	
SRR18588432	PRJNA812699	healthy	0.0	28	male	22.9	USA	V4	primers removed before upload	Illumina HiSeq 2500	irritable bowel syndrome	Multi-omics profiles of the intestinal microbiome in irritable bowel syndrome and its bowel habit subtypes	IBS	
SRR18588444	PRJNA812699	healthy	0.0	29	male	16.9133434295654	USA	V4	primers removed before upload	Illumina HiSeq 2500	irritable bowel syndrome	Multi-omics profiles of the intestinal microbiome in irritable bowel syndrome and its bowel habit subtypes	IBS	
SRR18588454	PRJNA812699	IBS	1.0	25	female	20.4660358428955	USA	V4	primers removed before upload	Illumina HiSeq 2500	irritable bowel syndrome	Multi-omics profiles of the intestinal microbiome in irritable bowel syndrome and its bowel habit subtypes	IBS	
SRR18588470	PRJNA812699	healthy	0.0	22	female	29.48440361	USA	V4	primers removed before upload	Illumina HiSeq 2500	irritable bowel syndrome	Multi-omics profiles of the intestinal microbiome in irritable bowel syndrome and its bowel habit subtypes	IBS	
SRR18588474	PRJNA812699	healthy	0.0	26	female	35.04184723	USA	V4	primers removed before upload	Illumina HiSeq 2500	irritable bowel syndrome	Multi-omics profiles of the intestinal microbiome in irritable bowel syndrome and its bowel habit subtypes	IBS	
SRR18588477	PRJNA812699	healthy	0.0	33	female	30.99647331	USA	V4	primers removed before upload	Illumina HiSeq 2500	irritable bowel syndrome	Multi-omics profiles of the intestinal microbiome in irritable bowel syndrome and its bowel habit subtypes	IBS	
SRR18588481	PRJNA812699	healthy	0.0	28	male	30.66345215	USA	V4	primers removed before upload	Illumina HiSeq 2500	irritable bowel syndrome	Multi-omics profiles of the intestinal microbiome in irritable bowel syndrome and its bowel habit subtypes	IBS	
SRR18588484	PRJNA812699	healthy	0.0	30	female	33.94458008	USA	V4	primers removed before upload	Illumina HiSeq 2500	irritable bowel syndrome	Multi-omics profiles of the intestinal microbiome in irritable bowel syndrome and its bowel habit subtypes	IBS	
SRR18588485	PRJNA812699	healthy	0.0	18	male	29.41984749	USA	V4	primers removed before upload	Illumina HiSeq 2500	irritable bowel syndrome	Multi-omics profiles of the intestinal microbiome in irritable bowel syndrome and its bowel habit subtypes	IBS	
SRR18588488	PRJNA812699	healthy	0.0	31	female	39.10026169	USA	V4	primers removed before upload	Illumina HiSeq 2500	irritable bowel syndrome	Multi-omics profiles of the intestinal microbiome in irritable bowel syndrome and its bowel habit subtypes	IBS	
SRR18588489	PRJNA812699	healthy	0.0	38	female	31.97105789	USA	V4	primers removed before upload	Illumina HiSeq 2500	irritable bowel syndrome	Multi-omics profiles of the intestinal microbiome in irritable bowel syndrome and its bowel habit subtypes	IBS	
SRR18588493	PRJNA812699	healthy	0.0	37	female	36.40000153	USA	V4	primers removed before upload	Illumina HiSeq 2500	irritable bowel syndrome	Multi-omics profiles of the intestinal microbiome in irritable bowel syndrome and its bowel habit subtypes	IBS	
SRR18588494	PRJNA812699	healthy	0.0	34	female	25.95541	USA	V4	primers removed before upload	Illumina HiSeq 2500	irritable bowel syndrome	Multi-omics profiles of the intestinal microbiome in irritable bowel syndrome and its bowel habit subtypes	IBS	
SRR18588495	PRJNA812699	healthy	0.0	40	female	25.87285423	USA	V4	primers removed before upload	Illumina HiSeq 2500	irritable bowel syndrome	Multi-omics profiles of the intestinal microbiome in irritable bowel syndrome and its bowel habit subtypes	IBS	
SRR18588498	PRJNA812699	healthy	0.0	34	female	47.53992081	USA	V4	primers removed before upload	Illumina HiSeq 2500	irritable bowel syndrome	Multi-omics profiles of the intestinal microbiome in irritable bowel syndrome and its bowel habit subtypes	IBS	
SRR18588500	PRJNA812699	healthy	0.0	35	female	27.29460907	USA	V4	primers removed before upload	Illumina HiSeq 2500	irritable bowel syndrome	Multi-omics profiles of the intestinal microbiome in irritable bowel syndrome and its bowel habit subtypes	IBS	
SRR18588504	PRJNA812699	IBS	1.0	19	female	22.62911224	USA	V4	primers removed before upload	Illumina HiSeq 2500	irritable bowel syndrome	Multi-omics profiles of the intestinal microbiome in irritable bowel syndrome and its bowel habit subtypes	IBS	
SRR18588510	PRJNA812699	IBS	1.0	26	male	22.64679718	USA	V4	primers removed before upload	Illumina HiSeq 2500	irritable bowel syndrome	Multi-omics profiles of the intestinal microbiome in irritable bowel syndrome and its bowel habit subtypes	IBS	
SRR18588516	PRJNA812699	IBS	1.0	60	male	25.32857895	USA	V4	primers removed before upload	Illumina HiSeq 2500	irritable bowel syndrome	Multi-omics profiles of the intestinal microbiome in irritable bowel syndrome and its bowel habit subtypes	IBS	
SRR18588518	PRJNA812699	IBS	1.0	24	female	23.00593185	USA	V4	primers removed before upload	Illumina HiSeq 2500	irritable bowel syndrome	Multi-omics profiles of the intestinal microbiome in irritable bowel syndrome and its bowel habit subtypes	IBS	
SRR18588525	PRJNA812699	healthy	0.0	31	male	25.107143399999998	USA	V4	primers removed before upload	Illumina HiSeq 2500	irritable bowel syndrome	Multi-omics profiles of the intestinal microbiome in irritable bowel syndrome and its bowel habit subtypes	IBS	
SRR18588527	PRJNA812699	IBS	1.0	26	male	22.69018555	USA	V4	primers removed before upload	Illumina HiSeq 2500	irritable bowel syndrome	Multi-omics profiles of the intestinal microbiome in irritable bowel syndrome and its bowel habit subtypes	IBS	
SRR18588543	PRJNA812699	IBS	1.0	29	male	23.6207428	USA	V4	primers removed before upload	Illumina HiSeq 2500	irritable bowel syndrome	Multi-omics profiles of the intestinal microbiome in irritable bowel syndrome and its bowel habit subtypes	IBS	
SRR18588542	PRJNA812699	IBS	1.0	28	male	20.82518959	USA	V4	primers removed before upload	Illumina HiSeq 2500	irritable bowel syndrome	Multi-omics profiles of the intestinal microbiome in irritable bowel syndrome and its bowel habit subtypes	IBS	
SRR18588546	PRJNA812699	IBS	1.0	34	female	21	USA	V4	primers removed before upload	Illumina HiSeq 2500	irritable bowel syndrome	Multi-omics profiles of the intestinal microbiome in irritable bowel syndrome and its bowel habit subtypes	IBS	
SRR18588548	PRJNA812699	healthy	0.0	21	male	25.39718628	USA	V4	primers removed before upload	Illumina HiSeq 2500	irritable bowel syndrome	Multi-omics profiles of the intestinal microbiome in irritable bowel syndrome and its bowel habit subtypes	IBS	
SRR18588549	PRJNA812699	healthy	0.0	21	male	23.70156288	USA	V4	primers removed before upload	Illumina HiSeq 2500	irritable bowel syndrome	Multi-omics profiles of the intestinal microbiome in irritable bowel syndrome and its bowel habit subtypes	IBS	
SRR18588554	PRJNA812699	healthy	0.0	27	male	37.33903885	USA	V4	primers removed before upload	Illumina HiSeq 2500	irritable bowel syndrome	Multi-omics profiles of the intestinal microbiome in irritable bowel syndrome and its bowel habit subtypes	IBS	
SRR18588560	PRJNA812699	IBS	1.0	32	male	32.00286865	USA	V4	primers removed before upload	Illumina HiSeq 2500	irritable bowel syndrome	Multi-omics profiles of the intestinal microbiome in irritable bowel syndrome and its bowel habit subtypes	IBS	
SRR18588561	PRJNA812699	IBS	1.0	29	male	22.14829063	USA	V4	primers removed before upload	Illumina HiSeq 2500	irritable bowel syndrome	Multi-omics profiles of the intestinal microbiome in irritable bowel syndrome and its bowel habit subtypes	IBS	
SRR18588563	PRJNA812699	IBS	1.0	30	male	16.59168816	USA	V4	primers removed before upload	Illumina HiSeq 2500	irritable bowel syndrome	Multi-omics profiles of the intestinal microbiome in irritable bowel syndrome and its bowel habit subtypes	IBS	
SRR18588565	PRJNA812699	IBS	1.0	18	female	25.45427513	USA	V4	primers removed before upload	Illumina HiSeq 2500	irritable bowel syndrome	Multi-omics profiles of the intestinal microbiome in irritable bowel syndrome and its bowel habit subtypes	IBS	
SRR18588567	PRJNA812699	IBS	1.0	21	male	24.164173130000002	USA	V4	primers removed before upload	Illumina HiSeq 2500	irritable bowel syndrome	Multi-omics profiles of the intestinal microbiome in irritable bowel syndrome and its bowel habit subtypes	IBS	
SRR18588580	PRJNA812699	IBS	1.0	27	female	22.59412384	USA	V4	primers removed before upload	Illumina HiSeq 2500	irritable bowel syndrome	Multi-omics profiles of the intestinal microbiome in irritable bowel syndrome and its bowel habit subtypes	IBS	
SRR18588582	PRJNA812699	IBS	1.0	30	female	27	USA	V4	primers removed before upload	Illumina HiSeq 2500	irritable bowel syndrome	Multi-omics profiles of the intestinal microbiome in irritable bowel syndrome and its bowel habit subtypes	IBS	
SRR18588583	PRJNA812699	IBS	1.0	38	female	25	USA	V4	primers removed before upload	Illumina HiSeq 2500	irritable bowel syndrome	Multi-omics profiles of the intestinal microbiome in irritable bowel syndrome and its bowel habit subtypes	IBS	
SRR18588585	PRJNA812699	IBS	1.0	52	male	36.6763610839844	USA	V4	primers removed before upload	Illumina HiSeq 2500	irritable bowel syndrome	Multi-omics profiles of the intestinal microbiome in irritable bowel syndrome and its bowel habit subtypes	IBS	
SRR18588586	PRJNA812699	IBS	1.0	28	female	23	USA	V4	primers removed before upload	Illumina HiSeq 2500	irritable bowel syndrome	Multi-omics profiles of the intestinal microbiome in irritable bowel syndrome and its bowel habit subtypes	IBS	
SRR18588587	PRJNA812699	IBS	1.0	26	female	23.7317276	USA	V4	primers removed before upload	Illumina HiSeq 2500	irritable bowel syndrome	Multi-omics profiles of the intestinal microbiome in irritable bowel syndrome and its bowel habit subtypes	IBS	
SRR18588589	PRJNA812699	IBS	1.0	52	female	23.93819809	USA	V4	primers removed before upload	Illumina HiSeq 2500	irritable bowel syndrome	Multi-omics profiles of the intestinal microbiome in irritable bowel syndrome and its bowel habit subtypes	IBS	
SRR18588597	PRJNA812699	IBS	1.0	55	female	19.2050037384033	USA	V4	primers removed before upload	Illumina HiSeq 2500	irritable bowel syndrome	Multi-omics profiles of the intestinal microbiome in irritable bowel syndrome and its bowel habit subtypes	IBS	
SRR18588599	PRJNA812699	IBS	1.0	39	male	22.32103157	USA	V4	primers removed before upload	Illumina HiSeq 2500	irritable bowel syndrome	Multi-omics profiles of the intestinal microbiome in irritable bowel syndrome and its bowel habit subtypes	IBS	
SRR18588602	PRJNA812699	IBS	1.0	28	female	28.69387817	USA	V4	primers removed before upload	Illumina HiSeq 2500	irritable bowel syndrome	Multi-omics profiles of the intestinal microbiome in irritable bowel syndrome and its bowel habit subtypes	IBS	
SRR18588609	PRJNA812699	IBS	1.0	23	female	27	USA	V4	primers removed before upload	Illumina HiSeq 2500	irritable bowel syndrome	Multi-omics profiles of the intestinal microbiome in irritable bowel syndrome and its bowel habit subtypes	IBS	
SRR18588620	PRJNA812699	IBS	1.0	28	female	23.92060471	USA	V4	primers removed before upload	Illumina HiSeq 2500	irritable bowel syndrome	Multi-omics profiles of the intestinal microbiome in irritable bowel syndrome and its bowel habit subtypes	IBS	
SRR18588629	PRJNA812699	IBS	1.0	38	male	34.0653953552246	USA	V4	primers removed before upload	Illumina HiSeq 2500	irritable bowel syndrome	Multi-omics profiles of the intestinal microbiome in irritable bowel syndrome and its bowel habit subtypes	IBS	
SRR18588631	PRJNA812699	IBS	1.0	24	female	26.259521484375	USA	V4	primers removed before upload	Illumina HiSeq 2500	irritable bowel syndrome	Multi-omics profiles of the intestinal microbiome in irritable bowel syndrome and its bowel habit subtypes	IBS	
SRR18588648	PRJNA812699	IBS	1.0	47	female	40.45482635	USA	V4	primers removed before upload	Illumina HiSeq 2500	irritable bowel syndrome	Multi-omics profiles of the intestinal microbiome in irritable bowel syndrome and its bowel habit subtypes	IBS	
SRR18588663	PRJNA812699	healthy	0.0	27	female	37.0894928	USA	V4	primers removed before upload	Illumina HiSeq 2500	irritable bowel syndrome	Multi-omics profiles of the intestinal microbiome in irritable bowel syndrome and its bowel habit subtypes	IBS	
SRR18588671	PRJNA812699	IBS	1.0	47	female	27.19771767	USA	V4	primers removed before upload	Illumina HiSeq 2500	irritable bowel syndrome	Multi-omics profiles of the intestinal microbiome in irritable bowel syndrome and its bowel habit subtypes	IBS	
SRR18588678	PRJNA812699	healthy	0.0	38	female	21.6	USA	V4	primers removed before upload	Illumina HiSeq 2500	irritable bowel syndrome	Multi-omics profiles of the intestinal microbiome in irritable bowel syndrome and its bowel habit subtypes	IBS	
SRR18588680	PRJNA812699	healthy	0.0	32	male	25.2	USA	V4	primers removed before upload	Illumina HiSeq 2500	irritable bowel syndrome	Multi-omics profiles of the intestinal microbiome in irritable bowel syndrome and its bowel habit subtypes	IBS	
SRR18588767	PRJNA812699	IBS	1.0	29	female	20.66854477	USA	V4	primers removed before upload	Illumina HiSeq 2500	irritable bowel syndrome	Multi-omics profiles of the intestinal microbiome in irritable bowel syndrome and its bowel habit subtypes	IBS	
SRR18588479	PRJNA812699	healthy	0.0	22	male	28.58857346	USA	V4	primers removed before upload	Illumina HiSeq 2500	irritable bowel syndrome	Multi-omics profiles of the intestinal microbiome in irritable bowel syndrome and its bowel habit subtypes	IBS	
SRR18588732	PRJNA812699	healthy	0.0	23	male	22.55112457	USA	V4	primers removed before upload	Illumina HiSeq 2500	irritable bowel syndrome	Multi-omics profiles of the intestinal microbiome in irritable bowel syndrome and its bowel habit subtypes	IBS	
SRR18588743	PRJNA812699	healthy	0.0	35	male	31.46623421	USA	V4	primers removed before upload	Illumina HiSeq 2500	irritable bowel syndrome	Multi-omics profiles of the intestinal microbiome in irritable bowel syndrome and its bowel habit subtypes	IBS	
SRR18588778	PRJNA812699	IBS	1.0	20	female	28	USA	V4	primers removed before upload	Illumina HiSeq 2500	irritable bowel syndrome	Multi-omics profiles of the intestinal microbiome in irritable bowel syndrome and its bowel habit subtypes	IBS	
SRR18588787	PRJNA812699	healthy	0.0	36	female	22.8555431365967	USA	V4	primers removed before upload	Illumina HiSeq 2500	irritable bowel syndrome	Multi-omics profiles of the intestinal microbiome in irritable bowel syndrome and its bowel habit subtypes	IBS	
SRR18588788	PRJNA812699	IBS	1.0	20	female	22.9982109069824	USA	V4	primers removed before upload	Illumina HiSeq 2500	irritable bowel syndrome	Multi-omics profiles of the intestinal microbiome in irritable bowel syndrome and its bowel habit subtypes	IBS	
SRR18588795	PRJNA812699	IBS	1.0	27	male	21.4607944488525	USA	V4	primers removed before upload	Illumina HiSeq 2500	irritable bowel syndrome	Multi-omics profiles of the intestinal microbiome in irritable bowel syndrome and its bowel habit subtypes	IBS	
SRR18588798	PRJNA812699	IBS	1.0	21	female	26.67468452	USA	V4	primers removed before upload	Illumina HiSeq 2500	irritable bowel syndrome	Multi-omics profiles of the intestinal microbiome in irritable bowel syndrome and its bowel habit subtypes	IBS	
SRR18588801	PRJNA812699	IBS	1.0	19	female	20.38284111	USA	V4	primers removed before upload	Illumina HiSeq 2500	irritable bowel syndrome	Multi-omics profiles of the intestinal microbiome in irritable bowel syndrome and its bowel habit subtypes	IBS	
SRR18588804	PRJNA812699	IBS	1.0	26	male	19.12837791	USA	V4	primers removed before upload	Illumina HiSeq 2500	irritable bowel syndrome	Multi-omics profiles of the intestinal microbiome in irritable bowel syndrome and its bowel habit subtypes	IBS	
SRR18588812	PRJNA812699	IBS	1.0	27	female	26.11142921	USA	V4	primers removed before upload	Illumina HiSeq 2500	irritable bowel syndrome	Multi-omics profiles of the intestinal microbiome in irritable bowel syndrome and its bowel habit subtypes	IBS	
SRR18588814	PRJNA812699	IBS	1.0	24	female	21.07760048	USA	V4	primers removed before upload	Illumina HiSeq 2500	irritable bowel syndrome	Multi-omics profiles of the intestinal microbiome in irritable bowel syndrome and its bowel habit subtypes	IBS	
SRR18588816	PRJNA812699	IBS	1.0	28	male	22.095438	USA	V4	primers removed before upload	Illumina HiSeq 2500	irritable bowel syndrome	Multi-omics profiles of the intestinal microbiome in irritable bowel syndrome and its bowel habit subtypes	IBS	
SRR18588818	PRJNA812699	IBS	1.0	34	female		USA	V4	primers removed before upload	Illumina HiSeq 2500	irritable bowel syndrome	Multi-omics profiles of the intestinal microbiome in irritable bowel syndrome and its bowel habit subtypes	IBS	
SRR18588826	PRJNA812699	IBS	1.0	19	female	20.69898224	USA	V4	primers removed before upload	Illumina HiSeq 2500	irritable bowel syndrome	Multi-omics profiles of the intestinal microbiome in irritable bowel syndrome and its bowel habit subtypes	IBS	
SRR18588829	PRJNA812699	IBS	1.0	22	male	25.82448959	USA	V4	primers removed before upload	Illumina HiSeq 2500	irritable bowel syndrome	Multi-omics profiles of the intestinal microbiome in irritable bowel syndrome and its bowel habit subtypes	IBS	
SRR18588831	PRJNA812699	IBS	1.0	32	male	22.87085915	USA	V4	primers removed before upload	Illumina HiSeq 2500	irritable bowel syndrome	Multi-omics profiles of the intestinal microbiome in irritable bowel syndrome and its bowel habit subtypes	IBS	
SRR18588834	PRJNA812699	IBS	1.0	20	male	24.2159214	USA	V4	primers removed before upload	Illumina HiSeq 2500	irritable bowel syndrome	Multi-omics profiles of the intestinal microbiome in irritable bowel syndrome and its bowel habit subtypes	IBS	
SRR18588300	PRJNA812699	IBS	1.0	18	female	23.2030735015869	USA	V4	primers removed before upload	Illumina HiSeq 2500	irritable bowel syndrome	Multi-omics profiles of the intestinal microbiome in irritable bowel syndrome and its bowel habit subtypes	IBS	
SRR18588869	PRJNA812699	IBS	1.0	21	female	20.54923058	USA	V4	primers removed before upload	Illumina HiSeq 2500	irritable bowel syndrome	Multi-omics profiles of the intestinal microbiome in irritable bowel syndrome and its bowel habit subtypes	IBS	
SRR18588555	PRJNA812699	IBS	1.0	32	female	30	USA	V4	primers removed before upload	Illumina HiSeq 2500	irritable bowel syndrome	Multi-omics profiles of the intestinal microbiome in irritable bowel syndrome and its bowel habit subtypes	IBS	
SRR18588943	PRJNA812699	healthy	0.0	25	female	30.00627518	USA	V4	primers removed before upload	Illumina HiSeq 2500	irritable bowel syndrome	Multi-omics profiles of the intestinal microbiome in irritable bowel syndrome and its bowel habit subtypes	IBS	
SRR18588944	PRJNA812699	healthy	0.0	37	female	25.64011574	USA	V4	primers removed before upload	Illumina HiSeq 2500	irritable bowel syndrome	Multi-omics profiles of the intestinal microbiome in irritable bowel syndrome and its bowel habit subtypes	IBS	
SRR18588946	PRJNA812699	healthy	0.0	34	female	35.596241	USA	V4	primers removed before upload	Illumina HiSeq 2500	irritable bowel syndrome	Multi-omics profiles of the intestinal microbiome in irritable bowel syndrome and its bowel habit subtypes	IBS	
SRR18588967	PRJNA812699	healthy	0.0	33	female	29.33478355	USA	V4	primers removed before upload	Illumina HiSeq 2500	irritable bowel syndrome	Multi-omics profiles of the intestinal microbiome in irritable bowel syndrome and its bowel habit subtypes	IBS	
SRR18588971	PRJNA812699	healthy	0.0	48	female	34.92292404	USA	V4	primers removed before upload	Illumina HiSeq 2500	irritable bowel syndrome	Multi-omics profiles of the intestinal microbiome in irritable bowel syndrome and its bowel habit subtypes	IBS	
SRR18588974	PRJNA812699	healthy	0.0	24	male	27.5659256	USA	V4	primers removed before upload	Illumina HiSeq 2500	irritable bowel syndrome	Multi-omics profiles of the intestinal microbiome in irritable bowel syndrome and its bowel habit subtypes	IBS	
SRR18588526	PRJNA812699	healthy	0.0	34	female	29.31012344	USA	V4	primers removed before upload	Illumina HiSeq 2500	irritable bowel syndrome	Multi-omics profiles of the intestinal microbiome in irritable bowel syndrome and its bowel habit subtypes	IBS	
SRR18588539	PRJNA812699	healthy	0.0	29	female	30.55897903	USA	V4	primers removed before upload	Illumina HiSeq 2500	irritable bowel syndrome	Multi-omics profiles of the intestinal microbiome in irritable bowel syndrome and its bowel habit subtypes	IBS	
SRR18588545	PRJNA812699	healthy	0.0	19	female	30.7598381	USA	V4	primers removed before upload	Illumina HiSeq 2500	irritable bowel syndrome	Multi-omics profiles of the intestinal microbiome in irritable bowel syndrome and its bowel habit subtypes	IBS	
SRR18588997	PRJNA812699	IBS	1.0	30	female	19	USA	V4	primers removed before upload	Illumina HiSeq 2500	irritable bowel syndrome	Multi-omics profiles of the intestinal microbiome in irritable bowel syndrome and its bowel habit subtypes	IBS	
SRR18589012	PRJNA812699	IBS	1.0	20	female	22	USA	V4	primers removed before upload	Illumina HiSeq 2500	irritable bowel syndrome	Multi-omics profiles of the intestinal microbiome in irritable bowel syndrome and its bowel habit subtypes	IBS	
SRR18589017	PRJNA812699	IBS	1.0	40	female	19.47697639	USA	V4	primers removed before upload	Illumina HiSeq 2500	irritable bowel syndrome	Multi-omics profiles of the intestinal microbiome in irritable bowel syndrome and its bowel habit subtypes	IBS	
SRR18589021	PRJNA812699	IBS	1.0	44	female	24	USA	V4	primers removed before upload	Illumina HiSeq 2500	irritable bowel syndrome	Multi-omics profiles of the intestinal microbiome in irritable bowel syndrome and its bowel habit subtypes	IBS	
SRR18589040	PRJNA812699	IBS	1.0	21	female	24.02272987	USA	V4	primers removed before upload	Illumina HiSeq 2500	irritable bowel syndrome	Multi-omics profiles of the intestinal microbiome in irritable bowel syndrome and its bowel habit subtypes	IBS	
SRR18589041	PRJNA812699	IBS	1.0	21	female	20.66571236	USA	V4	primers removed before upload	Illumina HiSeq 2500	irritable bowel syndrome	Multi-omics profiles of the intestinal microbiome in irritable bowel syndrome and its bowel habit subtypes	IBS	
SRR18589043	PRJNA812699	IBS	1.0	21	male	20.78567505	USA	V4	primers removed before upload	Illumina HiSeq 2500	irritable bowel syndrome	Multi-omics profiles of the intestinal microbiome in irritable bowel syndrome and its bowel habit subtypes	IBS	
SRR18589050	PRJNA812699	IBS	1.0	42	female	32.43823242	USA	V4	primers removed before upload	Illumina HiSeq 2500	irritable bowel syndrome	Multi-omics profiles of the intestinal microbiome in irritable bowel syndrome and its bowel habit subtypes	IBS	
SRR18589054	PRJNA812699	IBS	1.0	27	female	30.92338181	USA	V4	primers removed before upload	Illumina HiSeq 2500	irritable bowel syndrome	Multi-omics profiles of the intestinal microbiome in irritable bowel syndrome and its bowel habit subtypes	IBS	
SRR18589059	PRJNA812699	IBS	1.0	23	male	30.51215363	USA	V4	primers removed before upload	Illumina HiSeq 2500	irritable bowel syndrome	Multi-omics profiles of the intestinal microbiome in irritable bowel syndrome and its bowel habit subtypes	IBS	
SRR18588379	PRJNA812699	IBS	1.0	34	female	28.20679092	USA	V4	primers removed before upload	Illumina HiSeq 2500	irritable bowel syndrome	Multi-omics profiles of the intestinal microbiome in irritable bowel syndrome and its bowel habit subtypes	IBS	
SRR18588704	PRJNA812699	IBS	1.0	21	female	22.59502792	USA	V4	primers removed before upload	Illumina HiSeq 2500	irritable bowel syndrome	Multi-omics profiles of the intestinal microbiome in irritable bowel syndrome and its bowel habit subtypes	IBS	
SRR18588880	PRJNA812699	IBS	1.0	27	female	22.71399689	USA	V4	primers removed before upload	Illumina HiSeq 2500	irritable bowel syndrome	Multi-omics profiles of the intestinal microbiome in irritable bowel syndrome and its bowel habit subtypes	IBS	
SRR18588692	PRJNA812699	IBS	1.0	30	female	18.2366848	USA	V4	primers removed before upload	Illumina HiSeq 2500	irritable bowel syndrome	Multi-omics profiles of the intestinal microbiome in irritable bowel syndrome and its bowel habit subtypes	IBS	
SRR18588553	PRJNA812699	IBS	1.0	21	female	21	USA	V4	primers removed before upload	Illumina HiSeq 2500	irritable bowel syndrome	Multi-omics profiles of the intestinal microbiome in irritable bowel syndrome and its bowel habit subtypes	IBS	
SRR18588258	PRJNA812699	IBS	1.0	19	female	19.6484813690186	USA	V4	primers removed before upload	Illumina HiSeq 2500	irritable bowel syndrome	Multi-omics profiles of the intestinal microbiome in irritable bowel syndrome and its bowel habit subtypes	IBS	
SRR18588356	PRJNA812699	IBS	1.0	28	female	25	USA	V4	primers removed before upload	Illumina HiSeq 2500	irritable bowel syndrome	Multi-omics profiles of the intestinal microbiome in irritable bowel syndrome and its bowel habit subtypes	IBS	
SRR18588998	PRJNA812699	IBS	1.0	23	female	22	USA	V4	primers removed before upload	Illumina HiSeq 2500	irritable bowel syndrome	Multi-omics profiles of the intestinal microbiome in irritable bowel syndrome and its bowel habit subtypes	IBS	
SRR18588324	PRJNA812699	healthy	0.0	44	female	25.59423065	USA	V4	primers removed before upload	Illumina HiSeq 2500	irritable bowel syndrome	Multi-omics profiles of the intestinal microbiome in irritable bowel syndrome and its bowel habit subtypes	IBS	
SRR18588331	PRJNA812699	healthy	0.0	19	male	29.56032753	USA	V4	primers removed before upload	Illumina HiSeq 2500	irritable bowel syndrome	Multi-omics profiles of the intestinal microbiome in irritable bowel syndrome and its bowel habit subtypes	IBS	
SRR18588334	PRJNA812699	healthy	0.0	20	female	31.66589355	USA	V4	primers removed before upload	Illumina HiSeq 2500	irritable bowel syndrome	Multi-omics profiles of the intestinal microbiome in irritable bowel syndrome and its bowel habit subtypes	IBS	
SRR18588336	PRJNA812699	healthy	0.0	20	male	31.73756981	USA	V4	primers removed before upload	Illumina HiSeq 2500	irritable bowel syndrome	Multi-omics profiles of the intestinal microbiome in irritable bowel syndrome and its bowel habit subtypes	IBS	
SRR18588339	PRJNA812699	healthy	0.0	50	male	31.46947289	USA	V4	primers removed before upload	Illumina HiSeq 2500	irritable bowel syndrome	Multi-omics profiles of the intestinal microbiome in irritable bowel syndrome and its bowel habit subtypes	IBS	
SRR18588349	PRJNA812699	healthy	0.0	27	male	29.63462067	USA	V4	primers removed before upload	Illumina HiSeq 2500	irritable bowel syndrome	Multi-omics profiles of the intestinal microbiome in irritable bowel syndrome and its bowel habit subtypes	IBS	
SRR18588351	PRJNA812699	IBS	1.0	20	female	25.2377739	USA	V4	primers removed before upload	Illumina HiSeq 2500	irritable bowel syndrome	Multi-omics profiles of the intestinal microbiome in irritable bowel syndrome and its bowel habit subtypes	IBS	
SRR18588355	PRJNA812699	IBS	1.0	34	female	22	USA	V4	primers removed before upload	Illumina HiSeq 2500	irritable bowel syndrome	Multi-omics profiles of the intestinal microbiome in irritable bowel syndrome and its bowel habit subtypes	IBS	
SRR18588380	PRJNA812699	IBS	1.0	28	female	21	USA	V4	primers removed before upload	Illumina HiSeq 2500	irritable bowel syndrome	Multi-omics profiles of the intestinal microbiome in irritable bowel syndrome and its bowel habit subtypes	IBS	
SRR18588391	PRJNA812699	IBS	1.0	45	female	35.18432617	USA	V4	primers removed before upload	Illumina HiSeq 2500	irritable bowel syndrome	Multi-omics profiles of the intestinal microbiome in irritable bowel syndrome and its bowel habit subtypes	IBS	
SRR18588393	PRJNA812699	healthy	0.0	51	male	32.43870544	USA	V4	primers removed before upload	Illumina HiSeq 2500	irritable bowel syndrome	Multi-omics profiles of the intestinal microbiome in irritable bowel syndrome and its bowel habit subtypes	IBS	
SRR18588395	PRJNA812699	healthy	0.0	19	male	20.68828583	USA	V4	primers removed before upload	Illumina HiSeq 2500	irritable bowel syndrome	Multi-omics profiles of the intestinal microbiome in irritable bowel syndrome and its bowel habit subtypes	IBS	
SRR18588404	PRJNA812699	IBS	1.0	43	female	20.16412926	USA	V4	primers removed before upload	Illumina HiSeq 2500	irritable bowel syndrome	Multi-omics profiles of the intestinal microbiome in irritable bowel syndrome and its bowel habit subtypes	IBS	
SRR18588407	PRJNA812699	IBS	1.0	25	male	23.30957222	USA	V4	primers removed before upload	Illumina HiSeq 2500	irritable bowel syndrome	Multi-omics profiles of the intestinal microbiome in irritable bowel syndrome and its bowel habit subtypes	IBS	
SRR18588415	PRJNA812699	IBS	1.0	29	female	25.04286957	USA	V4	primers removed before upload	Illumina HiSeq 2500	irritable bowel syndrome	Multi-omics profiles of the intestinal microbiome in irritable bowel syndrome and its bowel habit subtypes	IBS	
SRR18588424	PRJNA812699	healthy	0.0	31	female	21.1	USA	V4	primers removed before upload	Illumina HiSeq 2500	irritable bowel syndrome	Multi-omics profiles of the intestinal microbiome in irritable bowel syndrome and its bowel habit subtypes	IBS	
SRR18588430	PRJNA812699	healthy	0.0	38	male	25.1	USA	V4	primers removed before upload	Illumina HiSeq 2500	irritable bowel syndrome	Multi-omics profiles of the intestinal microbiome in irritable bowel syndrome and its bowel habit subtypes	IBS	
SRR18588434	PRJNA812699	healthy	0.0	38	male	20.2	USA	V4	primers removed before upload	Illumina HiSeq 2500	irritable bowel syndrome	Multi-omics profiles of the intestinal microbiome in irritable bowel syndrome and its bowel habit subtypes	IBS	
SRR18588439	PRJNA812699	IBS	1.0	45	male	23.5146942138672	USA	V4	primers removed before upload	Illumina HiSeq 2500	irritable bowel syndrome	Multi-omics profiles of the intestinal microbiome in irritable bowel syndrome and its bowel habit subtypes	IBS	
SRR18588440	PRJNA812699	IBS	1.0	20	female	24.00773048	USA	V4	primers removed before upload	Illumina HiSeq 2500	irritable bowel syndrome	Multi-omics profiles of the intestinal microbiome in irritable bowel syndrome and its bowel habit subtypes	IBS	
SRR18588441	PRJNA812699	IBS	1.0	33	female	21.9632148742676	USA	V4	primers removed before upload	Illumina HiSeq 2500	irritable bowel syndrome	Multi-omics profiles of the intestinal microbiome in irritable bowel syndrome and its bowel habit subtypes	IBS	
SRR18588442	PRJNA812699	IBS	1.0	28	female	20.6155872344971	USA	V4	primers removed before upload	Illumina HiSeq 2500	irritable bowel syndrome	Multi-omics profiles of the intestinal microbiome in irritable bowel syndrome and its bowel habit subtypes	IBS	
SRR18588443	PRJNA812699	IBS	1.0	60	male	26.5453071594238	USA	V4	primers removed before upload	Illumina HiSeq 2500	irritable bowel syndrome	Multi-omics profiles of the intestinal microbiome in irritable bowel syndrome and its bowel habit subtypes	IBS	
SRR18588446	PRJNA812699	healthy	0.0	38	male	23.892484664917	USA	V4	primers removed before upload	Illumina HiSeq 2500	irritable bowel syndrome	Multi-omics profiles of the intestinal microbiome in irritable bowel syndrome and its bowel habit subtypes	IBS	
SRR18588458	PRJNA812699	IBS	1.0	20	female	25.4577522277832	USA	V4	primers removed before upload	Illumina HiSeq 2500	irritable bowel syndrome	Multi-omics profiles of the intestinal microbiome in irritable bowel syndrome and its bowel habit subtypes	IBS	
SRR18588471	PRJNA812699	healthy	0.0	31	female	31.8804245	USA	V4	primers removed before upload	Illumina HiSeq 2500	irritable bowel syndrome	Multi-omics profiles of the intestinal microbiome in irritable bowel syndrome and its bowel habit subtypes	IBS	
SRR18588475	PRJNA812699	healthy	0.0	32	female	43.70678329	USA	V4	primers removed before upload	Illumina HiSeq 2500	irritable bowel syndrome	Multi-omics profiles of the intestinal microbiome in irritable bowel syndrome and its bowel habit subtypes	IBS	
SRR18588476	PRJNA812699	healthy	0.0	54	female	34.698661799999996	USA	V4	primers removed before upload	Illumina HiSeq 2500	irritable bowel syndrome	Multi-omics profiles of the intestinal microbiome in irritable bowel syndrome and its bowel habit subtypes	IBS	
SRR18588480	PRJNA812699	healthy	0.0	25	female	32.50688553	USA	V4	primers removed before upload	Illumina HiSeq 2500	irritable bowel syndrome	Multi-omics profiles of the intestinal microbiome in irritable bowel syndrome and its bowel habit subtypes	IBS	
SRR18588487	PRJNA812699	healthy	0.0	45	female	25.32464027	USA	V4	primers removed before upload	Illumina HiSeq 2500	irritable bowel syndrome	Multi-omics profiles of the intestinal microbiome in irritable bowel syndrome and its bowel habit subtypes	IBS	
SRR18588490	PRJNA812699	IBS	1.0	24	female	19.01977158	USA	V4	primers removed before upload	Illumina HiSeq 2500	irritable bowel syndrome	Multi-omics profiles of the intestinal microbiome in irritable bowel syndrome and its bowel habit subtypes	IBS	
SRR18588499	PRJNA812699	healthy	0.0	28	female	26.54197884	USA	V4	primers removed before upload	Illumina HiSeq 2500	irritable bowel syndrome	Multi-omics profiles of the intestinal microbiome in irritable bowel syndrome and its bowel habit subtypes	IBS	
SRR18588511	PRJNA812699	healthy	0.0	22	female	19.00410843	USA	V4	primers removed before upload	Illumina HiSeq 2500	irritable bowel syndrome	Multi-omics profiles of the intestinal microbiome in irritable bowel syndrome and its bowel habit subtypes	IBS	
SRR18588512	PRJNA812699	healthy	0.0	36	female	21.63076973	USA	V4	primers removed before upload	Illumina HiSeq 2500	irritable bowel syndrome	Multi-omics profiles of the intestinal microbiome in irritable bowel syndrome and its bowel habit subtypes	IBS	
SRR18588513	PRJNA812699	IBS	1.0	33	female	20.0737648	USA	V4	primers removed before upload	Illumina HiSeq 2500	irritable bowel syndrome	Multi-omics profiles of the intestinal microbiome in irritable bowel syndrome and its bowel habit subtypes	IBS	
SRR18588517	PRJNA812699	IBS	1.0	29	male	22.29442596	USA	V4	primers removed before upload	Illumina HiSeq 2500	irritable bowel syndrome	Multi-omics profiles of the intestinal microbiome in irritable bowel syndrome and its bowel habit subtypes	IBS	
SRR18588524	PRJNA812699	healthy	0.0	20	female	21	USA	V4	primers removed before upload	Illumina HiSeq 2500	irritable bowel syndrome	Multi-omics profiles of the intestinal microbiome in irritable bowel syndrome and its bowel habit subtypes	IBS	
SRR18588530	PRJNA812699	IBS	1.0	33	male	25.84016037	USA	V4	primers removed before upload	Illumina HiSeq 2500	irritable bowel syndrome	Multi-omics profiles of the intestinal microbiome in irritable bowel syndrome and its bowel habit subtypes	IBS	
SRR18588537	PRJNA812699	IBS	1.0	24	female	18	USA	V4	primers removed before upload	Illumina HiSeq 2500	irritable bowel syndrome	Multi-omics profiles of the intestinal microbiome in irritable bowel syndrome and its bowel habit subtypes	IBS	
SRR18588538	PRJNA812699	healthy	0.0	25	female	32.19415283	USA	V4	primers removed before upload	Illumina HiSeq 2500	irritable bowel syndrome	Multi-omics profiles of the intestinal microbiome in irritable bowel syndrome and its bowel habit subtypes	IBS	
SRR18588547	PRJNA812699	healthy	0.0	25	male	23.62318611	USA	V4	primers removed before upload	Illumina HiSeq 2500	irritable bowel syndrome	Multi-omics profiles of the intestinal microbiome in irritable bowel syndrome and its bowel habit subtypes	IBS	
SRR18588550	PRJNA812699	healthy	0.0	52	female	33.79973221	USA	V4	primers removed before upload	Illumina HiSeq 2500	irritable bowel syndrome	Multi-omics profiles of the intestinal microbiome in irritable bowel syndrome and its bowel habit subtypes	IBS	
SRR18588577	PRJNA812699	IBS	1.0	21	female	20.21526527	USA	V4	primers removed before upload	Illumina HiSeq 2500	irritable bowel syndrome	Multi-omics profiles of the intestinal microbiome in irritable bowel syndrome and its bowel habit subtypes	IBS	
SRR18588581	PRJNA812699	IBS	1.0	45	female	20	USA	V4	primers removed before upload	Illumina HiSeq 2500	irritable bowel syndrome	Multi-omics profiles of the intestinal microbiome in irritable bowel syndrome and its bowel habit subtypes	IBS	
SRR18588588	PRJNA812699	IBS	1.0	25	female	25	USA	V4	primers removed before upload	Illumina HiSeq 2500	irritable bowel syndrome	Multi-omics profiles of the intestinal microbiome in irritable bowel syndrome and its bowel habit subtypes	IBS	
SRR18588590	PRJNA812699	healthy	0.0	32	female	22.10000038	USA	V4	primers removed before upload	Illumina HiSeq 2500	irritable bowel syndrome	Multi-omics profiles of the intestinal microbiome in irritable bowel syndrome and its bowel habit subtypes	IBS	
SRR18588600	PRJNA812699	IBS	1.0	64	female	27	USA	V4	primers removed before upload	Illumina HiSeq 2500	irritable bowel syndrome	Multi-omics profiles of the intestinal microbiome in irritable bowel syndrome and its bowel habit subtypes	IBS	
SRR18588603	PRJNA812699	IBS	1.0	54	female	28.40815163	USA	V4	primers removed before upload	Illumina HiSeq 2500	irritable bowel syndrome	Multi-omics profiles of the intestinal microbiome in irritable bowel syndrome and its bowel habit subtypes	IBS	
SRR18588612	PRJNA812699	IBS	1.0	55	female	20	USA	V4	primers removed before upload	Illumina HiSeq 2500	irritable bowel syndrome	Multi-omics profiles of the intestinal microbiome in irritable bowel syndrome and its bowel habit subtypes	IBS	
SRR18588613	PRJNA812699	IBS	1.0	20	female	22.99853516	USA	V4	primers removed before upload	Illumina HiSeq 2500	irritable bowel syndrome	Multi-omics profiles of the intestinal microbiome in irritable bowel syndrome and its bowel habit subtypes	IBS	
SRR18588617	PRJNA812699	IBS	1.0	26	female	20.52104187	USA	V4	primers removed before upload	Illumina HiSeq 2500	irritable bowel syndrome	Multi-omics profiles of the intestinal microbiome in irritable bowel syndrome and its bowel habit subtypes	IBS	
SRR18588621	PRJNA812699	IBS	1.0	35	female	26.61998558	USA	V4	primers removed before upload	Illumina HiSeq 2500	irritable bowel syndrome	Multi-omics profiles of the intestinal microbiome in irritable bowel syndrome and its bowel habit subtypes	IBS	
SRR18588628	PRJNA812699	IBS	1.0	56	male	25.85540581	USA	V4	primers removed before upload	Illumina HiSeq 2500	irritable bowel syndrome	Multi-omics profiles of the intestinal microbiome in irritable bowel syndrome and its bowel habit subtypes	IBS	
SRR18588633	PRJNA812699	IBS	1.0	46	female	19.7987747192383	USA	V4	primers removed before upload	Illumina HiSeq 2500	irritable bowel syndrome	Multi-omics profiles of the intestinal microbiome in irritable bowel syndrome and its bowel habit subtypes	IBS	
SRR18588638	PRJNA812699	IBS	1.0	24	female	20.82850266	USA	V4	primers removed before upload	Illumina HiSeq 2500	irritable bowel syndrome	Multi-omics profiles of the intestinal microbiome in irritable bowel syndrome and its bowel habit subtypes	IBS	
SRR18588645	PRJNA812699	IBS	1.0	34	male	22.23775482	USA	V4	primers removed before upload	Illumina HiSeq 2500	irritable bowel syndrome	Multi-omics profiles of the intestinal microbiome in irritable bowel syndrome and its bowel habit subtypes	IBS	
SRR18588651	PRJNA812699	healthy	0.0	26	male	28.66226006	USA	V4	primers removed before upload	Illumina HiSeq 2500	irritable bowel syndrome	Multi-omics profiles of the intestinal microbiome in irritable bowel syndrome and its bowel habit subtypes	IBS	
SRR18588653	PRJNA812699	healthy	0.0	23	female	26.92265129	USA	V4	primers removed before upload	Illumina HiSeq 2500	irritable bowel syndrome	Multi-omics profiles of the intestinal microbiome in irritable bowel syndrome and its bowel habit subtypes	IBS	
SRR18588656	PRJNA812699	IBS	1.0	18	female	21.88814163	USA	V4	primers removed before upload	Illumina HiSeq 2500	irritable bowel syndrome	Multi-omics profiles of the intestinal microbiome in irritable bowel syndrome and its bowel habit subtypes	IBS	
SRR18588657	PRJNA812699	healthy	0.0	21	male	17.89805222	USA	V4	primers removed before upload	Illumina HiSeq 2500	irritable bowel syndrome	Multi-omics profiles of the intestinal microbiome in irritable bowel syndrome and its bowel habit subtypes	IBS	
SRR18588660	PRJNA812699	healthy	0.0	30	male	33.26206207	USA	V4	primers removed before upload	Illumina HiSeq 2500	irritable bowel syndrome	Multi-omics profiles of the intestinal microbiome in irritable bowel syndrome and its bowel habit subtypes	IBS	
SRR18588662	PRJNA812699	healthy	0.0	20	female	24.24137878	USA	V4	primers removed before upload	Illumina HiSeq 2500	irritable bowel syndrome	Multi-omics profiles of the intestinal microbiome in irritable bowel syndrome and its bowel habit subtypes	IBS	
SRR18588665	PRJNA812699	IBS	1.0	20	female	22.173583984375	USA	V4	primers removed before upload	Illumina HiSeq 2500	irritable bowel syndrome	Multi-omics profiles of the intestinal microbiome in irritable bowel syndrome and its bowel habit subtypes	IBS	
SRR18588674	PRJNA812699	IBS	1.0	20	female	21.4881801605225	USA	V4	primers removed before upload	Illumina HiSeq 2500	irritable bowel syndrome	Multi-omics profiles of the intestinal microbiome in irritable bowel syndrome and its bowel habit subtypes	IBS	
SRR18588676	PRJNA812699	healthy	0.0	32	male	24	USA	V4	primers removed before upload	Illumina HiSeq 2500	irritable bowel syndrome	Multi-omics profiles of the intestinal microbiome in irritable bowel syndrome and its bowel habit subtypes	IBS	
SRR18588681	PRJNA812699	IBS	1.0	34	female	19.36639214	USA	V4	primers removed before upload	Illumina HiSeq 2500	irritable bowel syndrome	Multi-omics profiles of the intestinal microbiome in irritable bowel syndrome and its bowel habit subtypes	IBS	
SRR18588693	PRJNA812699	IBS	1.0	32	male	23.74341583	USA	V4	primers removed before upload	Illumina HiSeq 2500	irritable bowel syndrome	Multi-omics profiles of the intestinal microbiome in irritable bowel syndrome and its bowel habit subtypes	IBS	
SRR18588721	PRJNA812699	IBS	1.0	37	female	28.6857261657715	USA	V4	primers removed before upload	Illumina HiSeq 2500	irritable bowel syndrome	Multi-omics profiles of the intestinal microbiome in irritable bowel syndrome and its bowel habit subtypes	IBS	
SRR18588782	PRJNA812699	IBS	1.0	20	female	25.3371849060059	USA	V4	primers removed before upload	Illumina HiSeq 2500	irritable bowel syndrome	Multi-omics profiles of the intestinal microbiome in irritable bowel syndrome and its bowel habit subtypes	IBS	
SRR18588789	PRJNA812699	healthy	0.0	40	female	23.1803455352783	USA	V4	primers removed before upload	Illumina HiSeq 2500	irritable bowel syndrome	Multi-omics profiles of the intestinal microbiome in irritable bowel syndrome and its bowel habit subtypes	IBS	
SRR18588799	PRJNA812699	IBS	1.0	20	male	21.33683777	USA	V4	primers removed before upload	Illumina HiSeq 2500	irritable bowel syndrome	Multi-omics profiles of the intestinal microbiome in irritable bowel syndrome and its bowel habit subtypes	IBS	
SRR18588807	PRJNA812699	IBS	1.0	20	female	31.22585678	USA	V4	primers removed before upload	Illumina HiSeq 2500	irritable bowel syndrome	Multi-omics profiles of the intestinal microbiome in irritable bowel syndrome and its bowel habit subtypes	IBS	
SRR18588810	PRJNA812699	IBS	1.0	26	female	23.08319092	USA	V4	primers removed before upload	Illumina HiSeq 2500	irritable bowel syndrome	Multi-omics profiles of the intestinal microbiome in irritable bowel syndrome and its bowel habit subtypes	IBS	
SRR18588815	PRJNA812699	IBS	1.0	21	male	20.76791382	USA	V4	primers removed before upload	Illumina HiSeq 2500	irritable bowel syndrome	Multi-omics profiles of the intestinal microbiome in irritable bowel syndrome and its bowel habit subtypes	IBS	
SRR18588820	PRJNA812699	IBS	1.0	26	female	19.38553619	USA	V4	primers removed before upload	Illumina HiSeq 2500	irritable bowel syndrome	Multi-omics profiles of the intestinal microbiome in irritable bowel syndrome and its bowel habit subtypes	IBS	
SRR18588823	PRJNA812699	IBS	1.0	39	male	24.32795143	USA	V4	primers removed before upload	Illumina HiSeq 2500	irritable bowel syndrome	Multi-omics profiles of the intestinal microbiome in irritable bowel syndrome and its bowel habit subtypes	IBS	
SRR18588824	PRJNA812699	IBS	1.0	24	female	22.72894859	USA	V4	primers removed before upload	Illumina HiSeq 2500	irritable bowel syndrome	Multi-omics profiles of the intestinal microbiome in irritable bowel syndrome and its bowel habit subtypes	IBS	
SRR18588825	PRJNA812699	IBS	1.0	27	female	21.12252808	USA	V4	primers removed before upload	Illumina HiSeq 2500	irritable bowel syndrome	Multi-omics profiles of the intestinal microbiome in irritable bowel syndrome and its bowel habit subtypes	IBS	
SRR18588833	PRJNA812699	IBS	1.0	23	male	21.13159752	USA	V4	primers removed before upload	Illumina HiSeq 2500	irritable bowel syndrome	Multi-omics profiles of the intestinal microbiome in irritable bowel syndrome and its bowel habit subtypes	IBS	
SRR18588384	PRJNA812699	IBS	1.0	55	female	23	USA	V4	primers removed before upload	Illumina HiSeq 2500	irritable bowel syndrome	Multi-omics profiles of the intestinal microbiome in irritable bowel syndrome and its bowel habit subtypes	IBS	
SRR18588845	PRJNA812699	IBS	1.0	26	male	26.19498062	USA	V4	primers removed before upload	Illumina HiSeq 2500	irritable bowel syndrome	Multi-omics profiles of the intestinal microbiome in irritable bowel syndrome and its bowel habit subtypes	IBS	
SRR18588396	PRJNA812699	IBS	1.0	34	female	22	USA	V4	primers removed before upload	Illumina HiSeq 2500	irritable bowel syndrome	Multi-omics profiles of the intestinal microbiome in irritable bowel syndrome and its bowel habit subtypes	IBS	
SRR18589016	PRJNA812699	IBS	1.0	40	female	29	USA	V4	primers removed before upload	Illumina HiSeq 2500	irritable bowel syndrome	Multi-omics profiles of the intestinal microbiome in irritable bowel syndrome and its bowel habit subtypes	IBS	
SRR18588891	PRJNA812699	IBS	1.0	21	female	19.83740997	USA	V4	primers removed before upload	Illumina HiSeq 2500	irritable bowel syndrome	Multi-omics profiles of the intestinal microbiome in irritable bowel syndrome and its bowel habit subtypes	IBS	
SRR18588552	PRJNA812699	IBS	1.0	32	female	20	USA	V4	primers removed before upload	Illumina HiSeq 2500	irritable bowel syndrome	Multi-omics profiles of the intestinal microbiome in irritable bowel syndrome and its bowel habit subtypes	IBS	
SRR18588756	PRJNA812699	IBS	1.0	26	female	41.1046905517578	USA	V4	primers removed before upload	Illumina HiSeq 2500	irritable bowel syndrome	Multi-omics profiles of the intestinal microbiome in irritable bowel syndrome and its bowel habit subtypes	IBS	
SRR18588931	PRJNA812699	healthy	0.0	34	female	36.76280975	USA	V4	primers removed before upload	Illumina HiSeq 2500	irritable bowel syndrome	Multi-omics profiles of the intestinal microbiome in irritable bowel syndrome and its bowel habit subtypes	IBS	
SRR18588932	PRJNA812699	healthy	0.0	38	female	29.7093029	USA	V4	primers removed before upload	Illumina HiSeq 2500	irritable bowel syndrome	Multi-omics profiles of the intestinal microbiome in irritable bowel syndrome and its bowel habit subtypes	IBS	
SRR18588934	PRJNA812699	healthy	0.0	19	female	28.49072266	USA	V4	primers removed before upload	Illumina HiSeq 2500	irritable bowel syndrome	Multi-omics profiles of the intestinal microbiome in irritable bowel syndrome and its bowel habit subtypes	IBS	
SRR18588937	PRJNA812699	healthy	0.0	25	female	45.28294754	USA	V4	primers removed before upload	Illumina HiSeq 2500	irritable bowel syndrome	Multi-omics profiles of the intestinal microbiome in irritable bowel syndrome and its bowel habit subtypes	IBS	
SRR18588939	PRJNA812699	healthy	0.0	54	female	29.0502338409424	USA	V4	primers removed before upload	Illumina HiSeq 2500	irritable bowel syndrome	Multi-omics profiles of the intestinal microbiome in irritable bowel syndrome and its bowel habit subtypes	IBS	
SRR18588940	PRJNA812699	IBS	1.0	23	female	17.44658661	USA	V4	primers removed before upload	Illumina HiSeq 2500	irritable bowel syndrome	Multi-omics profiles of the intestinal microbiome in irritable bowel syndrome and its bowel habit subtypes	IBS	
SRR18588953	PRJNA812699	healthy	0.0	31	female	30.60000038	USA	V4	primers removed before upload	Illumina HiSeq 2500	irritable bowel syndrome	Multi-omics profiles of the intestinal microbiome in irritable bowel syndrome and its bowel habit subtypes	IBS	
SRR18588958	PRJNA812699	healthy	0.0	32	female	39.48588943	USA	V4	primers removed before upload	Illumina HiSeq 2500	irritable bowel syndrome	Multi-omics profiles of the intestinal microbiome in irritable bowel syndrome and its bowel habit subtypes	IBS	
SRR18588961	PRJNA812699	healthy	0.0	30	male	30.59674644	USA	V4	primers removed before upload	Illumina HiSeq 2500	irritable bowel syndrome	Multi-omics profiles of the intestinal microbiome in irritable bowel syndrome and its bowel habit subtypes	IBS	
SRR18588963	PRJNA812699	healthy	0.0	31	female	40.88395691	USA	V4	primers removed before upload	Illumina HiSeq 2500	irritable bowel syndrome	Multi-omics profiles of the intestinal microbiome in irritable bowel syndrome and its bowel habit subtypes	IBS	
SRR18588529	PRJNA812699	healthy	0.0	28	female	34.55198669	USA	V4	primers removed before upload	Illumina HiSeq 2500	irritable bowel syndrome	Multi-omics profiles of the intestinal microbiome in irritable bowel syndrome and its bowel habit subtypes	IBS	
SRR18588592	PRJNA812699	healthy	0.0	43	male	32.3564415	USA	V4	primers removed before upload	Illumina HiSeq 2500	irritable bowel syndrome	Multi-omics profiles of the intestinal microbiome in irritable bowel syndrome and its bowel habit subtypes	IBS	
SRR18588986	PRJNA812699	IBS	1.0	49	female	26.62285614	USA	V4	primers removed before upload	Illumina HiSeq 2500	irritable bowel syndrome	Multi-omics profiles of the intestinal microbiome in irritable bowel syndrome and its bowel habit subtypes	IBS	
SRR18588557	PRJNA812699	healthy	0.0	29	female	33.39936447	USA	V4	primers removed before upload	Illumina HiSeq 2500	irritable bowel syndrome	Multi-omics profiles of the intestinal microbiome in irritable bowel syndrome and its bowel habit subtypes	IBS	
SRR18589003	PRJNA812699	IBS	1.0	19	female	20.84298134	USA	V4	primers removed before upload	Illumina HiSeq 2500	irritable bowel syndrome	Multi-omics profiles of the intestinal microbiome in irritable bowel syndrome and its bowel habit subtypes	IBS	
SRR18589008	PRJNA812699	IBS	1.0	44	female	0	USA	V4	primers removed before upload	Illumina HiSeq 2500	irritable bowel syndrome	Multi-omics profiles of the intestinal microbiome in irritable bowel syndrome and its bowel habit subtypes	IBS	
SRR18589018	PRJNA812699	healthy	0.0	41	female	27.24947929	USA	V4	primers removed before upload	Illumina HiSeq 2500	irritable bowel syndrome	Multi-omics profiles of the intestinal microbiome in irritable bowel syndrome and its bowel habit subtypes	IBS	
SRR18589039	PRJNA812699	IBS	1.0	20	male	32.49556732	USA	V4	primers removed before upload	Illumina HiSeq 2500	irritable bowel syndrome	Multi-omics profiles of the intestinal microbiome in irritable bowel syndrome and its bowel habit subtypes	IBS	
SRR18589042	PRJNA812699	healthy	0.0	23	male	19.43035698	USA	V4	primers removed before upload	Illumina HiSeq 2500	irritable bowel syndrome	Multi-omics profiles of the intestinal microbiome in irritable bowel syndrome and its bowel habit subtypes	IBS	
SRR18589047	PRJNA812699	IBS	1.0	25	male	21.54008675	USA	V4	primers removed before upload	Illumina HiSeq 2500	irritable bowel syndrome	Multi-omics profiles of the intestinal microbiome in irritable bowel syndrome and its bowel habit subtypes	IBS	
SRR18589049	PRJNA812699	IBS	1.0	21	male	19.93913269	USA	V4	primers removed before upload	Illumina HiSeq 2500	irritable bowel syndrome	Multi-omics profiles of the intestinal microbiome in irritable bowel syndrome and its bowel habit subtypes	IBS	
SRR18589051	PRJNA812699	healthy	0.0	19	female	26.49310493	USA	V4	primers removed before upload	Illumina HiSeq 2500	irritable bowel syndrome	Multi-omics profiles of the intestinal microbiome in irritable bowel syndrome and its bowel habit subtypes	IBS	
SRR18589061	PRJNA812699	IBS	1.0	38	male	23.77294731	USA	V4	primers removed before upload	Illumina HiSeq 2500	irritable bowel syndrome	Multi-omics profiles of the intestinal microbiome in irritable bowel syndrome and its bowel habit subtypes	IBS	
SRR18589067	PRJNA812699	IBS	1.0	41	male	22.11917686	USA	V4	primers removed before upload	Illumina HiSeq 2500	irritable bowel syndrome	Multi-omics profiles of the intestinal microbiome in irritable bowel syndrome and its bowel habit subtypes	IBS	
SRR18588952	PRJNA812699	IBS	1.0	62	female	25	USA	V4	primers removed before upload	Illumina HiSeq 2500	irritable bowel syndrome	Multi-omics profiles of the intestinal microbiome in irritable bowel syndrome and its bowel habit subtypes	IBS	
SRR18588271	PRJNA812699	IBS	1.0	48	female	26	USA	V4	primers removed before upload	Illumina HiSeq 2500	irritable bowel syndrome	Multi-omics profiles of the intestinal microbiome in irritable bowel syndrome and its bowel habit subtypes	IBS	
SRR18588277	PRJNA812699	healthy	0.0	18	female	24.22646332	USA	V4	primers removed before upload	Illumina HiSeq 2500	irritable bowel syndrome	Multi-omics profiles of the intestinal microbiome in irritable bowel syndrome and its bowel habit subtypes	IBS	
SRR18588999	PRJNA812699	IBS	1.0	41	female	29	USA	V4	primers removed before upload	Illumina HiSeq 2500	irritable bowel syndrome	Multi-omics profiles of the intestinal microbiome in irritable bowel syndrome and its bowel habit subtypes	IBS	
SRR18589002	PRJNA812699	IBS	1.0	22	female	19.1196785	USA	V4	primers removed before upload	Illumina HiSeq 2500	irritable bowel syndrome	Multi-omics profiles of the intestinal microbiome in irritable bowel syndrome and its bowel habit subtypes	IBS	
SRR18588311	PRJNA812699	IBS	1.0	19	male	24.20798874	USA	V4	primers removed before upload	Illumina HiSeq 2500	irritable bowel syndrome	Multi-omics profiles of the intestinal microbiome in irritable bowel syndrome and its bowel habit subtypes	IBS	
SRR18588325	PRJNA812699	healthy	0.0	20	female	27.74187851	USA	V4	primers removed before upload	Illumina HiSeq 2500	irritable bowel syndrome	Multi-omics profiles of the intestinal microbiome in irritable bowel syndrome and its bowel habit subtypes	IBS	
SRR18588328	PRJNA812699	healthy	0.0	32	female	29.88847923	USA	V4	primers removed before upload	Illumina HiSeq 2500	irritable bowel syndrome	Multi-omics profiles of the intestinal microbiome in irritable bowel syndrome and its bowel habit subtypes	IBS	
SRR18588332	PRJNA812699	healthy	0.0	27	male	27.71545982	USA	V4	primers removed before upload	Illumina HiSeq 2500	irritable bowel syndrome	Multi-omics profiles of the intestinal microbiome in irritable bowel syndrome and its bowel habit subtypes	IBS	
SRR18588333	PRJNA812699	healthy	0.0	32	male	34.79986572	USA	V4	primers removed before upload	Illumina HiSeq 2500	irritable bowel syndrome	Multi-omics profiles of the intestinal microbiome in irritable bowel syndrome and its bowel habit subtypes	IBS	
SRR18588358	PRJNA812699	healthy	0.0	24	male	22.89999962	USA	V4	primers removed before upload	Illumina HiSeq 2500	irritable bowel syndrome	Multi-omics profiles of the intestinal microbiome in irritable bowel syndrome and its bowel habit subtypes	IBS	
SRR18588360	PRJNA812699	IBS	1.0	26	female	25.2793064117432	USA	V4	primers removed before upload	Illumina HiSeq 2500	irritable bowel syndrome	Multi-omics profiles of the intestinal microbiome in irritable bowel syndrome and its bowel habit subtypes	IBS	
SRR18588361	PRJNA812699	IBS	1.0	24	female	32.94898987	USA	V4	primers removed before upload	Illumina HiSeq 2500	irritable bowel syndrome	Multi-omics profiles of the intestinal microbiome in irritable bowel syndrome and its bowel habit subtypes	IBS	
SRR18588362	PRJNA812699	IBS	1.0	23	female	24.50624275	USA	V4	primers removed before upload	Illumina HiSeq 2500	irritable bowel syndrome	Multi-omics profiles of the intestinal microbiome in irritable bowel syndrome and its bowel habit subtypes	IBS	
SRR18588371	PRJNA812699	IBS	1.0	35	female	20.3347110748291	USA	V4	primers removed before upload	Illumina HiSeq 2500	irritable bowel syndrome	Multi-omics profiles of the intestinal microbiome in irritable bowel syndrome and its bowel habit subtypes	IBS	
SRR18588387	PRJNA812699	IBS	1.0	40	female	30.6158580780029	USA	V4	primers removed before upload	Illumina HiSeq 2500	irritable bowel syndrome	Multi-omics profiles of the intestinal microbiome in irritable bowel syndrome and its bowel habit subtypes	IBS	
SRR18588389	PRJNA812699	IBS	1.0	33	female	24.14047813	USA	V4	primers removed before upload	Illumina HiSeq 2500	irritable bowel syndrome	Multi-omics profiles of the intestinal microbiome in irritable bowel syndrome and its bowel habit subtypes	IBS	
SRR18588417	PRJNA812699	healthy	0.0	31	male	20.5	USA	V4	primers removed before upload	Illumina HiSeq 2500	irritable bowel syndrome	Multi-omics profiles of the intestinal microbiome in irritable bowel syndrome and its bowel habit subtypes	IBS	
SRR18588421	PRJNA812699	healthy	0.0	31	female	22.8	USA	V4	primers removed before upload	Illumina HiSeq 2500	irritable bowel syndrome	Multi-omics profiles of the intestinal microbiome in irritable bowel syndrome and its bowel habit subtypes	IBS	
SRR18588425	PRJNA812699	healthy	0.0	38	female	24.9	USA	V4	primers removed before upload	Illumina HiSeq 2500	irritable bowel syndrome	Multi-omics profiles of the intestinal microbiome in irritable bowel syndrome and its bowel habit subtypes	IBS	
SRR18588436	PRJNA812699	healthy	0.0	38	female	23.4	USA	V4	primers removed before upload	Illumina HiSeq 2500	irritable bowel syndrome	Multi-omics profiles of the intestinal microbiome in irritable bowel syndrome and its bowel habit subtypes	IBS	
SRR18588437	PRJNA812699	healthy	0.0	35	female	25.3	USA	V4	primers removed before upload	Illumina HiSeq 2500	irritable bowel syndrome	Multi-omics profiles of the intestinal microbiome in irritable bowel syndrome and its bowel habit subtypes	IBS	
SRR18588438	PRJNA812699	IBS	1.0	22	female	20.7233562469482	USA	V4	primers removed before upload	Illumina HiSeq 2500	irritable bowel syndrome	Multi-omics profiles of the intestinal microbiome in irritable bowel syndrome and its bowel habit subtypes	IBS	
SRR18588445	PRJNA812699	IBS	1.0	25	female	20.8531494140625	USA	V4	primers removed before upload	Illumina HiSeq 2500	irritable bowel syndrome	Multi-omics profiles of the intestinal microbiome in irritable bowel syndrome and its bowel habit subtypes	IBS	
SRR18588449	PRJNA812699	healthy	0.0	42	male	29.1242866516113	USA	V4	primers removed before upload	Illumina HiSeq 2500	irritable bowel syndrome	Multi-omics profiles of the intestinal microbiome in irritable bowel syndrome and its bowel habit subtypes	IBS	
SRR18588455	PRJNA812699	IBS	1.0	20	female	23.1775455474854	USA	V4	primers removed before upload	Illumina HiSeq 2500	irritable bowel syndrome	Multi-omics profiles of the intestinal microbiome in irritable bowel syndrome and its bowel habit subtypes	IBS	
SRR18588482	PRJNA812699	healthy	0.0	23	male	30.6748828887939	USA	V4	primers removed before upload	Illumina HiSeq 2500	irritable bowel syndrome	Multi-omics profiles of the intestinal microbiome in irritable bowel syndrome and its bowel habit subtypes	IBS	
SRR18588496	PRJNA812699	healthy	0.0	30	female	32.34347153	USA	V4	primers removed before upload	Illumina HiSeq 2500	irritable bowel syndrome	Multi-omics profiles of the intestinal microbiome in irritable bowel syndrome and its bowel habit subtypes	IBS	
SRR18588509	PRJNA812699	IBS	1.0	19	female	20.96520805	USA	V4	primers removed before upload	Illumina HiSeq 2500	irritable bowel syndrome	Multi-omics profiles of the intestinal microbiome in irritable bowel syndrome and its bowel habit subtypes	IBS	
SRR18588514	PRJNA812699	IBS	1.0	20	female	20.78204727	USA	V4	primers removed before upload	Illumina HiSeq 2500	irritable bowel syndrome	Multi-omics profiles of the intestinal microbiome in irritable bowel syndrome and its bowel habit subtypes	IBS	
SRR18588519	PRJNA812699	healthy	0.0	22	female	18.80212975	USA	V4	primers removed before upload	Illumina HiSeq 2500	irritable bowel syndrome	Multi-omics profiles of the intestinal microbiome in irritable bowel syndrome and its bowel habit subtypes	IBS	
SRR18588521	PRJNA812699	healthy	0.0	31	female	24.53326607	USA	V4	primers removed before upload	Illumina HiSeq 2500	irritable bowel syndrome	Multi-omics profiles of the intestinal microbiome in irritable bowel syndrome and its bowel habit subtypes	IBS	
SRR18588551	PRJNA812699	healthy	0.0	20	male	22.64679718	USA	V4	primers removed before upload	Illumina HiSeq 2500	irritable bowel syndrome	Multi-omics profiles of the intestinal microbiome in irritable bowel syndrome and its bowel habit subtypes	IBS	
SRR18588556	PRJNA812699	healthy	0.0	27	female	18.92832947	USA	V4	primers removed before upload	Illumina HiSeq 2500	irritable bowel syndrome	Multi-omics profiles of the intestinal microbiome in irritable bowel syndrome and its bowel habit subtypes	IBS	
SRR18588566	PRJNA812699	IBS	1.0	20	female	21.98827744	USA	V4	primers removed before upload	Illumina HiSeq 2500	irritable bowel syndrome	Multi-omics profiles of the intestinal microbiome in irritable bowel syndrome and its bowel habit subtypes	IBS	
SRR18588576	PRJNA812699	healthy	0.0	24	female	19.05102539	USA	V4	primers removed before upload	Illumina HiSeq 2500	irritable bowel syndrome	Multi-omics profiles of the intestinal microbiome in irritable bowel syndrome and its bowel habit subtypes	IBS	
SRR18588594	PRJNA812699	IBS	1.0	31	female	19.5265674591064	USA	V4	primers removed before upload	Illumina HiSeq 2500	irritable bowel syndrome	Multi-omics profiles of the intestinal microbiome in irritable bowel syndrome and its bowel habit subtypes	IBS	
SRR18588595	PRJNA812699	IBS	1.0	25	male	21.98395348	USA	V4	primers removed before upload	Illumina HiSeq 2500	irritable bowel syndrome	Multi-omics profiles of the intestinal microbiome in irritable bowel syndrome and its bowel habit subtypes	IBS	
SRR18588601	PRJNA812699	IBS	1.0	20	female	26.0790329	USA	V4	primers removed before upload	Illumina HiSeq 2500	irritable bowel syndrome	Multi-omics profiles of the intestinal microbiome in irritable bowel syndrome and its bowel habit subtypes	IBS	
SRR18588607	PRJNA812699	IBS	1.0	56	female	0	USA	V4	primers removed before upload	Illumina HiSeq 2500	irritable bowel syndrome	Multi-omics profiles of the intestinal microbiome in irritable bowel syndrome and its bowel habit subtypes	IBS	
SRR18588611	PRJNA812699	healthy	0.0	18	male	23.55767441	USA	V4	primers removed before upload	Illumina HiSeq 2500	irritable bowel syndrome	Multi-omics profiles of the intestinal microbiome in irritable bowel syndrome and its bowel habit subtypes	IBS	
SRR18588626	PRJNA812699	IBS	1.0	48	female	34.36180496	USA	V4	primers removed before upload	Illumina HiSeq 2500	irritable bowel syndrome	Multi-omics profiles of the intestinal microbiome in irritable bowel syndrome and its bowel habit subtypes	IBS	
SRR18588627	PRJNA812699	IBS	1.0	52	male	25.46969604	USA	V4	primers removed before upload	Illumina HiSeq 2500	irritable bowel syndrome	Multi-omics profiles of the intestinal microbiome in irritable bowel syndrome and its bowel habit subtypes	IBS	
SRR18588641	PRJNA812699	IBS	1.0	21	female	21.28527832	USA	V4	primers removed before upload	Illumina HiSeq 2500	irritable bowel syndrome	Multi-omics profiles of the intestinal microbiome in irritable bowel syndrome and its bowel habit subtypes	IBS	
SRR18588643	PRJNA812699	IBS	1.0	32	female	19.41902351	USA	V4	primers removed before upload	Illumina HiSeq 2500	irritable bowel syndrome	Multi-omics profiles of the intestinal microbiome in irritable bowel syndrome and its bowel habit subtypes	IBS	
SRR18588649	PRJNA812699	healthy	0.0	18	female	22.09666252	USA	V4	primers removed before upload	Illumina HiSeq 2500	irritable bowel syndrome	Multi-omics profiles of the intestinal microbiome in irritable bowel syndrome and its bowel habit subtypes	IBS	
SRR18588654	PRJNA812699	IBS	1.0	18	female	25.33769608	USA	V4	primers removed before upload	Illumina HiSeq 2500	irritable bowel syndrome	Multi-omics profiles of the intestinal microbiome in irritable bowel syndrome and its bowel habit subtypes	IBS	
SRR18588661	PRJNA812699	healthy	0.0	28	female	21.10583305	USA	V4	primers removed before upload	Illumina HiSeq 2500	irritable bowel syndrome	Multi-omics profiles of the intestinal microbiome in irritable bowel syndrome and its bowel habit subtypes	IBS	
SRR18588669	PRJNA812699	healthy	0.0	20	female	20.90852356	USA	V4	primers removed before upload	Illumina HiSeq 2500	irritable bowel syndrome	Multi-omics profiles of the intestinal microbiome in irritable bowel syndrome and its bowel habit subtypes	IBS	
SRR18588675	PRJNA812699	healthy	0.0	38	male	21.5	USA	V4	primers removed before upload	Illumina HiSeq 2500	irritable bowel syndrome	Multi-omics profiles of the intestinal microbiome in irritable bowel syndrome and its bowel habit subtypes	IBS	
SRR18588679	PRJNA812699	healthy	0.0	32	female	24.5	USA	V4	primers removed before upload	Illumina HiSeq 2500	irritable bowel syndrome	Multi-omics profiles of the intestinal microbiome in irritable bowel syndrome and its bowel habit subtypes	IBS	
SRR18588684	PRJNA812699	healthy	0.0	60	male	33.14316559	USA	V4	primers removed before upload	Illumina HiSeq 2500	irritable bowel syndrome	Multi-omics profiles of the intestinal microbiome in irritable bowel syndrome and its bowel habit subtypes	IBS	
SRR18588785	PRJNA812699	healthy	0.0	34	female	35.6338005065918	USA	V4	primers removed before upload	Illumina HiSeq 2500	irritable bowel syndrome	Multi-omics profiles of the intestinal microbiome in irritable bowel syndrome and its bowel habit subtypes	IBS	
SRR18588791	PRJNA812699	IBS	1.0	49	male	23.0549774169922	USA	V4	primers removed before upload	Illumina HiSeq 2500	irritable bowel syndrome	Multi-omics profiles of the intestinal microbiome in irritable bowel syndrome and its bowel habit subtypes	IBS	
SRR18588800	PRJNA812699	IBS	1.0	28	female	22.81163216	USA	V4	primers removed before upload	Illumina HiSeq 2500	irritable bowel syndrome	Multi-omics profiles of the intestinal microbiome in irritable bowel syndrome and its bowel habit subtypes	IBS	
SRR18588802	PRJNA812699	IBS	1.0	21	female	20.84859467	USA	V4	primers removed before upload	Illumina HiSeq 2500	irritable bowel syndrome	Multi-omics profiles of the intestinal microbiome in irritable bowel syndrome and its bowel habit subtypes	IBS	
SRR18588803	PRJNA812699	healthy	0.0	46	female	21.1105957	USA	V4	primers removed before upload	Illumina HiSeq 2500	irritable bowel syndrome	Multi-omics profiles of the intestinal microbiome in irritable bowel syndrome and its bowel habit subtypes	IBS	
SRR18588817	PRJNA812699	IBS	1.0	28	female	23.52738953	USA	V4	primers removed before upload	Illumina HiSeq 2500	irritable bowel syndrome	Multi-omics profiles of the intestinal microbiome in irritable bowel syndrome and its bowel habit subtypes	IBS	
SRR18588821	PRJNA812699	IBS	1.0	21	male	22.54195023	USA	V4	primers removed before upload	Illumina HiSeq 2500	irritable bowel syndrome	Multi-omics profiles of the intestinal microbiome in irritable bowel syndrome and its bowel habit subtypes	IBS	
SRR18588618	PRJNA812699	IBS	1.0	22	female	21	USA	V4	primers removed before upload	Illumina HiSeq 2500	irritable bowel syndrome	Multi-omics profiles of the intestinal microbiome in irritable bowel syndrome and its bowel habit subtypes	IBS	
SRR18589011	PRJNA812699	IBS	1.0	33	female	22	USA	V4	primers removed before upload	Illumina HiSeq 2500	irritable bowel syndrome	Multi-omics profiles of the intestinal microbiome in irritable bowel syndrome and its bowel habit subtypes	IBS	
SRR18589014	PRJNA812699	IBS	1.0	46	female	21	USA	V4	primers removed before upload	Illumina HiSeq 2500	irritable bowel syndrome	Multi-omics profiles of the intestinal microbiome in irritable bowel syndrome and its bowel habit subtypes	IBS	
SRR18588942	PRJNA812699	healthy	0.0	23	female	33.78305435	USA	V4	primers removed before upload	Illumina HiSeq 2500	irritable bowel syndrome	Multi-omics profiles of the intestinal microbiome in irritable bowel syndrome and its bowel habit subtypes	IBS	
SRR18588945	PRJNA812699	healthy	0.0	27	female	25.38611031	USA	V4	primers removed before upload	Illumina HiSeq 2500	irritable bowel syndrome	Multi-omics profiles of the intestinal microbiome in irritable bowel syndrome and its bowel habit subtypes	IBS	
SRR18588948	PRJNA812699	healthy	0.0	34	female	38.54783249	USA	V4	primers removed before upload	Illumina HiSeq 2500	irritable bowel syndrome	Multi-omics profiles of the intestinal microbiome in irritable bowel syndrome and its bowel habit subtypes	IBS	
SRR18588949	PRJNA812699	healthy	0.0	28	female	31.8820858	USA	V4	primers removed before upload	Illumina HiSeq 2500	irritable bowel syndrome	Multi-omics profiles of the intestinal microbiome in irritable bowel syndrome and its bowel habit subtypes	IBS	
SRR18588950	PRJNA812699	healthy	0.0	39	female	36.23616028	USA	V4	primers removed before upload	Illumina HiSeq 2500	irritable bowel syndrome	Multi-omics profiles of the intestinal microbiome in irritable bowel syndrome and its bowel habit subtypes	IBS	
SRR18588955	PRJNA812699	healthy	0.0	54	female	28.23571205	USA	V4	primers removed before upload	Illumina HiSeq 2500	irritable bowel syndrome	Multi-omics profiles of the intestinal microbiome in irritable bowel syndrome and its bowel habit subtypes	IBS	
SRR18588957	PRJNA812699	healthy	0.0	47	female	40.71918869	USA	V4	primers removed before upload	Illumina HiSeq 2500	irritable bowel syndrome	Multi-omics profiles of the intestinal microbiome in irritable bowel syndrome and its bowel habit subtypes	IBS	
SRR18588959	PRJNA812699	healthy	0.0	21	female	27.1367569	USA	V4	primers removed before upload	Illumina HiSeq 2500	irritable bowel syndrome	Multi-omics profiles of the intestinal microbiome in irritable bowel syndrome and its bowel habit subtypes	IBS	
SRR18588960	PRJNA812699	healthy	0.0	21	male	24.7988567352295	USA	V4	primers removed before upload	Illumina HiSeq 2500	irritable bowel syndrome	Multi-omics profiles of the intestinal microbiome in irritable bowel syndrome and its bowel habit subtypes	IBS	
SRR18588964	PRJNA812699	IBS	1.0	36	female	16.28692436	USA	V4	primers removed before upload	Illumina HiSeq 2500	irritable bowel syndrome	Multi-omics profiles of the intestinal microbiome in irritable bowel syndrome and its bowel habit subtypes	IBS	
SRR18588968	PRJNA812699	healthy	0.0	52	male	37.67917252	USA	V4	primers removed before upload	Illumina HiSeq 2500	irritable bowel syndrome	Multi-omics profiles of the intestinal microbiome in irritable bowel syndrome and its bowel habit subtypes	IBS	
SRR18588637	PRJNA812699	healthy	0.0	24	male	31.22755241	USA	V4	primers removed before upload	Illumina HiSeq 2500	irritable bowel syndrome	Multi-omics profiles of the intestinal microbiome in irritable bowel syndrome and its bowel habit subtypes	IBS	
SRR18588288	PRJNA812699	healthy	0.0	30	female	32.02555466	USA	V4	primers removed before upload	Illumina HiSeq 2500	irritable bowel syndrome	Multi-omics profiles of the intestinal microbiome in irritable bowel syndrome and its bowel habit subtypes	IBS	
SRR18588995	PRJNA812699	IBS	1.0	37	female	31.9050159454346	USA	V4	primers removed before upload	Illumina HiSeq 2500	irritable bowel syndrome	Multi-omics profiles of the intestinal microbiome in irritable bowel syndrome and its bowel habit subtypes	IBS	
SRR18589010	PRJNA812699	IBS	1.0	49	female	25	USA	V4	primers removed before upload	Illumina HiSeq 2500	irritable bowel syndrome	Multi-omics profiles of the intestinal microbiome in irritable bowel syndrome and its bowel habit subtypes	IBS	
SRR18589023	PRJNA812699	IBS	1.0	19	female	23.38494873	USA	V4	primers removed before upload	Illumina HiSeq 2500	irritable bowel syndrome	Multi-omics profiles of the intestinal microbiome in irritable bowel syndrome and its bowel habit subtypes	IBS	
SRR18589025	PRJNA812699	IBS	1.0	39	male	28.54291153	USA	V4	primers removed before upload	Illumina HiSeq 2500	irritable bowel syndrome	Multi-omics profiles of the intestinal microbiome in irritable bowel syndrome and its bowel habit subtypes	IBS	
SRR18589030	PRJNA812699	IBS	1.0	22	female	19.04361725	USA	V4	primers removed before upload	Illumina HiSeq 2500	irritable bowel syndrome	Multi-omics profiles of the intestinal microbiome in irritable bowel syndrome and its bowel habit subtypes	IBS	
SRR18589032	PRJNA812699	IBS	1.0	22	female	24.60803413	USA	V4	primers removed before upload	Illumina HiSeq 2500	irritable bowel syndrome	Multi-omics profiles of the intestinal microbiome in irritable bowel syndrome and its bowel habit subtypes	IBS	
SRR18589034	PRJNA812699	IBS	1.0	25	female	20.97166061	USA	V4	primers removed before upload	Illumina HiSeq 2500	irritable bowel syndrome	Multi-omics profiles of the intestinal microbiome in irritable bowel syndrome and its bowel habit subtypes	IBS	
SRR18589037	PRJNA812699	IBS	1.0	53	female	24.65561676	USA	V4	primers removed before upload	Illumina HiSeq 2500	irritable bowel syndrome	Multi-omics profiles of the intestinal microbiome in irritable bowel syndrome and its bowel habit subtypes	IBS	
SRR18589038	PRJNA812699	IBS	1.0	21	male	25.03307343	USA	V4	primers removed before upload	Illumina HiSeq 2500	irritable bowel syndrome	Multi-omics profiles of the intestinal microbiome in irritable bowel syndrome and its bowel habit subtypes	IBS	
SRR18589044	PRJNA812699	IBS	1.0	19	female	21.48055649	USA	V4	primers removed before upload	Illumina HiSeq 2500	irritable bowel syndrome	Multi-omics profiles of the intestinal microbiome in irritable bowel syndrome and its bowel habit subtypes	IBS	
SRR18589045	PRJNA812699	IBS	1.0	20	female	20.92132187	USA	V4	primers removed before upload	Illumina HiSeq 2500	irritable bowel syndrome	Multi-omics profiles of the intestinal microbiome in irritable bowel syndrome and its bowel habit subtypes	IBS	
SRR18589057	PRJNA812699	IBS	1.0	25	female	17.41913414	USA	V4	primers removed before upload	Illumina HiSeq 2500	irritable bowel syndrome	Multi-omics profiles of the intestinal microbiome in irritable bowel syndrome and its bowel habit subtypes	IBS	
SRR18589058	PRJNA812699	IBS	1.0	18	female	29.9502964	USA	V4	primers removed before upload	Illumina HiSeq 2500	irritable bowel syndrome	Multi-omics profiles of the intestinal microbiome in irritable bowel syndrome and its bowel habit subtypes	IBS	
SRR18589066	PRJNA812699	IBS	1.0	28	female	21.29150963	USA	V4	primers removed before upload	Illumina HiSeq 2500	irritable bowel syndrome	Multi-omics profiles of the intestinal microbiome in irritable bowel syndrome and its bowel habit subtypes	IBS	
SRR18589076	PRJNA812699	IBS	1.0	31	male	25.22973633	USA	V4	primers removed before upload	Illumina HiSeq 2500	irritable bowel syndrome	Multi-omics profiles of the intestinal microbiome in irritable bowel syndrome and its bowel habit subtypes	IBS	
SRR18589094	PRJNA812699	IBS	1.0	25	male	29.45112419	USA	V4	primers removed before upload	Illumina HiSeq 2500	irritable bowel syndrome	Multi-omics profiles of the intestinal microbiome in irritable bowel syndrome and its bowel habit subtypes	IBS	
SRR18588353	PRJNA812699	IBS	1.0	48	female	22.01007843	USA	V4	primers removed before upload	Illumina HiSeq 2500	irritable bowel syndrome	Multi-omics profiles of the intestinal microbiome in irritable bowel syndrome and its bowel habit subtypes	IBS	
SRR18588266	PRJNA812699	IBS	1.0	21	female	26.60288048	USA	V4	primers removed before upload	Illumina HiSeq 2500	irritable bowel syndrome	Multi-omics profiles of the intestinal microbiome in irritable bowel syndrome and its bowel habit subtypes	IBS	
SRR18589006	PRJNA812699	IBS	1.0	57	female	26	USA	V4	primers removed before upload	Illumina HiSeq 2500	irritable bowel syndrome	Multi-omics profiles of the intestinal microbiome in irritable bowel syndrome and its bowel habit subtypes	IBS	
SRR18588326	PRJNA812699	healthy	0.0	20	female	35.11959457	USA	V4	primers removed before upload	Illumina HiSeq 2500	irritable bowel syndrome	Multi-omics profiles of the intestinal microbiome in irritable bowel syndrome and its bowel habit subtypes	IBS	
SRR18588341	PRJNA812699	healthy	0.0	19	female	33.38645935	USA	V4	primers removed before upload	Illumina HiSeq 2500	irritable bowel syndrome	Multi-omics profiles of the intestinal microbiome in irritable bowel syndrome and its bowel habit subtypes	IBS	
SRR18588345	PRJNA812699	healthy	0.0	23	male	26.99459076	USA	V4	primers removed before upload	Illumina HiSeq 2500	irritable bowel syndrome	Multi-omics profiles of the intestinal microbiome in irritable bowel syndrome and its bowel habit subtypes	IBS	
SRR18588350	PRJNA812699	healthy	0.0	21	female	32.49370575	USA	V4	primers removed before upload	Illumina HiSeq 2500	irritable bowel syndrome	Multi-omics profiles of the intestinal microbiome in irritable bowel syndrome and its bowel habit subtypes	IBS	
SRR18588352	PRJNA812699	healthy	0.0	32	male	37.23487473	USA	V4	primers removed before upload	Illumina HiSeq 2500	irritable bowel syndrome	Multi-omics profiles of the intestinal microbiome in irritable bowel syndrome and its bowel habit subtypes	IBS	
SRR18588364	PRJNA812699	IBS	1.0	50	female	37.8345871	USA	V4	primers removed before upload	Illumina HiSeq 2500	irritable bowel syndrome	Multi-omics profiles of the intestinal microbiome in irritable bowel syndrome and its bowel habit subtypes	IBS	
SRR18588369	PRJNA812699	IBS	1.0	36	female	20.54623413	USA	V4	primers removed before upload	Illumina HiSeq 2500	irritable bowel syndrome	Multi-omics profiles of the intestinal microbiome in irritable bowel syndrome and its bowel habit subtypes	IBS	
SRR18588370	PRJNA812699	IBS	1.0	45	female	19.54084778	USA	V4	primers removed before upload	Illumina HiSeq 2500	irritable bowel syndrome	Multi-omics profiles of the intestinal microbiome in irritable bowel syndrome and its bowel habit subtypes	IBS	
SRR18588383	PRJNA812699	IBS	1.0	25	female	25	USA	V4	primers removed before upload	Illumina HiSeq 2500	irritable bowel syndrome	Multi-omics profiles of the intestinal microbiome in irritable bowel syndrome and its bowel habit subtypes	IBS	
SRR18588390	PRJNA812699	IBS	1.0	21	male	25.01492119	USA	V4	primers removed before upload	Illumina HiSeq 2500	irritable bowel syndrome	Multi-omics profiles of the intestinal microbiome in irritable bowel syndrome and its bowel habit subtypes	IBS	
SRR18588397	PRJNA812699	healthy	0.0	52	male	29.26582527	USA	V4	primers removed before upload	Illumina HiSeq 2500	irritable bowel syndrome	Multi-omics profiles of the intestinal microbiome in irritable bowel syndrome and its bowel habit subtypes	IBS	
SRR18588401	PRJNA812699	IBS	1.0	40	female	28.3391551971436	USA	V4	primers removed before upload	Illumina HiSeq 2500	irritable bowel syndrome	Multi-omics profiles of the intestinal microbiome in irritable bowel syndrome and its bowel habit subtypes	IBS	
SRR18588405	PRJNA812699	IBS	1.0	29	female	20.63242531	USA	V4	primers removed before upload	Illumina HiSeq 2500	irritable bowel syndrome	Multi-omics profiles of the intestinal microbiome in irritable bowel syndrome and its bowel habit subtypes	IBS	
SRR18588416	PRJNA812699	IBS	1.0	18	female	20	USA	V4	primers removed before upload	Illumina HiSeq 2500	irritable bowel syndrome	Multi-omics profiles of the intestinal microbiome in irritable bowel syndrome and its bowel habit subtypes	IBS	
SRR18588419	PRJNA812699	healthy	0.0	40	male	23.9	USA	V4	primers removed before upload	Illumina HiSeq 2500	irritable bowel syndrome	Multi-omics profiles of the intestinal microbiome in irritable bowel syndrome and its bowel habit subtypes	IBS	
SRR18588420	PRJNA812699	healthy	0.0	38	male	20.9	USA	V4	primers removed before upload	Illumina HiSeq 2500	irritable bowel syndrome	Multi-omics profiles of the intestinal microbiome in irritable bowel syndrome and its bowel habit subtypes	IBS	
SRR18588422	PRJNA812699	healthy	0.0	38	female	20.8	USA	V4	primers removed before upload	Illumina HiSeq 2500	irritable bowel syndrome	Multi-omics profiles of the intestinal microbiome in irritable bowel syndrome and its bowel habit subtypes	IBS	
SRR18588435	PRJNA812699	healthy	0.0	30	male	26.8	USA	V4	primers removed before upload	Illumina HiSeq 2500	irritable bowel syndrome	Multi-omics profiles of the intestinal microbiome in irritable bowel syndrome and its bowel habit subtypes	IBS	
SRR18588448	PRJNA812699	healthy	0.0	22	male	35.0126953125	USA	V4	primers removed before upload	Illumina HiSeq 2500	irritable bowel syndrome	Multi-omics profiles of the intestinal microbiome in irritable bowel syndrome and its bowel habit subtypes	IBS	
SRR18588451	PRJNA812699	IBS	1.0	39	male	22.99549675	USA	V4	primers removed before upload	Illumina HiSeq 2500	irritable bowel syndrome	Multi-omics profiles of the intestinal microbiome in irritable bowel syndrome and its bowel habit subtypes	IBS	
SRR18588452	PRJNA812699	healthy	0.0	37	female	38.8252944946289	USA	V4	primers removed before upload	Illumina HiSeq 2500	irritable bowel syndrome	Multi-omics profiles of the intestinal microbiome in irritable bowel syndrome and its bowel habit subtypes	IBS	
SRR18588453	PRJNA812699	healthy	0.0	32	male	37.563850402832	USA	V4	primers removed before upload	Illumina HiSeq 2500	irritable bowel syndrome	Multi-omics profiles of the intestinal microbiome in irritable bowel syndrome and its bowel habit subtypes	IBS	
SRR18588456	PRJNA812699	IBS	1.0	23	female	20.2890243530273	USA	V4	primers removed before upload	Illumina HiSeq 2500	irritable bowel syndrome	Multi-omics profiles of the intestinal microbiome in irritable bowel syndrome and its bowel habit subtypes	IBS	
SRR18588469	PRJNA812699	healthy	0.0	22	female	39.49578857	USA	V4	primers removed before upload	Illumina HiSeq 2500	irritable bowel syndrome	Multi-omics profiles of the intestinal microbiome in irritable bowel syndrome and its bowel habit subtypes	IBS	
SRR18588472	PRJNA812699	healthy	0.0	28	female	27.18821144	USA	V4	primers removed before upload	Illumina HiSeq 2500	irritable bowel syndrome	Multi-omics profiles of the intestinal microbiome in irritable bowel syndrome and its bowel habit subtypes	IBS	
SRR18588486	PRJNA812699	healthy	0.0	45	female	27.38489151	USA	V4	primers removed before upload	Illumina HiSeq 2500	irritable bowel syndrome	Multi-omics profiles of the intestinal microbiome in irritable bowel syndrome and its bowel habit subtypes	IBS	
SRR18588491	PRJNA812699	healthy	0.0	41	female	42.06295395	USA	V4	primers removed before upload	Illumina HiSeq 2500	irritable bowel syndrome	Multi-omics profiles of the intestinal microbiome in irritable bowel syndrome and its bowel habit subtypes	IBS	
SRR18588497	PRJNA812699	healthy	0.0	28	male	29.52478218	USA	V4	primers removed before upload	Illumina HiSeq 2500	irritable bowel syndrome	Multi-omics profiles of the intestinal microbiome in irritable bowel syndrome and its bowel habit subtypes	IBS	
SRR18588506	PRJNA812699	IBS	1.0	50	male	29.28473282	USA	V4	primers removed before upload	Illumina HiSeq 2500	irritable bowel syndrome	Multi-omics profiles of the intestinal microbiome in irritable bowel syndrome and its bowel habit subtypes	IBS	
SRR18588507	PRJNA812699	healthy	0.0	21	male	29.73722076	USA	V4	primers removed before upload	Illumina HiSeq 2500	irritable bowel syndrome	Multi-omics profiles of the intestinal microbiome in irritable bowel syndrome and its bowel habit subtypes	IBS	
SRR18588508	PRJNA812699	IBS	1.0	34	female	24.79717827	USA	V4	primers removed before upload	Illumina HiSeq 2500	irritable bowel syndrome	Multi-omics profiles of the intestinal microbiome in irritable bowel syndrome and its bowel habit subtypes	IBS	
SRR18588520	PRJNA812699	IBS	1.0	23	female	23.29467392	USA	V4	primers removed before upload	Illumina HiSeq 2500	irritable bowel syndrome	Multi-omics profiles of the intestinal microbiome in irritable bowel syndrome and its bowel habit subtypes	IBS	
SRR18588522	PRJNA812699	healthy	0.0	24	female	26.09117889	USA	V4	primers removed before upload	Illumina HiSeq 2500	irritable bowel syndrome	Multi-omics profiles of the intestinal microbiome in irritable bowel syndrome and its bowel habit subtypes	IBS	
SRR18588534	PRJNA812699	IBS	1.0	24	female	27	USA	V4	primers removed before upload	Illumina HiSeq 2500	irritable bowel syndrome	Multi-omics profiles of the intestinal microbiome in irritable bowel syndrome and its bowel habit subtypes	IBS	
SRR18588558	PRJNA812699	IBS	1.0	28	female	21.11687279	USA	V4	primers removed before upload	Illumina HiSeq 2500	irritable bowel syndrome	Multi-omics profiles of the intestinal microbiome in irritable bowel syndrome and its bowel habit subtypes	IBS	
SRR18588562	PRJNA812699	healthy	0.0	24	male	27.36135483	USA	V4	primers removed before upload	Illumina HiSeq 2500	irritable bowel syndrome	Multi-omics profiles of the intestinal microbiome in irritable bowel syndrome and its bowel habit subtypes	IBS	
SRR18588570	PRJNA812699	IBS	1.0	24	female	18.79260445	USA	V4	primers removed before upload	Illumina HiSeq 2500	irritable bowel syndrome	Multi-omics profiles of the intestinal microbiome in irritable bowel syndrome and its bowel habit subtypes	IBS	
SRR18588571	PRJNA812699	IBS	1.0	23	male	25.4954662322998	USA	V4	primers removed before upload	Illumina HiSeq 2500	irritable bowel syndrome	Multi-omics profiles of the intestinal microbiome in irritable bowel syndrome and its bowel habit subtypes	IBS	
SRR18588573	PRJNA812699	healthy	0.0	26	male	26.01734924	USA	V4	primers removed before upload	Illumina HiSeq 2500	irritable bowel syndrome	Multi-omics profiles of the intestinal microbiome in irritable bowel syndrome and its bowel habit subtypes	IBS	
SRR18588574	PRJNA812699	IBS	1.0	26	female	19.96686363	USA	V4	primers removed before upload	Illumina HiSeq 2500	irritable bowel syndrome	Multi-omics profiles of the intestinal microbiome in irritable bowel syndrome and its bowel habit subtypes	IBS	
SRR18588608	PRJNA812699	IBS	1.0	21	female	25	USA	V4	primers removed before upload	Illumina HiSeq 2500	irritable bowel syndrome	Multi-omics profiles of the intestinal microbiome in irritable bowel syndrome and its bowel habit subtypes	IBS	
SRR18588610	PRJNA812699	IBS	1.0	20	female	24.34958458	USA	V4	primers removed before upload	Illumina HiSeq 2500	irritable bowel syndrome	Multi-omics profiles of the intestinal microbiome in irritable bowel syndrome and its bowel habit subtypes	IBS	
SRR18588614	PRJNA812699	IBS	1.0	60	female	26	USA	V4	primers removed before upload	Illumina HiSeq 2500	irritable bowel syndrome	Multi-omics profiles of the intestinal microbiome in irritable bowel syndrome and its bowel habit subtypes	IBS	
SRR18588619	PRJNA812699	IBS	1.0	23	female	19	USA	V4	primers removed before upload	Illumina HiSeq 2500	irritable bowel syndrome	Multi-omics profiles of the intestinal microbiome in irritable bowel syndrome and its bowel habit subtypes	IBS	
SRR18588623	PRJNA812699	IBS	1.0	57	female	24	USA	V4	primers removed before upload	Illumina HiSeq 2500	irritable bowel syndrome	Multi-omics profiles of the intestinal microbiome in irritable bowel syndrome and its bowel habit subtypes	IBS	
SRR18588624	PRJNA812699	IBS	1.0	29	male	26.4674015045166	USA	V4	primers removed before upload	Illumina HiSeq 2500	irritable bowel syndrome	Multi-omics profiles of the intestinal microbiome in irritable bowel syndrome and its bowel habit subtypes	IBS	
SRR18588625	PRJNA812699	IBS	1.0	46	female	23.45261955	USA	V4	primers removed before upload	Illumina HiSeq 2500	irritable bowel syndrome	Multi-omics profiles of the intestinal microbiome in irritable bowel syndrome and its bowel habit subtypes	IBS	
SRR18588635	PRJNA812699	IBS	1.0	20	female	25.74462890625	USA	V4	primers removed before upload	Illumina HiSeq 2500	irritable bowel syndrome	Multi-omics profiles of the intestinal microbiome in irritable bowel syndrome and its bowel habit subtypes	IBS	
SRR18588639	PRJNA812699	IBS	1.0	24	female	21.14167976	USA	V4	primers removed before upload	Illumina HiSeq 2500	irritable bowel syndrome	Multi-omics profiles of the intestinal microbiome in irritable bowel syndrome and its bowel habit subtypes	IBS	
SRR18588652	PRJNA812699	healthy	0.0	38	female	23.23849869	USA	V4	primers removed before upload	Illumina HiSeq 2500	irritable bowel syndrome	Multi-omics profiles of the intestinal microbiome in irritable bowel syndrome and its bowel habit subtypes	IBS	
SRR18588667	PRJNA812699	healthy	0.0	18	female	21.21985817	USA	V4	primers removed before upload	Illumina HiSeq 2500	irritable bowel syndrome	Multi-omics profiles of the intestinal microbiome in irritable bowel syndrome and its bowel habit subtypes	IBS	
SRR18588668	PRJNA812699	healthy	0.0	20	female	22.70000076	USA	V4	primers removed before upload	Illumina HiSeq 2500	irritable bowel syndrome	Multi-omics profiles of the intestinal microbiome in irritable bowel syndrome and its bowel habit subtypes	IBS	
SRR18588677	PRJNA812699	healthy	0.0	38	female	20	USA	V4	primers removed before upload	Illumina HiSeq 2500	irritable bowel syndrome	Multi-omics profiles of the intestinal microbiome in irritable bowel syndrome and its bowel habit subtypes	IBS	
SRR18588715	PRJNA812699	IBS	1.0	19	female	23.56089973	USA	V4	primers removed before upload	Illumina HiSeq 2500	irritable bowel syndrome	Multi-omics profiles of the intestinal microbiome in irritable bowel syndrome and its bowel habit subtypes	IBS	
SRR18588783	PRJNA812699	healthy	0.0	22	female	30.1899719238281	USA	V4	primers removed before upload	Illumina HiSeq 2500	irritable bowel syndrome	Multi-omics profiles of the intestinal microbiome in irritable bowel syndrome and its bowel habit subtypes	IBS	
SRR18588786	PRJNA812699	IBS	1.0	39	male	30.0405406951904	USA	V4	primers removed before upload	Illumina HiSeq 2500	irritable bowel syndrome	Multi-omics profiles of the intestinal microbiome in irritable bowel syndrome and its bowel habit subtypes	IBS	
SRR18588797	PRJNA812699	IBS	1.0	25	male	24.2741127	USA	V4	primers removed before upload	Illumina HiSeq 2500	irritable bowel syndrome	Multi-omics profiles of the intestinal microbiome in irritable bowel syndrome and its bowel habit subtypes	IBS	
SRR18588806	PRJNA812699	IBS	1.0	23	female	26.54494095	USA	V4	primers removed before upload	Illumina HiSeq 2500	irritable bowel syndrome	Multi-omics profiles of the intestinal microbiome in irritable bowel syndrome and its bowel habit subtypes	IBS	
SRR18588811	PRJNA812699	IBS	1.0	30	female	34.46912003	USA	V4	primers removed before upload	Illumina HiSeq 2500	irritable bowel syndrome	Multi-omics profiles of the intestinal microbiome in irritable bowel syndrome and its bowel habit subtypes	IBS	
SRR18588813	PRJNA812699	IBS	1.0	22	female	24.14343452	USA	V4	primers removed before upload	Illumina HiSeq 2500	irritable bowel syndrome	Multi-omics profiles of the intestinal microbiome in irritable bowel syndrome and its bowel habit subtypes	IBS	
SRR18588822	PRJNA812699	healthy	0.0	35	female	23.04277802	USA	V4	primers removed before upload	Illumina HiSeq 2500	irritable bowel syndrome	Multi-omics profiles of the intestinal microbiome in irritable bowel syndrome and its bowel habit subtypes	IBS	
SRR18588828	PRJNA812699	IBS	1.0	33	female	30.0727787	USA	V4	primers removed before upload	Illumina HiSeq 2500	irritable bowel syndrome	Multi-omics profiles of the intestinal microbiome in irritable bowel syndrome and its bowel habit subtypes	IBS	
SRR18588832	PRJNA812699	healthy	0.0	20	female	20.92132187	USA	V4	primers removed before upload	Illumina HiSeq 2500	irritable bowel syndrome	Multi-omics profiles of the intestinal microbiome in irritable bowel syndrome and its bowel habit subtypes	IBS	
SRR18588860	PRJNA812699	IBS	1.0	23	female	20	USA	V4	primers removed before upload	Illumina HiSeq 2500	irritable bowel syndrome	Multi-omics profiles of the intestinal microbiome in irritable bowel syndrome and its bowel habit subtypes	IBS	
SRR18588905	PRJNA812699	healthy	0.0	57	female	19.59297371	USA	V4	primers removed before upload	Illumina HiSeq 2500	irritable bowel syndrome	Multi-omics profiles of the intestinal microbiome in irritable bowel syndrome and its bowel habit subtypes	IBS	
SRR18588933	PRJNA812699	healthy	0.0	47	male	30.39863014	USA	V4	primers removed before upload	Illumina HiSeq 2500	irritable bowel syndrome	Multi-omics profiles of the intestinal microbiome in irritable bowel syndrome and its bowel habit subtypes	IBS	
SRR18588935	PRJNA812699	healthy	0.0	48	female	29.40923691	USA	V4	primers removed before upload	Illumina HiSeq 2500	irritable bowel syndrome	Multi-omics profiles of the intestinal microbiome in irritable bowel syndrome and its bowel habit subtypes	IBS	
SRR18588947	PRJNA812699	healthy	0.0	20	female	30.30980873	USA	V4	primers removed before upload	Illumina HiSeq 2500	irritable bowel syndrome	Multi-omics profiles of the intestinal microbiome in irritable bowel syndrome and its bowel habit subtypes	IBS	
SRR18588954	PRJNA812699	healthy	0.0	50	female	29.27552605	USA	V4	primers removed before upload	Illumina HiSeq 2500	irritable bowel syndrome	Multi-omics profiles of the intestinal microbiome in irritable bowel syndrome and its bowel habit subtypes	IBS	
SRR18588969	PRJNA812699	healthy	0.0	38	female	37.30801392	USA	V4	primers removed before upload	Illumina HiSeq 2500	irritable bowel syndrome	Multi-omics profiles of the intestinal microbiome in irritable bowel syndrome and its bowel habit subtypes	IBS	
SRR18588973	PRJNA812699	healthy	0.0	24	male	25.9389019	USA	V4	primers removed before upload	Illumina HiSeq 2500	irritable bowel syndrome	Multi-omics profiles of the intestinal microbiome in irritable bowel syndrome and its bowel habit subtypes	IBS	
SRR18589005	PRJNA812699	IBS	1.0	24	female	29	USA	V4	primers removed before upload	Illumina HiSeq 2500	irritable bowel syndrome	Multi-omics profiles of the intestinal microbiome in irritable bowel syndrome and its bowel habit subtypes	IBS	
SRR18589009	PRJNA812699	IBS	1.0	28	female	22.06948853	USA	V4	primers removed before upload	Illumina HiSeq 2500	irritable bowel syndrome	Multi-omics profiles of the intestinal microbiome in irritable bowel syndrome and its bowel habit subtypes	IBS	
SRR18589013	PRJNA812699	IBS	1.0	24	female	23	USA	V4	primers removed before upload	Illumina HiSeq 2500	irritable bowel syndrome	Multi-omics profiles of the intestinal microbiome in irritable bowel syndrome and its bowel habit subtypes	IBS	
SRR18589022	PRJNA812699	IBS	1.0	30	female	24.21849442	USA	V4	primers removed before upload	Illumina HiSeq 2500	irritable bowel syndrome	Multi-omics profiles of the intestinal microbiome in irritable bowel syndrome and its bowel habit subtypes	IBS	
SRR18589026	PRJNA812699	healthy	0.0	30	male	22.94001007	USA	V4	primers removed before upload	Illumina HiSeq 2500	irritable bowel syndrome	Multi-omics profiles of the intestinal microbiome in irritable bowel syndrome and its bowel habit subtypes	IBS	
SRR18589028	PRJNA812699	IBS	1.0	18	female	22.59412384	USA	V4	primers removed before upload	Illumina HiSeq 2500	irritable bowel syndrome	Multi-omics profiles of the intestinal microbiome in irritable bowel syndrome and its bowel habit subtypes	IBS	
SRR18589035	PRJNA812699	IBS	1.0	27	male	28.85408211	USA	V4	primers removed before upload	Illumina HiSeq 2500	irritable bowel syndrome	Multi-omics profiles of the intestinal microbiome in irritable bowel syndrome and its bowel habit subtypes	IBS	
SRR18589048	PRJNA812699	IBS	1.0	25	female	27.98100853	USA	V4	primers removed before upload	Illumina HiSeq 2500	irritable bowel syndrome	Multi-omics profiles of the intestinal microbiome in irritable bowel syndrome and its bowel habit subtypes	IBS	
SRR18589056	PRJNA812699	IBS	1.0	51	female	27.98538589	USA	V4	primers removed before upload	Illumina HiSeq 2500	irritable bowel syndrome	Multi-omics profiles of the intestinal microbiome in irritable bowel syndrome and its bowel habit subtypes	IBS	
SRR18589065	PRJNA812699	IBS	1.0	31	male	24.25864792	USA	V4	primers removed before upload	Illumina HiSeq 2500	irritable bowel syndrome	Multi-omics profiles of the intestinal microbiome in irritable bowel syndrome and its bowel habit subtypes	IBS	
SRR18588666	PRJNA812699	healthy	0.0	32	female	20.63242531	USA	V4	primers removed before upload	Illumina HiSeq 2500	irritable bowel syndrome	Multi-omics profiles of the intestinal microbiome in irritable bowel syndrome and its bowel habit subtypes	IBS	
SRR18589000	PRJNA812699	IBS	1.0	45	female	24	USA	V4	primers removed before upload	Illumina HiSeq 2500	irritable bowel syndrome	Multi-omics profiles of the intestinal microbiome in irritable bowel syndrome and its bowel habit subtypes	IBS	
SRR18588327	PRJNA812699	IBS	1.0	27	female	35.01269531	USA	V4	primers removed before upload	Illumina HiSeq 2500	irritable bowel syndrome	Multi-omics profiles of the intestinal microbiome in irritable bowel syndrome and its bowel habit subtypes	IBS	
SRR18588330	PRJNA812699	healthy	0.0	33	female	25.27993011	USA	V4	primers removed before upload	Illumina HiSeq 2500	irritable bowel syndrome	Multi-omics profiles of the intestinal microbiome in irritable bowel syndrome and its bowel habit subtypes	IBS	
SRR18588337	PRJNA812699	healthy	0.0	27	female	24.3821907	USA	V4	primers removed before upload	Illumina HiSeq 2500	irritable bowel syndrome	Multi-omics profiles of the intestinal microbiome in irritable bowel syndrome and its bowel habit subtypes	IBS	
SRR18588342	PRJNA812699	healthy	0.0	24	female	26.18120766	USA	V4	primers removed before upload	Illumina HiSeq 2500	irritable bowel syndrome	Multi-omics profiles of the intestinal microbiome in irritable bowel syndrome and its bowel habit subtypes	IBS	
SRR18588347	PRJNA812699	healthy	0.0	45	male	33.83707428	USA	V4	primers removed before upload	Illumina HiSeq 2500	irritable bowel syndrome	Multi-omics profiles of the intestinal microbiome in irritable bowel syndrome and its bowel habit subtypes	IBS	
SRR18588411	PRJNA812699	IBS	1.0	29	female	24.1628665924072	USA	V4	primers removed before upload	Illumina HiSeq 2500	irritable bowel syndrome	Multi-omics profiles of the intestinal microbiome in irritable bowel syndrome and its bowel habit subtypes	IBS	
SRR18588418	PRJNA812699	IBS	1.0	44	female	27.9988708496094	USA	V4	primers removed before upload	Illumina HiSeq 2500	irritable bowel syndrome	Multi-omics profiles of the intestinal microbiome in irritable bowel syndrome and its bowel habit subtypes	IBS	
SRR18588426	PRJNA812699	healthy	0.0	38	male	20.8	USA	V4	primers removed before upload	Illumina HiSeq 2500	irritable bowel syndrome	Multi-omics profiles of the intestinal microbiome in irritable bowel syndrome and its bowel habit subtypes	IBS	
SRR18588431	PRJNA812699	healthy	0.0	38	male	24.7	USA	V4	primers removed before upload	Illumina HiSeq 2500	irritable bowel syndrome	Multi-omics profiles of the intestinal microbiome in irritable bowel syndrome and its bowel habit subtypes	IBS	
SRR18588433	PRJNA812699	healthy	0.0	38	male	24.3	USA	V4	primers removed before upload	Illumina HiSeq 2500	irritable bowel syndrome	Multi-omics profiles of the intestinal microbiome in irritable bowel syndrome and its bowel habit subtypes	IBS	
SRR18588447	PRJNA812699	IBS	1.0	55	female	30.3813762664795	USA	V4	primers removed before upload	Illumina HiSeq 2500	irritable bowel syndrome	Multi-omics profiles of the intestinal microbiome in irritable bowel syndrome and its bowel habit subtypes	IBS	
SRR18588450	PRJNA812699	healthy	0.0	23	male	37.4284362792969	USA	V4	primers removed before upload	Illumina HiSeq 2500	irritable bowel syndrome	Multi-omics profiles of the intestinal microbiome in irritable bowel syndrome and its bowel habit subtypes	IBS	
SRR18588457	PRJNA812699	IBS	1.0	18	female	21.9219532012939	USA	V4	primers removed before upload	Illumina HiSeq 2500	irritable bowel syndrome	Multi-omics profiles of the intestinal microbiome in irritable bowel syndrome and its bowel habit subtypes	IBS	
SRR18588468	PRJNA812699	healthy	0.0	44	male	25.23730278	USA	V4	primers removed before upload	Illumina HiSeq 2500	irritable bowel syndrome	Multi-omics profiles of the intestinal microbiome in irritable bowel syndrome and its bowel habit subtypes	IBS	
SRR18588473	PRJNA812699	healthy	0.0	47	female	32.23633194	USA	V4	primers removed before upload	Illumina HiSeq 2500	irritable bowel syndrome	Multi-omics profiles of the intestinal microbiome in irritable bowel syndrome and its bowel habit subtypes	IBS	
SRR18588478	PRJNA812699	healthy	0.0	22	female	34.10175323	USA	V4	primers removed before upload	Illumina HiSeq 2500	irritable bowel syndrome	Multi-omics profiles of the intestinal microbiome in irritable bowel syndrome and its bowel habit subtypes	IBS	
SRR18588483	PRJNA812699	healthy	0.0	34	female	29.2611866	USA	V4	primers removed before upload	Illumina HiSeq 2500	irritable bowel syndrome	Multi-omics profiles of the intestinal microbiome in irritable bowel syndrome and its bowel habit subtypes	IBS	
SRR18588492	PRJNA812699	healthy	0.0	51	female	28.47500801	USA	V4	primers removed before upload	Illumina HiSeq 2500	irritable bowel syndrome	Multi-omics profiles of the intestinal microbiome in irritable bowel syndrome and its bowel habit subtypes	IBS	
SRR18588503	PRJNA812699	healthy	0.0	20	male	23.62162209	USA	V4	primers removed before upload	Illumina HiSeq 2500	irritable bowel syndrome	Multi-omics profiles of the intestinal microbiome in irritable bowel syndrome and its bowel habit subtypes	IBS	
SRR18588505	PRJNA812699	IBS	1.0	19	male	24.8535347	USA	V4	primers removed before upload	Illumina HiSeq 2500	irritable bowel syndrome	Multi-omics profiles of the intestinal microbiome in irritable bowel syndrome and its bowel habit subtypes	IBS	
SRR18588515	PRJNA812699	IBS	1.0	21	female	25.01555252	USA	V4	primers removed before upload	Illumina HiSeq 2500	irritable bowel syndrome	Multi-omics profiles of the intestinal microbiome in irritable bowel syndrome and its bowel habit subtypes	IBS	
SRR18588523	PRJNA812699	healthy	0.0	51	male	23.14403343	USA	V4	primers removed before upload	Illumina HiSeq 2500	irritable bowel syndrome	Multi-omics profiles of the intestinal microbiome in irritable bowel syndrome and its bowel habit subtypes	IBS	
SRR18588533	PRJNA812699	IBS	1.0	27	male	22.10185623	USA	V4	primers removed before upload	Illumina HiSeq 2500	irritable bowel syndrome	Multi-omics profiles of the intestinal microbiome in irritable bowel syndrome and its bowel habit subtypes	IBS	
SRR18588535	PRJNA812699	IBS	1.0	41	female	19.0947666168213	USA	V4	primers removed before upload	Illumina HiSeq 2500	irritable bowel syndrome	Multi-omics profiles of the intestinal microbiome in irritable bowel syndrome and its bowel habit subtypes	IBS	
SRR18588544	PRJNA812699	IBS	1.0	54	male	26.71985626	USA	V4	primers removed before upload	Illumina HiSeq 2500	irritable bowel syndrome	Multi-omics profiles of the intestinal microbiome in irritable bowel syndrome and its bowel habit subtypes	IBS	
SRR18588559	PRJNA812699	healthy	0.0	33	female	25.51628685	USA	V4	primers removed before upload	Illumina HiSeq 2500	irritable bowel syndrome	Multi-omics profiles of the intestinal microbiome in irritable bowel syndrome and its bowel habit subtypes	IBS	
SRR18588568	PRJNA812699	healthy	0.0	29	female	20.90047836	USA	V4	primers removed before upload	Illumina HiSeq 2500	irritable bowel syndrome	Multi-omics profiles of the intestinal microbiome in irritable bowel syndrome and its bowel habit subtypes	IBS	
SRR18588579	PRJNA812699	healthy	0.0	22	male	24.10000038	USA	V4	primers removed before upload	Illumina HiSeq 2500	irritable bowel syndrome	Multi-omics profiles of the intestinal microbiome in irritable bowel syndrome and its bowel habit subtypes	IBS	
SRR18588596	PRJNA812699	IBS	1.0	45	female	28	USA	V4	primers removed before upload	Illumina HiSeq 2500	irritable bowel syndrome	Multi-omics profiles of the intestinal microbiome in irritable bowel syndrome and its bowel habit subtypes	IBS	
SRR18588605	PRJNA812699	healthy	0.0	46	male	27.31657219	USA	V4	primers removed before upload	Illumina HiSeq 2500	irritable bowel syndrome	Multi-omics profiles of the intestinal microbiome in irritable bowel syndrome and its bowel habit subtypes	IBS	
SRR18588606	PRJNA812699	IBS	1.0	32	female	24	USA	V4	primers removed before upload	Illumina HiSeq 2500	irritable bowel syndrome	Multi-omics profiles of the intestinal microbiome in irritable bowel syndrome and its bowel habit subtypes	IBS	
SRR18588646	PRJNA812699	IBS	1.0	34	female	19.13491058	USA	V4	primers removed before upload	Illumina HiSeq 2500	irritable bowel syndrome	Multi-omics profiles of the intestinal microbiome in irritable bowel syndrome and its bowel habit subtypes	IBS	
SRR18588670	PRJNA812699	IBS	1.0	37	female	20.64634895	USA	V4	primers removed before upload	Illumina HiSeq 2500	irritable bowel syndrome	Multi-omics profiles of the intestinal microbiome in irritable bowel syndrome and its bowel habit subtypes	IBS	
SRR18588682	PRJNA812699	IBS	1.0	52	male	29.99310303	USA	V4	primers removed before upload	Illumina HiSeq 2500	irritable bowel syndrome	Multi-omics profiles of the intestinal microbiome in irritable bowel syndrome and its bowel habit subtypes	IBS	
SRR18588683	PRJNA812699	healthy	0.0	30	female	29.33496857	USA	V4	primers removed before upload	Illumina HiSeq 2500	irritable bowel syndrome	Multi-omics profiles of the intestinal microbiome in irritable bowel syndrome and its bowel habit subtypes	IBS	
SRR18588790	PRJNA812699	IBS	1.0	60	female	28.4562702178955	USA	V4	primers removed before upload	Illumina HiSeq 2500	irritable bowel syndrome	Multi-omics profiles of the intestinal microbiome in irritable bowel syndrome and its bowel habit subtypes	IBS	
SRR18588805	PRJNA812699	IBS	1.0	27	female	19.06835365	USA	V4	primers removed before upload	Illumina HiSeq 2500	irritable bowel syndrome	Multi-omics profiles of the intestinal microbiome in irritable bowel syndrome and its bowel habit subtypes	IBS	
SRR18588819	PRJNA812699	IBS	1.0	50	female	30.8459186553955	USA	V4	primers removed before upload	Illumina HiSeq 2500	irritable bowel syndrome	Multi-omics profiles of the intestinal microbiome in irritable bowel syndrome and its bowel habit subtypes	IBS	
SRR18588936	PRJNA812699	healthy	0.0	53	female	31.50473976	USA	V4	primers removed before upload	Illumina HiSeq 2500	irritable bowel syndrome	Multi-omics profiles of the intestinal microbiome in irritable bowel syndrome and its bowel habit subtypes	IBS	
SRR18588938	PRJNA812699	healthy	0.0	20	female	29.43779373	USA	V4	primers removed before upload	Illumina HiSeq 2500	irritable bowel syndrome	Multi-omics profiles of the intestinal microbiome in irritable bowel syndrome and its bowel habit subtypes	IBS	
SRR18588941	PRJNA812699	healthy	0.0	54	female	36.55599976	USA	V4	primers removed before upload	Illumina HiSeq 2500	irritable bowel syndrome	Multi-omics profiles of the intestinal microbiome in irritable bowel syndrome and its bowel habit subtypes	IBS	
SRR18588956	PRJNA812699	healthy	0.0	21	female	27.27689552	USA	V4	primers removed before upload	Illumina HiSeq 2500	irritable bowel syndrome	Multi-omics profiles of the intestinal microbiome in irritable bowel syndrome and its bowel habit subtypes	IBS	
SRR18588962	PRJNA812699	healthy	0.0	21	male	29.00694275	USA	V4	primers removed before upload	Illumina HiSeq 2500	irritable bowel syndrome	Multi-omics profiles of the intestinal microbiome in irritable bowel syndrome and its bowel habit subtypes	IBS	
SRR18588965	PRJNA812699	healthy	0.0	19	female	26.6027832	USA	V4	primers removed before upload	Illumina HiSeq 2500	irritable bowel syndrome	Multi-omics profiles of the intestinal microbiome in irritable bowel syndrome and its bowel habit subtypes	IBS	
SRR18588966	PRJNA812699	healthy	0.0	53	female	29.33496857	USA	V4	primers removed before upload	Illumina HiSeq 2500	irritable bowel syndrome	Multi-omics profiles of the intestinal microbiome in irritable bowel syndrome and its bowel habit subtypes	IBS	
SRR18588970	PRJNA812699	healthy	0.0	30	female	39.47515869	USA	V4	primers removed before upload	Illumina HiSeq 2500	irritable bowel syndrome	Multi-omics profiles of the intestinal microbiome in irritable bowel syndrome and its bowel habit subtypes	IBS	
SRR18588972	PRJNA812699	healthy	0.0	21	male	29.28514099	USA	V4	primers removed before upload	Illumina HiSeq 2500	irritable bowel syndrome	Multi-omics profiles of the intestinal microbiome in irritable bowel syndrome and its bowel habit subtypes	IBS	
SRR18588976	PRJNA812699	healthy	0.0	45	male	29.8138485	USA	V4	primers removed before upload	Illumina HiSeq 2500	irritable bowel syndrome	Multi-omics profiles of the intestinal microbiome in irritable bowel syndrome and its bowel habit subtypes	IBS	
SRR18589007	PRJNA812699	IBS	1.0	29	female	29	USA	V4	primers removed before upload	Illumina HiSeq 2500	irritable bowel syndrome	Multi-omics profiles of the intestinal microbiome in irritable bowel syndrome and its bowel habit subtypes	IBS	
SRR18589015	PRJNA812699	IBS	1.0	37	female	19.72305489	USA	V4	primers removed before upload	Illumina HiSeq 2500	irritable bowel syndrome	Multi-omics profiles of the intestinal microbiome in irritable bowel syndrome and its bowel habit subtypes	IBS	
SRR18589019	PRJNA812699	IBS	1.0	42	male	22.3355045318604	USA	V4	primers removed before upload	Illumina HiSeq 2500	irritable bowel syndrome	Multi-omics profiles of the intestinal microbiome in irritable bowel syndrome and its bowel habit subtypes	IBS	
SRR18589027	PRJNA812699	IBS	1.0	36	male	23.21786499	USA	V4	primers removed before upload	Illumina HiSeq 2500	irritable bowel syndrome	Multi-omics profiles of the intestinal microbiome in irritable bowel syndrome and its bowel habit subtypes	IBS	
SRR18589029	PRJNA812699	IBS	1.0	21	female	23.70528984	USA	V4	primers removed before upload	Illumina HiSeq 2500	irritable bowel syndrome	Multi-omics profiles of the intestinal microbiome in irritable bowel syndrome and its bowel habit subtypes	IBS	
SRR18589033	PRJNA812699	healthy	0.0	48	female	27.77640533	USA	V4	primers removed before upload	Illumina HiSeq 2500	irritable bowel syndrome	Multi-omics profiles of the intestinal microbiome in irritable bowel syndrome and its bowel habit subtypes	IBS	
SRR18589036	PRJNA812699	IBS	1.0	22	female	16.64819336	USA	V4	primers removed before upload	Illumina HiSeq 2500	irritable bowel syndrome	Multi-omics profiles of the intestinal microbiome in irritable bowel syndrome and its bowel habit subtypes	IBS	
SRR18589046	PRJNA812699	IBS	1.0	22	male	22.23775482	USA	V4	primers removed before upload	Illumina HiSeq 2500	irritable bowel syndrome	Multi-omics profiles of the intestinal microbiome in irritable bowel syndrome and its bowel habit subtypes	IBS	
SRR18589052	PRJNA812699	IBS	1.0	28	female	17.80378723	USA	V4	primers removed before upload	Illumina HiSeq 2500	irritable bowel syndrome	Multi-omics profiles of the intestinal microbiome in irritable bowel syndrome and its bowel habit subtypes	IBS	
SRR18589053	PRJNA812699	IBS	1.0	33	female	20.3347110748291	USA	V4	primers removed before upload	Illumina HiSeq 2500	irritable bowel syndrome	Multi-omics profiles of the intestinal microbiome in irritable bowel syndrome and its bowel habit subtypes	IBS	
SRR18589055	PRJNA812699	healthy	0.0	18	male	22.29636574	USA	V4	primers removed before upload	Illumina HiSeq 2500	irritable bowel syndrome	Multi-omics profiles of the intestinal microbiome in irritable bowel syndrome and its bowel habit subtypes	IBS	
SRR18589060	PRJNA812699	IBS	1.0	21	female	22.67170525	USA	V4	primers removed before upload	Illumina HiSeq 2500	irritable bowel syndrome	Multi-omics profiles of the intestinal microbiome in irritable bowel syndrome and its bowel habit subtypes	IBS	
SRR18589062	PRJNA812699	IBS	1.0	23	female	24.37838173	USA	V4	primers removed before upload	Illumina HiSeq 2500	irritable bowel syndrome	Multi-omics profiles of the intestinal microbiome in irritable bowel syndrome and its bowel habit subtypes	IBS	
ERR3548961	PRJEB31817	healthy	0.0	52	female	25.3	Sweden	V3-V4	FWD:CCTACGGGNGGCWGCAG;REV:GACTACHVGGGTATCTAATCC	Illumina MiSeq	irritable bowel syndrome	No distinct microbiome signature of irritable bowel syndrome found in a Swedish random population	IBS	
ERR3548966	PRJEB31817	healthy	0.0	39	female	28.2	Sweden	V3-V4	FWD:CCTACGGGNGGCWGCAG;REV:GACTACHVGGGTATCTAATCC	Illumina MiSeq	irritable bowel syndrome	No distinct microbiome signature of irritable bowel syndrome found in a Swedish random population	IBS	
ERR3548969	PRJEB31817	healthy	0.0	26	male	19.3	Sweden	V3-V4	FWD:CCTACGGGNGGCWGCAG;REV:GACTACHVGGGTATCTAATCC	Illumina MiSeq	irritable bowel syndrome	No distinct microbiome signature of irritable bowel syndrome found in a Swedish random population	IBS	
ERR3548970	PRJEB31817	healthy	0.0	44	female	19.9	Sweden	V3-V4	FWD:CCTACGGGNGGCWGCAG;REV:GACTACHVGGGTATCTAATCC	Illumina MiSeq	irritable bowel syndrome	No distinct microbiome signature of irritable bowel syndrome found in a Swedish random population	IBS	
ERR3548971	PRJEB31817	healthy	0.0	51	female	25.8	Sweden	V3-V4	FWD:CCTACGGGNGGCWGCAG;REV:GACTACHVGGGTATCTAATCC	Illumina MiSeq	irritable bowel syndrome	No distinct microbiome signature of irritable bowel syndrome found in a Swedish random population	IBS	
ERR3548977	PRJEB31817	IBS	1.0	45	male	22.7	Sweden	V3-V4	FWD:CCTACGGGNGGCWGCAG;REV:GACTACHVGGGTATCTAATCC	Illumina MiSeq	irritable bowel syndrome	No distinct microbiome signature of irritable bowel syndrome found in a Swedish random population	IBS	
ERR3548984	PRJEB31817	healthy	0.0	47	male	23.5	Sweden	V3-V4	FWD:CCTACGGGNGGCWGCAG;REV:GACTACHVGGGTATCTAATCC	Illumina MiSeq	irritable bowel syndrome	No distinct microbiome signature of irritable bowel syndrome found in a Swedish random population	IBS	
ERR3548991	PRJEB31817	healthy	0.0	51	male	25.6	Sweden	V3-V4	FWD:CCTACGGGNGGCWGCAG;REV:GACTACHVGGGTATCTAATCC	Illumina MiSeq	irritable bowel syndrome	No distinct microbiome signature of irritable bowel syndrome found in a Swedish random population	IBS	
ERR3549005	PRJEB31817	healthy	0.0	62	male	20.3	Sweden	V3-V4	FWD:CCTACGGGNGGCWGCAG;REV:GACTACHVGGGTATCTAATCC	Illumina MiSeq	irritable bowel syndrome	No distinct microbiome signature of irritable bowel syndrome found in a Swedish random population	IBS	
ERR3549016	PRJEB31817	IBS	1.0	41	male	21.1	Sweden	V3-V4	FWD:CCTACGGGNGGCWGCAG;REV:GACTACHVGGGTATCTAATCC	Illumina MiSeq	irritable bowel syndrome	No distinct microbiome signature of irritable bowel syndrome found in a Swedish random population	IBS	
ERR3549030	PRJEB31817	IBS	1.0	63	male	24.5	Sweden	V3-V4	FWD:CCTACGGGNGGCWGCAG;REV:GACTACHVGGGTATCTAATCC	Illumina MiSeq	irritable bowel syndrome	No distinct microbiome signature of irritable bowel syndrome found in a Swedish random population	IBS	
ERR3549031	PRJEB31817	healthy	0.0	41	female	23.6	Sweden	V3-V4	FWD:CCTACGGGNGGCWGCAG;REV:GACTACHVGGGTATCTAATCC	Illumina MiSeq	irritable bowel syndrome	No distinct microbiome signature of irritable bowel syndrome found in a Swedish random population	IBS	
ERR3549035	PRJEB31817	healthy	0.0	34	female	25.1	Sweden	V3-V4	FWD:CCTACGGGNGGCWGCAG;REV:GACTACHVGGGTATCTAATCC	Illumina MiSeq	irritable bowel syndrome	No distinct microbiome signature of irritable bowel syndrome found in a Swedish random population	IBS	
ERR3549040	PRJEB31817	IBS	1.0	28	female	24.2	Sweden	V3-V4	FWD:CCTACGGGNGGCWGCAG;REV:GACTACHVGGGTATCTAATCC	Illumina MiSeq	irritable bowel syndrome	No distinct microbiome signature of irritable bowel syndrome found in a Swedish random population	IBS	
ERR3549043	PRJEB31817	healthy	0.0	54	female	23.0	Sweden	V3-V4	FWD:CCTACGGGNGGCWGCAG;REV:GACTACHVGGGTATCTAATCC	Illumina MiSeq	irritable bowel syndrome	No distinct microbiome signature of irritable bowel syndrome found in a Swedish random population	IBS	
ERR3549044	PRJEB31817	IBS	1.0	28	female	20.3	Sweden	V3-V4	FWD:CCTACGGGNGGCWGCAG;REV:GACTACHVGGGTATCTAATCC	Illumina MiSeq	irritable bowel syndrome	No distinct microbiome signature of irritable bowel syndrome found in a Swedish random population	IBS	
ERR3549051	PRJEB31817	IBS	1.0	68	female	25.8	Sweden	V3-V4	FWD:CCTACGGGNGGCWGCAG;REV:GACTACHVGGGTATCTAATCC	Illumina MiSeq	irritable bowel syndrome	No distinct microbiome signature of irritable bowel syndrome found in a Swedish random population	IBS	
ERR3549058	PRJEB31817	healthy	0.0	50	male	27.3	Sweden	V3-V4	FWD:CCTACGGGNGGCWGCAG;REV:GACTACHVGGGTATCTAATCC	Illumina MiSeq	irritable bowel syndrome	No distinct microbiome signature of irritable bowel syndrome found in a Swedish random population	IBS	
ERR3549061	PRJEB31817	healthy	0.0	45	male	25.7	Sweden	V3-V4	FWD:CCTACGGGNGGCWGCAG;REV:GACTACHVGGGTATCTAATCC	Illumina MiSeq	irritable bowel syndrome	No distinct microbiome signature of irritable bowel syndrome found in a Swedish random population	IBS	
ERR3549062	PRJEB31817	IBS	1.0	63	male	21.7	Sweden	V3-V4	FWD:CCTACGGGNGGCWGCAG;REV:GACTACHVGGGTATCTAATCC	Illumina MiSeq	irritable bowel syndrome	No distinct microbiome signature of irritable bowel syndrome found in a Swedish random population	IBS	
ERR3549067	PRJEB31817	healthy	0.0	47	female	21.5	Sweden	V3-V4	FWD:CCTACGGGNGGCWGCAG;REV:GACTACHVGGGTATCTAATCC	Illumina MiSeq	irritable bowel syndrome	No distinct microbiome signature of irritable bowel syndrome found in a Swedish random population	IBS	
ERR3549077	PRJEB31817	healthy	0.0	32	male	20.9	Sweden	V3-V4	FWD:CCTACGGGNGGCWGCAG;REV:GACTACHVGGGTATCTAATCC	Illumina MiSeq	irritable bowel syndrome	No distinct microbiome signature of irritable bowel syndrome found in a Swedish random population	IBS	
ERR3549080	PRJEB31817	healthy	0.0	50	female	21.3	Sweden	V3-V4	FWD:CCTACGGGNGGCWGCAG;REV:GACTACHVGGGTATCTAATCC	Illumina MiSeq	irritable bowel syndrome	No distinct microbiome signature of irritable bowel syndrome found in a Swedish random population	IBS	
ERR3549083	PRJEB31817	healthy	0.0	41	female	25.7	Sweden	V3-V4	FWD:CCTACGGGNGGCWGCAG;REV:GACTACHVGGGTATCTAATCC	Illumina MiSeq	irritable bowel syndrome	No distinct microbiome signature of irritable bowel syndrome found in a Swedish random population	IBS	
ERR3549084	PRJEB31817	healthy	0.0	57	female	19.1	Sweden	V3-V4	FWD:CCTACGGGNGGCWGCAG;REV:GACTACHVGGGTATCTAATCC	Illumina MiSeq	irritable bowel syndrome	No distinct microbiome signature of irritable bowel syndrome found in a Swedish random population	IBS	
ERR3549094	PRJEB31817	healthy	0.0	66	female	27.4	Sweden	V3-V4	FWD:CCTACGGGNGGCWGCAG;REV:GACTACHVGGGTATCTAATCC	Illumina MiSeq	irritable bowel syndrome	No distinct microbiome signature of irritable bowel syndrome found in a Swedish random population	IBS	
ERR3549096	PRJEB31817	healthy	0.0	40	female	32.8	Sweden	V3-V4	FWD:CCTACGGGNGGCWGCAG;REV:GACTACHVGGGTATCTAATCC	Illumina MiSeq	irritable bowel syndrome	No distinct microbiome signature of irritable bowel syndrome found in a Swedish random population	IBS	
ERR3549107	PRJEB31817	healthy	0.0	59	male	32.6	Sweden	V3-V4	FWD:CCTACGGGNGGCWGCAG;REV:GACTACHVGGGTATCTAATCC	Illumina MiSeq	irritable bowel syndrome	No distinct microbiome signature of irritable bowel syndrome found in a Swedish random population	IBS	
ERR3549118	PRJEB31817	IBS	1.0	20	female	19.2	Sweden	V3-V4	FWD:CCTACGGGNGGCWGCAG;REV:GACTACHVGGGTATCTAATCC	Illumina MiSeq	irritable bowel syndrome	No distinct microbiome signature of irritable bowel syndrome found in a Swedish random population	IBS	
ERR3549126	PRJEB31817	healthy	0.0	41	male	22.0	Sweden	V3-V4	FWD:CCTACGGGNGGCWGCAG;REV:GACTACHVGGGTATCTAATCC	Illumina MiSeq	irritable bowel syndrome	No distinct microbiome signature of irritable bowel syndrome found in a Swedish random population	IBS	
ERR3586075	PRJEB31817	healthy	0.0	28	female	22.8625	Sweden	V3-V4	FWD:CCTACGGGNGGCWGCAG;REV:GACTACHVGGGTATCTAATCC	Illumina MiSeq	irritable bowel syndrome	No distinct microbiome signature of irritable bowel syndrome found in a Swedish random population	IBS	
ERR3586146	PRJEB31817	healthy	0.0	50	male	25.8806	Sweden	V3-V4	FWD:CCTACGGGNGGCWGCAG;REV:GACTACHVGGGTATCTAATCC	Illumina MiSeq	irritable bowel syndrome	No distinct microbiome signature of irritable bowel syndrome found in a Swedish random population	IBS	
ERR3586190	PRJEB31817	IBS	1.0	46	female	18.4013	Sweden	V3-V4	FWD:CCTACGGGNGGCWGCAG;REV:GACTACHVGGGTATCTAATCC	Illumina MiSeq	irritable bowel syndrome	No distinct microbiome signature of irritable bowel syndrome found in a Swedish random population	IBS	
ERR3586377	PRJEB31817	healthy	0.0	67	female	21.3599	Sweden	V3-V4	FWD:CCTACGGGNGGCWGCAG;REV:GACTACHVGGGTATCTAATCC	Illumina MiSeq	irritable bowel syndrome	No distinct microbiome signature of irritable bowel syndrome found in a Swedish random population	IBS	
ERR3548953	PRJEB31817	healthy	0.0	65	male	26.6	Sweden	V3-V4	FWD:CCTACGGGNGGCWGCAG;REV:GACTACHVGGGTATCTAATCC	Illumina MiSeq	irritable bowel syndrome	No distinct microbiome signature of irritable bowel syndrome found in a Swedish random population	IBS	
ERR3548963	PRJEB31817	IBS	1.0	45	female	23.1	Sweden	V3-V4	FWD:CCTACGGGNGGCWGCAG;REV:GACTACHVGGGTATCTAATCC	Illumina MiSeq	irritable bowel syndrome	No distinct microbiome signature of irritable bowel syndrome found in a Swedish random population	IBS	
ERR3548967	PRJEB31817	healthy	0.0	65	female	33.2	Sweden	V3-V4	FWD:CCTACGGGNGGCWGCAG;REV:GACTACHVGGGTATCTAATCC	Illumina MiSeq	irritable bowel syndrome	No distinct microbiome signature of irritable bowel syndrome found in a Swedish random population	IBS	
ERR3548968	PRJEB31817	healthy	0.0	35	male	23.5	Sweden	V3-V4	FWD:CCTACGGGNGGCWGCAG;REV:GACTACHVGGGTATCTAATCC	Illumina MiSeq	irritable bowel syndrome	No distinct microbiome signature of irritable bowel syndrome found in a Swedish random population	IBS	
ERR3548979	PRJEB31817	healthy	0.0	68	female	31.1	Sweden	V3-V4	FWD:CCTACGGGNGGCWGCAG;REV:GACTACHVGGGTATCTAATCC	Illumina MiSeq	irritable bowel syndrome	No distinct microbiome signature of irritable bowel syndrome found in a Swedish random population	IBS	
ERR3548980	PRJEB31817	healthy	0.0	40	male	26.9	Sweden	V3-V4	FWD:CCTACGGGNGGCWGCAG;REV:GACTACHVGGGTATCTAATCC	Illumina MiSeq	irritable bowel syndrome	No distinct microbiome signature of irritable bowel syndrome found in a Swedish random population	IBS	
ERR3548987	PRJEB31817	healthy	0.0	40	female	18.6	Sweden	V3-V4	FWD:CCTACGGGNGGCWGCAG;REV:GACTACHVGGGTATCTAATCC	Illumina MiSeq	irritable bowel syndrome	No distinct microbiome signature of irritable bowel syndrome found in a Swedish random population	IBS	
ERR3548988	PRJEB31817	healthy	0.0	47	female	21.1	Sweden	V3-V4	FWD:CCTACGGGNGGCWGCAG;REV:GACTACHVGGGTATCTAATCC	Illumina MiSeq	irritable bowel syndrome	No distinct microbiome signature of irritable bowel syndrome found in a Swedish random population	IBS	
ERR3548989	PRJEB31817	healthy	0.0	38	female	26.2	Sweden	V3-V4	FWD:CCTACGGGNGGCWGCAG;REV:GACTACHVGGGTATCTAATCC	Illumina MiSeq	irritable bowel syndrome	No distinct microbiome signature of irritable bowel syndrome found in a Swedish random population	IBS	
ERR3548990	PRJEB31817	healthy	0.0	53	male	27.1	Sweden	V3-V4	FWD:CCTACGGGNGGCWGCAG;REV:GACTACHVGGGTATCTAATCC	Illumina MiSeq	irritable bowel syndrome	No distinct microbiome signature of irritable bowel syndrome found in a Swedish random population	IBS	
ERR3548992	PRJEB31817	healthy	0.0	42	male	22.4	Sweden	V3-V4	FWD:CCTACGGGNGGCWGCAG;REV:GACTACHVGGGTATCTAATCC	Illumina MiSeq	irritable bowel syndrome	No distinct microbiome signature of irritable bowel syndrome found in a Swedish random population	IBS	
ERR3549007	PRJEB31817	healthy	0.0	59	male	23.7	Sweden	V3-V4	FWD:CCTACGGGNGGCWGCAG;REV:GACTACHVGGGTATCTAATCC	Illumina MiSeq	irritable bowel syndrome	No distinct microbiome signature of irritable bowel syndrome found in a Swedish random population	IBS	
ERR3549015	PRJEB31817	healthy	0.0	57	female	22.8	Sweden	V3-V4	FWD:CCTACGGGNGGCWGCAG;REV:GACTACHVGGGTATCTAATCC	Illumina MiSeq	irritable bowel syndrome	No distinct microbiome signature of irritable bowel syndrome found in a Swedish random population	IBS	
ERR3549017	PRJEB31817	healthy	0.0	67	male	26.3	Sweden	V3-V4	FWD:CCTACGGGNGGCWGCAG;REV:GACTACHVGGGTATCTAATCC	Illumina MiSeq	irritable bowel syndrome	No distinct microbiome signature of irritable bowel syndrome found in a Swedish random population	IBS	
ERR3549022	PRJEB31817	healthy	0.0	67	female	28.7	Sweden	V3-V4	FWD:CCTACGGGNGGCWGCAG;REV:GACTACHVGGGTATCTAATCC	Illumina MiSeq	irritable bowel syndrome	No distinct microbiome signature of irritable bowel syndrome found in a Swedish random population	IBS	
ERR3549024	PRJEB31817	healthy	0.0	67	male	25.8	Sweden	V3-V4	FWD:CCTACGGGNGGCWGCAG;REV:GACTACHVGGGTATCTAATCC	Illumina MiSeq	irritable bowel syndrome	No distinct microbiome signature of irritable bowel syndrome found in a Swedish random population	IBS	
ERR3549028	PRJEB31817	IBS	1.0	33	male	25.9516	Sweden	V3-V4	FWD:CCTACGGGNGGCWGCAG;REV:GACTACHVGGGTATCTAATCC	Illumina MiSeq	irritable bowel syndrome	No distinct microbiome signature of irritable bowel syndrome found in a Swedish random population	IBS	
ERR3549034	PRJEB31817	IBS	1.0	27	female	22.4	Sweden	V3-V4	FWD:CCTACGGGNGGCWGCAG;REV:GACTACHVGGGTATCTAATCC	Illumina MiSeq	irritable bowel syndrome	No distinct microbiome signature of irritable bowel syndrome found in a Swedish random population	IBS	
ERR3549039	PRJEB31817	IBS	1.0	45	female	22.1	Sweden	V3-V4	FWD:CCTACGGGNGGCWGCAG;REV:GACTACHVGGGTATCTAATCC	Illumina MiSeq	irritable bowel syndrome	No distinct microbiome signature of irritable bowel syndrome found in a Swedish random population	IBS	
ERR3549066	PRJEB31817	healthy	0.0	26	female	20.3	Sweden	V3-V4	FWD:CCTACGGGNGGCWGCAG;REV:GACTACHVGGGTATCTAATCC	Illumina MiSeq	irritable bowel syndrome	No distinct microbiome signature of irritable bowel syndrome found in a Swedish random population	IBS	
ERR3549072	PRJEB31817	healthy	0.0	31	male	25.7	Sweden	V3-V4	FWD:CCTACGGGNGGCWGCAG;REV:GACTACHVGGGTATCTAATCC	Illumina MiSeq	irritable bowel syndrome	No distinct microbiome signature of irritable bowel syndrome found in a Swedish random population	IBS	
ERR3549075	PRJEB31817	healthy	0.0	53	male	28.4	Sweden	V3-V4	FWD:CCTACGGGNGGCWGCAG;REV:GACTACHVGGGTATCTAATCC	Illumina MiSeq	irritable bowel syndrome	No distinct microbiome signature of irritable bowel syndrome found in a Swedish random population	IBS	
ERR3549076	PRJEB31817	healthy	0.0	33	female	19.5	Sweden	V3-V4	FWD:CCTACGGGNGGCWGCAG;REV:GACTACHVGGGTATCTAATCC	Illumina MiSeq	irritable bowel syndrome	No distinct microbiome signature of irritable bowel syndrome found in a Swedish random population	IBS	
ERR3549081	PRJEB31817	healthy	0.0	61	female	21.3	Sweden	V3-V4	FWD:CCTACGGGNGGCWGCAG;REV:GACTACHVGGGTATCTAATCC	Illumina MiSeq	irritable bowel syndrome	No distinct microbiome signature of irritable bowel syndrome found in a Swedish random population	IBS	
ERR3549086	PRJEB31817	healthy	0.0	53	female	20.0	Sweden	V3-V4	FWD:CCTACGGGNGGCWGCAG;REV:GACTACHVGGGTATCTAATCC	Illumina MiSeq	irritable bowel syndrome	No distinct microbiome signature of irritable bowel syndrome found in a Swedish random population	IBS	
ERR3549089	PRJEB31817	healthy	0.0	32	male	28.7	Sweden	V3-V4	FWD:CCTACGGGNGGCWGCAG;REV:GACTACHVGGGTATCTAATCC	Illumina MiSeq	irritable bowel syndrome	No distinct microbiome signature of irritable bowel syndrome found in a Swedish random population	IBS	
ERR3549091	PRJEB31817	healthy	0.0	49	female	21.2	Sweden	V3-V4	FWD:CCTACGGGNGGCWGCAG;REV:GACTACHVGGGTATCTAATCC	Illumina MiSeq	irritable bowel syndrome	No distinct microbiome signature of irritable bowel syndrome found in a Swedish random population	IBS	
ERR3549106	PRJEB31817	healthy	0.0	57	male	24.7	Sweden	V3-V4	FWD:CCTACGGGNGGCWGCAG;REV:GACTACHVGGGTATCTAATCC	Illumina MiSeq	irritable bowel syndrome	No distinct microbiome signature of irritable bowel syndrome found in a Swedish random population	IBS	
ERR3549125	PRJEB31817	healthy	0.0	45	female	22.3	Sweden	V3-V4	FWD:CCTACGGGNGGCWGCAG;REV:GACTACHVGGGTATCTAATCC	Illumina MiSeq	irritable bowel syndrome	No distinct microbiome signature of irritable bowel syndrome found in a Swedish random population	IBS	
ERR3549134	PRJEB31817	healthy	0.0	42	male	22.4	Sweden	V3-V4	FWD:CCTACGGGNGGCWGCAG;REV:GACTACHVGGGTATCTAATCC	Illumina MiSeq	irritable bowel syndrome	No distinct microbiome signature of irritable bowel syndrome found in a Swedish random population	IBS	
ERR3586196	PRJEB31817	healthy	0.0	47	male	24.8163	Sweden	V3-V4	FWD:CCTACGGGNGGCWGCAG;REV:GACTACHVGGGTATCTAATCC	Illumina MiSeq	irritable bowel syndrome	No distinct microbiome signature of irritable bowel syndrome found in a Swedish random population	IBS	
ERR3586199	PRJEB31817	healthy	0.0	29	female	25.1486	Sweden	V3-V4	FWD:CCTACGGGNGGCWGCAG;REV:GACTACHVGGGTATCTAATCC	Illumina MiSeq	irritable bowel syndrome	No distinct microbiome signature of irritable bowel syndrome found in a Swedish random population	IBS	
ERR3548951	PRJEB31817	IBS	1.0	57	male	26.8	Sweden	V3-V4	FWD:CCTACGGGNGGCWGCAG;REV:GACTACHVGGGTATCTAATCC	Illumina MiSeq	irritable bowel syndrome	No distinct microbiome signature of irritable bowel syndrome found in a Swedish random population	IBS	
ERR3548955	PRJEB31817	healthy	0.0	40	female	25.3	Sweden	V3-V4	FWD:CCTACGGGNGGCWGCAG;REV:GACTACHVGGGTATCTAATCC	Illumina MiSeq	irritable bowel syndrome	No distinct microbiome signature of irritable bowel syndrome found in a Swedish random population	IBS	
ERR3548959	PRJEB31817	healthy	0.0	43	male	25.0	Sweden	V3-V4	FWD:CCTACGGGNGGCWGCAG;REV:GACTACHVGGGTATCTAATCC	Illumina MiSeq	irritable bowel syndrome	No distinct microbiome signature of irritable bowel syndrome found in a Swedish random population	IBS	
ERR3548981	PRJEB31817	healthy	0.0	45	female	22.1	Sweden	V3-V4	FWD:CCTACGGGNGGCWGCAG;REV:GACTACHVGGGTATCTAATCC	Illumina MiSeq	irritable bowel syndrome	No distinct microbiome signature of irritable bowel syndrome found in a Swedish random population	IBS	
ERR3549008	PRJEB31817	healthy	0.0	54	male	21.0	Sweden	V3-V4	FWD:CCTACGGGNGGCWGCAG;REV:GACTACHVGGGTATCTAATCC	Illumina MiSeq	irritable bowel syndrome	No distinct microbiome signature of irritable bowel syndrome found in a Swedish random population	IBS	
ERR3549021	PRJEB31817	healthy	0.0	44	male	31.6	Sweden	V3-V4	FWD:CCTACGGGNGGCWGCAG;REV:GACTACHVGGGTATCTAATCC	Illumina MiSeq	irritable bowel syndrome	No distinct microbiome signature of irritable bowel syndrome found in a Swedish random population	IBS	
ERR3549023	PRJEB31817	IBS	1.0	34	female	27.4	Sweden	V3-V4	FWD:CCTACGGGNGGCWGCAG;REV:GACTACHVGGGTATCTAATCC	Illumina MiSeq	irritable bowel syndrome	No distinct microbiome signature of irritable bowel syndrome found in a Swedish random population	IBS	
ERR3549027	PRJEB31817	healthy	0.0	34	male	22.5	Sweden	V3-V4	FWD:CCTACGGGNGGCWGCAG;REV:GACTACHVGGGTATCTAATCC	Illumina MiSeq	irritable bowel syndrome	No distinct microbiome signature of irritable bowel syndrome found in a Swedish random population	IBS	
ERR3549037	PRJEB31817	healthy	0.0	68	male	21.6	Sweden	V3-V4	FWD:CCTACGGGNGGCWGCAG;REV:GACTACHVGGGTATCTAATCC	Illumina MiSeq	irritable bowel syndrome	No distinct microbiome signature of irritable bowel syndrome found in a Swedish random population	IBS	
ERR3549052	PRJEB31817	healthy	0.0	57	female	22.0	Sweden	V3-V4	FWD:CCTACGGGNGGCWGCAG;REV:GACTACHVGGGTATCTAATCC	Illumina MiSeq	irritable bowel syndrome	No distinct microbiome signature of irritable bowel syndrome found in a Swedish random population	IBS	
ERR3549056	PRJEB31817	healthy	0.0	64	female	29.1	Sweden	V3-V4	FWD:CCTACGGGNGGCWGCAG;REV:GACTACHVGGGTATCTAATCC	Illumina MiSeq	irritable bowel syndrome	No distinct microbiome signature of irritable bowel syndrome found in a Swedish random population	IBS	
ERR3549063	PRJEB31817	healthy	0.0	22	female	19.4	Sweden	V3-V4	FWD:CCTACGGGNGGCWGCAG;REV:GACTACHVGGGTATCTAATCC	Illumina MiSeq	irritable bowel syndrome	No distinct microbiome signature of irritable bowel syndrome found in a Swedish random population	IBS	
ERR3549082	PRJEB31817	healthy	0.0	64	female	21.9	Sweden	V3-V4	FWD:CCTACGGGNGGCWGCAG;REV:GACTACHVGGGTATCTAATCC	Illumina MiSeq	irritable bowel syndrome	No distinct microbiome signature of irritable bowel syndrome found in a Swedish random population	IBS	
ERR3549088	PRJEB31817	IBS	1.0	58	male	29.2	Sweden	V3-V4	FWD:CCTACGGGNGGCWGCAG;REV:GACTACHVGGGTATCTAATCC	Illumina MiSeq	irritable bowel syndrome	No distinct microbiome signature of irritable bowel syndrome found in a Swedish random population	IBS	
ERR3549090	PRJEB31817	IBS	1.0	28	female	19.0	Sweden	V3-V4	FWD:CCTACGGGNGGCWGCAG;REV:GACTACHVGGGTATCTAATCC	Illumina MiSeq	irritable bowel syndrome	No distinct microbiome signature of irritable bowel syndrome found in a Swedish random population	IBS	
ERR3549103	PRJEB31817	healthy	0.0	53	female	21.4	Sweden	V3-V4	FWD:CCTACGGGNGGCWGCAG;REV:GACTACHVGGGTATCTAATCC	Illumina MiSeq	irritable bowel syndrome	No distinct microbiome signature of irritable bowel syndrome found in a Swedish random population	IBS	
ERR3549108	PRJEB31817	healthy	0.0	56	female	23.4	Sweden	V3-V4	FWD:CCTACGGGNGGCWGCAG;REV:GACTACHVGGGTATCTAATCC	Illumina MiSeq	irritable bowel syndrome	No distinct microbiome signature of irritable bowel syndrome found in a Swedish random population	IBS	
ERR3549109	PRJEB31817	IBS	1.0	47	male	32.0	Sweden	V3-V4	FWD:CCTACGGGNGGCWGCAG;REV:GACTACHVGGGTATCTAATCC	Illumina MiSeq	irritable bowel syndrome	No distinct microbiome signature of irritable bowel syndrome found in a Swedish random population	IBS	
ERR3549110	PRJEB31817	IBS	1.0	50	male	30.3	Sweden	V3-V4	FWD:CCTACGGGNGGCWGCAG;REV:GACTACHVGGGTATCTAATCC	Illumina MiSeq	irritable bowel syndrome	No distinct microbiome signature of irritable bowel syndrome found in a Swedish random population	IBS	
ERR3549112	PRJEB31817	healthy	0.0	58	male	26.8	Sweden	V3-V4	FWD:CCTACGGGNGGCWGCAG;REV:GACTACHVGGGTATCTAATCC	Illumina MiSeq	irritable bowel syndrome	No distinct microbiome signature of irritable bowel syndrome found in a Swedish random population	IBS	
ERR3549113	PRJEB31817	healthy	0.0	43	female	24.6	Sweden	V3-V4	FWD:CCTACGGGNGGCWGCAG;REV:GACTACHVGGGTATCTAATCC	Illumina MiSeq	irritable bowel syndrome	No distinct microbiome signature of irritable bowel syndrome found in a Swedish random population	IBS	
ERR3549114	PRJEB31817	healthy	0.0	46	female	26.4	Sweden	V3-V4	FWD:CCTACGGGNGGCWGCAG;REV:GACTACHVGGGTATCTAATCC	Illumina MiSeq	irritable bowel syndrome	No distinct microbiome signature of irritable bowel syndrome found in a Swedish random population	IBS	
ERR3549115	PRJEB31817	IBS	1.0	46	female	24.8	Sweden	V3-V4	FWD:CCTACGGGNGGCWGCAG;REV:GACTACHVGGGTATCTAATCC	Illumina MiSeq	irritable bowel syndrome	No distinct microbiome signature of irritable bowel syndrome found in a Swedish random population	IBS	
ERR3549117	PRJEB31817	IBS	1.0	35	male	23.8	Sweden	V3-V4	FWD:CCTACGGGNGGCWGCAG;REV:GACTACHVGGGTATCTAATCC	Illumina MiSeq	irritable bowel syndrome	No distinct microbiome signature of irritable bowel syndrome found in a Swedish random population	IBS	
ERR3549119	PRJEB31817	healthy	0.0	46	female	20.7	Sweden	V3-V4	FWD:CCTACGGGNGGCWGCAG;REV:GACTACHVGGGTATCTAATCC	Illumina MiSeq	irritable bowel syndrome	No distinct microbiome signature of irritable bowel syndrome found in a Swedish random population	IBS	
ERR3549123	PRJEB31817	healthy	0.0	37	male	23.5	Sweden	V3-V4	FWD:CCTACGGGNGGCWGCAG;REV:GACTACHVGGGTATCTAATCC	Illumina MiSeq	irritable bowel syndrome	No distinct microbiome signature of irritable bowel syndrome found in a Swedish random population	IBS	
ERR3549140	PRJEB31817	healthy	0.0	66	female	18.8	Sweden	V3-V4	FWD:CCTACGGGNGGCWGCAG;REV:GACTACHVGGGTATCTAATCC	Illumina MiSeq	irritable bowel syndrome	No distinct microbiome signature of irritable bowel syndrome found in a Swedish random population	IBS	
ERR3586042	PRJEB31817	healthy	0.0	56	male	18.1138	Sweden	V3-V4	FWD:CCTACGGGNGGCWGCAG;REV:GACTACHVGGGTATCTAATCC	Illumina MiSeq	irritable bowel syndrome	No distinct microbiome signature of irritable bowel syndrome found in a Swedish random population	IBS	
ERR3586184	PRJEB31817	healthy	0.0	41	female	26.2985	Sweden	V3-V4	FWD:CCTACGGGNGGCWGCAG;REV:GACTACHVGGGTATCTAATCC	Illumina MiSeq	irritable bowel syndrome	No distinct microbiome signature of irritable bowel syndrome found in a Swedish random population	IBS	
ERR3548946	PRJEB31817	healthy	0.0	63	female	19.7	Sweden	V3-V4	FWD:CCTACGGGNGGCWGCAG;REV:GACTACHVGGGTATCTAATCC	Illumina MiSeq	irritable bowel syndrome	No distinct microbiome signature of irritable bowel syndrome found in a Swedish random population	IBS	
ERR3548947	PRJEB31817	healthy	0.0	63	female	22.9	Sweden	V3-V4	FWD:CCTACGGGNGGCWGCAG;REV:GACTACHVGGGTATCTAATCC	Illumina MiSeq	irritable bowel syndrome	No distinct microbiome signature of irritable bowel syndrome found in a Swedish random population	IBS	
ERR3548965	PRJEB31817	healthy	0.0	56	male	25.9	Sweden	V3-V4	FWD:CCTACGGGNGGCWGCAG;REV:GACTACHVGGGTATCTAATCC	Illumina MiSeq	irritable bowel syndrome	No distinct microbiome signature of irritable bowel syndrome found in a Swedish random population	IBS	
ERR3548982	PRJEB31817	healthy	0.0	53	male	26.9	Sweden	V3-V4	FWD:CCTACGGGNGGCWGCAG;REV:GACTACHVGGGTATCTAATCC	Illumina MiSeq	irritable bowel syndrome	No distinct microbiome signature of irritable bowel syndrome found in a Swedish random population	IBS	
ERR3548985	PRJEB31817	healthy	0.0	59	male	19.1	Sweden	V3-V4	FWD:CCTACGGGNGGCWGCAG;REV:GACTACHVGGGTATCTAATCC	Illumina MiSeq	irritable bowel syndrome	No distinct microbiome signature of irritable bowel syndrome found in a Swedish random population	IBS	
ERR3548999	PRJEB31817	IBS	1.0	64	female	24.1	Sweden	V3-V4	FWD:CCTACGGGNGGCWGCAG;REV:GACTACHVGGGTATCTAATCC	Illumina MiSeq	irritable bowel syndrome	No distinct microbiome signature of irritable bowel syndrome found in a Swedish random population	IBS	
ERR3549009	PRJEB31817	IBS	1.0	60	male	27.1	Sweden	V3-V4	FWD:CCTACGGGNGGCWGCAG;REV:GACTACHVGGGTATCTAATCC	Illumina MiSeq	irritable bowel syndrome	No distinct microbiome signature of irritable bowel syndrome found in a Swedish random population	IBS	
ERR3549020	PRJEB31817	healthy	0.0	60	male	21.9	Sweden	V3-V4	FWD:CCTACGGGNGGCWGCAG;REV:GACTACHVGGGTATCTAATCC	Illumina MiSeq	irritable bowel syndrome	No distinct microbiome signature of irritable bowel syndrome found in a Swedish random population	IBS	
ERR3549029	PRJEB31817	healthy	0.0	27	female	22.7	Sweden	V3-V4	FWD:CCTACGGGNGGCWGCAG;REV:GACTACHVGGGTATCTAATCC	Illumina MiSeq	irritable bowel syndrome	No distinct microbiome signature of irritable bowel syndrome found in a Swedish random population	IBS	
ERR3549032	PRJEB31817	healthy	0.0	45	female	20.0	Sweden	V3-V4	FWD:CCTACGGGNGGCWGCAG;REV:GACTACHVGGGTATCTAATCC	Illumina MiSeq	irritable bowel syndrome	No distinct microbiome signature of irritable bowel syndrome found in a Swedish random population	IBS	
ERR3549038	PRJEB31817	IBS	1.0	51	male	21.3	Sweden	V3-V4	FWD:CCTACGGGNGGCWGCAG;REV:GACTACHVGGGTATCTAATCC	Illumina MiSeq	irritable bowel syndrome	No distinct microbiome signature of irritable bowel syndrome found in a Swedish random population	IBS	
ERR3549042	PRJEB31817	healthy	0.0	54	female	26.6	Sweden	V3-V4	FWD:CCTACGGGNGGCWGCAG;REV:GACTACHVGGGTATCTAATCC	Illumina MiSeq	irritable bowel syndrome	No distinct microbiome signature of irritable bowel syndrome found in a Swedish random population	IBS	
ERR3549045	PRJEB31817	healthy	0.0	47	female	23.1	Sweden	V3-V4	FWD:CCTACGGGNGGCWGCAG;REV:GACTACHVGGGTATCTAATCC	Illumina MiSeq	irritable bowel syndrome	No distinct microbiome signature of irritable bowel syndrome found in a Swedish random population	IBS	
ERR3549064	PRJEB31817	healthy	0.0	41	male	22.9	Sweden	V3-V4	FWD:CCTACGGGNGGCWGCAG;REV:GACTACHVGGGTATCTAATCC	Illumina MiSeq	irritable bowel syndrome	No distinct microbiome signature of irritable bowel syndrome found in a Swedish random population	IBS	
ERR3549069	PRJEB31817	healthy	0.0	33	male	22.2	Sweden	V3-V4	FWD:CCTACGGGNGGCWGCAG;REV:GACTACHVGGGTATCTAATCC	Illumina MiSeq	irritable bowel syndrome	No distinct microbiome signature of irritable bowel syndrome found in a Swedish random population	IBS	
ERR3549070	PRJEB31817	healthy	0.0	51	male	25.3	Sweden	V3-V4	FWD:CCTACGGGNGGCWGCAG;REV:GACTACHVGGGTATCTAATCC	Illumina MiSeq	irritable bowel syndrome	No distinct microbiome signature of irritable bowel syndrome found in a Swedish random population	IBS	
ERR3549073	PRJEB31817	healthy	0.0	28	male	24.9	Sweden	V3-V4	FWD:CCTACGGGNGGCWGCAG;REV:GACTACHVGGGTATCTAATCC	Illumina MiSeq	irritable bowel syndrome	No distinct microbiome signature of irritable bowel syndrome found in a Swedish random population	IBS	
ERR3549093	PRJEB31817	healthy	0.0	55	male	25.5	Sweden	V3-V4	FWD:CCTACGGGNGGCWGCAG;REV:GACTACHVGGGTATCTAATCC	Illumina MiSeq	irritable bowel syndrome	No distinct microbiome signature of irritable bowel syndrome found in a Swedish random population	IBS	
ERR3549102	PRJEB31817	healthy	0.0	48	male	25.5	Sweden	V3-V4	FWD:CCTACGGGNGGCWGCAG;REV:GACTACHVGGGTATCTAATCC	Illumina MiSeq	irritable bowel syndrome	No distinct microbiome signature of irritable bowel syndrome found in a Swedish random population	IBS	
ERR3549104	PRJEB31817	IBS	1.0	58	female	24.8	Sweden	V3-V4	FWD:CCTACGGGNGGCWGCAG;REV:GACTACHVGGGTATCTAATCC	Illumina MiSeq	irritable bowel syndrome	No distinct microbiome signature of irritable bowel syndrome found in a Swedish random population	IBS	
ERR3549121	PRJEB31817	IBS	1.0	48	male	27.4	Sweden	V3-V4	FWD:CCTACGGGNGGCWGCAG;REV:GACTACHVGGGTATCTAATCC	Illumina MiSeq	irritable bowel syndrome	No distinct microbiome signature of irritable bowel syndrome found in a Swedish random population	IBS	
ERR3549138	PRJEB31817	healthy	0.0	34	female	21.5	Sweden	V3-V4	FWD:CCTACGGGNGGCWGCAG;REV:GACTACHVGGGTATCTAATCC	Illumina MiSeq	irritable bowel syndrome	No distinct microbiome signature of irritable bowel syndrome found in a Swedish random population	IBS	
ERR3549141	PRJEB31817	IBS	1.0	50	female	23.7	Sweden	V3-V4	FWD:CCTACGGGNGGCWGCAG;REV:GACTACHVGGGTATCTAATCC	Illumina MiSeq	irritable bowel syndrome	No distinct microbiome signature of irritable bowel syndrome found in a Swedish random population	IBS	
ERR3586161	PRJEB31817	IBS	1.0	57	male	21.7079	Sweden	V3-V4	FWD:CCTACGGGNGGCWGCAG;REV:GACTACHVGGGTATCTAATCC	Illumina MiSeq	irritable bowel syndrome	No distinct microbiome signature of irritable bowel syndrome found in a Swedish random population	IBS	
ERR3586109	PRJEB31817	healthy	0.0	45	male	26.8809	Sweden	V3-V4	FWD:CCTACGGGNGGCWGCAG;REV:GACTACHVGGGTATCTAATCC	Illumina MiSeq	irritable bowel syndrome	No distinct microbiome signature of irritable bowel syndrome found in a Swedish random population	IBS	
ERR3548958	PRJEB31817	IBS	1.0	38	female	18.4	Sweden	V3-V4	FWD:CCTACGGGNGGCWGCAG;REV:GACTACHVGGGTATCTAATCC	Illumina MiSeq	irritable bowel syndrome	No distinct microbiome signature of irritable bowel syndrome found in a Swedish random population	IBS	
ERR3548974	PRJEB31817	healthy	0.0	69	male	22.4	Sweden	V3-V4	FWD:CCTACGGGNGGCWGCAG;REV:GACTACHVGGGTATCTAATCC	Illumina MiSeq	irritable bowel syndrome	No distinct microbiome signature of irritable bowel syndrome found in a Swedish random population	IBS	
ERR3548975	PRJEB31817	healthy	0.0	47	female	26.2	Sweden	V3-V4	FWD:CCTACGGGNGGCWGCAG;REV:GACTACHVGGGTATCTAATCC	Illumina MiSeq	irritable bowel syndrome	No distinct microbiome signature of irritable bowel syndrome found in a Swedish random population	IBS	
ERR3548976	PRJEB31817	healthy	0.0	31	female	31.6	Sweden	V3-V4	FWD:CCTACGGGNGGCWGCAG;REV:GACTACHVGGGTATCTAATCC	Illumina MiSeq	irritable bowel syndrome	No distinct microbiome signature of irritable bowel syndrome found in a Swedish random population	IBS	
ERR3548978	PRJEB31817	healthy	0.0	70	female	27.3	Sweden	V3-V4	FWD:CCTACGGGNGGCWGCAG;REV:GACTACHVGGGTATCTAATCC	Illumina MiSeq	irritable bowel syndrome	No distinct microbiome signature of irritable bowel syndrome found in a Swedish random population	IBS	
ERR3548993	PRJEB31817	healthy	0.0	65	male	26.6	Sweden	V3-V4	FWD:CCTACGGGNGGCWGCAG;REV:GACTACHVGGGTATCTAATCC	Illumina MiSeq	irritable bowel syndrome	No distinct microbiome signature of irritable bowel syndrome found in a Swedish random population	IBS	
ERR3548997	PRJEB31817	healthy	0.0	57	male	25.8	Sweden	V3-V4	FWD:CCTACGGGNGGCWGCAG;REV:GACTACHVGGGTATCTAATCC	Illumina MiSeq	irritable bowel syndrome	No distinct microbiome signature of irritable bowel syndrome found in a Swedish random population	IBS	
ERR3549000	PRJEB31817	healthy	0.0	63	male	25.8	Sweden	V3-V4	FWD:CCTACGGGNGGCWGCAG;REV:GACTACHVGGGTATCTAATCC	Illumina MiSeq	irritable bowel syndrome	No distinct microbiome signature of irritable bowel syndrome found in a Swedish random population	IBS	
ERR3549004	PRJEB31817	healthy	0.0	59	female	21.5	Sweden	V3-V4	FWD:CCTACGGGNGGCWGCAG;REV:GACTACHVGGGTATCTAATCC	Illumina MiSeq	irritable bowel syndrome	No distinct microbiome signature of irritable bowel syndrome found in a Swedish random population	IBS	
ERR3549010	PRJEB31817	IBS	1.0	45	female	23.2	Sweden	V3-V4	FWD:CCTACGGGNGGCWGCAG;REV:GACTACHVGGGTATCTAATCC	Illumina MiSeq	irritable bowel syndrome	No distinct microbiome signature of irritable bowel syndrome found in a Swedish random population	IBS	
ERR3549012	PRJEB31817	healthy	0.0	61	female	24.9	Sweden	V3-V4	FWD:CCTACGGGNGGCWGCAG;REV:GACTACHVGGGTATCTAATCC	Illumina MiSeq	irritable bowel syndrome	No distinct microbiome signature of irritable bowel syndrome found in a Swedish random population	IBS	
ERR3549018	PRJEB31817	healthy	0.0	56	female	19.8	Sweden	V3-V4	FWD:CCTACGGGNGGCWGCAG;REV:GACTACHVGGGTATCTAATCC	Illumina MiSeq	irritable bowel syndrome	No distinct microbiome signature of irritable bowel syndrome found in a Swedish random population	IBS	
ERR3549025	PRJEB31817	healthy	0.0	67	male	21.7	Sweden	V3-V4	FWD:CCTACGGGNGGCWGCAG;REV:GACTACHVGGGTATCTAATCC	Illumina MiSeq	irritable bowel syndrome	No distinct microbiome signature of irritable bowel syndrome found in a Swedish random population	IBS	
ERR3549026	PRJEB31817	healthy	0.0	48	male	23.9	Sweden	V3-V4	FWD:CCTACGGGNGGCWGCAG;REV:GACTACHVGGGTATCTAATCC	Illumina MiSeq	irritable bowel syndrome	No distinct microbiome signature of irritable bowel syndrome found in a Swedish random population	IBS	
ERR3549033	PRJEB31817	healthy	0.0	59	female	24.6	Sweden	V3-V4	FWD:CCTACGGGNGGCWGCAG;REV:GACTACHVGGGTATCTAATCC	Illumina MiSeq	irritable bowel syndrome	No distinct microbiome signature of irritable bowel syndrome found in a Swedish random population	IBS	
ERR3549046	PRJEB31817	healthy	0.0	43	male	22.0	Sweden	V3-V4	FWD:CCTACGGGNGGCWGCAG;REV:GACTACHVGGGTATCTAATCC	Illumina MiSeq	irritable bowel syndrome	No distinct microbiome signature of irritable bowel syndrome found in a Swedish random population	IBS	
ERR3549059	PRJEB31817	healthy	0.0	24	male	32.1	Sweden	V3-V4	FWD:CCTACGGGNGGCWGCAG;REV:GACTACHVGGGTATCTAATCC	Illumina MiSeq	irritable bowel syndrome	No distinct microbiome signature of irritable bowel syndrome found in a Swedish random population	IBS	
ERR3549060	PRJEB31817	healthy	0.0	68	male	19.2	Sweden	V3-V4	FWD:CCTACGGGNGGCWGCAG;REV:GACTACHVGGGTATCTAATCC	Illumina MiSeq	irritable bowel syndrome	No distinct microbiome signature of irritable bowel syndrome found in a Swedish random population	IBS	
ERR3549065	PRJEB31817	IBS	1.0	62	female	32.9	Sweden	V3-V4	FWD:CCTACGGGNGGCWGCAG;REV:GACTACHVGGGTATCTAATCC	Illumina MiSeq	irritable bowel syndrome	No distinct microbiome signature of irritable bowel syndrome found in a Swedish random population	IBS	
ERR3549085	PRJEB31817	healthy	0.0	39	female	19.3	Sweden	V3-V4	FWD:CCTACGGGNGGCWGCAG;REV:GACTACHVGGGTATCTAATCC	Illumina MiSeq	irritable bowel syndrome	No distinct microbiome signature of irritable bowel syndrome found in a Swedish random population	IBS	
ERR3549087	PRJEB31817	IBS	1.0	49	female	19.8	Sweden	V3-V4	FWD:CCTACGGGNGGCWGCAG;REV:GACTACHVGGGTATCTAATCC	Illumina MiSeq	irritable bowel syndrome	No distinct microbiome signature of irritable bowel syndrome found in a Swedish random population	IBS	
ERR3549092	PRJEB31817	IBS	1.0	30	female	18.4	Sweden	V3-V4	FWD:CCTACGGGNGGCWGCAG;REV:GACTACHVGGGTATCTAATCC	Illumina MiSeq	irritable bowel syndrome	No distinct microbiome signature of irritable bowel syndrome found in a Swedish random population	IBS	
ERR3549098	PRJEB31817	IBS	1.0	33	male	29.1	Sweden	V3-V4	FWD:CCTACGGGNGGCWGCAG;REV:GACTACHVGGGTATCTAATCC	Illumina MiSeq	irritable bowel syndrome	No distinct microbiome signature of irritable bowel syndrome found in a Swedish random population	IBS	
ERR3549105	PRJEB31817	healthy	0.0	45	male	22.4	Sweden	V3-V4	FWD:CCTACGGGNGGCWGCAG;REV:GACTACHVGGGTATCTAATCC	Illumina MiSeq	irritable bowel syndrome	No distinct microbiome signature of irritable bowel syndrome found in a Swedish random population	IBS	
ERR3549122	PRJEB31817	IBS	1.0	32	female	21.5	Sweden	V3-V4	FWD:CCTACGGGNGGCWGCAG;REV:GACTACHVGGGTATCTAATCC	Illumina MiSeq	irritable bowel syndrome	No distinct microbiome signature of irritable bowel syndrome found in a Swedish random population	IBS	
ERR3549133	PRJEB31817	healthy	0.0	69	female	18.9	Sweden	V3-V4	FWD:CCTACGGGNGGCWGCAG;REV:GACTACHVGGGTATCTAATCC	Illumina MiSeq	irritable bowel syndrome	No distinct microbiome signature of irritable bowel syndrome found in a Swedish random population	IBS	
ERR3549135	PRJEB31817	IBS	1.0	69	female	22.1	Sweden	V3-V4	FWD:CCTACGGGNGGCWGCAG;REV:GACTACHVGGGTATCTAATCC	Illumina MiSeq	irritable bowel syndrome	No distinct microbiome signature of irritable bowel syndrome found in a Swedish random population	IBS	
ERR3586108	PRJEB31817	healthy	0.0	32	male	24.0317	Sweden	V3-V4	FWD:CCTACGGGNGGCWGCAG;REV:GACTACHVGGGTATCTAATCC	Illumina MiSeq	irritable bowel syndrome	No distinct microbiome signature of irritable bowel syndrome found in a Swedish random population	IBS	
SRR24881330	PRJNA981704	IBS	1.0				Poland	V3-V4	FWD:CCTACGGGNGGCWGCAG	Illumina MiSeq	irritable bowel syndrome	Gender Influences Gut Microbiota among Patients with Irritable Bowel Syndrome	IBS	
SRR24881333	PRJNA981704	IBS	1.0				Poland	V3-V4	FWD:CCTACGGGNGGCWGCAG	Illumina MiSeq	irritable bowel syndrome	Gender Influences Gut Microbiota among Patients with Irritable Bowel Syndrome	IBS	
SRR24881338	PRJNA981704	IBS	1.0				Poland	V3-V4	FWD:CCTACGGGNGGCWGCAG	Illumina MiSeq	irritable bowel syndrome	Gender Influences Gut Microbiota among Patients with Irritable Bowel Syndrome	IBS	
SRR24881342	PRJNA981704	IBS	1.0				Poland	V3-V4	FWD:CCTACGGGNGGCWGCAG	Illumina MiSeq	irritable bowel syndrome	Gender Influences Gut Microbiota among Patients with Irritable Bowel Syndrome	IBS	
SRR24881344	PRJNA981704	IBS	1.0				Poland	V3-V4	FWD:CCTACGGGNGGCWGCAG	Illumina MiSeq	irritable bowel syndrome	Gender Influences Gut Microbiota among Patients with Irritable Bowel Syndrome	IBS	
SRR24881349	PRJNA981704	IBS	1.0				Poland	V3-V4	FWD:CCTACGGGNGGCWGCAG	Illumina MiSeq	irritable bowel syndrome	Gender Influences Gut Microbiota among Patients with Irritable Bowel Syndrome	IBS	
SRR24881356	PRJNA981704	IBS	1.0				Poland	V3-V4	FWD:CCTACGGGNGGCWGCAG	Illumina MiSeq	irritable bowel syndrome	Gender Influences Gut Microbiota among Patients with Irritable Bowel Syndrome	IBS	
SRR24881364	PRJNA981704	IBS	1.0				Poland	V3-V4	FWD:CCTACGGGNGGCWGCAG	Illumina MiSeq	irritable bowel syndrome	Gender Influences Gut Microbiota among Patients with Irritable Bowel Syndrome	IBS	
SRR24881376	PRJNA981704	IBS	1.0				Poland	V3-V4	FWD:CCTACGGGNGGCWGCAG	Illumina MiSeq	irritable bowel syndrome	Gender Influences Gut Microbiota among Patients with Irritable Bowel Syndrome	IBS	
SRR24881380	PRJNA981704	IBS	1.0				Poland	V3-V4	FWD:CCTACGGGNGGCWGCAG	Illumina MiSeq	irritable bowel syndrome	Gender Influences Gut Microbiota among Patients with Irritable Bowel Syndrome	IBS	
SRR24881381	PRJNA981704	IBS	1.0				Poland	V3-V4	FWD:CCTACGGGNGGCWGCAG	Illumina MiSeq	irritable bowel syndrome	Gender Influences Gut Microbiota among Patients with Irritable Bowel Syndrome	IBS	
SRR24881382	PRJNA981704	IBS	1.0				Poland	V3-V4	FWD:CCTACGGGNGGCWGCAG	Illumina MiSeq	irritable bowel syndrome	Gender Influences Gut Microbiota among Patients with Irritable Bowel Syndrome	IBS	
SRR24881390	PRJNA981704	healthy	0.0				Poland	V3-V4	FWD:CCTACGGGNGGCWGCAG	Illumina MiSeq	irritable bowel syndrome	Gender Influences Gut Microbiota among Patients with Irritable Bowel Syndrome	IBS	
SRR24881403	PRJNA981704	healthy	0.0				Poland	V3-V4	FWD:CCTACGGGNGGCWGCAG	Illumina MiSeq	irritable bowel syndrome	Gender Influences Gut Microbiota among Patients with Irritable Bowel Syndrome	IBS	
SRR24881410	PRJNA981704	IBS	1.0				Poland	V3-V4	FWD:CCTACGGGNGGCWGCAG	Illumina MiSeq	irritable bowel syndrome	Gender Influences Gut Microbiota among Patients with Irritable Bowel Syndrome	IBS	
SRR24881416	PRJNA981704	healthy	0.0				Poland	V3-V4	FWD:CCTACGGGNGGCWGCAG	Illumina MiSeq	irritable bowel syndrome	Gender Influences Gut Microbiota among Patients with Irritable Bowel Syndrome	IBS	
SRR24881425	PRJNA981704	healthy	0.0				Poland	V3-V4	FWD:CCTACGGGNGGCWGCAG	Illumina MiSeq	irritable bowel syndrome	Gender Influences Gut Microbiota among Patients with Irritable Bowel Syndrome	IBS	
SRR24881442	PRJNA981704	IBS	1.0				Poland	V3-V4	FWD:CCTACGGGNGGCWGCAG	Illumina MiSeq	irritable bowel syndrome	Gender Influences Gut Microbiota among Patients with Irritable Bowel Syndrome	IBS	
SRR24881461	PRJNA981704	IBS	1.0				Poland	V3-V4	FWD:CCTACGGGNGGCWGCAG	Illumina MiSeq	irritable bowel syndrome	Gender Influences Gut Microbiota among Patients with Irritable Bowel Syndrome	IBS	
SRR24881465	PRJNA981704	IBS	1.0				Poland	V3-V4	FWD:CCTACGGGNGGCWGCAG	Illumina MiSeq	irritable bowel syndrome	Gender Influences Gut Microbiota among Patients with Irritable Bowel Syndrome	IBS	
SRR24881468	PRJNA981704	healthy	0.0				Poland	V3-V4	FWD:CCTACGGGNGGCWGCAG	Illumina MiSeq	irritable bowel syndrome	Gender Influences Gut Microbiota among Patients with Irritable Bowel Syndrome	IBS	
SRR24881482	PRJNA981704	healthy	0.0				Poland	V3-V4	FWD:CCTACGGGNGGCWGCAG	Illumina MiSeq	irritable bowel syndrome	Gender Influences Gut Microbiota among Patients with Irritable Bowel Syndrome	IBS	
SRR24881493	PRJNA981704	IBS	1.0				Poland	V3-V4	FWD:CCTACGGGNGGCWGCAG	Illumina MiSeq	irritable bowel syndrome	Gender Influences Gut Microbiota among Patients with Irritable Bowel Syndrome	IBS	
SRR24881494	PRJNA981704	IBS	1.0				Poland	V3-V4	FWD:CCTACGGGNGGCWGCAG	Illumina MiSeq	irritable bowel syndrome	Gender Influences Gut Microbiota among Patients with Irritable Bowel Syndrome	IBS	
SRR24881497	PRJNA981704	IBS	1.0				Poland	V3-V4	FWD:CCTACGGGNGGCWGCAG	Illumina MiSeq	irritable bowel syndrome	Gender Influences Gut Microbiota among Patients with Irritable Bowel Syndrome	IBS	
SRR24881499	PRJNA981704	IBS	1.0				Poland	V3-V4	FWD:CCTACGGGNGGCWGCAG	Illumina MiSeq	irritable bowel syndrome	Gender Influences Gut Microbiota among Patients with Irritable Bowel Syndrome	IBS	
SRR24881504	PRJNA981704	IBS	1.0				Poland	V3-V4	FWD:CCTACGGGNGGCWGCAG	Illumina MiSeq	irritable bowel syndrome	Gender Influences Gut Microbiota among Patients with Irritable Bowel Syndrome	IBS	
SRR24881508	PRJNA981704	IBS	1.0				Poland	V3-V4	FWD:CCTACGGGNGGCWGCAG	Illumina MiSeq	irritable bowel syndrome	Gender Influences Gut Microbiota among Patients with Irritable Bowel Syndrome	IBS	
SRR24881509	PRJNA981704	IBS	1.0				Poland	V3-V4	FWD:CCTACGGGNGGCWGCAG	Illumina MiSeq	irritable bowel syndrome	Gender Influences Gut Microbiota among Patients with Irritable Bowel Syndrome	IBS	
SRR24881322	PRJNA981704	IBS	1.0				Poland	V3-V4	FWD:CCTACGGGNGGCWGCAG	Illumina MiSeq	irritable bowel syndrome	Gender Influences Gut Microbiota among Patients with Irritable Bowel Syndrome	IBS	
SRR24881323	PRJNA981704	IBS	1.0				Poland	V3-V4	FWD:CCTACGGGNGGCWGCAG	Illumina MiSeq	irritable bowel syndrome	Gender Influences Gut Microbiota among Patients with Irritable Bowel Syndrome	IBS	
SRR24881327	PRJNA981704	IBS	1.0				Poland	V3-V4	FWD:CCTACGGGNGGCWGCAG	Illumina MiSeq	irritable bowel syndrome	Gender Influences Gut Microbiota among Patients with Irritable Bowel Syndrome	IBS	
SRR24881332	PRJNA981704	IBS	1.0				Poland	V3-V4	FWD:CCTACGGGNGGCWGCAG	Illumina MiSeq	irritable bowel syndrome	Gender Influences Gut Microbiota among Patients with Irritable Bowel Syndrome	IBS	
SRR24881334	PRJNA981704	IBS	1.0				Poland	V3-V4	FWD:CCTACGGGNGGCWGCAG	Illumina MiSeq	irritable bowel syndrome	Gender Influences Gut Microbiota among Patients with Irritable Bowel Syndrome	IBS	
SRR24881336	PRJNA981704	IBS	1.0				Poland	V3-V4	FWD:CCTACGGGNGGCWGCAG	Illumina MiSeq	irritable bowel syndrome	Gender Influences Gut Microbiota among Patients with Irritable Bowel Syndrome	IBS	
SRR24881337	PRJNA981704	IBS	1.0				Poland	V3-V4	FWD:CCTACGGGNGGCWGCAG	Illumina MiSeq	irritable bowel syndrome	Gender Influences Gut Microbiota among Patients with Irritable Bowel Syndrome	IBS	
SRR24881341	PRJNA981704	IBS	1.0				Poland	V3-V4	FWD:CCTACGGGNGGCWGCAG	Illumina MiSeq	irritable bowel syndrome	Gender Influences Gut Microbiota among Patients with Irritable Bowel Syndrome	IBS	
SRR24881343	PRJNA981704	IBS	1.0				Poland	V3-V4	FWD:CCTACGGGNGGCWGCAG	Illumina MiSeq	irritable bowel syndrome	Gender Influences Gut Microbiota among Patients with Irritable Bowel Syndrome	IBS	
SRR24881345	PRJNA981704	IBS	1.0				Poland	V3-V4	FWD:CCTACGGGNGGCWGCAG	Illumina MiSeq	irritable bowel syndrome	Gender Influences Gut Microbiota among Patients with Irritable Bowel Syndrome	IBS	
SRR24881348	PRJNA981704	IBS	1.0				Poland	V3-V4	FWD:CCTACGGGNGGCWGCAG	Illumina MiSeq	irritable bowel syndrome	Gender Influences Gut Microbiota among Patients with Irritable Bowel Syndrome	IBS	
SRR24881351	PRJNA981704	IBS	1.0				Poland	V3-V4	FWD:CCTACGGGNGGCWGCAG	Illumina MiSeq	irritable bowel syndrome	Gender Influences Gut Microbiota among Patients with Irritable Bowel Syndrome	IBS	
SRR24881357	PRJNA981704	IBS	1.0				Poland	V3-V4	FWD:CCTACGGGNGGCWGCAG	Illumina MiSeq	irritable bowel syndrome	Gender Influences Gut Microbiota among Patients with Irritable Bowel Syndrome	IBS	
SRR24881366	PRJNA981704	IBS	1.0				Poland	V3-V4	FWD:CCTACGGGNGGCWGCAG	Illumina MiSeq	irritable bowel syndrome	Gender Influences Gut Microbiota among Patients with Irritable Bowel Syndrome	IBS	
SRR24881385	PRJNA981704	IBS	1.0				Poland	V3-V4	FWD:CCTACGGGNGGCWGCAG	Illumina MiSeq	irritable bowel syndrome	Gender Influences Gut Microbiota among Patients with Irritable Bowel Syndrome	IBS	
SRR24881389	PRJNA981704	healthy	0.0				Poland	V3-V4	FWD:CCTACGGGNGGCWGCAG	Illumina MiSeq	irritable bowel syndrome	Gender Influences Gut Microbiota among Patients with Irritable Bowel Syndrome	IBS	
SRR24881391	PRJNA981704	healthy	0.0				Poland	V3-V4	FWD:CCTACGGGNGGCWGCAG	Illumina MiSeq	irritable bowel syndrome	Gender Influences Gut Microbiota among Patients with Irritable Bowel Syndrome	IBS	
SRR24881392	PRJNA981704	healthy	0.0				Poland	V3-V4	FWD:CCTACGGGNGGCWGCAG	Illumina MiSeq	irritable bowel syndrome	Gender Influences Gut Microbiota among Patients with Irritable Bowel Syndrome	IBS	
SRR24881394	PRJNA981704	healthy	0.0				Poland	V3-V4	FWD:CCTACGGGNGGCWGCAG	Illumina MiSeq	irritable bowel syndrome	Gender Influences Gut Microbiota among Patients with Irritable Bowel Syndrome	IBS	
SRR24881397	PRJNA981704	IBS	1.0				Poland	V3-V4	FWD:CCTACGGGNGGCWGCAG	Illumina MiSeq	irritable bowel syndrome	Gender Influences Gut Microbiota among Patients with Irritable Bowel Syndrome	IBS	
SRR24881400	PRJNA981704	healthy	0.0				Poland	V3-V4	FWD:CCTACGGGNGGCWGCAG	Illumina MiSeq	irritable bowel syndrome	Gender Influences Gut Microbiota among Patients with Irritable Bowel Syndrome	IBS	
SRR24881409	PRJNA981704	healthy	0.0				Poland	V3-V4	FWD:CCTACGGGNGGCWGCAG	Illumina MiSeq	irritable bowel syndrome	Gender Influences Gut Microbiota among Patients with Irritable Bowel Syndrome	IBS	
SRR24881413	PRJNA981704	healthy	0.0				Poland	V3-V4	FWD:CCTACGGGNGGCWGCAG	Illumina MiSeq	irritable bowel syndrome	Gender Influences Gut Microbiota among Patients with Irritable Bowel Syndrome	IBS	
SRR24881414	PRJNA981704	healthy	0.0				Poland	V3-V4	FWD:CCTACGGGNGGCWGCAG	Illumina MiSeq	irritable bowel syndrome	Gender Influences Gut Microbiota among Patients with Irritable Bowel Syndrome	IBS	
SRR24881417	PRJNA981704	healthy	0.0				Poland	V3-V4	FWD:CCTACGGGNGGCWGCAG	Illumina MiSeq	irritable bowel syndrome	Gender Influences Gut Microbiota among Patients with Irritable Bowel Syndrome	IBS	
SRR24881418	PRJNA981704	healthy	0.0				Poland	V3-V4	FWD:CCTACGGGNGGCWGCAG	Illumina MiSeq	irritable bowel syndrome	Gender Influences Gut Microbiota among Patients with Irritable Bowel Syndrome	IBS	
SRR24881423	PRJNA981704	healthy	0.0				Poland	V3-V4	FWD:CCTACGGGNGGCWGCAG	Illumina MiSeq	irritable bowel syndrome	Gender Influences Gut Microbiota among Patients with Irritable Bowel Syndrome	IBS	
SRR24881438	PRJNA981704	healthy	0.0				Poland	V3-V4	FWD:CCTACGGGNGGCWGCAG	Illumina MiSeq	irritable bowel syndrome	Gender Influences Gut Microbiota among Patients with Irritable Bowel Syndrome	IBS	
SRR24881445	PRJNA981704	IBS	1.0				Poland	V3-V4	FWD:CCTACGGGNGGCWGCAG	Illumina MiSeq	irritable bowel syndrome	Gender Influences Gut Microbiota among Patients with Irritable Bowel Syndrome	IBS	
SRR24881455	PRJNA981704	IBS	1.0				Poland	V3-V4	FWD:CCTACGGGNGGCWGCAG	Illumina MiSeq	irritable bowel syndrome	Gender Influences Gut Microbiota among Patients with Irritable Bowel Syndrome	IBS	
SRR24881473	PRJNA981704	healthy	0.0				Poland	V3-V4	FWD:CCTACGGGNGGCWGCAG	Illumina MiSeq	irritable bowel syndrome	Gender Influences Gut Microbiota among Patients with Irritable Bowel Syndrome	IBS	
SRR24881476	PRJNA981704	healthy	0.0				Poland	V3-V4	FWD:CCTACGGGNGGCWGCAG	Illumina MiSeq	irritable bowel syndrome	Gender Influences Gut Microbiota among Patients with Irritable Bowel Syndrome	IBS	
SRR24881479	PRJNA981704	healthy	0.0				Poland	V3-V4	FWD:CCTACGGGNGGCWGCAG	Illumina MiSeq	irritable bowel syndrome	Gender Influences Gut Microbiota among Patients with Irritable Bowel Syndrome	IBS	
SRR24881483	PRJNA981704	IBS	1.0				Poland	V3-V4	FWD:CCTACGGGNGGCWGCAG	Illumina MiSeq	irritable bowel syndrome	Gender Influences Gut Microbiota among Patients with Irritable Bowel Syndrome	IBS	
SRR24881492	PRJNA981704	IBS	1.0				Poland	V3-V4	FWD:CCTACGGGNGGCWGCAG	Illumina MiSeq	irritable bowel syndrome	Gender Influences Gut Microbiota among Patients with Irritable Bowel Syndrome	IBS	
SRR24881500	PRJNA981704	IBS	1.0				Poland	V3-V4	FWD:CCTACGGGNGGCWGCAG	Illumina MiSeq	irritable bowel syndrome	Gender Influences Gut Microbiota among Patients with Irritable Bowel Syndrome	IBS	
SRR24881501	PRJNA981704	IBS	1.0				Poland	V3-V4	FWD:CCTACGGGNGGCWGCAG	Illumina MiSeq	irritable bowel syndrome	Gender Influences Gut Microbiota among Patients with Irritable Bowel Syndrome	IBS	
SRR24881502	PRJNA981704	IBS	1.0				Poland	V3-V4	FWD:CCTACGGGNGGCWGCAG	Illumina MiSeq	irritable bowel syndrome	Gender Influences Gut Microbiota among Patients with Irritable Bowel Syndrome	IBS	
SRR24881503	PRJNA981704	IBS	1.0				Poland	V3-V4	FWD:CCTACGGGNGGCWGCAG	Illumina MiSeq	irritable bowel syndrome	Gender Influences Gut Microbiota among Patients with Irritable Bowel Syndrome	IBS	
SRR24881506	PRJNA981704	IBS	1.0				Poland	V3-V4	FWD:CCTACGGGNGGCWGCAG	Illumina MiSeq	irritable bowel syndrome	Gender Influences Gut Microbiota among Patients with Irritable Bowel Syndrome	IBS	
SRR24881507	PRJNA981704	IBS	1.0				Poland	V3-V4	FWD:CCTACGGGNGGCWGCAG	Illumina MiSeq	irritable bowel syndrome	Gender Influences Gut Microbiota among Patients with Irritable Bowel Syndrome	IBS	
SRR24881320	PRJNA981704	IBS	1.0				Poland	V3-V4	FWD:CCTACGGGNGGCWGCAG	Illumina MiSeq	irritable bowel syndrome	Gender Influences Gut Microbiota among Patients with Irritable Bowel Syndrome	IBS	
SRR24881321	PRJNA981704	IBS	1.0				Poland	V3-V4	FWD:CCTACGGGNGGCWGCAG	Illumina MiSeq	irritable bowel syndrome	Gender Influences Gut Microbiota among Patients with Irritable Bowel Syndrome	IBS	
SRR24881329	PRJNA981704	IBS	1.0				Poland	V3-V4	FWD:CCTACGGGNGGCWGCAG	Illumina MiSeq	irritable bowel syndrome	Gender Influences Gut Microbiota among Patients with Irritable Bowel Syndrome	IBS	
SRR24881339	PRJNA981704	IBS	1.0				Poland	V3-V4	FWD:CCTACGGGNGGCWGCAG	Illumina MiSeq	irritable bowel syndrome	Gender Influences Gut Microbiota among Patients with Irritable Bowel Syndrome	IBS	
SRR24881347	PRJNA981704	IBS	1.0				Poland	V3-V4	FWD:CCTACGGGNGGCWGCAG	Illumina MiSeq	irritable bowel syndrome	Gender Influences Gut Microbiota among Patients with Irritable Bowel Syndrome	IBS	
SRR24881352	PRJNA981704	IBS	1.0				Poland	V3-V4	FWD:CCTACGGGNGGCWGCAG	Illumina MiSeq	irritable bowel syndrome	Gender Influences Gut Microbiota among Patients with Irritable Bowel Syndrome	IBS	
SRR24881360	PRJNA981704	IBS	1.0				Poland	V3-V4	FWD:CCTACGGGNGGCWGCAG	Illumina MiSeq	irritable bowel syndrome	Gender Influences Gut Microbiota among Patients with Irritable Bowel Syndrome	IBS	
SRR24881363	PRJNA981704	IBS	1.0				Poland	V3-V4	FWD:CCTACGGGNGGCWGCAG	Illumina MiSeq	irritable bowel syndrome	Gender Influences Gut Microbiota among Patients with Irritable Bowel Syndrome	IBS	
SRR24881365	PRJNA981704	IBS	1.0				Poland	V3-V4	FWD:CCTACGGGNGGCWGCAG	Illumina MiSeq	irritable bowel syndrome	Gender Influences Gut Microbiota among Patients with Irritable Bowel Syndrome	IBS	
SRR24881372	PRJNA981704	IBS	1.0				Poland	V3-V4	FWD:CCTACGGGNGGCWGCAG	Illumina MiSeq	irritable bowel syndrome	Gender Influences Gut Microbiota among Patients with Irritable Bowel Syndrome	IBS	
SRR24881374	PRJNA981704	IBS	1.0				Poland	V3-V4	FWD:CCTACGGGNGGCWGCAG	Illumina MiSeq	irritable bowel syndrome	Gender Influences Gut Microbiota among Patients with Irritable Bowel Syndrome	IBS	
SRR24881378	PRJNA981704	IBS	1.0				Poland	V3-V4	FWD:CCTACGGGNGGCWGCAG	Illumina MiSeq	irritable bowel syndrome	Gender Influences Gut Microbiota among Patients with Irritable Bowel Syndrome	IBS	
SRR24881379	PRJNA981704	IBS	1.0				Poland	V3-V4	FWD:CCTACGGGNGGCWGCAG	Illumina MiSeq	irritable bowel syndrome	Gender Influences Gut Microbiota among Patients with Irritable Bowel Syndrome	IBS	
SRR24881384	PRJNA981704	healthy	0.0				Poland	V3-V4	FWD:CCTACGGGNGGCWGCAG	Illumina MiSeq	irritable bowel syndrome	Gender Influences Gut Microbiota among Patients with Irritable Bowel Syndrome	IBS	
SRR24881388	PRJNA981704	healthy	0.0				Poland	V3-V4	FWD:CCTACGGGNGGCWGCAG	Illumina MiSeq	irritable bowel syndrome	Gender Influences Gut Microbiota among Patients with Irritable Bowel Syndrome	IBS	
SRR24881393	PRJNA981704	healthy	0.0				Poland	V3-V4	FWD:CCTACGGGNGGCWGCAG	Illumina MiSeq	irritable bowel syndrome	Gender Influences Gut Microbiota among Patients with Irritable Bowel Syndrome	IBS	
SRR24881395	PRJNA981704	healthy	0.0				Poland	V3-V4	FWD:CCTACGGGNGGCWGCAG	Illumina MiSeq	irritable bowel syndrome	Gender Influences Gut Microbiota among Patients with Irritable Bowel Syndrome	IBS	
SRR24881402	PRJNA981704	healthy	0.0				Poland	V3-V4	FWD:CCTACGGGNGGCWGCAG	Illumina MiSeq	irritable bowel syndrome	Gender Influences Gut Microbiota among Patients with Irritable Bowel Syndrome	IBS	
SRR24881421	PRJNA981704	healthy	0.0				Poland	V3-V4	FWD:CCTACGGGNGGCWGCAG	Illumina MiSeq	irritable bowel syndrome	Gender Influences Gut Microbiota among Patients with Irritable Bowel Syndrome	IBS	
SRR24881422	PRJNA981704	healthy	0.0				Poland	V3-V4	FWD:CCTACGGGNGGCWGCAG	Illumina MiSeq	irritable bowel syndrome	Gender Influences Gut Microbiota among Patients with Irritable Bowel Syndrome	IBS	
SRR24881430	PRJNA981704	healthy	0.0				Poland	V3-V4	FWD:CCTACGGGNGGCWGCAG	Illumina MiSeq	irritable bowel syndrome	Gender Influences Gut Microbiota among Patients with Irritable Bowel Syndrome	IBS	
SRR24881432	PRJNA981704	IBS	1.0				Poland	V3-V4	FWD:CCTACGGGNGGCWGCAG	Illumina MiSeq	irritable bowel syndrome	Gender Influences Gut Microbiota among Patients with Irritable Bowel Syndrome	IBS	
SRR24881440	PRJNA981704	healthy	0.0				Poland	V3-V4	FWD:CCTACGGGNGGCWGCAG	Illumina MiSeq	irritable bowel syndrome	Gender Influences Gut Microbiota among Patients with Irritable Bowel Syndrome	IBS	
SRR24881441	PRJNA981704	healthy	0.0				Poland	V3-V4	FWD:CCTACGGGNGGCWGCAG	Illumina MiSeq	irritable bowel syndrome	Gender Influences Gut Microbiota among Patients with Irritable Bowel Syndrome	IBS	
SRR24881448	PRJNA981704	IBS	1.0				Poland	V3-V4	FWD:CCTACGGGNGGCWGCAG	Illumina MiSeq	irritable bowel syndrome	Gender Influences Gut Microbiota among Patients with Irritable Bowel Syndrome	IBS	
SRR24881452	PRJNA981704	IBS	1.0				Poland	V3-V4	FWD:CCTACGGGNGGCWGCAG	Illumina MiSeq	irritable bowel syndrome	Gender Influences Gut Microbiota among Patients with Irritable Bowel Syndrome	IBS	
SRR24881460	PRJNA981704	IBS	1.0				Poland	V3-V4	FWD:CCTACGGGNGGCWGCAG	Illumina MiSeq	irritable bowel syndrome	Gender Influences Gut Microbiota among Patients with Irritable Bowel Syndrome	IBS	
SRR24881462	PRJNA981704	IBS	1.0				Poland	V3-V4	FWD:CCTACGGGNGGCWGCAG	Illumina MiSeq	irritable bowel syndrome	Gender Influences Gut Microbiota among Patients with Irritable Bowel Syndrome	IBS	
SRR24881463	PRJNA981704	IBS	1.0				Poland	V3-V4	FWD:CCTACGGGNGGCWGCAG	Illumina MiSeq	irritable bowel syndrome	Gender Influences Gut Microbiota among Patients with Irritable Bowel Syndrome	IBS	
SRR24881464	PRJNA981704	IBS	1.0				Poland	V3-V4	FWD:CCTACGGGNGGCWGCAG	Illumina MiSeq	irritable bowel syndrome	Gender Influences Gut Microbiota among Patients with Irritable Bowel Syndrome	IBS	
SRR24881466	PRJNA981704	healthy	0.0				Poland	V3-V4	FWD:CCTACGGGNGGCWGCAG	Illumina MiSeq	irritable bowel syndrome	Gender Influences Gut Microbiota among Patients with Irritable Bowel Syndrome	IBS	
SRR24881470	PRJNA981704	healthy	0.0				Poland	V3-V4	FWD:CCTACGGGNGGCWGCAG	Illumina MiSeq	irritable bowel syndrome	Gender Influences Gut Microbiota among Patients with Irritable Bowel Syndrome	IBS	
SRR24881491	PRJNA981704	IBS	1.0				Poland	V3-V4	FWD:CCTACGGGNGGCWGCAG	Illumina MiSeq	irritable bowel syndrome	Gender Influences Gut Microbiota among Patients with Irritable Bowel Syndrome	IBS	
SRR24881319	PRJNA981704	IBS	1.0				Poland	V3-V4	FWD:CCTACGGGNGGCWGCAG	Illumina MiSeq	irritable bowel syndrome	Gender Influences Gut Microbiota among Patients with Irritable Bowel Syndrome	IBS	
SRR24881324	PRJNA981704	IBS	1.0				Poland	V3-V4	FWD:CCTACGGGNGGCWGCAG	Illumina MiSeq	irritable bowel syndrome	Gender Influences Gut Microbiota among Patients with Irritable Bowel Syndrome	IBS	
SRR24881326	PRJNA981704	IBS	1.0				Poland	V3-V4	FWD:CCTACGGGNGGCWGCAG	Illumina MiSeq	irritable bowel syndrome	Gender Influences Gut Microbiota among Patients with Irritable Bowel Syndrome	IBS	
SRR24881331	PRJNA981704	IBS	1.0				Poland	V3-V4	FWD:CCTACGGGNGGCWGCAG	Illumina MiSeq	irritable bowel syndrome	Gender Influences Gut Microbiota among Patients with Irritable Bowel Syndrome	IBS	
SRR24881340	PRJNA981704	IBS	1.0				Poland	V3-V4	FWD:CCTACGGGNGGCWGCAG	Illumina MiSeq	irritable bowel syndrome	Gender Influences Gut Microbiota among Patients with Irritable Bowel Syndrome	IBS	
SRR24881346	PRJNA981704	IBS	1.0				Poland	V3-V4	FWD:CCTACGGGNGGCWGCAG	Illumina MiSeq	irritable bowel syndrome	Gender Influences Gut Microbiota among Patients with Irritable Bowel Syndrome	IBS	
SRR24881354	PRJNA981704	IBS	1.0				Poland	V3-V4	FWD:CCTACGGGNGGCWGCAG	Illumina MiSeq	irritable bowel syndrome	Gender Influences Gut Microbiota among Patients with Irritable Bowel Syndrome	IBS	
SRR24881355	PRJNA981704	IBS	1.0				Poland	V3-V4	FWD:CCTACGGGNGGCWGCAG	Illumina MiSeq	irritable bowel syndrome	Gender Influences Gut Microbiota among Patients with Irritable Bowel Syndrome	IBS	
SRR24881358	PRJNA981704	IBS	1.0				Poland	V3-V4	FWD:CCTACGGGNGGCWGCAG	Illumina MiSeq	irritable bowel syndrome	Gender Influences Gut Microbiota among Patients with Irritable Bowel Syndrome	IBS	
SRR24881359	PRJNA981704	IBS	1.0				Poland	V3-V4	FWD:CCTACGGGNGGCWGCAG	Illumina MiSeq	irritable bowel syndrome	Gender Influences Gut Microbiota among Patients with Irritable Bowel Syndrome	IBS	
SRR24881361	PRJNA981704	IBS	1.0				Poland	V3-V4	FWD:CCTACGGGNGGCWGCAG	Illumina MiSeq	irritable bowel syndrome	Gender Influences Gut Microbiota among Patients with Irritable Bowel Syndrome	IBS	
SRR24881362	PRJNA981704	IBS	1.0				Poland	V3-V4	FWD:CCTACGGGNGGCWGCAG	Illumina MiSeq	irritable bowel syndrome	Gender Influences Gut Microbiota among Patients with Irritable Bowel Syndrome	IBS	
SRR24881367	PRJNA981704	IBS	1.0				Poland	V3-V4	FWD:CCTACGGGNGGCWGCAG	Illumina MiSeq	irritable bowel syndrome	Gender Influences Gut Microbiota among Patients with Irritable Bowel Syndrome	IBS	
SRR24881368	PRJNA981704	IBS	1.0				Poland	V3-V4	FWD:CCTACGGGNGGCWGCAG	Illumina MiSeq	irritable bowel syndrome	Gender Influences Gut Microbiota among Patients with Irritable Bowel Syndrome	IBS	
SRR24881369	PRJNA981704	IBS	1.0				Poland	V3-V4	FWD:CCTACGGGNGGCWGCAG	Illumina MiSeq	irritable bowel syndrome	Gender Influences Gut Microbiota among Patients with Irritable Bowel Syndrome	IBS	
SRR24881371	PRJNA981704	IBS	1.0				Poland	V3-V4	FWD:CCTACGGGNGGCWGCAG	Illumina MiSeq	irritable bowel syndrome	Gender Influences Gut Microbiota among Patients with Irritable Bowel Syndrome	IBS	
SRR24881373	PRJNA981704	IBS	1.0				Poland	V3-V4	FWD:CCTACGGGNGGCWGCAG	Illumina MiSeq	irritable bowel syndrome	Gender Influences Gut Microbiota among Patients with Irritable Bowel Syndrome	IBS	
SRR24881375	PRJNA981704	IBS	1.0				Poland	V3-V4	FWD:CCTACGGGNGGCWGCAG	Illumina MiSeq	irritable bowel syndrome	Gender Influences Gut Microbiota among Patients with Irritable Bowel Syndrome	IBS	
SRR24881377	PRJNA981704	IBS	1.0				Poland	V3-V4	FWD:CCTACGGGNGGCWGCAG	Illumina MiSeq	irritable bowel syndrome	Gender Influences Gut Microbiota among Patients with Irritable Bowel Syndrome	IBS	
SRR24881383	PRJNA981704	IBS	1.0				Poland	V3-V4	FWD:CCTACGGGNGGCWGCAG	Illumina MiSeq	irritable bowel syndrome	Gender Influences Gut Microbiota among Patients with Irritable Bowel Syndrome	IBS	
SRR24881401	PRJNA981704	healthy	0.0				Poland	V3-V4	FWD:CCTACGGGNGGCWGCAG	Illumina MiSeq	irritable bowel syndrome	Gender Influences Gut Microbiota among Patients with Irritable Bowel Syndrome	IBS	
SRR24881406	PRJNA981704	healthy	0.0				Poland	V3-V4	FWD:CCTACGGGNGGCWGCAG	Illumina MiSeq	irritable bowel syndrome	Gender Influences Gut Microbiota among Patients with Irritable Bowel Syndrome	IBS	
SRR24881407	PRJNA981704	healthy	0.0				Poland	V3-V4	FWD:CCTACGGGNGGCWGCAG	Illumina MiSeq	irritable bowel syndrome	Gender Influences Gut Microbiota among Patients with Irritable Bowel Syndrome	IBS	
SRR24881408	PRJNA981704	healthy	0.0				Poland	V3-V4	FWD:CCTACGGGNGGCWGCAG	Illumina MiSeq	irritable bowel syndrome	Gender Influences Gut Microbiota among Patients with Irritable Bowel Syndrome	IBS	
SRR24881415	PRJNA981704	healthy	0.0				Poland	V3-V4	FWD:CCTACGGGNGGCWGCAG	Illumina MiSeq	irritable bowel syndrome	Gender Influences Gut Microbiota among Patients with Irritable Bowel Syndrome	IBS	
SRR24881419	PRJNA981704	healthy	0.0				Poland	V3-V4	FWD:CCTACGGGNGGCWGCAG	Illumina MiSeq	irritable bowel syndrome	Gender Influences Gut Microbiota among Patients with Irritable Bowel Syndrome	IBS	
SRR24881424	PRJNA981704	healthy	0.0				Poland	V3-V4	FWD:CCTACGGGNGGCWGCAG	Illumina MiSeq	irritable bowel syndrome	Gender Influences Gut Microbiota among Patients with Irritable Bowel Syndrome	IBS	
SRR24881426	PRJNA981704	healthy	0.0				Poland	V3-V4	FWD:CCTACGGGNGGCWGCAG	Illumina MiSeq	irritable bowel syndrome	Gender Influences Gut Microbiota among Patients with Irritable Bowel Syndrome	IBS	
SRR24881429	PRJNA981704	healthy	0.0				Poland	V3-V4	FWD:CCTACGGGNGGCWGCAG	Illumina MiSeq	irritable bowel syndrome	Gender Influences Gut Microbiota among Patients with Irritable Bowel Syndrome	IBS	
SRR24881431	PRJNA981704	healthy	0.0				Poland	V3-V4	FWD:CCTACGGGNGGCWGCAG	Illumina MiSeq	irritable bowel syndrome	Gender Influences Gut Microbiota among Patients with Irritable Bowel Syndrome	IBS	
SRR24881435	PRJNA981704	healthy	0.0				Poland	V3-V4	FWD:CCTACGGGNGGCWGCAG	Illumina MiSeq	irritable bowel syndrome	Gender Influences Gut Microbiota among Patients with Irritable Bowel Syndrome	IBS	
SRR24881443	PRJNA981704	IBS	1.0				Poland	V3-V4	FWD:CCTACGGGNGGCWGCAG	Illumina MiSeq	irritable bowel syndrome	Gender Influences Gut Microbiota among Patients with Irritable Bowel Syndrome	IBS	
SRR24881444	PRJNA981704	IBS	1.0				Poland	V3-V4	FWD:CCTACGGGNGGCWGCAG	Illumina MiSeq	irritable bowel syndrome	Gender Influences Gut Microbiota among Patients with Irritable Bowel Syndrome	IBS	
SRR24881450	PRJNA981704	IBS	1.0				Poland	V3-V4	FWD:CCTACGGGNGGCWGCAG	Illumina MiSeq	irritable bowel syndrome	Gender Influences Gut Microbiota among Patients with Irritable Bowel Syndrome	IBS	
SRR24881451	PRJNA981704	IBS	1.0				Poland	V3-V4	FWD:CCTACGGGNGGCWGCAG	Illumina MiSeq	irritable bowel syndrome	Gender Influences Gut Microbiota among Patients with Irritable Bowel Syndrome	IBS	
SRR24881453	PRJNA981704	IBS	1.0				Poland	V3-V4	FWD:CCTACGGGNGGCWGCAG	Illumina MiSeq	irritable bowel syndrome	Gender Influences Gut Microbiota among Patients with Irritable Bowel Syndrome	IBS	
SRR24881458	PRJNA981704	IBS	1.0				Poland	V3-V4	FWD:CCTACGGGNGGCWGCAG	Illumina MiSeq	irritable bowel syndrome	Gender Influences Gut Microbiota among Patients with Irritable Bowel Syndrome	IBS	
SRR24881459	PRJNA981704	IBS	1.0				Poland	V3-V4	FWD:CCTACGGGNGGCWGCAG	Illumina MiSeq	irritable bowel syndrome	Gender Influences Gut Microbiota among Patients with Irritable Bowel Syndrome	IBS	
SRR24881471	PRJNA981704	healthy	0.0				Poland	V3-V4	FWD:CCTACGGGNGGCWGCAG	Illumina MiSeq	irritable bowel syndrome	Gender Influences Gut Microbiota among Patients with Irritable Bowel Syndrome	IBS	
SRR24881472	PRJNA981704	IBS	1.0				Poland	V3-V4	FWD:CCTACGGGNGGCWGCAG	Illumina MiSeq	irritable bowel syndrome	Gender Influences Gut Microbiota among Patients with Irritable Bowel Syndrome	IBS	
SRR24881474	PRJNA981704	healthy	0.0				Poland	V3-V4	FWD:CCTACGGGNGGCWGCAG	Illumina MiSeq	irritable bowel syndrome	Gender Influences Gut Microbiota among Patients with Irritable Bowel Syndrome	IBS	
SRR24881475	PRJNA981704	healthy	0.0				Poland	V3-V4	FWD:CCTACGGGNGGCWGCAG	Illumina MiSeq	irritable bowel syndrome	Gender Influences Gut Microbiota among Patients with Irritable Bowel Syndrome	IBS	
SRR24881478	PRJNA981704	healthy	0.0				Poland	V3-V4	FWD:CCTACGGGNGGCWGCAG	Illumina MiSeq	irritable bowel syndrome	Gender Influences Gut Microbiota among Patients with Irritable Bowel Syndrome	IBS	
SRR24881481	PRJNA981704	healthy	0.0				Poland	V3-V4	FWD:CCTACGGGNGGCWGCAG	Illumina MiSeq	irritable bowel syndrome	Gender Influences Gut Microbiota among Patients with Irritable Bowel Syndrome	IBS	
SRR24881487	PRJNA981704	IBS	1.0				Poland	V3-V4	FWD:CCTACGGGNGGCWGCAG	Illumina MiSeq	irritable bowel syndrome	Gender Influences Gut Microbiota among Patients with Irritable Bowel Syndrome	IBS	
SRR24881490	PRJNA981704	IBS	1.0				Poland	V3-V4	FWD:CCTACGGGNGGCWGCAG	Illumina MiSeq	irritable bowel syndrome	Gender Influences Gut Microbiota among Patients with Irritable Bowel Syndrome	IBS	
SRR24881498	PRJNA981704	IBS	1.0				Poland	V3-V4	FWD:CCTACGGGNGGCWGCAG	Illumina MiSeq	irritable bowel syndrome	Gender Influences Gut Microbiota among Patients with Irritable Bowel Syndrome	IBS	
SRR24881505	PRJNA981704	IBS	1.0				Poland	V3-V4	FWD:CCTACGGGNGGCWGCAG	Illumina MiSeq	irritable bowel syndrome	Gender Influences Gut Microbiota among Patients with Irritable Bowel Syndrome	IBS	
SRR24881325	PRJNA981704	IBS	1.0				Poland	V3-V4	FWD:CCTACGGGNGGCWGCAG	Illumina MiSeq	irritable bowel syndrome	Gender Influences Gut Microbiota among Patients with Irritable Bowel Syndrome	IBS	
SRR24881328	PRJNA981704	IBS	1.0				Poland	V3-V4	FWD:CCTACGGGNGGCWGCAG	Illumina MiSeq	irritable bowel syndrome	Gender Influences Gut Microbiota among Patients with Irritable Bowel Syndrome	IBS	
SRR24881335	PRJNA981704	IBS	1.0				Poland	V3-V4	FWD:CCTACGGGNGGCWGCAG	Illumina MiSeq	irritable bowel syndrome	Gender Influences Gut Microbiota among Patients with Irritable Bowel Syndrome	IBS	
SRR24881350	PRJNA981704	IBS	1.0				Poland	V3-V4	FWD:CCTACGGGNGGCWGCAG	Illumina MiSeq	irritable bowel syndrome	Gender Influences Gut Microbiota among Patients with Irritable Bowel Syndrome	IBS	
SRR24881353	PRJNA981704	IBS	1.0				Poland	V3-V4	FWD:CCTACGGGNGGCWGCAG	Illumina MiSeq	irritable bowel syndrome	Gender Influences Gut Microbiota among Patients with Irritable Bowel Syndrome	IBS	
SRR24881370	PRJNA981704	IBS	1.0				Poland	V3-V4	FWD:CCTACGGGNGGCWGCAG	Illumina MiSeq	irritable bowel syndrome	Gender Influences Gut Microbiota among Patients with Irritable Bowel Syndrome	IBS	
SRR24881386	PRJNA981704	healthy	0.0				Poland	V3-V4	FWD:CCTACGGGNGGCWGCAG	Illumina MiSeq	irritable bowel syndrome	Gender Influences Gut Microbiota among Patients with Irritable Bowel Syndrome	IBS	
SRR24881387	PRJNA981704	IBS	1.0				Poland	V3-V4	FWD:CCTACGGGNGGCWGCAG	Illumina MiSeq	irritable bowel syndrome	Gender Influences Gut Microbiota among Patients with Irritable Bowel Syndrome	IBS	
SRR24881396	PRJNA981704	healthy	0.0				Poland	V3-V4	FWD:CCTACGGGNGGCWGCAG	Illumina MiSeq	irritable bowel syndrome	Gender Influences Gut Microbiota among Patients with Irritable Bowel Syndrome	IBS	
SRR24881398	PRJNA981704	healthy	0.0				Poland	V3-V4	FWD:CCTACGGGNGGCWGCAG	Illumina MiSeq	irritable bowel syndrome	Gender Influences Gut Microbiota among Patients with Irritable Bowel Syndrome	IBS	
SRR24881399	PRJNA981704	healthy	0.0				Poland	V3-V4	FWD:CCTACGGGNGGCWGCAG	Illumina MiSeq	irritable bowel syndrome	Gender Influences Gut Microbiota among Patients with Irritable Bowel Syndrome	IBS	
SRR24881404	PRJNA981704	healthy	0.0				Poland	V3-V4	FWD:CCTACGGGNGGCWGCAG	Illumina MiSeq	irritable bowel syndrome	Gender Influences Gut Microbiota among Patients with Irritable Bowel Syndrome	IBS	
SRR24881405	PRJNA981704	healthy	0.0				Poland	V3-V4	FWD:CCTACGGGNGGCWGCAG	Illumina MiSeq	irritable bowel syndrome	Gender Influences Gut Microbiota among Patients with Irritable Bowel Syndrome	IBS	
SRR24881411	PRJNA981704	healthy	0.0				Poland	V3-V4	FWD:CCTACGGGNGGCWGCAG	Illumina MiSeq	irritable bowel syndrome	Gender Influences Gut Microbiota among Patients with Irritable Bowel Syndrome	IBS	
SRR24881412	PRJNA981704	healthy	0.0				Poland	V3-V4	FWD:CCTACGGGNGGCWGCAG	Illumina MiSeq	irritable bowel syndrome	Gender Influences Gut Microbiota among Patients with Irritable Bowel Syndrome	IBS	
SRR24881420	PRJNA981704	IBS	1.0				Poland	V3-V4	FWD:CCTACGGGNGGCWGCAG	Illumina MiSeq	irritable bowel syndrome	Gender Influences Gut Microbiota among Patients with Irritable Bowel Syndrome	IBS	
SRR24881427	PRJNA981704	healthy	0.0				Poland	V3-V4	FWD:CCTACGGGNGGCWGCAG	Illumina MiSeq	irritable bowel syndrome	Gender Influences Gut Microbiota among Patients with Irritable Bowel Syndrome	IBS	
SRR24881428	PRJNA981704	healthy	0.0				Poland	V3-V4	FWD:CCTACGGGNGGCWGCAG	Illumina MiSeq	irritable bowel syndrome	Gender Influences Gut Microbiota among Patients with Irritable Bowel Syndrome	IBS	
SRR24881433	PRJNA981704	healthy	0.0				Poland	V3-V4	FWD:CCTACGGGNGGCWGCAG	Illumina MiSeq	irritable bowel syndrome	Gender Influences Gut Microbiota among Patients with Irritable Bowel Syndrome	IBS	
SRR24881434	PRJNA981704	healthy	0.0				Poland	V3-V4	FWD:CCTACGGGNGGCWGCAG	Illumina MiSeq	irritable bowel syndrome	Gender Influences Gut Microbiota among Patients with Irritable Bowel Syndrome	IBS	
SRR24881436	PRJNA981704	healthy	0.0				Poland	V3-V4	FWD:CCTACGGGNGGCWGCAG	Illumina MiSeq	irritable bowel syndrome	Gender Influences Gut Microbiota among Patients with Irritable Bowel Syndrome	IBS	
SRR24881437	PRJNA981704	healthy	0.0				Poland	V3-V4	FWD:CCTACGGGNGGCWGCAG	Illumina MiSeq	irritable bowel syndrome	Gender Influences Gut Microbiota among Patients with Irritable Bowel Syndrome	IBS	
SRR24881439	PRJNA981704	healthy	0.0				Poland	V3-V4	FWD:CCTACGGGNGGCWGCAG	Illumina MiSeq	irritable bowel syndrome	Gender Influences Gut Microbiota among Patients with Irritable Bowel Syndrome	IBS	
SRR24881446	PRJNA981704	IBS	1.0				Poland	V3-V4	FWD:CCTACGGGNGGCWGCAG	Illumina MiSeq	irritable bowel syndrome	Gender Influences Gut Microbiota among Patients with Irritable Bowel Syndrome	IBS	
SRR24881449	PRJNA981704	IBS	1.0				Poland	V3-V4	FWD:CCTACGGGNGGCWGCAG	Illumina MiSeq	irritable bowel syndrome	Gender Influences Gut Microbiota among Patients with Irritable Bowel Syndrome	IBS	
SRR24881454	PRJNA981704	IBS	1.0				Poland	V3-V4	FWD:CCTACGGGNGGCWGCAG	Illumina MiSeq	irritable bowel syndrome	Gender Influences Gut Microbiota among Patients with Irritable Bowel Syndrome	IBS	
SRR24881456	PRJNA981704	IBS	1.0				Poland	V3-V4	FWD:CCTACGGGNGGCWGCAG	Illumina MiSeq	irritable bowel syndrome	Gender Influences Gut Microbiota among Patients with Irritable Bowel Syndrome	IBS	
SRR24881457	PRJNA981704	IBS	1.0				Poland	V3-V4	FWD:CCTACGGGNGGCWGCAG	Illumina MiSeq	irritable bowel syndrome	Gender Influences Gut Microbiota among Patients with Irritable Bowel Syndrome	IBS	
SRR24881467	PRJNA981704	healthy	0.0				Poland	V3-V4	FWD:CCTACGGGNGGCWGCAG	Illumina MiSeq	irritable bowel syndrome	Gender Influences Gut Microbiota among Patients with Irritable Bowel Syndrome	IBS	
SRR24881469	PRJNA981704	healthy	0.0				Poland	V3-V4	FWD:CCTACGGGNGGCWGCAG	Illumina MiSeq	irritable bowel syndrome	Gender Influences Gut Microbiota among Patients with Irritable Bowel Syndrome	IBS	
SRR24881477	PRJNA981704	healthy	0.0				Poland	V3-V4	FWD:CCTACGGGNGGCWGCAG	Illumina MiSeq	irritable bowel syndrome	Gender Influences Gut Microbiota among Patients with Irritable Bowel Syndrome	IBS	
SRR24881480	PRJNA981704	healthy	0.0				Poland	V3-V4	FWD:CCTACGGGNGGCWGCAG	Illumina MiSeq	irritable bowel syndrome	Gender Influences Gut Microbiota among Patients with Irritable Bowel Syndrome	IBS	
SRR24881484	PRJNA981704	healthy	0.0				Poland	V3-V4	FWD:CCTACGGGNGGCWGCAG	Illumina MiSeq	irritable bowel syndrome	Gender Influences Gut Microbiota among Patients with Irritable Bowel Syndrome	IBS	
SRR24881485	PRJNA981704	healthy	0.0				Poland	V3-V4	FWD:CCTACGGGNGGCWGCAG	Illumina MiSeq	irritable bowel syndrome	Gender Influences Gut Microbiota among Patients with Irritable Bowel Syndrome	IBS	
SRR24881486	PRJNA981704	IBS	1.0				Poland	V3-V4	FWD:CCTACGGGNGGCWGCAG	Illumina MiSeq	irritable bowel syndrome	Gender Influences Gut Microbiota among Patients with Irritable Bowel Syndrome	IBS	
SRR24881488	PRJNA981704	IBS	1.0				Poland	V3-V4	FWD:CCTACGGGNGGCWGCAG	Illumina MiSeq	irritable bowel syndrome	Gender Influences Gut Microbiota among Patients with Irritable Bowel Syndrome	IBS	
SRR24881489	PRJNA981704	IBS	1.0				Poland	V3-V4	FWD:CCTACGGGNGGCWGCAG	Illumina MiSeq	irritable bowel syndrome	Gender Influences Gut Microbiota among Patients with Irritable Bowel Syndrome	IBS	
SRR24881495	PRJNA981704	IBS	1.0				Poland	V3-V4	FWD:CCTACGGGNGGCWGCAG	Illumina MiSeq	irritable bowel syndrome	Gender Influences Gut Microbiota among Patients with Irritable Bowel Syndrome	IBS	
SRR24881496	PRJNA981704	IBS	1.0				Poland	V3-V4	FWD:CCTACGGGNGGCWGCAG	Illumina MiSeq	irritable bowel syndrome	Gender Influences Gut Microbiota among Patients with Irritable Bowel Syndrome	IBS	
SRR25866150	PRJNA1011519	healthy	0.0				China	V4	primers removed before upload	Illumina MiniSeq	irritable bowel syndrome	16S rRNA gene sequence reads of IBS and HC Human fecal	IBS	
SRR25866157	PRJNA1011519	healthy	0.0				China	V4	primers removed before upload	Illumina MiniSeq	irritable bowel syndrome	16S rRNA gene sequence reads of IBS and HC Human fecal	IBS	
SRR25866158	PRJNA1011519	healthy	0.0				China	V4	primers removed before upload	Illumina MiniSeq	irritable bowel syndrome	16S rRNA gene sequence reads of IBS and HC Human fecal	IBS	
SRR25866163	PRJNA1011519	IBS	1.0				China	V4	primers removed before upload	Illumina MiniSeq	irritable bowel syndrome	16S rRNA gene sequence reads of IBS and HC Human fecal	IBS	
SRR25866172	PRJNA1011519	IBS	1.0				China	V4	primers removed before upload	Illumina MiniSeq	irritable bowel syndrome	16S rRNA gene sequence reads of IBS and HC Human fecal	IBS	
SRR25866188	PRJNA1011519	IBS	1.0				China	V4	primers removed before upload	Illumina MiniSeq	irritable bowel syndrome	16S rRNA gene sequence reads of IBS and HC Human fecal	IBS	
SRR25866189	PRJNA1011519	IBS	1.0				China	V4	primers removed before upload	Illumina MiniSeq	irritable bowel syndrome	16S rRNA gene sequence reads of IBS and HC Human fecal	IBS	
SRR25866194	PRJNA1011519	IBS	1.0				China	V4	primers removed before upload	Illumina MiniSeq	irritable bowel syndrome	16S rRNA gene sequence reads of IBS and HC Human fecal	IBS	
SRR25866202	PRJNA1011519	healthy	0.0				China	V4	primers removed before upload	Illumina MiniSeq	irritable bowel syndrome	16S rRNA gene sequence reads of IBS and HC Human fecal	IBS	
SRR25866211	PRJNA1011519	healthy	0.0				China	V4	primers removed before upload	Illumina MiniSeq	irritable bowel syndrome	16S rRNA gene sequence reads of IBS and HC Human fecal	IBS	
SRR25866217	PRJNA1011519	healthy	0.0				China	V4	primers removed before upload	Illumina MiniSeq	irritable bowel syndrome	16S rRNA gene sequence reads of IBS and HC Human fecal	IBS	
SRR25866226	PRJNA1011519	IBS	1.0				China	V4	primers removed before upload	Illumina MiniSeq	irritable bowel syndrome	16S rRNA gene sequence reads of IBS and HC Human fecal	IBS	
SRR25866227	PRJNA1011519	IBS	1.0				China	V4	primers removed before upload	Illumina MiniSeq	irritable bowel syndrome	16S rRNA gene sequence reads of IBS and HC Human fecal	IBS	
SRR25866231	PRJNA1011519	IBS	1.0				China	V4	primers removed before upload	Illumina MiniSeq	irritable bowel syndrome	16S rRNA gene sequence reads of IBS and HC Human fecal	IBS	
SRR25866237	PRJNA1011519	IBS	1.0				China	V4	primers removed before upload	Illumina MiniSeq	irritable bowel syndrome	16S rRNA gene sequence reads of IBS and HC Human fecal	IBS	
SRR25866239	PRJNA1011519	IBS	1.0				China	V4	primers removed before upload	Illumina MiniSeq	irritable bowel syndrome	16S rRNA gene sequence reads of IBS and HC Human fecal	IBS	
SRR25866240	PRJNA1011519	IBS	1.0				China	V4	primers removed before upload	Illumina MiniSeq	irritable bowel syndrome	16S rRNA gene sequence reads of IBS and HC Human fecal	IBS	
SRR25866241	PRJNA1011519	IBS	1.0				China	V4	primers removed before upload	Illumina MiniSeq	irritable bowel syndrome	16S rRNA gene sequence reads of IBS and HC Human fecal	IBS	
SRR25866250	PRJNA1011519	IBS	1.0				China	V4	primers removed before upload	Illumina MiniSeq	irritable bowel syndrome	16S rRNA gene sequence reads of IBS and HC Human fecal	IBS	
SRR25866251	PRJNA1011519	IBS	1.0				China	V4	primers removed before upload	Illumina MiniSeq	irritable bowel syndrome	16S rRNA gene sequence reads of IBS and HC Human fecal	IBS	
SRR25866261	PRJNA1011519	healthy	0.0				China	V4	primers removed before upload	Illumina MiniSeq	irritable bowel syndrome	16S rRNA gene sequence reads of IBS and HC Human fecal	IBS	
SRR25866269	PRJNA1011519	healthy	0.0				China	V4	primers removed before upload	Illumina MiniSeq	irritable bowel syndrome	16S rRNA gene sequence reads of IBS and HC Human fecal	IBS	
SRR25866277	PRJNA1011519	healthy	0.0				China	V4	primers removed before upload	Illumina MiniSeq	irritable bowel syndrome	16S rRNA gene sequence reads of IBS and HC Human fecal	IBS	
SRR25866283	PRJNA1011519	healthy	0.0				China	V4	primers removed before upload	Illumina MiniSeq	irritable bowel syndrome	16S rRNA gene sequence reads of IBS and HC Human fecal	IBS	
SRR25866287	PRJNA1011519	healthy	0.0				China	V4	primers removed before upload	Illumina MiniSeq	irritable bowel syndrome	16S rRNA gene sequence reads of IBS and HC Human fecal	IBS	
SRR25866289	PRJNA1011519	healthy	0.0				China	V4	primers removed before upload	Illumina MiniSeq	irritable bowel syndrome	16S rRNA gene sequence reads of IBS and HC Human fecal	IBS	
SRR25866146	PRJNA1011519	healthy	0.0				China	V4	primers removed before upload	Illumina MiniSeq	irritable bowel syndrome	16S rRNA gene sequence reads of IBS and HC Human fecal	IBS	
SRR25866148	PRJNA1011519	healthy	0.0				China	V4	primers removed before upload	Illumina MiniSeq	irritable bowel syndrome	16S rRNA gene sequence reads of IBS and HC Human fecal	IBS	
SRR25866153	PRJNA1011519	healthy	0.0				China	V4	primers removed before upload	Illumina MiniSeq	irritable bowel syndrome	16S rRNA gene sequence reads of IBS and HC Human fecal	IBS	
SRR25866155	PRJNA1011519	IBS	1.0				China	V4	primers removed before upload	Illumina MiniSeq	irritable bowel syndrome	16S rRNA gene sequence reads of IBS and HC Human fecal	IBS	
SRR25866160	PRJNA1011519	healthy	0.0				China	V4	primers removed before upload	Illumina MiniSeq	irritable bowel syndrome	16S rRNA gene sequence reads of IBS and HC Human fecal	IBS	
SRR25866165	PRJNA1011519	IBS	1.0				China	V4	primers removed before upload	Illumina MiniSeq	irritable bowel syndrome	16S rRNA gene sequence reads of IBS and HC Human fecal	IBS	
SRR25866166	PRJNA1011519	IBS	1.0				China	V4	primers removed before upload	Illumina MiniSeq	irritable bowel syndrome	16S rRNA gene sequence reads of IBS and HC Human fecal	IBS	
SRR25866167	PRJNA1011519	IBS	1.0				China	V4	primers removed before upload	Illumina MiniSeq	irritable bowel syndrome	16S rRNA gene sequence reads of IBS and HC Human fecal	IBS	
SRR25866174	PRJNA1011519	IBS	1.0				China	V4	primers removed before upload	Illumina MiniSeq	irritable bowel syndrome	16S rRNA gene sequence reads of IBS and HC Human fecal	IBS	
SRR25866176	PRJNA1011519	IBS	1.0				China	V4	primers removed before upload	Illumina MiniSeq	irritable bowel syndrome	16S rRNA gene sequence reads of IBS and HC Human fecal	IBS	
SRR25866178	PRJNA1011519	IBS	1.0				China	V4	primers removed before upload	Illumina MiniSeq	irritable bowel syndrome	16S rRNA gene sequence reads of IBS and HC Human fecal	IBS	
SRR25866179	PRJNA1011519	IBS	1.0				China	V4	primers removed before upload	Illumina MiniSeq	irritable bowel syndrome	16S rRNA gene sequence reads of IBS and HC Human fecal	IBS	
SRR25866181	PRJNA1011519	IBS	1.0				China	V4	primers removed before upload	Illumina MiniSeq	irritable bowel syndrome	16S rRNA gene sequence reads of IBS and HC Human fecal	IBS	
SRR25866182	PRJNA1011519	IBS	1.0				China	V4	primers removed before upload	Illumina MiniSeq	irritable bowel syndrome	16S rRNA gene sequence reads of IBS and HC Human fecal	IBS	
SRR25866199	PRJNA1011519	IBS	1.0				China	V4	primers removed before upload	Illumina MiniSeq	irritable bowel syndrome	16S rRNA gene sequence reads of IBS and HC Human fecal	IBS	
SRR25866204	PRJNA1011519	healthy	0.0				China	V4	primers removed before upload	Illumina MiniSeq	irritable bowel syndrome	16S rRNA gene sequence reads of IBS and HC Human fecal	IBS	
SRR25866209	PRJNA1011519	healthy	0.0				China	V4	primers removed before upload	Illumina MiniSeq	irritable bowel syndrome	16S rRNA gene sequence reads of IBS and HC Human fecal	IBS	
SRR25866210	PRJNA1011519	healthy	0.0				China	V4	primers removed before upload	Illumina MiniSeq	irritable bowel syndrome	16S rRNA gene sequence reads of IBS and HC Human fecal	IBS	
SRR25866215	PRJNA1011519	healthy	0.0				China	V4	primers removed before upload	Illumina MiniSeq	irritable bowel syndrome	16S rRNA gene sequence reads of IBS and HC Human fecal	IBS	
SRR25866220	PRJNA1011519	healthy	0.0				China	V4	primers removed before upload	Illumina MiniSeq	irritable bowel syndrome	16S rRNA gene sequence reads of IBS and HC Human fecal	IBS	
SRR25866221	PRJNA1011519	healthy	0.0				China	V4	primers removed before upload	Illumina MiniSeq	irritable bowel syndrome	16S rRNA gene sequence reads of IBS and HC Human fecal	IBS	
SRR25866223	PRJNA1011519	IBS	1.0				China	V4	primers removed before upload	Illumina MiniSeq	irritable bowel syndrome	16S rRNA gene sequence reads of IBS and HC Human fecal	IBS	
SRR25866232	PRJNA1011519	IBS	1.0				China	V4	primers removed before upload	Illumina MiniSeq	irritable bowel syndrome	16S rRNA gene sequence reads of IBS and HC Human fecal	IBS	
SRR25866236	PRJNA1011519	IBS	1.0				China	V4	primers removed before upload	Illumina MiniSeq	irritable bowel syndrome	16S rRNA gene sequence reads of IBS and HC Human fecal	IBS	
SRR25866244	PRJNA1011519	IBS	1.0				China	V4	primers removed before upload	Illumina MiniSeq	irritable bowel syndrome	16S rRNA gene sequence reads of IBS and HC Human fecal	IBS	
SRR25866245	PRJNA1011519	IBS	1.0				China	V4	primers removed before upload	Illumina MiniSeq	irritable bowel syndrome	16S rRNA gene sequence reads of IBS and HC Human fecal	IBS	
SRR25866248	PRJNA1011519	IBS	1.0				China	V4	primers removed before upload	Illumina MiniSeq	irritable bowel syndrome	16S rRNA gene sequence reads of IBS and HC Human fecal	IBS	
SRR25866249	PRJNA1011519	IBS	1.0				China	V4	primers removed before upload	Illumina MiniSeq	irritable bowel syndrome	16S rRNA gene sequence reads of IBS and HC Human fecal	IBS	
SRR25866254	PRJNA1011519	IBS	1.0				China	V4	primers removed before upload	Illumina MiniSeq	irritable bowel syndrome	16S rRNA gene sequence reads of IBS and HC Human fecal	IBS	
SRR25866256	PRJNA1011519	IBS	1.0				China	V4	primers removed before upload	Illumina MiniSeq	irritable bowel syndrome	16S rRNA gene sequence reads of IBS and HC Human fecal	IBS	
SRR25866258	PRJNA1011519	IBS	1.0				China	V4	primers removed before upload	Illumina MiniSeq	irritable bowel syndrome	16S rRNA gene sequence reads of IBS and HC Human fecal	IBS	
SRR25866263	PRJNA1011519	healthy	0.0				China	V4	primers removed before upload	Illumina MiniSeq	irritable bowel syndrome	16S rRNA gene sequence reads of IBS and HC Human fecal	IBS	
SRR25866268	PRJNA1011519	healthy	0.0				China	V4	primers removed before upload	Illumina MiniSeq	irritable bowel syndrome	16S rRNA gene sequence reads of IBS and HC Human fecal	IBS	
SRR25866274	PRJNA1011519	healthy	0.0				China	V4	primers removed before upload	Illumina MiniSeq	irritable bowel syndrome	16S rRNA gene sequence reads of IBS and HC Human fecal	IBS	
SRR25866282	PRJNA1011519	healthy	0.0				China	V4	primers removed before upload	Illumina MiniSeq	irritable bowel syndrome	16S rRNA gene sequence reads of IBS and HC Human fecal	IBS	
SRR25866294	PRJNA1011519	IBS	1.0				China	V4	primers removed before upload	Illumina MiniSeq	irritable bowel syndrome	16S rRNA gene sequence reads of IBS and HC Human fecal	IBS	
SRR25866149	PRJNA1011519	healthy	0.0				China	V4	primers removed before upload	Illumina MiniSeq	irritable bowel syndrome	16S rRNA gene sequence reads of IBS and HC Human fecal	IBS	
SRR25866152	PRJNA1011519	healthy	0.0				China	V4	primers removed before upload	Illumina MiniSeq	irritable bowel syndrome	16S rRNA gene sequence reads of IBS and HC Human fecal	IBS	
SRR25866169	PRJNA1011519	IBS	1.0				China	V4	primers removed before upload	Illumina MiniSeq	irritable bowel syndrome	16S rRNA gene sequence reads of IBS and HC Human fecal	IBS	
SRR25866173	PRJNA1011519	IBS	1.0				China	V4	primers removed before upload	Illumina MiniSeq	irritable bowel syndrome	16S rRNA gene sequence reads of IBS and HC Human fecal	IBS	
SRR25866175	PRJNA1011519	IBS	1.0				China	V4	primers removed before upload	Illumina MiniSeq	irritable bowel syndrome	16S rRNA gene sequence reads of IBS and HC Human fecal	IBS	
SRR25866185	PRJNA1011519	IBS	1.0				China	V4	primers removed before upload	Illumina MiniSeq	irritable bowel syndrome	16S rRNA gene sequence reads of IBS and HC Human fecal	IBS	
SRR25866192	PRJNA1011519	IBS	1.0				China	V4	primers removed before upload	Illumina MiniSeq	irritable bowel syndrome	16S rRNA gene sequence reads of IBS and HC Human fecal	IBS	
SRR25866196	PRJNA1011519	IBS	1.0				China	V4	primers removed before upload	Illumina MiniSeq	irritable bowel syndrome	16S rRNA gene sequence reads of IBS and HC Human fecal	IBS	
SRR25866198	PRJNA1011519	IBS	1.0				China	V4	primers removed before upload	Illumina MiniSeq	irritable bowel syndrome	16S rRNA gene sequence reads of IBS and HC Human fecal	IBS	
SRR25866212	PRJNA1011519	IBS	1.0				China	V4	primers removed before upload	Illumina MiniSeq	irritable bowel syndrome	16S rRNA gene sequence reads of IBS and HC Human fecal	IBS	
SRR25866213	PRJNA1011519	healthy	0.0				China	V4	primers removed before upload	Illumina MiniSeq	irritable bowel syndrome	16S rRNA gene sequence reads of IBS and HC Human fecal	IBS	
SRR25866222	PRJNA1011519	healthy	0.0				China	V4	primers removed before upload	Illumina MiniSeq	irritable bowel syndrome	16S rRNA gene sequence reads of IBS and HC Human fecal	IBS	
SRR25866224	PRJNA1011519	IBS	1.0				China	V4	primers removed before upload	Illumina MiniSeq	irritable bowel syndrome	16S rRNA gene sequence reads of IBS and HC Human fecal	IBS	
SRR25866225	PRJNA1011519	IBS	1.0				China	V4	primers removed before upload	Illumina MiniSeq	irritable bowel syndrome	16S rRNA gene sequence reads of IBS and HC Human fecal	IBS	
SRR25866228	PRJNA1011519	IBS	1.0				China	V4	primers removed before upload	Illumina MiniSeq	irritable bowel syndrome	16S rRNA gene sequence reads of IBS and HC Human fecal	IBS	
SRR25866229	PRJNA1011519	IBS	1.0				China	V4	primers removed before upload	Illumina MiniSeq	irritable bowel syndrome	16S rRNA gene sequence reads of IBS and HC Human fecal	IBS	
SRR25866238	PRJNA1011519	IBS	1.0				China	V4	primers removed before upload	Illumina MiniSeq	irritable bowel syndrome	16S rRNA gene sequence reads of IBS and HC Human fecal	IBS	
SRR25866246	PRJNA1011519	IBS	1.0				China	V4	primers removed before upload	Illumina MiniSeq	irritable bowel syndrome	16S rRNA gene sequence reads of IBS and HC Human fecal	IBS	
SRR25866255	PRJNA1011519	IBS	1.0				China	V4	primers removed before upload	Illumina MiniSeq	irritable bowel syndrome	16S rRNA gene sequence reads of IBS and HC Human fecal	IBS	
SRR25866262	PRJNA1011519	healthy	0.0				China	V4	primers removed before upload	Illumina MiniSeq	irritable bowel syndrome	16S rRNA gene sequence reads of IBS and HC Human fecal	IBS	
SRR25866264	PRJNA1011519	healthy	0.0				China	V4	primers removed before upload	Illumina MiniSeq	irritable bowel syndrome	16S rRNA gene sequence reads of IBS and HC Human fecal	IBS	
SRR25866266	PRJNA1011519	healthy	0.0				China	V4	primers removed before upload	Illumina MiniSeq	irritable bowel syndrome	16S rRNA gene sequence reads of IBS and HC Human fecal	IBS	
SRR25866270	PRJNA1011519	IBS	1.0				China	V4	primers removed before upload	Illumina MiniSeq	irritable bowel syndrome	16S rRNA gene sequence reads of IBS and HC Human fecal	IBS	
SRR25866272	PRJNA1011519	healthy	0.0				China	V4	primers removed before upload	Illumina MiniSeq	irritable bowel syndrome	16S rRNA gene sequence reads of IBS and HC Human fecal	IBS	
SRR25866275	PRJNA1011519	healthy	0.0				China	V4	primers removed before upload	Illumina MiniSeq	irritable bowel syndrome	16S rRNA gene sequence reads of IBS and HC Human fecal	IBS	
SRR25866276	PRJNA1011519	healthy	0.0				China	V4	primers removed before upload	Illumina MiniSeq	irritable bowel syndrome	16S rRNA gene sequence reads of IBS and HC Human fecal	IBS	
SRR25866281	PRJNA1011519	IBS	1.0				China	V4	primers removed before upload	Illumina MiniSeq	irritable bowel syndrome	16S rRNA gene sequence reads of IBS and HC Human fecal	IBS	
SRR25866291	PRJNA1011519	healthy	0.0				China	V4	primers removed before upload	Illumina MiniSeq	irritable bowel syndrome	16S rRNA gene sequence reads of IBS and HC Human fecal	IBS	
SRR25866293	PRJNA1011519	IBS	1.0				China	V4	primers removed before upload	Illumina MiniSeq	irritable bowel syndrome	16S rRNA gene sequence reads of IBS and HC Human fecal	IBS	
SRR25866145	PRJNA1011519	healthy	0.0				China	V4	primers removed before upload	Illumina MiniSeq	irritable bowel syndrome	16S rRNA gene sequence reads of IBS and HC Human fecal	IBS	
SRR25866147	PRJNA1011519	healthy	0.0				China	V4	primers removed before upload	Illumina MiniSeq	irritable bowel syndrome	16S rRNA gene sequence reads of IBS and HC Human fecal	IBS	
SRR25866161	PRJNA1011519	IBS	1.0				China	V4	primers removed before upload	Illumina MiniSeq	irritable bowel syndrome	16S rRNA gene sequence reads of IBS and HC Human fecal	IBS	
SRR25866162	PRJNA1011519	IBS	1.0				China	V4	primers removed before upload	Illumina MiniSeq	irritable bowel syndrome	16S rRNA gene sequence reads of IBS and HC Human fecal	IBS	
SRR25866164	PRJNA1011519	IBS	1.0				China	V4	primers removed before upload	Illumina MiniSeq	irritable bowel syndrome	16S rRNA gene sequence reads of IBS and HC Human fecal	IBS	
SRR25866183	PRJNA1011519	IBS	1.0				China	V4	primers removed before upload	Illumina MiniSeq	irritable bowel syndrome	16S rRNA gene sequence reads of IBS and HC Human fecal	IBS	
SRR25866184	PRJNA1011519	IBS	1.0				China	V4	primers removed before upload	Illumina MiniSeq	irritable bowel syndrome	16S rRNA gene sequence reads of IBS and HC Human fecal	IBS	
SRR25866186	PRJNA1011519	IBS	1.0				China	V4	primers removed before upload	Illumina MiniSeq	irritable bowel syndrome	16S rRNA gene sequence reads of IBS and HC Human fecal	IBS	
SRR25866190	PRJNA1011519	IBS	1.0				China	V4	primers removed before upload	Illumina MiniSeq	irritable bowel syndrome	16S rRNA gene sequence reads of IBS and HC Human fecal	IBS	
SRR25866191	PRJNA1011519	IBS	1.0				China	V4	primers removed before upload	Illumina MiniSeq	irritable bowel syndrome	16S rRNA gene sequence reads of IBS and HC Human fecal	IBS	
SRR25866195	PRJNA1011519	IBS	1.0				China	V4	primers removed before upload	Illumina MiniSeq	irritable bowel syndrome	16S rRNA gene sequence reads of IBS and HC Human fecal	IBS	
SRR25866203	PRJNA1011519	healthy	0.0				China	V4	primers removed before upload	Illumina MiniSeq	irritable bowel syndrome	16S rRNA gene sequence reads of IBS and HC Human fecal	IBS	
SRR25866208	PRJNA1011519	healthy	0.0				China	V4	primers removed before upload	Illumina MiniSeq	irritable bowel syndrome	16S rRNA gene sequence reads of IBS and HC Human fecal	IBS	
SRR25866214	PRJNA1011519	healthy	0.0				China	V4	primers removed before upload	Illumina MiniSeq	irritable bowel syndrome	16S rRNA gene sequence reads of IBS and HC Human fecal	IBS	
SRR25866216	PRJNA1011519	healthy	0.0				China	V4	primers removed before upload	Illumina MiniSeq	irritable bowel syndrome	16S rRNA gene sequence reads of IBS and HC Human fecal	IBS	
SRR25866218	PRJNA1011519	healthy	0.0				China	V4	primers removed before upload	Illumina MiniSeq	irritable bowel syndrome	16S rRNA gene sequence reads of IBS and HC Human fecal	IBS	
SRR25866234	PRJNA1011519	IBS	1.0				China	V4	primers removed before upload	Illumina MiniSeq	irritable bowel syndrome	16S rRNA gene sequence reads of IBS and HC Human fecal	IBS	
SRR25866247	PRJNA1011519	IBS	1.0				China	V4	primers removed before upload	Illumina MiniSeq	irritable bowel syndrome	16S rRNA gene sequence reads of IBS and HC Human fecal	IBS	
SRR25866252	PRJNA1011519	IBS	1.0				China	V4	primers removed before upload	Illumina MiniSeq	irritable bowel syndrome	16S rRNA gene sequence reads of IBS and HC Human fecal	IBS	
SRR25866253	PRJNA1011519	IBS	1.0				China	V4	primers removed before upload	Illumina MiniSeq	irritable bowel syndrome	16S rRNA gene sequence reads of IBS and HC Human fecal	IBS	
SRR25866259	PRJNA1011519	IBS	1.0				China	V4	primers removed before upload	Illumina MiniSeq	irritable bowel syndrome	16S rRNA gene sequence reads of IBS and HC Human fecal	IBS	
SRR25866260	PRJNA1011519	healthy	0.0				China	V4	primers removed before upload	Illumina MiniSeq	irritable bowel syndrome	16S rRNA gene sequence reads of IBS and HC Human fecal	IBS	
SRR25866267	PRJNA1011519	healthy	0.0				China	V4	primers removed before upload	Illumina MiniSeq	irritable bowel syndrome	16S rRNA gene sequence reads of IBS and HC Human fecal	IBS	
SRR25866273	PRJNA1011519	healthy	0.0				China	V4	primers removed before upload	Illumina MiniSeq	irritable bowel syndrome	16S rRNA gene sequence reads of IBS and HC Human fecal	IBS	
SRR25866279	PRJNA1011519	healthy	0.0				China	V4	primers removed before upload	Illumina MiniSeq	irritable bowel syndrome	16S rRNA gene sequence reads of IBS and HC Human fecal	IBS	
SRR25866280	PRJNA1011519	healthy	0.0				China	V4	primers removed before upload	Illumina MiniSeq	irritable bowel syndrome	16S rRNA gene sequence reads of IBS and HC Human fecal	IBS	
SRR25866151	PRJNA1011519	healthy	0.0				China	V4	primers removed before upload	Illumina MiniSeq	irritable bowel syndrome	16S rRNA gene sequence reads of IBS and HC Human fecal	IBS	
SRR25866154	PRJNA1011519	healthy	0.0				China	V4	primers removed before upload	Illumina MiniSeq	irritable bowel syndrome	16S rRNA gene sequence reads of IBS and HC Human fecal	IBS	
SRR25866156	PRJNA1011519	healthy	0.0				China	V4	primers removed before upload	Illumina MiniSeq	irritable bowel syndrome	16S rRNA gene sequence reads of IBS and HC Human fecal	IBS	
SRR25866159	PRJNA1011519	healthy	0.0				China	V4	primers removed before upload	Illumina MiniSeq	irritable bowel syndrome	16S rRNA gene sequence reads of IBS and HC Human fecal	IBS	
SRR25866168	PRJNA1011519	IBS	1.0				China	V4	primers removed before upload	Illumina MiniSeq	irritable bowel syndrome	16S rRNA gene sequence reads of IBS and HC Human fecal	IBS	
SRR25866170	PRJNA1011519	IBS	1.0				China	V4	primers removed before upload	Illumina MiniSeq	irritable bowel syndrome	16S rRNA gene sequence reads of IBS and HC Human fecal	IBS	
SRR25866171	PRJNA1011519	IBS	1.0				China	V4	primers removed before upload	Illumina MiniSeq	irritable bowel syndrome	16S rRNA gene sequence reads of IBS and HC Human fecal	IBS	
SRR25866177	PRJNA1011519	IBS	1.0				China	V4	primers removed before upload	Illumina MiniSeq	irritable bowel syndrome	16S rRNA gene sequence reads of IBS and HC Human fecal	IBS	
SRR25866180	PRJNA1011519	IBS	1.0				China	V4	primers removed before upload	Illumina MiniSeq	irritable bowel syndrome	16S rRNA gene sequence reads of IBS and HC Human fecal	IBS	
SRR25866187	PRJNA1011519	IBS	1.0				China	V4	primers removed before upload	Illumina MiniSeq	irritable bowel syndrome	16S rRNA gene sequence reads of IBS and HC Human fecal	IBS	
SRR25866193	PRJNA1011519	IBS	1.0				China	V4	primers removed before upload	Illumina MiniSeq	irritable bowel syndrome	16S rRNA gene sequence reads of IBS and HC Human fecal	IBS	
SRR25866197	PRJNA1011519	IBS	1.0				China	V4	primers removed before upload	Illumina MiniSeq	irritable bowel syndrome	16S rRNA gene sequence reads of IBS and HC Human fecal	IBS	
SRR25866200	PRJNA1011519	IBS	1.0				China	V4	primers removed before upload	Illumina MiniSeq	irritable bowel syndrome	16S rRNA gene sequence reads of IBS and HC Human fecal	IBS	
SRR25866201	PRJNA1011519	IBS	1.0				China	V4	primers removed before upload	Illumina MiniSeq	irritable bowel syndrome	16S rRNA gene sequence reads of IBS and HC Human fecal	IBS	
SRR25866205	PRJNA1011519	healthy	0.0				China	V4	primers removed before upload	Illumina MiniSeq	irritable bowel syndrome	16S rRNA gene sequence reads of IBS and HC Human fecal	IBS	
SRR25866206	PRJNA1011519	healthy	0.0				China	V4	primers removed before upload	Illumina MiniSeq	irritable bowel syndrome	16S rRNA gene sequence reads of IBS and HC Human fecal	IBS	
SRR25866207	PRJNA1011519	healthy	0.0				China	V4	primers removed before upload	Illumina MiniSeq	irritable bowel syndrome	16S rRNA gene sequence reads of IBS and HC Human fecal	IBS	
SRR25866219	PRJNA1011519	healthy	0.0				China	V4	primers removed before upload	Illumina MiniSeq	irritable bowel syndrome	16S rRNA gene sequence reads of IBS and HC Human fecal	IBS	
SRR25866230	PRJNA1011519	IBS	1.0				China	V4	primers removed before upload	Illumina MiniSeq	irritable bowel syndrome	16S rRNA gene sequence reads of IBS and HC Human fecal	IBS	
SRR25866233	PRJNA1011519	IBS	1.0				China	V4	primers removed before upload	Illumina MiniSeq	irritable bowel syndrome	16S rRNA gene sequence reads of IBS and HC Human fecal	IBS	
SRR25866235	PRJNA1011519	IBS	1.0				China	V4	primers removed before upload	Illumina MiniSeq	irritable bowel syndrome	16S rRNA gene sequence reads of IBS and HC Human fecal	IBS	
SRR25866242	PRJNA1011519	IBS	1.0				China	V4	primers removed before upload	Illumina MiniSeq	irritable bowel syndrome	16S rRNA gene sequence reads of IBS and HC Human fecal	IBS	
SRR25866243	PRJNA1011519	IBS	1.0				China	V4	primers removed before upload	Illumina MiniSeq	irritable bowel syndrome	16S rRNA gene sequence reads of IBS and HC Human fecal	IBS	
SRR25866257	PRJNA1011519	IBS	1.0				China	V4	primers removed before upload	Illumina MiniSeq	irritable bowel syndrome	16S rRNA gene sequence reads of IBS and HC Human fecal	IBS	
SRR25866265	PRJNA1011519	healthy	0.0				China	V4	primers removed before upload	Illumina MiniSeq	irritable bowel syndrome	16S rRNA gene sequence reads of IBS and HC Human fecal	IBS	
SRR25866271	PRJNA1011519	healthy	0.0				China	V4	primers removed before upload	Illumina MiniSeq	irritable bowel syndrome	16S rRNA gene sequence reads of IBS and HC Human fecal	IBS	
SRR25866278	PRJNA1011519	healthy	0.0				China	V4	primers removed before upload	Illumina MiniSeq	irritable bowel syndrome	16S rRNA gene sequence reads of IBS and HC Human fecal	IBS	
SRR25866284	PRJNA1011519	healthy	0.0				China	V4	primers removed before upload	Illumina MiniSeq	irritable bowel syndrome	16S rRNA gene sequence reads of IBS and HC Human fecal	IBS	
SRR25866285	PRJNA1011519	healthy	0.0				China	V4	primers removed before upload	Illumina MiniSeq	irritable bowel syndrome	16S rRNA gene sequence reads of IBS and HC Human fecal	IBS	
SRR25866286	PRJNA1011519	healthy	0.0				China	V4	primers removed before upload	Illumina MiniSeq	irritable bowel syndrome	16S rRNA gene sequence reads of IBS and HC Human fecal	IBS	
SRR25866288	PRJNA1011519	healthy	0.0				China	V4	primers removed before upload	Illumina MiniSeq	irritable bowel syndrome	16S rRNA gene sequence reads of IBS and HC Human fecal	IBS	
SRR25866290	PRJNA1011519	healthy	0.0				China	V4	primers removed before upload	Illumina MiniSeq	irritable bowel syndrome	16S rRNA gene sequence reads of IBS and HC Human fecal	IBS	
SRR25866292	PRJNA1011519	IBS	1.0				China	V4	primers removed before upload	Illumina MiniSeq	irritable bowel syndrome	16S rRNA gene sequence reads of IBS and HC Human fecal	IBS	
ERR5035072	PRJEB42304	IBS	1.0				Ireland	V3-V4	FWD:CCTACGGGNGGCWGCAG	Illumina MiSeq	irritable bowel syndrome	Differences in Fecal Microbiomes and Metabolomes of People With vs Without Irritable Bowel Syndrome and Bile Acid Malabsorption	IBS	
ERR5035080	PRJEB42304	IBS	1.0				Ireland	V3-V4	FWD:CCTACGGGNGGCWGCAG	Illumina MiSeq	irritable bowel syndrome	Differences in Fecal Microbiomes and Metabolomes of People With vs Without Irritable Bowel Syndrome and Bile Acid Malabsorption	IBS	
ERR5035086	PRJEB42304	IBS	1.0				Ireland	V3-V4	FWD:CCTACGGGNGGCWGCAG	Illumina MiSeq	irritable bowel syndrome	Differences in Fecal Microbiomes and Metabolomes of People With vs Without Irritable Bowel Syndrome and Bile Acid Malabsorption	IBS	
ERR5035088	PRJEB42304	IBS	1.0				Ireland	V3-V4	FWD:CCTACGGGNGGCWGCAG	Illumina MiSeq	irritable bowel syndrome	Differences in Fecal Microbiomes and Metabolomes of People With vs Without Irritable Bowel Syndrome and Bile Acid Malabsorption	IBS	
ERR5035090	PRJEB42304	IBS	1.0				Ireland	V3-V4	FWD:CCTACGGGNGGCWGCAG	Illumina MiSeq	irritable bowel syndrome	Differences in Fecal Microbiomes and Metabolomes of People With vs Without Irritable Bowel Syndrome and Bile Acid Malabsorption	IBS	
ERR5035108	PRJEB42304	IBS	1.0				Ireland	V3-V4	FWD:CCTACGGGNGGCWGCAG	Illumina MiSeq	irritable bowel syndrome	Differences in Fecal Microbiomes and Metabolomes of People With vs Without Irritable Bowel Syndrome and Bile Acid Malabsorption	IBS	
ERR5035110	PRJEB42304	healthy	0.0				Ireland	V3-V4	FWD:CCTACGGGNGGCWGCAG	Illumina MiSeq	irritable bowel syndrome	Differences in Fecal Microbiomes and Metabolomes of People With vs Without Irritable Bowel Syndrome and Bile Acid Malabsorption	IBS	
ERR5035112	PRJEB42304	healthy	0.0				Ireland	V3-V4	FWD:CCTACGGGNGGCWGCAG	Illumina MiSeq	irritable bowel syndrome	Differences in Fecal Microbiomes and Metabolomes of People With vs Without Irritable Bowel Syndrome and Bile Acid Malabsorption	IBS	
ERR5035123	PRJEB42304	healthy	0.0				Ireland	V3-V4	FWD:CCTACGGGNGGCWGCAG	Illumina MiSeq	irritable bowel syndrome	Differences in Fecal Microbiomes and Metabolomes of People With vs Without Irritable Bowel Syndrome and Bile Acid Malabsorption	IBS	
ERR5035131	PRJEB42304	healthy	0.0				Ireland	V3-V4	FWD:CCTACGGGNGGCWGCAG	Illumina MiSeq	irritable bowel syndrome	Differences in Fecal Microbiomes and Metabolomes of People With vs Without Irritable Bowel Syndrome and Bile Acid Malabsorption	IBS	
ERR5035133	PRJEB42304	healthy	0.0				Ireland	V3-V4	FWD:CCTACGGGNGGCWGCAG	Illumina MiSeq	irritable bowel syndrome	Differences in Fecal Microbiomes and Metabolomes of People With vs Without Irritable Bowel Syndrome and Bile Acid Malabsorption	IBS	
ERR5035138	PRJEB42304	healthy	0.0				Ireland	V3-V4	FWD:CCTACGGGNGGCWGCAG	Illumina MiSeq	irritable bowel syndrome	Differences in Fecal Microbiomes and Metabolomes of People With vs Without Irritable Bowel Syndrome and Bile Acid Malabsorption	IBS	
ERR5035140	PRJEB42304	IBS	1.0				Ireland	V3-V4	FWD:CCTACGGGNGGCWGCAG	Illumina MiSeq	irritable bowel syndrome	Differences in Fecal Microbiomes and Metabolomes of People With vs Without Irritable Bowel Syndrome and Bile Acid Malabsorption	IBS	
ERR5035143	PRJEB42304	IBS	1.0				Ireland	V3-V4	FWD:CCTACGGGNGGCWGCAG	Illumina MiSeq	irritable bowel syndrome	Differences in Fecal Microbiomes and Metabolomes of People With vs Without Irritable Bowel Syndrome and Bile Acid Malabsorption	IBS	
ERR5035149	PRJEB42304	IBS	1.0				Ireland	V3-V4	FWD:CCTACGGGNGGCWGCAG	Illumina MiSeq	irritable bowel syndrome	Differences in Fecal Microbiomes and Metabolomes of People With vs Without Irritable Bowel Syndrome and Bile Acid Malabsorption	IBS	
ERR5035153	PRJEB42304	IBS	1.0				Ireland	V3-V4	FWD:CCTACGGGNGGCWGCAG	Illumina MiSeq	irritable bowel syndrome	Differences in Fecal Microbiomes and Metabolomes of People With vs Without Irritable Bowel Syndrome and Bile Acid Malabsorption	IBS	
ERR5035176	PRJEB42304	IBS	1.0				Ireland	V3-V4	FWD:CCTACGGGNGGCWGCAG	Illumina MiSeq	irritable bowel syndrome	Differences in Fecal Microbiomes and Metabolomes of People With vs Without Irritable Bowel Syndrome and Bile Acid Malabsorption	IBS	
ERR5035178	PRJEB42304	IBS	1.0				Ireland	V3-V4	FWD:CCTACGGGNGGCWGCAG	Illumina MiSeq	irritable bowel syndrome	Differences in Fecal Microbiomes and Metabolomes of People With vs Without Irritable Bowel Syndrome and Bile Acid Malabsorption	IBS	
ERR5035183	PRJEB42304	healthy	0.0				Ireland	V3-V4	FWD:CCTACGGGNGGCWGCAG	Illumina MiSeq	irritable bowel syndrome	Differences in Fecal Microbiomes and Metabolomes of People With vs Without Irritable Bowel Syndrome and Bile Acid Malabsorption	IBS	
ERR5035189	PRJEB42304	healthy	0.0				Ireland	V3-V4	FWD:CCTACGGGNGGCWGCAG	Illumina MiSeq	irritable bowel syndrome	Differences in Fecal Microbiomes and Metabolomes of People With vs Without Irritable Bowel Syndrome and Bile Acid Malabsorption	IBS	
ERR5035193	PRJEB42304	healthy	0.0				Ireland	V3-V4	FWD:CCTACGGGNGGCWGCAG	Illumina MiSeq	irritable bowel syndrome	Differences in Fecal Microbiomes and Metabolomes of People With vs Without Irritable Bowel Syndrome and Bile Acid Malabsorption	IBS	
ERR5035194	PRJEB42304	healthy	0.0				Ireland	V3-V4	FWD:CCTACGGGNGGCWGCAG	Illumina MiSeq	irritable bowel syndrome	Differences in Fecal Microbiomes and Metabolomes of People With vs Without Irritable Bowel Syndrome and Bile Acid Malabsorption	IBS	
ERR5035200	PRJEB42304	healthy	0.0				Ireland	V3-V4	FWD:CCTACGGGNGGCWGCAG	Illumina MiSeq	irritable bowel syndrome	Differences in Fecal Microbiomes and Metabolomes of People With vs Without Irritable Bowel Syndrome and Bile Acid Malabsorption	IBS	
ERR5035205	PRJEB42304	healthy	0.0				Ireland	V3-V4	FWD:CCTACGGGNGGCWGCAG	Illumina MiSeq	irritable bowel syndrome	Differences in Fecal Microbiomes and Metabolomes of People With vs Without Irritable Bowel Syndrome and Bile Acid Malabsorption	IBS	
ERR5035209	PRJEB42304	healthy	0.0				Ireland	V3-V4	FWD:CCTACGGGNGGCWGCAG	Illumina MiSeq	irritable bowel syndrome	Differences in Fecal Microbiomes and Metabolomes of People With vs Without Irritable Bowel Syndrome and Bile Acid Malabsorption	IBS	
ERR5035095	PRJEB42304	IBS	1.0				Ireland	V3-V4	FWD:CCTACGGGNGGCWGCAG	Illumina MiSeq	irritable bowel syndrome	Differences in Fecal Microbiomes and Metabolomes of People With vs Without Irritable Bowel Syndrome and Bile Acid Malabsorption	IBS	
ERR5035096	PRJEB42304	IBS	1.0				Ireland	V3-V4	FWD:CCTACGGGNGGCWGCAG	Illumina MiSeq	irritable bowel syndrome	Differences in Fecal Microbiomes and Metabolomes of People With vs Without Irritable Bowel Syndrome and Bile Acid Malabsorption	IBS	
ERR5035097	PRJEB42304	IBS	1.0				Ireland	V3-V4	FWD:CCTACGGGNGGCWGCAG	Illumina MiSeq	irritable bowel syndrome	Differences in Fecal Microbiomes and Metabolomes of People With vs Without Irritable Bowel Syndrome and Bile Acid Malabsorption	IBS	
ERR5035106	PRJEB42304	IBS	1.0				Ireland	V3-V4	FWD:CCTACGGGNGGCWGCAG	Illumina MiSeq	irritable bowel syndrome	Differences in Fecal Microbiomes and Metabolomes of People With vs Without Irritable Bowel Syndrome and Bile Acid Malabsorption	IBS	
ERR5035115	PRJEB42304	healthy	0.0				Ireland	V3-V4	FWD:CCTACGGGNGGCWGCAG	Illumina MiSeq	irritable bowel syndrome	Differences in Fecal Microbiomes and Metabolomes of People With vs Without Irritable Bowel Syndrome and Bile Acid Malabsorption	IBS	
ERR5035117	PRJEB42304	healthy	0.0				Ireland	V3-V4	FWD:CCTACGGGNGGCWGCAG	Illumina MiSeq	irritable bowel syndrome	Differences in Fecal Microbiomes and Metabolomes of People With vs Without Irritable Bowel Syndrome and Bile Acid Malabsorption	IBS	
ERR5035122	PRJEB42304	healthy	0.0				Ireland	V3-V4	FWD:CCTACGGGNGGCWGCAG	Illumina MiSeq	irritable bowel syndrome	Differences in Fecal Microbiomes and Metabolomes of People With vs Without Irritable Bowel Syndrome and Bile Acid Malabsorption	IBS	
ERR5035150	PRJEB42304	IBS	1.0				Ireland	V3-V4	FWD:CCTACGGGNGGCWGCAG	Illumina MiSeq	irritable bowel syndrome	Differences in Fecal Microbiomes and Metabolomes of People With vs Without Irritable Bowel Syndrome and Bile Acid Malabsorption	IBS	
ERR5035155	PRJEB42304	IBS	1.0				Ireland	V3-V4	FWD:CCTACGGGNGGCWGCAG	Illumina MiSeq	irritable bowel syndrome	Differences in Fecal Microbiomes and Metabolomes of People With vs Without Irritable Bowel Syndrome and Bile Acid Malabsorption	IBS	
ERR5035156	PRJEB42304	IBS	1.0				Ireland	V3-V4	FWD:CCTACGGGNGGCWGCAG	Illumina MiSeq	irritable bowel syndrome	Differences in Fecal Microbiomes and Metabolomes of People With vs Without Irritable Bowel Syndrome and Bile Acid Malabsorption	IBS	
ERR5035161	PRJEB42304	IBS	1.0				Ireland	V3-V4	FWD:CCTACGGGNGGCWGCAG	Illumina MiSeq	irritable bowel syndrome	Differences in Fecal Microbiomes and Metabolomes of People With vs Without Irritable Bowel Syndrome and Bile Acid Malabsorption	IBS	
ERR5035163	PRJEB42304	IBS	1.0				Ireland	V3-V4	FWD:CCTACGGGNGGCWGCAG	Illumina MiSeq	irritable bowel syndrome	Differences in Fecal Microbiomes and Metabolomes of People With vs Without Irritable Bowel Syndrome and Bile Acid Malabsorption	IBS	
ERR5035164	PRJEB42304	IBS	1.0				Ireland	V3-V4	FWD:CCTACGGGNGGCWGCAG	Illumina MiSeq	irritable bowel syndrome	Differences in Fecal Microbiomes and Metabolomes of People With vs Without Irritable Bowel Syndrome and Bile Acid Malabsorption	IBS	
ERR5035166	PRJEB42304	IBS	1.0				Ireland	V3-V4	FWD:CCTACGGGNGGCWGCAG	Illumina MiSeq	irritable bowel syndrome	Differences in Fecal Microbiomes and Metabolomes of People With vs Without Irritable Bowel Syndrome and Bile Acid Malabsorption	IBS	
ERR5035168	PRJEB42304	IBS	1.0				Ireland	V3-V4	FWD:CCTACGGGNGGCWGCAG	Illumina MiSeq	irritable bowel syndrome	Differences in Fecal Microbiomes and Metabolomes of People With vs Without Irritable Bowel Syndrome and Bile Acid Malabsorption	IBS	
ERR5035175	PRJEB42304	IBS	1.0				Ireland	V3-V4	FWD:CCTACGGGNGGCWGCAG	Illumina MiSeq	irritable bowel syndrome	Differences in Fecal Microbiomes and Metabolomes of People With vs Without Irritable Bowel Syndrome and Bile Acid Malabsorption	IBS	
ERR5035186	PRJEB42304	healthy	0.0				Ireland	V3-V4	FWD:CCTACGGGNGGCWGCAG	Illumina MiSeq	irritable bowel syndrome	Differences in Fecal Microbiomes and Metabolomes of People With vs Without Irritable Bowel Syndrome and Bile Acid Malabsorption	IBS	
ERR5035187	PRJEB42304	healthy	0.0				Ireland	V3-V4	FWD:CCTACGGGNGGCWGCAG	Illumina MiSeq	irritable bowel syndrome	Differences in Fecal Microbiomes and Metabolomes of People With vs Without Irritable Bowel Syndrome and Bile Acid Malabsorption	IBS	
ERR5035188	PRJEB42304	healthy	0.0				Ireland	V3-V4	FWD:CCTACGGGNGGCWGCAG	Illumina MiSeq	irritable bowel syndrome	Differences in Fecal Microbiomes and Metabolomes of People With vs Without Irritable Bowel Syndrome and Bile Acid Malabsorption	IBS	
ERR5035191	PRJEB42304	healthy	0.0				Ireland	V3-V4	FWD:CCTACGGGNGGCWGCAG	Illumina MiSeq	irritable bowel syndrome	Differences in Fecal Microbiomes and Metabolomes of People With vs Without Irritable Bowel Syndrome and Bile Acid Malabsorption	IBS	
ERR5035196	PRJEB42304	healthy	0.0				Ireland	V3-V4	FWD:CCTACGGGNGGCWGCAG	Illumina MiSeq	irritable bowel syndrome	Differences in Fecal Microbiomes and Metabolomes of People With vs Without Irritable Bowel Syndrome and Bile Acid Malabsorption	IBS	
ERR5035199	PRJEB42304	healthy	0.0				Ireland	V3-V4	FWD:CCTACGGGNGGCWGCAG	Illumina MiSeq	irritable bowel syndrome	Differences in Fecal Microbiomes and Metabolomes of People With vs Without Irritable Bowel Syndrome and Bile Acid Malabsorption	IBS	
ERR5035203	PRJEB42304	healthy	0.0				Ireland	V3-V4	FWD:CCTACGGGNGGCWGCAG	Illumina MiSeq	irritable bowel syndrome	Differences in Fecal Microbiomes and Metabolomes of People With vs Without Irritable Bowel Syndrome and Bile Acid Malabsorption	IBS	
ERR5035206	PRJEB42304	healthy	0.0				Ireland	V3-V4	FWD:CCTACGGGNGGCWGCAG	Illumina MiSeq	irritable bowel syndrome	Differences in Fecal Microbiomes and Metabolomes of People With vs Without Irritable Bowel Syndrome and Bile Acid Malabsorption	IBS	
ERR5035211	PRJEB42304	healthy	0.0				Ireland	V3-V4	FWD:CCTACGGGNGGCWGCAG	Illumina MiSeq	irritable bowel syndrome	Differences in Fecal Microbiomes and Metabolomes of People With vs Without Irritable Bowel Syndrome and Bile Acid Malabsorption	IBS	
ERR5035212	PRJEB42304	healthy	0.0				Ireland	V3-V4	FWD:CCTACGGGNGGCWGCAG	Illumina MiSeq	irritable bowel syndrome	Differences in Fecal Microbiomes and Metabolomes of People With vs Without Irritable Bowel Syndrome and Bile Acid Malabsorption	IBS	
ERR5035073	PRJEB42304	IBS	1.0				Ireland	V3-V4	FWD:CCTACGGGNGGCWGCAG	Illumina MiSeq	irritable bowel syndrome	Differences in Fecal Microbiomes and Metabolomes of People With vs Without Irritable Bowel Syndrome and Bile Acid Malabsorption	IBS	
ERR5035074	PRJEB42304	IBS	1.0				Ireland	V3-V4	FWD:CCTACGGGNGGCWGCAG	Illumina MiSeq	irritable bowel syndrome	Differences in Fecal Microbiomes and Metabolomes of People With vs Without Irritable Bowel Syndrome and Bile Acid Malabsorption	IBS	
ERR5035078	PRJEB42304	IBS	1.0				Ireland	V3-V4	FWD:CCTACGGGNGGCWGCAG	Illumina MiSeq	irritable bowel syndrome	Differences in Fecal Microbiomes and Metabolomes of People With vs Without Irritable Bowel Syndrome and Bile Acid Malabsorption	IBS	
ERR5035082	PRJEB42304	IBS	1.0				Ireland	V3-V4	FWD:CCTACGGGNGGCWGCAG	Illumina MiSeq	irritable bowel syndrome	Differences in Fecal Microbiomes and Metabolomes of People With vs Without Irritable Bowel Syndrome and Bile Acid Malabsorption	IBS	
ERR5035092	PRJEB42304	IBS	1.0				Ireland	V3-V4	FWD:CCTACGGGNGGCWGCAG	Illumina MiSeq	irritable bowel syndrome	Differences in Fecal Microbiomes and Metabolomes of People With vs Without Irritable Bowel Syndrome and Bile Acid Malabsorption	IBS	
ERR5035098	PRJEB42304	IBS	1.0				Ireland	V3-V4	FWD:CCTACGGGNGGCWGCAG	Illumina MiSeq	irritable bowel syndrome	Differences in Fecal Microbiomes and Metabolomes of People With vs Without Irritable Bowel Syndrome and Bile Acid Malabsorption	IBS	
ERR5035099	PRJEB42304	IBS	1.0				Ireland	V3-V4	FWD:CCTACGGGNGGCWGCAG	Illumina MiSeq	irritable bowel syndrome	Differences in Fecal Microbiomes and Metabolomes of People With vs Without Irritable Bowel Syndrome and Bile Acid Malabsorption	IBS	
ERR5035104	PRJEB42304	IBS	1.0				Ireland	V3-V4	FWD:CCTACGGGNGGCWGCAG	Illumina MiSeq	irritable bowel syndrome	Differences in Fecal Microbiomes and Metabolomes of People With vs Without Irritable Bowel Syndrome and Bile Acid Malabsorption	IBS	
ERR5035107	PRJEB42304	IBS	1.0				Ireland	V3-V4	FWD:CCTACGGGNGGCWGCAG	Illumina MiSeq	irritable bowel syndrome	Differences in Fecal Microbiomes and Metabolomes of People With vs Without Irritable Bowel Syndrome and Bile Acid Malabsorption	IBS	
ERR5035109	PRJEB42304	healthy	0.0				Ireland	V3-V4	FWD:CCTACGGGNGGCWGCAG	Illumina MiSeq	irritable bowel syndrome	Differences in Fecal Microbiomes and Metabolomes of People With vs Without Irritable Bowel Syndrome and Bile Acid Malabsorption	IBS	
ERR5035116	PRJEB42304	healthy	0.0				Ireland	V3-V4	FWD:CCTACGGGNGGCWGCAG	Illumina MiSeq	irritable bowel syndrome	Differences in Fecal Microbiomes and Metabolomes of People With vs Without Irritable Bowel Syndrome and Bile Acid Malabsorption	IBS	
ERR5035118	PRJEB42304	healthy	0.0				Ireland	V3-V4	FWD:CCTACGGGNGGCWGCAG	Illumina MiSeq	irritable bowel syndrome	Differences in Fecal Microbiomes and Metabolomes of People With vs Without Irritable Bowel Syndrome and Bile Acid Malabsorption	IBS	
ERR5035120	PRJEB42304	healthy	0.0				Ireland	V3-V4	FWD:CCTACGGGNGGCWGCAG	Illumina MiSeq	irritable bowel syndrome	Differences in Fecal Microbiomes and Metabolomes of People With vs Without Irritable Bowel Syndrome and Bile Acid Malabsorption	IBS	
ERR5035125	PRJEB42304	healthy	0.0				Ireland	V3-V4	FWD:CCTACGGGNGGCWGCAG	Illumina MiSeq	irritable bowel syndrome	Differences in Fecal Microbiomes and Metabolomes of People With vs Without Irritable Bowel Syndrome and Bile Acid Malabsorption	IBS	
ERR5035127	PRJEB42304	healthy	0.0				Ireland	V3-V4	FWD:CCTACGGGNGGCWGCAG	Illumina MiSeq	irritable bowel syndrome	Differences in Fecal Microbiomes and Metabolomes of People With vs Without Irritable Bowel Syndrome and Bile Acid Malabsorption	IBS	
ERR5035128	PRJEB42304	healthy	0.0				Ireland	V3-V4	FWD:CCTACGGGNGGCWGCAG	Illumina MiSeq	irritable bowel syndrome	Differences in Fecal Microbiomes and Metabolomes of People With vs Without Irritable Bowel Syndrome and Bile Acid Malabsorption	IBS	
ERR5035130	PRJEB42304	healthy	0.0				Ireland	V3-V4	FWD:CCTACGGGNGGCWGCAG	Illumina MiSeq	irritable bowel syndrome	Differences in Fecal Microbiomes and Metabolomes of People With vs Without Irritable Bowel Syndrome and Bile Acid Malabsorption	IBS	
ERR5035132	PRJEB42304	healthy	0.0				Ireland	V3-V4	FWD:CCTACGGGNGGCWGCAG	Illumina MiSeq	irritable bowel syndrome	Differences in Fecal Microbiomes and Metabolomes of People With vs Without Irritable Bowel Syndrome and Bile Acid Malabsorption	IBS	
ERR5035135	PRJEB42304	healthy	0.0				Ireland	V3-V4	FWD:CCTACGGGNGGCWGCAG	Illumina MiSeq	irritable bowel syndrome	Differences in Fecal Microbiomes and Metabolomes of People With vs Without Irritable Bowel Syndrome and Bile Acid Malabsorption	IBS	
ERR5035137	PRJEB42304	healthy	0.0				Ireland	V3-V4	FWD:CCTACGGGNGGCWGCAG	Illumina MiSeq	irritable bowel syndrome	Differences in Fecal Microbiomes and Metabolomes of People With vs Without Irritable Bowel Syndrome and Bile Acid Malabsorption	IBS	
ERR5035142	PRJEB42304	IBS	1.0				Ireland	V3-V4	FWD:CCTACGGGNGGCWGCAG	Illumina MiSeq	irritable bowel syndrome	Differences in Fecal Microbiomes and Metabolomes of People With vs Without Irritable Bowel Syndrome and Bile Acid Malabsorption	IBS	
ERR5035158	PRJEB42304	IBS	1.0				Ireland	V3-V4	FWD:CCTACGGGNGGCWGCAG	Illumina MiSeq	irritable bowel syndrome	Differences in Fecal Microbiomes and Metabolomes of People With vs Without Irritable Bowel Syndrome and Bile Acid Malabsorption	IBS	
ERR5035160	PRJEB42304	IBS	1.0				Ireland	V3-V4	FWD:CCTACGGGNGGCWGCAG	Illumina MiSeq	irritable bowel syndrome	Differences in Fecal Microbiomes and Metabolomes of People With vs Without Irritable Bowel Syndrome and Bile Acid Malabsorption	IBS	
ERR5035162	PRJEB42304	IBS	1.0				Ireland	V3-V4	FWD:CCTACGGGNGGCWGCAG	Illumina MiSeq	irritable bowel syndrome	Differences in Fecal Microbiomes and Metabolomes of People With vs Without Irritable Bowel Syndrome and Bile Acid Malabsorption	IBS	
ERR5035172	PRJEB42304	IBS	1.0				Ireland	V3-V4	FWD:CCTACGGGNGGCWGCAG	Illumina MiSeq	irritable bowel syndrome	Differences in Fecal Microbiomes and Metabolomes of People With vs Without Irritable Bowel Syndrome and Bile Acid Malabsorption	IBS	
ERR5035177	PRJEB42304	IBS	1.0				Ireland	V3-V4	FWD:CCTACGGGNGGCWGCAG	Illumina MiSeq	irritable bowel syndrome	Differences in Fecal Microbiomes and Metabolomes of People With vs Without Irritable Bowel Syndrome and Bile Acid Malabsorption	IBS	
ERR5035179	PRJEB42304	IBS	1.0				Ireland	V3-V4	FWD:CCTACGGGNGGCWGCAG	Illumina MiSeq	irritable bowel syndrome	Differences in Fecal Microbiomes and Metabolomes of People With vs Without Irritable Bowel Syndrome and Bile Acid Malabsorption	IBS	
ERR5035181	PRJEB42304	healthy	0.0				Ireland	V3-V4	FWD:CCTACGGGNGGCWGCAG	Illumina MiSeq	irritable bowel syndrome	Differences in Fecal Microbiomes and Metabolomes of People With vs Without Irritable Bowel Syndrome and Bile Acid Malabsorption	IBS	
ERR5035184	PRJEB42304	healthy	0.0				Ireland	V3-V4	FWD:CCTACGGGNGGCWGCAG	Illumina MiSeq	irritable bowel syndrome	Differences in Fecal Microbiomes and Metabolomes of People With vs Without Irritable Bowel Syndrome and Bile Acid Malabsorption	IBS	
ERR5035185	PRJEB42304	healthy	0.0				Ireland	V3-V4	FWD:CCTACGGGNGGCWGCAG	Illumina MiSeq	irritable bowel syndrome	Differences in Fecal Microbiomes and Metabolomes of People With vs Without Irritable Bowel Syndrome and Bile Acid Malabsorption	IBS	
ERR5035195	PRJEB42304	healthy	0.0				Ireland	V3-V4	FWD:CCTACGGGNGGCWGCAG	Illumina MiSeq	irritable bowel syndrome	Differences in Fecal Microbiomes and Metabolomes of People With vs Without Irritable Bowel Syndrome and Bile Acid Malabsorption	IBS	
ERR5035197	PRJEB42304	healthy	0.0				Ireland	V3-V4	FWD:CCTACGGGNGGCWGCAG	Illumina MiSeq	irritable bowel syndrome	Differences in Fecal Microbiomes and Metabolomes of People With vs Without Irritable Bowel Syndrome and Bile Acid Malabsorption	IBS	
ERR5035208	PRJEB42304	healthy	0.0				Ireland	V3-V4	FWD:CCTACGGGNGGCWGCAG	Illumina MiSeq	irritable bowel syndrome	Differences in Fecal Microbiomes and Metabolomes of People With vs Without Irritable Bowel Syndrome and Bile Acid Malabsorption	IBS	
ERR5035079	PRJEB42304	IBS	1.0				Ireland	V3-V4	FWD:CCTACGGGNGGCWGCAG	Illumina MiSeq	irritable bowel syndrome	Differences in Fecal Microbiomes and Metabolomes of People With vs Without Irritable Bowel Syndrome and Bile Acid Malabsorption	IBS	
ERR5035081	PRJEB42304	IBS	1.0				Ireland	V3-V4	FWD:CCTACGGGNGGCWGCAG	Illumina MiSeq	irritable bowel syndrome	Differences in Fecal Microbiomes and Metabolomes of People With vs Without Irritable Bowel Syndrome and Bile Acid Malabsorption	IBS	
ERR5035089	PRJEB42304	IBS	1.0				Ireland	V3-V4	FWD:CCTACGGGNGGCWGCAG	Illumina MiSeq	irritable bowel syndrome	Differences in Fecal Microbiomes and Metabolomes of People With vs Without Irritable Bowel Syndrome and Bile Acid Malabsorption	IBS	
ERR5035091	PRJEB42304	IBS	1.0				Ireland	V3-V4	FWD:CCTACGGGNGGCWGCAG	Illumina MiSeq	irritable bowel syndrome	Differences in Fecal Microbiomes and Metabolomes of People With vs Without Irritable Bowel Syndrome and Bile Acid Malabsorption	IBS	
ERR5035094	PRJEB42304	IBS	1.0				Ireland	V3-V4	FWD:CCTACGGGNGGCWGCAG	Illumina MiSeq	irritable bowel syndrome	Differences in Fecal Microbiomes and Metabolomes of People With vs Without Irritable Bowel Syndrome and Bile Acid Malabsorption	IBS	
ERR5035101	PRJEB42304	IBS	1.0				Ireland	V3-V4	FWD:CCTACGGGNGGCWGCAG	Illumina MiSeq	irritable bowel syndrome	Differences in Fecal Microbiomes and Metabolomes of People With vs Without Irritable Bowel Syndrome and Bile Acid Malabsorption	IBS	
ERR5035103	PRJEB42304	IBS	1.0				Ireland	V3-V4	FWD:CCTACGGGNGGCWGCAG	Illumina MiSeq	irritable bowel syndrome	Differences in Fecal Microbiomes and Metabolomes of People With vs Without Irritable Bowel Syndrome and Bile Acid Malabsorption	IBS	
ERR5035111	PRJEB42304	healthy	0.0				Ireland	V3-V4	FWD:CCTACGGGNGGCWGCAG	Illumina MiSeq	irritable bowel syndrome	Differences in Fecal Microbiomes and Metabolomes of People With vs Without Irritable Bowel Syndrome and Bile Acid Malabsorption	IBS	
ERR5035124	PRJEB42304	healthy	0.0				Ireland	V3-V4	FWD:CCTACGGGNGGCWGCAG	Illumina MiSeq	irritable bowel syndrome	Differences in Fecal Microbiomes and Metabolomes of People With vs Without Irritable Bowel Syndrome and Bile Acid Malabsorption	IBS	
ERR5035129	PRJEB42304	healthy	0.0				Ireland	V3-V4	FWD:CCTACGGGNGGCWGCAG	Illumina MiSeq	irritable bowel syndrome	Differences in Fecal Microbiomes and Metabolomes of People With vs Without Irritable Bowel Syndrome and Bile Acid Malabsorption	IBS	
ERR5035136	PRJEB42304	healthy	0.0				Ireland	V3-V4	FWD:CCTACGGGNGGCWGCAG	Illumina MiSeq	irritable bowel syndrome	Differences in Fecal Microbiomes and Metabolomes of People With vs Without Irritable Bowel Syndrome and Bile Acid Malabsorption	IBS	
ERR5035139	PRJEB42304	healthy	0.0				Ireland	V3-V4	FWD:CCTACGGGNGGCWGCAG	Illumina MiSeq	irritable bowel syndrome	Differences in Fecal Microbiomes and Metabolomes of People With vs Without Irritable Bowel Syndrome and Bile Acid Malabsorption	IBS	
ERR5035146	PRJEB42304	IBS	1.0				Ireland	V3-V4	FWD:CCTACGGGNGGCWGCAG	Illumina MiSeq	irritable bowel syndrome	Differences in Fecal Microbiomes and Metabolomes of People With vs Without Irritable Bowel Syndrome and Bile Acid Malabsorption	IBS	
ERR5035147	PRJEB42304	IBS	1.0				Ireland	V3-V4	FWD:CCTACGGGNGGCWGCAG	Illumina MiSeq	irritable bowel syndrome	Differences in Fecal Microbiomes and Metabolomes of People With vs Without Irritable Bowel Syndrome and Bile Acid Malabsorption	IBS	
ERR5035152	PRJEB42304	IBS	1.0				Ireland	V3-V4	FWD:CCTACGGGNGGCWGCAG	Illumina MiSeq	irritable bowel syndrome	Differences in Fecal Microbiomes and Metabolomes of People With vs Without Irritable Bowel Syndrome and Bile Acid Malabsorption	IBS	
ERR5035157	PRJEB42304	IBS	1.0				Ireland	V3-V4	FWD:CCTACGGGNGGCWGCAG	Illumina MiSeq	irritable bowel syndrome	Differences in Fecal Microbiomes and Metabolomes of People With vs Without Irritable Bowel Syndrome and Bile Acid Malabsorption	IBS	
ERR5035167	PRJEB42304	IBS	1.0				Ireland	V3-V4	FWD:CCTACGGGNGGCWGCAG	Illumina MiSeq	irritable bowel syndrome	Differences in Fecal Microbiomes and Metabolomes of People With vs Without Irritable Bowel Syndrome and Bile Acid Malabsorption	IBS	
ERR5035190	PRJEB42304	healthy	0.0				Ireland	V3-V4	FWD:CCTACGGGNGGCWGCAG	Illumina MiSeq	irritable bowel syndrome	Differences in Fecal Microbiomes and Metabolomes of People With vs Without Irritable Bowel Syndrome and Bile Acid Malabsorption	IBS	
ERR5035192	PRJEB42304	healthy	0.0				Ireland	V3-V4	FWD:CCTACGGGNGGCWGCAG	Illumina MiSeq	irritable bowel syndrome	Differences in Fecal Microbiomes and Metabolomes of People With vs Without Irritable Bowel Syndrome and Bile Acid Malabsorption	IBS	
ERR5035198	PRJEB42304	healthy	0.0				Ireland	V3-V4	FWD:CCTACGGGNGGCWGCAG	Illumina MiSeq	irritable bowel syndrome	Differences in Fecal Microbiomes and Metabolomes of People With vs Without Irritable Bowel Syndrome and Bile Acid Malabsorption	IBS	
ERR5035201	PRJEB42304	healthy	0.0				Ireland	V3-V4	FWD:CCTACGGGNGGCWGCAG	Illumina MiSeq	irritable bowel syndrome	Differences in Fecal Microbiomes and Metabolomes of People With vs Without Irritable Bowel Syndrome and Bile Acid Malabsorption	IBS	
ERR5035202	PRJEB42304	healthy	0.0				Ireland	V3-V4	FWD:CCTACGGGNGGCWGCAG	Illumina MiSeq	irritable bowel syndrome	Differences in Fecal Microbiomes and Metabolomes of People With vs Without Irritable Bowel Syndrome and Bile Acid Malabsorption	IBS	
ERR5035204	PRJEB42304	healthy	0.0				Ireland	V3-V4	FWD:CCTACGGGNGGCWGCAG	Illumina MiSeq	irritable bowel syndrome	Differences in Fecal Microbiomes and Metabolomes of People With vs Without Irritable Bowel Syndrome and Bile Acid Malabsorption	IBS	
ERR5035210	PRJEB42304	healthy	0.0				Ireland	V3-V4	FWD:CCTACGGGNGGCWGCAG	Illumina MiSeq	irritable bowel syndrome	Differences in Fecal Microbiomes and Metabolomes of People With vs Without Irritable Bowel Syndrome and Bile Acid Malabsorption	IBS	
ERR5035075	PRJEB42304	IBS	1.0				Ireland	V3-V4	FWD:CCTACGGGNGGCWGCAG	Illumina MiSeq	irritable bowel syndrome	Differences in Fecal Microbiomes and Metabolomes of People With vs Without Irritable Bowel Syndrome and Bile Acid Malabsorption	IBS	
ERR5035076	PRJEB42304	IBS	1.0				Ireland	V3-V4	FWD:CCTACGGGNGGCWGCAG	Illumina MiSeq	irritable bowel syndrome	Differences in Fecal Microbiomes and Metabolomes of People With vs Without Irritable Bowel Syndrome and Bile Acid Malabsorption	IBS	
ERR5035077	PRJEB42304	IBS	1.0				Ireland	V3-V4	FWD:CCTACGGGNGGCWGCAG	Illumina MiSeq	irritable bowel syndrome	Differences in Fecal Microbiomes and Metabolomes of People With vs Without Irritable Bowel Syndrome and Bile Acid Malabsorption	IBS	
ERR5035083	PRJEB42304	IBS	1.0				Ireland	V3-V4	FWD:CCTACGGGNGGCWGCAG	Illumina MiSeq	irritable bowel syndrome	Differences in Fecal Microbiomes and Metabolomes of People With vs Without Irritable Bowel Syndrome and Bile Acid Malabsorption	IBS	
ERR5035084	PRJEB42304	IBS	1.0				Ireland	V3-V4	FWD:CCTACGGGNGGCWGCAG	Illumina MiSeq	irritable bowel syndrome	Differences in Fecal Microbiomes and Metabolomes of People With vs Without Irritable Bowel Syndrome and Bile Acid Malabsorption	IBS	
ERR5035085	PRJEB42304	IBS	1.0				Ireland	V3-V4	FWD:CCTACGGGNGGCWGCAG	Illumina MiSeq	irritable bowel syndrome	Differences in Fecal Microbiomes and Metabolomes of People With vs Without Irritable Bowel Syndrome and Bile Acid Malabsorption	IBS	
ERR5035087	PRJEB42304	IBS	1.0				Ireland	V3-V4	FWD:CCTACGGGNGGCWGCAG	Illumina MiSeq	irritable bowel syndrome	Differences in Fecal Microbiomes and Metabolomes of People With vs Without Irritable Bowel Syndrome and Bile Acid Malabsorption	IBS	
ERR5035093	PRJEB42304	IBS	1.0				Ireland	V3-V4	FWD:CCTACGGGNGGCWGCAG	Illumina MiSeq	irritable bowel syndrome	Differences in Fecal Microbiomes and Metabolomes of People With vs Without Irritable Bowel Syndrome and Bile Acid Malabsorption	IBS	
ERR5035100	PRJEB42304	IBS	1.0				Ireland	V3-V4	FWD:CCTACGGGNGGCWGCAG	Illumina MiSeq	irritable bowel syndrome	Differences in Fecal Microbiomes and Metabolomes of People With vs Without Irritable Bowel Syndrome and Bile Acid Malabsorption	IBS	
ERR5035102	PRJEB42304	IBS	1.0				Ireland	V3-V4	FWD:CCTACGGGNGGCWGCAG	Illumina MiSeq	irritable bowel syndrome	Differences in Fecal Microbiomes and Metabolomes of People With vs Without Irritable Bowel Syndrome and Bile Acid Malabsorption	IBS	
ERR5035105	PRJEB42304	IBS	1.0				Ireland	V3-V4	FWD:CCTACGGGNGGCWGCAG	Illumina MiSeq	irritable bowel syndrome	Differences in Fecal Microbiomes and Metabolomes of People With vs Without Irritable Bowel Syndrome and Bile Acid Malabsorption	IBS	
ERR5035113	PRJEB42304	healthy	0.0				Ireland	V3-V4	FWD:CCTACGGGNGGCWGCAG	Illumina MiSeq	irritable bowel syndrome	Differences in Fecal Microbiomes and Metabolomes of People With vs Without Irritable Bowel Syndrome and Bile Acid Malabsorption	IBS	
ERR5035114	PRJEB42304	healthy	0.0				Ireland	V3-V4	FWD:CCTACGGGNGGCWGCAG	Illumina MiSeq	irritable bowel syndrome	Differences in Fecal Microbiomes and Metabolomes of People With vs Without Irritable Bowel Syndrome and Bile Acid Malabsorption	IBS	
ERR5035119	PRJEB42304	healthy	0.0				Ireland	V3-V4	FWD:CCTACGGGNGGCWGCAG	Illumina MiSeq	irritable bowel syndrome	Differences in Fecal Microbiomes and Metabolomes of People With vs Without Irritable Bowel Syndrome and Bile Acid Malabsorption	IBS	
ERR5035121	PRJEB42304	healthy	0.0				Ireland	V3-V4	FWD:CCTACGGGNGGCWGCAG	Illumina MiSeq	irritable bowel syndrome	Differences in Fecal Microbiomes and Metabolomes of People With vs Without Irritable Bowel Syndrome and Bile Acid Malabsorption	IBS	
ERR5035126	PRJEB42304	healthy	0.0				Ireland	V3-V4	FWD:CCTACGGGNGGCWGCAG	Illumina MiSeq	irritable bowel syndrome	Differences in Fecal Microbiomes and Metabolomes of People With vs Without Irritable Bowel Syndrome and Bile Acid Malabsorption	IBS	
ERR5035134	PRJEB42304	healthy	0.0				Ireland	V3-V4	FWD:CCTACGGGNGGCWGCAG	Illumina MiSeq	irritable bowel syndrome	Differences in Fecal Microbiomes and Metabolomes of People With vs Without Irritable Bowel Syndrome and Bile Acid Malabsorption	IBS	
ERR5035141	PRJEB42304	IBS	1.0				Ireland	V3-V4	FWD:CCTACGGGNGGCWGCAG	Illumina MiSeq	irritable bowel syndrome	Differences in Fecal Microbiomes and Metabolomes of People With vs Without Irritable Bowel Syndrome and Bile Acid Malabsorption	IBS	
ERR5035144	PRJEB42304	IBS	1.0				Ireland	V3-V4	FWD:CCTACGGGNGGCWGCAG	Illumina MiSeq	irritable bowel syndrome	Differences in Fecal Microbiomes and Metabolomes of People With vs Without Irritable Bowel Syndrome and Bile Acid Malabsorption	IBS	
ERR5035145	PRJEB42304	IBS	1.0				Ireland	V3-V4	FWD:CCTACGGGNGGCWGCAG	Illumina MiSeq	irritable bowel syndrome	Differences in Fecal Microbiomes and Metabolomes of People With vs Without Irritable Bowel Syndrome and Bile Acid Malabsorption	IBS	
ERR5035148	PRJEB42304	IBS	1.0				Ireland	V3-V4	FWD:CCTACGGGNGGCWGCAG	Illumina MiSeq	irritable bowel syndrome	Differences in Fecal Microbiomes and Metabolomes of People With vs Without Irritable Bowel Syndrome and Bile Acid Malabsorption	IBS	
ERR5035151	PRJEB42304	IBS	1.0				Ireland	V3-V4	FWD:CCTACGGGNGGCWGCAG	Illumina MiSeq	irritable bowel syndrome	Differences in Fecal Microbiomes and Metabolomes of People With vs Without Irritable Bowel Syndrome and Bile Acid Malabsorption	IBS	
ERR5035154	PRJEB42304	IBS	1.0				Ireland	V3-V4	FWD:CCTACGGGNGGCWGCAG	Illumina MiSeq	irritable bowel syndrome	Differences in Fecal Microbiomes and Metabolomes of People With vs Without Irritable Bowel Syndrome and Bile Acid Malabsorption	IBS	
ERR5035159	PRJEB42304	IBS	1.0				Ireland	V3-V4	FWD:CCTACGGGNGGCWGCAG	Illumina MiSeq	irritable bowel syndrome	Differences in Fecal Microbiomes and Metabolomes of People With vs Without Irritable Bowel Syndrome and Bile Acid Malabsorption	IBS	
ERR5035165	PRJEB42304	IBS	1.0				Ireland	V3-V4	FWD:CCTACGGGNGGCWGCAG	Illumina MiSeq	irritable bowel syndrome	Differences in Fecal Microbiomes and Metabolomes of People With vs Without Irritable Bowel Syndrome and Bile Acid Malabsorption	IBS	
ERR5035169	PRJEB42304	IBS	1.0				Ireland	V3-V4	FWD:CCTACGGGNGGCWGCAG	Illumina MiSeq	irritable bowel syndrome	Differences in Fecal Microbiomes and Metabolomes of People With vs Without Irritable Bowel Syndrome and Bile Acid Malabsorption	IBS	
ERR5035170	PRJEB42304	IBS	1.0				Ireland	V3-V4	FWD:CCTACGGGNGGCWGCAG	Illumina MiSeq	irritable bowel syndrome	Differences in Fecal Microbiomes and Metabolomes of People With vs Without Irritable Bowel Syndrome and Bile Acid Malabsorption	IBS	
ERR5035171	PRJEB42304	IBS	1.0				Ireland	V3-V4	FWD:CCTACGGGNGGCWGCAG	Illumina MiSeq	irritable bowel syndrome	Differences in Fecal Microbiomes and Metabolomes of People With vs Without Irritable Bowel Syndrome and Bile Acid Malabsorption	IBS	
ERR5035173	PRJEB42304	IBS	1.0				Ireland	V3-V4	FWD:CCTACGGGNGGCWGCAG	Illumina MiSeq	irritable bowel syndrome	Differences in Fecal Microbiomes and Metabolomes of People With vs Without Irritable Bowel Syndrome and Bile Acid Malabsorption	IBS	
ERR5035174	PRJEB42304	IBS	1.0				Ireland	V3-V4	FWD:CCTACGGGNGGCWGCAG	Illumina MiSeq	irritable bowel syndrome	Differences in Fecal Microbiomes and Metabolomes of People With vs Without Irritable Bowel Syndrome and Bile Acid Malabsorption	IBS	
ERR5035180	PRJEB42304	healthy	0.0				Ireland	V3-V4	FWD:CCTACGGGNGGCWGCAG	Illumina MiSeq	irritable bowel syndrome	Differences in Fecal Microbiomes and Metabolomes of People With vs Without Irritable Bowel Syndrome and Bile Acid Malabsorption	IBS	
ERR5035182	PRJEB42304	healthy	0.0				Ireland	V3-V4	FWD:CCTACGGGNGGCWGCAG	Illumina MiSeq	irritable bowel syndrome	Differences in Fecal Microbiomes and Metabolomes of People With vs Without Irritable Bowel Syndrome and Bile Acid Malabsorption	IBS	
ERR5052391	PRJEB42304	IBS	1.0				Ireland	V3-V4	FWD:CCTACGGGNGGCWGCAG	Illumina MiSeq	irritable bowel syndrome	Differences in Fecal Microbiomes and Metabolomes of People With vs Without Irritable Bowel Syndrome and Bile Acid Malabsorption	IBS	
ERR10317648	PRJEB44533	healthy	0.0	30	male	21.8	Netherlands	V4	primers removed before upload	Illumina HiSeq 2500	irritable bowel syndrome	Fecal Microbiota and SCFA signatures are not consistently related to Symptom Severity in Irritable Bowel Syndrome: A longitudinal study	IBS	
ERR10317649	PRJEB44533	healthy	0.0	24	female	21.6	Netherlands	V4	primers removed before upload	Illumina HiSeq 2500	irritable bowel syndrome	Fecal Microbiota and SCFA signatures are not consistently related to Symptom Severity in Irritable Bowel Syndrome: A longitudinal study	IBS	
ERR10317650	PRJEB44533	healthy	0.0	56	female	27.6	Netherlands	V4	primers removed before upload	Illumina HiSeq 2500	irritable bowel syndrome	Fecal Microbiota and SCFA signatures are not consistently related to Symptom Severity in Irritable Bowel Syndrome: A longitudinal study	IBS	
ERR10317654	PRJEB44533	healthy	0.0	48	female	19.6	Netherlands	V4	primers removed before upload	Illumina HiSeq 2500	irritable bowel syndrome	Fecal Microbiota and SCFA signatures are not consistently related to Symptom Severity in Irritable Bowel Syndrome: A longitudinal study	IBS	
ERR10317655	PRJEB44533	healthy	0.0	19	female	20.7	Netherlands	V4	primers removed before upload	Illumina HiSeq 2500	irritable bowel syndrome	Fecal Microbiota and SCFA signatures are not consistently related to Symptom Severity in Irritable Bowel Syndrome: A longitudinal study	IBS	
ERR10317660	PRJEB44533	healthy	0.0	53	female	29	Netherlands	V4	primers removed before upload	Illumina HiSeq 2500	irritable bowel syndrome	Fecal Microbiota and SCFA signatures are not consistently related to Symptom Severity in Irritable Bowel Syndrome: A longitudinal study	IBS	
ERR10317669	PRJEB44533	healthy	0.0	22	female	27.8	Netherlands	V4	primers removed before upload	Illumina HiSeq 2500	irritable bowel syndrome	Fecal Microbiota and SCFA signatures are not consistently related to Symptom Severity in Irritable Bowel Syndrome: A longitudinal study	IBS	
ERR10317674	PRJEB44533	IBS	1.0	62	female	24.5	Netherlands	V4	primers removed before upload	Illumina HiSeq 2500	irritable bowel syndrome	Fecal Microbiota and SCFA signatures are not consistently related to Symptom Severity in Irritable Bowel Syndrome: A longitudinal study	IBS	
ERR10317675	PRJEB44533	IBS	1.0	45	female	23.9	Netherlands	V4	primers removed before upload	Illumina HiSeq 2500	irritable bowel syndrome	Fecal Microbiota and SCFA signatures are not consistently related to Symptom Severity in Irritable Bowel Syndrome: A longitudinal study	IBS	
ERR10317677	PRJEB44533	IBS	1.0	40	female	19.6	Netherlands	V4	primers removed before upload	Illumina HiSeq 2500	irritable bowel syndrome	Fecal Microbiota and SCFA signatures are not consistently related to Symptom Severity in Irritable Bowel Syndrome: A longitudinal study	IBS	
ERR10317690	PRJEB44533	IBS	1.0	37	female	17.9	Netherlands	V4	primers removed before upload	Illumina HiSeq 2500	irritable bowel syndrome	Fecal Microbiota and SCFA signatures are not consistently related to Symptom Severity in Irritable Bowel Syndrome: A longitudinal study	IBS	
ERR10317695	PRJEB44533	IBS	1.0	51	female	19	Netherlands	V4	primers removed before upload	Illumina HiSeq 2500	irritable bowel syndrome	Fecal Microbiota and SCFA signatures are not consistently related to Symptom Severity in Irritable Bowel Syndrome: A longitudinal study	IBS	
ERR10317697	PRJEB44533	IBS	1.0	60	female	19.5	Netherlands	V4	primers removed before upload	Illumina HiSeq 2500	irritable bowel syndrome	Fecal Microbiota and SCFA signatures are not consistently related to Symptom Severity in Irritable Bowel Syndrome: A longitudinal study	IBS	
ERR10317699	PRJEB44533	IBS	1.0	55	female	23.3	Netherlands	V4	primers removed before upload	Illumina HiSeq 2500	irritable bowel syndrome	Fecal Microbiota and SCFA signatures are not consistently related to Symptom Severity in Irritable Bowel Syndrome: A longitudinal study	IBS	
ERR10317700	PRJEB44533	IBS	1.0	22	female	18.4	Netherlands	V4	primers removed before upload	Illumina HiSeq 2500	irritable bowel syndrome	Fecal Microbiota and SCFA signatures are not consistently related to Symptom Severity in Irritable Bowel Syndrome: A longitudinal study	IBS	
ERR10317701	PRJEB44533	IBS	1.0	32	male	22.2	Netherlands	V4	primers removed before upload	Illumina HiSeq 2500	irritable bowel syndrome	Fecal Microbiota and SCFA signatures are not consistently related to Symptom Severity in Irritable Bowel Syndrome: A longitudinal study	IBS	
ERR10317709	PRJEB44533	IBS	1.0	52	female	18.4	Netherlands	V4	primers removed before upload	Illumina HiSeq 2500	irritable bowel syndrome	Fecal Microbiota and SCFA signatures are not consistently related to Symptom Severity in Irritable Bowel Syndrome: A longitudinal study	IBS	
ERR10317711	PRJEB44533	IBS	1.0	38	female	18.4	Netherlands	V4	primers removed before upload	Illumina HiSeq 2500	irritable bowel syndrome	Fecal Microbiota and SCFA signatures are not consistently related to Symptom Severity in Irritable Bowel Syndrome: A longitudinal study	IBS	
ERR10317713	PRJEB44533	IBS	1.0	32	female	18.1	Netherlands	V4	primers removed before upload	Illumina HiSeq 2500	irritable bowel syndrome	Fecal Microbiota and SCFA signatures are not consistently related to Symptom Severity in Irritable Bowel Syndrome: A longitudinal study	IBS	
ERR10317716	PRJEB44533	IBS	1.0	64	female	23.4	Netherlands	V4	primers removed before upload	Illumina HiSeq 2500	irritable bowel syndrome	Fecal Microbiota and SCFA signatures are not consistently related to Symptom Severity in Irritable Bowel Syndrome: A longitudinal study	IBS	
ERR10317719	PRJEB44533	IBS	1.0	20	female	26	Netherlands	V4	primers removed before upload	Illumina HiSeq 2500	irritable bowel syndrome	Fecal Microbiota and SCFA signatures are not consistently related to Symptom Severity in Irritable Bowel Syndrome: A longitudinal study	IBS	
ERR10317720	PRJEB44533	IBS	1.0	42	female	24.7	Netherlands	V4	primers removed before upload	Illumina HiSeq 2500	irritable bowel syndrome	Fecal Microbiota and SCFA signatures are not consistently related to Symptom Severity in Irritable Bowel Syndrome: A longitudinal study	IBS	
ERR10317722	PRJEB44533	IBS	1.0	61	female	22.2	Netherlands	V4	primers removed before upload	Illumina HiSeq 2500	irritable bowel syndrome	Fecal Microbiota and SCFA signatures are not consistently related to Symptom Severity in Irritable Bowel Syndrome: A longitudinal study	IBS	
ERR10317725	PRJEB44533	IBS	1.0	52	female	24.6	Netherlands	V4	primers removed before upload	Illumina HiSeq 2500	irritable bowel syndrome	Fecal Microbiota and SCFA signatures are not consistently related to Symptom Severity in Irritable Bowel Syndrome: A longitudinal study	IBS	
ERR10317740	PRJEB44533	IBS	1.0	54	male	23.2	Netherlands	V4	primers removed before upload	Illumina HiSeq 2500	irritable bowel syndrome	Fecal Microbiota and SCFA signatures are not consistently related to Symptom Severity in Irritable Bowel Syndrome: A longitudinal study	IBS	
ERR10317743	PRJEB44533	IBS	1.0	60	female	18	Netherlands	V4	primers removed before upload	Illumina HiSeq 2500	irritable bowel syndrome	Fecal Microbiota and SCFA signatures are not consistently related to Symptom Severity in Irritable Bowel Syndrome: A longitudinal study	IBS	
ERR10317747	PRJEB44533	IBS	1.0	46	female	20.9	Netherlands	V4	primers removed before upload	Illumina HiSeq 2500	irritable bowel syndrome	Fecal Microbiota and SCFA signatures are not consistently related to Symptom Severity in Irritable Bowel Syndrome: A longitudinal study	IBS	
ERR10317755	PRJEB44533	IBS	1.0	43	female	20.4	Netherlands	V4	primers removed before upload	Illumina HiSeq 2500	irritable bowel syndrome	Fecal Microbiota and SCFA signatures are not consistently related to Symptom Severity in Irritable Bowel Syndrome: A longitudinal study	IBS	
ERR10317756	PRJEB44533	IBS	1.0	53	female	22.2	Netherlands	V4	primers removed before upload	Illumina HiSeq 2500	irritable bowel syndrome	Fecal Microbiota and SCFA signatures are not consistently related to Symptom Severity in Irritable Bowel Syndrome: A longitudinal study	IBS	
ERR10317761	PRJEB44533	IBS	1.0	31	female	25	Netherlands	V4	primers removed before upload	Illumina HiSeq 2500	irritable bowel syndrome	Fecal Microbiota and SCFA signatures are not consistently related to Symptom Severity in Irritable Bowel Syndrome: A longitudinal study	IBS	
ERR10317644	PRJEB44533	healthy	0.0	29	female	22.2	Netherlands	V4	primers removed before upload	Illumina HiSeq 2500	irritable bowel syndrome	Fecal Microbiota and SCFA signatures are not consistently related to Symptom Severity in Irritable Bowel Syndrome: A longitudinal study	IBS	
ERR10317647	PRJEB44533	healthy	0.0	23	female	24.7	Netherlands	V4	primers removed before upload	Illumina HiSeq 2500	irritable bowel syndrome	Fecal Microbiota and SCFA signatures are not consistently related to Symptom Severity in Irritable Bowel Syndrome: A longitudinal study	IBS	
ERR10317658	PRJEB44533	healthy	0.0	35	female	25.6	Netherlands	V4	primers removed before upload	Illumina HiSeq 2500	irritable bowel syndrome	Fecal Microbiota and SCFA signatures are not consistently related to Symptom Severity in Irritable Bowel Syndrome: A longitudinal study	IBS	
ERR10317668	PRJEB44533	healthy	0.0	21	female	23.9	Netherlands	V4	primers removed before upload	Illumina HiSeq 2500	irritable bowel syndrome	Fecal Microbiota and SCFA signatures are not consistently related to Symptom Severity in Irritable Bowel Syndrome: A longitudinal study	IBS	
ERR10317673	PRJEB44533	IBS	1.0	25	female	28.5	Netherlands	V4	primers removed before upload	Illumina HiSeq 2500	irritable bowel syndrome	Fecal Microbiota and SCFA signatures are not consistently related to Symptom Severity in Irritable Bowel Syndrome: A longitudinal study	IBS	
ERR10317680	PRJEB44533	IBS	1.0	24	female	24	Netherlands	V4	primers removed before upload	Illumina HiSeq 2500	irritable bowel syndrome	Fecal Microbiota and SCFA signatures are not consistently related to Symptom Severity in Irritable Bowel Syndrome: A longitudinal study	IBS	
ERR10317684	PRJEB44533	IBS	1.0	37	female	22.3	Netherlands	V4	primers removed before upload	Illumina HiSeq 2500	irritable bowel syndrome	Fecal Microbiota and SCFA signatures are not consistently related to Symptom Severity in Irritable Bowel Syndrome: A longitudinal study	IBS	
ERR10317685	PRJEB44533	IBS	1.0	53	male	23.1	Netherlands	V4	primers removed before upload	Illumina HiSeq 2500	irritable bowel syndrome	Fecal Microbiota and SCFA signatures are not consistently related to Symptom Severity in Irritable Bowel Syndrome: A longitudinal study	IBS	
ERR10317686	PRJEB44533	IBS	1.0	55	female	26.2	Netherlands	V4	primers removed before upload	Illumina HiSeq 2500	irritable bowel syndrome	Fecal Microbiota and SCFA signatures are not consistently related to Symptom Severity in Irritable Bowel Syndrome: A longitudinal study	IBS	
ERR10317689	PRJEB44533	IBS	1.0	33	female	21.5	Netherlands	V4	primers removed before upload	Illumina HiSeq 2500	irritable bowel syndrome	Fecal Microbiota and SCFA signatures are not consistently related to Symptom Severity in Irritable Bowel Syndrome: A longitudinal study	IBS	
ERR10317691	PRJEB44533	IBS	1.0	20	female	21.1	Netherlands	V4	primers removed before upload	Illumina HiSeq 2500	irritable bowel syndrome	Fecal Microbiota and SCFA signatures are not consistently related to Symptom Severity in Irritable Bowel Syndrome: A longitudinal study	IBS	
ERR10317705	PRJEB44533	IBS	1.0	56	female	22.9	Netherlands	V4	primers removed before upload	Illumina HiSeq 2500	irritable bowel syndrome	Fecal Microbiota and SCFA signatures are not consistently related to Symptom Severity in Irritable Bowel Syndrome: A longitudinal study	IBS	
ERR10317707	PRJEB44533	IBS	1.0	36	female	18	Netherlands	V4	primers removed before upload	Illumina HiSeq 2500	irritable bowel syndrome	Fecal Microbiota and SCFA signatures are not consistently related to Symptom Severity in Irritable Bowel Syndrome: A longitudinal study	IBS	
ERR10317718	PRJEB44533	IBS	1.0	55	female	21.9	Netherlands	V4	primers removed before upload	Illumina HiSeq 2500	irritable bowel syndrome	Fecal Microbiota and SCFA signatures are not consistently related to Symptom Severity in Irritable Bowel Syndrome: A longitudinal study	IBS	
ERR10317721	PRJEB44533	IBS	1.0	29	female	24.5	Netherlands	V4	primers removed before upload	Illumina HiSeq 2500	irritable bowel syndrome	Fecal Microbiota and SCFA signatures are not consistently related to Symptom Severity in Irritable Bowel Syndrome: A longitudinal study	IBS	
ERR10317729	PRJEB44533	IBS	1.0	60	female	22.3	Netherlands	V4	primers removed before upload	Illumina HiSeq 2500	irritable bowel syndrome	Fecal Microbiota and SCFA signatures are not consistently related to Symptom Severity in Irritable Bowel Syndrome: A longitudinal study	IBS	
ERR10317734	PRJEB44533	IBS	1.0	54	female	24.2	Netherlands	V4	primers removed before upload	Illumina HiSeq 2500	irritable bowel syndrome	Fecal Microbiota and SCFA signatures are not consistently related to Symptom Severity in Irritable Bowel Syndrome: A longitudinal study	IBS	
ERR10317735	PRJEB44533	IBS	1.0	33	male	22.2	Netherlands	V4	primers removed before upload	Illumina HiSeq 2500	irritable bowel syndrome	Fecal Microbiota and SCFA signatures are not consistently related to Symptom Severity in Irritable Bowel Syndrome: A longitudinal study	IBS	
ERR10317737	PRJEB44533	IBS	1.0	29	female	21.5	Netherlands	V4	primers removed before upload	Illumina HiSeq 2500	irritable bowel syndrome	Fecal Microbiota and SCFA signatures are not consistently related to Symptom Severity in Irritable Bowel Syndrome: A longitudinal study	IBS	
ERR10317741	PRJEB44533	IBS	1.0	22	female	20.1	Netherlands	V4	primers removed before upload	Illumina HiSeq 2500	irritable bowel syndrome	Fecal Microbiota and SCFA signatures are not consistently related to Symptom Severity in Irritable Bowel Syndrome: A longitudinal study	IBS	
ERR10317745	PRJEB44533	IBS	1.0	33	male	23.8	Netherlands	V4	primers removed before upload	Illumina HiSeq 2500	irritable bowel syndrome	Fecal Microbiota and SCFA signatures are not consistently related to Symptom Severity in Irritable Bowel Syndrome: A longitudinal study	IBS	
ERR10317757	PRJEB44533	IBS	1.0	35	male	22.3	Netherlands	V4	primers removed before upload	Illumina HiSeq 2500	irritable bowel syndrome	Fecal Microbiota and SCFA signatures are not consistently related to Symptom Severity in Irritable Bowel Syndrome: A longitudinal study	IBS	
ERR10317643	PRJEB44533	healthy	0.0	61	female	21.6	Netherlands	V4	primers removed before upload	Illumina HiSeq 2500	irritable bowel syndrome	Fecal Microbiota and SCFA signatures are not consistently related to Symptom Severity in Irritable Bowel Syndrome: A longitudinal study	IBS	
ERR10317645	PRJEB44533	healthy	0.0	21	female	20.6	Netherlands	V4	primers removed before upload	Illumina HiSeq 2500	irritable bowel syndrome	Fecal Microbiota and SCFA signatures are not consistently related to Symptom Severity in Irritable Bowel Syndrome: A longitudinal study	IBS	
ERR10317653	PRJEB44533	healthy	0.0	20	female	19.1	Netherlands	V4	primers removed before upload	Illumina HiSeq 2500	irritable bowel syndrome	Fecal Microbiota and SCFA signatures are not consistently related to Symptom Severity in Irritable Bowel Syndrome: A longitudinal study	IBS	
ERR10317657	PRJEB44533	healthy	0.0	43	female	20.9	Netherlands	V4	primers removed before upload	Illumina HiSeq 2500	irritable bowel syndrome	Fecal Microbiota and SCFA signatures are not consistently related to Symptom Severity in Irritable Bowel Syndrome: A longitudinal study	IBS	
ERR10317659	PRJEB44533	healthy	0.0	23	female	22.5	Netherlands	V4	primers removed before upload	Illumina HiSeq 2500	irritable bowel syndrome	Fecal Microbiota and SCFA signatures are not consistently related to Symptom Severity in Irritable Bowel Syndrome: A longitudinal study	IBS	
ERR10317661	PRJEB44533	healthy	0.0	36	female	18.4	Netherlands	V4	primers removed before upload	Illumina HiSeq 2500	irritable bowel syndrome	Fecal Microbiota and SCFA signatures are not consistently related to Symptom Severity in Irritable Bowel Syndrome: A longitudinal study	IBS	
ERR10317663	PRJEB44533	healthy	0.0	61	female	21.5	Netherlands	V4	primers removed before upload	Illumina HiSeq 2500	irritable bowel syndrome	Fecal Microbiota and SCFA signatures are not consistently related to Symptom Severity in Irritable Bowel Syndrome: A longitudinal study	IBS	
ERR10317666	PRJEB44533	healthy	0.0	64	male	26.6	Netherlands	V4	primers removed before upload	Illumina HiSeq 2500	irritable bowel syndrome	Fecal Microbiota and SCFA signatures are not consistently related to Symptom Severity in Irritable Bowel Syndrome: A longitudinal study	IBS	
ERR10317670	PRJEB44533	healthy	0.0	21	female	23.6	Netherlands	V4	primers removed before upload	Illumina HiSeq 2500	irritable bowel syndrome	Fecal Microbiota and SCFA signatures are not consistently related to Symptom Severity in Irritable Bowel Syndrome: A longitudinal study	IBS	
ERR10317672	PRJEB44533	IBS	1.0	49	male	25.3	Netherlands	V4	primers removed before upload	Illumina HiSeq 2500	irritable bowel syndrome	Fecal Microbiota and SCFA signatures are not consistently related to Symptom Severity in Irritable Bowel Syndrome: A longitudinal study	IBS	
ERR10317676	PRJEB44533	IBS	1.0	46	female	24.9	Netherlands	V4	primers removed before upload	Illumina HiSeq 2500	irritable bowel syndrome	Fecal Microbiota and SCFA signatures are not consistently related to Symptom Severity in Irritable Bowel Syndrome: A longitudinal study	IBS	
ERR10317682	PRJEB44533	IBS	1.0	33	female	19.5	Netherlands	V4	primers removed before upload	Illumina HiSeq 2500	irritable bowel syndrome	Fecal Microbiota and SCFA signatures are not consistently related to Symptom Severity in Irritable Bowel Syndrome: A longitudinal study	IBS	
ERR10317692	PRJEB44533	IBS	1.0	27	female	23.8	Netherlands	V4	primers removed before upload	Illumina HiSeq 2500	irritable bowel syndrome	Fecal Microbiota and SCFA signatures are not consistently related to Symptom Severity in Irritable Bowel Syndrome: A longitudinal study	IBS	
ERR10317694	PRJEB44533	IBS	1.0	57	male	25.5	Netherlands	V4	primers removed before upload	Illumina HiSeq 2500	irritable bowel syndrome	Fecal Microbiota and SCFA signatures are not consistently related to Symptom Severity in Irritable Bowel Syndrome: A longitudinal study	IBS	
ERR10317723	PRJEB44533	IBS	1.0	22	female	24.1	Netherlands	V4	primers removed before upload	Illumina HiSeq 2500	irritable bowel syndrome	Fecal Microbiota and SCFA signatures are not consistently related to Symptom Severity in Irritable Bowel Syndrome: A longitudinal study	IBS	
ERR10317731	PRJEB44533	IBS	1.0	20	female	19.3	Netherlands	V4	primers removed before upload	Illumina HiSeq 2500	irritable bowel syndrome	Fecal Microbiota and SCFA signatures are not consistently related to Symptom Severity in Irritable Bowel Syndrome: A longitudinal study	IBS	
ERR10317742	PRJEB44533	IBS	1.0	53	female	29.8	Netherlands	V4	primers removed before upload	Illumina HiSeq 2500	irritable bowel syndrome	Fecal Microbiota and SCFA signatures are not consistently related to Symptom Severity in Irritable Bowel Syndrome: A longitudinal study	IBS	
ERR10317746	PRJEB44533	IBS	1.0	63	female	30	Netherlands	V4	primers removed before upload	Illumina HiSeq 2500	irritable bowel syndrome	Fecal Microbiota and SCFA signatures are not consistently related to Symptom Severity in Irritable Bowel Syndrome: A longitudinal study	IBS	
ERR10317758	PRJEB44533	IBS	1.0	65	female	21.7	Netherlands	V4	primers removed before upload	Illumina HiSeq 2500	irritable bowel syndrome	Fecal Microbiota and SCFA signatures are not consistently related to Symptom Severity in Irritable Bowel Syndrome: A longitudinal study	IBS	
ERR10317759	PRJEB44533	IBS	1.0	24	female	25.1	Netherlands	V4	primers removed before upload	Illumina HiSeq 2500	irritable bowel syndrome	Fecal Microbiota and SCFA signatures are not consistently related to Symptom Severity in Irritable Bowel Syndrome: A longitudinal study	IBS	
ERR10317646	PRJEB44533	healthy	0.0	54	female	26.2	Netherlands	V4	primers removed before upload	Illumina HiSeq 2500	irritable bowel syndrome	Fecal Microbiota and SCFA signatures are not consistently related to Symptom Severity in Irritable Bowel Syndrome: A longitudinal study	IBS	
ERR10317656	PRJEB44533	healthy	0.0	20	female	21.1	Netherlands	V4	primers removed before upload	Illumina HiSeq 2500	irritable bowel syndrome	Fecal Microbiota and SCFA signatures are not consistently related to Symptom Severity in Irritable Bowel Syndrome: A longitudinal study	IBS	
ERR10317664	PRJEB44533	healthy	0.0	63	female	26	Netherlands	V4	primers removed before upload	Illumina HiSeq 2500	irritable bowel syndrome	Fecal Microbiota and SCFA signatures are not consistently related to Symptom Severity in Irritable Bowel Syndrome: A longitudinal study	IBS	
ERR10317667	PRJEB44533	healthy	0.0	62	female	27.9	Netherlands	V4	primers removed before upload	Illumina HiSeq 2500	irritable bowel syndrome	Fecal Microbiota and SCFA signatures are not consistently related to Symptom Severity in Irritable Bowel Syndrome: A longitudinal study	IBS	
ERR10317671	PRJEB44533	IBS	1.0	47	male	22.8	Netherlands	V4	primers removed before upload	Illumina HiSeq 2500	irritable bowel syndrome	Fecal Microbiota and SCFA signatures are not consistently related to Symptom Severity in Irritable Bowel Syndrome: A longitudinal study	IBS	
ERR10317683	PRJEB44533	IBS	1.0	43	male	28.3	Netherlands	V4	primers removed before upload	Illumina HiSeq 2500	irritable bowel syndrome	Fecal Microbiota and SCFA signatures are not consistently related to Symptom Severity in Irritable Bowel Syndrome: A longitudinal study	IBS	
ERR10317687	PRJEB44533	IBS	1.0	26	female	18	Netherlands	V4	primers removed before upload	Illumina HiSeq 2500	irritable bowel syndrome	Fecal Microbiota and SCFA signatures are not consistently related to Symptom Severity in Irritable Bowel Syndrome: A longitudinal study	IBS	
ERR10317693	PRJEB44533	IBS	1.0	63	male	22.8	Netherlands	V4	primers removed before upload	Illumina HiSeq 2500	irritable bowel syndrome	Fecal Microbiota and SCFA signatures are not consistently related to Symptom Severity in Irritable Bowel Syndrome: A longitudinal study	IBS	
ERR10317702	PRJEB44533	IBS	1.0	34	female	19.8	Netherlands	V4	primers removed before upload	Illumina HiSeq 2500	irritable bowel syndrome	Fecal Microbiota and SCFA signatures are not consistently related to Symptom Severity in Irritable Bowel Syndrome: A longitudinal study	IBS	
ERR10317703	PRJEB44533	IBS	1.0	23	female	23.9	Netherlands	V4	primers removed before upload	Illumina HiSeq 2500	irritable bowel syndrome	Fecal Microbiota and SCFA signatures are not consistently related to Symptom Severity in Irritable Bowel Syndrome: A longitudinal study	IBS	
ERR10317704	PRJEB44533	IBS	1.0	25	female	18.8	Netherlands	V4	primers removed before upload	Illumina HiSeq 2500	irritable bowel syndrome	Fecal Microbiota and SCFA signatures are not consistently related to Symptom Severity in Irritable Bowel Syndrome: A longitudinal study	IBS	
ERR10317708	PRJEB44533	IBS	1.0	54	female	27.6	Netherlands	V4	primers removed before upload	Illumina HiSeq 2500	irritable bowel syndrome	Fecal Microbiota and SCFA signatures are not consistently related to Symptom Severity in Irritable Bowel Syndrome: A longitudinal study	IBS	
ERR10317717	PRJEB44533	IBS	1.0	38	male	19.7	Netherlands	V4	primers removed before upload	Illumina HiSeq 2500	irritable bowel syndrome	Fecal Microbiota and SCFA signatures are not consistently related to Symptom Severity in Irritable Bowel Syndrome: A longitudinal study	IBS	
ERR10317727	PRJEB44533	IBS	1.0	26	female	22.6	Netherlands	V4	primers removed before upload	Illumina HiSeq 2500	irritable bowel syndrome	Fecal Microbiota and SCFA signatures are not consistently related to Symptom Severity in Irritable Bowel Syndrome: A longitudinal study	IBS	
ERR10317730	PRJEB44533	IBS	1.0	45	female	27.5	Netherlands	V4	primers removed before upload	Illumina HiSeq 2500	irritable bowel syndrome	Fecal Microbiota and SCFA signatures are not consistently related to Symptom Severity in Irritable Bowel Syndrome: A longitudinal study	IBS	
ERR10317732	PRJEB44533	IBS	1.0	37	female	21.1	Netherlands	V4	primers removed before upload	Illumina HiSeq 2500	irritable bowel syndrome	Fecal Microbiota and SCFA signatures are not consistently related to Symptom Severity in Irritable Bowel Syndrome: A longitudinal study	IBS	
ERR10317738	PRJEB44533	IBS	1.0	63	male	19.1	Netherlands	V4	primers removed before upload	Illumina HiSeq 2500	irritable bowel syndrome	Fecal Microbiota and SCFA signatures are not consistently related to Symptom Severity in Irritable Bowel Syndrome: A longitudinal study	IBS	
ERR10317744	PRJEB44533	IBS	1.0	35	male	26.2	Netherlands	V4	primers removed before upload	Illumina HiSeq 2500	irritable bowel syndrome	Fecal Microbiota and SCFA signatures are not consistently related to Symptom Severity in Irritable Bowel Syndrome: A longitudinal study	IBS	
ERR10317749	PRJEB44533	IBS	1.0	53	female	21.6	Netherlands	V4	primers removed before upload	Illumina HiSeq 2500	irritable bowel syndrome	Fecal Microbiota and SCFA signatures are not consistently related to Symptom Severity in Irritable Bowel Syndrome: A longitudinal study	IBS	
ERR10317750	PRJEB44533	IBS	1.0	48	female	24.9	Netherlands	V4	primers removed before upload	Illumina HiSeq 2500	irritable bowel syndrome	Fecal Microbiota and SCFA signatures are not consistently related to Symptom Severity in Irritable Bowel Syndrome: A longitudinal study	IBS	
ERR10317751	PRJEB44533	IBS	1.0	18	female	20	Netherlands	V4	primers removed before upload	Illumina HiSeq 2500	irritable bowel syndrome	Fecal Microbiota and SCFA signatures are not consistently related to Symptom Severity in Irritable Bowel Syndrome: A longitudinal study	IBS	
ERR10317641	PRJEB44533	healthy	0.0	48	female	20.4	Netherlands	V4	primers removed before upload	Illumina HiSeq 2500	irritable bowel syndrome	Fecal Microbiota and SCFA signatures are not consistently related to Symptom Severity in Irritable Bowel Syndrome: A longitudinal study	IBS	
ERR10317642	PRJEB44533	healthy	0.0	54	female	27.8	Netherlands	V4	primers removed before upload	Illumina HiSeq 2500	irritable bowel syndrome	Fecal Microbiota and SCFA signatures are not consistently related to Symptom Severity in Irritable Bowel Syndrome: A longitudinal study	IBS	
ERR10317651	PRJEB44533	healthy	0.0	22	female	18.9	Netherlands	V4	primers removed before upload	Illumina HiSeq 2500	irritable bowel syndrome	Fecal Microbiota and SCFA signatures are not consistently related to Symptom Severity in Irritable Bowel Syndrome: A longitudinal study	IBS	
ERR10317652	PRJEB44533	healthy	0.0	54	female	25	Netherlands	V4	primers removed before upload	Illumina HiSeq 2500	irritable bowel syndrome	Fecal Microbiota and SCFA signatures are not consistently related to Symptom Severity in Irritable Bowel Syndrome: A longitudinal study	IBS	
ERR10317662	PRJEB44533	healthy	0.0	63	male	21.7	Netherlands	V4	primers removed before upload	Illumina HiSeq 2500	irritable bowel syndrome	Fecal Microbiota and SCFA signatures are not consistently related to Symptom Severity in Irritable Bowel Syndrome: A longitudinal study	IBS	
ERR10317665	PRJEB44533	healthy	0.0	32	male	22.7	Netherlands	V4	primers removed before upload	Illumina HiSeq 2500	irritable bowel syndrome	Fecal Microbiota and SCFA signatures are not consistently related to Symptom Severity in Irritable Bowel Syndrome: A longitudinal study	IBS	
ERR10317678	PRJEB44533	IBS	1.0	20	female	23.5	Netherlands	V4	primers removed before upload	Illumina HiSeq 2500	irritable bowel syndrome	Fecal Microbiota and SCFA signatures are not consistently related to Symptom Severity in Irritable Bowel Syndrome: A longitudinal study	IBS	
ERR10317679	PRJEB44533	IBS	1.0	19	female	20.2	Netherlands	V4	primers removed before upload	Illumina HiSeq 2500	irritable bowel syndrome	Fecal Microbiota and SCFA signatures are not consistently related to Symptom Severity in Irritable Bowel Syndrome: A longitudinal study	IBS	
ERR10317681	PRJEB44533	IBS	1.0	20	female	23.9	Netherlands	V4	primers removed before upload	Illumina HiSeq 2500	irritable bowel syndrome	Fecal Microbiota and SCFA signatures are not consistently related to Symptom Severity in Irritable Bowel Syndrome: A longitudinal study	IBS	
ERR10317688	PRJEB44533	IBS	1.0	43	male	25.3	Netherlands	V4	primers removed before upload	Illumina HiSeq 2500	irritable bowel syndrome	Fecal Microbiota and SCFA signatures are not consistently related to Symptom Severity in Irritable Bowel Syndrome: A longitudinal study	IBS	
ERR10317696	PRJEB44533	IBS	1.0	48	female	25.6	Netherlands	V4	primers removed before upload	Illumina HiSeq 2500	irritable bowel syndrome	Fecal Microbiota and SCFA signatures are not consistently related to Symptom Severity in Irritable Bowel Syndrome: A longitudinal study	IBS	
ERR10317698	PRJEB44533	IBS	1.0	51	female	22.9	Netherlands	V4	primers removed before upload	Illumina HiSeq 2500	irritable bowel syndrome	Fecal Microbiota and SCFA signatures are not consistently related to Symptom Severity in Irritable Bowel Syndrome: A longitudinal study	IBS	
ERR10317706	PRJEB44533	IBS	1.0	25	female	23.5	Netherlands	V4	primers removed before upload	Illumina HiSeq 2500	irritable bowel syndrome	Fecal Microbiota and SCFA signatures are not consistently related to Symptom Severity in Irritable Bowel Syndrome: A longitudinal study	IBS	
ERR10317710	PRJEB44533	IBS	1.0	47	female	21.5	Netherlands	V4	primers removed before upload	Illumina HiSeq 2500	irritable bowel syndrome	Fecal Microbiota and SCFA signatures are not consistently related to Symptom Severity in Irritable Bowel Syndrome: A longitudinal study	IBS	
ERR10317712	PRJEB44533	IBS	1.0	22	female	21.6	Netherlands	V4	primers removed before upload	Illumina HiSeq 2500	irritable bowel syndrome	Fecal Microbiota and SCFA signatures are not consistently related to Symptom Severity in Irritable Bowel Syndrome: A longitudinal study	IBS	
ERR10317714	PRJEB44533	IBS	1.0	64	female	22.3	Netherlands	V4	primers removed before upload	Illumina HiSeq 2500	irritable bowel syndrome	Fecal Microbiota and SCFA signatures are not consistently related to Symptom Severity in Irritable Bowel Syndrome: A longitudinal study	IBS	
ERR10317715	PRJEB44533	IBS	1.0	50	female	21.1	Netherlands	V4	primers removed before upload	Illumina HiSeq 2500	irritable bowel syndrome	Fecal Microbiota and SCFA signatures are not consistently related to Symptom Severity in Irritable Bowel Syndrome: A longitudinal study	IBS	
ERR10317724	PRJEB44533	IBS	1.0	57	male	25.3	Netherlands	V4	primers removed before upload	Illumina HiSeq 2500	irritable bowel syndrome	Fecal Microbiota and SCFA signatures are not consistently related to Symptom Severity in Irritable Bowel Syndrome: A longitudinal study	IBS	
ERR10317726	PRJEB44533	IBS	1.0	56	male	27.8	Netherlands	V4	primers removed before upload	Illumina HiSeq 2500	irritable bowel syndrome	Fecal Microbiota and SCFA signatures are not consistently related to Symptom Severity in Irritable Bowel Syndrome: A longitudinal study	IBS	
ERR10317728	PRJEB44533	IBS	1.0	30	female	22.4	Netherlands	V4	primers removed before upload	Illumina HiSeq 2500	irritable bowel syndrome	Fecal Microbiota and SCFA signatures are not consistently related to Symptom Severity in Irritable Bowel Syndrome: A longitudinal study	IBS	
ERR10317733	PRJEB44533	IBS	1.0	61	female	26.4	Netherlands	V4	primers removed before upload	Illumina HiSeq 2500	irritable bowel syndrome	Fecal Microbiota and SCFA signatures are not consistently related to Symptom Severity in Irritable Bowel Syndrome: A longitudinal study	IBS	
ERR10317736	PRJEB44533	IBS	1.0	22	female	22.7	Netherlands	V4	primers removed before upload	Illumina HiSeq 2500	irritable bowel syndrome	Fecal Microbiota and SCFA signatures are not consistently related to Symptom Severity in Irritable Bowel Syndrome: A longitudinal study	IBS	
ERR10317739	PRJEB44533	IBS	1.0	20	female	29	Netherlands	V4	primers removed before upload	Illumina HiSeq 2500	irritable bowel syndrome	Fecal Microbiota and SCFA signatures are not consistently related to Symptom Severity in Irritable Bowel Syndrome: A longitudinal study	IBS	
ERR10317748	PRJEB44533	IBS	1.0	64	male	23.7	Netherlands	V4	primers removed before upload	Illumina HiSeq 2500	irritable bowel syndrome	Fecal Microbiota and SCFA signatures are not consistently related to Symptom Severity in Irritable Bowel Syndrome: A longitudinal study	IBS	
ERR10317752	PRJEB44533	IBS	1.0	54	male	22.4	Netherlands	V4	primers removed before upload	Illumina HiSeq 2500	irritable bowel syndrome	Fecal Microbiota and SCFA signatures are not consistently related to Symptom Severity in Irritable Bowel Syndrome: A longitudinal study	IBS	
ERR10317753	PRJEB44533	IBS	1.0	49	female	19.3	Netherlands	V4	primers removed before upload	Illumina HiSeq 2500	irritable bowel syndrome	Fecal Microbiota and SCFA signatures are not consistently related to Symptom Severity in Irritable Bowel Syndrome: A longitudinal study	IBS	
ERR10317754	PRJEB44533	IBS	1.0	45	female	26.3	Netherlands	V4	primers removed before upload	Illumina HiSeq 2500	irritable bowel syndrome	Fecal Microbiota and SCFA signatures are not consistently related to Symptom Severity in Irritable Bowel Syndrome: A longitudinal study	IBS	
ERR10317760	PRJEB44533	IBS	1.0	53	female	27.3	Netherlands	V4	primers removed before upload	Illumina HiSeq 2500	irritable bowel syndrome	Fecal Microbiota and SCFA signatures are not consistently related to Symptom Severity in Irritable Bowel Syndrome: A longitudinal study	IBS	
SRR11944147	PRJNA637763	IBS	1.0				Japan	V1-V2	FWD:AGAGTTTGATCMTGGCTCAG	Illumina MiSeq	irritable bowel syndrome	Usefulness of Machine Learning-Based Gut Microbiome Analysis for Identifying Patients with Irritable Bowels Syndrome	IBS	
SRR11944150	PRJNA637763	IBS	1.0				Japan	V1-V2	FWD:AGAGTTTGATCMTGGCTCAG	Illumina MiSeq	irritable bowel syndrome	Usefulness of Machine Learning-Based Gut Microbiome Analysis for Identifying Patients with Irritable Bowels Syndrome	IBS	
SRR11944171	PRJNA637763	IBS	1.0				Japan	V1-V2	FWD:AGAGTTTGATCMTGGCTCAG	Illumina MiSeq	irritable bowel syndrome	Usefulness of Machine Learning-Based Gut Microbiome Analysis for Identifying Patients with Irritable Bowels Syndrome	IBS	
SRR11944184	PRJNA637763	healthy	0.0				Japan	V1-V2	FWD:AGAGTTTGATCMTGGCTCAG	Illumina MiSeq	irritable bowel syndrome	Usefulness of Machine Learning-Based Gut Microbiome Analysis for Identifying Patients with Irritable Bowels Syndrome	IBS	
SRR11944190	PRJNA637763	healthy	0.0				Japan	V1-V2	FWD:AGAGTTTGATCMTGGCTCAG	Illumina MiSeq	irritable bowel syndrome	Usefulness of Machine Learning-Based Gut Microbiome Analysis for Identifying Patients with Irritable Bowels Syndrome	IBS	
SRR11944196	PRJNA637763	IBS	1.0				Japan	V1-V2	FWD:AGAGTTTGATCMTGGCTCAG	Illumina MiSeq	irritable bowel syndrome	Usefulness of Machine Learning-Based Gut Microbiome Analysis for Identifying Patients with Irritable Bowels Syndrome	IBS	
SRR11944199	PRJNA637763	healthy	0.0				Japan	V1-V2	FWD:AGAGTTTGATCMTGGCTCAG	Illumina MiSeq	irritable bowel syndrome	Usefulness of Machine Learning-Based Gut Microbiome Analysis for Identifying Patients with Irritable Bowels Syndrome	IBS	
SRR11944200	PRJNA637763	IBS	1.0				Japan	V1-V2	FWD:AGAGTTTGATCMTGGCTCAG	Illumina MiSeq	irritable bowel syndrome	Usefulness of Machine Learning-Based Gut Microbiome Analysis for Identifying Patients with Irritable Bowels Syndrome	IBS	
SRR11944207	PRJNA637763	IBS	1.0				Japan	V1-V2	FWD:AGAGTTTGATCMTGGCTCAG	Illumina MiSeq	irritable bowel syndrome	Usefulness of Machine Learning-Based Gut Microbiome Analysis for Identifying Patients with Irritable Bowels Syndrome	IBS	
SRR11944209	PRJNA637763	healthy	0.0				Japan	V1-V2	FWD:AGAGTTTGATCMTGGCTCAG	Illumina MiSeq	irritable bowel syndrome	Usefulness of Machine Learning-Based Gut Microbiome Analysis for Identifying Patients with Irritable Bowels Syndrome	IBS	
SRR11944212	PRJNA637763	healthy	0.0				Japan	V1-V2	FWD:AGAGTTTGATCMTGGCTCAG	Illumina MiSeq	irritable bowel syndrome	Usefulness of Machine Learning-Based Gut Microbiome Analysis for Identifying Patients with Irritable Bowels Syndrome	IBS	
SRR11944218	PRJNA637763	healthy	0.0				Japan	V1-V2	FWD:AGAGTTTGATCMTGGCTCAG	Illumina MiSeq	irritable bowel syndrome	Usefulness of Machine Learning-Based Gut Microbiome Analysis for Identifying Patients with Irritable Bowels Syndrome	IBS	
SRR11944221	PRJNA637763	healthy	0.0				Japan	V1-V2	FWD:AGAGTTTGATCMTGGCTCAG	Illumina MiSeq	irritable bowel syndrome	Usefulness of Machine Learning-Based Gut Microbiome Analysis for Identifying Patients with Irritable Bowels Syndrome	IBS	
SRR11944222	PRJNA637763	IBS	1.0				Japan	V1-V2	FWD:AGAGTTTGATCMTGGCTCAG	Illumina MiSeq	irritable bowel syndrome	Usefulness of Machine Learning-Based Gut Microbiome Analysis for Identifying Patients with Irritable Bowels Syndrome	IBS	
SRR11944235	PRJNA637763	IBS	1.0				Japan	V1-V2	FWD:AGAGTTTGATCMTGGCTCAG	Illumina MiSeq	irritable bowel syndrome	Usefulness of Machine Learning-Based Gut Microbiome Analysis for Identifying Patients with Irritable Bowels Syndrome	IBS	
SRR11944237	PRJNA637763	IBS	1.0				Japan	V1-V2	FWD:AGAGTTTGATCMTGGCTCAG	Illumina MiSeq	irritable bowel syndrome	Usefulness of Machine Learning-Based Gut Microbiome Analysis for Identifying Patients with Irritable Bowels Syndrome	IBS	
SRR11944240	PRJNA637763	IBS	1.0				Japan	V1-V2	FWD:AGAGTTTGATCMTGGCTCAG	Illumina MiSeq	irritable bowel syndrome	Usefulness of Machine Learning-Based Gut Microbiome Analysis for Identifying Patients with Irritable Bowels Syndrome	IBS	
SRR11944139	PRJNA637763	IBS	1.0				Japan	V1-V2	FWD:AGAGTTTGATCMTGGCTCAG	Illumina MiSeq	irritable bowel syndrome	Usefulness of Machine Learning-Based Gut Microbiome Analysis for Identifying Patients with Irritable Bowels Syndrome	IBS	
SRR11944144	PRJNA637763	IBS	1.0				Japan	V1-V2	FWD:AGAGTTTGATCMTGGCTCAG	Illumina MiSeq	irritable bowel syndrome	Usefulness of Machine Learning-Based Gut Microbiome Analysis for Identifying Patients with Irritable Bowels Syndrome	IBS	
SRR11944152	PRJNA637763	IBS	1.0				Japan	V1-V2	FWD:AGAGTTTGATCMTGGCTCAG	Illumina MiSeq	irritable bowel syndrome	Usefulness of Machine Learning-Based Gut Microbiome Analysis for Identifying Patients with Irritable Bowels Syndrome	IBS	
SRR11944153	PRJNA637763	IBS	1.0				Japan	V1-V2	FWD:AGAGTTTGATCMTGGCTCAG	Illumina MiSeq	irritable bowel syndrome	Usefulness of Machine Learning-Based Gut Microbiome Analysis for Identifying Patients with Irritable Bowels Syndrome	IBS	
SRR11944161	PRJNA637763	IBS	1.0				Japan	V1-V2	FWD:AGAGTTTGATCMTGGCTCAG	Illumina MiSeq	irritable bowel syndrome	Usefulness of Machine Learning-Based Gut Microbiome Analysis for Identifying Patients with Irritable Bowels Syndrome	IBS	
SRR11944164	PRJNA637763	healthy	0.0				Japan	V1-V2	FWD:AGAGTTTGATCMTGGCTCAG	Illumina MiSeq	irritable bowel syndrome	Usefulness of Machine Learning-Based Gut Microbiome Analysis for Identifying Patients with Irritable Bowels Syndrome	IBS	
SRR11944168	PRJNA637763	healthy	0.0				Japan	V1-V2	FWD:AGAGTTTGATCMTGGCTCAG	Illumina MiSeq	irritable bowel syndrome	Usefulness of Machine Learning-Based Gut Microbiome Analysis for Identifying Patients with Irritable Bowels Syndrome	IBS	
SRR11944175	PRJNA637763	IBS	1.0				Japan	V1-V2	FWD:AGAGTTTGATCMTGGCTCAG	Illumina MiSeq	irritable bowel syndrome	Usefulness of Machine Learning-Based Gut Microbiome Analysis for Identifying Patients with Irritable Bowels Syndrome	IBS	
SRR11944179	PRJNA637763	healthy	0.0				Japan	V1-V2	FWD:AGAGTTTGATCMTGGCTCAG	Illumina MiSeq	irritable bowel syndrome	Usefulness of Machine Learning-Based Gut Microbiome Analysis for Identifying Patients with Irritable Bowels Syndrome	IBS	
SRR11944181	PRJNA637763	IBS	1.0				Japan	V1-V2	FWD:AGAGTTTGATCMTGGCTCAG	Illumina MiSeq	irritable bowel syndrome	Usefulness of Machine Learning-Based Gut Microbiome Analysis for Identifying Patients with Irritable Bowels Syndrome	IBS	
SRR11944182	PRJNA637763	IBS	1.0				Japan	V1-V2	FWD:AGAGTTTGATCMTGGCTCAG	Illumina MiSeq	irritable bowel syndrome	Usefulness of Machine Learning-Based Gut Microbiome Analysis for Identifying Patients with Irritable Bowels Syndrome	IBS	
SRR11944183	PRJNA637763	healthy	0.0				Japan	V1-V2	FWD:AGAGTTTGATCMTGGCTCAG	Illumina MiSeq	irritable bowel syndrome	Usefulness of Machine Learning-Based Gut Microbiome Analysis for Identifying Patients with Irritable Bowels Syndrome	IBS	
SRR11944186	PRJNA637763	healthy	0.0				Japan	V1-V2	FWD:AGAGTTTGATCMTGGCTCAG	Illumina MiSeq	irritable bowel syndrome	Usefulness of Machine Learning-Based Gut Microbiome Analysis for Identifying Patients with Irritable Bowels Syndrome	IBS	
SRR11944187	PRJNA637763	IBS	1.0				Japan	V1-V2	FWD:AGAGTTTGATCMTGGCTCAG	Illumina MiSeq	irritable bowel syndrome	Usefulness of Machine Learning-Based Gut Microbiome Analysis for Identifying Patients with Irritable Bowels Syndrome	IBS	
SRR11944188	PRJNA637763	healthy	0.0				Japan	V1-V2	FWD:AGAGTTTGATCMTGGCTCAG	Illumina MiSeq	irritable bowel syndrome	Usefulness of Machine Learning-Based Gut Microbiome Analysis for Identifying Patients with Irritable Bowels Syndrome	IBS	
SRR11944193	PRJNA637763	IBS	1.0				Japan	V1-V2	FWD:AGAGTTTGATCMTGGCTCAG	Illumina MiSeq	irritable bowel syndrome	Usefulness of Machine Learning-Based Gut Microbiome Analysis for Identifying Patients with Irritable Bowels Syndrome	IBS	
SRR11944208	PRJNA637763	IBS	1.0				Japan	V1-V2	FWD:AGAGTTTGATCMTGGCTCAG	Illumina MiSeq	irritable bowel syndrome	Usefulness of Machine Learning-Based Gut Microbiome Analysis for Identifying Patients with Irritable Bowels Syndrome	IBS	
SRR11944210	PRJNA637763	IBS	1.0				Japan	V1-V2	FWD:AGAGTTTGATCMTGGCTCAG	Illumina MiSeq	irritable bowel syndrome	Usefulness of Machine Learning-Based Gut Microbiome Analysis for Identifying Patients with Irritable Bowels Syndrome	IBS	
SRR11944211	PRJNA637763	IBS	1.0				Japan	V1-V2	FWD:AGAGTTTGATCMTGGCTCAG	Illumina MiSeq	irritable bowel syndrome	Usefulness of Machine Learning-Based Gut Microbiome Analysis for Identifying Patients with Irritable Bowels Syndrome	IBS	
SRR11944216	PRJNA637763	healthy	0.0				Japan	V1-V2	FWD:AGAGTTTGATCMTGGCTCAG	Illumina MiSeq	irritable bowel syndrome	Usefulness of Machine Learning-Based Gut Microbiome Analysis for Identifying Patients with Irritable Bowels Syndrome	IBS	
SRR11944217	PRJNA637763	healthy	0.0				Japan	V1-V2	FWD:AGAGTTTGATCMTGGCTCAG	Illumina MiSeq	irritable bowel syndrome	Usefulness of Machine Learning-Based Gut Microbiome Analysis for Identifying Patients with Irritable Bowels Syndrome	IBS	
SRR11944231	PRJNA637763	IBS	1.0				Japan	V1-V2	FWD:AGAGTTTGATCMTGGCTCAG	Illumina MiSeq	irritable bowel syndrome	Usefulness of Machine Learning-Based Gut Microbiome Analysis for Identifying Patients with Irritable Bowels Syndrome	IBS	
SRR11944238	PRJNA637763	IBS	1.0				Japan	V1-V2	FWD:AGAGTTTGATCMTGGCTCAG	Illumina MiSeq	irritable bowel syndrome	Usefulness of Machine Learning-Based Gut Microbiome Analysis for Identifying Patients with Irritable Bowels Syndrome	IBS	
SRR11944247	PRJNA637763	IBS	1.0				Japan	V1-V2	FWD:AGAGTTTGATCMTGGCTCAG	Illumina MiSeq	irritable bowel syndrome	Usefulness of Machine Learning-Based Gut Microbiome Analysis for Identifying Patients with Irritable Bowels Syndrome	IBS	
SRR11944140	PRJNA637763	IBS	1.0				Japan	V1-V2	FWD:AGAGTTTGATCMTGGCTCAG	Illumina MiSeq	irritable bowel syndrome	Usefulness of Machine Learning-Based Gut Microbiome Analysis for Identifying Patients with Irritable Bowels Syndrome	IBS	
SRR11944142	PRJNA637763	IBS	1.0				Japan	V1-V2	FWD:AGAGTTTGATCMTGGCTCAG	Illumina MiSeq	irritable bowel syndrome	Usefulness of Machine Learning-Based Gut Microbiome Analysis for Identifying Patients with Irritable Bowels Syndrome	IBS	
SRR11944143	PRJNA637763	IBS	1.0				Japan	V1-V2	FWD:AGAGTTTGATCMTGGCTCAG	Illumina MiSeq	irritable bowel syndrome	Usefulness of Machine Learning-Based Gut Microbiome Analysis for Identifying Patients with Irritable Bowels Syndrome	IBS	
SRR11944151	PRJNA637763	IBS	1.0				Japan	V1-V2	FWD:AGAGTTTGATCMTGGCTCAG	Illumina MiSeq	irritable bowel syndrome	Usefulness of Machine Learning-Based Gut Microbiome Analysis for Identifying Patients with Irritable Bowels Syndrome	IBS	
SRR11944154	PRJNA637763	IBS	1.0				Japan	V1-V2	FWD:AGAGTTTGATCMTGGCTCAG	Illumina MiSeq	irritable bowel syndrome	Usefulness of Machine Learning-Based Gut Microbiome Analysis for Identifying Patients with Irritable Bowels Syndrome	IBS	
SRR11944166	PRJNA637763	healthy	0.0				Japan	V1-V2	FWD:AGAGTTTGATCMTGGCTCAG	Illumina MiSeq	irritable bowel syndrome	Usefulness of Machine Learning-Based Gut Microbiome Analysis for Identifying Patients with Irritable Bowels Syndrome	IBS	
SRR11944173	PRJNA637763	IBS	1.0				Japan	V1-V2	FWD:AGAGTTTGATCMTGGCTCAG	Illumina MiSeq	irritable bowel syndrome	Usefulness of Machine Learning-Based Gut Microbiome Analysis for Identifying Patients with Irritable Bowels Syndrome	IBS	
SRR11944191	PRJNA637763	healthy	0.0				Japan	V1-V2	FWD:AGAGTTTGATCMTGGCTCAG	Illumina MiSeq	irritable bowel syndrome	Usefulness of Machine Learning-Based Gut Microbiome Analysis for Identifying Patients with Irritable Bowels Syndrome	IBS	
SRR11944202	PRJNA637763	healthy	0.0				Japan	V1-V2	FWD:AGAGTTTGATCMTGGCTCAG	Illumina MiSeq	irritable bowel syndrome	Usefulness of Machine Learning-Based Gut Microbiome Analysis for Identifying Patients with Irritable Bowels Syndrome	IBS	
SRR11944204	PRJNA637763	IBS	1.0				Japan	V1-V2	FWD:AGAGTTTGATCMTGGCTCAG	Illumina MiSeq	irritable bowel syndrome	Usefulness of Machine Learning-Based Gut Microbiome Analysis for Identifying Patients with Irritable Bowels Syndrome	IBS	
SRR11944206	PRJNA637763	healthy	0.0				Japan	V1-V2	FWD:AGAGTTTGATCMTGGCTCAG	Illumina MiSeq	irritable bowel syndrome	Usefulness of Machine Learning-Based Gut Microbiome Analysis for Identifying Patients with Irritable Bowels Syndrome	IBS	
SRR11944213	PRJNA637763	healthy	0.0				Japan	V1-V2	FWD:AGAGTTTGATCMTGGCTCAG	Illumina MiSeq	irritable bowel syndrome	Usefulness of Machine Learning-Based Gut Microbiome Analysis for Identifying Patients with Irritable Bowels Syndrome	IBS	
SRR11944214	PRJNA637763	healthy	0.0				Japan	V1-V2	FWD:AGAGTTTGATCMTGGCTCAG	Illumina MiSeq	irritable bowel syndrome	Usefulness of Machine Learning-Based Gut Microbiome Analysis for Identifying Patients with Irritable Bowels Syndrome	IBS	
SRR11944226	PRJNA637763	IBS	1.0				Japan	V1-V2	FWD:AGAGTTTGATCMTGGCTCAG	Illumina MiSeq	irritable bowel syndrome	Usefulness of Machine Learning-Based Gut Microbiome Analysis for Identifying Patients with Irritable Bowels Syndrome	IBS	
SRR11944229	PRJNA637763	IBS	1.0				Japan	V1-V2	FWD:AGAGTTTGATCMTGGCTCAG	Illumina MiSeq	irritable bowel syndrome	Usefulness of Machine Learning-Based Gut Microbiome Analysis for Identifying Patients with Irritable Bowels Syndrome	IBS	
SRR11944232	PRJNA637763	IBS	1.0				Japan	V1-V2	FWD:AGAGTTTGATCMTGGCTCAG	Illumina MiSeq	irritable bowel syndrome	Usefulness of Machine Learning-Based Gut Microbiome Analysis for Identifying Patients with Irritable Bowels Syndrome	IBS	
SRR11944234	PRJNA637763	IBS	1.0				Japan	V1-V2	FWD:AGAGTTTGATCMTGGCTCAG	Illumina MiSeq	irritable bowel syndrome	Usefulness of Machine Learning-Based Gut Microbiome Analysis for Identifying Patients with Irritable Bowels Syndrome	IBS	
SRR11944246	PRJNA637763	IBS	1.0				Japan	V1-V2	FWD:AGAGTTTGATCMTGGCTCAG	Illumina MiSeq	irritable bowel syndrome	Usefulness of Machine Learning-Based Gut Microbiome Analysis for Identifying Patients with Irritable Bowels Syndrome	IBS	
SRR11944141	PRJNA637763	IBS	1.0				Japan	V1-V2	FWD:AGAGTTTGATCMTGGCTCAG	Illumina MiSeq	irritable bowel syndrome	Usefulness of Machine Learning-Based Gut Microbiome Analysis for Identifying Patients with Irritable Bowels Syndrome	IBS	
SRR11944145	PRJNA637763	IBS	1.0				Japan	V1-V2	FWD:AGAGTTTGATCMTGGCTCAG	Illumina MiSeq	irritable bowel syndrome	Usefulness of Machine Learning-Based Gut Microbiome Analysis for Identifying Patients with Irritable Bowels Syndrome	IBS	
SRR11944146	PRJNA637763	IBS	1.0				Japan	V1-V2	FWD:AGAGTTTGATCMTGGCTCAG	Illumina MiSeq	irritable bowel syndrome	Usefulness of Machine Learning-Based Gut Microbiome Analysis for Identifying Patients with Irritable Bowels Syndrome	IBS	
SRR11944156	PRJNA637763	IBS	1.0				Japan	V1-V2	FWD:AGAGTTTGATCMTGGCTCAG	Illumina MiSeq	irritable bowel syndrome	Usefulness of Machine Learning-Based Gut Microbiome Analysis for Identifying Patients with Irritable Bowels Syndrome	IBS	
SRR11944160	PRJNA637763	IBS	1.0				Japan	V1-V2	FWD:AGAGTTTGATCMTGGCTCAG	Illumina MiSeq	irritable bowel syndrome	Usefulness of Machine Learning-Based Gut Microbiome Analysis for Identifying Patients with Irritable Bowels Syndrome	IBS	
SRR11944162	PRJNA637763	IBS	1.0				Japan	V1-V2	FWD:AGAGTTTGATCMTGGCTCAG	Illumina MiSeq	irritable bowel syndrome	Usefulness of Machine Learning-Based Gut Microbiome Analysis for Identifying Patients with Irritable Bowels Syndrome	IBS	
SRR11944163	PRJNA637763	IBS	1.0				Japan	V1-V2	FWD:AGAGTTTGATCMTGGCTCAG	Illumina MiSeq	irritable bowel syndrome	Usefulness of Machine Learning-Based Gut Microbiome Analysis for Identifying Patients with Irritable Bowels Syndrome	IBS	
SRR11944165	PRJNA637763	healthy	0.0				Japan	V1-V2	FWD:AGAGTTTGATCMTGGCTCAG	Illumina MiSeq	irritable bowel syndrome	Usefulness of Machine Learning-Based Gut Microbiome Analysis for Identifying Patients with Irritable Bowels Syndrome	IBS	
SRR11944169	PRJNA637763	healthy	0.0				Japan	V1-V2	FWD:AGAGTTTGATCMTGGCTCAG	Illumina MiSeq	irritable bowel syndrome	Usefulness of Machine Learning-Based Gut Microbiome Analysis for Identifying Patients with Irritable Bowels Syndrome	IBS	
SRR11944170	PRJNA637763	IBS	1.0				Japan	V1-V2	FWD:AGAGTTTGATCMTGGCTCAG	Illumina MiSeq	irritable bowel syndrome	Usefulness of Machine Learning-Based Gut Microbiome Analysis for Identifying Patients with Irritable Bowels Syndrome	IBS	
SRR11944172	PRJNA637763	healthy	0.0				Japan	V1-V2	FWD:AGAGTTTGATCMTGGCTCAG	Illumina MiSeq	irritable bowel syndrome	Usefulness of Machine Learning-Based Gut Microbiome Analysis for Identifying Patients with Irritable Bowels Syndrome	IBS	
SRR11944177	PRJNA637763	IBS	1.0				Japan	V1-V2	FWD:AGAGTTTGATCMTGGCTCAG	Illumina MiSeq	irritable bowel syndrome	Usefulness of Machine Learning-Based Gut Microbiome Analysis for Identifying Patients with Irritable Bowels Syndrome	IBS	
SRR11944180	PRJNA637763	IBS	1.0				Japan	V1-V2	FWD:AGAGTTTGATCMTGGCTCAG	Illumina MiSeq	irritable bowel syndrome	Usefulness of Machine Learning-Based Gut Microbiome Analysis for Identifying Patients with Irritable Bowels Syndrome	IBS	
SRR11944185	PRJNA637763	IBS	1.0				Japan	V1-V2	FWD:AGAGTTTGATCMTGGCTCAG	Illumina MiSeq	irritable bowel syndrome	Usefulness of Machine Learning-Based Gut Microbiome Analysis for Identifying Patients with Irritable Bowels Syndrome	IBS	
SRR11944192	PRJNA637763	IBS	1.0				Japan	V1-V2	FWD:AGAGTTTGATCMTGGCTCAG	Illumina MiSeq	irritable bowel syndrome	Usefulness of Machine Learning-Based Gut Microbiome Analysis for Identifying Patients with Irritable Bowels Syndrome	IBS	
SRR11944194	PRJNA637763	healthy	0.0				Japan	V1-V2	FWD:AGAGTTTGATCMTGGCTCAG	Illumina MiSeq	irritable bowel syndrome	Usefulness of Machine Learning-Based Gut Microbiome Analysis for Identifying Patients with Irritable Bowels Syndrome	IBS	
SRR11944195	PRJNA637763	IBS	1.0				Japan	V1-V2	FWD:AGAGTTTGATCMTGGCTCAG	Illumina MiSeq	irritable bowel syndrome	Usefulness of Machine Learning-Based Gut Microbiome Analysis for Identifying Patients with Irritable Bowels Syndrome	IBS	
SRR11944198	PRJNA637763	IBS	1.0				Japan	V1-V2	FWD:AGAGTTTGATCMTGGCTCAG	Illumina MiSeq	irritable bowel syndrome	Usefulness of Machine Learning-Based Gut Microbiome Analysis for Identifying Patients with Irritable Bowels Syndrome	IBS	
SRR11944219	PRJNA637763	IBS	1.0				Japan	V1-V2	FWD:AGAGTTTGATCMTGGCTCAG	Illumina MiSeq	irritable bowel syndrome	Usefulness of Machine Learning-Based Gut Microbiome Analysis for Identifying Patients with Irritable Bowels Syndrome	IBS	
SRR11944223	PRJNA637763	IBS	1.0				Japan	V1-V2	FWD:AGAGTTTGATCMTGGCTCAG	Illumina MiSeq	irritable bowel syndrome	Usefulness of Machine Learning-Based Gut Microbiome Analysis for Identifying Patients with Irritable Bowels Syndrome	IBS	
SRR11944224	PRJNA637763	IBS	1.0				Japan	V1-V2	FWD:AGAGTTTGATCMTGGCTCAG	Illumina MiSeq	irritable bowel syndrome	Usefulness of Machine Learning-Based Gut Microbiome Analysis for Identifying Patients with Irritable Bowels Syndrome	IBS	
SRR11944225	PRJNA637763	IBS	1.0				Japan	V1-V2	FWD:AGAGTTTGATCMTGGCTCAG	Illumina MiSeq	irritable bowel syndrome	Usefulness of Machine Learning-Based Gut Microbiome Analysis for Identifying Patients with Irritable Bowels Syndrome	IBS	
SRR11944227	PRJNA637763	IBS	1.0				Japan	V1-V2	FWD:AGAGTTTGATCMTGGCTCAG	Illumina MiSeq	irritable bowel syndrome	Usefulness of Machine Learning-Based Gut Microbiome Analysis for Identifying Patients with Irritable Bowels Syndrome	IBS	
SRR11944236	PRJNA637763	IBS	1.0				Japan	V1-V2	FWD:AGAGTTTGATCMTGGCTCAG	Illumina MiSeq	irritable bowel syndrome	Usefulness of Machine Learning-Based Gut Microbiome Analysis for Identifying Patients with Irritable Bowels Syndrome	IBS	
SRR11944239	PRJNA637763	IBS	1.0				Japan	V1-V2	FWD:AGAGTTTGATCMTGGCTCAG	Illumina MiSeq	irritable bowel syndrome	Usefulness of Machine Learning-Based Gut Microbiome Analysis for Identifying Patients with Irritable Bowels Syndrome	IBS	
SRR11944241	PRJNA637763	IBS	1.0				Japan	V1-V2	FWD:AGAGTTTGATCMTGGCTCAG	Illumina MiSeq	irritable bowel syndrome	Usefulness of Machine Learning-Based Gut Microbiome Analysis for Identifying Patients with Irritable Bowels Syndrome	IBS	
SRR11944242	PRJNA637763	IBS	1.0				Japan	V1-V2	FWD:AGAGTTTGATCMTGGCTCAG	Illumina MiSeq	irritable bowel syndrome	Usefulness of Machine Learning-Based Gut Microbiome Analysis for Identifying Patients with Irritable Bowels Syndrome	IBS	
SRR11944243	PRJNA637763	IBS	1.0				Japan	V1-V2	FWD:AGAGTTTGATCMTGGCTCAG	Illumina MiSeq	irritable bowel syndrome	Usefulness of Machine Learning-Based Gut Microbiome Analysis for Identifying Patients with Irritable Bowels Syndrome	IBS	
SRR11944249	PRJNA637763	IBS	1.0				Japan	V1-V2	FWD:AGAGTTTGATCMTGGCTCAG	Illumina MiSeq	irritable bowel syndrome	Usefulness of Machine Learning-Based Gut Microbiome Analysis for Identifying Patients with Irritable Bowels Syndrome	IBS	
SRR11944148	PRJNA637763	IBS	1.0				Japan	V1-V2	FWD:AGAGTTTGATCMTGGCTCAG	Illumina MiSeq	irritable bowel syndrome	Usefulness of Machine Learning-Based Gut Microbiome Analysis for Identifying Patients with Irritable Bowels Syndrome	IBS	
SRR11944149	PRJNA637763	IBS	1.0				Japan	V1-V2	FWD:AGAGTTTGATCMTGGCTCAG	Illumina MiSeq	irritable bowel syndrome	Usefulness of Machine Learning-Based Gut Microbiome Analysis for Identifying Patients with Irritable Bowels Syndrome	IBS	
SRR11944155	PRJNA637763	IBS	1.0				Japan	V1-V2	FWD:AGAGTTTGATCMTGGCTCAG	Illumina MiSeq	irritable bowel syndrome	Usefulness of Machine Learning-Based Gut Microbiome Analysis for Identifying Patients with Irritable Bowels Syndrome	IBS	
SRR11944157	PRJNA637763	IBS	1.0				Japan	V1-V2	FWD:AGAGTTTGATCMTGGCTCAG	Illumina MiSeq	irritable bowel syndrome	Usefulness of Machine Learning-Based Gut Microbiome Analysis for Identifying Patients with Irritable Bowels Syndrome	IBS	
SRR11944158	PRJNA637763	IBS	1.0				Japan	V1-V2	FWD:AGAGTTTGATCMTGGCTCAG	Illumina MiSeq	irritable bowel syndrome	Usefulness of Machine Learning-Based Gut Microbiome Analysis for Identifying Patients with Irritable Bowels Syndrome	IBS	
SRR11944159	PRJNA637763	IBS	1.0				Japan	V1-V2	FWD:AGAGTTTGATCMTGGCTCAG	Illumina MiSeq	irritable bowel syndrome	Usefulness of Machine Learning-Based Gut Microbiome Analysis for Identifying Patients with Irritable Bowels Syndrome	IBS	
SRR11944167	PRJNA637763	IBS	1.0				Japan	V1-V2	FWD:AGAGTTTGATCMTGGCTCAG	Illumina MiSeq	irritable bowel syndrome	Usefulness of Machine Learning-Based Gut Microbiome Analysis for Identifying Patients with Irritable Bowels Syndrome	IBS	
SRR11944174	PRJNA637763	IBS	1.0				Japan	V1-V2	FWD:AGAGTTTGATCMTGGCTCAG	Illumina MiSeq	irritable bowel syndrome	Usefulness of Machine Learning-Based Gut Microbiome Analysis for Identifying Patients with Irritable Bowels Syndrome	IBS	
SRR11944176	PRJNA637763	healthy	0.0				Japan	V1-V2	FWD:AGAGTTTGATCMTGGCTCAG	Illumina MiSeq	irritable bowel syndrome	Usefulness of Machine Learning-Based Gut Microbiome Analysis for Identifying Patients with Irritable Bowels Syndrome	IBS	
SRR11944178	PRJNA637763	IBS	1.0				Japan	V1-V2	FWD:AGAGTTTGATCMTGGCTCAG	Illumina MiSeq	irritable bowel syndrome	Usefulness of Machine Learning-Based Gut Microbiome Analysis for Identifying Patients with Irritable Bowels Syndrome	IBS	
SRR11944189	PRJNA637763	IBS	1.0				Japan	V1-V2	FWD:AGAGTTTGATCMTGGCTCAG	Illumina MiSeq	irritable bowel syndrome	Usefulness of Machine Learning-Based Gut Microbiome Analysis for Identifying Patients with Irritable Bowels Syndrome	IBS	
SRR11944197	PRJNA637763	IBS	1.0				Japan	V1-V2	FWD:AGAGTTTGATCMTGGCTCAG	Illumina MiSeq	irritable bowel syndrome	Usefulness of Machine Learning-Based Gut Microbiome Analysis for Identifying Patients with Irritable Bowels Syndrome	IBS	
SRR11944201	PRJNA637763	IBS	1.0				Japan	V1-V2	FWD:AGAGTTTGATCMTGGCTCAG	Illumina MiSeq	irritable bowel syndrome	Usefulness of Machine Learning-Based Gut Microbiome Analysis for Identifying Patients with Irritable Bowels Syndrome	IBS	
SRR11944203	PRJNA637763	IBS	1.0				Japan	V1-V2	FWD:AGAGTTTGATCMTGGCTCAG	Illumina MiSeq	irritable bowel syndrome	Usefulness of Machine Learning-Based Gut Microbiome Analysis for Identifying Patients with Irritable Bowels Syndrome	IBS	
SRR11944205	PRJNA637763	IBS	1.0				Japan	V1-V2	FWD:AGAGTTTGATCMTGGCTCAG	Illumina MiSeq	irritable bowel syndrome	Usefulness of Machine Learning-Based Gut Microbiome Analysis for Identifying Patients with Irritable Bowels Syndrome	IBS	
SRR11944215	PRJNA637763	IBS	1.0				Japan	V1-V2	FWD:AGAGTTTGATCMTGGCTCAG	Illumina MiSeq	irritable bowel syndrome	Usefulness of Machine Learning-Based Gut Microbiome Analysis for Identifying Patients with Irritable Bowels Syndrome	IBS	
SRR11944220	PRJNA637763	IBS	1.0				Japan	V1-V2	FWD:AGAGTTTGATCMTGGCTCAG	Illumina MiSeq	irritable bowel syndrome	Usefulness of Machine Learning-Based Gut Microbiome Analysis for Identifying Patients with Irritable Bowels Syndrome	IBS	
SRR11944228	PRJNA637763	IBS	1.0				Japan	V1-V2	FWD:AGAGTTTGATCMTGGCTCAG	Illumina MiSeq	irritable bowel syndrome	Usefulness of Machine Learning-Based Gut Microbiome Analysis for Identifying Patients with Irritable Bowels Syndrome	IBS	
SRR11944230	PRJNA637763	IBS	1.0				Japan	V1-V2	FWD:AGAGTTTGATCMTGGCTCAG	Illumina MiSeq	irritable bowel syndrome	Usefulness of Machine Learning-Based Gut Microbiome Analysis for Identifying Patients with Irritable Bowels Syndrome	IBS	
SRR11944233	PRJNA637763	IBS	1.0				Japan	V1-V2	FWD:AGAGTTTGATCMTGGCTCAG	Illumina MiSeq	irritable bowel syndrome	Usefulness of Machine Learning-Based Gut Microbiome Analysis for Identifying Patients with Irritable Bowels Syndrome	IBS	
SRR11944244	PRJNA637763	IBS	1.0				Japan	V1-V2	FWD:AGAGTTTGATCMTGGCTCAG	Illumina MiSeq	irritable bowel syndrome	Usefulness of Machine Learning-Based Gut Microbiome Analysis for Identifying Patients with Irritable Bowels Syndrome	IBS	
SRR11944245	PRJNA637763	IBS	1.0				Japan	V1-V2	FWD:AGAGTTTGATCMTGGCTCAG	Illumina MiSeq	irritable bowel syndrome	Usefulness of Machine Learning-Based Gut Microbiome Analysis for Identifying Patients with Irritable Bowels Syndrome	IBS	
SRR11944248	PRJNA637763	IBS	1.0				Japan	V1-V2	FWD:AGAGTTTGATCMTGGCTCAG	Illumina MiSeq	irritable bowel syndrome	Usefulness of Machine Learning-Based Gut Microbiome Analysis for Identifying Patients with Irritable Bowels Syndrome	IBS	
