FPR,TPR
0.0,0.0
0.0,0.1
0.0,0.7
0.5,0.7
0.5,0.8
0.6666666666666666,0.8
0.6666666666666666,0.9
0.75,0.9
0.75,1.0
1.0,1.0
