FPR,TPR
0.0,0.0
0.0,0.022727272727272728
0.0,0.20454545454545456
0.1,0.20454545454545456
0.1,0.2727272727272727
0.2,0.2727272727272727
0.2,0.4318181818181818
0.3,0.4318181818181818
0.3,0.5
0.4,0.5
0.4,0.5454545454545454
0.5,0.5454545454545454
0.5,0.6590909090909091
0.7,0.6590909090909091
0.7,0.7272727272727273
0.8,0.7272727272727273
0.8,0.7727272727272727
0.9,0.7727272727272727
0.9,1.0
1.0,1.0
