FPR,TPR
0.0,0.0
0.0,0.06666666666666667
0.0,0.13333333333333333
0.14285714285714285,0.13333333333333333
0.14285714285714285,0.2
0.21428571428571427,0.2
0.21428571428571427,0.4666666666666667
0.42857142857142855,0.4666666666666667
0.42857142857142855,0.6
0.5,0.6
0.5,0.6666666666666666
0.5714285714285714,0.6666666666666666
0.5714285714285714,0.8
0.6428571428571429,0.8
0.6428571428571429,0.8666666666666667
0.8571428571428571,0.8666666666666667
0.8571428571428571,1.0
1.0,1.0
