FPR,TPR
0.0,0.0
0.05,0.0
0.1,0.0
0.1,0.09090909090909091
0.15,0.09090909090909091
0.15,0.2727272727272727
0.3,0.2727272727272727
0.3,0.36363636363636365
0.35,0.36363636363636365
0.35,0.5454545454545454
0.45,0.5454545454545454
0.45,0.6363636363636364
0.55,0.6363636363636364
0.55,0.7272727272727273
0.6,0.8181818181818182
0.7,0.8181818181818182
0.9,0.8181818181818182
0.9,0.9090909090909091
0.95,0.9090909090909091
0.95,1.0
1.0,1.0
