FPR,TPR
0.0,0.0
0.0,0.05
0.0,0.15
0.02631578947368421,0.15
0.02631578947368421,0.2
0.05263157894736842,0.2
0.05263157894736842,0.35
0.07894736842105263,0.35
0.07894736842105263,0.45
0.10526315789473684,0.45
0.10526315789473684,0.5
0.2631578947368421,0.5
0.2631578947368421,0.55
0.5789473684210527,0.55
0.5789473684210527,0.65
0.6052631578947368,0.65
0.6052631578947368,0.75
0.6842105263157895,0.75
0.6842105263157895,0.85
0.9736842105263158,0.85
0.9736842105263158,0.9
1.0,0.9
1.0,1.0
