FPR,TPR
0.0,0.0
0.0,0.05263157894736842
0.0,0.3157894736842105
0.1,0.3157894736842105
0.1,0.3684210526315789
0.2,0.3684210526315789
0.2,0.47368421052631576
0.3,0.5263157894736842
0.4,0.5263157894736842
0.5,0.5789473684210527
0.5,0.631578947368421
0.7,0.631578947368421
0.7,0.8947368421052632
0.8,0.8947368421052632
0.8,1.0
1.0,1.0
