FPR,TPR
0.0,0.0
0.0,0.10526315789473684
0.0,0.2631578947368421
0.3,0.2631578947368421
0.3,0.3684210526315789
0.5,0.3684210526315789
0.5,0.47368421052631576
0.7,0.47368421052631576
0.7,0.5263157894736842
0.7,0.631578947368421
0.8,0.631578947368421
0.8,1.0
1.0,1.0
