FPR,TPR
0.0,0.0
0.0,0.05263157894736842
0.0,0.3157894736842105
0.2,0.3157894736842105
0.2,0.42105263157894735
0.5,0.42105263157894735
0.5,0.47368421052631576
0.7,0.47368421052631576
0.7,0.5263157894736842
0.7,0.631578947368421
0.7,0.6842105263157895
0.8,0.6842105263157895
0.8,1.0
1.0,1.0
