FPR,TPR
0.0,0.0
0.05,0.0
0.1,0.0
0.1,0.09090909090909091
0.2,0.09090909090909091
0.2,0.5454545454545454
0.25,0.6363636363636364
0.5,0.6363636363636364
0.5,0.7272727272727273
0.65,0.7272727272727273
0.7,0.8181818181818182
0.8,0.8181818181818182
0.8,0.9090909090909091
0.85,0.9090909090909091
0.85,1.0
1.0,1.0
