FPR,TPR
0.0,0.0
0.03125,0.0
0.09375,0.0
0.09375,0.125
0.21875,0.125
0.28125,0.125
0.3125,0.125
0.375,0.125
0.375,0.25
0.4375,0.25
0.4375,0.375
0.59375,0.375
0.59375,0.625
0.65625,0.625
0.6875,0.75
0.6875,0.875
0.75,1.0
0.9375,1.0
1.0,1.0
