SampleID,TrueLabel,PredictedProbability
SRR12929831,0.0,0.6894327
SRR12929832,0.0,0.6843541
SRR12929833,0.0,0.6916953
SRR12929834,1.0,0.69377095
SRR12929835,1.0,0.71557325
SRR12929836,1.0,0.707682
SRR12929837,1.0,0.7045564
SRR12929838,1.0,0.7022017
SRR12929839,0.0,0.68888086
SRR12929840,0.0,0.6916531
SRR12929841,0.0,0.694419
SRR12929842,0.0,0.6854902
SRR12929843,1.0,0.7046791
SRR12929844,1.0,0.71108294
