FPR,TPR
0.0,0.0
0.0,0.16666666666666666
0.2,0.16666666666666666
0.2,0.5
0.3,0.5
0.3,0.6666666666666666
0.4,0.6666666666666666
0.4,1.0
1.0,1.0
