SampleID,TrueLabel,PredictedProbability
SRR3206647,1,0.36180696
SRR3206648,0,0.4760865
SRR3206649,1,0.94306433
SRR3206652,0,0.8958096
SRR3206654,1,0.48033628
SRR3206655,1,0.51194966
SRR3206663,0,0.28095183
SRR3206664,1,0.64066154
SRR3206671,0,0.7075741
SRR3206673,0,0.2952244
SRR3206681,1,0.9614509
