FPR,TPR
0.0,0.0
0.0,0.05263157894736842
0.0,0.3157894736842105
0.1,0.3684210526315789
0.2,0.3684210526315789
0.2,0.47368421052631576
0.4,0.47368421052631576
0.4,0.5789473684210527
0.6,0.5789473684210527
0.6,0.6842105263157895
0.7,0.6842105263157895
0.7,0.7368421052631579
0.9,0.7368421052631579
0.9,1.0
1.0,1.0
