FPR,TPR
0.0,0.0
0.08333333333333333,0.0
0.4166666666666667,0.0
0.4166666666666667,0.6
0.5833333333333334,0.6
0.5833333333333334,0.9
0.8333333333333334,0.9
0.8333333333333334,1.0
1.0,1.0
