SampleID,TrueValue,PredictedValue
SRR8652004,56.000000,49.695759
SRR8652005,49.000000,49.458969
SRR8652006,57.000000,37.116493
SRR8652007,37.000000,50.227264
SRR8652008,72.000000,47.338890
SRR8652009,53.000000,51.651642
SRR8652010,54.000000,42.334927
SRR8652011,69.000000,52.748863
SRR8652012,46.000000,53.597076
SRR8652013,41.000000,40.662548
SRR8652014,53.000000,53.089256
SRR8652015,67.000000,48.951893
SRR8652016,57.000000,48.293293
