FPR,TPR
0.0,0.0
0.0,0.018867924528301886
0.0,0.6037735849056604
0.16666666666666666,0.6037735849056604
0.16666666666666666,0.7169811320754716
0.5,0.7169811320754716
0.5,0.7924528301886793
0.6666666666666666,0.7924528301886793
0.6666666666666666,0.8867924528301887
0.8333333333333334,0.8867924528301887
0.8333333333333334,0.9811320754716981
1.0,0.9811320754716981
1.0,1.0
