FPR,TPR
0.0,0.0
0.0,0.041666666666666664
0.0,0.16666666666666666
0.08333333333333333,0.16666666666666666
0.08333333333333333,0.3333333333333333
0.125,0.3333333333333333
0.125,0.375
0.16666666666666666,0.375
0.16666666666666666,0.75
0.25,0.75
0.25,0.8333333333333334
0.2916666666666667,0.8333333333333334
0.2916666666666667,0.875
0.3333333333333333,0.875
0.3333333333333333,0.9166666666666666
0.5833333333333334,0.9166666666666666
0.5833333333333334,1.0
1.0,1.0
