FPR,TPR
0.0,0.0
0.1,0.0
0.1,0.3409090909090909
0.2,0.3409090909090909
0.2,0.36363636363636365
0.4,0.36363636363636365
0.4,0.5681818181818182
0.5,0.5681818181818182
0.5,0.75
0.6,0.75
0.6,0.7954545454545454
0.7,0.7954545454545454
0.7,0.8636363636363636
0.9,0.8636363636363636
0.9,1.0
1.0,1.0
