SampleID,TrueLabel,PredictedProbability
SRR3206647,1,0.33121875
SRR3206648,0,0.4794384
SRR3206649,1,0.976397
SRR3206652,0,0.96048486
SRR3206654,1,0.3772971
SRR3206655,1,0.5219822
SRR3206663,0,0.28998733
SRR3206664,1,0.60064465
SRR3206671,0,0.5724414
SRR3206673,0,0.3276837
SRR3206681,1,0.9780727
