task,source,disease,fid,group,importance,importance_sample_pooled,importance_fold_pooled
lodo,grad,AS,DQ799182.1.1290,Ctrl,-0.012612122219192135,-0.012612122219192135,-0.012612122219192135
lodo,grad,AS,AY992211.1.1268,Ctrl,-0.010293803818633351,-0.010293803818633351,-0.010293803818633351
lodo,grad,AS,JX095586.1.1229,Ctrl,-0.009426471068356153,-0.009426471068356153,-0.009426471068356153
lodo,grad,AS,EU775806.1.1255,Ctrl,-0.008698227581231907,-0.008698227581231907,-0.008698227581231907
lodo,grad,AS,JQ455259.1.1251,Ctrl,-0.007961321412366228,-0.007961321412366228,-0.007961321412366228
lodo,grad,AS,KX389980.1.1206,Ctrl,-0.00789680354028214,-0.00789680354028214,-0.00789680354028214
lodo,grad,AS,EF451624.1.1246,Ctrl,-0.007009785830211474,-0.007009785830211474,-0.007009785830211474
lodo,grad,AS,EU469054.1.1253,Ctrl,-0.006533677202427547,-0.006533677202427547,-0.006533677202427547
lodo,grad,AS,KF842080.1.1260,Ctrl,-0.0053949203698664605,-0.0053949203698664605,-0.0053949203698664605
lodo,grad,AS,FJ371750.1.1233,Ctrl,-0.005248326343138789,-0.005248326343138789,-0.005248326343138789
lodo,grad,AS,DQ800211.1.1202,Ctrl,-0.005228731445998237,-0.005228731445998237,-0.005228731445998237
lodo,grad,AS,DQ807031.1.1284,Ctrl,-0.0049843171753016875,-0.0049843171753016875,-0.0049843171753016875
lodo,grad,AS,EU460584.1.1224,Ctrl,-0.004914630065382139,-0.004914630065382139,-0.004914630065382139
lodo,grad,AS,FJ371191.1.1358,Ctrl,-0.004883360278845167,-0.004883360278845167,-0.004883360278845167
lodo,grad,AS,DQ808480.1.1376,Ctrl,-0.004734050269788257,-0.004734050269788257,-0.004734050269788257
lodo,grad,AS,AM943044.1.1276,Ctrl,-0.004308528890838122,-0.004308528890838122,-0.004308528890838122
lodo,grad,AS,DQ797836.1.1210,Ctrl,-0.004306833342361213,-0.004306833342361213,-0.004306833342361213
lodo,grad,AS,DQ807131.1.1283,Ctrl,-0.00418798056483087,-0.00418798056483087,-0.00418798056483087
lodo,grad,AS,DQ824266.1.1288,Ctrl,-0.004174259866931674,-0.004174259866931674,-0.004174259866931674
lodo,grad,AS,EU506450.1.1258,Ctrl,-0.004131115548701516,-0.004131115548701516,-0.004131115548701516
lodo,grad,AS,DQ808652.1.1281,Ctrl,-0.004126449578938044,-0.004126449578938044,-0.004126449578938044
lodo,grad,AS,FJ366406.1.1235,Ctrl,-0.00405029925816287,-0.00405029925816287,-0.00405029925816287
lodo,grad,AS,EU763059.1.1332,Ctrl,-0.003948339288128388,-0.003948339288128388,-0.003948339288128388
lodo,grad,AS,DQ809255.1.1206,Ctrl,-0.003870350081428369,-0.003870350081428369,-0.003870350081428369
lodo,grad,AS,DQ793742.1.1312,Ctrl,-0.003670294609405544,-0.003670294609405544,-0.003670294609405544
lodo,grad,AS,FJ032489.1.1260,Ctrl,-0.003419493860129126,-0.003419493860129126,-0.003419493860129126
lodo,grad,AS,FJ364454.1.1206,Ctrl,-0.0033972004637212523,-0.0033972004637212523,-0.0033972004637212523
lodo,grad,AS,FJ362935.1.1246,Ctrl,-0.003249167672989964,-0.003249167672989964,-0.003249167672989964
lodo,grad,AS,EU764772.1.1361,Ctrl,-0.003184645596061617,-0.003184645596061617,-0.003184645596061617
lodo,grad,AS,EU767275.1.1355,Ctrl,-0.0030081742449739007,-0.0030081742449739007,-0.0030081742449739007
lodo,grad,AS,DQ808594.1.1283,Ctrl,-0.002974068131349206,-0.002974068131349206,-0.002974068131349206
lodo,grad,AS,FJ370559.1.1226,Ctrl,-0.0029405246537550058,-0.0029405246537550058,-0.0029405246537550058
lodo,grad,AS,EU469265.1.1262,Ctrl,-0.0029091135048170177,-0.0029091135048170177,-0.0029091135048170177
lodo,grad,AS,GQ448540.1.1202,Ctrl,-0.0028216676358131846,-0.0028216676358131846,-0.0028216676358131846
lodo,grad,AS,DQ800246.1.1225,Ctrl,-0.0027572838066311773,-0.0027572838066311773,-0.0027572838066311773
lodo,grad,AS,DQ808462.1.1241,Ctrl,-0.002685801350386932,-0.002685801350386932,-0.002685801350386932
lodo,grad,AS,DQ795865.1.1286,Ctrl,-0.0026743830690059553,-0.0026743830690059553,-0.0026743830690059553
lodo,grad,AS,FJ032391.1.1254,Ctrl,-0.002663502568329853,-0.002663502568329853,-0.002663502568329853
lodo,grad,AS,DQ799864.1.1291,Ctrl,-0.002636180855478598,-0.002636180855478598,-0.002636180855478598
lodo,grad,AS,EU475866.1.1292,Ctrl,-0.002565724915520811,-0.002565724915520811,-0.002565724915520811
lodo,grad,AS,FJ509034.1.1377,Ctrl,-0.0025410453199848915,-0.0025410453199848915,-0.0025410453199848915
lodo,grad,AS,DQ808930.1.1287,Ctrl,-0.0025286025333046457,-0.0025286025333046457,-0.0025286025333046457
lodo,grad,AS,DQ823754.1.1237,Ctrl,-0.0025269308895024783,-0.0025269308895024783,-0.0025269308895024783
lodo,grad,AS,EU845481.1.1289,Ctrl,-0.0024614306214157384,-0.0024614306214157384,-0.0024614306214157384
lodo,grad,AS,AY850453.1.1227,Ctrl,-0.0024073905435742188,-0.0024073905435742188,-0.0024073905435742188
lodo,grad,AS,FJ364871.1.1208,Ctrl,-0.0023448658721253244,-0.0023448658721253244,-0.0023448658721253244
lodo,grad,AS,FJ363658.1.1358,Ctrl,-0.002340851321874532,-0.002340851321874532,-0.002340851321874532
lodo,grad,AS,ABQC02000019.758957.760260,Ctrl,-0.0023030007054040233,-0.0023030007054040233,-0.0023030007054040233
lodo,grad,AS,EU467430.1.1257,Ctrl,-0.002291016802685232,-0.002291016802685232,-0.002291016802685232
lodo,grad,AS,FJ362701.1.1206,Ctrl,-0.0022897296223492484,-0.0022897296223492484,-0.0022897296223492484
lodo,grad,AS,AF499899.1.1248,AS,0.001263403440338268,0.001263403440338268,0.001263403440338268
lodo,grad,AS,MF581529.1.1403,AS,0.0012636686788030252,0.0012636686788030252,0.0012636686788030252
lodo,grad,AS,GQ493408.1.1209,AS,0.0012935283931323012,0.0012935283931323012,0.0012935283931323012
lodo,grad,AS,KP966092.1.1345,AS,0.0014062367145331895,0.0014062367145331895,0.0014062367145331895
lodo,grad,AS,HQ813592.1.1431,AS,0.0014308127145690951,0.0014308127145690951,0.0014308127145690951
lodo,grad,AS,AY995250.1.1365,AS,0.0014489219797029758,0.0014489219797029758,0.0014489219797029758
lodo,grad,AS,EU776524.1.1264,AS,0.0014859922247391383,0.0014859922247391383,0.0014859922247391383
lodo,grad,AS,FJ557701.1.1386,AS,0.0015248783729318112,0.0015248783729318112,0.0015248783729318112
lodo,grad,AS,JQ607033.1.1325,AS,0.0015260197564529066,0.0015260197564529066,0.0015260197564529066
lodo,grad,AS,AB733112.1.1328,AS,0.0015704546477166236,0.0015704546477166236,0.0015704546477166236
lodo,grad,AS,KC707551.1.1522,AS,0.0015886940387131656,0.0015886940387131656,0.0015886940387131656
lodo,grad,AS,JN698650.1.1277,AS,0.001644352623121265,0.001644352623121265,0.001644352623121265
lodo,grad,AS,HQ742589.1.1206,AS,0.0016725588285665806,0.0016725588285665806,0.0016725588285665806
lodo,grad,AS,DQ795825.1.1305,AS,0.0016727347950648418,0.0016727347950648418,0.0016727347950648418
lodo,grad,AS,FJ362785.1.1342,AS,0.0016849771867080566,0.0016849771867080566,0.0016849771867080566
lodo,grad,AS,EU467714.1.1256,AS,0.001693266216724121,0.001693266216724121,0.001693266216724121
lodo,grad,AS,DQ808123.1.1242,AS,0.0016956517627305671,0.0016956517627305671,0.0016956517627305671
lodo,grad,AS,EU469870.1.1209,AS,0.0017254760252261299,0.0017254760252261299,0.0017254760252261299
lodo,grad,AS,FJ371815.1.1309,AS,0.001753390105163479,0.001753390105163479,0.001753390105163479
lodo,grad,AS,EU762681.1.1284,AS,0.00177169278752081,0.00177169278752081,0.00177169278752081
lodo,grad,AS,AF338413.1.1408,AS,0.0018046704732343985,0.0018046704732343985,0.0018046704732343985
lodo,grad,AS,EU766019.1.1351,AS,0.001807618643846015,0.001807618643846015,0.001807618643846015
lodo,grad,AS,JQ470107.1.1403,AS,0.00181626725225928,0.00181626725225928,0.00181626725225928
lodo,grad,AS,DQ804982.1.1277,AS,0.0018339560460380905,0.0018339560460380905,0.0018339560460380905
lodo,grad,AS,FJ557746.1.1357,AS,0.0018453550738983715,0.0018453550738983715,0.0018453550738983715
lodo,grad,AS,HK241304.1.1252,AS,0.0019188783314209202,0.0019188783314209202,0.0019188783314209202
lodo,grad,AS,FJ366498.1.1310,AS,0.002000192262707289,0.002000192262707289,0.002000192262707289
lodo,grad,AS,JF090188.1.1364,AS,0.002097412604508458,0.002097412604508458,0.002097412604508458
lodo,grad,AS,FJ372102.1.1322,AS,0.0022477552334642333,0.0022477552334642333,0.0022477552334642333
lodo,grad,AS,FJ503081.1.1238,AS,0.0026315257075222214,0.0026315257075222214,0.0026315257075222214
lodo,grad,AS,FJ370166.1.1335,AS,0.002645321274835612,0.002645321274835612,0.002645321274835612
lodo,grad,AS,KX792217.1.1200,AS,0.0028332047626523885,0.0028332047626523885,0.0028332047626523885
lodo,grad,AS,DQ823971.1.1252,AS,0.0029145609571322893,0.0029145609571322893,0.0029145609571322893
lodo,grad,AS,MH355962.1.1200,AS,0.0030343441159486513,0.0030343441159486513,0.0030343441159486513
lodo,grad,AS,GQ448970.1.1284,AS,0.0031627806329641555,0.0031627806329641555,0.0031627806329641555
lodo,grad,AS,JQ184073.1.1343,AS,0.0032389788218812644,0.0032389788218812644,0.0032389788218812644
lodo,grad,AS,KX130890.1.1202,AS,0.003458182096950036,0.003458182096950036,0.003458182096950036
lodo,grad,AS,JX048331.1.1329,AS,0.0034961648571505874,0.0034961648571505874,0.0034961648571505874
lodo,grad,AS,DQ804326.1.1231,AS,0.003722012333352761,0.003722012333352761,0.003722012333352761
lodo,grad,AS,GQ493213.1.1204,AS,0.003915330103471767,0.003915330103471767,0.003915330103471767
lodo,grad,AS,HG800468.1.1200,AS,0.004219665334231001,0.004219665334231001,0.004219665334231001
lodo,grad,AS,MH813973.1.1314,AS,0.0048840505541176355,0.0048840505541176355,0.0048840505541176355
lodo,grad,AS,JQ449887.1.1241,AS,0.005169664875612292,0.005169664875612292,0.005169664875612292
lodo,grad,AS,EU773564.1.1345,AS,0.005181574035823865,0.005181574035823865,0.005181574035823865
lodo,grad,AS,HQ807131.1.1274,AS,0.006643885253678364,0.006643885253678364,0.006643885253678364
lodo,grad,AS,HQ794629.1.1311,AS,0.008536495656153052,0.008536495656153052,0.008536495656153052
lodo,grad,AS,HK694993.1.1204,AS,0.008569522904300306,0.008569522904300306,0.008569522904300306
lodo,grad,AS,KF084610.1.1355,AS,0.011495214377749982,0.011495214377749982,0.011495214377749982
lodo,grad,AS,JQ467142.1.1299,AS,0.012190996269373628,0.012190996269373628,0.012190996269373628
lodo,grad,AS,JQ451979.1.1251,AS,0.014710214198832375,0.014710214198832375,0.014710214198832375
lodo,grad,BD,JX048342.1.1227,Ctrl,-0.006338816763717489,-0.006338816763717489,-0.006338816763717489
lodo,grad,BD,DQ809255.1.1206,Ctrl,-0.00608608890212999,-0.00608608890212999,-0.00608608890212999
lodo,grad,BD,FJ364454.1.1206,Ctrl,-0.005741361977371177,-0.005741361977371177,-0.005741361977371177
lodo,grad,BD,FJ032391.1.1254,Ctrl,-0.005086273400207599,-0.005086273400207599,-0.005086273400207599
lodo,grad,BD,EU467263.1.1258,Ctrl,-0.004482044159561561,-0.004482044159561561,-0.004482044159561561
lodo,grad,BD,JX030308.1.1232,Ctrl,-0.004475839601357764,-0.004475839601357764,-0.004475839601357764
lodo,grad,BD,DQ797636.1.1248,Ctrl,-0.0043770135666704926,-0.0043770135666704926,-0.0043770135666704926
lodo,grad,BD,JQ455365.1.1268,Ctrl,-0.0030401622158886758,-0.0030401622158886758,-0.0030401622158886758
lodo,grad,BD,AY212777.1.1209,Ctrl,-0.0028886860201346684,-0.0028886860201346684,-0.0028886860201346684
lodo,grad,BD,DQ798603.1.1202,Ctrl,-0.0028843748718214383,-0.0028843748718214383,-0.0028843748718214383
lodo,grad,BD,DQ800211.1.1202,Ctrl,-0.00287389983951577,-0.00287389983951577,-0.00287389983951577
lodo,grad,BD,EU776550.1.1288,Ctrl,-0.0028626685258347556,-0.0028626685258347556,-0.0028626685258347556
lodo,grad,BD,EU767275.1.1355,Ctrl,-0.0027271435628703753,-0.0027271435628703753,-0.0027271435628703753
lodo,grad,BD,GQ491939.1.1201,Ctrl,-0.0025904027160588688,-0.0025904027160588688,-0.0025904027160588688
lodo,grad,BD,EU469054.1.1253,Ctrl,-0.0024573014341340333,-0.0024573014341340333,-0.0024573014341340333
lodo,grad,BD,DQ824266.1.1288,Ctrl,-0.002415966655393087,-0.002415966655393087,-0.002415966655393087
lodo,grad,BD,FJ509034.1.1377,Ctrl,-0.002380260659166734,-0.002380260659166734,-0.002380260659166734
lodo,grad,BD,EF071253.1.1234,Ctrl,-0.0023708400448068504,-0.0023708400448068504,-0.0023708400448068504
lodo,grad,BD,EU469562.1.1265,Ctrl,-0.0023316770693937003,-0.0023316770693937003,-0.0023316770693937003
lodo,grad,BD,FJ363488.1.1201,Ctrl,-0.002324663641459196,-0.002324663641459196,-0.002324663641459196
lodo,grad,BD,GQ492286.1.1241,Ctrl,-0.002311504004372924,-0.002311504004372924,-0.002311504004372924
lodo,grad,BD,DQ797836.1.1210,Ctrl,-0.002244017948547024,-0.002244017948547024,-0.002244017948547024
lodo,grad,BD,FJ362935.1.1246,Ctrl,-0.00220938648277836,-0.00220938648277836,-0.00220938648277836
lodo,grad,BD,FR667445.1.1395,Ctrl,-0.0022045748386512005,-0.0022045748386512005,-0.0022045748386512005
lodo,grad,BD,GQ133046.1.1200,Ctrl,-0.002202220822964958,-0.002202220822964958,-0.002202220822964958
lodo,grad,BD,LARF01000109.1.1225,Ctrl,-0.0021810851030785957,-0.0021810851030785957,-0.0021810851030785957
lodo,grad,BD,DQ807031.1.1284,Ctrl,-0.0020261590916322725,-0.0020261590916322725,-0.0020261590916322725
lodo,grad,BD,HK555826.1.1289,Ctrl,-0.0020176031216558653,-0.0020176031216558653,-0.0020176031216558653
lodo,grad,BD,GQ491419.1.1322,Ctrl,-0.0019986882020841686,-0.0019986882020841686,-0.0019986882020841686
lodo,grad,BD,DQ808514.1.1304,Ctrl,-0.0019676992130390892,-0.0019676992130390892,-0.0019676992130390892
lodo,grad,BD,JQ072685.1.1304,Ctrl,-0.0019089893742108043,-0.0019089893742108043,-0.0019089893742108043
lodo,grad,BD,DQ793742.1.1312,Ctrl,-0.0018064381162728126,-0.0018064381162728126,-0.0018064381162728126
lodo,grad,BD,AY850461.1.1228,Ctrl,-0.0017507851821025042,-0.0017507851821025042,-0.0017507851821025042
lodo,grad,BD,EU454215.1.1286,Ctrl,-0.0017106258941623623,-0.0017106258941623623,-0.0017106258941623623
lodo,grad,BD,AY911443.1.1200,Ctrl,-0.00167263876441377,-0.00167263876441377,-0.00167263876441377
lodo,grad,BD,FJ363449.1.1364,Ctrl,-0.0015949805016144747,-0.0015949805016144747,-0.0015949805016144747
lodo,grad,BD,DQ794929.1.1287,Ctrl,-0.0015889304200933374,-0.0015889304200933374,-0.0015889304200933374
lodo,grad,BD,FJ032490.1.1227,Ctrl,-0.0015204117946306362,-0.0015204117946306362,-0.0015204117946306362
lodo,grad,BD,GQ493144.1.1354,Ctrl,-0.0015085322795228395,-0.0015085322795228395,-0.0015085322795228395
lodo,grad,BD,DQ808652.1.1281,Ctrl,-0.0014942504137729468,-0.0014942504137729468,-0.0014942504137729468
lodo,grad,BD,ABQC02000019.758957.760260,Ctrl,-0.0014849760164424974,-0.0014849760164424974,-0.0014849760164424974
lodo,grad,BD,HQ754370.1.1215,Ctrl,-0.0014601062070807814,-0.0014601062070807814,-0.0014601062070807814
lodo,grad,BD,KF842080.1.1260,Ctrl,-0.0014439206631543546,-0.0014439206631543546,-0.0014439206631543546
lodo,grad,BD,EU766326.1.1303,Ctrl,-0.0014382070470237486,-0.0014382070470237486,-0.0014382070470237486
lodo,grad,BD,HK693740.1.1297,Ctrl,-0.0014084474362784317,-0.0014084474362784317,-0.0014084474362784317
lodo,grad,BD,EU451848.1.1201,Ctrl,-0.0013883275181552552,-0.0013883275181552552,-0.0013883275181552552
lodo,grad,BD,FJ365228.1.1356,Ctrl,-0.0013516166122688237,-0.0013516166122688237,-0.0013516166122688237
lodo,grad,BD,DQ808594.1.1283,Ctrl,-0.0013248065405951008,-0.0013248065405951008,-0.0013248065405951008
lodo,grad,BD,FJ371750.1.1233,Ctrl,-0.001299000998719581,-0.001299000998719581,-0.001299000998719581
lodo,grad,BD,DQ795255.1.1218,Ctrl,-0.001289258359557372,-0.001289258359557372,-0.001289258359557372
lodo,grad,BD,EU778362.1.1345,BD,0.0006568878362233921,0.0006568878362233921,0.0006568878362233921
lodo,grad,BD,GQ491259.1.1205,BD,0.0006657878339784675,0.0006657878339784675,0.0006657878339784675
lodo,grad,BD,JN698650.1.1277,BD,0.0006682424544884393,0.0006682424544884393,0.0006682424544884393
lodo,grad,BD,DQ808123.1.1242,BD,0.0006734773041094996,0.0006734773041094996,0.0006734773041094996
lodo,grad,BD,GQ492469.1.1357,BD,0.0006831296930810603,0.0006831296930810603,0.0006831296930810603
lodo,grad,BD,MG245801.1.1200,BD,0.0007059029178733885,0.0007059029178733885,0.0007059029178733885
lodo,grad,BD,EU777577.1.1211,BD,0.0007242261576672156,0.0007242261576672156,0.0007242261576672156
lodo,grad,BD,GQ493374.1.1373,BD,0.0007491806203509064,0.0007491806203509064,0.0007491806203509064
lodo,grad,BD,JQ467804.1.1375,BD,0.0007662742661296848,0.0007662742661296848,0.0007662742661296848
lodo,grad,BD,KF843386.1.1337,BD,0.0007695954959513366,0.0007695954959513366,0.0007695954959513366
lodo,grad,BD,AY653235.1.1324,BD,0.0007705086868694156,0.0007705086868694156,0.0007705086868694156
lodo,grad,BD,DQ823971.1.1252,BD,0.0007711840361200751,0.0007711840361200751,0.0007711840361200751
lodo,grad,BD,JQ467834.1.1286,BD,0.0007751645425942903,0.0007751645425942903,0.0007751645425942903
lodo,grad,BD,KY983579.1.1217,BD,0.0007781842850266008,0.0007781842850266008,0.0007781842850266008
lodo,grad,BD,GU413690.1.1212,BD,0.0007789084318244553,0.0007789084318244553,0.0007789084318244553
lodo,grad,BD,EU461149.1.1288,BD,0.0007875040824217168,0.0007875040824217168,0.0007875040824217168
lodo,grad,BD,EU766599.1.1346,BD,0.0008015991612278427,0.0008015991612278427,0.0008015991612278427
lodo,grad,BD,JQ467788.1.1220,BD,0.0008153092003419889,0.0008153092003419889,0.0008153092003419889
lodo,grad,BD,AY974070.1.1396,BD,0.0008297003598390114,0.0008297003598390114,0.0008297003598390114
lodo,grad,BD,JQ465376.1.1220,BD,0.0008422443014756792,0.0008422443014756792,0.0008422443014756792
lodo,grad,BD,FJ503633.1.1247,BD,0.0008843801294454183,0.0008843801294454183,0.0008843801294454183
lodo,grad,BD,EU773580.1.1360,BD,0.0008938212544082118,0.0008938212544082118,0.0008938212544082118
lodo,grad,BD,KY003111.1.1207,BD,0.0008986845771963973,0.0008986845771963973,0.0008986845771963973
lodo,grad,BD,FJ365188.1.1330,BD,0.000922470371307946,0.000922470371307946,0.000922470371307946
lodo,grad,BD,DQ441283.1.1315,BD,0.0009365093618812241,0.0009365093618812241,0.0009365093618812241
lodo,grad,BD,EF519868.1.1382,BD,0.0009386100316068013,0.0009386100316068013,0.0009386100316068013
lodo,grad,BD,KX792217.1.1200,BD,0.0009399183167886321,0.0009399183167886321,0.0009399183167886321
lodo,grad,BD,KX130890.1.1202,BD,0.0009461357291179147,0.0009461357291179147,0.0009461357291179147
lodo,grad,BD,EU763235.1.1354,BD,0.0009490828000243877,0.0009490828000243877,0.0009490828000243877
lodo,grad,BD,DQ799541.1.1239,BD,0.0010642387737676156,0.0010642387737676156,0.0010642387737676156
lodo,grad,BD,FJ558427.1.1215,BD,0.001188330616870447,0.001188330616870447,0.001188330616870447
lodo,grad,BD,DQ808288.1.1299,BD,0.0012620288985605815,0.0012620288985605815,0.0012620288985605815
lodo,grad,BD,HQ742589.1.1206,BD,0.0013155699129253865,0.0013155699129253865,0.0013155699129253865
lodo,grad,BD,JX048356.1.1310,BD,0.0013243117584776152,0.0013243117584776152,0.0013243117584776152
lodo,grad,BD,FJ365559.1.1250,BD,0.001350382612599905,0.001350382612599905,0.001350382612599905
lodo,grad,BD,AF338413.1.1408,BD,0.0013699346852258634,0.0013699346852258634,0.0013699346852258634
lodo,grad,BD,JQ449806.1.1396,BD,0.0013757799914486202,0.0013757799914486202,0.0013757799914486202
lodo,grad,BD,HQ766049.1.1250,BD,0.001383934902104078,0.001383934902104078,0.001383934902104078
lodo,grad,BD,DQ804326.1.1231,BD,0.0014281429023275283,0.0014281429023275283,0.0014281429023275283
lodo,grad,BD,HQ760907.1.1439,BD,0.0015220977892118322,0.0015220977892118322,0.0015220977892118322
lodo,grad,BD,HQ810946.1.1476,BD,0.00157020440581691,0.00157020440581691,0.00157020440581691
lodo,grad,BD,GQ492274.1.1222,BD,0.0016708817606402684,0.0016708817606402684,0.0016708817606402684
lodo,grad,BD,FJ366498.1.1310,BD,0.001748074349748204,0.001748074349748204,0.001748074349748204
lodo,grad,BD,JQ455437.1.1278,BD,0.0019316883537783714,0.0019316883537783714,0.0019316883537783714
lodo,grad,BD,JQ607033.1.1325,BD,0.0019707501375989898,0.0019707501375989898,0.0019707501375989898
lodo,grad,BD,GQ493585.1.1250,BD,0.0019903450362353347,0.0019903450362353347,0.0019903450362353347
lodo,grad,BD,AY985764.1.1362,BD,0.0020201505896709267,0.0020201505896709267,0.0020201505896709267
lodo,grad,BD,EU776534.1.1214,BD,0.0021755716136919274,0.0021755716136919274,0.0021755716136919274
lodo,grad,BD,GQ491160.1.1334,BD,0.0023629181063880176,0.0023629181063880176,0.0023629181063880176
lodo,grad,BD,HQ807131.1.1274,BD,0.003158738324524647,0.003158738324524647,0.003158738324524647
lodo,grad,CAD,DQ809255.1.1206,Ctrl,-0.009915332530758863,-0.009915332530758863,-0.009915332530758863
lodo,grad,CAD,GQ491939.1.1201,Ctrl,-0.00787406004558021,-0.00787406004558021,-0.00787406004558021
lodo,grad,CAD,EU451848.1.1201,Ctrl,-0.006983305680282871,-0.006983305680282871,-0.006983305680282871
lodo,grad,CAD,EU473498.1.1210,Ctrl,-0.006417995754051572,-0.006417995754051572,-0.006417995754051572
lodo,grad,CAD,HE582905.1.1233,Ctrl,-0.00550059625139363,-0.00550059625139363,-0.00550059625139363
lodo,grad,CAD,DQ795255.1.1218,Ctrl,-0.005154406992578146,-0.005154406992578146,-0.005154406992578146
lodo,grad,CAD,FJ032391.1.1254,Ctrl,-0.00473917326352043,-0.00473917326352043,-0.00473917326352043
lodo,grad,CAD,DQ799352.1.1291,Ctrl,-0.004415734553296602,-0.004415734553296602,-0.004415734553296602
lodo,grad,CAD,EU767504.1.1353,Ctrl,-0.004087439689416342,-0.004087439689416342,-0.004087439689416342
lodo,grad,CAD,EU458719.1.1250,Ctrl,-0.003965724476560613,-0.003965724476560613,-0.003965724476560613
lodo,grad,CAD,DQ798603.1.1202,Ctrl,-0.0038639371008381074,-0.0038639371008381074,-0.0038639371008381074
lodo,grad,CAD,AY850516.1.1219,Ctrl,-0.0038227227449740392,-0.0038227227449740392,-0.0038227227449740392
lodo,grad,CAD,DQ326449.1.1352,Ctrl,-0.003178756320995897,-0.003178756320995897,-0.003178756320995897
lodo,grad,CAD,FJ032490.1.1227,Ctrl,-0.003163126916231241,-0.003163126916231241,-0.003163126916231241
lodo,grad,CAD,GQ492256.1.1249,Ctrl,-0.0030119507712828876,-0.0030119507712828876,-0.0030119507712828876
lodo,grad,CAD,EU463532.1.1303,Ctrl,-0.00290944522923998,-0.00290944522923998,-0.00290944522923998
lodo,grad,CAD,HQ806883.1.1241,Ctrl,-0.0028725736356103432,-0.0028725736356103432,-0.0028725736356103432
lodo,grad,CAD,MG594001.1.1227,Ctrl,-0.002866845277352341,-0.002866845277352341,-0.002866845277352341
lodo,grad,CAD,FJ362935.1.1246,Ctrl,-0.002740441351063559,-0.002740441351063559,-0.002740441351063559
lodo,grad,CAD,ABQC02000019.758957.760260,Ctrl,-0.002601684467198599,-0.002601684467198599,-0.002601684467198599
lodo,grad,CAD,EU777256.1.1256,Ctrl,-0.0025651103906718124,-0.0025651103906718124,-0.0025651103906718124
lodo,grad,CAD,EU472436.1.1216,Ctrl,-0.0024104534856603473,-0.0024104534856603473,-0.0024104534856603473
lodo,grad,CAD,JX222278.1.1213,Ctrl,-0.0022387115481538695,-0.0022387115481538695,-0.0022387115481538695
lodo,grad,CAD,LARF01000109.1.1225,Ctrl,-0.0022345312842210283,-0.0022345312842210283,-0.0022345312842210283
lodo,grad,CAD,DQ808514.1.1304,Ctrl,-0.0021567954672508573,-0.0021567954672508573,-0.0021567954672508573
lodo,grad,CAD,FJ371750.1.1233,Ctrl,-0.0020772667107608364,-0.0020772667107608364,-0.0020772667107608364
lodo,grad,CAD,DQ794929.1.1287,Ctrl,-0.0020771172173487426,-0.0020771172173487426,-0.0020771172173487426
lodo,grad,CAD,EU778663.1.1260,Ctrl,-0.00206598632562024,-0.00206598632562024,-0.00206598632562024
lodo,grad,CAD,EU772494.1.1283,Ctrl,-0.0020139561551986446,-0.0020139561551986446,-0.0020139561551986446
lodo,grad,CAD,HQ807284.1.1274,Ctrl,-0.0019531620757116236,-0.0019531620757116236,-0.0019531620757116236
lodo,grad,CAD,DQ824197.1.1281,Ctrl,-0.0019192243796519182,-0.0019192243796519182,-0.0019192243796519182
lodo,grad,CAD,GQ492847.1.1200,Ctrl,-0.0019010302211571251,-0.0019010302211571251,-0.0019010302211571251
lodo,grad,CAD,DQ808652.1.1281,Ctrl,-0.0018646959896845485,-0.0018646959896845485,-0.0018646959896845485
lodo,grad,CAD,KP944116.1.1434,Ctrl,-0.0017863860849190334,-0.0017863860849190334,-0.0017863860849190334
lodo,grad,CAD,EU464089.1.1293,Ctrl,-0.001780849670088813,-0.001780849670088813,-0.001780849670088813
lodo,grad,CAD,HQ794655.1.1423,Ctrl,-0.001762382145315705,-0.001762382145315705,-0.001762382145315705
lodo,grad,CAD,HQ794846.1.1268,Ctrl,-0.001749370968342193,-0.001749370968342193,-0.001749370968342193
lodo,grad,CAD,GQ493692.1.1234,Ctrl,-0.0017134380252882759,-0.0017134380252882759,-0.0017134380252882759
lodo,grad,CAD,DQ796193.1.1249,Ctrl,-0.0016951844687111306,-0.0016951844687111306,-0.0016951844687111306
lodo,grad,CAD,FJ415621.1.1241,Ctrl,-0.0016510071218453193,-0.0016510071218453193,-0.0016510071218453193
lodo,grad,CAD,FJ365251.1.1334,Ctrl,-0.0016379294707148113,-0.0016379294707148113,-0.0016379294707148113
lodo,grad,CAD,FJ678757.1.1314,Ctrl,-0.0014878166722929608,-0.0014878166722929608,-0.0014878166722929608
lodo,grad,CAD,EU766313.1.1358,Ctrl,-0.00147745423072462,-0.00147745423072462,-0.00147745423072462
lodo,grad,CAD,AY850535.1.1224,Ctrl,-0.0014677617913695957,-0.0014677617913695957,-0.0014677617913695957
lodo,grad,CAD,EU845249.1.1218,Ctrl,-0.0014334998002152363,-0.0014334998002152363,-0.0014334998002152363
lodo,grad,CAD,DQ823722.1.1211,Ctrl,-0.0014321396243063937,-0.0014321396243063937,-0.0014321396243063937
lodo,grad,CAD,ACCF01000268.3369.4627,Ctrl,-0.0014104400347160148,-0.0014104400347160148,-0.0014104400347160148
lodo,grad,CAD,AY850461.1.1228,Ctrl,-0.0014084599677977913,-0.0014084599677977913,-0.0014084599677977913
lodo,grad,CAD,JQ248079.1.1513,Ctrl,-0.001398172243123029,-0.001398172243123029,-0.001398172243123029
lodo,grad,CAD,AB741688.1.1324,Ctrl,-0.0013901260987828382,-0.0013901260987828382,-0.0013901260987828382
lodo,grad,CAD,EF451053.1.1351,CAD,0.0013224009115399811,0.0013224009115399811,0.0013224009115399811
lodo,grad,CAD,DQ804982.1.1277,CAD,0.0013338485058012914,0.0013338485058012914,0.0013338485058012914
lodo,grad,CAD,KP730698.1.1429,CAD,0.0013362558250862792,0.0013362558250862792,0.0013362558250862792
lodo,grad,CAD,JX678705.1.1388,CAD,0.0013488615121727105,0.0013488615121727105,0.0013488615121727105
lodo,grad,CAD,DQ807295.1.1342,CAD,0.0013768674931548244,0.0013768674931548244,0.0013768674931548244
lodo,grad,CAD,GQ492544.1.1300,CAD,0.0013829831287651669,0.0013829831287651669,0.0013829831287651669
lodo,grad,CAD,DQ803256.1.1283,CAD,0.0013945401576872373,0.0013945401576872373,0.0013945401576872373
lodo,grad,CAD,JN698650.1.1277,CAD,0.0014353785799346955,0.0014353785799346955,0.0014353785799346955
lodo,grad,CAD,EU156758.1.1329,CAD,0.0014974987250027463,0.0014974987250027463,0.0014974987250027463
lodo,grad,CAD,GQ491133.1.1360,CAD,0.0015095006336058598,0.0015095006336058598,0.0015095006336058598
lodo,grad,CAD,MH899231.1.1233,CAD,0.0015531284820233114,0.0015531284820233114,0.0015531284820233114
lodo,grad,CAD,FJ508492.1.1367,CAD,0.0015876707975874382,0.0015876707975874382,0.0015876707975874382
lodo,grad,CAD,MH685147.1.1453,CAD,0.0015881054776032792,0.0015881054776032792,0.0015881054776032792
lodo,grad,CAD,JX095988.1.1318,CAD,0.0016135230375300957,0.0016135230375300957,0.0016135230375300957
lodo,grad,CAD,DQ279737.1.1420,CAD,0.0016220205392093235,0.0016220205392093235,0.0016220205392093235
lodo,grad,CAD,KF089553.1.1340,CAD,0.0016248995818386616,0.0016248995818386616,0.0016248995818386616
lodo,grad,CAD,DQ793589.1.1288,CAD,0.0016461128897696025,0.0016461128897696025,0.0016461128897696025
lodo,grad,CAD,JQ085668.1.1200,CAD,0.001692587377102487,0.001692587377102487,0.001692587377102487
lodo,grad,CAD,GQ491640.1.1266,CAD,0.001697704582150706,0.001697704582150706,0.001697704582150706
lodo,grad,CAD,KY795327.1.1204,CAD,0.0017838793974494418,0.0017838793974494418,0.0017838793974494418
lodo,grad,CAD,AY653235.1.1324,CAD,0.0017865780558344617,0.0017865780558344617,0.0017865780558344617
lodo,grad,CAD,JX048324.1.1330,CAD,0.0017888770683251887,0.0017888770683251887,0.0017888770683251887
lodo,grad,CAD,JN004064.1.1431,CAD,0.0019410525990655495,0.0019410525990655495,0.0019410525990655495
lodo,grad,CAD,KX787760.1.915,CAD,0.0019496083392687383,0.0019496083392687383,0.0019496083392687383
lodo,grad,CAD,AY974070.1.1396,CAD,0.00195815711753112,0.00195815711753112,0.00195815711753112
lodo,grad,CAD,FN547980.1.1210,CAD,0.00195846473181986,0.00195846473181986,0.00195846473181986
lodo,grad,CAD,FJ558429.1.1212,CAD,0.0021661772307372358,0.0021661772307372358,0.0021661772307372358
lodo,grad,CAD,HQ802530.1.1345,CAD,0.0023436417533453558,0.0023436417533453558,0.0023436417533453558
lodo,grad,CAD,HQ742353.1.1409,CAD,0.0023494361446580792,0.0023494361446580792,0.0023494361446580792
lodo,grad,CAD,X65935.1.1488,CAD,0.0024825163657752384,0.0024825163657752384,0.0024825163657752384
lodo,grad,CAD,Y18274.1.1429,CAD,0.0025354167249914262,0.0025354167249914262,0.0025354167249914262
lodo,grad,CAD,GQ491259.1.1205,CAD,0.0026003185380106954,0.0026003185380106954,0.0026003185380106954
lodo,grad,CAD,DQ799541.1.1239,CAD,0.002726261102209843,0.002726261102209843,0.002726261102209843
lodo,grad,CAD,MF464539.1.1400,CAD,0.0027589997127364877,0.0027589997127364877,0.0027589997127364877
lodo,grad,CAD,FJ366838.1.1357,CAD,0.00282657082342867,0.00282657082342867,0.00282657082342867
lodo,grad,CAD,GQ492274.1.1222,CAD,0.0028293006413699635,0.0028293006413699635,0.0028293006413699635
lodo,grad,CAD,JX096007.1.1204,CAD,0.0028985310571085295,0.0028985310571085295,0.0028985310571085295
lodo,grad,CAD,FJ364934.1.1401,CAD,0.0030291142122781303,0.0030291142122781303,0.0030291142122781303
lodo,grad,CAD,KX130890.1.1202,CAD,0.003657672389855664,0.003657672389855664,0.003657672389855664
lodo,grad,CAD,JQ467804.1.1375,CAD,0.0040182782669500525,0.0040182782669500525,0.0040182782669500525
lodo,grad,CAD,EU767166.1.1357,CAD,0.0046914365220522775,0.0046914365220522775,0.0046914365220522775
lodo,grad,CAD,JQ460175.1.1343,CAD,0.004745162943970088,0.004745162943970088,0.004745162943970088
lodo,grad,CAD,JX048331.1.1329,CAD,0.005336920238112935,0.005336920238112935,0.005336920238112935
lodo,grad,CAD,JF057160.1.1343,CAD,0.006128302550768062,0.006128302550768062,0.006128302550768062
lodo,grad,CAD,KX792217.1.1200,CAD,0.006215980697235652,0.006215980697235652,0.006215980697235652
lodo,grad,CAD,GU432133.1.1216,CAD,0.007278461717176847,0.007278461717176847,0.007278461717176847
lodo,grad,CAD,MG245801.1.1200,CAD,0.007340338850309173,0.007340338850309173,0.007340338850309173
lodo,grad,CAD,KX792215.1.1201,CAD,0.008263799162149543,0.008263799162149543,0.008263799162149543
lodo,grad,CAD,MH813973.1.1314,CAD,0.011260544786602926,0.011260544786602926,0.011260544786602926
lodo,grad,CAD,GU409596.1.1218,CAD,0.022164621221387168,0.022164621221387168,0.022164621221387168
lodo,grad,CRC,GQ014737.1.1357,Ctrl,-0.00900274073086334,-0.00900274073086334,-0.00900274073086334
lodo,grad,CRC,GQ491939.1.1201,Ctrl,-0.004903857137495525,-0.004903857137495525,-0.004903857137495525
lodo,grad,CRC,FJ369668.1.1239,Ctrl,-0.004319616135459656,-0.004319616135459656,-0.004319616135459656
lodo,grad,CRC,DQ808594.1.1283,Ctrl,-0.0037568003405814374,-0.0037568003405814374,-0.0037568003405814374
lodo,grad,CRC,DQ797836.1.1210,Ctrl,-0.00360512346714137,-0.00360512346714137,-0.00360512346714137
lodo,grad,CRC,FJ364454.1.1206,Ctrl,-0.0035888601865389966,-0.0035888601865389966,-0.0035888601865389966
lodo,grad,CRC,DQ809255.1.1206,Ctrl,-0.003409053877905295,-0.003409053877905295,-0.003409053877905295
lodo,grad,CRC,EU469054.1.1253,Ctrl,-0.0030983987896497024,-0.0030983987896497024,-0.0030983987896497024
lodo,grad,CRC,DQ799508.1.1380,Ctrl,-0.003077906067576401,-0.003077906067576401,-0.003077906067576401
lodo,grad,CRC,DQ808652.1.1281,Ctrl,-0.002859500354862122,-0.002859500354862122,-0.002859500354862122
lodo,grad,CRC,FJ362935.1.1246,Ctrl,-0.0028074697729115056,-0.0028074697729115056,-0.0028074697729115056
lodo,grad,CRC,EU469076.1.1279,Ctrl,-0.002795415914837954,-0.002795415914837954,-0.002795415914837954
lodo,grad,CRC,KF842080.1.1260,Ctrl,-0.002756423697459801,-0.002756423697459801,-0.002756423697459801
lodo,grad,CRC,EU776550.1.1288,Ctrl,-0.0026739329141793316,-0.0026739329141793316,-0.0026739329141793316
lodo,grad,CRC,FJ371314.1.1260,Ctrl,-0.002534326179932047,-0.002534326179932047,-0.002534326179932047
lodo,grad,CRC,EU467430.1.1257,Ctrl,-0.002349289691537339,-0.002349289691537339,-0.002349289691537339
lodo,grad,CRC,DQ824197.1.1281,Ctrl,-0.002331907788291693,-0.002331907788291693,-0.002331907788291693
lodo,grad,CRC,DQ806278.1.1302,Ctrl,-0.002315895311962488,-0.002315895311962488,-0.002315895311962488
lodo,grad,CRC,KX787582.1.959,Ctrl,-0.0022329198457473774,-0.0022329198457473774,-0.0022329198457473774
lodo,grad,CRC,EU767275.1.1355,Ctrl,-0.0022232603833357042,-0.0022232603833357042,-0.0022232603833357042
lodo,grad,CRC,DQ803441.1.1240,Ctrl,-0.0022034758131252055,-0.0022034758131252055,-0.0022034758131252055
lodo,grad,CRC,GQ492286.1.1241,Ctrl,-0.0021840715569432867,-0.0021840715569432867,-0.0021840715569432867
lodo,grad,CRC,EU467265.1.1260,Ctrl,-0.0021280250885707267,-0.0021280250885707267,-0.0021280250885707267
lodo,grad,CRC,DQ802353.1.1286,Ctrl,-0.002054545494942357,-0.002054545494942357,-0.002054545494942357
lodo,grad,CRC,DQ799182.1.1290,Ctrl,-0.0020458518416434646,-0.0020458518416434646,-0.0020458518416434646
lodo,grad,CRC,EU768294.1.1359,Ctrl,-0.0019988509858527054,-0.0019988509858527054,-0.0019988509858527054
lodo,grad,CRC,DQ807031.1.1284,Ctrl,-0.001995533425181201,-0.001995533425181201,-0.001995533425181201
lodo,grad,CRC,EU773810.1.1287,Ctrl,-0.0019609440133791945,-0.0019609440133791945,-0.0019609440133791945
lodo,grad,CRC,DQ801609.1.1306,Ctrl,-0.0019601259704444566,-0.0019601259704444566,-0.0019601259704444566
lodo,grad,CRC,DQ824361.1.1287,Ctrl,-0.0018995688116994784,-0.0018995688116994784,-0.0018995688116994784
lodo,grad,CRC,DQ796280.1.1284,Ctrl,-0.0018988265056081243,-0.0018988265056081243,-0.0018988265056081243
lodo,grad,CRC,EU475866.1.1292,Ctrl,-0.0018353173003913426,-0.0018353173003913426,-0.0018353173003913426
lodo,grad,CRC,EU456393.1.1281,Ctrl,-0.0018309473612009481,-0.0018309473612009481,-0.0018309473612009481
lodo,grad,CRC,DQ803925.1.1280,Ctrl,-0.0018300514123130184,-0.0018300514123130184,-0.0018300514123130184
lodo,grad,CRC,FJ365305.1.1340,Ctrl,-0.00179674194480374,-0.00179674194480374,-0.00179674194480374
lodo,grad,CRC,EU468444.1.1302,Ctrl,-0.0017888966048553664,-0.0017888966048553664,-0.0017888966048553664
lodo,grad,CRC,KJ574409.1.1223,Ctrl,-0.0017868983605686352,-0.0017868983605686352,-0.0017868983605686352
lodo,grad,CRC,AY850453.1.1227,Ctrl,-0.0017519577260843122,-0.0017519577260843122,-0.0017519577260843122
lodo,grad,CRC,DQ808753.1.1287,Ctrl,-0.0017269055235972289,-0.0017269055235972289,-0.0017269055235972289
lodo,grad,CRC,EU766108.1.1338,Ctrl,-0.0017013582698488354,-0.0017013582698488354,-0.0017013582698488354
lodo,grad,CRC,EU771897.1.1262,Ctrl,-0.0016793154014034784,-0.0016793154014034784,-0.0016793154014034784
lodo,grad,CRC,FJ032483.1.1208,Ctrl,-0.0016503477753362825,-0.0016503477753362825,-0.0016503477753362825
lodo,grad,CRC,DQ808930.1.1287,Ctrl,-0.0016398404545021983,-0.0016398404545021983,-0.0016398404545021983
lodo,grad,CRC,FJ371179.1.1259,Ctrl,-0.001610715877653938,-0.001610715877653938,-0.001610715877653938
lodo,grad,CRC,DQ825213.1.1366,Ctrl,-0.001563895878816375,-0.001563895878816375,-0.001563895878816375
lodo,grad,CRC,JX030308.1.1232,Ctrl,-0.0015620953140670882,-0.0015620953140670882,-0.0015620953140670882
lodo,grad,CRC,DQ809059.1.1206,Ctrl,-0.0015291355509999172,-0.0015291355509999172,-0.0015291355509999172
lodo,grad,CRC,DQ795255.1.1218,Ctrl,-0.0015111086220059699,-0.0015111086220059699,-0.0015111086220059699
lodo,grad,CRC,DQ806395.1.1243,Ctrl,-0.0014896839233058366,-0.0014896839233058366,-0.0014896839233058366
lodo,grad,CRC,EU459430.1.1388,Ctrl,-0.0014608462949300927,-0.0014608462949300927,-0.0014608462949300927
lodo,grad,CRC,DQ815638.1.1413,CRC,0.0009893813421398927,0.0009893813421398927,0.0009893813421398927
lodo,grad,CRC,DQ807295.1.1342,CRC,0.0009947326307834733,0.0009947326307834733,0.0009947326307834733
lodo,grad,CRC,GQ448970.1.1284,CRC,0.0010184344441599347,0.0010184344441599347,0.0010184344441599347
lodo,grad,CRC,EU773580.1.1360,CRC,0.0010203519948930476,0.0010203519948930476,0.0010203519948930476
lodo,grad,CRC,GQ491640.1.1266,CRC,0.0010320769302654225,0.0010320769302654225,0.0010320769302654225
lodo,grad,CRC,DQ014812.1.1334,CRC,0.0010465501043365685,0.0010465501043365685,0.0010465501043365685
lodo,grad,CRC,DQ806128.1.1290,CRC,0.0010482973742654063,0.0010482973742654063,0.0010482973742654063
lodo,grad,CRC,FJ371815.1.1309,CRC,0.0010485952102673446,0.0010485952102673446,0.0010485952102673446
lodo,grad,CRC,GQ492274.1.1222,CRC,0.0010499509571615668,0.0010499509571615668,0.0010499509571615668
lodo,grad,CRC,FJ367906.1.1364,CRC,0.0010802210304481038,0.0010802210304481038,0.0010802210304481038
lodo,grad,CRC,AY947496.1.1209,CRC,0.001093602851846936,0.001093602851846936,0.001093602851846936
lodo,grad,CRC,AY974070.1.1396,CRC,0.0010980409308638994,0.0010980409308638994,0.0010980409308638994
lodo,grad,CRC,JN698650.1.1277,CRC,0.0011188445113435386,0.0011188445113435386,0.0011188445113435386
lodo,grad,CRC,JQ455437.1.1278,CRC,0.0011325302848962217,0.0011325302848962217,0.0011325302848962217
lodo,grad,CRC,JN020355.1.1242,CRC,0.0011673386924440224,0.0011673386924440224,0.0011673386924440224
lodo,grad,CRC,JX041639.1.1315,CRC,0.0011713891585301477,0.0011713891585301477,0.0011713891585301477
lodo,grad,CRC,JQ467804.1.1375,CRC,0.001209737574338019,0.001209737574338019,0.001209737574338019
lodo,grad,CRC,FJ792537.1.1368,CRC,0.0012152997480868312,0.0012152997480868312,0.0012152997480868312
lodo,grad,CRC,EU156766.1.1269,CRC,0.0012196103927389881,0.0012196103927389881,0.0012196103927389881
lodo,grad,CRC,DQ808288.1.1299,CRC,0.00128291842133329,0.00128291842133329,0.00128291842133329
lodo,grad,CRC,HQ800862.1.1308,CRC,0.0012850727568785602,0.0012850727568785602,0.0012850727568785602
lodo,grad,CRC,DQ441256.1.1313,CRC,0.0012883765462801476,0.0012883765462801476,0.0012883765462801476
lodo,grad,CRC,JQ449887.1.1241,CRC,0.0013079919129583841,0.0013079919129583841,0.0013079919129583841
lodo,grad,CRC,JX048331.1.1329,CRC,0.001326967871366846,0.001326967871366846,0.001326967871366846
lodo,grad,CRC,AB733112.1.1328,CRC,0.001340292845706419,0.001340292845706419,0.001340292845706419
lodo,grad,CRC,LC099978.1.1200,CRC,0.001557306881236146,0.001557306881236146,0.001557306881236146
lodo,grad,CRC,KP644774.1.1203,CRC,0.0015696714144625644,0.0015696714144625644,0.0015696714144625644
lodo,grad,CRC,DQ326634.1.1352,CRC,0.0016052885332185976,0.0016052885332185976,0.0016052885332185976
lodo,grad,CRC,KF065074.1.1324,CRC,0.0016331810624182345,0.0016331810624182345,0.0016331810624182345
lodo,grad,CRC,KX881777.1.1230,CRC,0.001634333441630327,0.001634333441630327,0.001634333441630327
lodo,grad,CRC,EU510514.1.1273,CRC,0.0016502656814311855,0.0016502656814311855,0.0016502656814311855
lodo,grad,CRC,EU763235.1.1354,CRC,0.001691515305931806,0.001691515305931806,0.001691515305931806
lodo,grad,CRC,CU466602.1.1028,CRC,0.0017558110728448614,0.0017558110728448614,0.0017558110728448614
lodo,grad,CRC,EU530381.1.1295,CRC,0.0017769177694544796,0.0017769177694544796,0.0017769177694544796
lodo,grad,CRC,EU762681.1.1284,CRC,0.0018308823987421166,0.0018308823987421166,0.0018308823987421166
lodo,grad,CRC,DQ804326.1.1231,CRC,0.0018429437626741093,0.0018429437626741093,0.0018429437626741093
lodo,grad,CRC,GQ491160.1.1334,CRC,0.0019486656641835743,0.0019486656641835743,0.0019486656641835743
lodo,grad,CRC,HK694993.1.1204,CRC,0.0019912966319386876,0.0019912966319386876,0.0019912966319386876
lodo,grad,CRC,JQ467142.1.1299,CRC,0.002074744568515721,0.002074744568515721,0.002074744568515721
lodo,grad,CRC,GQ493408.1.1209,CRC,0.0021219370613546886,0.0021219370613546886,0.0021219370613546886
lodo,grad,CRC,HQ793846.1.1251,CRC,0.002255528305009009,0.002255528305009009,0.002255528305009009
lodo,grad,CRC,HQ807131.1.1274,CRC,0.002299793549559411,0.002299793549559411,0.002299793549559411
lodo,grad,CRC,FJ366498.1.1310,CRC,0.0023520130273683515,0.0023520130273683515,0.0023520130273683515
lodo,grad,CRC,FJ557734.1.1287,CRC,0.002373980656687193,0.002373980656687193,0.002373980656687193
lodo,grad,CRC,DQ808123.1.1242,CRC,0.0024739684963974743,0.0024739684963974743,0.0024739684963974743
lodo,grad,CRC,DQ823971.1.1252,CRC,0.0024841739562277,0.0024841739562277,0.0024841739562277
lodo,grad,CRC,FJ503081.1.1238,CRC,0.0027950789751143433,0.0027950789751143433,0.0027950789751143433
lodo,grad,CRC,U92197.1.1541,CRC,0.003011098335254843,0.003011098335254843,0.003011098335254843
lodo,grad,CRC,KX792217.1.1200,CRC,0.0030139194389626517,0.0030139194389626517,0.0030139194389626517
lodo,grad,CRC,KY658480.1.1210,CRC,0.003134871248254767,0.003134871248254767,0.003134871248254767
lodo,grad,GD,DQ809255.1.1206,Ctrl,-0.011925994275648704,-0.011925994275648704,-0.011925994275648704
lodo,grad,GD,DQ799352.1.1291,Ctrl,-0.007508916185908469,-0.007508916185908469,-0.007508916185908469
lodo,grad,GD,AY850535.1.1224,Ctrl,-0.006904287616690791,-0.006904287616690791,-0.006904287616690791
lodo,grad,GD,DQ824197.1.1281,Ctrl,-0.006855555128626672,-0.006855555128626672,-0.006855555128626672
lodo,grad,GD,DQ793742.1.1312,Ctrl,-0.006205375941333962,-0.006205375941333962,-0.006205375941333962
lodo,grad,GD,FJ364454.1.1206,Ctrl,-0.00600638472095762,-0.00600638472095762,-0.00600638472095762
lodo,grad,GD,EF071253.1.1234,Ctrl,-0.0052965442447017045,-0.0052965442447017045,-0.0052965442447017045
lodo,grad,GD,FJ365668.1.1209,Ctrl,-0.0048812564481336435,-0.0048812564481336435,-0.0048812564481336435
lodo,grad,GD,DQ796193.1.1249,Ctrl,-0.004727320115124979,-0.004727320115124979,-0.004727320115124979
lodo,grad,GD,JQ455365.1.1268,Ctrl,-0.004501360506088902,-0.004501360506088902,-0.004501360506088902
lodo,grad,GD,FJ371191.1.1358,Ctrl,-0.004287068795160586,-0.004287068795160586,-0.004287068795160586
lodo,grad,GD,KF722436.1.1288,Ctrl,-0.0040919280036149815,-0.0040919280036149815,-0.0040919280036149815
lodo,grad,GD,EU467263.1.1258,Ctrl,-0.00393608168457551,-0.00393608168457551,-0.00393608168457551
lodo,grad,GD,DQ807031.1.1284,Ctrl,-0.003820605622092655,-0.003820605622092655,-0.003820605622092655
lodo,grad,GD,DQ794799.1.1281,Ctrl,-0.0037781273387090713,-0.0037781273387090713,-0.0037781273387090713
lodo,grad,GD,GQ133046.1.1200,Ctrl,-0.0037179938478681357,-0.0037179938478681357,-0.0037179938478681357
lodo,grad,GD,DQ823754.1.1237,Ctrl,-0.003469208382729132,-0.003469208382729132,-0.003469208382729132
lodo,grad,GD,DQ799864.1.1291,Ctrl,-0.003420716211586569,-0.003420716211586569,-0.003420716211586569
lodo,grad,GD,AY212767.1.1222,Ctrl,-0.0033616509073398607,-0.0033616509073398607,-0.0033616509073398607
lodo,grad,GD,DQ807171.1.1388,Ctrl,-0.0033371088951018174,-0.0033371088951018174,-0.0033371088951018174
lodo,grad,GD,JX048342.1.1227,Ctrl,-0.0032930827276164013,-0.0032930827276164013,-0.0032930827276164013
lodo,grad,GD,FJ363449.1.1364,Ctrl,-0.0032729253718584896,-0.0032729253718584896,-0.0032729253718584896
lodo,grad,GD,DQ326449.1.1352,Ctrl,-0.0031093346402434664,-0.0031093346402434664,-0.0031093346402434664
lodo,grad,GD,EU768746.1.1338,Ctrl,-0.003097328526887043,-0.003097328526887043,-0.003097328526887043
lodo,grad,GD,DQ808652.1.1281,Ctrl,-0.0030627918393203372,-0.0030627918393203372,-0.0030627918393203372
lodo,grad,GD,FJ367633.1.1229,Ctrl,-0.0030573868521636904,-0.0030573868521636904,-0.0030573868521636904
lodo,grad,GD,FJ362935.1.1246,Ctrl,-0.0028244017345952785,-0.0028244017345952785,-0.0028244017345952785
lodo,grad,GD,AY850463.1.1224,Ctrl,-0.0027267312447801792,-0.0027267312447801792,-0.0027267312447801792
lodo,grad,GD,GQ491939.1.1201,Ctrl,-0.0026595698115471494,-0.0026595698115471494,-0.0026595698115471494
lodo,grad,GD,GQ492286.1.1241,Ctrl,-0.0025154017688983495,-0.0025154017688983495,-0.0025154017688983495
lodo,grad,GD,JX095969.1.1221,Ctrl,-0.00251023645735347,-0.00251023645735347,-0.00251023645735347
lodo,grad,GD,EU767275.1.1355,Ctrl,-0.002498981381214807,-0.002498981381214807,-0.002498981381214807
lodo,grad,GD,HQ754370.1.1215,Ctrl,-0.002394178489308693,-0.002394178489308693,-0.002394178489308693
lodo,grad,GD,DQ795255.1.1218,Ctrl,-0.0023392183842353563,-0.0023392183842353563,-0.0023392183842353563
lodo,grad,GD,DQ809950.1.1293,Ctrl,-0.002286974721234901,-0.002286974721234901,-0.002286974721234901
lodo,grad,GD,EU459826.1.1289,Ctrl,-0.0022145950793551667,-0.0022145950793551667,-0.0022145950793551667
lodo,grad,GD,EU472436.1.1216,Ctrl,-0.002127041752898513,-0.002127041752898513,-0.002127041752898513
lodo,grad,GD,AB266102.1.1428,Ctrl,-0.0020684330733838894,-0.0020684330733838894,-0.0020684330733838894
lodo,grad,GD,AY979566.1.1352,Ctrl,-0.0020637471038196355,-0.0020637471038196355,-0.0020637471038196355
lodo,grad,GD,EU768294.1.1359,Ctrl,-0.002004798934128801,-0.002004798934128801,-0.002004798934128801
lodo,grad,GD,DQ800682.1.1204,Ctrl,-0.0019886538234055026,-0.0019886538234055026,-0.0019886538234055026
lodo,grad,GD,KY003111.1.1207,Ctrl,-0.001939030616252795,-0.001939030616252795,-0.001939030616252795
lodo,grad,GD,AY850461.1.1228,Ctrl,-0.0019386049679119173,-0.0019386049679119173,-0.0019386049679119173
lodo,grad,GD,FJ370391.1.1359,Ctrl,-0.0019290643019386937,-0.0019290643019386937,-0.0019290643019386937
lodo,grad,GD,LT996885.1078675.1080221,Ctrl,-0.0019207097865815961,-0.0019207097865815961,-0.0019207097865815961
lodo,grad,GD,FJ367133.1.1304,Ctrl,-0.001895615188611528,-0.001895615188611528,-0.001895615188611528
lodo,grad,GD,EU766542.1.1348,Ctrl,-0.0018637759468770909,-0.0018637759468770909,-0.0018637759468770909
lodo,grad,GD,KF843026.1.1355,Ctrl,-0.0018576484862883257,-0.0018576484862883257,-0.0018576484862883257
lodo,grad,GD,FJ032391.1.1254,Ctrl,-0.00180805333565309,-0.00180805333565309,-0.00180805333565309
lodo,grad,GD,DQ441339.1.1318,Ctrl,-0.0018048719305289436,-0.0018048719305289436,-0.0018048719305289436
lodo,grad,GD,JN698650.1.1277,GD,0.0011158484153467503,0.0011158484153467503,0.0011158484153467503
lodo,grad,GD,KP214597.3.1209,GD,0.0011332718638698263,0.0011332718638698263,0.0011332718638698263
lodo,grad,GD,JF203236.1.1325,GD,0.0011372690516350782,0.0011372690516350782,0.0011372690516350782
lodo,grad,GD,DQ441283.1.1315,GD,0.0011373859692206667,0.0011373859692206667,0.0011373859692206667
lodo,grad,GD,KF068512.1.1332,GD,0.0011500970074491033,0.0011500970074491033,0.0011500970074491033
lodo,grad,GD,KF843386.1.1337,GD,0.0011617254140273865,0.0011617254140273865,0.0011617254140273865
lodo,grad,GD,KF084610.1.1355,GD,0.0011705550761039391,0.0011705550761039391,0.0011705550761039391
lodo,grad,GD,DQ904893.1.1249,GD,0.0011707598731133194,0.0011707598731133194,0.0011707598731133194
lodo,grad,GD,DQ804326.1.1231,GD,0.001171227333032269,0.001171227333032269,0.001171227333032269
lodo,grad,GD,JX096011.1.1288,GD,0.001214015192383372,0.001214015192383372,0.001214015192383372
lodo,grad,GD,AY992362.1.1269,GD,0.0012249402430566754,0.0012249402430566754,0.0012249402430566754
lodo,grad,GD,KX792217.1.1200,GD,0.0012602397151031345,0.0012602397151031345,0.0012602397151031345
lodo,grad,GD,FJ365188.1.1330,GD,0.0012870149686396814,0.0012870149686396814,0.0012870149686396814
lodo,grad,GD,DQ808102.1.1318,GD,0.001338642864141484,0.001338642864141484,0.001338642864141484
lodo,grad,GD,KY983579.1.1217,GD,0.0013446854890567066,0.0013446854890567066,0.0013446854890567066
lodo,grad,GD,JX048356.1.1310,GD,0.0013489090386252496,0.0013489090386252496,0.0013489090386252496
lodo,grad,GD,AY653235.1.1324,GD,0.0013538499236935436,0.0013538499236935436,0.0013538499236935436
lodo,grad,GD,DQ795411.1.1205,GD,0.0014283557312257604,0.0014283557312257604,0.0014283557312257604
lodo,grad,GD,DQ806877.1.1290,GD,0.0014675793003505761,0.0014675793003505761,0.0014675793003505761
lodo,grad,GD,DQ802048.1.1247,GD,0.0014819253757695045,0.0014819253757695045,0.0014819253757695045
lodo,grad,GD,GQ493585.1.1250,GD,0.0014826730606988664,0.0014826730606988664,0.0014826730606988664
lodo,grad,GD,DQ799541.1.1239,GD,0.0014845036723423058,0.0014845036723423058,0.0014845036723423058
lodo,grad,GD,EU156758.1.1329,GD,0.001492819015736202,0.001492819015736202,0.001492819015736202
lodo,grad,GD,DQ808288.1.1299,GD,0.0015469152731253694,0.0015469152731253694,0.0015469152731253694
lodo,grad,GD,JQ455437.1.1278,GD,0.0015519438545618864,0.0015519438545618864,0.0015519438545618864
lodo,grad,GD,DQ823971.1.1252,GD,0.001554641714904755,0.001554641714904755,0.001554641714904755
lodo,grad,GD,EU773580.1.1360,GD,0.001555836545327049,0.001555836545327049,0.001555836545327049
lodo,grad,GD,EU778248.1.1341,GD,0.001560392444308501,0.001560392444308501,0.001560392444308501
lodo,grad,GD,EU156766.1.1269,GD,0.001569601464693417,0.001569601464693417,0.001569601464693417
lodo,grad,GD,JX096007.1.1204,GD,0.001576010375736778,0.001576010375736778,0.001576010375736778
lodo,grad,GD,HQ766049.1.1250,GD,0.0015884932697980533,0.0015884932697980533,0.0015884932697980533
lodo,grad,GD,GU374018.1.1361,GD,0.0016331821702685687,0.0016331821702685687,0.0016331821702685687
lodo,grad,GD,FAVI01000008.1703276.1704567,GD,0.0016591592035580653,0.0016591592035580653,0.0016591592035580653
lodo,grad,GD,FJ364934.1.1401,GD,0.0017801271493771101,0.0017801271493771101,0.0017801271493771101
lodo,grad,GD,MF326581.1.1216,GD,0.0018224674996693935,0.0018224674996693935,0.0018224674996693935
lodo,grad,GD,HQ760907.1.1439,GD,0.001873664766944088,0.001873664766944088,0.001873664766944088
lodo,grad,GD,FJ975910.1.1372,GD,0.002065311345862364,0.002065311345862364,0.002065311345862364
lodo,grad,GD,AY985764.1.1362,GD,0.0022871058333175033,0.0022871058333175033,0.0022871058333175033
lodo,grad,GD,MG245801.1.1200,GD,0.0023218334171906875,0.0023218334171906875,0.0023218334171906875
lodo,grad,GD,EF111062.1.1228,GD,0.002449447163277607,0.002449447163277607,0.002449447163277607
lodo,grad,GD,GU432146.1.1216,GD,0.0026401661886416724,0.0026401661886416724,0.0026401661886416724
lodo,grad,GD,DQ807295.1.1342,GD,0.002709608272838447,0.002709608272838447,0.002709608272838447
lodo,grad,GD,JX095988.1.1318,GD,0.0027108936108092663,0.0027108936108092663,0.0027108936108092663
lodo,grad,GD,EU530381.1.1295,GD,0.0027355454039726555,0.0027355454039726555,0.0027355454039726555
lodo,grad,GD,FJ558299.1.1272,GD,0.002950633036558868,0.002950633036558868,0.002950633036558868
lodo,grad,GD,FJ557701.1.1386,GD,0.0032663452646085867,0.0032663452646085867,0.0032663452646085867
lodo,grad,GD,MF464539.1.1400,GD,0.003560061591508819,0.003560061591508819,0.003560061591508819
lodo,grad,GD,JX048331.1.1329,GD,0.004462523571826662,0.004462523571826662,0.004462523571826662
lodo,grad,GD,KY795327.1.1204,GD,0.004546696059100845,0.004546696059100845,0.004546696059100845
lodo,grad,GD,MH813973.1.1314,GD,0.005504558743354368,0.005504558743354368,0.005504558743354368
lodo,grad,IBD,DQ803441.1.1240,Ctrl,-0.0036759453805169,-0.0036759453805169,-0.0036759453805169
lodo,grad,IBD,FJ369668.1.1239,Ctrl,-0.0032778841551306163,-0.0032778841551306163,-0.0032778841551306163
lodo,grad,IBD,KF842080.1.1260,Ctrl,-0.003085811867993599,-0.003085811867993599,-0.003085811867993599
lodo,grad,IBD,DQ808652.1.1281,Ctrl,-0.00296134758257227,-0.00296134758257227,-0.00296134758257227
lodo,grad,IBD,FJ362935.1.1246,Ctrl,-0.0028107211855773707,-0.0028107211855773707,-0.0028107211855773707
lodo,grad,IBD,DQ807031.1.1284,Ctrl,-0.002455540131766234,-0.002455540131766234,-0.002455540131766234
lodo,grad,IBD,DQ809255.1.1206,Ctrl,-0.0022554937668752217,-0.0022554937668752217,-0.0022554937668752217
lodo,grad,IBD,DQ824266.1.1288,Ctrl,-0.002151471685845476,-0.002151471685845476,-0.002151471685845476
lodo,grad,IBD,FJ382054.1.1201,Ctrl,-0.0019811140574248977,-0.0019811140574248977,-0.0019811140574248977
lodo,grad,IBD,DQ796280.1.1284,Ctrl,-0.0019143812971559834,-0.0019143812971559834,-0.0019143812971559834
lodo,grad,IBD,DQ806278.1.1302,Ctrl,-0.0018493121864139321,-0.0018493121864139321,-0.0018493121864139321
lodo,grad,IBD,DQ801618.1.1247,Ctrl,-0.0018100249550621098,-0.0018100249550621098,-0.0018100249550621098
lodo,grad,IBD,EU767275.1.1355,Ctrl,-0.0017707925745047252,-0.0017707925745047252,-0.0017707925745047252
lodo,grad,IBD,FJ364454.1.1206,Ctrl,-0.0017226487661899878,-0.0017226487661899878,-0.0017226487661899878
lodo,grad,IBD,HK693740.1.1297,Ctrl,-0.0017063191661604252,-0.0017063191661604252,-0.0017063191661604252
lodo,grad,IBD,EU475866.1.1292,Ctrl,-0.0016363144481087181,-0.0016363144481087181,-0.0016363144481087181
lodo,grad,IBD,DQ806395.1.1243,Ctrl,-0.0016086280178720467,-0.0016086280178720467,-0.0016086280178720467
lodo,grad,IBD,FJ371314.1.1260,Ctrl,-0.0015785682799773675,-0.0015785682799773675,-0.0015785682799773675
lodo,grad,IBD,AY850463.1.1224,Ctrl,-0.0015478700596472036,-0.0015478700596472036,-0.0015478700596472036
lodo,grad,IBD,FJ367633.1.1229,Ctrl,-0.001547259158277078,-0.001547259158277078,-0.001547259158277078
lodo,grad,IBD,EU771897.1.1262,Ctrl,-0.001528612032254893,-0.001528612032254893,-0.001528612032254893
lodo,grad,IBD,HQ808998.1.1217,Ctrl,-0.0015213575432052736,-0.0015213575432052736,-0.0015213575432052736
lodo,grad,IBD,DQ795255.1.1218,Ctrl,-0.0014700499395834416,-0.0014700499395834416,-0.0014700499395834416
lodo,grad,IBD,CVOZ01000362.1.1219,Ctrl,-0.0014494708258749862,-0.0014494708258749862,-0.0014494708258749862
lodo,grad,IBD,FJ371591.1.1208,Ctrl,-0.0014004972359181178,-0.0014004972359181178,-0.0014004972359181178
lodo,grad,IBD,AF153858.1.1349,Ctrl,-0.0013931004380644551,-0.0013931004380644551,-0.0013931004380644551
lodo,grad,IBD,ABIK02000013.103269.104574,Ctrl,-0.0013749111389420277,-0.0013749111389420277,-0.0013749111389420277
lodo,grad,IBD,DQ809022.1.1286,Ctrl,-0.0013268531839966847,-0.0013268531839966847,-0.0013268531839966847
lodo,grad,IBD,EU469054.1.1253,Ctrl,-0.0013203196803090408,-0.0013203196803090408,-0.0013203196803090408
lodo,grad,IBD,FJ371873.1.1224,Ctrl,-0.001314820033578222,-0.001314820033578222,-0.001314820033578222
lodo,grad,IBD,DQ803925.1.1280,Ctrl,-0.001306178952851497,-0.001306178952851497,-0.001306178952851497
lodo,grad,IBD,DQ824361.1.1287,Ctrl,-0.0012862353498074115,-0.0012862353498074115,-0.0012862353498074115
lodo,grad,IBD,FJ753830.1.1232,Ctrl,-0.0012729174745126784,-0.0012729174745126784,-0.0012729174745126784
lodo,grad,IBD,EU469076.1.1279,Ctrl,-0.0012672091909346908,-0.0012672091909346908,-0.0012672091909346908
lodo,grad,IBD,DQ823754.1.1237,Ctrl,-0.0012625026415856097,-0.0012625026415856097,-0.0012625026415856097
lodo,grad,IBD,GQ133046.1.1200,Ctrl,-0.0012257171997385778,-0.0012257171997385778,-0.0012257171997385778
lodo,grad,IBD,DQ809069.1.1219,Ctrl,-0.0012249247314498745,-0.0012249247314498745,-0.0012249247314498745
lodo,grad,IBD,EU467430.1.1257,Ctrl,-0.0012210976022364068,-0.0012210976022364068,-0.0012210976022364068
lodo,grad,IBD,EU762257.1.1356,Ctrl,-0.0012203431948471246,-0.0012203431948471246,-0.0012203431948471246
lodo,grad,IBD,LARF01000109.1.1225,Ctrl,-0.0012193398110118758,-0.0012193398110118758,-0.0012193398110118758
lodo,grad,IBD,DQ808930.1.1287,Ctrl,-0.0011924746371585909,-0.0011924746371585909,-0.0011924746371585909
lodo,grad,IBD,DQ806834.1.1287,Ctrl,-0.0011892381662832955,-0.0011892381662832955,-0.0011892381662832955
lodo,grad,IBD,FJ032483.1.1208,Ctrl,-0.0011830133637976167,-0.0011830133637976167,-0.0011830133637976167
lodo,grad,IBD,DQ793359.1.1288,Ctrl,-0.001177933998413156,-0.001177933998413156,-0.001177933998413156
lodo,grad,IBD,DQ809059.1.1206,Ctrl,-0.0011424431834373323,-0.0011424431834373323,-0.0011424431834373323
lodo,grad,IBD,DQ794179.1.1290,Ctrl,-0.0011324102915957449,-0.0011324102915957449,-0.0011324102915957449
lodo,grad,IBD,GQ492286.1.1241,Ctrl,-0.0011151518632478102,-0.0011151518632478102,-0.0011151518632478102
lodo,grad,IBD,ACBX02000025.1.1217,Ctrl,-0.0011099290777273477,-0.0011099290777273477,-0.0011099290777273477
lodo,grad,IBD,AY850461.1.1228,Ctrl,-0.0010834735414877797,-0.0010834735414877797,-0.0010834735414877797
lodo,grad,IBD,GQ492382.1.1289,Ctrl,-0.0010721776586403234,-0.0010721776586403234,-0.0010721776586403234
lodo,grad,IBD,LC322231.1.1201,IBD,0.0010346805903066192,0.0010346805903066192,0.0010346805903066192
lodo,grad,IBD,JF220832.1.1358,IBD,0.0010460399165141223,0.0010460399165141223,0.0010460399165141223
lodo,grad,IBD,KF086965.1.1340,IBD,0.0010470232949762862,0.0010470232949762862,0.0010470232949762862
lodo,grad,IBD,FJ557701.1.1386,IBD,0.0010874126749266832,0.0010874126749266832,0.0010874126749266832
lodo,grad,IBD,EF071318.1.1509,IBD,0.0010900617622775443,0.0010900617622775443,0.0010900617622775443
lodo,grad,IBD,HQ802530.1.1345,IBD,0.0011095512015015117,0.0011095512015015117,0.0011095512015015117
lodo,grad,IBD,JQ455635.1.1212,IBD,0.0011191139508839427,0.0011191139508839427,0.0011191139508839427
lodo,grad,IBD,KC000059.1.1295,IBD,0.0011331060152067567,0.0011331060152067567,0.0011331060152067567
lodo,grad,IBD,AF338413.1.1408,IBD,0.0011738101314065872,0.0011738101314065872,0.0011738101314065872
lodo,grad,IBD,JQ465246.1.1375,IBD,0.0011833209856141299,0.0011833209856141299,0.0011833209856141299
lodo,grad,IBD,DQ823971.1.1252,IBD,0.0012087629642750363,0.0012087629642750363,0.0012087629642750363
lodo,grad,IBD,KF101798.1.1358,IBD,0.0012192755006577491,0.0012192755006577491,0.0012192755006577491
lodo,grad,IBD,JF090188.1.1364,IBD,0.001230254044332495,0.001230254044332495,0.001230254044332495
lodo,grad,IBD,HK240304.1.1331,IBD,0.0012320858497812462,0.0012320858497812462,0.0012320858497812462
lodo,grad,IBD,GQ014215.1.1357,IBD,0.0012740311499012033,0.0012740311499012033,0.0012740311499012033
lodo,grad,IBD,JN032883.1.1399,IBD,0.0013617752041467865,0.0013617752041467865,0.0013617752041467865
lodo,grad,IBD,AF349937.1.1220,IBD,0.0014354418319997657,0.0014354418319997657,0.0014354418319997657
lodo,grad,IBD,DQ806128.1.1290,IBD,0.0014515064808078484,0.0014515064808078484,0.0014515064808078484
lodo,grad,IBD,KU291315.1.1376,IBD,0.0014536701819854152,0.0014536701819854152,0.0014536701819854152
lodo,grad,IBD,JN698650.1.1277,IBD,0.001464475438086232,0.001464475438086232,0.001464475438086232
lodo,grad,IBD,HQ807131.1.1274,IBD,0.0014891837884163895,0.0014891837884163895,0.0014891837884163895
lodo,grad,IBD,EU763235.1.1354,IBD,0.0015137362333080178,0.0015137362333080178,0.0015137362333080178
lodo,grad,IBD,FJ557734.1.1287,IBD,0.0015165247365679095,0.0015165247365679095,0.0015165247365679095
lodo,grad,IBD,KF098874.1.1361,IBD,0.0015561848346410908,0.0015561848346410908,0.0015561848346410908
lodo,grad,IBD,HQ810946.1.1476,IBD,0.0016139926154080078,0.0016139926154080078,0.0016139926154080078
lodo,grad,IBD,KT780158.1.1201,IBD,0.001705621441735405,0.001705621441735405,0.001705621441735405
lodo,grad,IBD,MG245801.1.1200,IBD,0.001708461188716085,0.001708461188716085,0.001708461188716085
lodo,grad,IBD,DQ804982.1.1277,IBD,0.0017347260336117484,0.0017347260336117484,0.0017347260336117484
lodo,grad,IBD,HG800468.1.1200,IBD,0.0017383450450914391,0.0017383450450914391,0.0017383450450914391
lodo,grad,IBD,FAGH01000127.1.1295,IBD,0.0017621240214157007,0.0017621240214157007,0.0017621240214157007
lodo,grad,IBD,HK557112.1.1272,IBD,0.0018170782124571046,0.0018170782124571046,0.0018170782124571046
lodo,grad,IBD,KF084442.1.1326,IBD,0.0018323108147121126,0.0018323108147121126,0.0018323108147121126
lodo,grad,IBD,GQ014254.1.1331,IBD,0.002074563558886258,0.002074563558886258,0.002074563558886258
lodo,grad,IBD,JQ467142.1.1299,IBD,0.0021574927099711487,0.0021574927099711487,0.0021574927099711487
lodo,grad,IBD,KP644774.1.1203,IBD,0.0021666698528729532,0.0021666698528729532,0.0021666698528729532
lodo,grad,IBD,JQ465376.1.1220,IBD,0.0021785816673986864,0.0021785816673986864,0.0021785816673986864
lodo,grad,IBD,KF945090.1.1201,IBD,0.002188160538290154,0.002188160538290154,0.002188160538290154
lodo,grad,IBD,KX881777.1.1230,IBD,0.002206311355916696,0.002206311355916696,0.002206311355916696
lodo,grad,IBD,HK694993.1.1204,IBD,0.002240818012931666,0.002240818012931666,0.002240818012931666
lodo,grad,IBD,DQ804326.1.1231,IBD,0.0023250702879352085,0.0023250702879352085,0.0023250702879352085
lodo,grad,IBD,EU156766.1.1269,IBD,0.0023359853039572605,0.0023359853039572605,0.0023359853039572605
lodo,grad,IBD,DQ808123.1.1242,IBD,0.0024035291798373344,0.0024035291798373344,0.0024035291798373344
lodo,grad,IBD,JQ449887.1.1241,IBD,0.002418244255822751,0.002418244255822751,0.002418244255822751
lodo,grad,IBD,KF096013.1.1247,IBD,0.002750979950696817,0.002750979950696817,0.002750979950696817
lodo,grad,IBD,AY947496.1.1209,IBD,0.0031612022751421522,0.0031612022751421522,0.0031612022751421522
lodo,grad,IBD,KX792217.1.1200,IBD,0.0038820139763876688,0.0038820139763876688,0.0038820139763876688
lodo,grad,IBD,GQ491160.1.1334,IBD,0.0039376530215669385,0.0039376530215669385,0.0039376530215669385
lodo,grad,IBD,KY658480.1.1210,IBD,0.003939729411394463,0.003939729411394463,0.003939729411394463
lodo,grad,IBD,JQ467804.1.1375,IBD,0.004637201916999842,0.004637201916999842,0.004637201916999842
lodo,grad,IBD,JQ467788.1.1220,IBD,0.005297714371578261,0.005297714371578261,0.005297714371578261
lodo,grad,IBS,DQ809255.1.1206,Ctrl,-0.004442240854150613,-0.004442240854150613,-0.004442240854150613
lodo,grad,IBS,GQ491939.1.1201,Ctrl,-0.004127529212728144,-0.004127529212728144,-0.004127529212728144
lodo,grad,IBS,JX048342.1.1227,Ctrl,-0.003924181746166108,-0.003924181746166108,-0.003924181746166108
lodo,grad,IBS,FJ362935.1.1246,Ctrl,-0.0033087966225364153,-0.0033087966225364153,-0.0033087966225364153
lodo,grad,IBS,EU469562.1.1265,Ctrl,-0.0029717907690654734,-0.0029717907690654734,-0.0029717907690654734
lodo,grad,IBS,AY212767.1.1222,Ctrl,-0.0029605094894858647,-0.0029605094894858647,-0.0029605094894858647
lodo,grad,IBS,FJ363488.1.1201,Ctrl,-0.002807139397799784,-0.002807139397799784,-0.002807139397799784
lodo,grad,IBS,FJ364454.1.1206,Ctrl,-0.0027780785759627725,-0.0027780785759627725,-0.0027780785759627725
lodo,grad,IBS,DQ823754.1.1237,Ctrl,-0.0025745619475580034,-0.0025745619475580034,-0.0025745619475580034
lodo,grad,IBS,DQ795255.1.1218,Ctrl,-0.002433853578433658,-0.002433853578433658,-0.002433853578433658
lodo,grad,IBS,EU778663.1.1260,Ctrl,-0.002363024257764295,-0.002363024257764295,-0.002363024257764295
lodo,grad,IBS,FJ032391.1.1254,Ctrl,-0.0023356153222144336,-0.0023356153222144336,-0.0023356153222144336
lodo,grad,IBS,FJ032490.1.1227,Ctrl,-0.002144773026776251,-0.002144773026776251,-0.002144773026776251
lodo,grad,IBS,DQ797636.1.1248,Ctrl,-0.0020869959188742435,-0.0020869959188742435,-0.0020869959188742435
lodo,grad,IBS,DQ807243.1.1327,Ctrl,-0.0020251858861624387,-0.0020251858861624387,-0.0020251858861624387
lodo,grad,IBS,EU472436.1.1216,Ctrl,-0.0019189204613403313,-0.0019189204613403313,-0.0019189204613403313
lodo,grad,IBS,EU764805.1.1340,Ctrl,-0.0018812670471464931,-0.0018812670471464931,-0.0018812670471464931
lodo,grad,IBS,DQ807031.1.1284,Ctrl,-0.0018786747370693776,-0.0018786747370693776,-0.0018786747370693776
lodo,grad,IBS,DQ796280.1.1284,Ctrl,-0.0018783311497451419,-0.0018783311497451419,-0.0018783311497451419
lodo,grad,IBS,DQ799352.1.1291,Ctrl,-0.0018691770044667044,-0.0018691770044667044,-0.0018691770044667044
lodo,grad,IBS,DQ824266.1.1288,Ctrl,-0.0017698719362445622,-0.0017698719362445622,-0.0017698719362445622
lodo,grad,IBS,GQ492286.1.1241,Ctrl,-0.0017236479484747213,-0.0017236479484747213,-0.0017236479484747213
lodo,grad,IBS,FJ371179.1.1259,Ctrl,-0.0016910467504919569,-0.0016910467504919569,-0.0016910467504919569
lodo,grad,IBS,DQ800956.1.1278,Ctrl,-0.0016870932420887778,-0.0016870932420887778,-0.0016870932420887778
lodo,grad,IBS,EU774350.1.1258,Ctrl,-0.001662914325193826,-0.001662914325193826,-0.001662914325193826
lodo,grad,IBS,FJ369668.1.1239,Ctrl,-0.001626163942957153,-0.001626163942957153,-0.001626163942957153
lodo,grad,IBS,ACBX02000025.1.1217,Ctrl,-0.0015883244314345295,-0.0015883244314345295,-0.0015883244314345295
lodo,grad,IBS,EU467263.1.1258,Ctrl,-0.0015863550827475018,-0.0015863550827475018,-0.0015863550827475018
lodo,grad,IBS,GQ133046.1.1200,Ctrl,-0.001571355780559011,-0.001571355780559011,-0.001571355780559011
lodo,grad,IBS,EU767275.1.1355,Ctrl,-0.0015510664697440612,-0.0015510664697440612,-0.0015510664697440612
lodo,grad,IBS,HK693740.1.1297,Ctrl,-0.0014834826320670135,-0.0014834826320670135,-0.0014834826320670135
lodo,grad,IBS,JQ190854.1.1350,Ctrl,-0.0014735438215817958,-0.0014735438215817958,-0.0014735438215817958
lodo,grad,IBS,AY911443.1.1200,Ctrl,-0.0014647542430519139,-0.0014647542430519139,-0.0014647542430519139
lodo,grad,IBS,EF071253.1.1234,Ctrl,-0.0014534374401440485,-0.0014534374401440485,-0.0014534374401440485
lodo,grad,IBS,EU451848.1.1201,Ctrl,-0.0014193965804194855,-0.0014193965804194855,-0.0014193965804194855
lodo,grad,IBS,DQ807596.1.1240,Ctrl,-0.0013748061283082797,-0.0013748061283082797,-0.0013748061283082797
lodo,grad,IBS,EU766108.1.1338,Ctrl,-0.001368885592813868,-0.001368885592813868,-0.001368885592813868
lodo,grad,IBS,HQ808998.1.1217,Ctrl,-0.0013507812915783785,-0.0013507812915783785,-0.0013507812915783785
lodo,grad,IBS,EF400498.1.1478,Ctrl,-0.0013330525568758073,-0.0013330525568758073,-0.0013330525568758073
lodo,grad,IBS,FJ362793.1.1323,Ctrl,-0.0013329626381796851,-0.0013329626381796851,-0.0013329626381796851
lodo,grad,IBS,DQ808652.1.1281,Ctrl,-0.0013086990401118652,-0.0013086990401118652,-0.0013086990401118652
lodo,grad,IBS,DQ800682.1.1204,Ctrl,-0.0012590792896846022,-0.0012590792896846022,-0.0012590792896846022
lodo,grad,IBS,DQ793742.1.1312,Ctrl,-0.0012528029691978818,-0.0012528029691978818,-0.0012528029691978818
lodo,grad,IBS,HQ806883.1.1241,Ctrl,-0.0012465442654282636,-0.0012465442654282636,-0.0012465442654282636
lodo,grad,IBS,ABIK02000013.103269.104574,Ctrl,-0.0012456745634804394,-0.0012456745634804394,-0.0012456745634804394
lodo,grad,IBS,DQ798603.1.1202,Ctrl,-0.0012179936814289748,-0.0012179936814289748,-0.0012179936814289748
lodo,grad,IBS,FJ366505.1.1299,Ctrl,-0.0012165249363687966,-0.0012165249363687966,-0.0012165249363687966
lodo,grad,IBS,KF842080.1.1260,Ctrl,-0.0012082485197624953,-0.0012082485197624953,-0.0012082485197624953
lodo,grad,IBS,EU475866.1.1292,Ctrl,-0.0012043308998454466,-0.0012043308998454466,-0.0012043308998454466
lodo,grad,IBS,EU766326.1.1303,Ctrl,-0.0011525267089552572,-0.0011525267089552572,-0.0011525267089552572
lodo,grad,IBS,DQ795266.1.1352,IBS,0.0007203079683658229,0.0007203079683658229,0.0007203079683658229
lodo,grad,IBS,DQ799850.1.1386,IBS,0.0007260969704556284,0.0007260969704556284,0.0007260969704556284
lodo,grad,IBS,FPLO01006297.16.1502,IBS,0.000732045488187331,0.000732045488187331,0.000732045488187331
lodo,grad,IBS,LN866995.1.1482,IBS,0.000732619933061472,0.000732619933061472,0.000732619933061472
lodo,grad,IBS,KX792217.1.1200,IBS,0.00073456092494955,0.00073456092494955,0.00073456092494955
lodo,grad,IBS,JQ449806.1.1396,IBS,0.0007439232025629029,0.0007439232025629029,0.0007439232025629029
lodo,grad,IBS,EU778362.1.1345,IBS,0.0007463531178582444,0.0007463531178582444,0.0007463531178582444
lodo,grad,IBS,GU432132.1.1203,IBS,0.000754547983818252,0.000754547983818252,0.000754547983818252
lodo,grad,IBS,GQ493213.1.1204,IBS,0.0007709556850916564,0.0007709556850916564,0.0007709556850916564
lodo,grad,IBS,LC342993.1.1200,IBS,0.0007843295816544094,0.0007843295816544094,0.0007843295816544094
lodo,grad,IBS,EU761920.1.1356,IBS,0.0007884736982677006,0.0007884736982677006,0.0007884736982677006
lodo,grad,IBS,GQ492544.1.1300,IBS,0.0007904464795713063,0.0007904464795713063,0.0007904464795713063
lodo,grad,IBS,FJ367949.1.1334,IBS,0.0008031208594297259,0.0008031208594297259,0.0008031208594297259
lodo,grad,IBS,HQ792054.1.1446,IBS,0.0008228005856729804,0.0008228005856729804,0.0008228005856729804
lodo,grad,IBS,KY003111.1.1207,IBS,0.0008338860535127389,0.0008338860535127389,0.0008338860535127389
lodo,grad,IBS,AF376229.1.1349,IBS,0.0008448622207635761,0.0008448622207635761,0.0008448622207635761
lodo,grad,IBS,HK240383.1.1304,IBS,0.0008727894562352638,0.0008727894562352638,0.0008727894562352638
lodo,grad,IBS,JN698650.1.1277,IBS,0.0008745857076921419,0.0008745857076921419,0.0008745857076921419
lodo,grad,IBS,DQ808123.1.1242,IBS,0.0008774855176690436,0.0008774855176690436,0.0008774855176690436
lodo,grad,IBS,KF842603.1.1378,IBS,0.0008885739629563676,0.0008885739629563676,0.0008885739629563676
lodo,grad,IBS,FJ365559.1.1250,IBS,0.0008953111536403676,0.0008953111536403676,0.0008953111536403676
lodo,grad,IBS,GQ491160.1.1334,IBS,0.0008994936963894743,0.0008994936963894743,0.0008994936963894743
lodo,grad,IBS,GQ492574.1.1331,IBS,0.0009474978608831234,0.0009474978608831234,0.0009474978608831234
lodo,grad,IBS,GQ492155.1.1200,IBS,0.0009577265187000517,0.0009577265187000517,0.0009577265187000517
lodo,grad,IBS,AY974070.1.1396,IBS,0.0009588361825930203,0.0009588361825930203,0.0009588361825930203
lodo,grad,IBS,FJ364934.1.1401,IBS,0.0010100818415687298,0.0010100818415687298,0.0010100818415687298
lodo,grad,IBS,DQ794709.1.1288,IBS,0.0010207597999510026,0.0010207597999510026,0.0010207597999510026
lodo,grad,IBS,EU777577.1.1211,IBS,0.0010368350387240128,0.0010368350387240128,0.0010368350387240128
lodo,grad,IBS,JX048356.1.1310,IBS,0.0011057901176544113,0.0011057901176544113,0.0011057901176544113
lodo,grad,IBS,EU763235.1.1354,IBS,0.0011316028476439225,0.0011316028476439225,0.0011316028476439225
lodo,grad,IBS,GU432146.1.1216,IBS,0.0011441794636047786,0.0011441794636047786,0.0011441794636047786
lodo,grad,IBS,EU530381.1.1295,IBS,0.0011725601298495632,0.0011725601298495632,0.0011725601298495632
lodo,grad,IBS,FJ365188.1.1330,IBS,0.001186733206972101,0.001186733206972101,0.001186733206972101
lodo,grad,IBS,JQ460118.1.1339,IBS,0.001236567766439906,0.001236567766439906,0.001236567766439906
lodo,grad,IBS,GQ156417.1.1346,IBS,0.001274615789105516,0.001274615789105516,0.001274615789105516
lodo,grad,IBS,HQ802530.1.1345,IBS,0.0013487556006585586,0.0013487556006585586,0.0013487556006585586
lodo,grad,IBS,HQ766049.1.1250,IBS,0.0014016883807261944,0.0014016883807261944,0.0014016883807261944
lodo,grad,IBS,DQ799541.1.1239,IBS,0.001417158343677537,0.001417158343677537,0.001417158343677537
lodo,grad,IBS,GU413690.1.1212,IBS,0.001420863431913123,0.001420863431913123,0.001420863431913123
lodo,grad,IBS,FJ368098.1.1357,IBS,0.0014263114490236707,0.0014263114490236707,0.0014263114490236707
lodo,grad,IBS,JQ455437.1.1278,IBS,0.0014533395377153257,0.0014533395377153257,0.0014533395377153257
lodo,grad,IBS,DQ804982.1.1277,IBS,0.0016851533217713825,0.0016851533217713825,0.0016851533217713825
lodo,grad,IBS,GQ448318.1.1256,IBS,0.001763166958275736,0.001763166958275736,0.001763166958275736
lodo,grad,IBS,AY947496.1.1209,IBS,0.0017732924449166227,0.0017732924449166227,0.0017732924449166227
lodo,grad,IBS,DQ823971.1.1252,IBS,0.00202742111348351,0.00202742111348351,0.00202742111348351
lodo,grad,IBS,HQ807131.1.1274,IBS,0.0020365305617004656,0.0020365305617004656,0.0020365305617004656
lodo,grad,IBS,DQ799308.1.1322,IBS,0.0020738075285873106,0.0020738075285873106,0.0020738075285873106
lodo,grad,IBS,JQ465376.1.1220,IBS,0.0024188858182498,0.0024188858182498,0.0024188858182498
lodo,grad,IBS,GQ493585.1.1250,IBS,0.0024773709855172754,0.0024773709855172754,0.0024773709855172754
lodo,grad,IBS,HK694993.1.1204,IBS,0.0035634212252303194,0.0035634212252303194,0.0035634212252303194
lodo,grad,MS,FJ362935.1.1246,Ctrl,-0.005216520946518934,-0.005216520946518934,-0.005216520946518934
lodo,grad,MS,FJ371179.1.1259,Ctrl,-0.0043075436310908545,-0.0043075436310908545,-0.0043075436310908545
lodo,grad,MS,GQ491939.1.1201,Ctrl,-0.0039484622204953605,-0.0039484622204953605,-0.0039484622204953605
lodo,grad,MS,EU764805.1.1340,Ctrl,-0.0038232646384427672,-0.0038232646384427672,-0.0038232646384427672
lodo,grad,MS,DQ807243.1.1327,Ctrl,-0.0036819823991796233,-0.0036819823991796233,-0.0036819823991796233
lodo,grad,MS,DQ809255.1.1206,Ctrl,-0.0034987391053496694,-0.0034987391053496694,-0.0034987391053496694
lodo,grad,MS,DQ799352.1.1291,Ctrl,-0.0032980333933969536,-0.0032980333933969536,-0.0032980333933969536
lodo,grad,MS,LARG01000024.765.2171,Ctrl,-0.003292113616728998,-0.003292113616728998,-0.003292113616728998
lodo,grad,MS,FJ365305.1.1340,Ctrl,-0.0032507159261338232,-0.0032507159261338232,-0.0032507159261338232
lodo,grad,MS,HQ806883.1.1241,Ctrl,-0.003074078048567829,-0.003074078048567829,-0.003074078048567829
lodo,grad,MS,EU766108.1.1338,Ctrl,-0.002929468630845011,-0.002929468630845011,-0.002929468630845011
lodo,grad,MS,JX048342.1.1227,Ctrl,-0.0028252611263478913,-0.0028252611263478913,-0.0028252611263478913
lodo,grad,MS,DQ795255.1.1218,Ctrl,-0.0028053886420958437,-0.0028053886420958437,-0.0028053886420958437
lodo,grad,MS,FJ678732.1.1279,Ctrl,-0.0027944210053435546,-0.0027944210053435546,-0.0027944210053435546
lodo,grad,MS,GQ133046.1.1200,Ctrl,-0.0027409668679429016,-0.0027409668679429016,-0.0027409668679429016
lodo,grad,MS,EU451848.1.1201,Ctrl,-0.0026415891732547887,-0.0026415891732547887,-0.0026415891732547887
lodo,grad,MS,FJ364454.1.1206,Ctrl,-0.0025866894585664358,-0.0025866894585664358,-0.0025866894585664358
lodo,grad,MS,EF400498.1.1478,Ctrl,-0.002514313932493984,-0.002514313932493984,-0.002514313932493984
lodo,grad,MS,AY212767.1.1222,Ctrl,-0.002465532890898364,-0.002465532890898364,-0.002465532890898364
lodo,grad,MS,EU472436.1.1216,Ctrl,-0.0021483450400880412,-0.0021483450400880412,-0.0021483450400880412
lodo,grad,MS,DQ800956.1.1278,Ctrl,-0.0021123214844208354,-0.0021123214844208354,-0.0021123214844208354
lodo,grad,MS,EU381963.1.1486,Ctrl,-0.0019680338184131143,-0.0019680338184131143,-0.0019680338184131143
lodo,grad,MS,DQ803441.1.1240,Ctrl,-0.0019555093988612112,-0.0019555093988612112,-0.0019555093988612112
lodo,grad,MS,DQ797636.1.1248,Ctrl,-0.0019050270001347172,-0.0019050270001347172,-0.0019050270001347172
lodo,grad,MS,ABIK02000013.103269.104574,Ctrl,-0.001899919870340617,-0.001899919870340617,-0.001899919870340617
lodo,grad,MS,FJ366501.1.1310,Ctrl,-0.0018584520964364474,-0.0018584520964364474,-0.0018584520964364474
lodo,grad,MS,CEAR01043182.5169.6651,Ctrl,-0.0018344372964953007,-0.0018344372964953007,-0.0018344372964953007
lodo,grad,MS,AY850535.1.1224,Ctrl,-0.001832998246964005,-0.001832998246964005,-0.001832998246964005
lodo,grad,MS,DQ807031.1.1284,Ctrl,-0.0018295664390866762,-0.0018295664390866762,-0.0018295664390866762
lodo,grad,MS,FJ369668.1.1239,Ctrl,-0.0017861891769487177,-0.0017861891769487177,-0.0017861891769487177
lodo,grad,MS,GQ492286.1.1241,Ctrl,-0.0017442175763242966,-0.0017442175763242966,-0.0017442175763242966
lodo,grad,MS,DQ793359.1.1288,Ctrl,-0.0017404485701076782,-0.0017404485701076782,-0.0017404485701076782
lodo,grad,MS,EF071253.1.1234,Ctrl,-0.0017209556981871903,-0.0017209556981871903,-0.0017209556981871903
lodo,grad,MS,EU778663.1.1260,Ctrl,-0.0017076496630679216,-0.0017076496630679216,-0.0017076496630679216
lodo,grad,MS,DQ806278.1.1302,Ctrl,-0.0016960008739130479,-0.0016960008739130479,-0.0016960008739130479
lodo,grad,MS,DQ808652.1.1281,Ctrl,-0.0016756696608808996,-0.0016756696608808996,-0.0016756696608808996
lodo,grad,MS,AY850463.1.1224,Ctrl,-0.001646702775537427,-0.001646702775537427,-0.001646702775537427
lodo,grad,MS,EU767275.1.1355,Ctrl,-0.001635205606943055,-0.001635205606943055,-0.001635205606943055
lodo,grad,MS,FJ363695.1.1351,Ctrl,-0.001633583595139736,-0.001633583595139736,-0.001633583595139736
lodo,grad,MS,KF843453.1.1353,Ctrl,-0.001628699418371183,-0.001628699418371183,-0.001628699418371183
lodo,grad,MS,DQ797516.1.1343,Ctrl,-0.0016061970612833566,-0.0016061970612833566,-0.0016061970612833566
lodo,grad,MS,DQ809059.1.1206,Ctrl,-0.0015787090242726936,-0.0015787090242726936,-0.0015787090242726936
lodo,grad,MS,FJ362731.1.1336,Ctrl,-0.0015544043370576538,-0.0015544043370576538,-0.0015544043370576538
lodo,grad,MS,DQ793742.1.1312,Ctrl,-0.0015427328795924317,-0.0015427328795924317,-0.0015427328795924317
lodo,grad,MS,DQ824266.1.1288,Ctrl,-0.0015297017216637152,-0.0015297017216637152,-0.0015297017216637152
lodo,grad,MS,FJ367907.1.1336,Ctrl,-0.00152860475675888,-0.00152860475675888,-0.00152860475675888
lodo,grad,MS,EU469562.1.1265,Ctrl,-0.001491533704891127,-0.001491533704891127,-0.001491533704891127
lodo,grad,MS,FJ371471.1.1242,Ctrl,-0.0014897857111563495,-0.0014897857111563495,-0.0014897857111563495
lodo,grad,MS,EU767496.1.1347,Ctrl,-0.0014808845449357047,-0.0014808845449357047,-0.0014808845449357047
lodo,grad,MS,EU766048.1.1334,Ctrl,-0.0014578782648103693,-0.0014578782648103693,-0.0014578782648103693
lodo,grad,MS,EF434356.1.1352,MS,0.0008873180248381545,0.0008873180248381545,0.0008873180248381545
lodo,grad,MS,DQ824023.1.1395,MS,0.0008905469839330463,0.0008905469839330463,0.0008905469839330463
lodo,grad,MS,EU763456.1.1359,MS,0.000895727161447836,0.000895727161447836,0.000895727161447836
lodo,grad,MS,DQ806128.1.1290,MS,0.0009011833867741987,0.0009011833867741987,0.0009011833867741987
lodo,grad,MS,EU762218.1.1357,MS,0.0009034949220729923,0.0009034949220729923,0.0009034949220729923
lodo,grad,MS,FJ366005.1.1355,MS,0.0009259715896828987,0.0009259715896828987,0.0009259715896828987
lodo,grad,MS,FJ369194.1.1310,MS,0.0009857826680644518,0.0009857826680644518,0.0009857826680644518
lodo,grad,MS,HQ807131.1.1274,MS,0.0009925762373491267,0.0009925762373491267,0.0009925762373491267
lodo,grad,MS,DQ799899.1.1390,MS,0.0010035358980294941,0.0010035358980294941,0.0010035358980294941
lodo,grad,MS,JF161581.1.1333,MS,0.0010035879989312366,0.0010035879989312366,0.0010035879989312366
lodo,grad,MS,EF519868.1.1382,MS,0.0010326574885401545,0.0010326574885401545,0.0010326574885401545
lodo,grad,MS,AY653235.1.1324,MS,0.001033180622099007,0.001033180622099007,0.001033180622099007
lodo,grad,MS,KF101351.1.1355,MS,0.0010383667854067917,0.0010383667854067917,0.0010383667854067917
lodo,grad,MS,JX096007.1.1204,MS,0.0010468740055190847,0.0010468740055190847,0.0010468740055190847
lodo,grad,MS,DQ794349.1.1291,MS,0.0010693029186075358,0.0010693029186075358,0.0010693029186075358
lodo,grad,MS,HQ783613.1.1444,MS,0.0010802456732243117,0.0010802456732243117,0.0010802456732243117
lodo,grad,MS,EU778362.1.1345,MS,0.001085525574910953,0.001085525574910953,0.001085525574910953
lodo,grad,MS,FJ366086.1.1361,MS,0.0010982763249250827,0.0010982763249250827,0.0010982763249250827
lodo,grad,MS,FJ364934.1.1401,MS,0.0011055851392351922,0.0011055851392351922,0.0011055851392351922
lodo,grad,MS,AB490809.1.1497,MS,0.0011096828237631576,0.0011096828237631576,0.0011096828237631576
lodo,grad,MS,GQ492469.1.1357,MS,0.0011374540328596809,0.0011374540328596809,0.0011374540328596809
lodo,grad,MS,EU772576.1.1202,MS,0.001162260191232459,0.001162260191232459,0.001162260191232459
lodo,grad,MS,GQ493585.1.1250,MS,0.0011750854944454997,0.0011750854944454997,0.0011750854944454997
lodo,grad,MS,DQ804982.1.1277,MS,0.0011859406260736913,0.0011859406260736913,0.0011859406260736913
lodo,grad,MS,DQ803545.1.1390,MS,0.0011935920116044624,0.0011935920116044624,0.0011935920116044624
lodo,grad,MS,DQ805551.1.1393,MS,0.0012367315098316073,0.0012367315098316073,0.0012367315098316073
lodo,grad,MS,AB294138.1.1215,MS,0.001248608292920667,0.001248608292920667,0.001248608292920667
lodo,grad,MS,JQ189159.1.1329,MS,0.0012510033402535763,0.0012510033402535763,0.0012510033402535763
lodo,grad,MS,HQ766049.1.1250,MS,0.0012624539324166783,0.0012624539324166783,0.0012624539324166783
lodo,grad,MS,DQ793980.1.1387,MS,0.001279538298018182,0.001279538298018182,0.001279538298018182
lodo,grad,MS,HK694993.1.1204,MS,0.001301337759256831,0.001301337759256831,0.001301337759256831
lodo,grad,MS,DQ798619.1.1393,MS,0.001347649803758922,0.001347649803758922,0.001347649803758922
lodo,grad,MS,FJ368098.1.1357,MS,0.0013715150955305366,0.0013715150955305366,0.0013715150955305366
lodo,grad,MS,DQ794720.1.1293,MS,0.0013908062150563027,0.0013908062150563027,0.0013908062150563027
lodo,grad,MS,FJ507231.1.1307,MS,0.0013918168763606049,0.0013918168763606049,0.0013918168763606049
lodo,grad,MS,AM278916.1.1477,MS,0.0014020502002010163,0.0014020502002010163,0.0014020502002010163
lodo,grad,MS,FJ369721.1.1359,MS,0.0014964083223539223,0.0014964083223539223,0.0014964083223539223
lodo,grad,MS,JX048356.1.1310,MS,0.0015203502134193872,0.0015203502134193872,0.0015203502134193872
lodo,grad,MS,KF101960.1.1354,MS,0.001570732926277591,0.001570732926277591,0.001570732926277591
lodo,grad,MS,FJ365188.1.1330,MS,0.001739755700878145,0.001739755700878145,0.001739755700878145
lodo,grad,MS,FJ367462.1.1355,MS,0.001846162692425085,0.001846162692425085,0.001846162692425085
lodo,grad,MS,LC322231.1.1201,MS,0.00194289718535545,0.00194289718535545,0.00194289718535545
lodo,grad,MS,HQ802530.1.1345,MS,0.0021478698283753255,0.0021478698283753255,0.0021478698283753255
lodo,grad,MS,GQ491160.1.1334,MS,0.002223044245042974,0.002223044245042974,0.002223044245042974
lodo,grad,MS,KF842603.1.1378,MS,0.0022855579320395472,0.0022855579320395472,0.0022855579320395472
lodo,grad,MS,JQ455437.1.1278,MS,0.0025626229586826056,0.0025626229586826056,0.0025626229586826056
lodo,grad,MS,EU705715.1.1218,MS,0.0027235810758989274,0.0027235810758989274,0.0027235810758989274
lodo,grad,MS,FJ372102.1.1322,MS,0.003140865539124917,0.003140865539124917,0.003140865539124917
lodo,grad,MS,HQ792054.1.1446,MS,0.004659339093169174,0.004659339093169174,0.004659339093169174
lodo,grad,MS,JQ522962.1.1258,MS,0.005287478909779352,0.005287478909779352,0.005287478909779352
lodo,grad,OB,EU475866.1.1292,Ctrl,-0.008236756794847682,-0.008236756794847682,-0.008236756794847682
lodo,grad,OB,DQ824266.1.1288,Ctrl,-0.006503187950467586,-0.006503187950467586,-0.006503187950467586
lodo,grad,OB,KF842080.1.1260,Ctrl,-0.006143059866933609,-0.006143059866933609,-0.006143059866933609
lodo,grad,OB,DQ808652.1.1281,Ctrl,-0.005380186656052308,-0.005380186656052308,-0.005380186656052308
lodo,grad,OB,DQ807031.1.1284,Ctrl,-0.005146490859991991,-0.005146490859991991,-0.005146490859991991
lodo,grad,OB,FJ369668.1.1239,Ctrl,-0.004994722991270762,-0.004994722991270762,-0.004994722991270762
lodo,grad,OB,DQ796280.1.1284,Ctrl,-0.004703543302519137,-0.004703543302519137,-0.004703543302519137
lodo,grad,OB,HK693740.1.1297,Ctrl,-0.0045593851940443015,-0.0045593851940443015,-0.0045593851940443015
lodo,grad,OB,FJ371750.1.1233,Ctrl,-0.0038784609718600176,-0.0038784609718600176,-0.0038784609718600176
lodo,grad,OB,FJ362935.1.1246,Ctrl,-0.0038629146360650603,-0.0038629146360650603,-0.0038629146360650603
lodo,grad,OB,DQ809255.1.1206,Ctrl,-0.0037526725662610097,-0.0037526725662610097,-0.0037526725662610097
lodo,grad,OB,FJ509926.1.1367,Ctrl,-0.0034555864813656865,-0.0034555864813656865,-0.0034555864813656865
lodo,grad,OB,FJ364418.1.1204,Ctrl,-0.003433256372125431,-0.003433256372125431,-0.003433256372125431
lodo,grad,OB,FJ032489.1.1260,Ctrl,-0.0033259522185308597,-0.0033259522185308597,-0.0033259522185308597
lodo,grad,OB,KF843598.1.1346,Ctrl,-0.003318247382064521,-0.003318247382064521,-0.003318247382064521
lodo,grad,OB,AF153858.1.1349,Ctrl,-0.003242939516148111,-0.003242939516148111,-0.003242939516148111
lodo,grad,OB,FJ362701.1.1206,Ctrl,-0.0031565865896840124,-0.0031565865896840124,-0.0031565865896840124
lodo,grad,OB,EU762257.1.1356,Ctrl,-0.0031089730593482877,-0.0031089730593482877,-0.0031089730593482877
lodo,grad,OB,FJ371179.1.1259,Ctrl,-0.0030131685595839747,-0.0030131685595839747,-0.0030131685595839747
lodo,grad,OB,DQ809022.1.1286,Ctrl,-0.0030090214874635168,-0.0030090214874635168,-0.0030090214874635168
lodo,grad,OB,DQ808930.1.1287,Ctrl,-0.0029725712076171303,-0.0029725712076171303,-0.0029725712076171303
lodo,grad,OB,DQ809069.1.1219,Ctrl,-0.002800431099439887,-0.002800431099439887,-0.002800431099439887
lodo,grad,OB,DQ803441.1.1240,Ctrl,-0.0027348124255663652,-0.0027348124255663652,-0.0027348124255663652
lodo,grad,OB,EU467430.1.1257,Ctrl,-0.002720633208235464,-0.002720633208235464,-0.002720633208235464
lodo,grad,OB,EU774350.1.1258,Ctrl,-0.0026167511964226117,-0.0026167511964226117,-0.0026167511964226117
lodo,grad,OB,ACBX02000025.1.1217,Ctrl,-0.002571527334261936,-0.002571527334261936,-0.002571527334261936
lodo,grad,OB,EU767275.1.1355,Ctrl,-0.0025099253216532766,-0.0025099253216532766,-0.0025099253216532766
lodo,grad,OB,DQ803925.1.1280,Ctrl,-0.0024830438129078546,-0.0024830438129078546,-0.0024830438129078546
lodo,grad,OB,DQ806278.1.1302,Ctrl,-0.0024532163735167018,-0.0024532163735167018,-0.0024532163735167018
lodo,grad,OB,FJ367633.1.1229,Ctrl,-0.0023859032861545783,-0.0023859032861545783,-0.0023859032861545783
lodo,grad,OB,FJ366493.1.1298,Ctrl,-0.0023825168282952,-0.0023825168282952,-0.0023825168282952
lodo,grad,OB,HK240553.1.1243,Ctrl,-0.0023792162186869873,-0.0023792162186869873,-0.0023792162186869873
lodo,grad,OB,EU768383.1.1358,Ctrl,-0.0023182927237665294,-0.0023182927237665294,-0.0023182927237665294
lodo,grad,OB,EU776550.1.1288,Ctrl,-0.0022950382378603756,-0.0022950382378603756,-0.0022950382378603756
lodo,grad,OB,FJ371471.1.1242,Ctrl,-0.002168728050318243,-0.002168728050318243,-0.002168728050318243
lodo,grad,OB,KF843640.1.1372,Ctrl,-0.0021376036194788233,-0.0021376036194788233,-0.0021376036194788233
lodo,grad,OB,EU771897.1.1262,Ctrl,-0.0021339780946739895,-0.0021339780946739895,-0.0021339780946739895
lodo,grad,OB,EU765003.1.1353,Ctrl,-0.0021262761251543832,-0.0021262761251543832,-0.0021262761251543832
lodo,grad,OB,KH494596.1.1320,Ctrl,-0.0021190171373542473,-0.0021190171373542473,-0.0021190171373542473
lodo,grad,OB,DQ823754.1.1237,Ctrl,-0.002117535361023878,-0.002117535361023878,-0.002117535361023878
lodo,grad,OB,KF100217.1.1350,Ctrl,-0.0020189431128570644,-0.0020189431128570644,-0.0020189431128570644
lodo,grad,OB,DQ795865.1.1286,Ctrl,-0.002013132027587627,-0.002013132027587627,-0.002013132027587627
lodo,grad,OB,FJ362793.1.1323,Ctrl,-0.0020034065092947814,-0.0020034065092947814,-0.0020034065092947814
lodo,grad,OB,KR514582.1.1245,Ctrl,-0.001991968662221517,-0.001991968662221517,-0.001991968662221517
lodo,grad,OB,FJ366505.1.1299,Ctrl,-0.001904481845204149,-0.001904481845204149,-0.001904481845204149
lodo,grad,OB,DQ809428.1.1286,Ctrl,-0.0018656201437690903,-0.0018656201437690903,-0.0018656201437690903
lodo,grad,OB,JQ190854.1.1350,Ctrl,-0.0018561915767071266,-0.0018561915767071266,-0.0018561915767071266
lodo,grad,OB,GQ133046.1.1200,Ctrl,-0.0018514212009503694,-0.0018514212009503694,-0.0018514212009503694
lodo,grad,OB,EU764936.1.1278,Ctrl,-0.001834208510597424,-0.001834208510597424,-0.001834208510597424
lodo,grad,OB,FJ364454.1.1206,Ctrl,-0.00180764312133802,-0.00180764312133802,-0.00180764312133802
lodo,grad,OB,GU413690.1.1212,OB,0.0009181970455559946,0.0009181970455559946,0.0009181970455559946
lodo,grad,OB,KX212257.1.1200,OB,0.0009280231146352151,0.0009280231146352151,0.0009280231146352151
lodo,grad,OB,HQ813592.1.1431,OB,0.0009463966136920236,0.0009463966136920236,0.0009463966136920236
lodo,grad,OB,GQ492274.1.1222,OB,0.0009739031251524238,0.0009739031251524238,0.0009739031251524238
lodo,grad,OB,GQ358380.1.1239,OB,0.0010009628564169538,0.0010009628564169538,0.0010009628564169538
lodo,grad,OB,AY974070.1.1396,OB,0.0010085292661540974,0.0010085292661540974,0.0010085292661540974
lodo,grad,OB,EU530381.1.1295,OB,0.0010103575275820919,0.0010103575275820919,0.0010103575275820919
lodo,grad,OB,DQ808288.1.1299,OB,0.0010205853198767723,0.0010205853198767723,0.0010205853198767723
lodo,grad,OB,EU467714.1.1256,OB,0.0010250056530741473,0.0010250056530741473,0.0010250056530741473
lodo,grad,OB,EU761920.1.1356,OB,0.001025909727222818,0.001025909727222818,0.001025909727222818
lodo,grad,OB,KY658480.1.1210,OB,0.0010480414799213412,0.0010480414799213412,0.0010480414799213412
lodo,grad,OB,EU778863.1.1253,OB,0.001062304724710599,0.001062304724710599,0.001062304724710599
lodo,grad,OB,FJ802340.1.1203,OB,0.0010855130909851961,0.0010855130909851961,0.0010855130909851961
lodo,grad,OB,JQ183604.1.1344,OB,0.0010991491796001035,0.0010991491796001035,0.0010991491796001035
lodo,grad,OB,DQ804982.1.1277,OB,0.0011028263109581094,0.0011028263109581094,0.0011028263109581094
lodo,grad,OB,MG245801.1.1200,OB,0.0011193955947342892,0.0011193955947342892,0.0011193955947342892
lodo,grad,OB,JQ467142.1.1299,OB,0.0011386077910531963,0.0011386077910531963,0.0011386077910531963
lodo,grad,OB,KJ412985.1.1234,OB,0.0011581271518379711,0.0011581271518379711,0.0011581271518379711
lodo,grad,OB,JQ245019.1.961,OB,0.0011854170420935231,0.0011854170420935231,0.0011854170420935231
lodo,grad,OB,FJ369308.1.1240,OB,0.0012635783150320161,0.0012635783150320161,0.0012635783150320161
lodo,grad,OB,KF945090.1.1201,OB,0.0013451234363028861,0.0013451234363028861,0.0013451234363028861
lodo,grad,OB,HQ802530.1.1345,OB,0.001365770519300937,0.001365770519300937,0.001365770519300937
lodo,grad,OB,JQ189159.1.1329,OB,0.001368507108933969,0.001368507108933969,0.001368507108933969
lodo,grad,OB,FJ371815.1.1309,OB,0.001379738962016801,0.001379738962016801,0.001379738962016801
lodo,grad,OB,JQ467788.1.1220,OB,0.001382364932862845,0.001382364932862845,0.001382364932862845
lodo,grad,OB,FJ371776.1.1255,OB,0.001401054302710327,0.001401054302710327,0.001401054302710327
lodo,grad,OB,DQ804326.1.1231,OB,0.0014201728347704363,0.0014201728347704363,0.0014201728347704363
lodo,grad,OB,EU763235.1.1354,OB,0.0014783695482943672,0.0014783695482943672,0.0014783695482943672
lodo,grad,OB,GQ448318.1.1256,OB,0.001512777237707654,0.001512777237707654,0.001512777237707654
lodo,grad,OB,DQ823787.1.1236,OB,0.0015358206668433082,0.0015358206668433082,0.0015358206668433082
lodo,grad,OB,FJ365559.1.1250,OB,0.0015742868682517923,0.0015742868682517923,0.0015742868682517923
lodo,grad,OB,DQ808123.1.1242,OB,0.00160376206601251,0.00160376206601251,0.00160376206601251
lodo,grad,OB,AF338413.1.1408,OB,0.0016041290388094122,0.0016041290388094122,0.0016041290388094122
lodo,grad,OB,JN797483.1.1220,OB,0.0016364477054322383,0.0016364477054322383,0.0016364477054322383
lodo,grad,OB,GQ491160.1.1334,OB,0.0016725495238077085,0.0016725495238077085,0.0016725495238077085
lodo,grad,OB,FJ371873.1.1224,OB,0.0017072380922826954,0.0017072380922826954,0.0017072380922826954
lodo,grad,OB,LC322231.1.1201,OB,0.0017110236945703165,0.0017110236945703165,0.0017110236945703165
lodo,grad,OB,DQ806128.1.1290,OB,0.0017739131847772612,0.0017739131847772612,0.0017739131847772612
lodo,grad,OB,DQ799541.1.1239,OB,0.0018201093320045676,0.0018201093320045676,0.0018201093320045676
lodo,grad,OB,LC342993.1.1200,OB,0.001934955776581772,0.001934955776581772,0.001934955776581772
lodo,grad,OB,DQ796195.1.1288,OB,0.0020941267120682013,0.0020941267120682013,0.0020941267120682013
lodo,grad,OB,LC099978.1.1200,OB,0.0021203742501592644,0.0021203742501592644,0.0021203742501592644
lodo,grad,OB,JQ595922.1.973,OB,0.002281636861949403,0.002281636861949403,0.002281636861949403
lodo,grad,OB,EU469870.1.1209,OB,0.0024885932758645104,0.0024885932758645104,0.0024885932758645104
lodo,grad,OB,GQ493213.1.1204,OB,0.002947240350902921,0.002947240350902921,0.002947240350902921
lodo,grad,OB,GQ014215.1.1357,OB,0.002998137794019508,0.002998137794019508,0.002998137794019508
lodo,grad,OB,GQ493585.1.1250,OB,0.003481446114887768,0.003481446114887768,0.003481446114887768
lodo,grad,OB,KX792217.1.1200,OB,0.004689487854642949,0.004689487854642949,0.004689487854642949
lodo,grad,OB,DQ823971.1.1252,OB,0.004921841387450328,0.004921841387450328,0.004921841387450328
lodo,grad,OB,HQ807131.1.1274,OB,0.005950333215681659,0.005950333215681659,0.005950333215681659
lodo,grad,PD,DQ824197.1.1281,Ctrl,-0.003357284250593321,-0.003357284250593321,-0.003357284250593321
lodo,grad,PD,DQ808753.1.1287,Ctrl,-0.002945657898345452,-0.002945657898345452,-0.002945657898345452
lodo,grad,PD,GQ133046.1.1200,Ctrl,-0.0027940736781211038,-0.0027940736781211038,-0.0027940736781211038
lodo,grad,PD,DQ793742.1.1312,Ctrl,-0.0026672252602943786,-0.0026672252602943786,-0.0026672252602943786
lodo,grad,PD,FJ362935.1.1246,Ctrl,-0.002500470558470179,-0.002500470558470179,-0.002500470558470179
lodo,grad,PD,EU766580.1.1327,Ctrl,-0.0021564606804804483,-0.0021564606804804483,-0.0021564606804804483
lodo,grad,PD,DQ806395.1.1243,Ctrl,-0.0021169495811680255,-0.0021169495811680255,-0.0021169495811680255
lodo,grad,PD,DQ809255.1.1206,Ctrl,-0.0020896605589464023,-0.0020896605589464023,-0.0020896605589464023
lodo,grad,PD,FJ371471.1.1242,Ctrl,-0.0018705137059273347,-0.0018705137059273347,-0.0018705137059273347
lodo,grad,PD,DQ807031.1.1284,Ctrl,-0.0016962599962140497,-0.0016962599962140497,-0.0016962599962140497
lodo,grad,PD,DQ808652.1.1281,Ctrl,-0.001591358649558461,-0.001591358649558461,-0.001591358649558461
lodo,grad,PD,DQ803925.1.1280,Ctrl,-0.001567904109384191,-0.001567904109384191,-0.001567904109384191
lodo,grad,PD,FJ371179.1.1259,Ctrl,-0.0015430314578791652,-0.0015430314578791652,-0.0015430314578791652
lodo,grad,PD,EU467430.1.1257,Ctrl,-0.0015263524539513823,-0.0015263524539513823,-0.0015263524539513823
lodo,grad,PD,DQ823754.1.1237,Ctrl,-0.0015005962092084447,-0.0015005962092084447,-0.0015005962092084447
lodo,grad,PD,EF071253.1.1234,Ctrl,-0.0014858090446762367,-0.0014858090446762367,-0.0014858090446762367
lodo,grad,PD,GQ492286.1.1241,Ctrl,-0.0014822174966352517,-0.0014822174966352517,-0.0014822174966352517
lodo,grad,PD,DQ794978.1.1285,Ctrl,-0.001457783810603782,-0.001457783810603782,-0.001457783810603782
lodo,grad,PD,FJ364454.1.1206,Ctrl,-0.0014311534319514433,-0.0014311534319514433,-0.0014311534319514433
lodo,grad,PD,DQ801196.1.1315,Ctrl,-0.0013499636822998033,-0.0013499636822998033,-0.0013499636822998033
lodo,grad,PD,DQ795255.1.1218,Ctrl,-0.0013380610282086802,-0.0013380610282086802,-0.0013380610282086802
lodo,grad,PD,FJ371314.1.1260,Ctrl,-0.0013379988825283743,-0.0013379988825283743,-0.0013379988825283743
lodo,grad,PD,DQ799352.1.1291,Ctrl,-0.0013282451244552482,-0.0013282451244552482,-0.0013282451244552482
lodo,grad,PD,FJ363028.1.1361,Ctrl,-0.0013227354267836208,-0.0013227354267836208,-0.0013227354267836208
lodo,grad,PD,DQ803441.1.1240,Ctrl,-0.0012106280389770686,-0.0012106280389770686,-0.0012106280389770686
lodo,grad,PD,DQ802678.1.1231,Ctrl,-0.0011885035009772105,-0.0011885035009772105,-0.0011885035009772105
lodo,grad,PD,FJ032391.1.1254,Ctrl,-0.0011654463472277302,-0.0011654463472277302,-0.0011654463472277302
lodo,grad,PD,JX095969.1.1221,Ctrl,-0.001157957621971163,-0.001157957621971163,-0.001157957621971163
lodo,grad,PD,JX048342.1.1227,Ctrl,-0.00114998263076628,-0.00114998263076628,-0.00114998263076628
lodo,grad,PD,EU767496.1.1347,Ctrl,-0.0011490789405811585,-0.0011490789405811585,-0.0011490789405811585
lodo,grad,PD,FJ366651.1.1248,Ctrl,-0.0011419900048646448,-0.0011419900048646448,-0.0011419900048646448
lodo,grad,PD,FJ363568.1.1214,Ctrl,-0.0011293061538442711,-0.0011293061538442711,-0.0011293061538442711
lodo,grad,PD,AF132280.1.1277,Ctrl,-0.0011219562688592596,-0.0011219562688592596,-0.0011219562688592596
lodo,grad,PD,AY850461.1.1228,Ctrl,-0.0011002149953558838,-0.0011002149953558838,-0.0011002149953558838
lodo,grad,PD,FJ365305.1.1340,Ctrl,-0.0010848917143245129,-0.0010848917143245129,-0.0010848917143245129
lodo,grad,PD,DQ808965.1.1273,Ctrl,-0.0010768764127888663,-0.0010768764127888663,-0.0010768764127888663
lodo,grad,PD,EU467265.1.1260,Ctrl,-0.0010743555466893552,-0.0010743555466893552,-0.0010743555466893552
lodo,grad,PD,DQ809059.1.1206,Ctrl,-0.001059222704225692,-0.001059222704225692,-0.001059222704225692
lodo,grad,PD,AY850535.1.1224,Ctrl,-0.0010574326963167227,-0.0010574326963167227,-0.0010574326963167227
lodo,grad,PD,EU767275.1.1355,Ctrl,-0.0010552824074400028,-0.0010552824074400028,-0.0010552824074400028
lodo,grad,PD,EU779078.1.1293,Ctrl,-0.0010489969836886008,-0.0010489969836886008,-0.0010489969836886008
lodo,grad,PD,FJ366269.1.1352,Ctrl,-0.001035186993192393,-0.001035186993192393,-0.001035186993192393
lodo,grad,PD,FJ372027.1.1333,Ctrl,-0.001033961279442928,-0.001033961279442928,-0.001033961279442928
lodo,grad,PD,AY850463.1.1224,Ctrl,-0.0010251520847694175,-0.0010251520847694175,-0.0010251520847694175
lodo,grad,PD,DQ799149.1.1287,Ctrl,-0.0010028145939510742,-0.0010028145939510742,-0.0010028145939510742
lodo,grad,PD,EU776154.1.1278,Ctrl,-0.0009825026949412089,-0.0009825026949412089,-0.0009825026949412089
lodo,grad,PD,FJ362793.1.1323,Ctrl,-0.0009672874761088961,-0.0009672874761088961,-0.0009672874761088961
lodo,grad,PD,FJ367045.1.1321,Ctrl,-0.00096521262575602,-0.00096521262575602,-0.00096521262575602
lodo,grad,PD,EU776952.1.1270,Ctrl,-0.0009094974786678204,-0.0009094974786678204,-0.0009094974786678204
lodo,grad,PD,DQ808930.1.1287,Ctrl,-0.000894135644937318,-0.000894135644937318,-0.000894135644937318
lodo,grad,PD,DQ806077.1.1402,PD,0.0006743934355903762,0.0006743934355903762,0.0006743934355903762
lodo,grad,PD,JF709903.1.1366,PD,0.000676764031532046,0.000676764031532046,0.000676764031532046
lodo,grad,PD,EU775530.1.1384,PD,0.0007184952064643774,0.0007184952064643774,0.0007184952064643774
lodo,grad,PD,GQ493585.1.1250,PD,0.0007196891437335431,0.0007196891437335431,0.0007196891437335431
lodo,grad,PD,DQ326186.1.1355,PD,0.0007286487843935058,0.0007286487843935058,0.0007286487843935058
lodo,grad,PD,DQ799308.1.1322,PD,0.0007354940021595786,0.0007354940021595786,0.0007354940021595786
lodo,grad,PD,DQ795825.1.1305,PD,0.0007357203272972574,0.0007357203272972574,0.0007357203272972574
lodo,grad,PD,JQ185572.1.1359,PD,0.0007376365479320127,0.0007376365479320127,0.0007376365479320127
lodo,grad,PD,GU432146.1.1216,PD,0.0007526487511198884,0.0007526487511198884,0.0007526487511198884
lodo,grad,PD,FJ503081.1.1238,PD,0.0007645924678870223,0.0007645924678870223,0.0007645924678870223
lodo,grad,PD,DQ807685.1.1249,PD,0.0007804010243496798,0.0007804010243496798,0.0007804010243496798
lodo,grad,PD,DQ802048.1.1247,PD,0.0007810412972249999,0.0007810412972249999,0.0007810412972249999
lodo,grad,PD,DQ794280.1.1399,PD,0.0007872253369321155,0.0007872253369321155,0.0007872253369321155
lodo,grad,PD,EU762242.1.1349,PD,0.0008022987251004852,0.0008022987251004852,0.0008022987251004852
lodo,grad,PD,DQ806128.1.1290,PD,0.0008070037048652807,0.0008070037048652807,0.0008070037048652807
lodo,grad,PD,EU775688.1.1371,PD,0.0008119329299945564,0.0008119329299945564,0.0008119329299945564
lodo,grad,PD,EU465479.1.1286,PD,0.0008324016127418164,0.0008324016127418164,0.0008324016127418164
lodo,grad,PD,EU774906.1.1317,PD,0.0008326764436908211,0.0008326764436908211,0.0008326764436908211
lodo,grad,PD,DQ823971.1.1252,PD,0.0008771420036282577,0.0008771420036282577,0.0008771420036282577
lodo,grad,PD,LC099978.1.1200,PD,0.0009181768323450389,0.0009181768323450389,0.0009181768323450389
lodo,grad,PD,DQ800323.1.1368,PD,0.0009328599600420129,0.0009328599600420129,0.0009328599600420129
lodo,grad,PD,EU777245.1.1203,PD,0.0009404551922318686,0.0009404551922318686,0.0009404551922318686
lodo,grad,PD,AY653235.1.1324,PD,0.000950320734547902,0.000950320734547902,0.000950320734547902
lodo,grad,PD,GQ491160.1.1334,PD,0.0009600677142684503,0.0009600677142684503,0.0009600677142684503
lodo,grad,PD,AY033815.1.1294,PD,0.0009627885670932734,0.0009627885670932734,0.0009627885670932734
lodo,grad,PD,FJ370166.1.1335,PD,0.0009652820502602885,0.0009652820502602885,0.0009652820502602885
lodo,grad,PD,DQ325765.1.1359,PD,0.00104325873246777,0.00104325873246777,0.00104325873246777
lodo,grad,PD,EU464121.1.1285,PD,0.0010552631242063764,0.0010552631242063764,0.0010552631242063764
lodo,grad,PD,FR681902.1.1718,PD,0.0010613945440478216,0.0010613945440478216,0.0010613945440478216
lodo,grad,PD,JN004064.1.1431,PD,0.00106432173324351,0.00106432173324351,0.00106432173324351
lodo,grad,PD,AY579584.1.1405,PD,0.0010683029506278223,0.0010683029506278223,0.0010683029506278223
lodo,grad,PD,AY850474.1.1227,PD,0.0010719542582205263,0.0010719542582205263,0.0010719542582205263
lodo,grad,PD,GQ014215.1.1357,PD,0.0010973711557148319,0.0010973711557148319,0.0010973711557148319
lodo,grad,PD,HQ802530.1.1345,PD,0.0011068691537460935,0.0011068691537460935,0.0011068691537460935
lodo,grad,PD,EU772576.1.1202,PD,0.0011154833973014695,0.0011154833973014695,0.0011154833973014695
lodo,grad,PD,KJ160210.1.1379,PD,0.0011178380239054572,0.0011178380239054572,0.0011178380239054572
lodo,grad,PD,EU530381.1.1295,PD,0.0011354072387410184,0.0011354072387410184,0.0011354072387410184
lodo,grad,PD,MG245801.1.1200,PD,0.0011990299179078553,0.0011990299179078553,0.0011990299179078553
lodo,grad,PD,JQ467788.1.1220,PD,0.0012421643583955379,0.0012421643583955379,0.0012421643583955379
lodo,grad,PD,JX096007.1.1204,PD,0.0013763625767648756,0.0013763625767648756,0.0013763625767648756
lodo,grad,PD,KX881777.1.1230,PD,0.001541312435740924,0.001541312435740924,0.001541312435740924
lodo,grad,PD,MH813973.1.1314,PD,0.0015930128775730706,0.0015930128775730706,0.0015930128775730706
lodo,grad,PD,JF146078.1.1354,PD,0.001799911222506099,0.001799911222506099,0.001799911222506099
lodo,grad,PD,MH197051.1.1200,PD,0.0018146878146124972,0.0018146878146124972,0.0018146878146124972
lodo,grad,PD,KX792217.1.1200,PD,0.002209155215468382,0.002209155215468382,0.002209155215468382
lodo,grad,PD,EU156766.1.1269,PD,0.002273308615376354,0.002273308615376354,0.002273308615376354
lodo,grad,PD,EU778164.1.1338,PD,0.002676107613620299,0.002676107613620299,0.002676107613620299
lodo,grad,PD,JF161921.1.1354,PD,0.0036729797227149003,0.0036729797227149003,0.0036729797227149003
lodo,grad,PD,FJ484858.1.1244,PD,0.0038544585331333875,0.0038544585331333875,0.0038544585331333875
lodo,grad,PD,MK071312.1.1218,PD,0.005420841717688691,0.005420841717688691,0.005420841717688691
lodo,grad,SZ,DQ809255.1.1206,Ctrl,-0.006150409609370217,-0.006150409609370217,-0.006150409609370217
lodo,grad,SZ,DQ797836.1.1210,Ctrl,-0.0054066279235984,-0.0054066279235984,-0.0054066279235984
lodo,grad,SZ,DQ808652.1.1281,Ctrl,-0.00432050488178846,-0.00432050488178846,-0.00432050488178846
lodo,grad,SZ,DQ802353.1.1286,Ctrl,-0.003601265348693085,-0.003601265348693085,-0.003601265348693085
lodo,grad,SZ,FJ364454.1.1206,Ctrl,-0.0034306510877941706,-0.0034306510877941706,-0.0034306510877941706
lodo,grad,SZ,FJ365668.1.1209,Ctrl,-0.0029495110074701757,-0.0029495110074701757,-0.0029495110074701757
lodo,grad,SZ,DQ807031.1.1284,Ctrl,-0.0028920844441324167,-0.0028920844441324167,-0.0028920844441324167
lodo,grad,SZ,DQ441339.1.1318,Ctrl,-0.0027636130370681006,-0.0027636130370681006,-0.0027636130370681006
lodo,grad,SZ,DQ809059.1.1206,Ctrl,-0.002579014117468868,-0.002579014117468868,-0.002579014117468868
lodo,grad,SZ,FJ032391.1.1254,Ctrl,-0.0024518180181249834,-0.0024518180181249834,-0.0024518180181249834
lodo,grad,SZ,DQ799352.1.1291,Ctrl,-0.0023399061743621303,-0.0023399061743621303,-0.0023399061743621303
lodo,grad,SZ,FJ369123.1.1313,Ctrl,-0.0019329868300165009,-0.0019329868300165009,-0.0019329868300165009
lodo,grad,SZ,EF071253.1.1234,Ctrl,-0.001838126049908045,-0.001838126049908045,-0.001838126049908045
lodo,grad,SZ,DQ793742.1.1312,Ctrl,-0.0018345678492325819,-0.0018345678492325819,-0.0018345678492325819
lodo,grad,SZ,DQ798603.1.1202,Ctrl,-0.0018130600396998764,-0.0018130600396998764,-0.0018130600396998764
lodo,grad,SZ,GQ492286.1.1241,Ctrl,-0.0017874086201601113,-0.0017874086201601113,-0.0017874086201601113
lodo,grad,SZ,DQ794799.1.1281,Ctrl,-0.001761862586033857,-0.001761862586033857,-0.001761862586033857
lodo,grad,SZ,EU467430.1.1257,Ctrl,-0.0017321951430358847,-0.0017321951430358847,-0.0017321951430358847
lodo,grad,SZ,FJ365251.1.1334,Ctrl,-0.0017176011802241605,-0.0017176011802241605,-0.0017176011802241605
lodo,grad,SZ,DQ795865.1.1286,Ctrl,-0.001635984863641983,-0.001635984863641983,-0.001635984863641983
lodo,grad,SZ,EU771897.1.1262,Ctrl,-0.0015927150814207445,-0.0015927150814207445,-0.0015927150814207445
lodo,grad,SZ,AY850535.1.1224,Ctrl,-0.0015282079517094618,-0.0015282079517094618,-0.0015282079517094618
lodo,grad,SZ,DQ808930.1.1287,Ctrl,-0.0014648008552143918,-0.0014648008552143918,-0.0014648008552143918
lodo,grad,SZ,EU765909.1.1351,Ctrl,-0.0014642276834705822,-0.0014642276834705822,-0.0014642276834705822
lodo,grad,SZ,AY850463.1.1224,Ctrl,-0.0014511360852397228,-0.0014511360852397228,-0.0014511360852397228
lodo,grad,SZ,EU768746.1.1338,Ctrl,-0.0014500224889747745,-0.0014500224889747745,-0.0014500224889747745
lodo,grad,SZ,AY850500.1.1243,Ctrl,-0.0014227084491838478,-0.0014227084491838478,-0.0014227084491838478
lodo,grad,SZ,EU776154.1.1278,Ctrl,-0.0013626736529815707,-0.0013626736529815707,-0.0013626736529815707
lodo,grad,SZ,DQ803441.1.1240,Ctrl,-0.0013563935147187685,-0.0013563935147187685,-0.0013563935147187685
lodo,grad,SZ,EU767275.1.1355,Ctrl,-0.001356047565389495,-0.001356047565389495,-0.001356047565389495
lodo,grad,SZ,KF842080.1.1260,Ctrl,-0.001314137904317931,-0.001314137904317931,-0.001314137904317931
lodo,grad,SZ,JX095969.1.1221,Ctrl,-0.0012927962655459781,-0.0012927962655459781,-0.0012927962655459781
lodo,grad,SZ,FJ362935.1.1246,Ctrl,-0.0012790527468242252,-0.0012790527468242252,-0.0012790527468242252
lodo,grad,SZ,FJ371191.1.1358,Ctrl,-0.0012766542206800895,-0.0012766542206800895,-0.0012766542206800895
lodo,grad,SZ,AY850461.1.1228,Ctrl,-0.0012204666813285402,-0.0012204666813285402,-0.0012204666813285402
lodo,grad,SZ,FJ371314.1.1260,Ctrl,-0.0012114963584042655,-0.0012114963584042655,-0.0012114963584042655
lodo,grad,SZ,DQ800211.1.1202,Ctrl,-0.0012021928103169376,-0.0012021928103169376,-0.0012021928103169376
lodo,grad,SZ,JQ455365.1.1268,Ctrl,-0.001166806270124252,-0.001166806270124252,-0.001166806270124252
lodo,grad,SZ,GQ133046.1.1200,Ctrl,-0.0011500558188686344,-0.0011500558188686344,-0.0011500558188686344
lodo,grad,SZ,DQ824197.1.1281,Ctrl,-0.0011254326009728182,-0.0011254326009728182,-0.0011254326009728182
lodo,grad,SZ,DQ806278.1.1302,Ctrl,-0.0011251460991928838,-0.0011251460991928838,-0.0011251460991928838
lodo,grad,SZ,EU765003.1.1353,Ctrl,-0.0011064109260187135,-0.0011064109260187135,-0.0011064109260187135
lodo,grad,SZ,DQ809950.1.1293,Ctrl,-0.0010936153414303341,-0.0010936153414303341,-0.0010936153414303341
lodo,grad,SZ,DQ794978.1.1285,Ctrl,-0.001092530245122816,-0.001092530245122816,-0.001092530245122816
lodo,grad,SZ,EU763059.1.1332,Ctrl,-0.0010758614069127624,-0.0010758614069127624,-0.0010758614069127624
lodo,grad,SZ,JQ190854.1.1350,Ctrl,-0.001045073588634327,-0.001045073588634327,-0.001045073588634327
lodo,grad,SZ,FJ371179.1.1259,Ctrl,-0.0010218650098605176,-0.0010218650098605176,-0.0010218650098605176
lodo,grad,SZ,DQ799149.1.1287,Ctrl,-0.0010209598337669356,-0.0010209598337669356,-0.0010209598337669356
lodo,grad,SZ,EU767504.1.1353,Ctrl,-0.0009855237587166148,-0.0009855237587166148,-0.0009855237587166148
lodo,grad,SZ,HK555573.1.1345,Ctrl,-0.0009812059676488182,-0.0009812059676488182,-0.0009812059676488182
lodo,grad,SZ,CAGY01000009.11.1531,SZ,0.0007586601541485102,0.0007586601541485102,0.0007586601541485102
lodo,grad,SZ,KY003111.1.1207,SZ,0.0007589758863080667,0.0007589758863080667,0.0007589758863080667
lodo,grad,SZ,MF002599.1.1493,SZ,0.0007602156076573234,0.0007602156076573234,0.0007602156076573234
lodo,grad,SZ,GQ448970.1.1284,SZ,0.0007621158875604081,0.0007621158875604081,0.0007621158875604081
lodo,grad,SZ,FJ366193.1.1359,SZ,0.0007660713801377878,0.0007660713801377878,0.0007660713801377878
lodo,grad,SZ,FJ372102.1.1322,SZ,0.0007685355431785241,0.0007685355431785241,0.0007685355431785241
lodo,grad,SZ,KF102016.1.1361,SZ,0.0007851983011568101,0.0007851983011568101,0.0007851983011568101
lodo,grad,SZ,KX881777.1.1230,SZ,0.0008360193665995206,0.0008360193665995206,0.0008360193665995206
lodo,grad,SZ,JQ184013.1.1370,SZ,0.0008386405380811117,0.0008386405380811117,0.0008386405380811117
lodo,grad,SZ,DQ804982.1.1277,SZ,0.0008554270055358513,0.0008554270055358513,0.0008554270055358513
lodo,grad,SZ,JQ467804.1.1375,SZ,0.000873738973119376,0.000873738973119376,0.000873738973119376
lodo,grad,SZ,HQ807131.1.1274,SZ,0.0008855825143263305,0.0008855825143263305,0.0008855825143263305
lodo,grad,SZ,GQ491160.1.1334,SZ,0.0009101391167383153,0.0009101391167383153,0.0009101391167383153
lodo,grad,SZ,JF057160.1.1343,SZ,0.0009113198875053767,0.0009113198875053767,0.0009113198875053767
lodo,grad,SZ,HQ766049.1.1250,SZ,0.0009190645872346718,0.0009190645872346718,0.0009190645872346718
lodo,grad,SZ,CP012069.2692071.2693595,SZ,0.0009280969423496211,0.0009280969423496211,0.0009280969423496211
lodo,grad,SZ,LT576385.1.1466,SZ,0.0009761006054366096,0.0009761006054366096,0.0009761006054366096
lodo,grad,SZ,EU768410.1.1336,SZ,0.001008387115376239,0.001008387115376239,0.001008387115376239
lodo,grad,SZ,GQ493585.1.1250,SZ,0.0010398533577589313,0.0010398533577589313,0.0010398533577589313
lodo,grad,SZ,KF722190.1.1261,SZ,0.0010584521386339505,0.0010584521386339505,0.0010584521386339505
lodo,grad,SZ,JQ072277.1.1442,SZ,0.0011033221556321102,0.0011033221556321102,0.0011033221556321102
lodo,grad,SZ,DQ808288.1.1299,SZ,0.0011166195085861137,0.0011166195085861137,0.0011166195085861137
lodo,grad,SZ,FJ370166.1.1335,SZ,0.0011273821946273742,0.0011273821946273742,0.0011273821946273742
lodo,grad,SZ,MK131295.1.1339,SZ,0.0011410978705315951,0.0011410978705315951,0.0011410978705315951
lodo,grad,SZ,MH685147.1.1453,SZ,0.0011834120390118346,0.0011834120390118346,0.0011834120390118346
lodo,grad,SZ,EU773564.1.1345,SZ,0.0012186255824592814,0.0012186255824592814,0.0012186255824592814
lodo,grad,SZ,HQ802530.1.1345,SZ,0.001259532230605814,0.001259532230605814,0.001259532230605814
lodo,grad,SZ,GQ448318.1.1256,SZ,0.0012645504960799758,0.0012645504960799758,0.0012645504960799758
lodo,grad,SZ,GU432146.1.1216,SZ,0.00130892287336265,0.00130892287336265,0.00130892287336265
lodo,grad,SZ,LLVT01000005.96.1646,SZ,0.0013632583562046242,0.0013632583562046242,0.0013632583562046242
lodo,grad,SZ,FJ558299.1.1272,SZ,0.0013900400757128283,0.0013900400757128283,0.0013900400757128283
lodo,grad,SZ,DQ823971.1.1252,SZ,0.0014362128958196132,0.0014362128958196132,0.0014362128958196132
lodo,grad,SZ,FJ503081.1.1238,SZ,0.0014425165084427146,0.0014425165084427146,0.0014425165084427146
lodo,grad,SZ,HQ741563.1.1403,SZ,0.001576908400334715,0.001576908400334715,0.001576908400334715
lodo,grad,SZ,AY995251.1.1356,SZ,0.0016163407603038938,0.0016163407603038938,0.0016163407603038938
lodo,grad,SZ,KF101479.1.1371,SZ,0.0017181363366996322,0.0017181363366996322,0.0017181363366996322
lodo,grad,SZ,JX096007.1.1204,SZ,0.0018746873143673075,0.0018746873143673075,0.0018746873143673075
lodo,grad,SZ,AJ271894.1.1448,SZ,0.0019239397625898306,0.0019239397625898306,0.0019239397625898306
lodo,grad,SZ,DQ807295.1.1342,SZ,0.001964208937700109,0.001964208937700109,0.001964208937700109
lodo,grad,SZ,MF464539.1.1400,SZ,0.0020103491793341055,0.0020103491793341055,0.0020103491793341055
lodo,grad,SZ,KF068512.1.1332,SZ,0.002071332177148863,0.002071332177148863,0.002071332177148863
lodo,grad,SZ,HQ793846.1.1251,SZ,0.0020809557863985615,0.0020809557863985615,0.0020809557863985615
lodo,grad,SZ,AJ234058.1.1367,SZ,0.0021481313080607325,0.0021481313080607325,0.0021481313080607325
lodo,grad,SZ,JX095988.1.1318,SZ,0.002176012911949618,0.002176012911949618,0.002176012911949618
lodo,grad,SZ,FJ557701.1.1386,SZ,0.00279646203124634,0.00279646203124634,0.00279646203124634
lodo,grad,SZ,EU530381.1.1295,SZ,0.0028235732750706037,0.0028235732750706037,0.0028235732750706037
lodo,grad,SZ,KF084610.1.1355,SZ,0.0030244204561770596,0.0030244204561770596,0.0030244204561770596
lodo,grad,SZ,MH813973.1.1314,SZ,0.0039649304300505275,0.0039649304300505275,0.0039649304300505275
lodo,grad,SZ,JX048331.1.1329,SZ,0.004145870817845403,0.004145870817845403,0.004145870817845403
lodo,grad,SZ,JN004064.1.1431,SZ,0.005140943925543536,0.005140943925543536,0.005140943925543536
lodo,grad,T2DM,DQ809255.1.1206,Ctrl,-0.006624188962593551,-0.006624188962593551,-0.006624188962593551
lodo,grad,T2DM,AY850535.1.1224,Ctrl,-0.003955484558280353,-0.003955484558280353,-0.003955484558280353
lodo,grad,T2DM,DQ797836.1.1210,Ctrl,-0.0035137933306648088,-0.0035137933306648088,-0.0035137933306648088
lodo,grad,T2DM,DQ796193.1.1249,Ctrl,-0.0034881783659079435,-0.0034881783659079435,-0.0034881783659079435
lodo,grad,T2DM,DQ824197.1.1281,Ctrl,-0.00338082209234668,-0.00338082209234668,-0.00338082209234668
lodo,grad,T2DM,FJ364454.1.1206,Ctrl,-0.0030687503891728436,-0.0030687503891728436,-0.0030687503891728436
lodo,grad,T2DM,DQ808652.1.1281,Ctrl,-0.003014285079370775,-0.003014285079370775,-0.003014285079370775
lodo,grad,T2DM,DQ799352.1.1291,Ctrl,-0.0029132258584899534,-0.0029132258584899534,-0.0029132258584899534
lodo,grad,T2DM,DQ802353.1.1286,Ctrl,-0.0024151108721112537,-0.0024151108721112537,-0.0024151108721112537
lodo,grad,T2DM,DQ807031.1.1284,Ctrl,-0.002347889168026876,-0.002347889168026876,-0.002347889168026876
lodo,grad,T2DM,FJ363133.1.1363,Ctrl,-0.0022329387385199135,-0.0022329387385199135,-0.0022329387385199135
lodo,grad,T2DM,DQ441339.1.1318,Ctrl,-0.002196884686332062,-0.002196884686332062,-0.002196884686332062
lodo,grad,T2DM,EF071253.1.1234,Ctrl,-0.002164084814247605,-0.002164084814247605,-0.002164084814247605
lodo,grad,T2DM,FJ032391.1.1254,Ctrl,-0.002077146207248997,-0.002077146207248997,-0.002077146207248997
lodo,grad,T2DM,DQ803441.1.1240,Ctrl,-0.0020432772155191954,-0.0020432772155191954,-0.0020432772155191954
lodo,grad,T2DM,EU458719.1.1250,Ctrl,-0.0020336420389116486,-0.0020336420389116486,-0.0020336420389116486
lodo,grad,T2DM,EU768746.1.1338,Ctrl,-0.002019912233976106,-0.002019912233976106,-0.002019912233976106
lodo,grad,T2DM,DQ809059.1.1206,Ctrl,-0.002013151843637867,-0.002013151843637867,-0.002013151843637867
lodo,grad,T2DM,DQ793742.1.1312,Ctrl,-0.0019996029158111583,-0.0019996029158111583,-0.0019996029158111583
lodo,grad,T2DM,GQ492286.1.1241,Ctrl,-0.0019979677388511467,-0.0019979677388511467,-0.0019979677388511467
lodo,grad,T2DM,JX095969.1.1221,Ctrl,-0.0019038754357287827,-0.0019038754357287827,-0.0019038754357287827
lodo,grad,T2DM,DQ808930.1.1287,Ctrl,-0.0018282056323073632,-0.0018282056323073632,-0.0018282056323073632
lodo,grad,T2DM,AY850463.1.1224,Ctrl,-0.0017757598387253438,-0.0017757598387253438,-0.0017757598387253438
lodo,grad,T2DM,FJ362935.1.1246,Ctrl,-0.0017658657291327615,-0.0017658657291327615,-0.0017658657291327615
lodo,grad,T2DM,DQ798603.1.1202,Ctrl,-0.0017584973553680175,-0.0017584973553680175,-0.0017584973553680175
lodo,grad,T2DM,FJ365668.1.1209,Ctrl,-0.0017349666739527063,-0.0017349666739527063,-0.0017349666739527063
lodo,grad,T2DM,EU467430.1.1257,Ctrl,-0.001720051510838243,-0.001720051510838243,-0.001720051510838243
lodo,grad,T2DM,DQ795255.1.1218,Ctrl,-0.0017171086348604359,-0.0017171086348604359,-0.0017171086348604359
lodo,grad,T2DM,DQ794799.1.1281,Ctrl,-0.0016852300318054804,-0.0016852300318054804,-0.0016852300318054804
lodo,grad,T2DM,DQ808753.1.1287,Ctrl,-0.0016685178117675959,-0.0016685178117675959,-0.0016685178117675959
lodo,grad,T2DM,HQ794846.1.1268,Ctrl,-0.0015410352710137965,-0.0015410352710137965,-0.0015410352710137965
lodo,grad,T2DM,DQ806278.1.1302,Ctrl,-0.0014201181507211603,-0.0014201181507211603,-0.0014201181507211603
lodo,grad,T2DM,DQ809950.1.1293,Ctrl,-0.0014064111314536997,-0.0014064111314536997,-0.0014064111314536997
lodo,grad,T2DM,EU767504.1.1353,Ctrl,-0.0013408851306642257,-0.0013408851306642257,-0.0013408851306642257
lodo,grad,T2DM,EU767275.1.1355,Ctrl,-0.001312505469304393,-0.001312505469304393,-0.001312505469304393
lodo,grad,T2DM,GQ133046.1.1200,Ctrl,-0.0013098126146745784,-0.0013098126146745784,-0.0013098126146745784
lodo,grad,T2DM,FJ369668.1.1239,Ctrl,-0.001299007106727137,-0.001299007106727137,-0.001299007106727137
lodo,grad,T2DM,AY850453.1.1227,Ctrl,-0.0012960348615871106,-0.0012960348615871106,-0.0012960348615871106
lodo,grad,T2DM,FJ365251.1.1334,Ctrl,-0.001280897706264001,-0.001280897706264001,-0.001280897706264001
lodo,grad,T2DM,AY850461.1.1228,Ctrl,-0.001258891520438391,-0.001258891520438391,-0.001258891520438391
lodo,grad,T2DM,EU771897.1.1262,Ctrl,-0.0012586589750950377,-0.0012586589750950377,-0.0012586589750950377
lodo,grad,T2DM,LARF01000109.1.1225,Ctrl,-0.0012518583700286726,-0.0012518583700286726,-0.0012518583700286726
lodo,grad,T2DM,EU762705.1.1383,Ctrl,-0.0012377864217569473,-0.0012377864217569473,-0.0012377864217569473
lodo,grad,T2DM,KJ412985.1.1234,Ctrl,-0.0012056914665427869,-0.0012056914665427869,-0.0012056914665427869
lodo,grad,T2DM,FJ371314.1.1260,Ctrl,-0.0011699550855590313,-0.0011699550855590313,-0.0011699550855590313
lodo,grad,T2DM,DQ794978.1.1285,Ctrl,-0.001162687020402658,-0.001162687020402658,-0.001162687020402658
lodo,grad,T2DM,EU767580.1.1355,Ctrl,-0.0011310271016638951,-0.0011310271016638951,-0.0011310271016638951
lodo,grad,T2DM,EU473498.1.1210,Ctrl,-0.001107292930992059,-0.001107292930992059,-0.001107292930992059
lodo,grad,T2DM,HQ794655.1.1423,Ctrl,-0.0011063765595681482,-0.0011063765595681482,-0.0011063765595681482
lodo,grad,T2DM,DQ795865.1.1286,Ctrl,-0.001105802620496598,-0.001105802620496598,-0.001105802620496598
lodo,grad,T2DM,GQ491160.1.1334,T2DM,0.0008079530074371397,0.0008079530074371397,0.0008079530074371397
lodo,grad,T2DM,JQ189159.1.1329,T2DM,0.0008374697176693343,0.0008374697176693343,0.0008374697176693343
lodo,grad,T2DM,KY983579.1.1217,T2DM,0.0008389166785221443,0.0008389166785221443,0.0008389166785221443
lodo,grad,T2DM,JQ465376.1.1220,T2DM,0.0008402022151502806,0.0008402022151502806,0.0008402022151502806
lodo,grad,T2DM,JX678705.1.1388,T2DM,0.0008425132112845296,0.0008425132112845296,0.0008425132112845296
lodo,grad,T2DM,JN698650.1.1277,T2DM,0.0008454704124504259,0.0008454704124504259,0.0008454704124504259
lodo,grad,T2DM,HQ807131.1.1274,T2DM,0.0009019561074432022,0.0009019561074432022,0.0009019561074432022
lodo,grad,T2DM,HM308748.1.1356,T2DM,0.0009028372428664233,0.0009028372428664233,0.0009028372428664233
lodo,grad,T2DM,DQ057451.1.1404,T2DM,0.0009060599390781626,0.0009060599390781626,0.0009060599390781626
lodo,grad,T2DM,DQ793953.1.1281,T2DM,0.0009202173818500109,0.0009202173818500109,0.0009202173818500109
lodo,grad,T2DM,AY850474.1.1227,T2DM,0.0009347956932647578,0.0009347956932647578,0.0009347956932647578
lodo,grad,T2DM,EU773580.1.1360,T2DM,0.0009466154483785769,0.0009466154483785769,0.0009466154483785769
lodo,grad,T2DM,FJ558429.1.1212,T2DM,0.0009566015710051344,0.0009566015710051344,0.0009566015710051344
lodo,grad,T2DM,GQ492274.1.1222,T2DM,0.0009776144968674724,0.0009776144968674724,0.0009776144968674724
lodo,grad,T2DM,GQ493585.1.1250,T2DM,0.000984334817266184,0.000984334817266184,0.000984334817266184
lodo,grad,T2DM,DQ804326.1.1231,T2DM,0.0009846141838614263,0.0009846141838614263,0.0009846141838614263
lodo,grad,T2DM,KY795327.1.1204,T2DM,0.000988213271651703,0.000988213271651703,0.000988213271651703
lodo,grad,T2DM,FJ368098.1.1357,T2DM,0.000990007043857306,0.000990007043857306,0.000990007043857306
lodo,grad,T2DM,GQ493213.1.1204,T2DM,0.0010079368809968276,0.0010079368809968276,0.0010079368809968276
lodo,grad,T2DM,JQ460242.1.1310,T2DM,0.0010467671320185561,0.0010467671320185561,0.0010467671320185561
lodo,grad,T2DM,FJ366193.1.1359,T2DM,0.0010869184154955617,0.0010869184154955617,0.0010869184154955617
lodo,grad,T2DM,DQ807295.1.1342,T2DM,0.001092029273847719,0.001092029273847719,0.001092029273847719
lodo,grad,T2DM,DQ824464.1.1271,T2DM,0.0011212871721284624,0.0011212871721284624,0.0011212871721284624
lodo,grad,T2DM,EU309492.1.1445,T2DM,0.0011421259367268702,0.0011421259367268702,0.0011421259367268702
lodo,grad,T2DM,FJ364934.1.1401,T2DM,0.001176169701710215,0.001176169701710215,0.001176169701710215
lodo,grad,T2DM,KF084610.1.1355,T2DM,0.001196742886787952,0.001196742886787952,0.001196742886787952
lodo,grad,T2DM,AY995251.1.1356,T2DM,0.0012151448573859002,0.0012151448573859002,0.0012151448573859002
lodo,grad,T2DM,JQ455437.1.1278,T2DM,0.0012718389736248357,0.0012718389736248357,0.0012718389736248357
lodo,grad,T2DM,GU374018.1.1361,T2DM,0.0012841254046543963,0.0012841254046543963,0.0012841254046543963
lodo,grad,T2DM,GU432146.1.1216,T2DM,0.0012865166036579653,0.0012865166036579653,0.0012865166036579653
lodo,grad,T2DM,FJ557701.1.1386,T2DM,0.0013002807033987832,0.0013002807033987832,0.0013002807033987832
lodo,grad,T2DM,AJ234058.1.1367,T2DM,0.0013229386452312678,0.0013229386452312678,0.0013229386452312678
lodo,grad,T2DM,GU432133.1.1216,T2DM,0.0014610846441514386,0.0014610846441514386,0.0014610846441514386
lodo,grad,T2DM,KX130890.1.1202,T2DM,0.0015417449243088767,0.0015417449243088767,0.0015417449243088767
lodo,grad,T2DM,DQ823971.1.1252,T2DM,0.0016062978788262694,0.0016062978788262694,0.0016062978788262694
lodo,grad,T2DM,JX096007.1.1204,T2DM,0.0016108440977693598,0.0016108440977693598,0.0016108440977693598
lodo,grad,T2DM,KX881777.1.1230,T2DM,0.0017433230601769892,0.0017433230601769892,0.0017433230601769892
lodo,grad,T2DM,GU413658.1.1224,T2DM,0.0017614846396345474,0.0017614846396345474,0.0017614846396345474
lodo,grad,T2DM,JF057160.1.1343,T2DM,0.0017984668824843634,0.0017984668824843634,0.0017984668824843634
lodo,grad,T2DM,KX792217.1.1200,T2DM,0.001945851725543456,0.001945851725543456,0.001945851725543456
lodo,grad,T2DM,EU156766.1.1269,T2DM,0.001984848463570087,0.001984848463570087,0.001984848463570087
lodo,grad,T2DM,MF464539.1.1400,T2DM,0.0021358558101945615,0.0021358558101945615,0.0021358558101945615
lodo,grad,T2DM,JN004064.1.1431,T2DM,0.002366022450718935,0.002366022450718935,0.002366022450718935
lodo,grad,T2DM,FJ558299.1.1272,T2DM,0.002433650904219568,0.002433650904219568,0.002433650904219568
lodo,grad,T2DM,JX048331.1.1329,T2DM,0.0029376425810046375,0.0029376425810046375,0.0029376425810046375
lodo,grad,T2DM,EU156758.1.1329,T2DM,0.0031688435397425724,0.0031688435397425724,0.0031688435397425724
lodo,grad,T2DM,GQ492470.1.1319,T2DM,0.0034779394300440978,0.0034779394300440978,0.0034779394300440978
lodo,grad,T2DM,MG245801.1.1200,T2DM,0.003531184952816199,0.003531184952816199,0.003531184952816199
lodo,grad,T2DM,GU409596.1.1218,T2DM,0.005125366348243835,0.005125366348243835,0.005125366348243835
lodo,grad,T2DM,MH813973.1.1314,T2DM,0.0066103550085434394,0.0066103550085434394,0.0066103550085434394
