task,source,disease,fid,group,importance,importance_sample_pooled,importance_fold_pooled
lodo,attn,AS,HQ794629.1.1311,Ctrl,-1.8004224756016112,-1.8004224756016112,-1.8004224756016112
lodo,attn,AS,KP334252.1.1211,Ctrl,-1.0782411656226183,-1.0782411656226183,-1.0782411656226183
lodo,attn,AS,KC894545.1.1511,Ctrl,-0.8678788463370573,-0.8678788463370573,-0.8678788463370573
lodo,attn,AS,JQ072269.1.1450,Ctrl,-0.8103021310028062,-0.8103021310028062,-0.8103021310028062
lodo,attn,AS,JQ455259.1.1251,Ctrl,-0.761165295986344,-0.761165295986344,-0.761165295986344
lodo,attn,AS,HQ781028.1.1329,Ctrl,-0.6950698615917009,-0.6950698615917009,-0.6950698615917009
lodo,attn,AS,JQ456273.1.1334,Ctrl,-0.50298674285337,-0.50298674285337,-0.50298674285337
lodo,attn,AS,HM779421.1.1212,Ctrl,-0.4791057194521965,-0.4791057194521965,-0.4791057194521965
lodo,attn,AS,FJ371857.1.1374,Ctrl,-0.4756566593716853,-0.4756566593716853,-0.4756566593716853
lodo,attn,AS,FJ511828.1.1372,Ctrl,-0.4703874704217591,-0.4703874704217591,-0.4703874704217591
lodo,attn,AS,FJ557711.1.1373,Ctrl,-0.4506641373749641,-0.4506641373749641,-0.4506641373749641
lodo,attn,AS,DQ808480.1.1376,Ctrl,-0.432976645269109,-0.432976645269109,-0.432976645269109
lodo,attn,AS,DQ824299.1.1397,Ctrl,-0.425501593731484,-0.425501593731484,-0.425501593731484
lodo,attn,AS,KX130890.1.1202,Ctrl,-0.4202050267941081,-0.4202050267941081,-0.4202050267941081
lodo,attn,AS,FJ368864.1.1363,Ctrl,-0.4152939729002937,-0.4152939729002937,-0.4152939729002937
lodo,attn,AS,JQ186757.1.1359,Ctrl,-0.4096854918905804,-0.4096854918905804,-0.4096854918905804
lodo,attn,AS,HK555826.1.1289,Ctrl,-0.3861989078420539,-0.3861989078420539,-0.3861989078420539
lodo,attn,AS,HL283484.1.1209,Ctrl,-0.3841646248802308,-0.3841646248802308,-0.3841646248802308
lodo,attn,AS,AY993744.1.1245,Ctrl,-0.3825233423529615,-0.3825233423529615,-0.3825233423529615
lodo,attn,AS,GQ491419.1.1322,Ctrl,-0.3707972006421244,-0.3707972006421244,-0.3707972006421244
lodo,attn,AS,GQ493144.1.1354,Ctrl,-0.3668394933832387,-0.3668394933832387,-0.3668394933832387
lodo,attn,AS,HQ452862.1.1498,Ctrl,-0.363535250361566,-0.363535250361566,-0.363535250361566
lodo,attn,AS,DQ824080.1.1279,Ctrl,-0.3375190992091096,-0.3375190992091096,-0.3375190992091096
lodo,attn,AS,AY990376.1.1278,Ctrl,-0.3302843219525336,-0.3302843219525336,-0.3302843219525336
lodo,attn,AS,GQ492980.1.1322,Ctrl,-0.3165837138132672,-0.3165837138132672,-0.3165837138132672
lodo,attn,AS,AY992211.1.1268,Ctrl,-0.3134678880825796,-0.3134678880825796,-0.3134678880825796
lodo,attn,AS,HM445947.1.1481,Ctrl,-0.3120634788497732,-0.3120634788497732,-0.3120634788497732
lodo,attn,AS,DQ823722.1.1211,Ctrl,-0.3110538571653643,-0.3110538571653643,-0.3110538571653643
lodo,attn,AS,KF843417.1.1329,Ctrl,-0.2969997872396821,-0.2969997872396821,-0.2969997872396821
lodo,attn,AS,DQ805252.1.1214,Ctrl,-0.2829466894779096,-0.2829466894779096,-0.2829466894779096
lodo,attn,AS,DQ796195.1.1288,Ctrl,-0.2703819791178484,-0.2703819791178484,-0.2703819791178484
lodo,attn,AS,FJ362731.1.1336,Ctrl,-0.2602071856114037,-0.2602071856114037,-0.2602071856114037
lodo,attn,AS,AF132280.1.1277,Ctrl,-0.2599081295813795,-0.2599081295813795,-0.2599081295813795
lodo,attn,AS,FJ032586.1.1226,Ctrl,-0.2591277771963682,-0.2591277771963682,-0.2591277771963682
lodo,attn,AS,HQ779108.1.1442,Ctrl,-0.255601406146236,-0.255601406146236,-0.255601406146236
lodo,attn,AS,GQ491354.1.1233,Ctrl,-0.2552800639026673,-0.2552800639026673,-0.2552800639026673
lodo,attn,AS,FJ371191.1.1358,Ctrl,-0.2514100310185254,-0.2514100310185254,-0.2514100310185254
lodo,attn,AS,JQ184073.1.1343,Ctrl,-0.2440324753621223,-0.2440324753621223,-0.2440324753621223
lodo,attn,AS,DQ794427.1.1242,Ctrl,-0.240824380087223,-0.240824380087223,-0.240824380087223
lodo,attn,AS,AY653232.1.1310,Ctrl,-0.2396260730768483,-0.2396260730768483,-0.2396260730768483
lodo,attn,AS,DQ800564.1.1381,Ctrl,-0.237745481561082,-0.237745481561082,-0.237745481561082
lodo,attn,AS,CAGY01000009.11.1531,Ctrl,-0.2313726396784962,-0.2313726396784962,-0.2313726396784962
lodo,attn,AS,DQ803925.1.1280,Ctrl,-0.2309276257452375,-0.2309276257452375,-0.2309276257452375
lodo,attn,AS,DQ799182.1.1290,Ctrl,-0.2271616842244463,-0.2271616842244463,-0.2271616842244463
lodo,attn,AS,FJ364871.1.1208,Ctrl,-0.2193647569801046,-0.2193647569801046,-0.2193647569801046
lodo,attn,AS,BAAV01001391.255.1549,Ctrl,-0.2191651926822877,-0.2191651926822877,-0.2191651926822877
lodo,attn,AS,DQ823754.1.1237,Ctrl,-0.2179698962999325,-0.2179698962999325,-0.2179698962999325
lodo,attn,AS,HK555409.2.1317,Ctrl,-0.2153754549972743,-0.2153754549972743,-0.2153754549972743
lodo,attn,AS,HQ813592.1.1431,Ctrl,-0.2151039341801411,-0.2151039341801411,-0.2151039341801411
lodo,attn,AS,HQ900326.1.1225,Ctrl,-0.2141835797309925,-0.2141835797309925,-0.2141835797309925
lodo,attn,AS,JQ456288.1.1319,AS,0.1691073789514169,0.1691073789514169,0.1691073789514169
lodo,attn,AS,BAAV01000888.1.1300,AS,0.1699720913893244,0.1699720913893244,0.1699720913893244
lodo,attn,AS,HQ452854.1.1503,AS,0.1722332670071611,0.1722332670071611,0.1722332670071611
lodo,attn,AS,AY995270.1.1330,AS,0.1733090446992314,0.1733090446992314,0.1733090446992314
lodo,attn,AS,ABIK02000013.103269.104574,AS,0.1747610839655319,0.1747610839655319,0.1747610839655319
lodo,attn,AS,MH355962.1.1200,AS,0.1777702885140036,0.1777702885140036,0.1777702885140036
lodo,attn,AS,HK557112.1.1272,AS,0.1792491592934186,0.1792491592934186,0.1792491592934186
lodo,attn,AS,CP012069.2692071.2693595,AS,0.1811988120806981,0.1811988120806981,0.1811988120806981
lodo,attn,AS,JQ607698.1.1387,AS,0.1952163825738319,0.1952163825738319,0.1952163825738319
lodo,attn,AS,FJ369709.1.1241,AS,0.1978750690972861,0.1978750690972861,0.1978750690972861
lodo,attn,AS,HQ793586.1.1449,AS,0.201326544114326,0.201326544114326,0.201326544114326
lodo,attn,AS,JQ207644.1.1336,AS,0.2015023993685813,0.2015023993685813,0.2015023993685813
lodo,attn,AS,FJ363080.1.1346,AS,0.2026173492901593,0.2026173492901593,0.2026173492901593
lodo,attn,AS,JX905358.1.1469,AS,0.203366874925609,0.203366874925609,0.203366874925609
lodo,attn,AS,LT558846.1.1494,AS,0.2258882503399406,0.2258882503399406,0.2258882503399406
lodo,attn,AS,HK240436.1.1267,AS,0.229603173344417,0.229603173344417,0.229603173344417
lodo,attn,AS,EF098031.1.1281,AS,0.2319192104350525,0.2319192104350525,0.2319192104350525
lodo,attn,AS,JQ451979.1.1251,AS,0.2339641533682612,0.2339641533682612,0.2339641533682612
lodo,attn,AS,HG800468.1.1200,AS,0.2342606176682691,0.2342606176682691,0.2342606176682691
lodo,attn,AS,AY995250.1.1365,AS,0.2356155683222737,0.2356155683222737,0.2356155683222737
lodo,attn,AS,AY850453.1.1227,AS,0.2390130152130026,0.2390130152130026,0.2390130152130026
lodo,attn,AS,JN004064.1.1431,AS,0.2461476536370389,0.2461476536370389,0.2461476536370389
lodo,attn,AS,KX881774.1.1210,AS,0.249518477650863,0.249518477650863,0.249518477650863
lodo,attn,AS,HQ008625.1.1282,AS,0.2495189393535876,0.2495189393535876,0.2495189393535876
lodo,attn,AS,GQ448970.1.1284,AS,0.2521267632834982,0.2521267632834982,0.2521267632834982
lodo,attn,AS,MF581529.1.1403,AS,0.2627774421305528,0.2627774421305528,0.2627774421305528
lodo,attn,AS,JF090188.1.1364,AS,0.2688425459057846,0.2688425459057846,0.2688425459057846
lodo,attn,AS,KR185326.1.1423,AS,0.2717902982176027,0.2717902982176027,0.2717902982176027
lodo,attn,AS,DQ808462.1.1241,AS,0.2747133732587913,0.2747133732587913,0.2747133732587913
lodo,attn,AS,FJ557701.1.1386,AS,0.2851008574376503,0.2851008574376503,0.2851008574376503
lodo,attn,AS,HK241304.1.1252,AS,0.2972044436551923,0.2972044436551923,0.2972044436551923
lodo,attn,AS,JF057160.1.1343,AS,0.3027768199468992,0.3027768199468992,0.3027768199468992
lodo,attn,AS,DQ800305.1.1380,AS,0.3251428787548825,0.3251428787548825,0.3251428787548825
lodo,attn,AS,MG881800.1.1219,AS,0.3266444843323028,0.3266444843323028,0.3266444843323028
lodo,attn,AS,FJ363503.1.1363,AS,0.3412069694990081,0.3412069694990081,0.3412069694990081
lodo,attn,AS,JQ449887.1.1241,AS,0.3669563844781882,0.3669563844781882,0.3669563844781882
lodo,attn,AS,AY990161.1.1294,AS,0.4381909867969898,0.4381909867969898,0.4381909867969898
lodo,attn,AS,AF338413.1.1408,AS,0.4617939583850212,0.4617939583850212,0.4617939583850212
lodo,attn,AS,DQ807131.1.1283,AS,0.4632672562249382,0.4632672562249382,0.4632672562249382
lodo,attn,AS,JQ460078.1.1253,AS,0.5671347610250075,0.5671347610250075,0.5671347610250075
lodo,attn,AS,DQ800246.1.1225,AS,0.5682305529777536,0.5682305529777536,0.5682305529777536
lodo,attn,AS,MH813973.1.1314,AS,0.5779097724236231,0.5779097724236231,0.5779097724236231
lodo,attn,AS,AB733112.1.1328,AS,0.6264408862722151,0.6264408862722151,0.6264408862722151
lodo,attn,AS,FJ557746.1.1357,AS,0.6701321625330598,0.6701321625330598,0.6701321625330598
lodo,attn,AS,JQ470107.1.1403,AS,0.8297281870643795,0.8297281870643795,0.8297281870643795
lodo,attn,AS,FJ557765.1.1386,AS,0.8770556990868633,0.8770556990868633,0.8770556990868633
lodo,attn,AS,FJ558058.1.1360,AS,0.9771719584102648,0.9771719584102648,0.9771719584102648
lodo,attn,AS,LC190799.1.1211,AS,0.9828402001193792,0.9828402001193792,0.9828402001193792
lodo,attn,AS,AM943044.1.1276,AS,1.3930011860965656,1.3930011860965656,1.3930011860965656
lodo,attn,AS,JQ467142.1.1299,AS,1.5411981689115926,1.5411981689115926,1.5411981689115926
lodo,attn,ASD,KC632239.1.1415,Ctrl,-0.5229040256992744,-0.5229040256992744,-0.5229040256992744
lodo,attn,ASD,KC160493.1.1379,Ctrl,-0.501569178211376,-0.501569178211376,-0.501569178211376
lodo,attn,ASD,FJ558124.1.1310,Ctrl,-0.4470775716694976,-0.4470775716694976,-0.4470775716694976
lodo,attn,ASD,DQ366691.1.1269,Ctrl,-0.4053008338751246,-0.4053008338751246,-0.4053008338751246
lodo,attn,ASD,JQ460078.1.1253,Ctrl,-0.3104869453798397,-0.3104869453798397,-0.3104869453798397
lodo,attn,ASD,GFIM01005958.9.1236,Ctrl,-0.2577601455285011,-0.2577601455285011,-0.2577601455285011
lodo,attn,ASD,HQ809011.1.1451,Ctrl,-0.2535329854788167,-0.2535329854788167,-0.2535329854788167
lodo,attn,ASD,KX881777.1.1230,Ctrl,-0.2512550473140059,-0.2512550473140059,-0.2512550473140059
lodo,attn,ASD,KF100173.1.1349,Ctrl,-0.2509918649076335,-0.2509918649076335,-0.2509918649076335
lodo,attn,ASD,FMIW01000005.418310.419846,Ctrl,-0.2497060091380152,-0.2497060091380152,-0.2497060091380152
lodo,attn,ASD,FJ366838.1.1357,Ctrl,-0.2452471763595352,-0.2452471763595352,-0.2452471763595352
lodo,attn,ASD,JX048356.1.1310,Ctrl,-0.2297301389711785,-0.2297301389711785,-0.2297301389711785
lodo,attn,ASD,JF107789.1.1369,Ctrl,-0.2271767118181011,-0.2271767118181011,-0.2271767118181011
lodo,attn,ASD,HQ781017.1.1452,Ctrl,-0.2241875303644638,-0.2241875303644638,-0.2241875303644638
lodo,attn,ASD,DQ803256.1.1283,Ctrl,-0.2206235697108463,-0.2206235697108463,-0.2206235697108463
lodo,attn,ASD,KP944130.1.1431,Ctrl,-0.2179281152358345,-0.2179281152358345,-0.2179281152358345
lodo,attn,ASD,AJ006962.1.1476,Ctrl,-0.1841629145134826,-0.1841629145134826,-0.1841629145134826
lodo,attn,ASD,HQ759796.1.1448,Ctrl,-0.1599825061953082,-0.1599825061953082,-0.1599825061953082
lodo,attn,ASD,GQ897120.1.1473,Ctrl,-0.1536938052222681,-0.1536938052222681,-0.1536938052222681
lodo,attn,ASD,CALK01000057.3384.4901,Ctrl,-0.1534500646337357,-0.1534500646337357,-0.1534500646337357
lodo,attn,ASD,FJ371857.1.1374,Ctrl,-0.1523179405053608,-0.1523179405053608,-0.1523179405053608
lodo,attn,ASD,MH400162.1.1200,Ctrl,-0.1459094137826546,-0.1459094137826546,-0.1459094137826546
lodo,attn,ASD,AY653235.1.1324,Ctrl,-0.1437739332389893,-0.1437739332389893,-0.1437739332389893
lodo,attn,ASD,ABEZ02000015.506.1996,Ctrl,-0.1391365618783464,-0.1391365618783464,-0.1391365618783464
lodo,attn,ASD,HQ807603.1.1388,Ctrl,-0.1378195952499841,-0.1378195952499841,-0.1378195952499841
lodo,attn,ASD,FJ978501.1.1405,Ctrl,-0.1359194691720238,-0.1359194691720238,-0.1359194691720238
lodo,attn,ASD,KY476136.1.1200,Ctrl,-0.134976642158328,-0.134976642158328,-0.134976642158328
lodo,attn,ASD,DQ798619.1.1393,Ctrl,-0.1300350554796628,-0.1300350554796628,-0.1300350554796628
lodo,attn,ASD,DQ793489.1.1290,Ctrl,-0.1274181118941256,-0.1274181118941256,-0.1274181118941256
lodo,attn,ASD,CP001853.563211.564442,Ctrl,-0.1259996924502227,-0.1259996924502227,-0.1259996924502227
lodo,attn,ASD,GQ492440.1.1365,Ctrl,-0.1232635187909794,-0.1232635187909794,-0.1232635187909794
lodo,attn,ASD,GQ492485.1.1311,Ctrl,-0.1230240753551499,-0.1230240753551499,-0.1230240753551499
lodo,attn,ASD,HQ769477.1.1424,Ctrl,-0.1225911519673311,-0.1225911519673311,-0.1225911519673311
lodo,attn,ASD,JQ455437.1.1278,Ctrl,-0.119716496037364,-0.119716496037364,-0.119716496037364
lodo,attn,ASD,JQ456273.1.1334,Ctrl,-0.115655350660149,-0.115655350660149,-0.115655350660149
lodo,attn,ASD,KF085270.1.1286,Ctrl,-0.114105952774371,-0.114105952774371,-0.114105952774371
lodo,attn,ASD,HQ810984.1.1453,Ctrl,-0.1141042915413762,-0.1141042915413762,-0.1141042915413762
lodo,attn,ASD,EF614619.1.1270,Ctrl,-0.1139316480200862,-0.1139316480200862,-0.1139316480200862
lodo,attn,ASD,KP233317.1.1433,Ctrl,-0.1117072896901534,-0.1117072896901534,-0.1117072896901534
lodo,attn,ASD,HQ814909.1.1491,Ctrl,-0.1114462337674327,-0.1114462337674327,-0.1114462337674327
lodo,attn,ASD,KM276788.1.1200,Ctrl,-0.1095775222874911,-0.1095775222874911,-0.1095775222874911
lodo,attn,ASD,GQ898000.1.1493,Ctrl,-0.1071366716653907,-0.1071366716653907,-0.1071366716653907
lodo,attn,ASD,GQ492845.1.1361,Ctrl,-0.1058794433868468,-0.1058794433868468,-0.1058794433868468
lodo,attn,ASD,JF131672.1.1361,Ctrl,-0.1053112705109312,-0.1053112705109312,-0.1053112705109312
lodo,attn,ASD,DQ456225.1.1458,Ctrl,-0.1045019440233077,-0.1045019440233077,-0.1045019440233077
lodo,attn,ASD,KF842847.1.1408,Ctrl,-0.1028782372100146,-0.1028782372100146,-0.1028782372100146
lodo,attn,ASD,GQ897909.1.1487,Ctrl,-0.1026042623701263,-0.1026042623701263,-0.1026042623701263
lodo,attn,ASD,JQ083904.1.1489,Ctrl,-0.1014132596313966,-0.1014132596313966,-0.1014132596313966
lodo,attn,ASD,JF139928.1.1354,Ctrl,-0.099850217356065,-0.099850217356065,-0.099850217356065
lodo,attn,ASD,AB506360.1.1531,Ctrl,-0.0997554890771727,-0.0997554890771727,-0.0997554890771727
lodo,attn,ASD,KF842276.1.1402,ASD,0.1418192852241526,0.1418192852241526,0.1418192852241526
lodo,attn,ASD,GQ493692.1.1234,ASD,0.1422955705576676,0.1422955705576676,0.1422955705576676
lodo,attn,ASD,DQ804810.1.1224,ASD,0.1432224076391671,0.1432224076391671,0.1432224076391671
lodo,attn,ASD,DQ800682.1.1204,ASD,0.1437890346987052,0.1437890346987052,0.1437890346987052
lodo,attn,ASD,DQ809291.1.1378,ASD,0.1438414619637087,0.1438414619637087,0.1438414619637087
lodo,attn,ASD,GQ493144.1.1354,ASD,0.1452049333500831,0.1452049333500831,0.1452049333500831
lodo,attn,ASD,AY992139.1.1273,ASD,0.1453165505654315,0.1453165505654315,0.1453165505654315
lodo,attn,ASD,HQ795251.1.1444,ASD,0.1470362197134293,0.1470362197134293,0.1470362197134293
lodo,attn,ASD,EF404831.1.1491,ASD,0.1470963628294851,0.1470963628294851,0.1470963628294851
lodo,attn,ASD,FJ371162.1.1363,ASD,0.1480872261644639,0.1480872261644639,0.1480872261644639
lodo,attn,ASD,FMFF01000017.506.2051,ASD,0.1484658188006409,0.1484658188006409,0.1484658188006409
lodo,attn,ASD,GQ448867.1.1381,ASD,0.1547684945317858,0.1547684945317858,0.1547684945317858
lodo,attn,ASD,JQ467834.1.1286,ASD,0.1554945849016524,0.1554945849016524,0.1554945849016524
lodo,attn,ASD,FJ365468.1.1237,ASD,0.1563736219915198,0.1563736219915198,0.1563736219915198
lodo,attn,ASD,DQ799679.1.1289,ASD,0.1568294748437201,0.1568294748437201,0.1568294748437201
lodo,attn,ASD,HQ741563.1.1403,ASD,0.1574806069528355,0.1574806069528355,0.1574806069528355
lodo,attn,ASD,KF084610.1.1355,ASD,0.160050009931317,0.160050009931317,0.160050009931317
lodo,attn,ASD,HQ808998.1.1217,ASD,0.1613507762927008,0.1613507762927008,0.1613507762927008
lodo,attn,ASD,KY795327.1.1204,ASD,0.1634230000750371,0.1634230000750371,0.1634230000750371
lodo,attn,ASD,GEEG01002153.1.1395,ASD,0.1652888108682635,0.1652888108682635,0.1652888108682635
lodo,attn,ASD,DQ456128.1.1470,ASD,0.1654035042380068,0.1654035042380068,0.1654035042380068
lodo,attn,ASD,HM021452.1.1466,ASD,0.1655478817529373,0.1655478817529373,0.1655478817529373
lodo,attn,ASD,AB480534.1.1481,ASD,0.1680900279565031,0.1680900279565031,0.1680900279565031
lodo,attn,ASD,FJ558430.1.1233,ASD,0.1703142514745366,0.1703142514745366,0.1703142514745366
lodo,attn,ASD,DQ802678.1.1231,ASD,0.1707347757012479,0.1707347757012479,0.1707347757012479
lodo,attn,ASD,DQ809336.1.1310,ASD,0.1766181174923246,0.1766181174923246,0.1766181174923246
lodo,attn,ASD,FJ366337.1.1331,ASD,0.178515117625525,0.178515117625525,0.178515117625525
lodo,attn,ASD,GEMC01068557.118.1431,ASD,0.180042646837029,0.180042646837029,0.180042646837029
lodo,attn,ASD,MH337931.1.1279,ASD,0.1811075625161613,0.1811075625161613,0.1811075625161613
lodo,attn,ASD,JQ083407.1.1518,ASD,0.1860788342786268,0.1860788342786268,0.1860788342786268
lodo,attn,ASD,GQ493297.1.1338,ASD,0.1912950815060395,0.1912950815060395,0.1912950815060395
lodo,attn,ASD,GQ492203.1.1207,ASD,0.1922028639097198,0.1922028639097198,0.1922028639097198
lodo,attn,ASD,FJ364700.1.1381,ASD,0.1948459805283342,0.1948459805283342,0.1948459805283342
lodo,attn,ASD,DQ904893.1.1249,ASD,0.1964534632132764,0.1964534632132764,0.1964534632132764
lodo,attn,ASD,FJ365350.1.1344,ASD,0.1965825700963713,0.1965825700963713,0.1965825700963713
lodo,attn,ASD,HQ759624.1.1344,ASD,0.2000264258548914,0.2000264258548914,0.2000264258548914
lodo,attn,ASD,FJ512259.1.1422,ASD,0.2099601779898889,0.2099601779898889,0.2099601779898889
lodo,attn,ASD,HQ754370.1.1215,ASD,0.2101473740173725,0.2101473740173725,0.2101473740173725
lodo,attn,ASD,KY003111.1.1207,ASD,0.2127190377832402,0.2127190377832402,0.2127190377832402
lodo,attn,ASD,HQ616222.1.1338,ASD,0.2175640193351176,0.2175640193351176,0.2175640193351176
lodo,attn,ASD,HM308748.1.1356,ASD,0.2335669980087111,0.2335669980087111,0.2335669980087111
lodo,attn,ASD,MH685147.1.1453,ASD,0.2467408460828028,0.2467408460828028,0.2467408460828028
lodo,attn,ASD,DQ809763.1.1227,ASD,0.2499935310189619,0.2499935310189619,0.2499935310189619
lodo,attn,ASD,JQ467954.1.1230,ASD,0.297614029073098,0.297614029073098,0.297614029073098
lodo,attn,ASD,FJ365251.1.1334,ASD,0.324530324980904,0.324530324980904,0.324530324980904
lodo,attn,ASD,FJ558238.1.1275,ASD,0.3615584464228744,0.3615584464228744,0.3615584464228744
lodo,attn,ASD,JF058250.1.1351,ASD,0.393336082597908,0.393336082597908,0.393336082597908
lodo,attn,ASD,JQ449983.1.1321,ASD,0.3984344698882841,0.3984344698882841,0.3984344698882841
lodo,attn,ASD,MG755769.1.1243,ASD,0.4189853536028472,0.4189853536028472,0.4189853536028472
lodo,attn,ASD,FJ681503.1.1439,ASD,0.5283359420897596,0.5283359420897596,0.5283359420897596
lodo,attn,BD,AY212767.1.1222,Ctrl,-0.4575507945656782,-0.4575507945656782,-0.4575507945656782
lodo,attn,BD,DQ823841.1.1286,Ctrl,-0.2193689224988904,-0.2193689224988904,-0.2193689224988904
lodo,attn,BD,FJ382054.1.1201,Ctrl,-0.1945052673151421,-0.1945052673151421,-0.1945052673151421
lodo,attn,BD,DQ799352.1.1291,Ctrl,-0.1914345839259449,-0.1914345839259449,-0.1914345839259449
lodo,attn,BD,GQ491279.1.1262,Ctrl,-0.1871397261375116,-0.1871397261375116,-0.1871397261375116
lodo,attn,BD,DQ796116.1.1201,Ctrl,-0.1757176909567244,-0.1757176909567244,-0.1757176909567244
lodo,attn,BD,AF349756.1.1335,Ctrl,-0.159430945487626,-0.159430945487626,-0.159430945487626
lodo,attn,BD,HQ808998.1.1217,Ctrl,-0.1534756425730953,-0.1534756425730953,-0.1534756425730953
lodo,attn,BD,DQ808102.1.1318,Ctrl,-0.1475362538514405,-0.1475362538514405,-0.1475362538514405
lodo,attn,BD,JQ465376.1.1220,Ctrl,-0.1395102420583694,-0.1395102420583694,-0.1395102420583694
lodo,attn,BD,JF021752.1.1274,Ctrl,-0.1252095675945705,-0.1252095675945705,-0.1252095675945705
lodo,attn,BD,DQ807506.1.1286,Ctrl,-0.1250295905840471,-0.1250295905840471,-0.1250295905840471
lodo,attn,BD,HQ807284.1.1274,Ctrl,-0.1212158878256391,-0.1212158878256391,-0.1212158878256391
lodo,attn,BD,DQ809291.1.1378,Ctrl,-0.1208994511152163,-0.1208994511152163,-0.1208994511152163
lodo,attn,BD,FPLO01001141.16.1394,Ctrl,-0.117807521394601,-0.117807521394601,-0.117807521394601
lodo,attn,BD,JQ467834.1.1286,Ctrl,-0.1145598063847534,-0.1145598063847534,-0.1145598063847534
lodo,attn,BD,JX030308.1.1232,Ctrl,-0.1133430356155457,-0.1133430356155457,-0.1133430356155457
lodo,attn,BD,FJ512259.1.1422,Ctrl,-0.113130919416124,-0.113130919416124,-0.113130919416124
lodo,attn,BD,DQ824361.1.1287,Ctrl,-0.1120147366172879,-0.1120147366172879,-0.1120147366172879
lodo,attn,BD,DQ802353.1.1286,Ctrl,-0.1053206988091709,-0.1053206988091709,-0.1053206988091709
lodo,attn,BD,DQ794427.1.1242,Ctrl,-0.1035292565323122,-0.1035292565323122,-0.1035292565323122
lodo,attn,BD,GQ492466.1.1344,Ctrl,-0.1022985346952134,-0.1022985346952134,-0.1022985346952134
lodo,attn,BD,GQ493692.1.1234,Ctrl,-0.0978213737384244,-0.0978213737384244,-0.0978213737384244
lodo,attn,BD,DQ801609.1.1306,Ctrl,-0.0965864981553092,-0.0965864981553092,-0.0965864981553092
lodo,attn,BD,GQ448499.1.1381,Ctrl,-0.0963082335939462,-0.0963082335939462,-0.0963082335939462
lodo,attn,BD,GQ897435.1.1479,Ctrl,-0.0956852099867236,-0.0956852099867236,-0.0956852099867236
lodo,attn,BD,KF842080.1.1260,Ctrl,-0.0954224331328483,-0.0954224331328483,-0.0954224331328483
lodo,attn,BD,DQ798603.1.1202,Ctrl,-0.0950904900500616,-0.0950904900500616,-0.0950904900500616
lodo,attn,BD,DQ800682.1.1204,Ctrl,-0.0940931814416518,-0.0940931814416518,-0.0940931814416518
lodo,attn,BD,KX130890.1.1202,Ctrl,-0.0938720523007729,-0.0938720523007729,-0.0938720523007729
lodo,attn,BD,KY780347.1.1200,Ctrl,-0.0932445870024301,-0.0932445870024301,-0.0932445870024301
lodo,attn,BD,DQ824266.1.1288,Ctrl,-0.0925038927819429,-0.0925038927819429,-0.0925038927819429
lodo,attn,BD,FJ369668.1.1239,Ctrl,-0.0918659139375593,-0.0918659139375593,-0.0918659139375593
lodo,attn,BD,DQ807031.1.1284,Ctrl,-0.0912231050638743,-0.0912231050638743,-0.0912231050638743
lodo,attn,BD,JF135466.1.1371,Ctrl,-0.0903958025501087,-0.0903958025501087,-0.0903958025501087
lodo,attn,BD,DQ823787.1.1236,Ctrl,-0.0881404319693638,-0.0881404319693638,-0.0881404319693638
lodo,attn,BD,FJ366838.1.1357,Ctrl,-0.0881389709274689,-0.0881389709274689,-0.0881389709274689
lodo,attn,BD,JQ608027.1.1424,Ctrl,-0.0866287492067851,-0.0866287492067851,-0.0866287492067851
lodo,attn,BD,FJ362935.1.1246,Ctrl,-0.0860867654088093,-0.0860867654088093,-0.0860867654088093
lodo,attn,BD,AY981913.1.1349,Ctrl,-0.0854738187675441,-0.0854738187675441,-0.0854738187675441
lodo,attn,BD,FJ370173.1.1369,Ctrl,-0.0848013400596406,-0.0848013400596406,-0.0848013400596406
lodo,attn,BD,EF071257.1.1224,Ctrl,-0.0846954954922764,-0.0846954954922764,-0.0846954954922764
lodo,attn,BD,DQ797516.1.1343,Ctrl,-0.0846937870696416,-0.0846937870696416,-0.0846937870696416
lodo,attn,BD,DQ809069.1.1219,Ctrl,-0.0846828084082923,-0.0846828084082923,-0.0846828084082923
lodo,attn,BD,JQ190854.1.1350,Ctrl,-0.0846712709639605,-0.0846712709639605,-0.0846712709639605
lodo,attn,BD,AY985779.1.1355,Ctrl,-0.084261565431569,-0.084261565431569,-0.084261565431569
lodo,attn,BD,JF058121.1.1279,Ctrl,-0.0841285452387873,-0.0841285452387873,-0.0841285452387873
lodo,attn,BD,DQ808753.1.1287,Ctrl,-0.0839484982465816,-0.0839484982465816,-0.0839484982465816
lodo,attn,BD,GQ492318.1.1347,Ctrl,-0.0832821592299566,-0.0832821592299566,-0.0832821592299566
lodo,attn,BD,GQ492847.1.1200,Ctrl,-0.0828817097935151,-0.0828817097935151,-0.0828817097935151
lodo,attn,BD,GQ003913.1.1349,BD,0.1213059949638765,0.1213059949638765,0.1213059949638765
lodo,attn,BD,DQ795411.1.1205,BD,0.1216387038742859,0.1216387038742859,0.1216387038742859
lodo,attn,BD,DQ174182.1.1339,BD,0.1217893420827254,0.1217893420827254,0.1217893420827254
lodo,attn,BD,HQ806131.1.1433,BD,0.1226189775511686,0.1226189775511686,0.1226189775511686
lodo,attn,BD,KF100359.1.1360,BD,0.1300579647570984,0.1300579647570984,0.1300579647570984
lodo,attn,BD,GQ492469.1.1357,BD,0.132754072166635,0.132754072166635,0.132754072166635
lodo,attn,BD,HQ810946.1.1476,BD,0.1345152275721622,0.1345152275721622,0.1345152275721622
lodo,attn,BD,JQ460165.1.1205,BD,0.1346956992320875,0.1346956992320875,0.1346956992320875
lodo,attn,BD,GQ491354.1.1233,BD,0.1354315879227832,0.1354315879227832,0.1354315879227832
lodo,attn,BD,MH475112.1.1201,BD,0.1378032989349236,0.1378032989349236,0.1378032989349236
lodo,attn,BD,FJ505543.1.1378,BD,0.1403857464496097,0.1403857464496097,0.1403857464496097
lodo,attn,BD,EF401880.1.1492,BD,0.1425074410077626,0.1425074410077626,0.1425074410077626
lodo,attn,BD,HQ804155.1.1275,BD,0.1425218204328007,0.1425218204328007,0.1425218204328007
lodo,attn,BD,FJ557765.1.1386,BD,0.1432462423148,0.1432462423148,0.1432462423148
lodo,attn,BD,DQ799308.1.1322,BD,0.1461042607072948,0.1461042607072948,0.1461042607072948
lodo,attn,BD,HM276114.1.1357,BD,0.1516190454540539,0.1516190454540539,0.1516190454540539
lodo,attn,BD,GQ493374.1.1373,BD,0.1529297926722639,0.1529297926722639,0.1529297926722639
lodo,attn,BD,GQ493973.1.1202,BD,0.1547660842140378,0.1547660842140378,0.1547660842140378
lodo,attn,BD,DQ795266.1.1352,BD,0.1548653228250092,0.1548653228250092,0.1548653228250092
lodo,attn,BD,JN698650.1.1277,BD,0.1554367977599108,0.1554367977599108,0.1554367977599108
lodo,attn,BD,DQ673535.1.1495,BD,0.1575077572001282,0.1575077572001282,0.1575077572001282
lodo,attn,BD,JQ607154.1.1324,BD,0.1579212515013291,0.1579212515013291,0.1579212515013291
lodo,attn,BD,FMFL01000027.72847.74341,BD,0.1620936596268334,0.1620936596268334,0.1620936596268334
lodo,attn,BD,KP214597.3.1209,BD,0.1656654704911442,0.1656654704911442,0.1656654704911442
lodo,attn,BD,JQ453304.1.1401,BD,0.1660589047368298,0.1660589047368298,0.1660589047368298
lodo,attn,BD,KY003111.1.1207,BD,0.166749616853763,0.166749616853763,0.166749616853763
lodo,attn,BD,FJ557734.1.1287,BD,0.1710240173138012,0.1710240173138012,0.1710240173138012
lodo,attn,BD,DQ793812.1.1284,BD,0.1819158999893483,0.1819158999893483,0.1819158999893483
lodo,attn,BD,DQ804810.1.1224,BD,0.1820785510824644,0.1820785510824644,0.1820785510824644
lodo,attn,BD,JQ190020.1.1395,BD,0.1842840272882808,0.1842840272882808,0.1842840272882808
lodo,attn,BD,HK555826.1.1289,BD,0.1893476087272706,0.1893476087272706,0.1893476087272706
lodo,attn,BD,FJ507647.1.1369,BD,0.1925378437778373,0.1925378437778373,0.1925378437778373
lodo,attn,BD,JX048356.1.1310,BD,0.2116481323036192,0.2116481323036192,0.2116481323036192
lodo,attn,BD,GQ493077.1.1232,BD,0.2438471772842977,0.2438471772842977,0.2438471772842977
lodo,attn,BD,JQ467788.1.1220,BD,0.2589901403484274,0.2589901403484274,0.2589901403484274
lodo,attn,BD,JX222461.1.1361,BD,0.2636268662650727,0.2636268662650727,0.2636268662650727
lodo,attn,BD,FJ558430.1.1233,BD,0.2709227114631158,0.2709227114631158,0.2709227114631158
lodo,attn,BD,KF101798.1.1358,BD,0.2958569459388744,0.2958569459388744,0.2958569459388744
lodo,attn,BD,JQ455437.1.1278,BD,0.2994291488527664,0.2994291488527664,0.2994291488527664
lodo,attn,BD,KF589293.1.1200,BD,0.3202946718571484,0.3202946718571484,0.3202946718571484
lodo,attn,BD,JF797519.1.1303,BD,0.3310272143733325,0.3310272143733325,0.3310272143733325
lodo,attn,BD,JQ467804.1.1375,BD,0.3411396188665166,0.3411396188665166,0.3411396188665166
lodo,attn,BD,GQ358260.1.1206,BD,0.3577400413839966,0.3577400413839966,0.3577400413839966
lodo,attn,BD,EF519868.1.1382,BD,0.3687112563417849,0.3687112563417849,0.3687112563417849
lodo,attn,BD,KH493948.1.1328,BD,0.3847847730336465,0.3847847730336465,0.3847847730336465
lodo,attn,BD,AF338413.1.1408,BD,0.4514541505345697,0.4514541505345697,0.4514541505345697
lodo,attn,BD,KF722190.1.1261,BD,0.4551515350875097,0.4551515350875097,0.4551515350875097
lodo,attn,BD,HM294795.1.1361,BD,0.4685337461060851,0.4685337461060851,0.4685337461060851
lodo,attn,BD,FJ681576.1.1393,BD,0.5346144606237611,0.5346144606237611,0.5346144606237611
lodo,attn,BD,GQ491160.1.1334,BD,0.5561946689734438,0.5561946689734438,0.5561946689734438
lodo,attn,CAD,GQ897955.1.1488,Ctrl,-0.4982554799398399,-0.4982554799398399,-0.4982554799398399
lodo,attn,CAD,JQ460175.1.1343,Ctrl,-0.4764201726367815,-0.4764201726367815,-0.4764201726367815
lodo,attn,CAD,X65935.1.1488,Ctrl,-0.377705925939729,-0.377705925939729,-0.377705925939729
lodo,attn,CAD,HM317142.1.1384,Ctrl,-0.3550830785970902,-0.3550830785970902,-0.3550830785970902
lodo,attn,CAD,AY982398.1.1375,Ctrl,-0.352243975623298,-0.352243975623298,-0.352243975623298
lodo,attn,CAD,KF089553.1.1340,Ctrl,-0.3497007983878145,-0.3497007983878145,-0.3497007983878145
lodo,attn,CAD,MF188186.1.1280,Ctrl,-0.3206299382140499,-0.3206299382140499,-0.3206299382140499
lodo,attn,CAD,HL283484.1.1209,Ctrl,-0.3184992729313876,-0.3184992729313876,-0.3184992729313876
lodo,attn,CAD,KH493948.1.1328,Ctrl,-0.28634687816726,-0.28634687816726,-0.28634687816726
lodo,attn,CAD,JF703604.1.1513,Ctrl,-0.2770328034053692,-0.2770328034053692,-0.2770328034053692
lodo,attn,CAD,GQ491640.1.1266,Ctrl,-0.2486146815515369,-0.2486146815515369,-0.2486146815515369
lodo,attn,CAD,HQ806883.1.1241,Ctrl,-0.1907345466591917,-0.1907345466591917,-0.1907345466591917
lodo,attn,CAD,FAVI01000008.1703276.1704567,Ctrl,-0.1845536354012042,-0.1845536354012042,-0.1845536354012042
lodo,attn,CAD,KT021534.1.1267,Ctrl,-0.1694056485189786,-0.1694056485189786,-0.1694056485189786
lodo,attn,CAD,GQ491133.1.1360,Ctrl,-0.1658860931793083,-0.1658860931793083,-0.1658860931793083
lodo,attn,CAD,FJ370523.1.1357,Ctrl,-0.163556242301199,-0.163556242301199,-0.163556242301199
lodo,attn,CAD,LARF01000109.1.1225,Ctrl,-0.1603940819266645,-0.1603940819266645,-0.1603940819266645
lodo,attn,CAD,KR997600.1.1302,Ctrl,-0.1528126716790971,-0.1528126716790971,-0.1528126716790971
lodo,attn,CAD,DQ803510.1.1401,Ctrl,-0.1515612342753166,-0.1515612342753166,-0.1515612342753166
lodo,attn,CAD,KM406493.1.1445,Ctrl,-0.1476792844028938,-0.1476792844028938,-0.1476792844028938
lodo,attn,CAD,FJ503081.1.1238,Ctrl,-0.1473183639619699,-0.1473183639619699,-0.1473183639619699
lodo,attn,CAD,HQ814488.1.1424,Ctrl,-0.1448474181090543,-0.1448474181090543,-0.1448474181090543
lodo,attn,CAD,JQ467297.1.1208,Ctrl,-0.1426847968043458,-0.1426847968043458,-0.1426847968043458
lodo,attn,CAD,MH266246.1.1224,Ctrl,-0.1414404622788992,-0.1414404622788992,-0.1414404622788992
lodo,attn,CAD,KF097597.1.1350,Ctrl,-0.1412455106667547,-0.1412455106667547,-0.1412455106667547
lodo,attn,CAD,AB741663.1.1324,Ctrl,-0.1311102469786921,-0.1311102469786921,-0.1311102469786921
lodo,attn,CAD,DQ905133.1.1451,Ctrl,-0.1304565583360276,-0.1304565583360276,-0.1304565583360276
lodo,attn,CAD,HQ762996.1.1442,Ctrl,-0.1301470597150509,-0.1301470597150509,-0.1301470597150509
lodo,attn,CAD,DQ798603.1.1202,Ctrl,-0.1232754049907352,-0.1232754049907352,-0.1232754049907352
lodo,attn,CAD,DQ793742.1.1312,Ctrl,-0.1194336196861338,-0.1194336196861338,-0.1194336196861338
lodo,attn,CAD,JX096007.1.1204,Ctrl,-0.1194181950074428,-0.1194181950074428,-0.1194181950074428
lodo,attn,CAD,KR185326.1.1423,Ctrl,-0.1156359614439321,-0.1156359614439321,-0.1156359614439321
lodo,attn,CAD,AY911443.1.1200,Ctrl,-0.114941835340581,-0.114941835340581,-0.114941835340581
lodo,attn,CAD,HQ807284.1.1274,Ctrl,-0.1105859234121167,-0.1105859234121167,-0.1105859234121167
lodo,attn,CAD,HQ759687.1.1240,Ctrl,-0.1081540427340641,-0.1081540427340641,-0.1081540427340641
lodo,attn,CAD,KP334252.1.1211,Ctrl,-0.1072067416976104,-0.1072067416976104,-0.1072067416976104
lodo,attn,CAD,AY916210.1.1353,Ctrl,-0.1061443639260518,-0.1061443639260518,-0.1061443639260518
lodo,attn,CAD,FMFF01000017.506.2051,Ctrl,-0.1026394593551006,-0.1026394593551006,-0.1026394593551006
lodo,attn,CAD,MG675050.1.1274,Ctrl,-0.1002693521587624,-0.1002693521587624,-0.1002693521587624
lodo,attn,CAD,GQ492833.1.1370,Ctrl,-0.100018755167247,-0.100018755167247,-0.100018755167247
lodo,attn,CAD,ABDV01000025.23975.25492,Ctrl,-0.096624915113227,-0.096624915113227,-0.096624915113227
lodo,attn,CAD,JN698650.1.1277,Ctrl,-0.0943552494177362,-0.0943552494177362,-0.0943552494177362
lodo,attn,CAD,KR866070.1.1208,Ctrl,-0.0931847152803976,-0.0931847152803976,-0.0931847152803976
lodo,attn,CAD,JF057160.1.1343,Ctrl,-0.0927747365002309,-0.0927747365002309,-0.0927747365002309
lodo,attn,CAD,FJ371815.1.1309,Ctrl,-0.0917296429327859,-0.0917296429327859,-0.0917296429327859
lodo,attn,CAD,HM122049.1.1317,Ctrl,-0.0903916886143571,-0.0903916886143571,-0.0903916886143571
lodo,attn,CAD,FJ369308.1.1240,Ctrl,-0.0900952870774417,-0.0900952870774417,-0.0900952870774417
lodo,attn,CAD,DQ809148.1.1387,Ctrl,-0.0881503827828243,-0.0881503827828243,-0.0881503827828243
lodo,attn,CAD,DQ798267.1.1392,Ctrl,-0.0872881458831043,-0.0872881458831043,-0.0872881458831043
lodo,attn,CAD,DQ796718.1.1314,Ctrl,-0.0836533576690146,-0.0836533576690146,-0.0836533576690146
lodo,attn,CAD,HQ759766.1.1439,CAD,0.1590011234306284,0.1590011234306284,0.1590011234306284
lodo,attn,CAD,DQ800882.1.1387,CAD,0.1599128403550677,0.1599128403550677,0.1599128403550677
lodo,attn,CAD,HQ407299.1.1289,CAD,0.1599422719792246,0.1599422719792246,0.1599422719792246
lodo,attn,CAD,GQ492083.1.1349,CAD,0.1609153535888222,0.1609153535888222,0.1609153535888222
lodo,attn,CAD,DQ803561.1.1379,CAD,0.1631246120909983,0.1631246120909983,0.1631246120909983
lodo,attn,CAD,FJ371873.1.1224,CAD,0.16481550802668,0.16481550802668,0.16481550802668
lodo,attn,CAD,DQ795266.1.1352,CAD,0.1729380463553996,0.1729380463553996,0.1729380463553996
lodo,attn,CAD,JX048223.1.1400,CAD,0.174360742234536,0.174360742234536,0.174360742234536
lodo,attn,CAD,KF843026.1.1355,CAD,0.1745752087322631,0.1745752087322631,0.1745752087322631
lodo,attn,CAD,MK045820.1.1475,CAD,0.1757577611570365,0.1757577611570365,0.1757577611570365
lodo,attn,CAD,KY795327.1.1204,CAD,0.176017085363062,0.176017085363062,0.176017085363062
lodo,attn,CAD,DQ799425.1.1396,CAD,0.1760734006174195,0.1760734006174195,0.1760734006174195
lodo,attn,CAD,AB064919.1.1492,CAD,0.1761081617127944,0.1761081617127944,0.1761081617127944
lodo,attn,CAD,DQ806573.1.1391,CAD,0.1782267115538524,0.1782267115538524,0.1782267115538524
lodo,attn,CAD,KC160493.1.1379,CAD,0.1794533962979984,0.1794533962979984,0.1794533962979984
lodo,attn,CAD,FJ558299.1.1272,CAD,0.1803544944046455,0.1803544944046455,0.1803544944046455
lodo,attn,CAD,AJ278694.1.1411,CAD,0.1807885807202122,0.1807885807202122,0.1807885807202122
lodo,attn,CAD,Y18274.1.1429,CAD,0.181415817091492,0.181415817091492,0.181415817091492
lodo,attn,CAD,FJ802340.1.1203,CAD,0.1842050375784491,0.1842050375784491,0.1842050375784491
lodo,attn,CAD,HK241305.1.1237,CAD,0.1843777557110503,0.1843777557110503,0.1843777557110503
lodo,attn,CAD,MH447010.1.1277,CAD,0.1879212283550469,0.1879212283550469,0.1879212283550469
lodo,attn,CAD,JX095988.1.1318,CAD,0.1936400227425008,0.1936400227425008,0.1936400227425008
lodo,attn,CAD,KF098306.1.1368,CAD,0.2062425650012567,0.2062425650012567,0.2062425650012567
lodo,attn,CAD,AY169416.1.1303,CAD,0.2087473152175917,0.2087473152175917,0.2087473152175917
lodo,attn,CAD,HQ762383.1.1468,CAD,0.2098786575724274,0.2098786575724274,0.2098786575724274
lodo,attn,CAD,LT223572.1.1482,CAD,0.2164716051609088,0.2164716051609088,0.2164716051609088
lodo,attn,CAD,HK555573.1.1345,CAD,0.218037783849903,0.218037783849903,0.218037783849903
lodo,attn,CAD,GQ492440.1.1365,CAD,0.22285864820036,0.22285864820036,0.22285864820036
lodo,attn,CAD,JQ191031.1.1331,CAD,0.2358616262302645,0.2358616262302645,0.2358616262302645
lodo,attn,CAD,KP091745.1.1237,CAD,0.242931214953403,0.242931214953403,0.242931214953403
lodo,attn,CAD,AF473837.1.1440,CAD,0.2633343153146863,0.2633343153146863,0.2633343153146863
lodo,attn,CAD,DQ366691.1.1269,CAD,0.2890752241489335,0.2890752241489335,0.2890752241489335
lodo,attn,CAD,FJ364770.1.1339,CAD,0.3074002305115323,0.3074002305115323,0.3074002305115323
lodo,attn,CAD,FN547980.1.1210,CAD,0.3390096379066649,0.3390096379066649,0.3390096379066649
lodo,attn,CAD,FJ557734.1.1287,CAD,0.3418949591235578,0.3418949591235578,0.3418949591235578
lodo,attn,CAD,MH447050.1.1256,CAD,0.3496935593602322,0.3496935593602322,0.3496935593602322
lodo,attn,CAD,JX678705.1.1388,CAD,0.354388493416301,0.354388493416301,0.354388493416301
lodo,attn,CAD,FJ032587.1.1219,CAD,0.3582056674244344,0.3582056674244344,0.3582056674244344
lodo,attn,CAD,EF434343.1.1369,CAD,0.3602633885564053,0.3602633885564053,0.3602633885564053
lodo,attn,CAD,FJ558238.1.1275,CAD,0.4684837235157222,0.4684837235157222,0.4684837235157222
lodo,attn,CAD,FJ364835.1.1389,CAD,0.4745145281059402,0.4745145281059402,0.4745145281059402
lodo,attn,CAD,MG245801.1.1200,CAD,0.5051333824690623,0.5051333824690623,0.5051333824690623
lodo,attn,CAD,AY985264.1.1386,CAD,0.5133700068417647,0.5133700068417647,0.5133700068417647
lodo,attn,CAD,JN004064.1.1431,CAD,0.5425049231359381,0.5425049231359381,0.5425049231359381
lodo,attn,CAD,MH685147.1.1453,CAD,0.564703945424232,0.564703945424232,0.564703945424232
lodo,attn,CAD,JX095999.1.1410,CAD,0.6431968930941239,0.6431968930941239,0.6431968930941239
lodo,attn,CAD,FJ983115.1.1241,CAD,0.6646823917747597,0.6646823917747597,0.6646823917747597
lodo,attn,CAD,FJ975930.1.1341,CAD,1.4238616359584635,1.4238616359584635,1.4238616359584635
lodo,attn,CAD,JQ467804.1.1375,CAD,1.4949826758657834,1.4949826758657834,1.4949826758657834
lodo,attn,CAD,MH813973.1.1314,CAD,1.6008962402561897,1.6008962402561897,1.6008962402561897
lodo,attn,CRC,FJ369196.1.1353,Ctrl,-0.2358076644868366,-0.2358076644868366,-0.2358076644868366
lodo,attn,CRC,JQ186387.1.1365,Ctrl,-0.1874337031273313,-0.1874337031273313,-0.1874337031273313
lodo,attn,CRC,HQ766049.1.1250,Ctrl,-0.1852128696935709,-0.1852128696935709,-0.1852128696935709
lodo,attn,CRC,JF110835.1.1384,Ctrl,-0.1788604559588349,-0.1788604559588349,-0.1788604559588349
lodo,attn,CRC,KY003111.1.1207,Ctrl,-0.1707967174194321,-0.1707967174194321,-0.1707967174194321
lodo,attn,CRC,JX095969.1.1221,Ctrl,-0.1488831873272019,-0.1488831873272019,-0.1488831873272019
lodo,attn,CRC,FJ562129.1.1311,Ctrl,-0.1281367347841301,-0.1281367347841301,-0.1281367347841301
lodo,attn,CRC,FJ371179.1.1259,Ctrl,-0.1234618417387519,-0.1234618417387519,-0.1234618417387519
lodo,attn,CRC,JQ455437.1.1278,Ctrl,-0.1172187365915467,-0.1172187365915467,-0.1172187365915467
lodo,attn,CRC,HQ754370.1.1215,Ctrl,-0.1137198892169781,-0.1137198892169781,-0.1137198892169781
lodo,attn,CRC,CP024127.4095583.4097139,Ctrl,-0.112311223233851,-0.112311223233851,-0.112311223233851
lodo,attn,CRC,DQ799352.1.1291,Ctrl,-0.1085220023638573,-0.1085220023638573,-0.1085220023638573
lodo,attn,CRC,JX095820.1.1364,Ctrl,-0.1075760523055743,-0.1075760523055743,-0.1075760523055743
lodo,attn,CRC,AB639144.1.1469,Ctrl,-0.1049768949709357,-0.1049768949709357,-0.1049768949709357
lodo,attn,CRC,ABEZ02000015.506.1996,Ctrl,-0.1036999405959758,-0.1036999405959758,-0.1036999405959758
lodo,attn,CRC,FJ558299.1.1272,Ctrl,-0.1030134112203833,-0.1030134112203833,-0.1030134112203833
lodo,attn,CRC,DQ809511.1.1390,Ctrl,-0.0970237281026586,-0.0970237281026586,-0.0970237281026586
lodo,attn,CRC,HQ794846.1.1268,Ctrl,-0.0962365060022549,-0.0962365060022549,-0.0962365060022549
lodo,attn,CRC,FPLO01006297.16.1502,Ctrl,-0.0926675534443005,-0.0926675534443005,-0.0926675534443005
lodo,attn,CRC,DQ806077.1.1402,Ctrl,-0.0911903818207695,-0.0911903818207695,-0.0911903818207695
lodo,attn,CRC,FJ371195.1.1316,Ctrl,-0.0909638674541848,-0.0909638674541848,-0.0909638674541848
lodo,attn,CRC,GQ014215.1.1357,Ctrl,-0.0909451339677154,-0.0909451339677154,-0.0909451339677154
lodo,attn,CRC,MH266246.1.1224,Ctrl,-0.0908995025026823,-0.0908995025026823,-0.0908995025026823
lodo,attn,CRC,KY550379.1.1217,Ctrl,-0.087673990185743,-0.087673990185743,-0.087673990185743
lodo,attn,CRC,AP010969.19547.20881,Ctrl,-0.0874348796911623,-0.0874348796911623,-0.0874348796911623
lodo,attn,CRC,DQ808652.1.1281,Ctrl,-0.0823881060104923,-0.0823881060104923,-0.0823881060104923
lodo,attn,CRC,DQ793742.1.1312,Ctrl,-0.0820245836877963,-0.0820245836877963,-0.0820245836877963
lodo,attn,CRC,GQ492452.1.1220,Ctrl,-0.0800503189408335,-0.0800503189408335,-0.0800503189408335
lodo,attn,CRC,GQ492470.1.1319,Ctrl,-0.0797868406617784,-0.0797868406617784,-0.0797868406617784
lodo,attn,CRC,GQ144701.1.1205,Ctrl,-0.0790256130643341,-0.0790256130643341,-0.0790256130643341
lodo,attn,CRC,FJ369123.1.1313,Ctrl,-0.0780069566741205,-0.0780069566741205,-0.0780069566741205
lodo,attn,CRC,HQ806883.1.1241,Ctrl,-0.0772451351182636,-0.0772451351182636,-0.0772451351182636
lodo,attn,CRC,JQ191045.1.1353,Ctrl,-0.0770808542108185,-0.0770808542108185,-0.0770808542108185
lodo,attn,CRC,DQ441339.1.1318,Ctrl,-0.0766397850769298,-0.0766397850769298,-0.0766397850769298
lodo,attn,CRC,FJ363133.1.1363,Ctrl,-0.0761480595755743,-0.0761480595755743,-0.0761480595755743
lodo,attn,CRC,FJ368864.1.1363,Ctrl,-0.0756529139950548,-0.0756529139950548,-0.0756529139950548
lodo,attn,CRC,GQ491230.1.1350,Ctrl,-0.0755008146197537,-0.0755008146197537,-0.0755008146197537
lodo,attn,CRC,AY995251.1.1356,Ctrl,-0.0754396039571181,-0.0754396039571181,-0.0754396039571181
lodo,attn,CRC,DQ794603.1.1392,Ctrl,-0.0753973752250917,-0.0753973752250917,-0.0753973752250917
lodo,attn,CRC,DQ905725.1.1572,Ctrl,-0.0747375616703029,-0.0747375616703029,-0.0747375616703029
lodo,attn,CRC,DQ807031.1.1284,Ctrl,-0.072018103480658,-0.072018103480658,-0.072018103480658
lodo,attn,CRC,EF071211.1.1211,Ctrl,-0.0710880211390829,-0.0710880211390829,-0.0710880211390829
lodo,attn,CRC,FJ371776.1.1255,Ctrl,-0.0709471901873971,-0.0709471901873971,-0.0709471901873971
lodo,attn,CRC,KJ412985.1.1234,Ctrl,-0.0707463106899045,-0.0707463106899045,-0.0707463106899045
lodo,attn,CRC,EF402847.1.1496,Ctrl,-0.0704200972587087,-0.0704200972587087,-0.0704200972587087
lodo,attn,CRC,AY850535.1.1224,Ctrl,-0.0701762842088034,-0.0701762842088034,-0.0701762842088034
lodo,attn,CRC,KF072758.1.1379,Ctrl,-0.0701380835148397,-0.0701380835148397,-0.0701380835148397
lodo,attn,CRC,DQ807049.1.1401,Ctrl,-0.0700683259582366,-0.0700683259582366,-0.0700683259582366
lodo,attn,CRC,JN639385.1.1262,Ctrl,-0.0699037418173037,-0.0699037418173037,-0.0699037418173037
lodo,attn,CRC,EF434366.1.1353,Ctrl,-0.069656214960779,-0.069656214960779,-0.069656214960779
lodo,attn,CRC,DQ805904.1.1285,CRC,0.0996770205626579,0.0996770205626579,0.0996770205626579
lodo,attn,CRC,FJ363382.1.1367,CRC,0.0996977637271023,0.0996977637271023,0.0996977637271023
lodo,attn,CRC,HK241305.1.1237,CRC,0.1008789829161406,0.1008789829161406,0.1008789829161406
lodo,attn,CRC,GQ871721.1.1492,CRC,0.1060066547623656,0.1060066547623656,0.1060066547623656
lodo,attn,CRC,AY850447.1.1240,CRC,0.1067799524215034,0.1067799524215034,0.1067799524215034
lodo,attn,CRC,HQ785850.1.1200,CRC,0.1069037304299075,0.1069037304299075,0.1069037304299075
lodo,attn,CRC,EF401863.1.1477,CRC,0.1087934706462692,0.1087934706462692,0.1087934706462692
lodo,attn,CRC,FJ557765.1.1386,CRC,0.1090582228344036,0.1090582228344036,0.1090582228344036
lodo,attn,CRC,AM420266.1.1496,CRC,0.1100770299816065,0.1100770299816065,0.1100770299816065
lodo,attn,CRC,DQ798981.1.1383,CRC,0.1114799900866248,0.1114799900866248,0.1114799900866248
lodo,attn,CRC,AM420111.1.1380,CRC,0.1118123386913967,0.1118123386913967,0.1118123386913967
lodo,attn,CRC,DQ794369.1.1366,CRC,0.1137376570914888,0.1137376570914888,0.1137376570914888
lodo,attn,CRC,DQ803545.1.1390,CRC,0.1186115904669864,0.1186115904669864,0.1186115904669864
lodo,attn,CRC,KF084610.1.1355,CRC,0.119805707571164,0.119805707571164,0.119805707571164
lodo,attn,CRC,KF065074.1.1324,CRC,0.1210332191170256,0.1210332191170256,0.1210332191170256
lodo,attn,CRC,GQ175371.1.1438,CRC,0.1222119342902846,0.1222119342902846,0.1222119342902846
lodo,attn,CRC,JQ466236.1.1307,CRC,0.1233154698376187,0.1233154698376187,0.1233154698376187
lodo,attn,CRC,HK555826.1.1289,CRC,0.1237004587397688,0.1237004587397688,0.1237004587397688
lodo,attn,CRC,FJ367809.1.1347,CRC,0.1237755593006888,0.1237755593006888,0.1237755593006888
lodo,attn,CRC,KF411699.1.1355,CRC,0.1255708763939969,0.1255708763939969,0.1255708763939969
lodo,attn,CRC,JQ460165.1.1205,CRC,0.1286554194773623,0.1286554194773623,0.1286554194773623
lodo,attn,CRC,HK241686.1.1273,CRC,0.1340049050780916,0.1340049050780916,0.1340049050780916
lodo,attn,CRC,KX881777.1.1230,CRC,0.134734159118191,0.134734159118191,0.134734159118191
lodo,attn,CRC,AJ006962.1.1476,CRC,0.1365735156676661,0.1365735156676661,0.1365735156676661
lodo,attn,CRC,GQ491939.1.1201,CRC,0.1378566519727008,0.1378566519727008,0.1378566519727008
lodo,attn,CRC,MG245801.1.1200,CRC,0.1407408220972033,0.1407408220972033,0.1407408220972033
lodo,attn,CRC,DQ326634.1.1352,CRC,0.1461940288608806,0.1461940288608806,0.1461940288608806
lodo,attn,CRC,JF803519.1.1479,CRC,0.148713601004634,0.148713601004634,0.148713601004634
lodo,attn,CRC,JQ460153.1.1289,CRC,0.1500231905388852,0.1500231905388852,0.1500231905388852
lodo,attn,CRC,GQ014747.1.1357,CRC,0.1503023828689504,0.1503023828689504,0.1503023828689504
lodo,attn,CRC,GQ006702.1.1361,CRC,0.1599705813410397,0.1599705813410397,0.1599705813410397
lodo,attn,CRC,JX096007.1.1204,CRC,0.1703558598425797,0.1703558598425797,0.1703558598425797
lodo,attn,CRC,AM419999.1.1277,CRC,0.1845198782305595,0.1845198782305595,0.1845198782305595
lodo,attn,CRC,X55410.1.1333,CRC,0.1852723270007832,0.1852723270007832,0.1852723270007832
lodo,attn,CRC,GQ014737.1.1357,CRC,0.1921235323787057,0.1921235323787057,0.1921235323787057
lodo,attn,CRC,DQ794702.1.1380,CRC,0.1994680366445185,0.1994680366445185,0.1994680366445185
lodo,attn,CRC,KF100359.1.1360,CRC,0.2009555634825172,0.2009555634825172,0.2009555634825172
lodo,attn,CRC,FN178464.1.1428,CRC,0.2120737125760198,0.2120737125760198,0.2120737125760198
lodo,attn,CRC,KF101798.1.1358,CRC,0.2423988344835964,0.2423988344835964,0.2423988344835964
lodo,attn,CRC,KF843440.1.1336,CRC,0.2442639501910447,0.2442639501910447,0.2442639501910447
lodo,attn,CRC,FJ367645.1.1320,CRC,0.2548253808175852,0.2548253808175852,0.2548253808175852
lodo,attn,CRC,JQ449887.1.1241,CRC,0.2566104019016195,0.2566104019016195,0.2566104019016195
lodo,attn,CRC,JQ466159.1.1285,CRC,0.2610926597425601,0.2610926597425601,0.2610926597425601
lodo,attn,CRC,FJ947528.1.1381,CRC,0.2661812581050617,0.2661812581050617,0.2661812581050617
lodo,attn,CRC,GQ491160.1.1334,CRC,0.2989607838933389,0.2989607838933389,0.2989607838933389
lodo,attn,CRC,FJ792537.1.1368,CRC,0.3508979871557904,0.3508979871557904,0.3508979871557904
lodo,attn,CRC,AJ239312.1.1355,CRC,0.3527589468251024,0.3527589468251024,0.3527589468251024
lodo,attn,CRC,JQ467804.1.1375,CRC,0.7320043776661713,0.7320043776661713,0.7320043776661713
lodo,attn,CRC,JQ467142.1.1299,CRC,0.8434040010270221,0.8434040010270221,0.8434040010270221
lodo,attn,CRC,FJ557734.1.1287,CRC,1.0548485614051106,1.0548485614051106,1.0548485614051106
lodo,attn,GD,KF722436.1.1288,Ctrl,-1.691651094604422,-1.691651094604422,-1.691651094604422
lodo,attn,GD,HQ704868.1.1255,Ctrl,-0.4236614941146781,-0.4236614941146781,-0.4236614941146781
lodo,attn,GD,JQ460078.1.1253,Ctrl,-0.3102917491944588,-0.3102917491944588,-0.3102917491944588
lodo,attn,GD,DQ809291.1.1378,Ctrl,-0.3051575283689741,-0.3051575283689741,-0.3051575283689741
lodo,attn,GD,KF101789.1.1361,Ctrl,-0.3050722871099603,-0.3050722871099603,-0.3050722871099603
lodo,attn,GD,DQ804810.1.1224,Ctrl,-0.2988079634918252,-0.2988079634918252,-0.2988079634918252
lodo,attn,GD,DQ803256.1.1283,Ctrl,-0.2949158597337351,-0.2949158597337351,-0.2949158597337351
lodo,attn,GD,KP214597.3.1209,Ctrl,-0.2630239397674544,-0.2630239397674544,-0.2630239397674544
lodo,attn,GD,MNCJ01001253.264179.265409,Ctrl,-0.262505717023224,-0.262505717023224,-0.262505717023224
lodo,attn,GD,DQ794427.1.1242,Ctrl,-0.1921460194712426,-0.1921460194712426,-0.1921460194712426
lodo,attn,GD,AF129868.1.1462,Ctrl,-0.1880599479720039,-0.1880599479720039,-0.1880599479720039
lodo,attn,GD,EF071211.1.1211,Ctrl,-0.1871079652769255,-0.1871079652769255,-0.1871079652769255
lodo,attn,GD,GQ491419.1.1322,Ctrl,-0.1848298148869336,-0.1848298148869336,-0.1848298148869336
lodo,attn,GD,JQ607154.1.1324,Ctrl,-0.1809944935630124,-0.1809944935630124,-0.1809944935630124
lodo,attn,GD,FJ364700.1.1381,Ctrl,-0.1792528800906865,-0.1792528800906865,-0.1792528800906865
lodo,attn,GD,DQ805451.1.1283,Ctrl,-0.1778882886384648,-0.1778882886384648,-0.1778882886384648
lodo,attn,GD,JF110574.1.1364,Ctrl,-0.1744826012208374,-0.1744826012208374,-0.1744826012208374
lodo,attn,GD,JQ455365.1.1268,Ctrl,-0.1716156430506561,-0.1716156430506561,-0.1716156430506561
lodo,attn,GD,DQ824084.1.1291,Ctrl,-0.1703564524694723,-0.1703564524694723,-0.1703564524694723
lodo,attn,GD,GQ491939.1.1201,Ctrl,-0.1609952840545197,-0.1609952840545197,-0.1609952840545197
lodo,attn,GD,HQ769937.1.1427,Ctrl,-0.1579298595204436,-0.1579298595204436,-0.1579298595204436
lodo,attn,GD,FN667250.1.1445,Ctrl,-0.1563895009514004,-0.1563895009514004,-0.1563895009514004
lodo,attn,GD,GQ492203.1.1207,Ctrl,-0.1563040529564867,-0.1563040529564867,-0.1563040529564867
lodo,attn,GD,DQ797427.1.1369,Ctrl,-0.1500785215983387,-0.1500785215983387,-0.1500785215983387
lodo,attn,GD,FJ367045.1.1321,Ctrl,-0.149227779883954,-0.149227779883954,-0.149227779883954
lodo,attn,GD,DQ808514.1.1304,Ctrl,-0.1472214736392491,-0.1472214736392491,-0.1472214736392491
lodo,attn,GD,DQ412721.1.1377,Ctrl,-0.1468119267849953,-0.1468119267849953,-0.1468119267849953
lodo,attn,GD,AY850474.1.1227,Ctrl,-0.1463539090136354,-0.1463539090136354,-0.1463539090136354
lodo,attn,GD,FPLO01001141.16.1394,Ctrl,-0.1434645336254847,-0.1434645336254847,-0.1434645336254847
lodo,attn,GD,DQ807658.1.1289,Ctrl,-0.1425126235706489,-0.1425126235706489,-0.1425126235706489
lodo,attn,GD,DQ793420.1.1289,Ctrl,-0.1410035476388657,-0.1410035476388657,-0.1410035476388657
lodo,attn,GD,GQ448538.1.1391,Ctrl,-0.1409182143443486,-0.1409182143443486,-0.1409182143443486
lodo,attn,GD,AY976056.1.1346,Ctrl,-0.1406974708710067,-0.1406974708710067,-0.1406974708710067
lodo,attn,GD,AF371779.1.1452,Ctrl,-0.1391480984431208,-0.1391480984431208,-0.1391480984431208
lodo,attn,GD,JQ185418.1.1353,Ctrl,-0.137630369759878,-0.137630369759878,-0.137630369759878
lodo,attn,GD,DQ797516.1.1343,Ctrl,-0.1374296129652313,-0.1374296129652313,-0.1374296129652313
lodo,attn,GD,DQ823841.1.1286,Ctrl,-0.1368158199444875,-0.1368158199444875,-0.1368158199444875
lodo,attn,GD,GANG01039442.1.1206,Ctrl,-0.1363316731362211,-0.1363316731362211,-0.1363316731362211
lodo,attn,GD,JQ455259.1.1251,Ctrl,-0.1351677967620847,-0.1351677967620847,-0.1351677967620847
lodo,attn,GD,GQ492155.1.1200,Ctrl,-0.1350983665614427,-0.1350983665614427,-0.1350983665614427
lodo,attn,GD,FJ369860.1.1330,Ctrl,-0.1350036626126871,-0.1350036626126871,-0.1350036626126871
lodo,attn,GD,GQ448776.1.1365,Ctrl,-0.1335679446504366,-0.1335679446504366,-0.1335679446504366
lodo,attn,GD,KY550379.1.1217,Ctrl,-0.1334748677183507,-0.1334748677183507,-0.1334748677183507
lodo,attn,GD,JQ072133.1.1375,Ctrl,-0.1291333226523959,-0.1291333226523959,-0.1291333226523959
lodo,attn,GD,HW066288.1.1503,Ctrl,-0.1273011727226697,-0.1273011727226697,-0.1273011727226697
lodo,attn,GD,FJ367462.1.1355,Ctrl,-0.1252844035093998,-0.1252844035093998,-0.1252844035093998
lodo,attn,GD,FJ364934.1.1401,Ctrl,-0.1221486118146626,-0.1221486118146626,-0.1221486118146626
lodo,attn,GD,LARF01000109.1.1225,Ctrl,-0.1200281012130694,-0.1200281012130694,-0.1200281012130694
lodo,attn,GD,DQ905133.1.1451,Ctrl,-0.1178356097793306,-0.1178356097793306,-0.1178356097793306
lodo,attn,GD,KR185326.1.1423,Ctrl,-0.1170405623676305,-0.1170405623676305,-0.1170405623676305
lodo,attn,GD,JQ449806.1.1396,GD,0.0720683607343362,0.0720683607343362,0.0720683607343362
lodo,attn,GD,AY211542.1.1343,GD,0.0722775409334712,0.0722775409334712,0.0722775409334712
lodo,attn,GD,HQ176172.1.1485,GD,0.0728469104238975,0.0728469104238975,0.0728469104238975
lodo,attn,GD,FJ363389.1.1368,GD,0.0736741245248898,0.0736741245248898,0.0736741245248898
lodo,attn,GD,MH634690.1.1305,GD,0.0741975856386657,0.0741975856386657,0.0741975856386657
lodo,attn,GD,GQ493973.1.1202,GD,0.0752533401503558,0.0752533401503558,0.0752533401503558
lodo,attn,GD,GQ493585.1.1250,GD,0.0760161723843541,0.0760161723843541,0.0760161723843541
lodo,attn,GD,AY980959.1.1365,GD,0.0771476154373392,0.0771476154373392,0.0771476154373392
lodo,attn,GD,DQ800682.1.1204,GD,0.0774500098164104,0.0774500098164104,0.0774500098164104
lodo,attn,GD,FJ365305.1.1340,GD,0.0779054897351064,0.0779054897351064,0.0779054897351064
lodo,attn,GD,JF150483.1.1314,GD,0.0804019668827454,0.0804019668827454,0.0804019668827454
lodo,attn,GD,JX030308.1.1232,GD,0.080467788019776,0.080467788019776,0.080467788019776
lodo,attn,GD,JQ455620.1.1369,GD,0.0809483236617476,0.0809483236617476,0.0809483236617476
lodo,attn,GD,JX678705.1.1388,GD,0.0822494603423062,0.0822494603423062,0.0822494603423062
lodo,attn,GD,JF139928.1.1354,GD,0.0841451919644896,0.0841451919644896,0.0841451919644896
lodo,attn,GD,AY850500.1.1243,GD,0.0845348061743663,0.0845348061743663,0.0845348061743663
lodo,attn,GD,DQ794490.1.1288,GD,0.0857351776771445,0.0857351776771445,0.0857351776771445
lodo,attn,GD,FJ557701.1.1386,GD,0.0931580106961507,0.0931580106961507,0.0931580106961507
lodo,attn,GD,KJ412982.1.1209,GD,0.0943350719689179,0.0943350719689179,0.0943350719689179
lodo,attn,GD,KP265303.1.1279,GD,0.0951549621501108,0.0951549621501108,0.0951549621501108
lodo,attn,GD,JQ449983.1.1321,GD,0.0985512609496557,0.0985512609496557,0.0985512609496557
lodo,attn,GD,KF068512.1.1332,GD,0.1062309334023015,0.1062309334023015,0.1062309334023015
lodo,attn,GD,HQ760907.1.1439,GD,0.1067225793721331,0.1067225793721331,0.1067225793721331
lodo,attn,GD,HQ806883.1.1241,GD,0.1073586647578849,0.1073586647578849,0.1073586647578849
lodo,attn,GD,KY003111.1.1207,GD,0.1118298838521056,0.1118298838521056,0.1118298838521056
lodo,attn,GD,FJ371591.1.1208,GD,0.1131222414019568,0.1131222414019568,0.1131222414019568
lodo,attn,GD,FJ365103.1.1364,GD,0.1138136866210044,0.1138136866210044,0.1138136866210044
lodo,attn,GD,JF193507.1.1378,GD,0.1139614909664498,0.1139614909664498,0.1139614909664498
lodo,attn,GD,FJ558429.1.1212,GD,0.1162812612995445,0.1162812612995445,0.1162812612995445
lodo,attn,GD,FJ558124.1.1310,GD,0.1165165707418054,0.1165165707418054,0.1165165707418054
lodo,attn,GD,KF101754.1.1382,GD,0.1190235288091908,0.1190235288091908,0.1190235288091908
lodo,attn,GD,FJ371434.1.1338,GD,0.1229447411157404,0.1229447411157404,0.1229447411157404
lodo,attn,GD,ABQC02000019.758957.760260,GD,0.1271734062647098,0.1271734062647098,0.1271734062647098
lodo,attn,GD,EF404262.1.1485,GD,0.1362251287903554,0.1362251287903554,0.1362251287903554
lodo,attn,GD,MH924252.1.1200,GD,0.1496621562671997,0.1496621562671997,0.1496621562671997
lodo,attn,GD,JF021752.1.1274,GD,0.1690234520641594,0.1690234520641594,0.1690234520641594
lodo,attn,GD,HM046431.1.1200,GD,0.1752724918244366,0.1752724918244366,0.1752724918244366
lodo,attn,GD,JN004064.1.1431,GD,0.1763770404273982,0.1763770404273982,0.1763770404273982
lodo,attn,GD,DQ808173.1.1266,GD,0.18342975287436,0.18342975287436,0.18342975287436
lodo,attn,GD,MG675050.1.1274,GD,0.1957972570504353,0.1957972570504353,0.1957972570504353
lodo,attn,GD,JF122646.1.1384,GD,0.2018074611784857,0.2018074611784857,0.2018074611784857
lodo,attn,GD,EF096145.1.1253,GD,0.2075202336338182,0.2075202336338182,0.2075202336338182
lodo,attn,GD,MH813973.1.1314,GD,0.2353066940413734,0.2353066940413734,0.2353066940413734
lodo,attn,GD,FJ558427.1.1215,GD,0.2412301470538632,0.2412301470538632,0.2412301470538632
lodo,attn,GD,MG245801.1.1200,GD,0.2734154768619191,0.2734154768619191,0.2734154768619191
lodo,attn,GD,JQ455437.1.1278,GD,0.3137830461816195,0.3137830461816195,0.3137830461816195
lodo,attn,GD,KF067104.1.1358,GD,0.3285132821331585,0.3285132821331585,0.3285132821331585
lodo,attn,GD,HQ754370.1.1215,GD,0.4495025957805051,0.4495025957805051,0.4495025957805051
lodo,attn,GD,FJ558430.1.1233,GD,0.9332892444002578,0.9332892444002578,0.9332892444002578
lodo,attn,GD,EF519868.1.1382,GD,1.3788846535296295,1.3788846535296295,1.3788846535296295
lodo,attn,IBD,KJ874032.1.1319,Ctrl,-0.6751981767014057,-0.6751981767014057,-0.6751981767014057
lodo,attn,IBD,KJ874096.1.1303,Ctrl,-0.5985017042995395,-0.5985017042995395,-0.5985017042995395
lodo,attn,IBD,JN657222.1.1286,Ctrl,-0.505406522645024,-0.505406522645024,-0.505406522645024
lodo,attn,IBD,KM978308.1.1527,Ctrl,-0.4864375399194895,-0.4864375399194895,-0.4864375399194895
lodo,attn,IBD,GQ491419.1.1322,Ctrl,-0.4381381313210335,-0.4381381313210335,-0.4381381313210335
lodo,attn,IBD,GQ014737.1.1357,Ctrl,-0.4262609441233576,-0.4262609441233576,-0.4262609441233576
lodo,attn,IBD,EU776550.1.1288,Ctrl,-0.4162282470621304,-0.4162282470621304,-0.4162282470621304
lodo,attn,IBD,HK557112.1.1272,Ctrl,-0.3945348348910432,-0.3945348348910432,-0.3945348348910432
lodo,attn,IBD,GU432132.1.1203,Ctrl,-0.3911335505617486,-0.3911335505617486,-0.3911335505617486
lodo,attn,IBD,KF096013.1.1247,Ctrl,-0.3890921500626183,-0.3890921500626183,-0.3890921500626183
lodo,attn,IBD,DQ794702.1.1380,Ctrl,-0.3767437424125217,-0.3767437424125217,-0.3767437424125217
lodo,attn,IBD,KF100146.1.1366,Ctrl,-0.3624418773999275,-0.3624418773999275,-0.3624418773999275
lodo,attn,IBD,GQ491354.1.1233,Ctrl,-0.3239984378198144,-0.3239984378198144,-0.3239984378198144
lodo,attn,IBD,DQ798020.1.1303,Ctrl,-0.3239936193570391,-0.3239936193570391,-0.3239936193570391
lodo,attn,IBD,JF101079.1.1256,Ctrl,-0.3229801647123013,-0.3229801647123013,-0.3229801647123013
lodo,attn,IBD,JQ460153.1.1289,Ctrl,-0.3213484072807207,-0.3213484072807207,-0.3213484072807207
lodo,attn,IBD,KU881628.1.1200,Ctrl,-0.3168689312176788,-0.3168689312176788,-0.3168689312176788
lodo,attn,IBD,KF098872.1.1350,Ctrl,-0.3090096987366646,-0.3090096987366646,-0.3090096987366646
lodo,attn,IBD,FAUJ01000006.3367.4875,Ctrl,-0.3025178748321435,-0.3025178748321435,-0.3025178748321435
lodo,attn,IBD,JX030308.1.1232,Ctrl,-0.2967231542702781,-0.2967231542702781,-0.2967231542702781
lodo,attn,IBD,JQ457149.1.1334,Ctrl,-0.2923697599872615,-0.2923697599872615,-0.2923697599872615
lodo,attn,IBD,EF071318.1.1509,Ctrl,-0.2905678126582581,-0.2905678126582581,-0.2905678126582581
lodo,attn,IBD,GQ004007.1.1340,Ctrl,-0.286004435808566,-0.286004435808566,-0.286004435808566
lodo,attn,IBD,GQ031841.1.1347,Ctrl,-0.2784822309250051,-0.2784822309250051,-0.2784822309250051
lodo,attn,IBD,KP330262.1.1200,Ctrl,-0.2767921906472088,-0.2767921906472088,-0.2767921906472088
lodo,attn,IBD,GQ014659.1.1348,Ctrl,-0.275133741563132,-0.275133741563132,-0.275133741563132
lodo,attn,IBD,ACBX02000025.1.1217,Ctrl,-0.2743685517643461,-0.2743685517643461,-0.2743685517643461
lodo,attn,IBD,FNWE01000002.1073068.1074570,Ctrl,-0.2703704364247503,-0.2703704364247503,-0.2703704364247503
lodo,attn,IBD,FJ366441.1.1355,Ctrl,-0.2684013673504303,-0.2684013673504303,-0.2684013673504303
lodo,attn,IBD,EU458570.1.1390,Ctrl,-0.2672814455317605,-0.2672814455317605,-0.2672814455317605
lodo,attn,IBD,HM276114.1.1357,Ctrl,-0.2672289393167511,-0.2672289393167511,-0.2672289393167511
lodo,attn,IBD,HK240304.1.1331,Ctrl,-0.2645235573484339,-0.2645235573484339,-0.2645235573484339
lodo,attn,IBD,GQ014650.1.1368,Ctrl,-0.263010227527704,-0.263010227527704,-0.263010227527704
lodo,attn,IBD,LT700188.630817.632359,Ctrl,-0.2615316634537951,-0.2615316634537951,-0.2615316634537951
lodo,attn,IBD,GQ493169.1.1364,Ctrl,-0.2596612450845839,-0.2596612450845839,-0.2596612450845839
lodo,attn,IBD,KU324909.1.1217,Ctrl,-0.2552692836812927,-0.2552692836812927,-0.2552692836812927
lodo,attn,IBD,JF090188.1.1364,Ctrl,-0.2534909769766223,-0.2534909769766223,-0.2534909769766223
lodo,attn,IBD,HM262845.1.1341,Ctrl,-0.2533467389274129,-0.2533467389274129,-0.2533467389274129
lodo,attn,IBD,EU473498.1.1210,Ctrl,-0.2477397792745398,-0.2477397792745398,-0.2477397792745398
lodo,attn,IBD,JF120145.1.1346,Ctrl,-0.245442723234696,-0.245442723234696,-0.245442723234696
lodo,attn,IBD,MK131295.1.1339,Ctrl,-0.2434333198708494,-0.2434333198708494,-0.2434333198708494
lodo,attn,IBD,KF100217.1.1350,Ctrl,-0.2396363535733264,-0.2396363535733264,-0.2396363535733264
lodo,attn,IBD,DQ673535.1.1495,Ctrl,-0.2346513740936341,-0.2346513740936341,-0.2346513740936341
lodo,attn,IBD,MG245801.1.1200,Ctrl,-0.2342229217354154,-0.2342229217354154,-0.2342229217354154
lodo,attn,IBD,AQUW01000012.1.1214,Ctrl,-0.2336723357915985,-0.2336723357915985,-0.2336723357915985
lodo,attn,IBD,DQ793812.1.1284,Ctrl,-0.2293228263027666,-0.2293228263027666,-0.2293228263027666
lodo,attn,IBD,EU471747.1.1390,Ctrl,-0.2249763375309485,-0.2249763375309485,-0.2249763375309485
lodo,attn,IBD,HK241616.1.1264,Ctrl,-0.2247587478513585,-0.2247587478513585,-0.2247587478513585
lodo,attn,IBD,GQ492365.1.1332,Ctrl,-0.2222325703630026,-0.2222325703630026,-0.2222325703630026
lodo,attn,IBD,DQ804326.1.1231,Ctrl,-0.2221988348502835,-0.2221988348502835,-0.2221988348502835
lodo,attn,IBD,HAAC01027432.1.1206,IBD,0.0879354498404217,0.0879354498404217,0.0879354498404217
lodo,attn,IBD,JQ466236.1.1307,IBD,0.0886777363570347,0.0886777363570347,0.0886777363570347
lodo,attn,IBD,KX583579.1.1213,IBD,0.08959422003502,0.08959422003502,0.08959422003502
lodo,attn,IBD,AB525415.1.1503,IBD,0.0901718158386779,0.0901718158386779,0.0901718158386779
lodo,attn,IBD,HQ800862.1.1308,IBD,0.0909704035782274,0.0909704035782274,0.0909704035782274
lodo,attn,IBD,KF082861.1.1282,IBD,0.0918549539833329,0.0918549539833329,0.0918549539833329
lodo,attn,IBD,HQ758472.1.1481,IBD,0.0923827311565537,0.0923827311565537,0.0923827311565537
lodo,attn,IBD,DQ799541.1.1239,IBD,0.0945266323227676,0.0945266323227676,0.0945266323227676
lodo,attn,IBD,KF945090.1.1201,IBD,0.0956284738168533,0.0956284738168533,0.0956284738168533
lodo,attn,IBD,EF444719.1.1219,IBD,0.1037083118602984,0.1037083118602984,0.1037083118602984
lodo,attn,IBD,KY608259.1.1216,IBD,0.1070716753122905,0.1070716753122905,0.1070716753122905
lodo,attn,IBD,EU706021.1.1244,IBD,0.1072611161539298,0.1072611161539298,0.1072611161539298
lodo,attn,IBD,AP010969.19547.20881,IBD,0.1081879851777097,0.1081879851777097,0.1081879851777097
lodo,attn,IBD,FAGH01000127.1.1295,IBD,0.1086841206192343,0.1086841206192343,0.1086841206192343
lodo,attn,IBD,GQ492469.1.1357,IBD,0.1091915377102692,0.1091915377102692,0.1091915377102692
lodo,attn,IBD,FJ802321.1.1209,IBD,0.1125677155847645,0.1125677155847645,0.1125677155847645
lodo,attn,IBD,CVOZ01000362.1.1219,IBD,0.1132101756073364,0.1132101756073364,0.1132101756073364
lodo,attn,IBD,JN032883.1.1399,IBD,0.1162751109552526,0.1162751109552526,0.1162751109552526
lodo,attn,IBD,DQ799787.1.1286,IBD,0.1162766339877417,0.1162766339877417,0.1162766339877417
lodo,attn,IBD,JQ467796.1.1273,IBD,0.1175551452969505,0.1175551452969505,0.1175551452969505
lodo,attn,IBD,KT780158.1.1201,IBD,0.1189729048498435,0.1189729048498435,0.1189729048498435
lodo,attn,IBD,FJ557701.1.1386,IBD,0.1223047274208993,0.1223047274208993,0.1223047274208993
lodo,attn,IBD,JQ754335.1.1237,IBD,0.1225516008882477,0.1225516008882477,0.1225516008882477
lodo,attn,IBD,FJ362751.1.1348,IBD,0.1289391692353463,0.1289391692353463,0.1289391692353463
lodo,attn,IBD,KU291315.1.1376,IBD,0.1291220861571645,0.1291220861571645,0.1291220861571645
lodo,attn,IBD,JX096007.1.1204,IBD,0.1299189160017011,0.1299189160017011,0.1299189160017011
lodo,attn,IBD,DQ440555.1.1321,IBD,0.1328245464724453,0.1328245464724453,0.1328245464724453
lodo,attn,IBD,MK095934.1.1303,IBD,0.1337166899370668,0.1337166899370668,0.1337166899370668
lodo,attn,IBD,KF079674.1.1363,IBD,0.1350558360883633,0.1350558360883633,0.1350558360883633
lodo,attn,IBD,HK241304.1.1252,IBD,0.1357549167768296,0.1357549167768296,0.1357549167768296
lodo,attn,IBD,JQ522962.1.1258,IBD,0.1359083962118391,0.1359083962118391,0.1359083962118391
lodo,attn,IBD,HQ802530.1.1345,IBD,0.1388283614971381,0.1388283614971381,0.1388283614971381
lodo,attn,IBD,AF338413.1.1408,IBD,0.1388304306753292,0.1388304306753292,0.1388304306753292
lodo,attn,IBD,EU156766.1.1269,IBD,0.1509132497788035,0.1509132497788035,0.1509132497788035
lodo,attn,IBD,HG800468.1.1200,IBD,0.158323261878971,0.158323261878971,0.158323261878971
lodo,attn,IBD,HK241147.1.1296,IBD,0.1671448088477709,0.1671448088477709,0.1671448088477709
lodo,attn,IBD,DQ804982.1.1277,IBD,0.1672309125937764,0.1672309125937764,0.1672309125937764
lodo,attn,IBD,KX881777.1.1230,IBD,0.169641045125165,0.169641045125165,0.169641045125165
lodo,attn,IBD,GQ448318.1.1256,IBD,0.1752999104304382,0.1752999104304382,0.1752999104304382
lodo,attn,IBD,HK694993.1.1204,IBD,0.1780741043268331,0.1780741043268331,0.1780741043268331
lodo,attn,IBD,AF473834.1.1411,IBD,0.1838805293367562,0.1838805293367562,0.1838805293367562
lodo,attn,IBD,KH493948.1.1328,IBD,0.2148313768062631,0.2148313768062631,0.2148313768062631
lodo,attn,IBD,GQ491160.1.1334,IBD,0.2242928156644856,0.2242928156644856,0.2242928156644856
lodo,attn,IBD,EU530381.1.1295,IBD,0.2352949553736777,0.2352949553736777,0.2352949553736777
lodo,attn,IBD,JQ467142.1.1299,IBD,0.2419049252317227,0.2419049252317227,0.2419049252317227
lodo,attn,IBD,JQ466159.1.1285,IBD,0.2684637002837016,0.2684637002837016,0.2684637002837016
lodo,attn,IBD,JQ467788.1.1220,IBD,0.2877913024158125,0.2877913024158125,0.2877913024158125
lodo,attn,IBD,JQ449887.1.1241,IBD,0.3242124545632503,0.3242124545632503,0.3242124545632503
lodo,attn,IBD,FJ557734.1.1287,IBD,0.5066037573166582,0.5066037573166582,0.5066037573166582
lodo,attn,IBD,JQ467804.1.1375,IBD,0.5744589543713214,0.5744589543713214,0.5744589543713214
lodo,attn,IBS,JQ460118.1.1339,Ctrl,-0.2178544971378233,-0.2178544971378233,-0.2178544971378233
lodo,attn,IBS,KF096013.1.1247,Ctrl,-0.1652474929656904,-0.1652474929656904,-0.1652474929656904
lodo,attn,IBS,KF098874.1.1361,Ctrl,-0.1470897759972335,-0.1470897759972335,-0.1470897759972335
lodo,attn,IBS,DQ174182.1.1339,Ctrl,-0.1267513979739154,-0.1267513979739154,-0.1267513979739154
lodo,attn,IBS,GQ047146.1.1361,Ctrl,-0.116924554459203,-0.116924554459203,-0.116924554459203
lodo,attn,IBS,KF100217.1.1350,Ctrl,-0.1027856740007312,-0.1027856740007312,-0.1027856740007312
lodo,attn,IBS,KP644774.1.1203,Ctrl,-0.0997508918491094,-0.0997508918491094,-0.0997508918491094
lodo,attn,IBS,KT886066.1.1491,Ctrl,-0.0932474137485094,-0.0932474137485094,-0.0932474137485094
lodo,attn,IBS,DQ796116.1.1201,Ctrl,-0.0922588450310665,-0.0922588450310665,-0.0922588450310665
lodo,attn,IBS,FJ366863.1.1336,Ctrl,-0.0830889717311526,-0.0830889717311526,-0.0830889717311526
lodo,attn,IBS,HM276114.1.1357,Ctrl,-0.0812921861909601,-0.0812921861909601,-0.0812921861909601
lodo,attn,IBS,HK241616.1.1264,Ctrl,-0.077721906045519,-0.077721906045519,-0.077721906045519
lodo,attn,IBS,JQ189159.1.1329,Ctrl,-0.0775152853324116,-0.0775152853324116,-0.0775152853324116
lodo,attn,IBS,JF120145.1.1346,Ctrl,-0.0727675047024389,-0.0727675047024389,-0.0727675047024389
lodo,attn,IBS,HQ808998.1.1217,Ctrl,-0.0711883690851811,-0.0711883690851811,-0.0711883690851811
lodo,attn,IBS,EF071318.1.1509,Ctrl,-0.0708493998710127,-0.0708493998710127,-0.0708493998710127
lodo,attn,IBS,KF084442.1.1326,Ctrl,-0.0705926192996306,-0.0705926192996306,-0.0705926192996306
lodo,attn,IBS,JQ183604.1.1344,Ctrl,-0.0699587751538453,-0.0699587751538453,-0.0699587751538453
lodo,attn,IBS,KJ412982.1.1209,Ctrl,-0.0675529674148215,-0.0675529674148215,-0.0675529674148215
lodo,attn,IBS,FJ362935.1.1246,Ctrl,-0.0665656820499484,-0.0665656820499484,-0.0665656820499484
lodo,attn,IBS,GQ014605.1.1316,Ctrl,-0.0654953592070677,-0.0654953592070677,-0.0654953592070677
lodo,attn,IBS,GQ006259.1.1327,Ctrl,-0.0652509621099681,-0.0652509621099681,-0.0652509621099681
lodo,attn,IBS,KR514582.1.1245,Ctrl,-0.0648739274664794,-0.0648739274664794,-0.0648739274664794
lodo,attn,IBS,GQ014659.1.1348,Ctrl,-0.0606623016419983,-0.0606623016419983,-0.0606623016419983
lodo,attn,IBS,AB639144.1.1469,Ctrl,-0.0598803827754398,-0.0598803827754398,-0.0598803827754398
lodo,attn,IBS,FJ362793.1.1323,Ctrl,-0.0592075173917093,-0.0592075173917093,-0.0592075173917093
lodo,attn,IBS,FJ371714.1.1327,Ctrl,-0.0588232761146541,-0.0588232761146541,-0.0588232761146541
lodo,attn,IBS,KF100146.1.1366,Ctrl,-0.0586657741462402,-0.0586657741462402,-0.0586657741462402
lodo,attn,IBS,DQ800598.1.1280,Ctrl,-0.0577253642700001,-0.0577253642700001,-0.0577253642700001
lodo,attn,IBS,HQ807536.1.1382,Ctrl,-0.0574968222451615,-0.0574968222451615,-0.0574968222451615
lodo,attn,IBS,FJ367613.1.1364,Ctrl,-0.0569717913067641,-0.0569717913067641,-0.0569717913067641
lodo,attn,IBS,DQ793375.1.1380,Ctrl,-0.056938877132252,-0.056938877132252,-0.056938877132252
lodo,attn,IBS,HM007586.1.1312,Ctrl,-0.0566192622057699,-0.0566192622057699,-0.0566192622057699
lodo,attn,IBS,GQ014254.1.1331,Ctrl,-0.0550182902804465,-0.0550182902804465,-0.0550182902804465
lodo,attn,IBS,FJ363825.1.1342,Ctrl,-0.0546095789418106,-0.0546095789418106,-0.0546095789418106
lodo,attn,IBS,DQ809079.1.1285,Ctrl,-0.054243495123259,-0.054243495123259,-0.054243495123259
lodo,attn,IBS,EF071211.1.1211,Ctrl,-0.05284018629036,-0.05284018629036,-0.05284018629036
lodo,attn,IBS,KF099033.1.1342,Ctrl,-0.0527233598943431,-0.0527233598943431,-0.0527233598943431
lodo,attn,IBS,KJ874152.1.1320,Ctrl,-0.0520100853859893,-0.0520100853859893,-0.0520100853859893
lodo,attn,IBS,DQ801561.1.1347,Ctrl,-0.0516588324732083,-0.0516588324732083,-0.0516588324732083
lodo,attn,IBS,HM262845.1.1341,Ctrl,-0.0515381515333729,-0.0515381515333729,-0.0515381515333729
lodo,attn,IBS,AB547672.1.1495,Ctrl,-0.0514134429021429,-0.0514134429021429,-0.0514134429021429
lodo,attn,IBS,ABIK02000013.103269.104574,Ctrl,-0.0513747858285311,-0.0513747858285311,-0.0513747858285311
lodo,attn,IBS,DQ809097.1.1288,Ctrl,-0.0493843456763126,-0.0493843456763126,-0.0493843456763126
lodo,attn,IBS,GQ014216.1.1367,Ctrl,-0.048431132634337,-0.048431132634337,-0.048431132634337
lodo,attn,IBS,GQ003913.1.1349,Ctrl,-0.0482443163531559,-0.0482443163531559,-0.0482443163531559
lodo,attn,IBS,ACCF01000268.3369.4627,Ctrl,-0.0482375471824883,-0.0482375471824883,-0.0482375471824883
lodo,attn,IBS,DQ797315.1.1283,Ctrl,-0.0480405650028319,-0.0480405650028319,-0.0480405650028319
lodo,attn,IBS,JQ855568.1.1203,Ctrl,-0.0478973212086199,-0.0478973212086199,-0.0478973212086199
lodo,attn,IBS,KF089451.1.1359,Ctrl,-0.0477748329158363,-0.0477748329158363,-0.0477748329158363
lodo,attn,IBS,FJ505502.1.1373,IBS,0.0614460116991709,0.0614460116991709,0.0614460116991709
lodo,attn,IBS,FJ367316.1.1275,IBS,0.0618379711533482,0.0618379711533482,0.0618379711533482
lodo,attn,IBS,EF025258.1.1286,IBS,0.0621920799232381,0.0621920799232381,0.0621920799232381
lodo,attn,IBS,KC000059.1.1295,IBS,0.0627687205906472,0.0627687205906472,0.0627687205906472
lodo,attn,IBS,EF401863.1.1477,IBS,0.0641483657090397,0.0641483657090397,0.0641483657090397
lodo,attn,IBS,AF338413.1.1408,IBS,0.0644955219038485,0.0644955219038485,0.0644955219038485
lodo,attn,IBS,GQ492365.1.1332,IBS,0.0645337388312412,0.0645337388312412,0.0645337388312412
lodo,attn,IBS,FJ367949.1.1334,IBS,0.0649278418653708,0.0649278418653708,0.0649278418653708
lodo,attn,IBS,JX096007.1.1204,IBS,0.0649577858363934,0.0649577858363934,0.0649577858363934
lodo,attn,IBS,GQ492466.1.1344,IBS,0.065061898675867,0.065061898675867,0.065061898675867
lodo,attn,IBS,AY684386.1.1444,IBS,0.0657102183572754,0.0657102183572754,0.0657102183572754
lodo,attn,IBS,HQ814833.1.1443,IBS,0.0668039759300534,0.0668039759300534,0.0668039759300534
lodo,attn,IBS,ACBX02000025.1.1217,IBS,0.0670607570419413,0.0670607570419413,0.0670607570419413
lodo,attn,IBS,GQ175371.1.1438,IBS,0.0673800803239202,0.0673800803239202,0.0673800803239202
lodo,attn,IBS,HQ781014.1.1454,IBS,0.0675806268760566,0.0675806268760566,0.0675806268760566
lodo,attn,IBS,HK240825.1.1267,IBS,0.0679236271007634,0.0679236271007634,0.0679236271007634
lodo,attn,IBS,JTDA01000039.175.1712,IBS,0.0680187294859631,0.0680187294859631,0.0680187294859631
lodo,attn,IBS,DQ057365.1.1393,IBS,0.068909861103301,0.068909861103301,0.068909861103301
lodo,attn,IBS,FJ368864.1.1363,IBS,0.0694172559807327,0.0694172559807327,0.0694172559807327
lodo,attn,IBS,HQ807248.1.1298,IBS,0.069543979702577,0.069543979702577,0.069543979702577
lodo,attn,IBS,GQ492469.1.1357,IBS,0.0708863507010049,0.0708863507010049,0.0708863507010049
lodo,attn,IBS,HQ742589.1.1206,IBS,0.0709369603208795,0.0709369603208795,0.0709369603208795
lodo,attn,IBS,FJ366005.1.1355,IBS,0.0731884627488104,0.0731884627488104,0.0731884627488104
lodo,attn,IBS,EF401880.1.1492,IBS,0.073739787369455,0.073739787369455,0.073739787369455
lodo,attn,IBS,GQ492847.1.1200,IBS,0.0739449407336942,0.0739449407336942,0.0739449407336942
lodo,attn,IBS,FJ368187.1.1358,IBS,0.0740174640706718,0.0740174640706718,0.0740174640706718
lodo,attn,IBS,HQ775480.1.1454,IBS,0.0769790984831846,0.0769790984831846,0.0769790984831846
lodo,attn,IBS,DQ456166.1.1450,IBS,0.0775933740023971,0.0775933740023971,0.0775933740023971
lodo,attn,IBS,DQ809511.1.1390,IBS,0.0790706878045777,0.0790706878045777,0.0790706878045777
lodo,attn,IBS,FJ367401.1.1334,IBS,0.0967736152254319,0.0967736152254319,0.0967736152254319
lodo,attn,IBS,JQ449887.1.1241,IBS,0.0983654626335588,0.0983654626335588,0.0983654626335588
lodo,attn,IBS,FJ366441.1.1355,IBS,0.102002864793087,0.102002864793087,0.102002864793087
lodo,attn,IBS,FJ368433.1.1378,IBS,0.1040607302243173,0.1040607302243173,0.1040607302243173
lodo,attn,IBS,FMFL01000027.72847.74341,IBS,0.1075533620895547,0.1075533620895547,0.1075533620895547
lodo,attn,IBS,EF111064.1.1259,IBS,0.1092147936945907,0.1092147936945907,0.1092147936945907
lodo,attn,IBS,EF400498.1.1478,IBS,0.1128822914948687,0.1128822914948687,0.1128822914948687
lodo,attn,IBS,DQ803545.1.1390,IBS,0.1142271197967236,0.1142271197967236,0.1142271197967236
lodo,attn,IBS,AM277638.1.1452,IBS,0.1165914998642352,0.1165914998642352,0.1165914998642352
lodo,attn,IBS,LT576391.1.1479,IBS,0.1177507111365623,0.1177507111365623,0.1177507111365623
lodo,attn,IBS,HQ802530.1.1345,IBS,0.1194250237160373,0.1194250237160373,0.1194250237160373
lodo,attn,IBS,GQ493144.1.1354,IBS,0.1257339265687936,0.1257339265687936,0.1257339265687936
lodo,attn,IBS,KF101648.1.1374,IBS,0.1288725165923337,0.1288725165923337,0.1288725165923337
lodo,attn,IBS,KC707551.1.1522,IBS,0.1367475208032788,0.1367475208032788,0.1367475208032788
lodo,attn,IBS,DQ804982.1.1277,IBS,0.1381812372721202,0.1381812372721202,0.1381812372721202
lodo,attn,IBS,JQ467834.1.1286,IBS,0.1442476352891045,0.1442476352891045,0.1442476352891045
lodo,attn,IBS,JQ467788.1.1220,IBS,0.1664559523957232,0.1664559523957232,0.1664559523957232
lodo,attn,IBS,GQ491160.1.1334,IBS,0.1955455296643158,0.1955455296643158,0.1955455296643158
lodo,attn,IBS,DQ795266.1.1352,IBS,0.2175564458272056,0.2175564458272056,0.2175564458272056
lodo,attn,IBS,MF034070.1.1200,IBS,0.2342159923338543,0.2342159923338543,0.2342159923338543
lodo,attn,IBS,DQ793705.1.1389,IBS,0.3636871427884044,0.3636871427884044,0.3636871427884044
lodo,attn,MS,JQ522962.1.1258,Ctrl,-1.9251494760873011,-1.9251494760873011,-1.9251494760873011
lodo,attn,MS,FJ362731.1.1336,Ctrl,-0.3979857150281874,-0.3979857150281874,-0.3979857150281874
lodo,attn,MS,FJ366220.1.1396,Ctrl,-0.3383957379089619,-0.3383957379089619,-0.3383957379089619
lodo,attn,MS,HQ812411.1.1431,Ctrl,-0.3129281852351725,-0.3129281852351725,-0.3129281852351725
lodo,attn,MS,FJ372235.1.1260,Ctrl,-0.2621118519459701,-0.2621118519459701,-0.2621118519459701
lodo,attn,MS,FNLI01000001.906.2398,Ctrl,-0.2612416748801852,-0.2612416748801852,-0.2612416748801852
lodo,attn,MS,DQ804982.1.1277,Ctrl,-0.2528356822421074,-0.2528356822421074,-0.2528356822421074
lodo,attn,MS,HQ782099.1.1443,Ctrl,-0.2397218514137244,-0.2397218514137244,-0.2397218514137244
lodo,attn,MS,EF071257.1.1224,Ctrl,-0.239246163803726,-0.239246163803726,-0.239246163803726
lodo,attn,MS,MH031774.1.1201,Ctrl,-0.2387327019954116,-0.2387327019954116,-0.2387327019954116
lodo,attn,MS,LC099979.1.1200,Ctrl,-0.2371286037482564,-0.2371286037482564,-0.2371286037482564
lodo,attn,MS,HQ591435.1.1201,Ctrl,-0.2305896965710627,-0.2305896965710627,-0.2305896965710627
lodo,attn,MS,GQ491279.1.1262,Ctrl,-0.2298873121856879,-0.2298873121856879,-0.2298873121856879
lodo,attn,MS,JQ190553.1.1364,Ctrl,-0.2247199571492229,-0.2247199571492229,-0.2247199571492229
lodo,attn,MS,FJ505502.1.1373,Ctrl,-0.2186434261880688,-0.2186434261880688,-0.2186434261880688
lodo,attn,MS,AB272335.1.1200,Ctrl,-0.2134363008852967,-0.2134363008852967,-0.2134363008852967
lodo,attn,MS,FJ654478.1.1204,Ctrl,-0.20894457809397,-0.20894457809397,-0.20894457809397
lodo,attn,MS,KP751407.1.1392,Ctrl,-0.2036068765514069,-0.2036068765514069,-0.2036068765514069
lodo,attn,MS,DQ809399.1.1289,Ctrl,-0.1985057536050103,-0.1985057536050103,-0.1985057536050103
lodo,attn,MS,DQ794359.1.1305,Ctrl,-0.1980376352640622,-0.1980376352640622,-0.1980376352640622
lodo,attn,MS,EF402847.1.1496,Ctrl,-0.1968220322262708,-0.1968220322262708,-0.1968220322262708
lodo,attn,MS,HL282348.1.1319,Ctrl,-0.1944932040719338,-0.1944932040719338,-0.1944932040719338
lodo,attn,MS,HK694993.1.1204,Ctrl,-0.1944488109072875,-0.1944488109072875,-0.1944488109072875
lodo,attn,MS,AF376229.1.1349,Ctrl,-0.1922053838611006,-0.1922053838611006,-0.1922053838611006
lodo,attn,MS,DQ797516.1.1343,Ctrl,-0.1899265503334821,-0.1899265503334821,-0.1899265503334821
lodo,attn,MS,JX048127.1.1383,Ctrl,-0.1896216827141673,-0.1896216827141673,-0.1896216827141673
lodo,attn,MS,AF376221.1.1337,Ctrl,-0.1838073586608161,-0.1838073586608161,-0.1838073586608161
lodo,attn,MS,AY653232.1.1310,Ctrl,-0.183346744745056,-0.183346744745056,-0.183346744745056
lodo,attn,MS,DQ809511.1.1390,Ctrl,-0.1770495682117592,-0.1770495682117592,-0.1770495682117592
lodo,attn,MS,FJ507931.1.1375,Ctrl,-0.17126829017385,-0.17126829017385,-0.17126829017385
lodo,attn,MS,DQ326493.1.1337,Ctrl,-0.1670917908693808,-0.1670917908693808,-0.1670917908693808
lodo,attn,MS,DQ806009.1.1283,Ctrl,-0.1651987161439688,-0.1651987161439688,-0.1651987161439688
lodo,attn,MS,DQ808123.1.1242,Ctrl,-0.1596200435499024,-0.1596200435499024,-0.1596200435499024
lodo,attn,MS,AB934853.1.1327,Ctrl,-0.1567396921334474,-0.1567396921334474,-0.1567396921334474
lodo,attn,MS,FJ365333.1.1336,Ctrl,-0.1558560800232008,-0.1558560800232008,-0.1558560800232008
lodo,attn,MS,KC000059.1.1295,Ctrl,-0.1520891667955315,-0.1520891667955315,-0.1520891667955315
lodo,attn,MS,FJ364899.1.1354,Ctrl,-0.1520221710074052,-0.1520221710074052,-0.1520221710074052
lodo,attn,MS,GQ492469.1.1357,Ctrl,-0.151775148698522,-0.151775148698522,-0.151775148698522
lodo,attn,MS,DQ808930.1.1287,Ctrl,-0.143715957509816,-0.143715957509816,-0.143715957509816
lodo,attn,MS,GQ448318.1.1256,Ctrl,-0.1431729698884517,-0.1431729698884517,-0.1431729698884517
lodo,attn,MS,CP011307.631177.632643,Ctrl,-0.1426286403016305,-0.1426286403016305,-0.1426286403016305
lodo,attn,MS,AY850453.1.1227,Ctrl,-0.1423179479634885,-0.1423179479634885,-0.1423179479634885
lodo,attn,MS,DQ794005.1.1388,Ctrl,-0.1417275882665015,-0.1417275882665015,-0.1417275882665015
lodo,attn,MS,DQ806167.1.1353,Ctrl,-0.1414642124049203,-0.1414642124049203,-0.1414642124049203
lodo,attn,MS,KF842934.1.1385,Ctrl,-0.1379440392155521,-0.1379440392155521,-0.1379440392155521
lodo,attn,MS,DQ808753.1.1287,Ctrl,-0.1373991175903998,-0.1373991175903998,-0.1373991175903998
lodo,attn,MS,GQ896891.1.1486,Ctrl,-0.1370174918290523,-0.1370174918290523,-0.1370174918290523
lodo,attn,MS,DQ800379.1.1383,Ctrl,-0.1368312235401778,-0.1368312235401778,-0.1368312235401778
lodo,attn,MS,GQ493618.1.1378,Ctrl,-0.1353485688392995,-0.1353485688392995,-0.1353485688392995
lodo,attn,MS,AM275757.1.1484,Ctrl,-0.134218452863473,-0.134218452863473,-0.134218452863473
lodo,attn,MS,Y18181.1.1435,MS,0.1602705969390992,0.1602705969390992,0.1602705969390992
lodo,attn,MS,LARG01000024.765.2171,MS,0.1603148351361498,0.1603148351361498,0.1603148351361498
lodo,attn,MS,HQ794846.1.1268,MS,0.16093714184977,0.16093714184977,0.16093714184977
lodo,attn,MS,KX787760.1.915,MS,0.1613591222318974,0.1613591222318974,0.1613591222318974
lodo,attn,MS,JQ190034.1.1356,MS,0.1635672862164003,0.1635672862164003,0.1635672862164003
lodo,attn,MS,DQ799477.1.1287,MS,0.1656200654803247,0.1656200654803247,0.1656200654803247
lodo,attn,MS,DQ806781.1.1375,MS,0.1684108967580426,0.1684108967580426,0.1684108967580426
lodo,attn,MS,DQ797427.1.1369,MS,0.1687318930600294,0.1687318930600294,0.1687318930600294
lodo,attn,MS,DQ806588.1.1403,MS,0.1710186028191638,0.1710186028191638,0.1710186028191638
lodo,attn,MS,JX198636.1.1412,MS,0.1717537675508098,0.1717537675508098,0.1717537675508098
lodo,attn,MS,JQ455437.1.1278,MS,0.1741064605819656,0.1741064605819656,0.1741064605819656
lodo,attn,MS,JQ460078.1.1253,MS,0.1757561168281672,0.1757561168281672,0.1757561168281672
lodo,attn,MS,HQ780956.1.1441,MS,0.178493484714243,0.178493484714243,0.178493484714243
lodo,attn,MS,GQ492203.1.1207,MS,0.181013436431713,0.181013436431713,0.181013436431713
lodo,attn,MS,KF841937.1.1371,MS,0.1827087961818164,0.1827087961818164,0.1827087961818164
lodo,attn,MS,AY916294.1.1399,MS,0.1833367526212206,0.1833367526212206,0.1833367526212206
lodo,attn,MS,EF096145.1.1253,MS,0.1855696913662675,0.1855696913662675,0.1855696913662675
lodo,attn,MS,JQ466212.1.1406,MS,0.185580951665526,0.185580951665526,0.185580951665526
lodo,attn,MS,FN667250.1.1445,MS,0.1859535345137258,0.1859535345137258,0.1859535345137258
lodo,attn,MS,KF095292.1.1331,MS,0.1878061880508214,0.1878061880508214,0.1878061880508214
lodo,attn,MS,DQ796009.1.1394,MS,0.190065484382037,0.190065484382037,0.190065484382037
lodo,attn,MS,GQ327319.1.1316,MS,0.1938198851432732,0.1938198851432732,0.1938198851432732
lodo,attn,MS,DQ456090.1.1455,MS,0.2002570523841752,0.2002570523841752,0.2002570523841752
lodo,attn,MS,HQ762983.1.1446,MS,0.2070184846426287,0.2070184846426287,0.2070184846426287
lodo,attn,MS,DQ824084.1.1291,MS,0.2075482266080156,0.2075482266080156,0.2075482266080156
lodo,attn,MS,DQ797874.1.1300,MS,0.2082924797380834,0.2082924797380834,0.2082924797380834
lodo,attn,MS,JX048342.1.1227,MS,0.2085690851066728,0.2085690851066728,0.2085690851066728
lodo,attn,MS,DQ797022.1.1391,MS,0.2207177678718767,0.2207177678718767,0.2207177678718767
lodo,attn,MS,GQ491939.1.1201,MS,0.2209407925270894,0.2209407925270894,0.2209407925270894
lodo,attn,MS,FJ680801.1.1356,MS,0.2253960659173856,0.2253960659173856,0.2253960659173856
lodo,attn,MS,JQ185418.1.1353,MS,0.231162091049732,0.231162091049732,0.231162091049732
lodo,attn,MS,LC322231.1.1201,MS,0.2354013767005482,0.2354013767005482,0.2354013767005482
lodo,attn,MS,KF841657.1.1369,MS,0.2361697692930853,0.2361697692930853,0.2361697692930853
lodo,attn,MS,EF401863.1.1477,MS,0.2375363083157801,0.2375363083157801,0.2375363083157801
lodo,attn,MS,AY911443.1.1200,MS,0.2392596208887769,0.2392596208887769,0.2392596208887769
lodo,attn,MS,KY003111.1.1207,MS,0.241671217882422,0.241671217882422,0.241671217882422
lodo,attn,MS,AM278916.1.1477,MS,0.2454716012658693,0.2454716012658693,0.2454716012658693
lodo,attn,MS,FJ558430.1.1233,MS,0.2554517790703643,0.2554517790703643,0.2554517790703643
lodo,attn,MS,LT576391.1.1479,MS,0.2643583675001668,0.2643583675001668,0.2643583675001668
lodo,attn,MS,DQ803256.1.1283,MS,0.2838698367649369,0.2838698367649369,0.2838698367649369
lodo,attn,MS,DQ800088.1.1279,MS,0.2865098678502964,0.2865098678502964,0.2865098678502964
lodo,attn,MS,DQ824247.1.1290,MS,0.2898943470701963,0.2898943470701963,0.2898943470701963
lodo,attn,MS,HQ766049.1.1250,MS,0.2909487231935592,0.2909487231935592,0.2909487231935592
lodo,attn,MS,JX096007.1.1204,MS,0.2995922852751725,0.2995922852751725,0.2995922852751725
lodo,attn,MS,DQ794349.1.1291,MS,0.3347848676965794,0.3347848676965794,0.3347848676965794
lodo,attn,MS,JN004064.1.1431,MS,0.3884183808573283,0.3884183808573283,0.3884183808573283
lodo,attn,MS,EF519868.1.1382,MS,0.4649147023005628,0.4649147023005628,0.4649147023005628
lodo,attn,MS,AY212767.1.1222,MS,0.484251703051016,0.484251703051016,0.484251703051016
lodo,attn,MS,JX048356.1.1310,MS,0.5110247838548803,0.5110247838548803,0.5110247838548803
lodo,attn,MS,MH337931.1.1279,MS,0.6323362952013127,0.6323362952013127,0.6323362952013127
lodo,attn,OB,DQ800246.1.1225,Ctrl,-0.4238534891007972,-0.4238534891007972,-0.4238534891007972
lodo,attn,OB,JQ455259.1.1251,Ctrl,-0.3401121017187886,-0.3401121017187886,-0.3401121017187886
lodo,attn,OB,DQ799182.1.1290,Ctrl,-0.2369533208266246,-0.2369533208266246,-0.2369533208266246
lodo,attn,OB,DQ800941.1.1376,Ctrl,-0.1531361418931228,-0.1531361418931228,-0.1531361418931228
lodo,attn,OB,DQ802353.1.1286,Ctrl,-0.1529028283892646,-0.1529028283892646,-0.1529028283892646
lodo,attn,OB,DQ793742.1.1312,Ctrl,-0.1512160044134939,-0.1512160044134939,-0.1512160044134939
lodo,attn,OB,FJ371750.1.1233,Ctrl,-0.144908862387858,-0.144908862387858,-0.144908862387858
lodo,attn,OB,FJ366406.1.1235,Ctrl,-0.1393126570430679,-0.1393126570430679,-0.1393126570430679
lodo,attn,OB,JQ186387.1.1365,Ctrl,-0.1388878376752939,-0.1388878376752939,-0.1388878376752939
lodo,attn,OB,FJ366642.1.1356,Ctrl,-0.1257860876715387,-0.1257860876715387,-0.1257860876715387
lodo,attn,OB,DQ809255.1.1206,Ctrl,-0.1223516661159915,-0.1223516661159915,-0.1223516661159915
lodo,attn,OB,DQ798280.1.1322,Ctrl,-0.1205192686240417,-0.1205192686240417,-0.1205192686240417
lodo,attn,OB,FJ032489.1.1260,Ctrl,-0.1173838056463327,-0.1173838056463327,-0.1173838056463327
lodo,attn,OB,AM419461.1.1482,Ctrl,-0.1080740640291572,-0.1080740640291572,-0.1080740640291572
lodo,attn,OB,GQ358380.1.1239,Ctrl,-0.1042115828456066,-0.1042115828456066,-0.1042115828456066
lodo,attn,OB,DQ325766.1.1353,Ctrl,-0.1027860930573507,-0.1027860930573507,-0.1027860930573507
lodo,attn,OB,GQ133046.1.1200,Ctrl,-0.1017433988033116,-0.1017433988033116,-0.1017433988033116
lodo,attn,OB,KF843598.1.1346,Ctrl,-0.0951850844635171,-0.0951850844635171,-0.0951850844635171
lodo,attn,OB,GQ897435.1.1479,Ctrl,-0.0948188990113345,-0.0948188990113345,-0.0948188990113345
lodo,attn,OB,EF402384.1.1486,Ctrl,-0.0934544311357711,-0.0934544311357711,-0.0934544311357711
lodo,attn,OB,KF843468.1.1400,Ctrl,-0.0905166856323937,-0.0905166856323937,-0.0905166856323937
lodo,attn,OB,GQ491279.1.1262,Ctrl,-0.0904553205843514,-0.0904553205843514,-0.0904553205843514
lodo,attn,OB,FJ365255.1.1357,Ctrl,-0.08674571116984,-0.08674571116984,-0.08674571116984
lodo,attn,OB,KH494596.1.1320,Ctrl,-0.0865127018526721,-0.0865127018526721,-0.0865127018526721
lodo,attn,OB,JQ185713.1.1349,Ctrl,-0.0864143965904593,-0.0864143965904593,-0.0864143965904593
lodo,attn,OB,GQ897566.1.1496,Ctrl,-0.0863352969867196,-0.0863352969867196,-0.0863352969867196
lodo,attn,OB,JQ188433.1.1358,Ctrl,-0.0852626294287501,-0.0852626294287501,-0.0852626294287501
lodo,attn,OB,MH924239.1.1200,Ctrl,-0.0849534113115599,-0.0849534113115599,-0.0849534113115599
lodo,attn,OB,KF843640.1.1372,Ctrl,-0.0825427799966151,-0.0825427799966151,-0.0825427799966151
lodo,attn,OB,GQ448006.1.1376,Ctrl,-0.0810116157756299,-0.0810116157756299,-0.0810116157756299
lodo,attn,OB,DQ808753.1.1287,Ctrl,-0.080812709911385,-0.080812709911385,-0.080812709911385
lodo,attn,OB,KF843400.1.1328,Ctrl,-0.0807267566855735,-0.0807267566855735,-0.0807267566855735
lodo,attn,OB,DQ796398.1.1293,Ctrl,-0.078932144088076,-0.078932144088076,-0.078932144088076
lodo,attn,OB,DQ800598.1.1280,Ctrl,-0.0783393174362939,-0.0783393174362939,-0.0783393174362939
lodo,attn,OB,JQ186757.1.1359,Ctrl,-0.0772205351944603,-0.0772205351944603,-0.0772205351944603
lodo,attn,OB,JQ191142.1.1334,Ctrl,-0.0764009035364097,-0.0764009035364097,-0.0764009035364097
lodo,attn,OB,FJ371815.1.1309,Ctrl,-0.0759561078162251,-0.0759561078162251,-0.0759561078162251
lodo,attn,OB,JQ184015.1.1355,Ctrl,-0.0755851807340703,-0.0755851807340703,-0.0755851807340703
lodo,attn,OB,JQ188942.1.1364,Ctrl,-0.0754125355187662,-0.0754125355187662,-0.0754125355187662
lodo,attn,OB,DQ809079.1.1285,Ctrl,-0.0747028075253348,-0.0747028075253348,-0.0747028075253348
lodo,attn,OB,JQ186988.1.1357,Ctrl,-0.0744689218225481,-0.0744689218225481,-0.0744689218225481
lodo,attn,OB,GQ338715.1.1269,Ctrl,-0.0739779486708745,-0.0739779486708745,-0.0739779486708745
lodo,attn,OB,KF843459.1.1394,Ctrl,-0.0734269322880159,-0.0734269322880159,-0.0734269322880159
lodo,attn,OB,DQ796195.1.1288,Ctrl,-0.0730254905275695,-0.0730254905275695,-0.0730254905275695
lodo,attn,OB,JQ595922.1.973,Ctrl,-0.0697840866504174,-0.0697840866504174,-0.0697840866504174
lodo,attn,OB,DQ800782.1.1428,Ctrl,-0.0693215958384237,-0.0693215958384237,-0.0693215958384237
lodo,attn,OB,JQ467788.1.1220,Ctrl,-0.068450290103442,-0.068450290103442,-0.068450290103442
lodo,attn,OB,FJ362794.1.1265,Ctrl,-0.0666651368370879,-0.0666651368370879,-0.0666651368370879
lodo,attn,OB,DQ806540.1.1201,Ctrl,-0.065951899508773,-0.065951899508773,-0.065951899508773
lodo,attn,OB,AM404803.1.1432,Ctrl,-0.0657349387900917,-0.0657349387900917,-0.0657349387900917
lodo,attn,OB,DQ800343.1.1393,OB,0.0715571330230885,0.0715571330230885,0.0715571330230885
lodo,attn,OB,L34682.1.1486,OB,0.0716613913521312,0.0716613913521312,0.0716613913521312
lodo,attn,OB,DQ804982.1.1277,OB,0.072739587285932,0.072739587285932,0.072739587285932
lodo,attn,OB,AY684386.1.1444,OB,0.0728499951227076,0.0728499951227076,0.0728499951227076
lodo,attn,OB,FJ678306.1.1399,OB,0.0756353700356245,0.0756353700356245,0.0756353700356245
lodo,attn,OB,GQ014254.1.1331,OB,0.076089524548978,0.076089524548978,0.076089524548978
lodo,attn,OB,HG800468.1.1200,OB,0.0775058584836577,0.0775058584836577,0.0775058584836577
lodo,attn,OB,FMFL01000027.72847.74341,OB,0.0779939710105747,0.0779939710105747,0.0779939710105747
lodo,attn,OB,DQ801035.1.1387,OB,0.0792588525532954,0.0792588525532954,0.0792588525532954
lodo,attn,OB,DQ808288.1.1299,OB,0.0794726195504468,0.0794726195504468,0.0794726195504468
lodo,attn,OB,LC099978.1.1200,OB,0.0818300971977058,0.0818300971977058,0.0818300971977058
lodo,attn,OB,HM007586.1.1312,OB,0.0834905379433239,0.0834905379433239,0.0834905379433239
lodo,attn,OB,KF100146.1.1366,OB,0.0847711827315325,0.0847711827315325,0.0847711827315325
lodo,attn,OB,DQ796280.1.1284,OB,0.0851031340968666,0.0851031340968666,0.0851031340968666
lodo,attn,OB,KF098872.1.1350,OB,0.0853093495993849,0.0853093495993849,0.0853093495993849
lodo,attn,OB,DQ809023.1.1214,OB,0.0856952116237847,0.0856952116237847,0.0856952116237847
lodo,attn,OB,DQ794239.1.1380,OB,0.0857180588889832,0.0857180588889832,0.0857180588889832
lodo,attn,OB,FNLI01000001.906.2398,OB,0.0859720609497494,0.0859720609497494,0.0859720609497494
lodo,attn,OB,GQ492466.1.1344,OB,0.0863774757077029,0.0863774757077029,0.0863774757077029
lodo,attn,OB,HQ807248.1.1298,OB,0.0865792623582984,0.0865792623582984,0.0865792623582984
lodo,attn,OB,GQ003913.1.1349,OB,0.0868956749486975,0.0868956749486975,0.0868956749486975
lodo,attn,OB,GQ493125.1.1274,OB,0.0873373889856557,0.0873373889856557,0.0873373889856557
lodo,attn,OB,GQ014605.1.1316,OB,0.0881674728229086,0.0881674728229086,0.0881674728229086
lodo,attn,OB,HK240383.1.1304,OB,0.0887935384661881,0.0887935384661881,0.0887935384661881
lodo,attn,OB,KF098874.1.1361,OB,0.0888511095115748,0.0888511095115748,0.0888511095115748
lodo,attn,OB,HQ742589.1.1206,OB,0.0940904501610147,0.0940904501610147,0.0940904501610147
lodo,attn,OB,KF100359.1.1360,OB,0.0945737451631274,0.0945737451631274,0.0945737451631274
lodo,attn,OB,KF090344.1.1361,OB,0.0954072941074904,0.0954072941074904,0.0954072941074904
lodo,attn,OB,FJ366441.1.1355,OB,0.1001701757904639,0.1001701757904639,0.1001701757904639
lodo,attn,OB,GQ493144.1.1354,OB,0.1019043731791542,0.1019043731791542,0.1019043731791542
lodo,attn,OB,DQ808123.1.1242,OB,0.1024761309047657,0.1024761309047657,0.1024761309047657
lodo,attn,OB,HM276114.1.1357,OB,0.1030314260855297,0.1030314260855297,0.1030314260855297
lodo,attn,OB,JN809769.1.1265,OB,0.1063514471264944,0.1063514471264944,0.1063514471264944
lodo,attn,OB,FJ370119.1.1270,OB,0.1123686556319492,0.1123686556319492,0.1123686556319492
lodo,attn,OB,FJ369308.1.1240,OB,0.113844901671862,0.113844901671862,0.113844901671862
lodo,attn,OB,GQ006259.1.1327,OB,0.1149368408406287,0.1149368408406287,0.1149368408406287
lodo,attn,OB,GQ491615.1.1357,OB,0.1164988863871767,0.1164988863871767,0.1164988863871767
lodo,attn,OB,ABIK02000013.103269.104574,OB,0.1175461179728837,0.1175461179728837,0.1175461179728837
lodo,attn,OB,GQ014650.1.1368,OB,0.1216550750698416,0.1216550750698416,0.1216550750698416
lodo,attn,OB,DQ807376.1.1287,OB,0.1223905036702225,0.1223905036702225,0.1223905036702225
lodo,attn,OB,DQ794427.1.1242,OB,0.1230353269555279,0.1230353269555279,0.1230353269555279
lodo,attn,OB,DQ806009.1.1283,OB,0.1240242403839217,0.1240242403839217,0.1240242403839217
lodo,attn,OB,KF096013.1.1247,OB,0.1373524784124729,0.1373524784124729,0.1373524784124729
lodo,attn,OB,DQ799308.1.1322,OB,0.1446476099259333,0.1446476099259333,0.1446476099259333
lodo,attn,OB,ACCF01000268.3369.4627,OB,0.1498129047342863,0.1498129047342863,0.1498129047342863
lodo,attn,OB,GQ014215.1.1357,OB,0.1559101246146069,0.1559101246146069,0.1559101246146069
lodo,attn,OB,GQ047146.1.1361,OB,0.1584093648004016,0.1584093648004016,0.1584093648004016
lodo,attn,OB,DQ809347.1.1291,OB,0.1598634047203517,0.1598634047203517,0.1598634047203517
lodo,attn,OB,JQ467834.1.1286,OB,0.1734611881449494,0.1734611881449494,0.1734611881449494
lodo,attn,OB,JQ460118.1.1339,OB,0.2062576989538518,0.2062576989538518,0.2062576989538518
lodo,attn,PD,FJ372109.1.1318,Ctrl,-0.3625609078463356,-0.3625609078463356,-0.3625609078463356
lodo,attn,PD,FJ367022.1.1341,Ctrl,-0.3331143113658531,-0.3331143113658531,-0.3331143113658531
lodo,attn,PD,FJ368827.1.1353,Ctrl,-0.2206733084415301,-0.2206733084415301,-0.2206733084415301
lodo,attn,PD,DQ807821.1.1392,Ctrl,-0.1987979214967348,-0.1987979214967348,-0.1987979214967348
lodo,attn,PD,JF110835.1.1384,Ctrl,-0.1573865152600467,-0.1573865152600467,-0.1573865152600467
lodo,attn,PD,DQ325765.1.1359,Ctrl,-0.1361352804791724,-0.1361352804791724,-0.1361352804791724
lodo,attn,PD,DQ805248.1.1377,Ctrl,-0.1056444818515104,-0.1056444818515104,-0.1056444818515104
lodo,attn,PD,KY003111.1.1207,Ctrl,-0.0939868256121436,-0.0939868256121436,-0.0939868256121436
lodo,attn,PD,EF071253.1.1234,Ctrl,-0.0936695629358743,-0.0936695629358743,-0.0936695629358743
lodo,attn,PD,DQ809296.1.1377,Ctrl,-0.0935979599931446,-0.0935979599931446,-0.0935979599931446
lodo,attn,PD,DQ807031.1.1284,Ctrl,-0.0876834335166695,-0.0876834335166695,-0.0876834335166695
lodo,attn,PD,DQ806238.1.1362,Ctrl,-0.0859721910951667,-0.0859721910951667,-0.0859721910951667
lodo,attn,PD,FJ362793.1.1323,Ctrl,-0.085851226385545,-0.085851226385545,-0.085851226385545
lodo,attn,PD,DQ808682.1.1283,Ctrl,-0.0854701863816404,-0.0854701863816404,-0.0854701863816404
lodo,attn,PD,DQ794415.1.1290,Ctrl,-0.0854317928841807,-0.0854317928841807,-0.0854317928841807
lodo,attn,PD,JQ455365.1.1268,Ctrl,-0.0847828721866611,-0.0847828721866611,-0.0847828721866611
lodo,attn,PD,HQ754370.1.1215,Ctrl,-0.0837809218835991,-0.0837809218835991,-0.0837809218835991
lodo,attn,PD,DQ801117.1.1376,Ctrl,-0.0836234815034363,-0.0836234815034363,-0.0836234815034363
lodo,attn,PD,DQ326080.1.1350,Ctrl,-0.0824603630213792,-0.0824603630213792,-0.0824603630213792
lodo,attn,PD,DQ806588.1.1403,Ctrl,-0.0816529369591919,-0.0816529369591919,-0.0816529369591919
lodo,attn,PD,JQ460078.1.1253,Ctrl,-0.0815967320358133,-0.0815967320358133,-0.0815967320358133
lodo,attn,PD,FJ484858.1.1244,Ctrl,-0.0811853888832448,-0.0811853888832448,-0.0811853888832448
lodo,attn,PD,DQ797516.1.1343,Ctrl,-0.0810494106577626,-0.0810494106577626,-0.0810494106577626
lodo,attn,PD,DQ326193.1.1349,Ctrl,-0.0799385241078121,-0.0799385241078121,-0.0799385241078121
lodo,attn,PD,DQ793873.1.1280,Ctrl,-0.0795630431748817,-0.0795630431748817,-0.0795630431748817
lodo,attn,PD,DQ793359.1.1288,Ctrl,-0.0785462789327824,-0.0785462789327824,-0.0785462789327824
lodo,attn,PD,JQ185470.1.1347,Ctrl,-0.0781032535717135,-0.0781032535717135,-0.0781032535717135
lodo,attn,PD,GQ133046.1.1200,Ctrl,-0.0768339184236001,-0.0768339184236001,-0.0768339184236001
lodo,attn,PD,JF203236.1.1325,Ctrl,-0.0768206213375626,-0.0768206213375626,-0.0768206213375626
lodo,attn,PD,FJ363658.1.1358,Ctrl,-0.0764786579088379,-0.0764786579088379,-0.0764786579088379
lodo,attn,PD,FJ366818.1.1301,Ctrl,-0.0764772736876427,-0.0764772736876427,-0.0764772736876427
lodo,attn,PD,DQ808930.1.1287,Ctrl,-0.0759337270035782,-0.0759337270035782,-0.0759337270035782
lodo,attn,PD,DQ326186.1.1355,Ctrl,-0.0757585949794543,-0.0757585949794543,-0.0757585949794543
lodo,attn,PD,GQ493692.1.1234,Ctrl,-0.0757028955613431,-0.0757028955613431,-0.0757028955613431
lodo,attn,PD,DQ808601.1.1285,Ctrl,-0.0747952252651647,-0.0747952252651647,-0.0747952252651647
lodo,attn,PD,JQ185510.1.1362,Ctrl,-0.0731521950681191,-0.0731521950681191,-0.0731521950681191
lodo,attn,PD,AY850463.1.1224,Ctrl,-0.0698712749521595,-0.0698712749521595,-0.0698712749521595
lodo,attn,PD,JQ461335.1.1385,Ctrl,-0.0683802574860398,-0.0683802574860398,-0.0683802574860398
lodo,attn,PD,GQ491436.1.1359,Ctrl,-0.0678794675424949,-0.0678794675424949,-0.0678794675424949
lodo,attn,PD,DQ798115.1.1285,Ctrl,-0.0676101164407374,-0.0676101164407374,-0.0676101164407374
lodo,attn,PD,DQ796136.1.1225,Ctrl,-0.0669246661765346,-0.0669246661765346,-0.0669246661765346
lodo,attn,PD,DQ806926.1.1328,Ctrl,-0.0664801870675402,-0.0664801870675402,-0.0664801870675402
lodo,attn,PD,DQ810066.1.1374,Ctrl,-0.0664090865937419,-0.0664090865937419,-0.0664090865937419
lodo,attn,PD,DQ803441.1.1240,Ctrl,-0.0657421819125639,-0.0657421819125639,-0.0657421819125639
lodo,attn,PD,FJ368359.1.1373,Ctrl,-0.0635993754034703,-0.0635993754034703,-0.0635993754034703
lodo,attn,PD,GQ493643.1.1357,Ctrl,-0.0627183226944441,-0.0627183226944441,-0.0627183226944441
lodo,attn,PD,FJ369123.1.1313,Ctrl,-0.0627071713710383,-0.0627071713710383,-0.0627071713710383
lodo,attn,PD,AY979566.1.1352,Ctrl,-0.0620703839355119,-0.0620703839355119,-0.0620703839355119
lodo,attn,PD,AF371688.1.1398,Ctrl,-0.0618239181448172,-0.0618239181448172,-0.0618239181448172
lodo,attn,PD,FJ512259.1.1422,Ctrl,-0.0614965102883594,-0.0614965102883594,-0.0614965102883594
lodo,attn,PD,HQ780721.1.1441,PD,0.0543610101241828,0.0543610101241828,0.0543610101241828
lodo,attn,PD,JQ449434.1.1369,PD,0.0551743963221256,0.0551743963221256,0.0551743963221256
lodo,attn,PD,EF402779.1.1483,PD,0.0555578137348014,0.0555578137348014,0.0555578137348014
lodo,attn,PD,FJ505502.1.1373,PD,0.0558194195395775,0.0558194195395775,0.0558194195395775
lodo,attn,PD,LT161891.1.1529,PD,0.0565216832330931,0.0565216832330931,0.0565216832330931
lodo,attn,PD,FKLA01000009.186857.188363,PD,0.0576300213587502,0.0576300213587502,0.0576300213587502
lodo,attn,PD,GQ014216.1.1367,PD,0.0583685301671654,0.0583685301671654,0.0583685301671654
lodo,attn,PD,CDZQ01045218.278.1785,PD,0.0587296199509418,0.0587296199509418,0.0587296199509418
lodo,attn,PD,FJ367867.1.1361,PD,0.0588398880032222,0.0588398880032222,0.0588398880032222
lodo,attn,PD,GQ491958.1.1358,PD,0.0599878853736623,0.0599878853736623,0.0599878853736623
lodo,attn,PD,KJ412982.1.1209,PD,0.0602469937823879,0.0602469937823879,0.0602469937823879
lodo,attn,PD,LN998062.1.1487,PD,0.0603384487727836,0.0603384487727836,0.0603384487727836
lodo,attn,PD,FJ371244.1.1373,PD,0.0610303478889794,0.0610303478889794,0.0610303478889794
lodo,attn,PD,DQ806128.1.1290,PD,0.061759553217859,0.061759553217859,0.061759553217859
lodo,attn,PD,JF143268.1.1370,PD,0.06278245997455,0.06278245997455,0.06278245997455
lodo,attn,PD,FJ364934.1.1401,PD,0.0639002290376748,0.0639002290376748,0.0639002290376748
lodo,attn,PD,EF401863.1.1477,PD,0.0644948063138219,0.0644948063138219,0.0644948063138219
lodo,attn,PD,DQ800502.1.1288,PD,0.0645284479519314,0.0645284479519314,0.0645284479519314
lodo,attn,PD,HQ789223.1.1434,PD,0.0645887431130224,0.0645887431130224,0.0645887431130224
lodo,attn,PD,DQ799787.1.1286,PD,0.0670653940883428,0.0670653940883428,0.0670653940883428
lodo,attn,PD,DQ795266.1.1352,PD,0.0699167802415437,0.0699167802415437,0.0699167802415437
lodo,attn,PD,AJ518871.1.1462,PD,0.0699674180670247,0.0699674180670247,0.0699674180670247
lodo,attn,PD,KF842603.1.1378,PD,0.0710588799521685,0.0710588799521685,0.0710588799521685
lodo,attn,PD,AY653235.1.1324,PD,0.0731623899498982,0.0731623899498982,0.0731623899498982
lodo,attn,PD,CVOZ01000362.1.1219,PD,0.0738946649066855,0.0738946649066855,0.0738946649066855
lodo,attn,PD,JQ190289.1.1360,PD,0.0740516974015214,0.0740516974015214,0.0740516974015214
lodo,attn,PD,KF842779.1.1381,PD,0.0762560367379402,0.0762560367379402,0.0762560367379402
lodo,attn,PD,LN907732.1.1433,PD,0.0770227171772473,0.0770227171772473,0.0770227171772473
lodo,attn,PD,HQ717226.1.1310,PD,0.0779684162350568,0.0779684162350568,0.0779684162350568
lodo,attn,PD,GQ014254.1.1331,PD,0.082052207031816,0.082052207031816,0.082052207031816
lodo,attn,PD,MF326581.1.1216,PD,0.0827303532441144,0.0827303532441144,0.0827303532441144
lodo,attn,PD,GQ014215.1.1357,PD,0.084224397267299,0.084224397267299,0.084224397267299
lodo,attn,PD,KF101798.1.1358,PD,0.0852757857521306,0.0852757857521306,0.0852757857521306
lodo,attn,PD,JN698650.1.1277,PD,0.087818491305546,0.087818491305546,0.087818491305546
lodo,attn,PD,GQ491160.1.1334,PD,0.0879102815661995,0.0879102815661995,0.0879102815661995
lodo,attn,PD,DQ808123.1.1242,PD,0.0882417148722441,0.0882417148722441,0.0882417148722441
lodo,attn,PD,DQ806077.1.1402,PD,0.0935524310481008,0.0935524310481008,0.0935524310481008
lodo,attn,PD,X95624.1.1458,PD,0.0954576991705149,0.0954576991705149,0.0954576991705149
lodo,attn,PD,DQ799308.1.1322,PD,0.0977365602188317,0.0977365602188317,0.0977365602188317
lodo,attn,PD,DQ441256.1.1313,PD,0.1002906589667741,0.1002906589667741,0.1002906589667741
lodo,attn,PD,MG245801.1.1200,PD,0.1105807634455599,0.1105807634455599,0.1105807634455599
lodo,attn,PD,FJ364950.1.1345,PD,0.1132086927002948,0.1132086927002948,0.1132086927002948
lodo,attn,PD,KJ160210.1.1379,PD,0.1134035542074128,0.1134035542074128,0.1134035542074128
lodo,attn,PD,AY995251.1.1356,PD,0.1169700652923482,0.1169700652923482,0.1169700652923482
lodo,attn,PD,EF519868.1.1382,PD,0.1466796774324071,0.1466796774324071,0.1466796774324071
lodo,attn,PD,AB733112.1.1328,PD,0.1468430003514212,0.1468430003514212,0.1468430003514212
lodo,attn,PD,MH813973.1.1314,PD,0.1509858922963319,0.1509858922963319,0.1509858922963319
lodo,attn,PD,JX096007.1.1204,PD,0.1800025561397475,0.1800025561397475,0.1800025561397475
lodo,attn,PD,JN004064.1.1431,PD,0.2904746291340884,0.2904746291340884,0.2904746291340884
lodo,attn,PD,D89330.1.1512,PD,0.3289687928545276,0.3289687928545276,0.3289687928545276
lodo,attn,SZ,MH447042.1.1230,Ctrl,-1.2691865852553672,-1.2691865852553672,-1.2691865852553672
lodo,attn,SZ,JN004064.1.1431,Ctrl,-0.8108661392416815,-0.8108661392416815,-0.8108661392416815
lodo,attn,SZ,MH698490.1.1502,Ctrl,-0.3537675000616403,-0.3537675000616403,-0.3537675000616403
lodo,attn,SZ,KY003111.1.1207,Ctrl,-0.3428602813571765,-0.3428602813571765,-0.3428602813571765
lodo,attn,SZ,JQ460060.1.1314,Ctrl,-0.3072506424418035,-0.3072506424418035,-0.3072506424418035
lodo,attn,SZ,FJ802332.1.1211,Ctrl,-0.2867680946808981,-0.2867680946808981,-0.2867680946808981
lodo,attn,SZ,HQ794629.1.1311,Ctrl,-0.2811937569338936,-0.2811937569338936,-0.2811937569338936
lodo,attn,SZ,HQ781017.1.1452,Ctrl,-0.2797326910286218,-0.2797326910286218,-0.2797326910286218
lodo,attn,SZ,KC464806.1.1200,Ctrl,-0.2690034133821022,-0.2690034133821022,-0.2690034133821022
lodo,attn,SZ,FJ371191.1.1358,Ctrl,-0.2569160088010058,-0.2569160088010058,-0.2569160088010058
lodo,attn,SZ,DQ809347.1.1291,Ctrl,-0.2466934593458436,-0.2466934593458436,-0.2466934593458436
lodo,attn,SZ,FAVI01000008.1703276.1704567,Ctrl,-0.2340270477208287,-0.2340270477208287,-0.2340270477208287
lodo,attn,SZ,DQ801264.1.1373,Ctrl,-0.2338957879839507,-0.2338957879839507,-0.2338957879839507
lodo,attn,SZ,KF098860.1.1353,Ctrl,-0.2284916847771824,-0.2284916847771824,-0.2284916847771824
lodo,attn,SZ,KF085270.1.1286,Ctrl,-0.2272326272642639,-0.2272326272642639,-0.2272326272642639
lodo,attn,SZ,DQ824197.1.1281,Ctrl,-0.2129430416700652,-0.2129430416700652,-0.2129430416700652
lodo,attn,SZ,EF404262.1.1485,Ctrl,-0.2109246265931395,-0.2109246265931395,-0.2109246265931395
lodo,attn,SZ,JF203236.1.1325,Ctrl,-0.2107980303550618,-0.2107980303550618,-0.2107980303550618
lodo,attn,SZ,MF002599.1.1493,Ctrl,-0.2006895975758982,-0.2006895975758982,-0.2006895975758982
lodo,attn,SZ,KY795327.1.1204,Ctrl,-0.1998159243120047,-0.1998159243120047,-0.1998159243120047
lodo,attn,SZ,KC293826.1.1212,Ctrl,-0.1939986981858371,-0.1939986981858371,-0.1939986981858371
lodo,attn,SZ,AF385522.1.1499,Ctrl,-0.1848766077894893,-0.1848766077894893,-0.1848766077894893
lodo,attn,SZ,FJ363658.1.1358,Ctrl,-0.1819247666607348,-0.1819247666607348,-0.1819247666607348
lodo,attn,SZ,ABIY02000114.1.1263,Ctrl,-0.1767868425144038,-0.1767868425144038,-0.1767868425144038
lodo,attn,SZ,DQ905725.1.1572,Ctrl,-0.1735700116978673,-0.1735700116978673,-0.1735700116978673
lodo,attn,SZ,JQ467834.1.1286,Ctrl,-0.1717476989612129,-0.1717476989612129,-0.1717476989612129
lodo,attn,SZ,AY979566.1.1352,Ctrl,-0.1680677709000889,-0.1680677709000889,-0.1680677709000889
lodo,attn,SZ,JQ855529.1.1276,Ctrl,-0.167023040999362,-0.167023040999362,-0.167023040999362
lodo,attn,SZ,KT963773.1.1497,Ctrl,-0.1620756183132916,-0.1620756183132916,-0.1620756183132916
lodo,attn,SZ,JQ455259.1.1251,Ctrl,-0.1604320314586927,-0.1604320314586927,-0.1604320314586927
lodo,attn,SZ,HQ806131.1.1433,Ctrl,-0.1557647831038034,-0.1557647831038034,-0.1557647831038034
lodo,attn,SZ,EF399608.1.1495,Ctrl,-0.1545931184292292,-0.1545931184292292,-0.1545931184292292
lodo,attn,SZ,DQ807658.1.1289,Ctrl,-0.1496149007662883,-0.1496149007662883,-0.1496149007662883
lodo,attn,SZ,KF722190.1.1261,Ctrl,-0.1466384411917798,-0.1466384411917798,-0.1466384411917798
lodo,attn,SZ,FJ365306.1.1338,Ctrl,-0.1457771011042364,-0.1457771011042364,-0.1457771011042364
lodo,attn,SZ,FJ371873.1.1224,Ctrl,-0.1428259383695742,-0.1428259383695742,-0.1428259383695742
lodo,attn,SZ,GQ338720.1.1529,Ctrl,-0.1351150858851668,-0.1351150858851668,-0.1351150858851668
lodo,attn,SZ,HG800468.1.1200,Ctrl,-0.1349988764800531,-0.1349988764800531,-0.1349988764800531
lodo,attn,SZ,JQ189849.1.1389,Ctrl,-0.1311770471230764,-0.1311770471230764,-0.1311770471230764
lodo,attn,SZ,FJ978501.1.1405,Ctrl,-0.1293405134383567,-0.1293405134383567,-0.1293405134383567
lodo,attn,SZ,DQ113724.1.1380,Ctrl,-0.1290399898622795,-0.1290399898622795,-0.1290399898622795
lodo,attn,SZ,AM275475.1.1514,Ctrl,-0.127659916891251,-0.127659916891251,-0.127659916891251
lodo,attn,SZ,DQ809050.1.1286,Ctrl,-0.1270278687157139,-0.1270278687157139,-0.1270278687157139
lodo,attn,SZ,KF842615.1.1391,Ctrl,-0.1264395865166245,-0.1264395865166245,-0.1264395865166245
lodo,attn,SZ,JQ455365.1.1268,Ctrl,-0.1257516890517955,-0.1257516890517955,-0.1257516890517955
lodo,attn,SZ,FJ362935.1.1246,Ctrl,-0.1237697509504444,-0.1237697509504444,-0.1237697509504444
lodo,attn,SZ,JF110835.1.1384,Ctrl,-0.1234065578342228,-0.1234065578342228,-0.1234065578342228
lodo,attn,SZ,HM124291.1.1491,Ctrl,-0.1225366827659724,-0.1225366827659724,-0.1225366827659724
lodo,attn,SZ,EF402384.1.1486,Ctrl,-0.1219416177402155,-0.1219416177402155,-0.1219416177402155
lodo,attn,SZ,KF843440.1.1336,Ctrl,-0.120873866822898,-0.120873866822898,-0.120873866822898
lodo,attn,SZ,FJ366838.1.1357,SZ,0.1141324939586409,0.1141324939586409,0.1141324939586409
lodo,attn,SZ,JQ595922.1.973,SZ,0.1154585230339254,0.1154585230339254,0.1154585230339254
lodo,attn,SZ,KF842582.1.1388,SZ,0.1162554028457272,0.1162554028457272,0.1162554028457272
lodo,attn,SZ,MG231210.1.1237,SZ,0.1167094814683712,0.1167094814683712,0.1167094814683712
lodo,attn,SZ,JF044111.1.1379,SZ,0.1178190452885148,0.1178190452885148,0.1178190452885148
lodo,attn,SZ,FJ558299.1.1272,SZ,0.1193696297745735,0.1193696297745735,0.1193696297745735
lodo,attn,SZ,JQ470107.1.1403,SZ,0.1224227224021736,0.1224227224021736,0.1224227224021736
lodo,attn,SZ,AM420132.1.1439,SZ,0.1234202575620795,0.1234202575620795,0.1234202575620795
lodo,attn,SZ,FJ673609.1.1365,SZ,0.1261643517454063,0.1261643517454063,0.1261643517454063
lodo,attn,SZ,HM308748.1.1356,SZ,0.1280301545531126,0.1280301545531126,0.1280301545531126
lodo,attn,SZ,KX021300.1.1561,SZ,0.1297707839491201,0.1297707839491201,0.1297707839491201
lodo,attn,SZ,FJ557701.1.1386,SZ,0.1303351307289512,0.1303351307289512,0.1303351307289512
lodo,attn,SZ,AJ271894.1.1448,SZ,0.134448777579718,0.134448777579718,0.134448777579718
lodo,attn,SZ,CP012069.2692071.2693595,SZ,0.1388138636448419,0.1388138636448419,0.1388138636448419
lodo,attn,SZ,KF101979.1.1340,SZ,0.1412086271236924,0.1412086271236924,0.1412086271236924
lodo,attn,SZ,GQ448908.1.1286,SZ,0.1478158296096619,0.1478158296096619,0.1478158296096619
lodo,attn,SZ,JQ184013.1.1370,SZ,0.1497926113247534,0.1497926113247534,0.1497926113247534
lodo,attn,SZ,KF841860.1.1367,SZ,0.1502104482370492,0.1502104482370492,0.1502104482370492
lodo,attn,SZ,JQ191031.1.1331,SZ,0.1516278198297852,0.1516278198297852,0.1516278198297852
lodo,attn,SZ,JX095988.1.1318,SZ,0.1519916917246099,0.1519916917246099,0.1519916917246099
lodo,attn,SZ,KF099176.1.1356,SZ,0.153535529703596,0.153535529703596,0.153535529703596
lodo,attn,SZ,FMIW01000005.418310.419846,SZ,0.1557266855420051,0.1557266855420051,0.1557266855420051
lodo,attn,SZ,KM067151.1.1321,SZ,0.1569914127300659,0.1569914127300659,0.1569914127300659
lodo,attn,SZ,AY979435.1.1358,SZ,0.160277981747832,0.160277981747832,0.160277981747832
lodo,attn,SZ,AY985264.1.1386,SZ,0.1615764171850563,0.1615764171850563,0.1615764171850563
lodo,attn,SZ,FJ557868.1.1395,SZ,0.1620341827038219,0.1620341827038219,0.1620341827038219
lodo,attn,SZ,HQ802642.1.1374,SZ,0.1656078490855743,0.1656078490855743,0.1656078490855743
lodo,attn,SZ,JF190728.1.1357,SZ,0.167106480248624,0.167106480248624,0.167106480248624
lodo,attn,SZ,AY995251.1.1356,SZ,0.1676733197980841,0.1676733197980841,0.1676733197980841
lodo,attn,SZ,HQ814808.1.1433,SZ,0.1815052509955703,0.1815052509955703,0.1815052509955703
lodo,attn,SZ,KF101070.1.1361,SZ,0.1849490796985214,0.1849490796985214,0.1849490796985214
lodo,attn,SZ,JQ467804.1.1375,SZ,0.1851069157300254,0.1851069157300254,0.1851069157300254
lodo,attn,SZ,MK131295.1.1339,SZ,0.1948323457194166,0.1948323457194166,0.1948323457194166
lodo,attn,SZ,MH813973.1.1314,SZ,0.197480070078284,0.197480070078284,0.197480070078284
lodo,attn,SZ,LT576385.1.1466,SZ,0.2071997298392236,0.2071997298392236,0.2071997298392236
lodo,attn,SZ,KF068512.1.1332,SZ,0.2073346441072771,0.2073346441072771,0.2073346441072771
lodo,attn,SZ,AJ234040.1.1412,SZ,0.2130191402262931,0.2130191402262931,0.2130191402262931
lodo,attn,SZ,KF102016.1.1361,SZ,0.2303899834050328,0.2303899834050328,0.2303899834050328
lodo,attn,SZ,CAGY01000009.11.1531,SZ,0.2582645697249492,0.2582645697249492,0.2582645697249492
lodo,attn,SZ,AJ421779.1.1522,SZ,0.2807215749808927,0.2807215749808927,0.2807215749808927
lodo,attn,SZ,KF102009.1.1359,SZ,0.2861569972616459,0.2861569972616459,0.2861569972616459
lodo,attn,SZ,HQ800862.1.1308,SZ,0.3304543526918467,0.3304543526918467,0.3304543526918467
lodo,attn,SZ,LLVT01000005.96.1646,SZ,0.3563741609043145,0.3563741609043145,0.3563741609043145
lodo,attn,SZ,MH337931.1.1279,SZ,0.3913844130719335,0.3913844130719335,0.3913844130719335
lodo,attn,SZ,D89330.1.1512,SZ,0.4077505597679718,0.4077505597679718,0.4077505597679718
lodo,attn,SZ,JX096007.1.1204,SZ,0.5059807706438882,0.5059807706438882,0.5059807706438882
lodo,attn,SZ,KF101479.1.1371,SZ,0.5299756732437297,0.5299756732437297,0.5299756732437297
lodo,attn,SZ,AJ234058.1.1367,SZ,0.5442797760058619,0.5442797760058619,0.5442797760058619
lodo,attn,SZ,KF084610.1.1355,SZ,0.9844866394331802,0.9844866394331802,0.9844866394331802
lodo,attn,SZ,KF722436.1.1288,SZ,1.1292154731089354,1.1292154731089354,1.1292154731089354
lodo,attn,T2DM,HK240304.1.1331,Ctrl,-0.2342528544809693,-0.2342528544809693,-0.2342528544809693
lodo,attn,T2DM,GQ491354.1.1233,Ctrl,-0.1988443304200445,-0.1988443304200445,-0.1988443304200445
lodo,attn,T2DM,FJ366585.1.1356,Ctrl,-0.1634537680516661,-0.1634537680516661,-0.1634537680516661
lodo,attn,T2DM,DQ808123.1.1242,Ctrl,-0.1604885303219945,-0.1604885303219945,-0.1604885303219945
lodo,attn,T2DM,JQ465376.1.1220,Ctrl,-0.1601450835891303,-0.1601450835891303,-0.1601450835891303
lodo,attn,T2DM,GQ133046.1.1200,Ctrl,-0.1535096150096759,-0.1535096150096759,-0.1535096150096759
lodo,attn,T2DM,DQ806006.1.1388,Ctrl,-0.1432723437036954,-0.1432723437036954,-0.1432723437036954
lodo,attn,T2DM,HM240983.1.1303,Ctrl,-0.1431247374558447,-0.1431247374558447,-0.1431247374558447
lodo,attn,T2DM,GQ338715.1.1269,Ctrl,-0.1355649029868179,-0.1355649029868179,-0.1355649029868179
lodo,attn,T2DM,HK555826.1.1289,Ctrl,-0.1332701492409774,-0.1332701492409774,-0.1332701492409774
lodo,attn,T2DM,DQ801035.1.1387,Ctrl,-0.1277277138715515,-0.1277277138715515,-0.1277277138715515
lodo,attn,T2DM,GQ491160.1.1334,Ctrl,-0.1274215979028762,-0.1274215979028762,-0.1274215979028762
lodo,attn,T2DM,GBHJ01003687.151.1360,Ctrl,-0.1273048426431527,-0.1273048426431527,-0.1273048426431527
lodo,attn,T2DM,KF842080.1.1260,Ctrl,-0.1238108315906181,-0.1238108315906181,-0.1238108315906181
lodo,attn,T2DM,DQ824178.1.1289,Ctrl,-0.1233769262393669,-0.1233769262393669,-0.1233769262393669
lodo,attn,T2DM,FJ382054.1.1201,Ctrl,-0.1227342867513089,-0.1227342867513089,-0.1227342867513089
lodo,attn,T2DM,GQ897566.1.1496,Ctrl,-0.1225758790876126,-0.1225758790876126,-0.1225758790876126
lodo,attn,T2DM,JQ455635.1.1212,Ctrl,-0.1206859387917544,-0.1206859387917544,-0.1206859387917544
lodo,attn,T2DM,GFJP01006665.2.1440,Ctrl,-0.1199632637192174,-0.1199632637192174,-0.1199632637192174
lodo,attn,T2DM,HK557112.1.1272,Ctrl,-0.1198485968523123,-0.1198485968523123,-0.1198485968523123
lodo,attn,T2DM,DQ809399.1.1289,Ctrl,-0.1197381788206127,-0.1197381788206127,-0.1197381788206127
lodo,attn,T2DM,DQ824361.1.1287,Ctrl,-0.1194474398325445,-0.1194474398325445,-0.1194474398325445
lodo,attn,T2DM,JQ465246.1.1375,Ctrl,-0.1176675465167585,-0.1176675465167585,-0.1176675465167585
lodo,attn,T2DM,DQ801609.1.1306,Ctrl,-0.1165892820806974,-0.1165892820806974,-0.1165892820806974
lodo,attn,T2DM,ACCF01000268.3369.4627,Ctrl,-0.1163388125071855,-0.1163388125071855,-0.1163388125071855
lodo,attn,T2DM,AF132280.1.1277,Ctrl,-0.1155912661179641,-0.1155912661179641,-0.1155912661179641
lodo,attn,T2DM,CVOZ01000362.1.1219,Ctrl,-0.1124954564111193,-0.1124954564111193,-0.1124954564111193
lodo,attn,T2DM,JQ467834.1.1286,Ctrl,-0.1076997128962629,-0.1076997128962629,-0.1076997128962629
lodo,attn,T2DM,DQ326493.1.1337,Ctrl,-0.1058901814962894,-0.1058901814962894,-0.1058901814962894
lodo,attn,T2DM,JQ449887.1.1241,Ctrl,-0.1036815625403899,-0.1036815625403899,-0.1036815625403899
lodo,attn,T2DM,FJ366505.1.1299,Ctrl,-0.1036666828883404,-0.1036666828883404,-0.1036666828883404
lodo,attn,T2DM,MH924239.1.1200,Ctrl,-0.1034702870266848,-0.1034702870266848,-0.1034702870266848
lodo,attn,T2DM,DQ806395.1.1243,Ctrl,-0.1024548802851975,-0.1024548802851975,-0.1024548802851975
lodo,attn,T2DM,AY653232.1.1310,Ctrl,-0.102381161949446,-0.102381161949446,-0.102381161949446
lodo,attn,T2DM,KF785806.1.1418,Ctrl,-0.1018102724493374,-0.1018102724493374,-0.1018102724493374
lodo,attn,T2DM,AY947496.1.1209,Ctrl,-0.0999766474766863,-0.0999766474766863,-0.0999766474766863
lodo,attn,T2DM,FJ557765.1.1386,Ctrl,-0.0997949560867216,-0.0997949560867216,-0.0997949560867216
lodo,attn,T2DM,JF090188.1.1364,Ctrl,-0.0995893294339136,-0.0995893294339136,-0.0995893294339136
lodo,attn,T2DM,FJ369308.1.1240,Ctrl,-0.0989375659178833,-0.0989375659178833,-0.0989375659178833
lodo,attn,T2DM,HW066288.1.1503,Ctrl,-0.0976070054269399,-0.0976070054269399,-0.0976070054269399
lodo,attn,T2DM,FJ366863.1.1336,Ctrl,-0.0966689495228828,-0.0966689495228828,-0.0966689495228828
lodo,attn,T2DM,HK555409.2.1317,Ctrl,-0.095802679953711,-0.095802679953711,-0.095802679953711
lodo,attn,T2DM,ACBX02000025.1.1217,Ctrl,-0.0956717724960348,-0.0956717724960348,-0.0956717724960348
lodo,attn,T2DM,DQ801618.1.1247,Ctrl,-0.0956333138986988,-0.0956333138986988,-0.0956333138986988
lodo,attn,T2DM,DQ797315.1.1283,Ctrl,-0.0917871171262142,-0.0917871171262142,-0.0917871171262142
lodo,attn,T2DM,HQ766894.1.1448,Ctrl,-0.0916260941891351,-0.0916260941891351,-0.0916260941891351
lodo,attn,T2DM,DQ794280.1.1399,Ctrl,-0.0908676823488382,-0.0908676823488382,-0.0908676823488382
lodo,attn,T2DM,FJ366441.1.1355,Ctrl,-0.0882689746264937,-0.0882689746264937,-0.0882689746264937
lodo,attn,T2DM,FJ367045.1.1321,Ctrl,-0.0878449579206441,-0.0878449579206441,-0.0878449579206441
lodo,attn,T2DM,DQ823787.1.1236,Ctrl,-0.0876676860760749,-0.0876676860760749,-0.0876676860760749
lodo,attn,T2DM,AJ540309.1.1413,T2DM,0.1089000233898638,0.1089000233898638,0.1089000233898638
lodo,attn,T2DM,GQ491404.1.1333,T2DM,0.1090481886134566,0.1090481886134566,0.1090481886134566
lodo,attn,T2DM,DQ806573.1.1391,T2DM,0.1096320812339864,0.1096320812339864,0.1096320812339864
lodo,attn,T2DM,FJ363133.1.1363,T2DM,0.110205385962567,0.110205385962567,0.110205385962567
lodo,attn,T2DM,DQ794799.1.1281,T2DM,0.1111418418656554,0.1111418418656554,0.1111418418656554
lodo,attn,T2DM,LLVT01000005.96.1646,T2DM,0.112218953656304,0.112218953656304,0.112218953656304
lodo,attn,T2DM,JQ185418.1.1353,T2DM,0.1146693644174798,0.1146693644174798,0.1146693644174798
lodo,attn,T2DM,JX678705.1.1388,T2DM,0.1148855157398139,0.1148855157398139,0.1148855157398139
lodo,attn,T2DM,AY985264.1.1386,T2DM,0.1159057338902604,0.1159057338902604,0.1159057338902604
lodo,attn,T2DM,KF085270.1.1286,T2DM,0.1170126726883762,0.1170126726883762,0.1170126726883762
lodo,attn,T2DM,DQ801017.1.1384,T2DM,0.1173477260152038,0.1173477260152038,0.1173477260152038
lodo,attn,T2DM,EF451053.1.1351,T2DM,0.1218492364775141,0.1218492364775141,0.1218492364775141
lodo,attn,T2DM,HQ800862.1.1308,T2DM,0.1254070794697918,0.1254070794697918,0.1254070794697918
lodo,attn,T2DM,FJ558427.1.1215,T2DM,0.125964539958541,0.125964539958541,0.125964539958541
lodo,attn,T2DM,JX095969.1.1221,T2DM,0.1283674055969006,0.1283674055969006,0.1283674055969006
lodo,attn,T2DM,DQ794891.1.1393,T2DM,0.1285091748760705,0.1285091748760705,0.1285091748760705
lodo,attn,T2DM,FJ364934.1.1401,T2DM,0.131412302737694,0.131412302737694,0.131412302737694
lodo,attn,T2DM,FJ366838.1.1357,T2DM,0.1330126029975065,0.1330126029975065,0.1330126029975065
lodo,attn,T2DM,DQ796193.1.1249,T2DM,0.1340208369918981,0.1340208369918981,0.1340208369918981
lodo,attn,T2DM,JF110835.1.1384,T2DM,0.1341086806350042,0.1341086806350042,0.1341086806350042
lodo,attn,T2DM,MF464539.1.1400,T2DM,0.1351194700265481,0.1351194700265481,0.1351194700265481
lodo,attn,T2DM,JF044111.1.1379,T2DM,0.1364854410596732,0.1364854410596732,0.1364854410596732
lodo,attn,T2DM,AY850535.1.1224,T2DM,0.1426348273457093,0.1426348273457093,0.1426348273457093
lodo,attn,T2DM,DQ805726.1.1392,T2DM,0.1509678439603399,0.1509678439603399,0.1509678439603399
lodo,attn,T2DM,HQ794846.1.1268,T2DM,0.1520032140857364,0.1520032140857364,0.1520032140857364
lodo,attn,T2DM,JQ455437.1.1278,T2DM,0.1536224231367784,0.1536224231367784,0.1536224231367784
lodo,attn,T2DM,FJ368193.1.1350,T2DM,0.1540139320445407,0.1540139320445407,0.1540139320445407
lodo,attn,T2DM,CP011914.198813.200280,T2DM,0.1553020251478078,0.1553020251478078,0.1553020251478078
lodo,attn,T2DM,LN998062.1.1487,T2DM,0.1566183143475584,0.1566183143475584,0.1566183143475584
lodo,attn,T2DM,MG245801.1.1200,T2DM,0.1577009727306466,0.1577009727306466,0.1577009727306466
lodo,attn,T2DM,AB266102.1.1428,T2DM,0.1602068910562007,0.1602068910562007,0.1602068910562007
lodo,attn,T2DM,DQ824197.1.1281,T2DM,0.1660492836973808,0.1660492836973808,0.1660492836973808
lodo,attn,T2DM,AM886059.1.1431,T2DM,0.1738435888913325,0.1738435888913325,0.1738435888913325
lodo,attn,T2DM,GQ491195.1.1341,T2DM,0.1744011557177528,0.1744011557177528,0.1744011557177528
lodo,attn,T2DM,FAVI01000008.1703276.1704567,T2DM,0.1800250435215811,0.1800250435215811,0.1800250435215811
lodo,attn,T2DM,MK131295.1.1339,T2DM,0.2035062735202474,0.2035062735202474,0.2035062735202474
lodo,attn,T2DM,JF203236.1.1325,T2DM,0.2052072513633658,0.2052072513633658,0.2052072513633658
lodo,attn,T2DM,GQ492470.1.1319,T2DM,0.2081047705449694,0.2081047705449694,0.2081047705449694
lodo,attn,T2DM,EF434343.1.1369,T2DM,0.2133193511465828,0.2133193511465828,0.2133193511465828
lodo,attn,T2DM,HQ766049.1.1250,T2DM,0.234416243074088,0.234416243074088,0.234416243074088
lodo,attn,T2DM,KF084610.1.1355,T2DM,0.2484844772992944,0.2484844772992944,0.2484844772992944
lodo,attn,T2DM,HM308748.1.1356,T2DM,0.2614122512396202,0.2614122512396202,0.2614122512396202
lodo,attn,T2DM,AY995251.1.1356,T2DM,0.2755299675780441,0.2755299675780441,0.2755299675780441
lodo,attn,T2DM,MH447010.1.1277,T2DM,0.2879516503005833,0.2879516503005833,0.2879516503005833
lodo,attn,T2DM,FJ558299.1.1272,T2DM,0.3074307770828015,0.3074307770828015,0.3074307770828015
lodo,attn,T2DM,AJ234058.1.1367,T2DM,0.3214462778969411,0.3214462778969411,0.3214462778969411
lodo,attn,T2DM,KY003111.1.1207,T2DM,0.4322868472189441,0.4322868472189441,0.4322868472189441
lodo,attn,T2DM,JX096007.1.1204,T2DM,0.4813714029947393,0.4813714029947393,0.4813714029947393
lodo,attn,T2DM,JN004064.1.1431,T2DM,0.4834511513951941,0.4834511513951941,0.4834511513951941
lodo,attn,T2DM,MH813973.1.1314,T2DM,0.5808240831035882,0.5808240831035882,0.5808240831035882
