,label,dim_0,dim_1,dim_2,dim_3,dim_4,dim_5,dim_6,dim_7,dim_8,dim_9,dim_10,dim_11,dim_12,dim_13,dim_14,dim_15,dim_16,dim_17,dim_18,dim_19,dim_20,dim_21,dim_22,dim_23,dim_24,dim_25,dim_26,dim_27,dim_28,dim_29,dim_30,dim_31,dim_32,dim_33,dim_34,dim_35,dim_36,dim_37,dim_38,dim_39,dim_40,dim_41,dim_42,dim_43,dim_44,dim_45,dim_46,dim_47,dim_48,dim_49,dim_50,dim_51,dim_52,dim_53,dim_54,dim_55,dim_56,dim_57,dim_58,dim_59,dim_60,dim_61,dim_62,dim_63
ERR475468,0,-0.10699439137776305,-0.07539658287229638,-0.11393669930597146,-0.006258662790060043,-0.0907311240832011,0.06814205398162206,-0.0687699622552221,0.256091833114624,-0.04341991421339723,-0.039148859863416874,-0.09878108774622281,0.030832197206715744,0.0879797711968422,-0.10130651178769767,0.07972620179255803,0.20357393838154772,-0.06214236281812191,-0.023276656167581677,0.11681028828024864,0.3265533136824767,0.2379307437222451,0.12681324950729808,0.38325267285108566,-0.07045356184244156,0.10983953500787418,0.1551572053382794,0.19980514297882715,0.016817100656529266,0.02483921536865334,0.3614866310187305,0.03845049627125263,0.28172952262684703,0.06299995134274165,0.5611729878000915,0.010553708920876185,-0.03404778242111206,0.27861687541007996,-0.01685900365312894,-0.12161042417089145,-0.054804809391498566,0.11288643069565296,0.2883664940794309,-0.1255602998038133,0.07848528648416202,0.016684898485740025,-0.09740626191099484,0.3477052537103494,-0.13085362315177917,-0.021183666152258713,-0.024499171723922093,-0.12724496548374495,0.1783567628202339,-0.14037209625045458,-0.022168719520171482,-0.061025540033976235,0.33662188006564975,0.10718541654447715,0.00328778731636703,-0.04136992585457241,-0.019082460707674425,-0.13752682010332742,-0.067627997448047,-0.03789545347293218,-0.052437447011470795
ERR475469,0,-0.10193785318309286,-0.07725163549184799,-0.11230514322717984,0.010860386789621165,-0.10030665062367916,0.06782630582650502,-0.07362244774897893,0.30972718944152194,-0.03361550148110837,-0.02597296855674358,-0.10230112846087043,0.07427900315572818,0.10410863347351551,-0.09657413760821025,0.09001639237006505,0.16614818126739314,-0.05034089647233486,-0.010529058519750834,0.1146400620539983,0.3485237918794155,0.28655308795471984,0.12669120791057745,0.43984531859556836,-0.040220665434996285,0.10271846130490303,0.14719163936873278,0.18004904190699259,-0.019641800473133724,0.05899388281007608,0.36019613097111386,0.010992111017306646,0.27425024084125954,0.06514631118625402,0.5333217475563288,0.030739180743694305,-0.041888813177744545,0.2517574404676755,-0.03454715013504028,-0.1289222612977028,-0.06672666097680728,0.10586812905967236,0.24326409896214804,-0.11275177386899789,0.041392880181471504,0.005314812685052554,-0.10681497988601525,0.39714912076791126,-0.13031273459394774,-0.0314207278812925,-0.027706618110338848,-0.12348528578877449,0.18885802380585423,-0.13087337712446848,-0.03686496367057165,-0.058658344050248466,0.3327954386671384,0.11984833392004172,-0.02740088221617043,-0.046125276014208794,-0.022608705175419647,-0.1367181328435739,-0.07768610895921786,-0.035887461155653,-0.057091850244129695
ERR475470,0,-0.09730877291076467,-0.09282180024698998,-0.12992819646994272,-0.05565689876675606,-0.11833084685107072,0.02224900821844737,-0.07005862159227642,0.09340368335445721,-0.009687748873451104,-0.033995226250605505,-0.10029333581527074,-0.024420711987962324,-0.050332236724595227,-0.1032423098416378,0.03501539793796837,0.23593078243235746,-0.10223738038136314,-0.04182685042421023,-0.012845454116662344,0.1723121553659439,0.22530219129597148,0.05719172954559326,0.25043018472691375,-0.07465347523490588,0.11590240026513736,0.1771068467448155,0.1468985676765442,0.0007312366118033727,-0.024931910758217175,0.38067495202024776,0.03684809792321175,0.24025784401843944,0.08142553394039471,0.5588208052019278,0.06436292516688506,-0.025779866923888523,0.4670807495713234,-0.03786936029791832,-0.10542636613051097,0.024987219522396725,0.25352748568790656,0.3189970292150974,-0.13774059216181436,0.26665087540944415,0.20237291452940553,0.02223581572373708,0.39748370942349237,-0.13321300595998764,0.027286654338240623,0.08721006661653519,-0.09764798181519534,0.3909483316044013,-0.11058116580049197,0.0883102814356486,0.057739299411575,0.5383269265294075,0.19872828324635824,0.10778886079788208,-0.022013767311970394,-0.020888638372222584,-0.14347108701864877,-0.023995036259293556,0.01569102207819621,-0.01251162588596344
ERR475471,0,-0.07521252875449136,-0.05451439839089289,-0.10356741212308407,0.07551906684723993,-0.059718843859930835,0.11154644812146823,-0.07089276604043941,0.3526746978362401,-0.036498671979643404,0.010221272272853335,-0.08770145165423553,0.10985802362362544,0.1475563421845436,-0.10789219724635284,0.1836553836862246,0.3825429156422615,-0.028914237685967237,0.0439971510010461,0.14108595438301563,0.37592605873942375,0.3249990077068408,0.22062595801738402,0.6632600724697113,-0.0020459480583667755,0.03641558066010475,0.1598249631933868,0.23977820947766304,-0.0006867659588654836,0.09289018848600487,0.4153855654100577,0.010048103829224905,0.23927603475749493,0.024645262397825718,0.4823419079184532,0.07246580099066098,-0.043029743557175,0.2675895628829797,-0.04469499861200651,-0.12765345349907875,-0.05627618435149392,0.05588360627492269,0.17916046703855196,-0.11914217968781789,0.06984169688075781,-0.025382639840245247,-0.09311120801915725,0.22351359451810518,-0.13831868271032968,-0.08407534503688414,-0.047850084801514946,-0.12783205012480417,0.13586890883743763,-0.14575649425387383,-0.053586519012848534,-0.10097743074099223,0.2568910699337721,0.05838398573299249,-0.05354848504066467,-0.082452987631162,-0.06529655121266842,-0.15318079789479574,-0.11602821263174216,-0.12739978606502214,-0.1021314226090908
ERR475473,0,-0.0788619195955107,-0.09313000957748348,-0.13869556660453478,-0.0012698333399991195,-0.10515292609731357,0.08071044956644376,-0.08206662241718732,0.20459518829981485,-0.009657917777076364,0.03404447239730265,-0.11008893698453903,-0.014194208507736525,0.01590552305181821,-0.10001945014422138,0.1552125240365664,0.3045952556033929,-0.040771907195448875,-0.01618169993162155,0.06008788613447299,0.2513509262353182,0.34504414613669115,0.17659968414227478,0.406191165248553,-0.03319074958562851,0.04242583426336447,0.21097111073322594,0.2554372660815716,-0.016245706627766292,0.04979331217085322,0.373472938934962,0.019345661625266075,0.28559440560638905,0.05123257637023926,0.5130984539476534,0.08948689373210073,-0.047154054045677185,0.40002162382006645,-0.06294312762717406,-0.11839092887627582,-0.007487323756019275,0.13947303282717863,0.22164132570226988,-0.13044165447354317,0.16459405235946178,0.03280071044961611,0.003416708049674829,0.27447560833146173,-0.1422277900079886,-0.05072959287402531,0.017363949368397396,-0.1003142303476731,0.21287577133625746,-0.1233293389280637,-0.008303474634885788,-0.019165312871336937,0.33347121129433316,0.09461628645658493,-0.04109386075288057,-0.07138599331180255,-0.07664165459573269,-0.15701277802387872,-0.07762812295307715,-0.10493239512046178,-0.06830420568197344
ERR475474,0,-0.09240057425571042,-0.10406993174304564,-0.12164933048188686,-0.04339748372634252,-0.106817326353242,-0.004306680212418239,-0.06911523006177352,0.1520397706578175,-0.004011804371354326,-0.06679308023043025,-0.10213860434790452,-0.00989677601804336,-0.019371021538972855,-0.07545272757609685,0.029500870344539482,0.07746137864887714,-0.05558416247367859,-0.03534490073798224,0.03951259950796763,0.2865172338982423,0.18935804006954035,0.07750234908113877,0.22348508766541877,-0.07663248231013615,0.13748896618684134,0.1651514358818531,0.1998100963731607,-0.02395768587787946,0.03713709550599257,0.338677446047465,-0.022643872847159702,0.2920995845148961,0.08154064913590749,0.6545805676529804,-0.02822413792212804,-0.03607699399193128,0.33422067497546476,-0.02487022119263808,-0.11363370095690091,-0.038003109395504,0.2168343790496389,0.289752804984649,-0.12087047162155311,0.09564591820041339,0.0031180220345656076,-0.11465881019830704,0.48040529775122803,-0.131300317744414,-0.04304003420596322,0.012018541805446148,-0.12050931031505267,0.254758782684803,-0.12818439056475958,0.02188385099483033,-0.014666203098992506,0.4400453281899293,0.13220703105131784,0.010772738528127471,-0.034125469935437046,-0.01685439422726631,-0.13194995125134787,-0.03068993923564752,0.019823296306033928,-0.03592508526829382
ERR475476,0,-0.06439332142205483,-0.091493794102765,-0.13636924140155315,-0.046830435593922935,-0.11211470266183217,0.05281854048371315,-0.07784844600003755,0.1503396979533136,-0.01619177962553901,-0.059816239376990175,-0.0974647281691432,-0.07337255139524738,-0.04571558038393656,-0.049608844642837845,0.08089898712933064,0.0856793833275636,-0.034339217779537044,-0.03804891385758916,0.019606392209728558,0.2482940430442492,0.265060504199937,0.0678568718334039,0.24440018956859907,-0.05635714406768481,0.1440998117129008,0.21074478987914821,0.2846979883809884,-0.034765442833304405,0.054826295003294945,0.29528410608569783,-0.009388181691368421,0.3384769518549244,0.08075542623798053,0.6609367456597587,-0.008808638279636702,-0.03133205200235049,0.39991364628076553,-0.04668167419731617,-0.12120358025034268,0.008062079374212772,0.2545566999663909,0.2561233453452587,-0.12023105720678966,0.0925180980314811,0.015388689935207367,-0.10924368600050609,0.4296622518450022,-0.13812286530931792,-0.04120986349880695,0.008017034580310186,-0.10853856522589922,0.2142630579182878,-0.12354143584767978,-0.009811504433552424,-0.014845823248227438,0.3806983431180318,0.11555120597283046,-0.009838792184988657,-0.05809958806882302,-0.04934702875713507,-0.14641708135604858,-0.04459854091207186,-0.046718704203764595,-0.04318155162036419
ERR475477,0,-0.0842465784032053,-0.0687826825984909,-0.12949038296937943,0.01155820240577062,-0.07590173960973819,0.08566693589091301,-0.0759880063124001,0.27720270802577335,-0.03431051624647807,-0.020378849527332932,-0.10797846441467603,-0.004957600186268489,0.08348119134704272,-0.09638490652044614,0.11168552686770757,0.2121033469835917,-0.0611769650131464,-0.026949308191736538,0.10665597518285115,0.2804669613639514,0.22175596623371044,0.1675815905133883,0.41178542003035545,-0.054341698065400124,0.10821042582392693,0.20449612382799387,0.22704662755131721,-0.027473402830461662,0.045444239396601915,0.355871155547599,0.060806366304556526,0.29655342968180776,0.08341333207984765,0.5663820325086514,0.050024223824342094,-0.04734910372644663,0.3547637065251668,-0.03972655596832434,-0.12532173531750837,-0.02256586340566476,0.12895759443442026,0.31805363049109775,-0.12476992420852184,0.10035689074235658,0.0438144039362669,-0.05483411221454541,0.30056284678479034,-0.12971811120708784,0.005074983462691307,-0.003024322291215261,-0.12359206254283588,0.19614892670263848,-0.12491429317742586,-0.0184615128285562,-0.03148746987183889,0.3225889938573043,0.12580552573005357,0.003851162075685958,-0.0659858158711965,-0.05785900726914406,-0.1476106271147728,-0.06352877151221037,-0.053581349551677704,-0.05438593371460835
ERR475478,0,-0.1098393562375956,-0.06889989878982306,-0.09596799189845721,0.00954432599246502,-0.081202848503987,0.06689138834675153,-0.05953090405091643,0.26925549159447354,-0.04867680985868598,-0.05128429830316842,-0.09324427507817745,0.08522564467663567,0.08339409778515498,-0.10438853758387268,0.06327847267190616,0.2228054377095153,-0.0788467110445102,-0.016768545533219974,0.12362155069907506,0.30468061442176503,0.23319015093147755,0.16309570459028086,0.41772571206092834,-0.05141919665038586,0.10476308564345042,0.12008192669600248,0.1752420316139857,-0.003112334137161573,0.04975267623861631,0.367115525684009,0.03413030753533045,0.24379448344310126,0.0760991753389438,0.5238656966636578,0.03839379300673803,-0.038082958509524666,0.29520101317514974,-0.018761555353800457,-0.12242853284503023,-0.04229159280657768,0.11243391657869022,0.28309422731399536,-0.12166103596488635,0.11075793330868085,0.027838237583637238,-0.09456903425355752,0.376633208245039,-0.13404709100723267,-0.019827245424191158,-0.014571661750475565,-0.12341905509432156,0.2002460650789241,-0.14021097620328268,-0.015153247863054276,-0.061028615881999336,0.3839381194363038,0.12989307472404713,0.010361870750784874,-0.03620805777609348,-0.012922354663411776,-0.1378442421555519,-0.06994648487307131,-0.017505720257759094,-0.046535515071203314
ERR475480,0,-0.0820511032131132,-0.10417668389466901,-0.15113869681954384,-0.06432349855701129,-0.09479414931653689,-0.06951677799224854,-0.06252675312377202,0.04809763561934233,-0.032398062097248236,-0.07357111815296473,-0.11587897936503093,-0.048313854883114495,-0.10138943962131937,-0.07726569194346666,-0.030635584145784378,0.038153273363908134,-0.07823217784365018,-0.040838873906371496,0.002973401298125585,0.14521828293800354,0.11511995255326231,0.13050048053264618,0.08200054615736008,-0.09358873699481289,0.1976531489441792,0.14592316125830015,0.27620868136485416,-0.07435967307537794,0.11473610252141953,0.22093798778951168,0.0038657524079705277,0.29151342064142227,0.11591350783904393,0.7393428521851698,-0.04613209391633669,-0.0332054914906621,0.4681853385021289,0.019311714529370267,-0.09047532578309377,0.08375947705159585,0.2277219711492459,0.42660004397233325,-0.12829205269614855,0.24458699797590575,0.09067646662394206,-0.10704021404186885,0.5968037570516268,-0.07777165869871776,0.07098804290095966,0.09625479641060035,-0.08174120883146922,0.2170711892346541,-0.13305824374159178,0.051746705546975136,0.03987703596552213,0.5636960819053153,0.1635022833943367,0.035456251042584576,-0.019720025981465977,0.042855403696497284,-0.10887101603051026,0.10526081081479788,0.09080345012868445,0.05381307545273254
ERR475481,0,-0.09144350732094608,-0.07981730935474236,-0.11880782867471378,0.008710135240107775,-0.09780441364273429,0.09617947538693745,-0.07077921129530296,0.3004401388267676,-0.02361835917690769,-0.009875249227964863,-0.10243836076309283,0.03993144786606232,0.10712672894199689,-0.09708574538429578,0.14351096749305725,0.2417451903844873,-0.04601861940075954,0.0008702172587315241,0.10885683726519346,0.31201521555582684,0.34559161961078644,0.1552297587816914,0.4549848437309265,-0.04781098539630572,0.053123731166124344,0.17921104452883205,0.21684095511833826,-0.02069611040254434,0.0344236126790444,0.36248162388801575,0.01362520456314087,0.2779039091741045,0.04210888718565305,0.5185808005432287,0.03761993534862995,-0.03634999133646488,0.3312890554467837,-0.05193803971633315,-0.12563960743136704,-0.04867196331421534,0.07983848724203806,0.2055868792037169,-0.1276080124080181,0.07276640708247821,0.0063929495712121325,-0.09319172085573275,0.30252147279679775,-0.14286252359549204,-0.07301581278443336,-0.02756153667966525,-0.12824978431065878,0.15301423147320747,-0.1386155610283216,-0.026252999280889828,-0.06709344560901324,0.30962471136202413,0.07740776799619198,-0.0347100185851256,-0.0667105745524168,-0.04189222430189451,-0.15066253145535788,-0.08041451793784897,-0.10145680482188861,-0.07800818048417568
ERR475482,1,-0.06442251908689893,-0.08840827907746036,-0.11873111749688785,-0.15042989949385324,-0.11705812439322472,-0.13058370724320412,-0.06889372350269696,-0.09456004947423935,-0.06418065560380153,-0.08266722722116053,-0.0951738307873408,-0.08632239524255662,-0.12750456544260183,-0.07206776381159823,-0.1077446670581897,-0.07755110040307045,-0.09491854192068179,-0.12897532433271408,-0.08765804208815098,-0.004926825563112895,-0.02809036379524817,-0.09330341468254726,-0.1479726880788803,-0.07941840061297019,0.3096740723898013,0.0904197118555506,0.04894354815284411,0.03117322300871213,-0.015144438793261846,0.17457441488901773,0.1952221658624088,0.28769369175036746,0.23614239832386374,0.8860412140687307,0.12195726189141472,-0.0007396327952543894,0.7855353119472662,0.2146803786357244,-0.02456002278874318,0.33140695467591286,0.5884046462985376,0.9175078719854355,-0.10889837021629016,0.6167606996993223,0.5619636625051498,0.06478808261454105,0.9104681502406796,0.11239453653494517,0.35749196633696556,0.40294609280924004,0.03345875069499016,0.8169443557659785,-0.007131834669659535,0.4977720684061448,0.5611524283885956,1.1654308379317324,0.5789985607067744,0.498097004989783,0.29887266519169015,0.40627954496691626,-0.05703616545846065,0.648553313066562,0.6248641038934389,0.35448228505750495
ERR475483,0,-0.09203270339033527,-0.0893638509248073,-0.1309205542008082,-0.06226363157232603,-0.11834336817264557,0.04785207783182462,-0.06630440738323766,0.1873475747803847,-0.02440856007403151,-0.03918375769535487,-0.10520171280950308,-0.012252579753597578,0.042786730453372,-0.08569715589207287,0.09050889064868291,0.14017363140980402,-0.07122409778336684,-0.06406275493403275,0.09029644758750995,0.2472698576748371,0.20524720723430315,0.09377217541138332,0.25197245599702,-0.07804020618398984,0.1278545173505942,0.17453666714330515,0.23354522759715715,-0.026410302768150967,0.022379467263817787,0.33341460085163516,0.045370073368151985,0.322995206185927,0.04285343110677786,0.6468735405554374,0.01695592359950145,-0.05199625086970627,0.3723803212245305,-0.003915883561906715,-0.11669792917867501,-0.02129884312550227,0.12139572622254491,0.29855261867245037,-0.1245807632803917,0.15641913438836733,0.015905406326055527,-0.10134268055359523,0.42825621242324513,-0.13089517876505852,-0.0016261343844234943,0.023313156406705577,-0.10746835203220446,0.18414624144012728,-0.12710343301296234,0.01488075622667869,-0.03719654493033886,0.3735482953488827,0.10201828740537167,0.015829154833530385,-0.047427598018354424,-0.03662260373433431,-0.14500048632423082,-0.008256866286198298,-0.0229280653099219,-0.018287575027594965
ERR475484,0,-0.08172037869614239,-0.09849838679656386,-0.13495324614147344,-0.027878778676191967,-0.12549036741256714,0.05107795571287473,-0.07806292022481405,0.20648681869109473,-0.025600337403981637,-0.019134801816335312,-0.09154379367828369,-0.008902060624677688,0.021227070440848667,-0.06839226558804512,0.08593172704180081,0.22252588098247847,-0.07037200964987278,-0.044811977383991085,0.054277545462052025,0.31711483498414356,0.29283995848769945,0.08262480919559796,0.38566885391871136,-0.04597703367471695,0.1157777930299441,0.2026257503312081,0.21653021623690924,-0.011419090131918589,0.03626669757068157,0.3664477964242299,-0.014923735211292902,0.25703154092965025,0.055814968732496105,0.5921510204983255,0.0505035308500131,-0.05262752420579394,0.3116440698504448,-0.04860130666444699,-0.1315359783669313,-0.043833843005510666,0.15155869184915596,0.24640660732984543,-0.11707022413611412,0.11283597225944202,-0.0013699052700152,-0.07646692668398221,0.38470854548116523,-0.13452538723746935,-0.05280327176054319,-0.02013551878432433,-0.11258163955062628,0.2178063957641522,-0.12262578060229619,-0.014434124032656351,-0.033248751113812126,0.37311770021915436,0.1010381723754108,-0.03660420080025991,-0.06202862962769965,-0.05552926814804474,-0.15353438754876456,-0.09083681926131248,-0.06784257665276527,-0.06303010632594426
ERR475485,0,-0.08771988130047248,-0.08162701394758187,-0.11455236126979192,-0.13398599127928415,-0.11061407408366601,-0.037665579468011856,-0.06795298432128523,-0.03521538277467092,-0.028352019992174366,-0.07143005077481963,-0.08628769820400824,-0.09400253106529514,-0.13067821537454924,-0.07638817823802431,-0.03480656320850054,0.0035971632848183313,-0.13965275262792906,-0.10748139768838882,-0.06956836860626936,0.051614963759978615,0.04636251336584488,-0.08419147692620754,-0.051411541644483805,-0.08661200975378354,0.2266840597925087,0.23549015680328012,0.0825097259754936,0.02017176679025094,-0.07515246359010537,0.32487568259239197,0.11906480665008227,0.3399926076332728,0.168667648298045,0.768612451851368,0.09260896717508633,-9.82855757077535e-06,0.7306094666322073,0.057649737679942824,-0.04618321234981219,0.16528844771285853,0.5122855380177498,0.5998482126742601,-0.13675736263394356,0.5638807577391466,0.47595014174779254,0.15508103122313818,0.6319252218430241,-0.057431863620877266,0.20691844324270883,0.31942815085252124,-0.02525302271048228,0.7198708218832811,-0.048686510572830834,0.4109296537935734,0.36399848697086173,0.8290298823267221,0.3404951983441909,0.35760247334837914,0.11111488317449887,0.07820347572366397,-0.10264029695341985,0.24434787221252918,0.3322334469606479,0.20042216591537
ERR475486,0,-0.08324975303791386,-0.07662596856243908,-0.12788821260134378,-0.040095619236429535,-0.08633336300651233,0.0329759381711483,-0.07713584482068352,0.19347631062070528,-0.029469276167219505,-0.018139212361954076,-0.1062654706959923,-0.0313783868526419,0.02775942472120126,-0.08299629079798858,0.1016193088144064,0.03900256628791491,-0.04980748041998595,-0.0250990130007267,0.1179303911825021,0.2426499705761671,0.21404976102833947,0.15549101183811823,0.21518779716764888,-0.07629300529758136,0.10592841108640035,0.20484505221247673,0.28531410296758014,-0.056388777370254196,0.07090571134661634,0.28510604791032773,-0.0018656008566419284,0.3984093287338813,0.08530255407094955,0.6757951453328133,-0.056642506582041584,-0.03614057352145513,0.28164053537572425,-0.030527203654249508,-0.12444669380784035,-0.010002978766957918,0.1837065500828127,0.2582987534503142,-0.12088281475007534,0.11608435089389484,0.009784657508134842,-0.11463916736344497,0.4308620865146319,-0.12389546260237694,0.013588215224444866,0.058633745337526,-0.09704783683021863,0.10588114708662033,-0.1460840292274952,-0.023447598641117413,-0.03485465049743652,0.24482498822423318,0.06509408603111903,0.009624923346564174,-0.06804267891372244,-0.04389154197027286,-0.11734369583427906,-0.030904842851062615,-0.028129462695991,-0.03990548581350595
ERR475487,0,-0.10079632303556234,-0.09389929807124038,-0.11960583676894505,-0.059357840567827225,-0.10477721318602562,0.04873218139012655,-0.06488346201755728,0.1367653412744403,-0.03193427234267195,-0.05739149172222824,-0.1059285473699371,0.01750478963367641,0.011876120697706938,-0.08447061678937946,0.025781485562523205,0.16956598311662674,-0.09268822334706783,-0.07203869583706062,0.08728866403301556,0.23399571950236955,0.15068842470645905,0.05955388893683752,0.19459835377832255,-0.09239525099595387,0.19060972581307092,0.129061846062541,0.14780699834227562,-0.005256126634776592,0.007704642911752065,0.3344576992094517,0.10028876115878423,0.2936286696543296,0.07425610721111298,0.6632003200550874,0.015643496066331863,-0.06709365298350652,0.3205463650325934,0.045731786638498306,-0.10205125932892163,-0.0017943183581034343,0.15296073288967213,0.377865195274353,-0.1186037336786588,0.21376789857943854,0.05728966991106669,-0.059620410514374576,0.50212869917353,-0.10983485480149587,0.06120880879461765,0.06274681600431602,-0.09215698267022769,0.23655465866128603,-0.12085562323530515,0.0706143503387769,0.015244066249579191,0.4737336530039708,0.16681002216258398,0.07771171318988006,0.011601046348611513,0.04162678122520447,-0.12862667813897133,0.029839107611527044,0.05836213938891888,0.01527384016662836
ERR475488,0,-0.07039570948109031,-0.0706338687208093,-0.11116486229002476,0.03974897414445877,-0.06827017664909363,0.12058410979807377,-0.08334101528938238,0.30115117008487385,-0.038499834971541226,0.0354346373029936,-0.08414114577074845,0.03270198777318001,0.12749921654661497,-0.08717509731650352,0.21075865750511488,0.3903788663446903,-0.03581032886480292,0.029577120440080762,0.13309568290909132,0.3258988664795955,0.33666109293699265,0.23634643480181694,0.5603959659735361,-0.012050920476516088,0.0308075708647569,0.21789637332161269,0.2604638474682967,-0.011644440392653147,0.10123926059653361,0.3948900178074837,0.021424432440350454,0.2925878021245201,0.02111054367075364,0.4822082594037056,0.06626840122044086,-0.06486011482775211,0.313671479622523,-0.0608533164486289,-0.11654269136488438,-0.06669411125282447,0.06566901753346126,0.15880010277032852,-0.1231967421869437,0.08974362909793854,-0.017944879209001858,-0.04216981523980697,0.17048597692822418,-0.13735062380631766,-0.0810412485152483,-0.04723907386263212,-0.11489477939903736,0.10139611239234607,-0.13376047555357218,-0.0396258644759655,-0.09823709726333618,0.21517778653651476,0.007801036971310775,-0.07952084392309189,-0.08929604291915894,-0.08306272700428963,-0.15178549538056055,-0.1052971916894118,-0.15229191134373346,-0.10713910001019637
ERR475491,0,-0.06697187463699568,-0.09950147334651167,-0.14512953534722328,-0.04329525679349899,-0.1168173501888911,-0.04565702875455221,-0.07329703014571957,0.03287578312059244,-0.007572504867008926,-0.07377892698965145,-0.09146431181579828,-0.0697097407343487,-0.11682946359117825,-0.062047972033421196,0.004282486081744234,0.10470982951422532,-0.06521877180784941,-0.07068729990472396,-0.0596861121399949,0.1721193976700306,0.18902354190746942,0.1123866190512975,0.14845223352313042,-0.055166845209896564,0.1573568657040596,0.21258149715140462,0.30254735549290973,-0.06312179503341515,0.06667556334286928,0.2750784580906232,-0.03546176292002201,0.28504055410060875,0.1266359838967522,0.7190270197267333,-0.02058724748591582,-0.06383097854753335,0.549314280351003,-0.05495469691231847,-0.11789715600510438,0.08854549626509349,0.3438354358077049,0.34611058918138343,-0.13329183434446654,0.2414985845486323,0.07676731775670002,-0.05100542803605398,0.44250370205069584,-0.13184601068496704,-0.008865217988689741,0.10669320821762085,-0.11091390127937,0.32787734518448514,-0.11738221968213718,0.04792772109309832,0.06911982968449593,0.5581320921579996,0.18770775198936462,0.0072801609834035235,-0.06732440227642655,-0.029157239322861035,-0.1611996367573738,-0.002496062001834313,0.01598656177520752,-0.0028327970455090203
ERR475492,0,-0.06826238854167362,-0.08223496345575161,-0.10069258231669664,0.04867518010238806,-0.03706830988327662,0.061369248355428375,-0.08195170994925623,0.22733202949166298,-0.0237502187131516,0.0030889135590162673,-0.10551446257159114,0.022261750573913257,0.04733944311738014,-0.0965447078148524,0.14177562793095908,0.3752702095856269,-0.03644718664387862,-0.007972221821546555,0.061546631157398224,0.28569526473681134,0.3091015263150136,0.22963303381887576,0.5613429869214693,-0.030906065367162228,0.03446335345506668,0.20291734424730143,0.27183839787418645,-0.033292580706377826,0.11827353698511918,0.3671180649350087,-5.382423599561056e-05,0.28022540849633515,0.0248808686931928,0.5020669462780157,0.09699169329057138,-0.06840690706546108,0.3986140390237172,-0.05996886799888065,-0.12050863572706778,-0.019150303366283577,0.15168997490157685,0.16808916628360748,-0.12628188356757164,0.14081242432196936,0.011332796265681585,-0.031820341013371944,0.2514461111277342,-0.13987760121623674,-0.0732356005658706,0.012629739940166473,-0.10605063774467756,0.1687840453038613,-0.12440404544274013,-0.023437975789420307,-0.06406955048441887,0.3351464557151,0.0901961550116539,-0.056627476355060935,-0.08189488388597965,-0.07594152974585693,-0.16028283536434174,-0.08769516134634614,-0.12192354879031579,-0.08253002787629764
ERR475493,1,-0.09402305935509503,-0.07726117421407253,-0.11937451176345348,-0.010357167882223925,-0.10756825283169746,0.08815736696124077,-0.06959211615806755,0.253971712042888,-0.04713490836244697,-0.02906933837463536,-0.09408645611256361,-0.014092195548679834,0.05868724609414736,-0.0955442851409316,0.11857024331887563,0.23328031226992607,-0.05847556330263615,-0.0007633532707889875,0.11187739328791697,0.3036704659461975,0.25493699591606855,0.07911305005351703,0.40095313886801404,-0.05899978304902712,0.125591774781545,0.15955971266763905,0.19167289013663927,-0.002706734153131644,0.032430254854261875,0.35530586385478574,0.042029536639650665,0.24414964082340398,0.07794676783184211,0.5416381228715181,0.03603607788681984,-0.0474942495347932,0.2657707507411639,-0.031411417139073215,-0.11647922514627378,-0.05600628008445104,0.09126483959456284,0.28649048631389934,-0.12176197705169518,0.08379772631451488,0.015142354803780714,-0.07757339254021645,0.3301929657657941,-0.12648542473713556,0.003434754597644011,-0.013327901562054953,-0.1312298278013865,0.19023167124638954,-0.14396699890494347,-0.02365888748317957,-0.05919996276497841,0.2949543446302414,0.10079918491343658,-0.022012728576858837,-0.0654113506898284,-0.04480378329753876,-0.14902917792399725,-0.08173187884191672,-0.07877621178825696,-0.0727574173361063
ERR475494,0,-0.09504983806982636,-0.09605113013337056,-0.14393896609544754,-0.050757688780625664,-0.11080775844554107,0.00520924727121989,-0.07090505536568041,0.1347474462042252,-0.027734321348058682,-0.04640033816091697,-0.1210951500882705,-0.03883076241860787,-0.02703421687086423,-0.10623018133143584,0.044049350855251156,0.1666004260381063,-0.08660661832739909,-0.06017013639211655,0.03900526650249958,0.20317101230223975,0.21341307585438093,0.09842833504080772,0.2566903854409854,-0.08558465912938118,0.12656321997443834,0.15590272536307262,0.22252361352245012,-0.038956100742022194,0.05097278789617121,0.2994467417399089,0.03155898675322533,0.2593776596089204,0.07139062384764354,0.5860968275616566,0.01766104685763518,-0.048613266088068485,0.41418352723121643,-0.015962053711215656,-0.11096226423978806,-0.01151623111218214,0.16224228031933308,0.3461883179843426,-0.12986900905768076,0.15859842610855898,0.07053233993550141,-0.06896174264450868,0.39624993596225977,-0.11954554667075475,0.019103034709890682,0.046505022483567394,-0.11163136300941308,0.21820419118739665,-0.1273110912491878,0.028008117495725553,-0.0224840696901083,0.45955073460936546,0.1746687851846218,0.013572196359746158,-0.04483020132950818,-0.041510640953977905,-0.15095906456311545,-0.017148493478695553,-0.03302332075933615,-0.01566118684907754
ERR475495,0,-0.09311426206841134,-0.07103474256776583,-0.12807046311597028,0.004196814649427931,-0.09295940585434437,0.06019981453816096,-0.07664414015986647,0.25709183762470883,-0.032300812963512726,-0.005111693467673224,-0.10948989478250344,0.01637788365284602,0.045221916089455284,-0.10334608455499013,0.10249783595403035,0.23679561105867228,-0.06687095916519563,-0.024748860159888864,0.08730387035757303,0.2721187472343445,0.29368344104538363,0.18235467125972113,0.42620857805013657,-0.0665489782889684,0.07247717554370563,0.14967917030056319,0.20454154287775358,-0.017450821896394093,0.04067075997591019,0.33869737728188437,0.0326522896066308,0.2777340947650373,0.061462897807359695,0.49399153608828783,0.03618072718381882,-0.039236512035131454,0.3411867891748746,-0.06202518567442894,-0.12125184355924527,-0.0306315158183376,0.11087937420234084,0.26895227904121083,-0.12891994044184685,0.10958014676968257,0.03345061714450518,-0.06985282020953794,0.2878315846125285,-0.1354137659072876,-0.025165752818187077,-0.009047896911700567,-0.11850604663292567,0.15606536359215775,-0.1321731936186552,-0.022999786771833897,-0.047894638031721115,0.32630562875419855,0.09298592794220895,-0.01621925023694833,-0.0671703467766444,-0.04715347848832607,-0.15286671991149584,-0.06760018443067868,-0.08938381324211757,-0.06446662933255236
ERR475497,0,-0.07545991970740336,-0.09839739073261929,-0.14503229781985283,-0.08598692839344342,-0.13288630917668343,-0.0252421535551548,-0.07267233393334512,0.04346451784173647,-0.0415537914241213,-0.07940557164663649,-0.1005946861890455,-0.11611824110150337,-0.12491404016812642,-0.08717058040201664,-0.0023088008941461644,0.07812830557425816,-0.06134165575106939,-0.08834560044730703,-0.049266928186019264,0.12765532483657202,0.13647068353990713,0.025994502007961273,0.09938282302270333,-0.0606387003014485,0.20213283070673546,0.17960043860754618,0.2178012157479922,-0.0515597847600778,0.027936231655379135,0.26188358291983604,0.019476355363925297,0.23097130035360655,0.15314363501966,0.7254819022491574,-0.008363436907529831,-0.05728009777764479,0.5148601879676183,-0.01599235770603021,-0.09399217491348584,0.0711934460947911,0.3218323178589344,0.4497106522321701,-0.1372524860004584,0.30165430903434753,0.18228579809268317,0.016056761122551205,0.4675347364973277,-0.10001901932992041,0.11122146435081959,0.16441604619224867,-0.10267116160442431,0.37602095678448677,-0.0960840570429961,0.09430606849491596,0.09729511638094361,0.5686864256858826,0.22113199532032013,0.08696402205775182,-0.06863000368078549,-0.013602941607435545,-0.15861932933330536,0.03371457476168871,0.05762473617990812,0.004046733180681865
ERR475499,0,-0.0891819937701257,-0.09626874017218749,-0.11486697103828192,-0.13834742394586405,-0.09277064477403958,-0.10108553354317944,-0.05674030200073806,-0.06995842105243355,-0.04275101772024451,-0.09560492607054509,-0.10654904165615638,-0.08310357950783025,-0.12296162359416485,-0.08017706506264706,-0.08979244343936443,-0.028063214694460232,-0.1465007687608401,-0.11750294392307599,-0.07651940950502951,0.026694569426278274,0.05140649667009711,-0.072231558461984,-0.08405061190327008,-0.1416738455494245,0.21266740063826242,0.11156192887574434,0.059772202745079994,0.05764452926814556,-0.07018577742079894,0.29424427077174187,0.16366069049884877,0.2645927940805753,0.15058696456253529,0.6722587421536446,0.0818706527352333,0.04863158861796061,0.6471153895060221,0.08442801237106323,-0.05517289539178213,0.23723560695846876,0.48024795080224675,0.7101919489602248,-0.12445051657656829,0.4972744981447856,0.5597959210475286,0.05542444530874491,0.671655397862196,0.012544672936201096,0.30963123465577763,0.32150666664044064,-0.03445751934001843,0.7408171159525713,-0.06376909464597702,0.4082106896676123,0.3957757257545988,0.989264794314901,0.469795296783559,0.5078490134328604,0.20912634208798409,0.1975273278852304,-0.03914579190313816,0.3579471797371904,0.46204354490813176,0.26943304265538853
ERR475500,1,-0.07578681403598846,-0.11385778896510601,-0.11709201987832785,-0.15395215650399527,-0.10619334100435178,-0.12925994396209717,-0.05457391023325423,-0.04973525491853555,-0.05473691589819888,-0.09044434699262638,-0.09389860136434436,-0.08491483440351051,-0.12144281715154648,-0.07654587652844687,-0.11664146278053522,-0.07518581425150235,-0.11596710110704105,-0.1239709382255872,-0.09398475925748546,0.04858453323443731,0.01942260020102064,-0.062291363875071205,-0.14941161995132765,-0.11158124047021072,0.295405606739223,0.06220301182474941,0.03851347928866744,0.059061424185832344,0.02191210413972537,0.21192163911958536,0.15469158254563808,0.25511931503812474,0.18222806602716446,0.7933369552095731,0.1036098535793523,0.05901984373728434,0.6429276019334793,0.15957839290301004,-0.05878815179069837,0.28798736073076725,0.5163827861348788,0.8210142143070698,-0.13852541024486223,0.5482992765804132,0.5771325677633286,-0.06665680805842082,0.8463704017922282,0.10731317475438118,0.40182554597655934,0.3122475855052471,-0.03471530477205912,0.8113441467285156,-0.07157435826957226,0.3977738196651141,0.41411976640423137,1.1813844041898847,0.5770170502364635,0.5826496873050928,0.2998986154173811,0.29851236132284004,0.03057546354830265,0.4978955325980981,0.6343629596134027,0.3566769155052801
ERR475501,1,-0.07626524979059468,-0.07974418966720502,-0.10295121495922406,-0.1395068640510241,-0.13067268207669258,-0.12421742950876553,-0.06758806079111916,-0.06468805608650048,-0.04302816121465488,-0.08747751576686369,-0.0904091044406717,-0.09334270578498642,-0.12170638019839923,-0.08024982297016929,-0.1007472628261894,-0.1118625607341528,-0.05394188314676285,-0.11753146226207416,-0.11045792015890281,-0.02194276700417201,0.06279884512575033,-0.10985908098518848,-0.15360636015733084,-0.0935375601790535,0.24947919882833958,0.13837193325161934,0.055202395344773926,0.00015111081302165985,-0.03072182337443034,0.20309206393236914,0.10561858924726646,0.25724743213504553,0.22405013628304005,0.8181009230514368,0.1441888598104318,0.05338524468243122,0.8544664631287257,0.19937207084149122,0.0035771367450555167,0.3663082756102085,0.7242179857566953,0.7529103408257166,-0.11294552745918433,0.5133657169838747,0.6896774250393113,0.05566297844052315,0.8280051595841845,0.06157577161987623,0.31631935201585293,0.4611683910091718,-0.019570786350717146,0.931479673832655,0.06403850888212521,0.4577993030349414,0.5738864491383234,1.2700230674818158,0.6140803073843321,0.5929951469103495,0.3732803116242091,0.2883736751973629,-0.05085811267296473,0.5555784694540004,0.721207699428002,0.3306528056273237
ERR475503,0,-0.10462064920163054,-0.10389774137487014,-0.10584836949904759,-0.055767799417177834,-0.08314642092833917,-0.03130807479222616,-0.05701548656603942,0.1531615729133288,-0.039132463959200926,-0.08037226680971798,-0.11141269281506538,0.015514617009709278,-0.015528527398904165,-0.07756209932267666,0.01726057194173336,0.0159026055286328,-0.07718390536804993,-0.028598555674155552,0.04618189732233683,0.25401734188199043,0.16652956717492393,0.15222577253977457,0.17195784052213034,-0.06980971805751324,0.15808177615205446,0.10742184271415074,0.2122956377764543,-0.03827957653750976,0.08066598481188218,0.2839614450931549,-0.019084582726160686,0.2571978823592265,0.08781045799454053,0.7005400019697845,-0.017879609018564224,-0.014489850650231043,0.3223641750713189,0.004175530436138312,-0.07933019970854123,-0.01850746013224125,0.1721285581588745,0.31617076819141704,-0.11803359010567267,0.13000675290822983,0.038317497819662094,-0.12399262865073979,0.5396194395919641,-0.11405305005609989,0.030007018552472193,-0.0028369035571813583,-0.08325743426879247,0.20764552615582943,-0.12306403058270614,0.030245907604694366,-0.0059411125257611275,0.4915438176443179,0.13859691098332405,0.0600182485456268,-0.019717177065710228,0.01572987561424573,-0.09104593098163605,0.011915886153777441,0.04479026049375534,0.0015513811473889898
ERR475504,0,-0.11515659934593714,-0.1174327228218317,-0.08457693705956142,-0.09192689197758834,-0.060010193420263626,-0.03247991825143496,-0.058382879865045346,0.1710962032278379,-0.04630371216141308,-0.0812828979275461,-0.11366473072363685,0.014519470821445188,0.02377804492910703,-0.06004438394059738,0.011426643778880438,-0.04491651861462742,-0.07827028663208087,-0.03898900685211023,0.0988313543299834,0.29220878208676976,0.15150088692704836,0.12387802451848984,0.10098788860098769,-0.07624884136021137,0.19119143299758434,0.10206337734901656,0.1877097673714161,-0.0170181921372811,0.019466544967144728,0.30160015790412825,0.01554264632674555,0.2782504726201296,0.09790344039599101,0.6691003864010175,-0.007265379031499227,0.004273706426223119,0.29695257792870206,0.03574708569794893,-0.09020111244171858,-0.04554523341357708,0.16356664275129637,0.36710064361492795,-0.11739912256598473,0.09740473454197247,0.05674645553032557,-0.1245661024004221,0.5904088318347931,-0.1130480586240689,0.0615170132368803,-0.008024394512176514,-0.08621415495872498,0.24653487652540207,-0.11983680352568626,0.02865536914517482,-0.008209462355201444,0.4665255503108104,0.1837904587543259,0.0695724959174792,0.0020246945787221193,0.029523462057113647,-0.06623209485163291,0.07894361019134521,0.08532704118018349,0.041453570825979114
ERR475508,0,-0.12268134820139191,-0.06151101365685463,-0.07990482201178868,0.023482779040932655,-0.07863093912601471,0.05787654221057892,-0.06219168965859959,0.2731436987717946,-0.05507671417823682,-0.038363816866573565,-0.10738935965734224,0.13881718165551624,0.09319894450406234,-0.10232886175314586,0.05952024584015211,0.18973008512208858,-0.07192798579732577,-0.006411269307136536,0.12861810624599457,0.32159388189514476,0.23112680142124495,0.15031225824107727,0.3472934439778328,-0.017072038104136784,0.11706725880503654,0.09626069812414546,0.14807223590711752,0.0187704898416996,0.04301103538212677,0.3872514180839062,0.06440366556247075,0.26048241555690765,0.06507522240281105,0.5169219644740224,0.03733455762267113,-0.019895667831103008,0.2762269737819831,-0.01821266207844019,-0.10946019707868497,-0.04973191084961096,0.07937786728143692,0.29206569368640584,-0.11916821077466011,0.09402546162406604,0.0543731606254975,-0.09778958683212598,0.3582628866036733,-0.1305985115468502,0.007166864195217689,-0.012562831242879232,-0.11733710734794538,0.23065149690955877,-0.14266689866781235,0.00046092520157496136,-0.04773893393576145,0.35976818203926086,0.1316731305172046,0.035991065514584385,-0.020240522921085358,0.010047700256109238,-0.12307518844803174,-0.05448266056676706,0.0015575715030233066,-0.028156458322579663
ERR475509,1,-0.07229349385731136,-0.11000276667376359,-0.10325418730887274,-0.14773702869812647,-0.09159796498715878,-0.1425128678480784,-0.06345677732800444,-0.11246754120414455,-0.04371200608632838,-0.07783534034509405,-0.08461645742257436,-0.04448519557627151,-0.10974542982876301,-0.07849314870933692,-0.11954194959253073,-0.0970971832672755,-0.1160399317741394,-0.13473128651579222,-0.09478566283360124,-0.018886369963486988,-0.0008914597953359286,-0.12161423824727535,-0.1358500737696886,-0.08578294143080711,0.3258204376325011,0.036869289043049015,-0.041250634317596756,0.07079238072037697,0.012276206786433855,0.21550637731949487,0.21503423682103553,0.30900746832291287,0.22660779456297556,0.7997114906708399,0.2261121206684038,0.07019803735117118,0.8264586726824442,0.28906885751833516,0.02208456917045017,0.37739219206074875,0.6680810686666518,0.9911863133311272,-0.09902345389127731,0.6077733089526495,0.6355326063930988,0.03681513915459315,1.048470925539732,0.22971730306744576,0.4780895635485649,0.4552179003755252,-0.00011549517512321472,1.1511106540759404,0.05310884118080139,0.6726374501983324,0.7149824860195318,1.4819213884572189,0.8144350027044615,0.7322274409234524,0.516689896893998,0.46756168144444626,0.15966860546420017,0.7788124553238353,0.9874088913202286,0.5243905403961738
ERR475512,0,-0.1005567613428866,-0.08327771339099854,-0.1232834371427695,-0.03922435517112414,-0.10922800190746784,0.04266628995537758,-0.07406694340170361,0.17844492321213087,-0.05003249340613062,-0.043830441307970126,-0.11220877648641665,-0.000341661274433136,0.003935236483812332,-0.08956794999539852,0.05615134288867315,0.1287738805015882,-0.09226404254635175,-0.04378880746662617,0.050466557343800865,0.22762173041701317,0.22304204013198614,0.04323323660840591,0.23308965656906366,-0.08525132139523824,0.1236048253873984,0.1904776555020362,0.14702548707524934,-0.010235665986935297,0.0006956950140496095,0.34631518305589754,0.06922792519132297,0.29903473576996475,0.07728142788012822,0.6159950128446022,0.03440262998143832,-0.05279900568226973,0.38929695387681323,-0.02449840431412061,-0.10670268535614014,-0.011239554403194537,0.143607376764218,0.3099963304897149,-0.12680931761860847,0.14971960491190353,0.10270331675807635,-0.051623639184981585,0.3850737310325106,-0.13591932753721872,0.01247833389788866,0.039152272045612335,-0.11115532089024782,0.2419242449104786,-0.12876367607774833,0.07567744888365269,-0.001620318740606308,0.40804556757211685,0.1369299218058586,0.04807578896482786,-0.02285964080753426,-0.012882109731435776,-0.14869102214773497,0.023744981735944748,-0.029286584506432217,-0.021007717587053776
ERR475513,1,-0.0978840444489227,-0.11841435109575589,-0.10581815211723249,-0.12568435429905853,-0.11633970215916634,-0.08878365034858386,-0.06771017424762249,0.07173387085398038,-0.061901933047920465,-0.08515493656159379,-0.1009207268555959,-0.07638104888610542,-0.11866367422044277,-0.09539882900814216,-0.09040239080786705,-0.003919749520719051,-0.10737556653718154,-0.08877257141284645,-0.09229305107146502,0.12939805909991264,0.11420435023804505,-0.09981853514909744,-0.04612688347697258,-0.1184582229082783,0.22010071823994318,0.11309961664179961,0.028425948383907478,0.08729592214028041,-0.02253040422995885,0.2269621603190899,0.18807777649878213,0.2477538287639618,0.1391205961505572,0.6390873218576113,0.10322981451948483,0.0615512483054772,0.5145145623634259,0.12599196719626585,-0.09561592837174733,0.15335914740959802,0.4683808957537015,0.6228172866006693,-0.1221461867292722,0.40555643662810326,0.5337112986793121,-0.04337053497632345,0.624948484202226,0.05696112538377444,0.33224789922436077,0.2602445660158992,-0.07418185953671734,0.6883555923899015,-0.05855119787156582,0.2699959675470988,0.3931659360726674,0.9241211116313934,0.4489836840269466,0.5348255336284637,0.23504814691841602,0.13283581845462322,-0.0418779489894708,0.2726823491975665,0.43589931664367515,0.2023847478752335
ERR475514,0,-0.10439832174840073,-0.07913537059600155,-0.10256145397822063,-0.010064431931823492,-0.10571335876981418,0.10055191007753213,-0.06707797389632712,0.20013459088901678,-0.05852315406082198,-0.025409336028436275,-0.08858324525256951,0.08516880652556817,0.05367516237311065,-0.10796934723233183,0.10682942035297553,0.25161437795031816,-0.09696272457949817,0.008148284008105596,0.09881381411105394,0.26461010053753853,0.24130432462940613,0.07257704048727949,0.35407380883892375,-0.05232436116784811,0.08866385743021965,0.17617212686066827,0.130626043304801,0.023709351507325966,0.015397346888979277,0.42917195955912274,0.06039685818056265,0.26733119366690516,0.06879813472429912,0.5273442628482977,0.07896908124287923,-0.046892863853524126,0.33737869933247566,-0.03995030807952086,-0.08688128087669611,-0.04069833488514026,0.13332934879387418,0.25619831929604214,-0.12384151170651118,0.1389666280398766,0.05036375103130316,-0.03256134564677874,0.2736911041041215,-0.136142677317063,-0.03918517380952835,0.023302879184484482,-0.12607136244575182,0.2500516138970852,-0.1404001551369826,0.035136785358190536,-0.04005098467071851,0.3400219175964594,0.09699105347196262,0.021926040683562558,-0.0387187230711182,-0.024253851423660915,-0.14819759503006935,-0.04780401801690459,-0.05198246861497561,-0.06596796090404193
ERR475515,1,-0.10125200617524872,-0.0891188542979459,-0.12164577965935071,-0.06263555213809013,-0.10480545662964384,0.004034706701834996,-0.06434150986024179,0.16407972077528635,-0.03323603179645337,-0.06228489314283555,-0.12004846179236968,-0.007922325748950243,0.007559656475981076,-0.08355394626657169,0.010994158685207367,0.07513582396010558,-0.0868418359508117,-0.06282138079404831,0.07277267860869567,0.23157972718278566,0.1590857304011782,0.083277336632212,0.16864026803523302,-0.09587761511405309,0.16925670330723128,0.1366182044148445,0.1871501530210177,-0.02608814074968298,0.025149434804916382,0.31396926442782086,0.052642633517583214,0.2848484603067239,0.07704811884711187,0.6601553099850813,-0.013726571885248026,-0.04158606845885515,0.3463567644357681,-0.005148102063685656,-0.10752697785695393,-0.00034130364656448364,0.16243583212296167,0.36462928416828316,-0.12250404059886932,0.1526253285507361,0.06457265776892503,-0.09787032380700111,0.4843263402581215,-0.10858516953885555,0.05421518348157406,0.026871951296925545,-0.10717463369170825,0.22203757613897324,-0.13675437991817793,0.03911132365465164,0.0042334335545698805,0.45944914656380814,0.1370665468275547,0.0514341164380312,-0.018468768103048205,0.009667715057730675,-0.1270883989830812,0.013102764263749123,0.0363940621415774,0.02204729348886758
ERR475516,1,-0.09581439202459781,-0.09719923976808786,-0.10670838318765163,-0.12232744367793202,-0.1024962489803632,-0.05606816460688909,-0.06097700697137043,0.08100997656583786,-0.06005490697377051,-0.06685318391691908,-0.10708025361721714,-0.10153756888272862,-0.10485654169072707,-0.09276439311603706,-0.04873171324531237,0.015150509464244047,-0.11238119006156921,-0.08737561829245048,-0.06582469058533509,0.12719125300645828,0.13578396919183433,-0.07035828133424123,-0.012739530143638452,-0.11776673172911008,0.19843992652992407,0.10563697231312592,0.09599138299624126,0.08276352286338806,-0.0471474116978546,0.2768476977944374,0.18890006002038717,0.24976720785101256,0.12690934663017592,0.6224681052068869,0.09152795436481635,0.030712099745869637,0.5391983116666476,0.07261282702287038,-0.0931286836663882,0.17586394275228182,0.41986846302946407,0.5923943184316158,-0.11126210664709409,0.4217933105925719,0.510412817200025,0.020980657388766605,0.5643773501118025,-0.008905653841793537,0.30542174975077313,0.2325539307979246,-0.059085087307418384,0.5885875883201758,-0.07753310756136973,0.23777775963147482,0.2971749970068534,0.8130390901739398,0.36392223586638767,0.43510165624320507,0.14641330329080424,0.09979427481691043,-0.0855708106731375,0.20651914738118649,0.3268331019207835,0.15987070680906376
ERR475517,0,-0.0707808797836454,-0.08711533586028963,-0.11123093279699485,-0.14026844128966331,-0.13348752756913504,-0.11983156700929005,-0.07176666851652651,-0.1068473217698435,-0.05580638265276624,-0.08451450613659024,-0.09546918773169939,-0.07793038455808225,-0.12383631989359856,-0.08720646550258,-0.08579969126731157,-0.0766870987912019,-0.10190882068127394,-0.1422467976808548,-0.11524015975495179,0.00886438973248005,0.020432946301298216,-0.10273961847027142,-0.14255276570717493,-0.07317738669613998,0.3029489500913769,0.17607204460849366,0.08786173180366556,0.014738196662316719,0.018847147934138775,0.22208130608002344,0.10593402734957635,0.2883217576891184,0.2269115981956323,0.8893395066261292,0.0736147699256738,-0.00512886606156826,0.7601547713081042,0.20583250544344386,-0.022319025360047817,0.22552431793883443,0.6189181755762547,0.7804890951762596,-0.13733293364445368,0.5003899342070023,0.5873025531570116,0.14243832851449648,0.837785565915207,0.06793759639064471,0.3598328232765198,0.4244046707948049,0.0045024168988068896,0.8600413650274277,0.006328625914951165,0.47158530727028847,0.5391208318372568,1.128529282907645,0.6002582286794981,0.4081486575305462,0.20755295579632124,0.2553520016372204,-0.12219475425081328,0.5200443590680758,0.5686701561013857,0.3372907175992926
ERR475519,0,-0.058453483293609075,-0.08175185136497021,-0.08467424971361955,-0.12057700504859288,-0.10720967066784699,-0.12988695750633875,-0.0778660091261069,-0.1331890185829252,-0.0680695689516142,-0.08657949237992095,-0.05802815601540109,-0.01845876330359412,-0.10466950262586276,-0.07357998405738424,-0.09725225654741128,-0.08712382862965266,-0.12374872070116301,-0.14306831608215967,-0.09024056637038787,-0.09411362248162429,-0.03546710648030663,-0.1070567953089873,-0.08758668911953767,-0.03889533660064141,0.3368775913647066,0.16100481835504374,-0.01961638778448105,0.21679256608088812,-0.023141770313183468,0.13502907877167067,0.30260576245685417,0.33542995030681294,0.28452760974566144,0.834700737769405,0.2709183944389224,0.17786291552086672,1.1026828636725743,0.771724467476209,0.15740348833302656,0.5899025574326515,1.199576172977686,1.253200352191925,0.29994535942872363,1.0083388375739257,1.337439716172715,0.5335913375020027,1.0630200669790308,0.5275694963832697,0.9355967243512472,0.9626351321736971,0.34553001855965704,1.5804888705412548,0.3392264662931363,1.0411960184574127,1.4582043507446845,2.0763821750879288,1.1281593491633732,1.2270368362466495,0.9015010154495636,0.6421093481282393,0.4055686205004652,0.9965626643970609,1.832938661177953,1.160805278768142
ERR475520,1,-0.0868061622239414,-0.10494074535866578,-0.11434463318437338,-0.0991390769680341,-0.09960773028433323,0.016575494160254795,-0.07177256934301113,0.139717698097229,-0.008528679084217098,-0.06307565379396844,-0.10432767301487426,-0.08443090350677569,-0.05586108627418677,-0.06705993538101514,0.048287357203662395,-0.038383142285359405,-0.0755936826268832,-0.0461205088843902,0.037899285244445004,0.23195498809218407,0.23003349387242147,0.048161535213390984,0.1437948706249396,-0.07020153105258942,0.12863060521582761,0.2108669107158979,0.2358934407432874,-0.03070147428661585,-0.004681044568618138,0.2895175951222579,-0.02174729232986768,0.31023824370155734,0.09418086645503838,0.6451672667947909,-0.0033248464266459146,-0.007500760878125827,0.3766732874015967,-0.05080671049654484,-0.12251484269897144,0.015197498879084984,0.23632214010770744,0.26513969401518506,-0.1265504683057467,0.12909510359168053,0.14327748492360115,-0.10894219328959782,0.46944948968787986,-0.13640238593022028,0.010504332060615221,0.06380494497716427,-0.12093996504942577,0.2992788429061572,-0.1256048500072211,0.015527540196975073,0.009342745256920656,0.3813168207804362,0.1265033675978581,0.04862418211996555,-0.0601280197200443,-0.04940939291069905,-0.15584571535388628,0.0017901739726463954,-0.04409885282317797,-0.0402212031185627
ERR475521,1,-0.10092994550253327,-0.09494938608258963,-0.11257585075994332,-0.10760111285101932,-0.11781808082014322,-0.11292711769541104,-0.07013985315764633,0.014741851637760798,-0.03140357753363787,-0.09079987061575896,-0.10252362070605159,-0.03372529577851916,-0.11454255382219951,-0.1021964071939389,-0.10419484910865624,0.011682017706334591,-0.11483105691149831,-0.09142535272985697,-0.10570375776539247,0.14966273928682008,0.1276659839010487,-0.11939289304427803,-0.011893395644923052,-0.09796775567034881,0.19926696829497814,0.09310130402445793,0.04255118096868197,0.07048011819521587,-0.005242560058832169,0.3032466086248557,0.15232281883557638,0.27187428064644337,0.1770967816313108,0.8037696642180284,0.1875932760691891,-0.015351116346816221,0.6032327537735304,0.07947397604584694,-0.03038209971661369,0.14763678796589375,0.4597586067393422,0.6659912516673406,-0.12279896686474483,0.4235528293065727,0.2812872963647048,0.013884298503398895,0.7092033624649048,-0.006890891740719478,0.15301236944893995,0.21556671025852361,-0.09301690571010113,0.6984258176138004,-0.02254078599313895,0.39720996220906574,0.2540840345124404,1.0353517805536587,0.4962691180408001,0.37029821674029034,0.25501292074720067,0.27738142137726146,-0.11915912727514903,0.36894854468603927,0.4370059495170911,0.16851881875966987
ERR475522,0,-0.0916398920235224,-0.0739738368623269,-0.09845339134335518,0.05287587518493334,-0.07629527527994166,0.12593281331161657,-0.08076987489281844,0.23851009209950766,-0.027571701134244602,0.013557877453422407,-0.09781734862675269,0.0726222638040781,0.06570714378419022,-0.11616420994202296,0.16301547984282175,0.3868977464735508,-0.07023123263691862,0.05587305128574371,0.0915419061978658,0.26311913256843883,0.2908282435188691,0.13445895289381346,0.4572766634519212,-0.0367418359965086,0.05853516484300295,0.20857491033772627,0.1430034562945366,0.019494757056236267,0.04970548123431703,0.41739773005247116,0.06789255266388257,0.30221364305665094,0.04819906068344911,0.4636278835435708,0.10907297457257907,-0.025165711529552937,0.3435030461599429,-0.03563254054946204,-0.10135913453996181,-0.04439073490599791,0.0868805730715394,0.21817647789915404,-0.12469518805543582,0.12020146303499739,0.05261852980280916,0.01712771908690532,0.21846084118199846,-0.1413898803293705,-0.04537664446979761,0.00976752738157908,-0.1074446893374746,0.23297857182721296,-0.12778951351841292,0.035849325358867645,-0.045335529604926705,0.3189949095249176,0.08902062196284533,-0.016609273850917816,-0.04156892839819193,-0.03631759279718002,-0.1531471461057663,-0.06532580281297366,-0.10692269603411357,-0.0775174298711742
ERR475523,0,-0.04532842317621544,-0.08596443764690775,-0.12053118646144867,-0.11590538049737613,-0.1403260181347529,-0.08980383289357026,-0.07256291053939397,-0.06379953523476918,-0.04055968227636223,-0.07509587963256692,-0.09516993631162525,-0.10653234521547954,-0.13919072411954403,-0.07896749279461801,-0.05008627171628177,-0.014478728175163269,-0.053318037341038384,-0.1266004629433155,-0.12150447256863117,0.041210354616244636,0.06528602208345546,-0.04841810713211695,-0.09488275678207476,-0.04592099104775116,0.2915421047558387,0.1958875774483507,0.16099169353644052,-0.041190173787375294,0.02969692771633466,0.2362688680489858,0.03108209619919459,0.2432893111060063,0.19495814252877608,0.8323083010812601,-0.007193714613094926,-0.021620536339469254,0.6899499123295149,0.06414795340970159,-0.04827398620545864,0.18689478809634844,0.5630712464141349,0.5355018377304077,-0.13886972765127817,0.4406016618013382,0.4566963315010071,0.11571236917128165,0.6445969121220211,0.0005764216184616089,0.24324516610552868,0.34235629066824913,-0.022874290744463604,0.6375395132539173,-0.06298632671435674,0.2867935498555501,0.31620217611392337,0.8401607212920984,0.38546712168802816,0.22461210067073503,-0.008304559315244356,0.07856842937568824,-0.15917530407508215,0.22306953463703394,0.3234609526892503,0.19309342093765736
ERR475524,0,-0.08150524272135347,-0.10329399723559618,-0.12026707114030917,-0.11671909006933372,-0.10692126614352067,-0.0868157750616471,-0.06610593556736906,-0.009443116374313831,-0.034612318851335054,-0.07869139047035863,-0.10187512345146388,-0.08665672786689053,-0.12942135458191237,-0.07480495624865095,-0.07159819973943134,-0.08990596763518018,-0.04427191490928332,-0.05201230819026629,-0.0728842094540596,0.13535574451088905,0.055405544388728835,-0.0497747411330541,-0.07359180448111147,-0.09685197977038722,0.24761070435245833,0.12625366697708765,0.1267684424916903,-0.03468682384118438,0.0044148775438467664,0.254076587036252,0.08139001143475373,0.2979639855523904,0.17574359724919,0.882923886179924,0.05273711681365967,-0.01721992048745354,0.5418946631252766,0.056378431618213654,-0.0761490302781264,0.15867890262355408,0.38458613120019436,0.5763692197700342,-0.12627103552222252,0.3128539410730203,0.1847109335164229,-0.08056803544362386,0.7067511016502976,-0.06719900667667389,0.1142480078075702,0.17196338841070732,-0.09831685076157252,0.5061702591677507,-0.09792008871833484,0.20264368752638498,0.17421460648377737,0.8343902540703615,0.30208089513083297,0.21923988809188208,0.08477698266506195,0.12989393373330435,-0.1162406566242377,0.3015589102481802,0.25679070347299177,0.12951782128463188
ERR475525,0,-0.10989424813548491,-0.06234522691617409,-0.10228907177224755,-0.008924677968025208,-0.09369082128008206,0.08300296713908513,-0.06430681940400973,0.26486368228991825,-0.04717522791664427,-0.03122178095630564,-0.09695431869477034,0.0786578906700015,0.11188531791170438,-0.10073333140462637,0.0884890928864479,0.20439979061484337,-0.072415957848231,-0.010980326061447462,0.15061554436882338,0.3112761142353217,0.2400813509399692,0.13212663307785988,0.390698105096817,-0.06506509271760781,0.11406577751040459,0.12641185483274361,0.17478599399328232,0.012304797768592834,0.013301725499331951,0.3961865932991107,0.06445185809085767,0.2377151728918155,0.06669903174042702,0.511389933526516,0.04262176031867663,-0.03811557963490486,0.2621527165174484,-0.02027018368244171,-0.11358057715309162,-0.04523224662989378,0.09253474262853463,0.2872661476333936,-0.12321283419926961,0.09331031702458858,0.021470618744691212,-0.07603396692623694,0.33819930503765744,-0.13166160012284914,-0.0013769964377085369,-0.016949132084846497,-0.12913569000860056,0.1796638546511531,-0.1444956436753273,-0.007778264582157135,-0.061571224282185234,0.3226295769369851,0.11553481065978606,-0.0010806024074554443,-0.04573591767499844,-0.018908689885089796,-0.1401148078342279,-0.06715539641057451,-0.04242674633860588,-0.04966507849409633
ERR475526,0,-0.10322965005040412,-0.10160048337032397,-0.09524443745613098,-0.12436419690493494,-0.10151702538132668,-0.06219567979375521,-0.06146850791022492,0.08650430291891098,-0.07072028748613472,-0.07098653425979744,-0.10561918591459592,-0.09488904018265505,-0.10009298163155715,-0.092526667440931,-0.048559922724962234,0.01249492292602857,-0.1229470210770766,-0.08240666750740881,-0.043208758191516004,0.11556561787923177,0.14029067032970488,-0.06813245515028636,-0.001074107363820076,-0.12136269434025355,0.170903781739374,0.11798812272415186,0.08027209093173344,0.10457094137867291,-0.060688798471043505,0.2892824038863182,0.2193749543900291,0.2789651146158576,0.11215195556481679,0.5660388804972172,0.11291067178050677,0.031568670024474464,0.5346600636839867,0.041471343797942005,-0.0861474946141243,0.22838987285892168,0.4467435671637456,0.658894216020902,-0.09851263929158449,0.4849596346418063,0.4737368666877349,0.031562626361846924,0.5375789950291315,-0.01535596139729023,0.2983431505660216,0.24858134736617407,-0.06184095913583102,0.5983344539999962,-0.07538821113606294,0.3002381684879462,0.2898452129835884,0.7657605148851871,0.30115938706633943,0.4474635813385248,0.18703250090281168,0.1331155380855004,-0.07410968467593193,0.23690344331165156,0.3400638947884242,0.13469462112213174
ERR475527,1,-0.0749456374226914,-0.08833367004990578,-0.09826694801449776,-0.13845207976798216,-0.10143876386185487,-0.13326555490493774,-0.06223217692847053,-0.09273267133782308,-0.06462768535129726,-0.09955845996713227,-0.07195333189641435,-0.06364623469805035,-0.11754001832256715,-0.08272289725330968,-0.1123111682633559,-0.057046390449007355,-0.1442541709790627,-0.1290275752544403,-0.10386375337839127,-0.05590136597553889,0.020760480702544253,-0.12483157714207967,-0.103781558573246,-0.08644042536616325,0.28122107793266576,0.10976282879710197,0.001744215376675129,0.121790977815787,-0.043628300384928785,0.18398617083827654,0.24691465186576048,0.2898290654023488,0.22453460174923143,0.6724989352126917,0.24453969299793243,0.10790286213159561,0.8921002422769865,0.36887566434840363,0.03329107724130154,0.4041204899549484,0.8635080894455314,1.0299565841754277,0.11847372849782307,0.7564653617640337,0.9484639341632525,0.3054424872001012,0.8757039116074642,0.28455409904321033,0.6715274465580782,0.6313749129573504,0.13290440011769533,1.1739548295736313,0.16516592726111412,0.7556680217385292,0.9624691245456537,1.5961604279776413,0.7580245540787777,0.8833661967267593,0.6342167022327582,0.38588960592945415,0.18124605777362982,0.6626099087297916,1.2222063293059666,0.7570565504332384
ERR475529,1,-0.05948403989896178,-0.0780704990029335,-0.08771183590094249,-0.13674411301811537,-0.12623076885938644,-0.13636253401637077,-0.07858135070030887,-0.13295393530279398,-0.07168389561896522,-0.08898792128942053,-0.05912828647221128,-0.0430842137120635,-0.10844585377102096,-0.0688259737022842,-0.10188576548049848,-0.11157891650994618,-0.08864803363879521,-0.1471750016013781,-0.09762620879337192,-0.08476604769627254,-0.019653844734421,-0.11725330849488576,-0.10923921813567479,-0.06417315142850082,0.3474128474481404,0.1820736244941751,-0.0008685694386561712,0.14400462868312994,0.003269519036014875,0.1361804629365603,0.2191480752080679,0.31202229981621105,0.28795249822239083,0.8481384130815665,0.2106457919192811,0.14325436111539602,0.9514344359437624,0.6213230763872465,0.06612522356833021,0.4989579673856497,1.0744916448990505,1.1673139681418736,0.17765705411632857,0.882130867180725,1.1471157744526863,0.4060852440694968,1.005288210697472,0.38345837593078613,0.7855432840685049,0.8376482985913754,0.2367850455145041,1.3703451852003734,0.3018728482226531,0.8499305322766304,1.2910075678179662,1.764638966259857,0.9468414535125097,1.0448809955269098,0.7076090847452482,0.5226011105502645,0.21932503829399744,0.8455060694056252,1.4999684219559033,0.9367472507680455
ERR475531,1,-0.06843018542955785,-0.0905557901908954,-0.10391985687116782,-0.15612096091111502,-0.127550029506286,-0.13234730251133442,-0.07011346934208025,-0.10007362967977922,-0.07350975431230229,-0.09270527786369105,-0.06922910238305728,-0.0732230051192649,-0.11461636920770009,-0.08482624512786667,-0.10593342905243237,-0.09943380082647006,-0.09658596478402615,-0.14119802539547285,-0.10065311659127474,-0.05631853640079498,0.004263666497233014,-0.12390094126264255,-0.14283840109904608,-0.07750880221525829,0.3271303328995903,0.15694575073818365,-0.011597455673230192,0.08271392186482747,0.0014790818095207214,0.13598197077711424,0.22337145979205766,0.2994397468864918,0.24623968452215195,0.8465289697051048,0.235704729721571,0.12327738478779793,0.8811359579364458,0.38952426084627706,-0.00942749623209238,0.4252998996526003,0.8371649558345476,0.9862338999907175,0.01823798194527626,0.7185666312774023,0.9089574925601482,0.21367981905738512,0.9360663630068302,0.25657715400060016,0.6057887698213259,0.577428437769413,0.07591549679636955,1.1456392705440521,0.1350175483773152,0.6338690469662348,0.9593688858052095,1.5203273730973403,0.7694020867347717,0.8736676132927338,0.5622092227761945,0.37199196095267933,0.08930239764352639,0.7313789762556553,1.1163528685768445,0.6223491017396251
ERR475532,1,-0.11296478611257044,-0.0853195817520221,-0.09983235535522302,-0.008940402573595444,-0.09035234277447064,0.030840422958135605,-0.060990352144775294,0.24853696674108505,-0.03747732989722863,-0.06127012153592659,-0.11403459776192904,0.06330107509468992,0.04825872679551443,-0.09420886371905605,0.038807760924100876,0.1058476036414504,-0.07838544187446435,-0.03231941225628058,0.10679879846672218,0.3262994587421417,0.2461771434172988,0.1446636103404065,0.29808496683835983,-0.047231584787368774,0.11669058228532474,0.09569559743007024,0.19244765614469847,-0.001842212863266468,0.031875492384036384,0.36103858426213264,0.012343240280946096,0.23175817169249058,0.060877594204309084,0.5585769709432498,-0.01005210354924202,-0.0054375821103652315,0.28335268919666606,-0.009396083342532316,-0.1186855969329675,-0.04235260561108589,0.12766202228764692,0.30661993597944576,-0.11304121278226376,0.0700966144601504,0.035207064201434456,-0.11986016854643822,0.41755583758155507,-0.12732250057160854,-0.0205130687293907,-0.02433456356326739,-0.11806461339195569,0.21500011595586935,-0.14030562713742256,-0.005452835311492284,-0.04301076506574949,0.42461852977673215,0.13410969947775206,0.007902202196419239,-0.02800270076841116,-0.020000554310778778,-0.11260850044588248,-0.05694211406322817,0.017359963928659756,-0.0037233796902000904
ERR475533,1,-0.09480416547012283,-0.10883037994305293,-0.11230686586350203,-0.13119844968120256,-0.11168461110598098,-0.09326907433569431,-0.06393079568321507,0.0135617529352506,-0.05095630037249066,-0.0840446025883163,-0.10242762711519997,-0.10490840925679852,-0.12364901726444562,-0.09691086015664041,-0.08525639524062474,-0.05782171618193388,-0.11401524332662423,-0.11251809634268284,-0.10250341209272544,0.08600470796227455,0.0941921102348715,-0.1102222849925359,-0.09749515106280644,-0.11271044743868212,0.22483304173996052,0.13470371890192231,0.04569375390807787,0.059606008852521576,-0.027323846705257893,0.253629336754481,0.1468523641427358,0.26257990300655365,0.1789900821944078,0.726299616197745,0.11291265115141869,0.061499831887582936,0.6169282247622808,0.11211414076387882,-0.08085947421689828,0.19411074680586657,0.5585531567533811,0.6657993917663892,-0.11289577341328065,0.48067361240585643,0.6274991581837336,0.023801117514570553,0.6699385549873114,0.029958127687374752,0.3763046196351449,0.35064592491835356,-0.07373119704425335,0.7911008006582657,-0.03557505023976167,0.33551174278060597,0.4819586382557948,1.0299647549788158,0.5046842936426401,0.5634575337171555,0.23993394523859024,0.13758212483177581,-0.06159544549882412,0.3168223329509298,0.49650752420226735,0.23769276464978853
ERR475534,0,-0.10081179203674158,-0.1016078128789862,-0.11748197302222252,-0.09223782146970431,-0.10034871970613797,-0.020037369181712467,-0.052997701112569,0.13554034382104874,-0.035965576176143564,-0.07465504108464908,-0.10168977392216523,-0.05606972759899994,-0.0547097196492056,-0.0766845541074872,-0.016007359294841688,0.03799707302823663,-0.09695233272699018,-0.07568506896495819,0.03210537042468786,0.22912486890951791,0.11708025075495243,0.01733536769946416,0.09380627586506307,-0.08935237551728885,0.19991956651210785,0.1106822072470095,0.1512924941877524,0.01830771068731944,-0.002850405561427275,0.3263937135537465,0.03748753170172373,0.2521211026857297,0.08882371087869008,0.666314709931612,-0.013762033234039942,-0.03905981779098511,0.3655888841797908,0.031076057503620785,-0.1038604478041331,-0.012448875233530998,0.21716376394033432,0.4373719257613023,-0.12581066104273,0.22041149313251177,0.06956794237097104,-0.10582182308038075,0.5489736259914935,-0.0891721888134877,0.07371348018447559,0.060668847213188805,-0.11465984148283799,0.35031382522235316,-0.13471830760439238,0.07898725848644972,-0.004948975207904975,0.5604101655383905,0.19375074949736396,0.10041123069822788,-0.01375108522673448,0.02434000497063001,-0.1270258358369271,0.04547404063244661,0.12254598488410313,0.05266549003620943
ERR475539,1,-0.08035116266516222,-0.09567426020900409,-0.10627380937027435,-0.15150482331713042,-0.11625763153036435,-0.1235643041630586,-0.06331133593509246,-0.08078252772490184,-0.04763446532888338,-0.0880785660657466,-0.09349320716379832,-0.09250047225699139,-0.12419409056504567,-0.08586914705423017,-0.10138814407400787,-0.1164844570060571,-0.09010778491695721,-0.11131186814357837,-0.10882397135719657,0.002730583742959425,0.07312871748581529,-0.1255881159255902,-0.15017123023668924,-0.10854403798778851,0.269607691715161,0.11491399141959846,0.04086582021166881,0.0027747638523578644,-0.006787734959895412,0.21292159582177797,0.11866848046580951,0.2692974346379439,0.23100040014833212,0.812671552101771,0.16600339103024453,0.07092328121264775,0.7571740734080473,0.19283930398523808,-0.040820492431521416,0.3116680222253005,0.6283208476379514,0.7966371973355612,-0.12206481397151947,0.48057052368919057,0.6819326132535934,0.03611424037565788,0.8502895360191663,0.08448821418763448,0.3720482522621751,0.43168900658686954,-0.043637293546150126,0.918726255496343,0.0396572050328056,0.4204815539220969,0.5764960162341595,1.2283301688730717,0.6156883289416631,0.6077186378339926,0.35283198828498524,0.24740414942304292,-0.044024462501207985,0.5345667622362574,0.6570580725868543,0.33991657352695864
ERR475540,1,-0.06931571162810239,-0.1031396146863699,-0.10254995757713914,-0.14815809080998102,-0.10394958080723882,-0.1375347307572762,-0.062260033116520695,-0.10649421516185005,-0.048371426353696734,-0.09177937556160032,-0.07605649561931689,-0.06608922782713005,-0.10942841600626707,-0.07400043269929786,-0.10854789738853772,-0.09628845208014052,-0.09754858911037445,-0.1411858337620894,-0.09609458727451663,-0.028669376547137897,-0.0017752904677763581,-0.12656772757569948,-0.14499534045656523,-0.10213136964011937,0.3268873131795165,0.13255750481039286,-0.020945968727270763,0.09130169885853927,0.009924556749562422,0.1894115482767423,0.19841082145770392,0.2901068242887656,0.2421434447169304,0.8604838276902834,0.15631485959359756,0.11784516088664532,0.8034990023200711,0.3481832332909107,-0.012930033728480339,0.37014457893868286,0.7535245642066002,1.008827770749728,-0.07565895918135841,0.6503259340922037,0.8549162099758784,0.050277030716339745,0.9380644230792919,0.24972820902864137,0.5647690792878469,0.5413565809528033,0.0425485799399515,1.1394804219404857,0.0807509608566761,0.6089599430561066,0.8641478425512711,1.5045056554178398,0.8206445177396139,0.8328180188934008,0.5253651235252619,0.36409924179315567,0.08385252207517624,0.6980382551749548,1.0625143721699715,0.593189414901038
ERR475541,1,-0.10036843432256622,-0.09188792676044007,-0.11200215419133504,-0.1258498115154604,-0.12263960142930348,-0.07495874787370364,-0.06792386334564071,-0.012158996115128199,-0.0506211426424367,-0.0884618567293008,-0.10768746452716489,-0.08991935600837071,-0.12116907288630803,-0.10805924811090033,-0.06049813019732634,-0.013062443273762861,-0.1269726405541102,-0.08964487165212631,-0.09300607225547235,0.052481960505247116,0.13265160649704436,-0.11528091877698898,-0.04610775504261255,-0.1048496860700349,0.18171190035839876,0.14437396203478178,0.03019861690700054,0.04308029295255741,-0.0678069746742646,0.28990602989991504,0.18691603342692056,0.31569911415378255,0.14104304338494936,0.7134566915531954,0.21904171134034792,0.014994379443426928,0.7263547604282697,0.09682512034972508,-0.021958839148283005,0.2302746425072352,0.4885898754000664,0.6682350523769855,-0.10849378320078056,0.4945676525433858,0.5580501593649387,0.14926878114541373,0.6644128729822114,-0.034024602423111595,0.262725171012183,0.33732843150695163,-0.058775428837786116,0.7994482393066088,0.015030525624752045,0.43938422575592995,0.4398418391744296,1.0015205998594563,0.4926745394865672,0.5424761548638344,0.2596372726062934,0.19348774710670114,-0.08573085318009059,0.39825155089298886,0.44047697881857556,0.1715693542112907
ERR475545,0,-0.0998911363070268,-0.1033546741430958,-0.11692912876605988,-0.07038699835538864,-0.07314250393149753,-0.02493613710006078,-0.0628266484903482,0.1401610312362512,-0.026017142924198804,-0.08200018780462415,-0.11573184995601575,-0.046438180608674884,-0.03900914324913174,-0.06455951898048322,0.014636077918112278,-0.018798953543106716,-0.07324756868183613,-0.022280235464374226,0.0421082079410553,0.2413294551273187,0.1350250861917933,0.08031749228636424,0.09845189181214664,-0.11096146330237389,0.18452739343047142,0.16965597247083983,0.20667706926663718,-0.04338291070113579,0.024721443963547547,0.2661927230656147,0.016566574573516846,0.3222323954105377,0.12575502693653107,0.6812667126456896,-0.02879677154123783,-0.01301810642083486,0.3488842129396896,0.022735996171832085,-0.09382803489764531,-0.015396032482385635,0.18343425138543049,0.32401909834394854,-0.11623794430245955,0.11399232099453609,0.03637757028142611,-0.13250842380026975,0.5489124273881316,-0.11621640250086784,0.03926326893270016,0.026008976933856804,-0.10590191185474396,0.2522447283069293,-0.13499919945995012,0.039219884822765984,0.012490847458442053,0.4660576043340067,0.12814192101359367,0.06140356014172236,-0.005179241299629211,0.009786676615476608,-0.10850953248639901,0.0378366777052482,0.05539972831805547,0.0304905536371128
ERR475547,1,-0.08938475375119499,-0.09153728846771021,-0.11224427198370297,-0.12034947083642085,-0.1162781009140114,-0.10108420190711816,-0.07658557286049472,-0.04096617984275023,-0.06081169355578216,-0.08666799708761157,-0.10052381234709173,-0.10506631581423183,-0.12189707346260548,-0.10409929479161899,-0.08320335733393829,-0.03237207141743662,-0.14717981095115343,-0.11070064858843882,-0.10349871637299657,0.011552910475681225,0.09055749076651409,-0.11527139693498611,-0.08433837691942851,-0.10636685167749722,0.20554649022718272,0.13890095613896847,0.020969459631790716,0.1135298372246325,-0.07366048090625554,0.24924991776545843,0.237176101654768,0.3047182001173496,0.1637671428422133,0.6521236722668012,0.15869655832648277,0.07331941959758599,0.7946174417932829,0.17778391239698976,-0.008890431374311447,0.3478492069989443,0.6622295500710607,0.8201497942209244,-0.0365667495255669,0.6479003864030043,0.7262019763390223,0.24043794348835945,0.6612291581307849,0.03786333898703257,0.39605894094953936,0.4252011676629384,-0.0016096433003743489,0.9278463317702214,0.037440298746029534,0.5457236104023954,0.600030063961943,1.1870399528803925,0.5423516544202963,0.6177740929027399,0.3551815251509349,0.26072439303000766,-0.02534924851109584,0.44509536400437355,0.7181923439105352,0.3510743488247196
ERR475548,1,-0.11099426928073323,-0.06675848318263888,-0.09755038221677144,0.02028946888943513,-0.08556007718046506,0.060706290105978646,-0.06414855050388724,0.28647539267937344,-0.049846652759394296,-0.022023748148058075,-0.10284264913449685,0.09625390482445557,0.09126204873124759,-0.11157524089018504,0.07608895841985941,0.2490291235347589,-0.0698158669595917,0.0031987205147743225,0.13991566902647415,0.2982063020269076,0.24948704537625113,0.18160932759443918,0.43604949365059537,-0.042109470814466476,0.08320936808983485,0.1012535762662689,0.1821741983294487,0.011565302188197771,0.03259232795486847,0.37729257872949046,0.03713230276480317,0.22447154500211278,0.038203129544854164,0.47136564428607625,0.03332346801956495,-0.03215461100141207,0.257558045287927,-0.03330625779926777,-0.11648481494436662,-0.05004359347124895,0.07790206993619601,0.2636829962333043,-0.11886719862620036,0.09472724795341492,0.019302934408187866,-0.09509878233075142,0.324722262720267,-0.12849517042438188,-0.019932828843593597,-0.034222198029359184,-0.12241960068543752,0.17319208468931416,-0.14230227346221605,-0.01895782972375552,-0.06340847412745158,0.34595697186887264,0.09726009459700435,-0.004972152411937714,-0.05347134669621786,-0.020109457429498434,-0.13189327095945677,-0.08777850152303775,-0.039555360873540245,-0.04813844710588455
ERR475549,0,-0.08981011764232487,-0.09340978561279674,-0.12095270430048306,-0.09298508924742539,-0.10649032952884833,0.03626284748315811,-0.07391205157910008,0.18106827760736147,-0.05435941244680483,-0.04071798140792756,-0.11185682898697753,-0.09246328224738438,-0.046941162242243685,-0.08736677426107538,0.07671417187278469,0.018514081758136552,-0.07015521017213662,-0.0505962905784448,0.04795883999516567,0.23677589371800423,0.20331592236955962,-0.03500004857778549,0.15567075305928788,-0.06615839153528214,0.16015989147126675,0.18020713717366257,0.15964937085906664,-0.012479746714234352,-0.02719481724003951,0.2927403238912423,0.08735236028830211,0.2944252385447423,0.12746843695640564,0.6741047639710208,0.0454968319584926,-0.057402108485500015,0.3767406965295474,-0.03607902800043424,-0.10905073117464781,0.016267915566762287,0.1830627399807175,0.3855009013786912,-0.13215366502602896,0.17979824977616468,0.11661352465550105,-0.04389104247093201,0.4422286196301381,-0.11917403464516003,0.05500883671144644,0.06387639387200277,-0.12119602287809055,0.3109093818347901,-0.1405723417798678,0.04927067458629608,0.008991400400797525,0.40991917873422307,0.17418231194218,0.053286999464035034,-0.04209074929046134,-0.018528613572319347,-0.1466077814499537,0.03484434261918068,0.0008355664710203806,-0.02377922460436821
ERR475550,0,-0.09328270919983576,-0.09923870225126545,-0.12224398615459602,-0.13374038164814314,-0.12058495543897152,-0.0660494901239872,-0.0646624656322577,0.006473613282044728,-0.05926663125289148,-0.08571312673130176,-0.11227428016718477,-0.09927774884272367,-0.12021106605728467,-0.0916526544218262,-0.05460685087988774,-0.02527460176497698,-0.11623726598918438,-0.10380833316594362,-0.05717494276662668,0.12295842419068019,0.08056216258167599,-0.0881595437725385,-0.06383307045325637,-0.10831192135810852,0.23179410956799984,0.12283740177129705,0.10907501447945833,0.006544373425034185,-0.04524373387296995,0.2559149811665217,0.1531948633491993,0.28876471767822903,0.16890756196031967,0.7893104466299216,0.08638603612780571,-0.028706977454324562,0.6063695326447487,0.045171185774961486,-0.08318309051295121,0.13771948233867684,0.35086382118364173,0.6084705938895544,-0.13493858029445013,0.3817407911022504,0.29883882993211347,-0.005560857709497213,0.6209546253085136,-0.06443773334225018,0.1724272232192258,0.20180662100513777,-0.07988993388911088,0.5624845800921321,-0.08742598320047061,0.2841506103674571,0.22766626377900442,0.79348107924064,0.33150338878234226,0.25468680324653786,0.13089535695811114,0.1343577237178882,-0.14439916362365088,0.2864916281153758,0.21887092416485152,0.14749286975711584
ERR475553,1,-0.10044115547013159,-0.10327356331981719,-0.12997248892982802,-0.11907469729582469,-0.12514311571915945,-0.04012744997938474,-0.07160521462841037,0.0713824878136317,-0.055083846159201734,-0.0661513006957648,-0.11597493772084515,-0.07557331762897472,-0.07097270991653204,-0.09815752940873305,-0.024540577209942665,0.057452637081344925,-0.10317017324268818,-0.07624201476573944,0.013092496742804846,0.16937333593765894,0.131407899937282,-0.014107078313827515,0.07791179418563843,-0.10872634376088779,0.17232242102424303,0.12624083214905113,0.13973038457334042,0.006912540023525556,-0.03318790222207705,0.27415892109274864,0.14346840729316077,0.27072402330425877,0.11311578502257665,0.6543946303427219,0.042004225154717766,-0.055783055101831756,0.4662490909298261,0.014415528625249863,-0.11398439543942611,0.08492966492970784,0.24453466090684137,0.49503448233008385,-0.13672173023223877,0.3085448657705759,0.15769564174115658,-0.03344902830819289,0.5325402605036894,-0.09369755412141482,0.09923003644992907,0.10722702307005723,-0.09744195888439815,0.31815156534624595,-0.11292331510533889,0.13452428579330444,0.05451312909523646,0.6085817702114582,0.23034664305547872,0.144889568289121,0.06627280901496609,0.10989504305568214,-0.13501326739788055,0.1672316916907827,0.07438963589568932,0.05075510032474995
ERR475555,1,-0.08494927321195671,-0.09936134757784505,-0.12158161525925,-0.11631241254508495,-0.11355653777718544,-0.023320093750953674,-0.06525813749067311,0.008305308719476065,-0.040614192654023405,-0.07850848515586033,-0.1020409691069896,-0.09143620430647086,-0.10974020138382912,-0.08393007703125477,-0.019022172937790554,-0.008633236090342203,-0.10509689959386985,-0.10530149067441623,-0.04814996446172396,0.11467646186550458,0.1257785063838431,-0.06813479339083035,-0.03362511501957973,-0.09424736723303795,0.22370507568120956,0.19408378843218088,0.1311985862751802,-0.014452924951910973,-0.0229633548296988,0.26352302481730777,0.08744059130549431,0.3081658174439023,0.15913175139576197,0.7765078321099281,0.03382684042056402,-0.0373489175302287,0.5544775103529295,0.009242067113518715,-0.09305093934138615,0.10969925050934155,0.32009337345759076,0.5114231283466021,-0.13552326212326685,0.30338847699264687,0.23233611229807138,-0.007183767544726531,0.6309168214599291,-0.09439769883950551,0.0729556236571322,0.1567714400589466,-0.0785995131979386,0.46878690645098686,-0.08897271752357483,0.20954341689745584,0.16532401305933794,0.7156333227952322,0.2808903182546298,0.14002449934681258,0.06581977879007657,0.06825967070957024,-0.15661406517028809,0.18877350445836782,0.15256288399298987,0.11405720903227727
ERR475557,1,-0.07008221634411409,-0.12585344289739928,-0.10968764219433069,-0.15852114806572595,-0.10122562882800896,-0.14027808234095573,-0.06182921344103912,-0.05873827418933312,-0.07393043503786127,-0.09526108933399276,-0.08571581107874711,-0.06886065478344487,-0.1123035295555989,-0.07887539515892665,-0.11841979374488194,-0.06898625132938226,-0.10856222361326218,-0.12343760921309392,-0.08846219116821885,-0.0008086743764579296,-0.0035750194219872355,-0.08812256778279941,-0.15016465137402216,-0.10529458336532116,0.31366916447101784,0.07737269625067711,-0.01729449691871802,0.10936940399308999,0.029319334775209427,0.1698767269651095,0.24414161096016565,0.2751995269791223,0.21652964130043983,0.7864654759565989,0.177263964433223,0.10696873192985852,0.714952290058136,0.26385341584682465,-0.03910250402987003,0.35027155249069136,0.617080262551705,0.9278587065637112,-0.08296725293621421,0.6326522951324781,0.7124570185939471,-0.020813604195912678,0.9179382137954235,0.2148538107673327,0.5326517733434836,0.38094190259774524,0.01711019625266393,0.9493111371994019,-0.012794322023789087,0.5023188727597395,0.679160051047802,1.3767520760496457,0.6910489946603775,0.778733708585302,0.4792158656443159,0.3615088723599911,0.16229262699683508,0.6294586931665739,0.8761557042598724,0.5083971394536396
ERR475560,1,-0.11078453336449456,-0.09768966306000948,-0.11171869561076164,-0.0503786305586497,-0.10053509846329689,-0.019362077116966248,-0.06182381557300687,0.18431701014439264,-0.048473174955385424,-0.07672398293410272,-0.12013132862436275,0.029904458206146955,0.003781429181496302,-0.08589781153326233,-0.01582318792740504,0.07572779059410095,-0.08783358574146405,-0.04382647636036078,0.06188670049111048,0.29447219769159955,0.1645695623010397,0.10325503411392371,0.19773140080117932,-0.0761715763558944,0.18316426376501718,0.08143066676954429,0.16675019760926565,-0.014932511374354362,0.04537275557716688,0.3049078273276488,0.05334931301573912,0.26377638926108676,0.08900703365604083,0.6427650380258759,-0.009197575350602468,-0.04015101616581281,0.29894743859767914,0.01732633449137211,-0.11161692316333453,-0.0198185791571935,0.14437343801061311,0.3801159104332328,-0.11487129392723243,0.14467286070187887,0.0519991951684157,-0.11725998374943931,0.5225279591977596,-0.10198392713694678,0.0849709389731288,0.019487939464549225,-0.09865867719054222,0.2323173185189565,-0.12799190233151117,0.0453304648399353,-0.0007706948866446813,0.49439096202452976,0.1659697356323401,0.0624520859370629,0.0019791743252426386,0.0398364265759786,-0.09106647502630949,0.024392742663621902,0.05824960690612594,0.02160400163847953
ERR475562,0,-0.07000333891361758,-0.09721916576381773,-0.12495237588882446,-0.06592711433768272,-0.10076104135562976,-0.020707687983910244,-0.0704963771228601,0.00021038173387447992,-0.014218216520021087,-0.0753167054650324,-0.09327529650181532,-0.07575144347113867,-0.1232505775988102,-0.028984190275271732,-0.019185415469110012,-0.04128566153425103,-0.03683631494641304,-0.04110158452143272,-0.04086831957101822,0.12457204361756642,0.14401981335443756,0.010719809060295423,-0.0035649645142257214,-0.0759931169450283,0.21732595252494016,0.22556357768674692,0.28289862846334773,-0.08248891270098586,0.06961731488506,0.2638986061016719,-0.04200006276369095,0.3306212828805049,0.1495146689315637,0.8081680834293365,-0.037924075964838266,-0.02342845934132735,0.47719403107961017,0.006116458525260289,-0.09433932105700175,0.06983289500931278,0.40399869872877997,0.3870561420917511,-0.11889150987068813,0.1426703386629621,0.07419008823732536,-0.08497436096270879,0.6234000089267889,-0.1065288957906887,-0.0023978978085021176,0.0983449708049496,-0.0848171232889096,0.32603133376687765,-0.1156088241065542,0.06381288993482788,0.09761084243655205,0.5609276611357927,0.18694943857068816,0.052835515389839806,-0.02879510633647442,-0.018632863958676655,-0.14250523224473,0.07336370460689068,0.12162365857511759,0.048820117760139205
ERR475563,0,-0.09657087665520218,-0.10260601186503966,-0.12331029834846656,-0.12442499895890553,-0.10027150592456262,-0.05783379450440407,-0.05704732326072796,0.03150881081819534,-0.05401221913416521,-0.08729188741851128,-0.11474965916325648,-0.07647068852869172,-0.09042167042692502,-0.07574391943247367,-0.06184121842185656,-0.037481563786665596,-0.11151511394382396,-0.09132483725746472,-0.0062379175797104836,0.1715404192606608,0.07638028163152437,-0.03151740009586016,-0.05043835146352649,-0.12681721181919178,0.2367212027311325,0.10526996649180849,0.11195650789886713,0.0013339643677075703,-0.0316354235013326,0.27435161049167317,0.12254897505044937,0.2703498952711622,0.15758952560524145,0.7546177643040816,0.04902630175153414,-0.019115448618928593,0.5003870452443758,0.039765821459392704,-0.09796322012941043,0.08276050475736459,0.30526855277518433,0.5826681181788445,-0.13590126236279806,0.29701414331793785,0.21297266582647958,-0.06789640337228775,0.6461567083994547,-0.06031934047738711,0.16096770577132702,0.1313114824394385,-0.09841711322466533,0.4589086901396513,-0.11517640048017104,0.17390950148304304,0.1258205967703058,0.7433138787746429,0.29954761006714153,0.2154528647661209,0.09503291733562946,0.11139320023357868,-0.11577813373878598,0.20790910441428423,0.1998719001809756,0.14030562496433654
ERR475564,0,-0.07637572816262643,-0.09616558238637178,-0.12714070019622645,-0.05217702314257622,-0.06240189323822657,-0.09650579777856667,-0.06937053013825789,-0.06855801198010643,-0.00015993561707243012,-0.06312004586925468,-0.11607149165744583,-0.10419742204248905,-0.1412597286204497,-0.10925961285829544,-0.047832307716210685,0.17100271893044314,-0.07708894213040669,-0.10314489870021741,-0.08836301540335019,0.009731772045294443,0.13552250581172606,0.14720400422811508,0.11371591252585252,-0.07508977005879085,0.17419632710516453,0.16792360600084066,0.2583764021595319,-0.045163770322687924,0.1181541846744949,0.26958094785610837,0.0024540352945526442,0.24653966290255389,0.14400055725127459,0.6633245957394441,0.055417164228856564,-0.05408626849142214,0.665766661365827,0.03590648349684974,-0.0230769378443559,0.12708986705789962,0.43943049665540457,0.47548745200037956,-0.1371455192565918,0.423565315703551,0.2910424992442131,0.13594261246422926,0.5397947539264957,-0.015989587952693302,0.1323082954622805,0.30139358962575596,-0.0199850353722771,0.4465431834881504,-0.061248354613780975,0.17810738955934843,0.18029822535269582,0.7916542949775854,0.40495921950787306,0.07118712784722447,-0.03297448914963752,0.031804162388046585,-0.14323640614748,0.1647041973968347,0.23791039238373438,0.1882410372296969
ERR475565,0,-0.07932502703806676,-0.09286348327683906,-0.12071788062651952,-0.04569303865234057,-0.10719723564883073,0.01578557739655177,-0.07041725738478515,0.22584325664987168,-0.03404541324986591,-0.05306740217459568,-0.09105112217366695,-0.04504468974967798,-0.006264163802067439,-0.054413631558418274,0.0900300598392884,0.03555228281766176,-0.030333380758141477,-0.03122603769103686,0.0760165589551131,0.3103203761080901,0.21135591762140393,0.09374567385142048,0.25835588326056796,-0.06480310608943303,0.15927398080627123,0.17499106811980406,0.2943486459553242,-0.04571307015915712,0.05948730496068796,0.2828614128132661,-0.014267109334468842,0.30904575251042843,0.10211517165104549,0.7172321925560633,-0.01603505884607633,-0.045060215440268316,0.288530807942152,-0.03428591415286064,-0.12193844048306346,-0.017218408562863868,0.1724656087656816,0.26783712456623715,-0.11154748871922493,0.058539035730063915,-0.029650746185022097,-0.12881987495347857,0.44721780469020206,-0.12622747818628946,-0.011080774401004115,-0.0010754195973277092,-0.11967899184674025,0.15287618587414423,-0.138200414677461,-0.021268514916300774,-0.03164873644709587,0.3471177297954758,0.0921842207511266,-0.02296355211486419,-0.07196490000933409,-0.0418566440542539,-0.1295343873401483,-0.03573558231194814,-0.03926020239790281,-0.05080081301275641
ERR475566,0,-0.11456211935971321,-0.06451870532085498,-0.08481233566999435,0.02795948615918557,-0.08717109045634668,0.07852523028850555,-0.07005543048338343,0.34038327634334564,-0.05483778432244435,-0.020076138120202813,-0.09562544959286849,0.10370004208137591,0.14294652019937834,-0.09343096738060315,0.12135548889636993,0.18961710261646658,-0.042737629710851856,-0.006070205010473728,0.18673291569575667,0.3738296814262867,0.2903193519450724,0.19583237015952668,0.4449951834976673,-0.02043092871705691,0.08732422068715096,0.12343230346838634,0.2105033869544665,0.003956028881172339,0.049887393756459154,0.38108225415150326,0.024949786563714344,0.26485459444423515,0.03590579268833002,0.5463514303167661,0.006181035190820694,-0.04091416671872139,0.18883245810866356,-0.02080622346450885,-0.11387861502589658,-0.08886347602431972,0.055678115536769233,0.2213824763894081,-0.10772569042940934,0.02216585713904351,-0.016891601185003918,-0.12248022978504498,0.32975972443819046,-0.13204983746012053,-0.03125243696073691,-0.045450687408447266,-0.11887897923588753,0.12442208081483841,-0.13953100393215814,-0.028036269048849743,-0.07007106145222981,0.2646300684039791,0.05575695882240931,-0.02373192273080349,-0.05677451092439393,-0.031975191396971546,-0.12645985061923662,-0.09170414973050356,-0.06593137234449387,-0.06557258315539609
ERR475567,0,-0.07182133300485323,-0.10204209449390571,-0.11671440334369738,-0.09843230247497559,-0.08232907236864169,-0.022625176856915157,-0.0663687790926512,0.0760981837908427,-0.0024087988622341072,-0.06529876764310909,-0.09239639349592228,-0.0749510801397264,-0.09454022906720638,-0.03761806401113669,0.017993349116295576,-0.07298162571775417,-0.0564407246808211,-0.030769646788636845,-0.013142365341385206,0.20729657262563705,0.1869651859936615,0.011341284960508347,0.074849642192324,-0.09077280511458714,0.1902075825879971,0.2114152256399393,0.2604195661842823,-0.057354181384046875,0.016830252173046272,0.31869520743687946,-0.05240492895245552,0.294333492910179,0.12430105606714885,0.8157227931854626,-0.06167069519869983,0.009154237806797028,0.4082646456857522,-0.01379018152753512,-0.10068369532624881,0.06191900155681651,0.34227368297676247,0.3208312354981899,-0.11606735611955325,0.14221752559145293,0.06709349900484085,-0.11584572369853656,0.5217255099366108,-0.12983872927725315,-0.00272456215073665,0.06705607598026593,-0.108220052284499,0.31740212192138034,-0.13929524148503938,0.05423701802889506,0.04151848703622818,0.5131379148612419,0.15904714477558932,0.05083632841706276,-0.050582727417349815,-0.050660946095983185,-0.1422811634838581,0.03427964229679977,0.053026298992335796,0.018928672885522246
ERR475568,1,-0.08675033371158254,-0.08334852025533716,-0.10960320134957631,-0.1252491259983799,-0.12405928783118725,-0.08819504159813125,-0.0731880550738424,-0.04149100339661042,-0.0527430871152319,-0.06358754577346797,-0.08717314976577957,-0.10229549801442772,-0.1261708497380217,-0.10516753940222164,-0.07557862748702367,-0.0393223031812037,-0.14601039389769235,-0.0978301748012503,-0.11328303006788094,-0.02503738117714723,0.10255773998020838,-0.12694405329724154,-0.09455656756957372,-0.08792394422926009,0.21924985006141165,0.19170601522394767,0.023715984697143238,0.09939918480813503,-0.06157306511886418,0.2048573705057303,0.2088035543759664,0.30686753739913303,0.19861363774786392,0.673516238729159,0.17993033025413752,0.12580704068144163,0.7762474243839582,0.32234533162166673,-0.005258502361054222,0.31319155419866246,0.7854688850929961,0.7802820826570193,0.1035602514942487,0.7151152503987154,0.9329655189067125,0.3440517522394657,0.6211379331847032,0.14258207691212496,0.5401770273844401,0.5620698680480322,0.10211666735510032,1.041749220341444,0.13433749601244926,0.5869845307121674,0.8335314281284809,1.3280770877997081,0.5875930804759264,0.770729698240757,0.4947669580578804,0.1804982895652453,0.12412143684923649,0.40090182920296985,0.9237988963723183,0.6131915974741181
ERR475569,1,-0.0816207601116427,-0.10902726836502552,-0.09982576345403989,-0.14486660559972128,-0.10506115822742383,-0.1350713570912679,-0.06662528333254158,-0.05723126232624054,-0.05717256983431677,-0.094783513173752,-0.07992380609114964,-0.07488960136834066,-0.10920159704983234,-0.0903130207831661,-0.12580985700090727,-0.04777760182817777,-0.13409636402502656,-0.12825052812695503,-0.09925800639515121,-0.026509086911876995,0.014208648974696795,-0.1282912033299605,-0.12227796887358029,-0.08458016936977704,0.30064077644298476,0.08926719178756078,-0.03453011500338713,0.16550895509620508,0.003872450441122055,0.18361111994211873,0.2640260341577232,0.2652194860080878,0.21753422791759172,0.734936830898126,0.22810304851736873,0.12398638735370089,0.7539349962025881,0.3217664882540703,-0.01002081111073494,0.3777224235236645,0.7523781942824522,0.9266094466050466,0.008059089382489523,0.7277507235606512,0.8861579733590285,0.13951929907004038,0.9231601841747761,0.3061857695380847,0.6632324780027071,0.5373194292187691,0.033700562392671905,1.1415230929851532,0.06823358494633187,0.6263205412154397,0.8377172996600469,1.5471087470650673,0.8272281909982363,0.9373929407447577,0.6128873700896899,0.3767506976922353,0.19916131099065146,0.6041563767939806,1.1257928336660068,0.6791518002282828
ERR475570,0,-0.11248624627235888,-0.07846996374428272,-0.09921502694487572,-0.020510408212430775,-0.09624324614802997,0.03247444207469622,-0.061547421015954264,0.25084157784779865,-0.05779497939511202,-0.04977715641628796,-0.11337334662675858,0.06466121847430865,0.04299075653155645,-0.10035284049808979,0.05160740949213505,0.15028518003722033,-0.08402974717319012,-0.025386300481234986,0.0707024863998716,0.3084012294809024,0.2251458503305912,0.0991868410880367,0.30642234658201534,-0.08022962510585785,0.11614855378866196,0.11965109128504992,0.14092284720391035,0.022224516607820988,0.001188229691858093,0.36086589346329373,0.07085185715307792,0.2602201644331217,0.062481530010700226,0.5940319746732712,0.0468852532406648,-0.022627109040816624,0.31725998036563396,-0.029626273084431887,-0.10772574258347352,-0.028265807156761486,0.12771625320116678,0.31311379683514434,-0.12153738116224606,0.12857393423716226,0.044222143944352865,-0.10955169796943665,0.41743947689731914,-0.1272516269236803,0.007990459445863962,-0.011887681980927786,-0.12103073174754779,0.24533441592939198,-0.14178727070490518,0.027268162928521633,-0.04263540108998617,0.424970621864001,0.12567201753457388,0.06545474752783775,-0.013517824312051138,0.024888224278887112,-0.12931035086512566,-0.028703957796096802,0.012004035835464796,-0.023663052745784324
ERR475571,0,-0.0860457096761517,-0.10211427990968029,-0.1229919505616029,-0.08862551550070445,-0.07266784521440665,-0.026393947501977284,-0.06729107243639494,0.1385210839410623,-0.052928408244345825,-0.0625147817903932,-0.09740974901554485,-0.08596306045850118,-0.06418283973471262,-0.068702083081007,0.008359557793786129,-0.04341550419727961,-0.044657318542400994,-0.008290812994043032,0.0019237461189428966,0.21422134215633074,0.1447110044149061,0.06508650071918964,0.07338040880858898,-0.08295949005211394,0.19854942709207535,0.1827671347806851,0.2361066589752833,-0.03837388703444352,0.03520438556248943,0.22792436058322588,0.038768645375967026,0.3237258791923523,0.13975886503855386,0.7874572072178125,-0.02098787824312846,-0.038514344642559685,0.3816795386373997,-0.0026389112075169883,-0.10512789463003476,0.047204495718081795,0.2589546286811431,0.38206232090791065,-0.12201899600525697,0.1606686425705751,0.07750612497329712,-0.11179215709368388,0.5565274562686682,-0.10821465154488881,0.045161512990792595,0.027411714817086857,-0.10098666821916898,0.22244870476424694,-0.13955577711264291,0.028778025958066184,0.019210805495580036,0.4765668255276978,0.1359662003815174,0.06861398989955585,-0.00385741392771403,0.023934425165255863,-0.12295557993153731,0.08084127679467201,0.0659066626491646,0.006776458506161968
ERR475572,0,-0.09135274080138818,-0.10430762094135086,-0.12298722999791305,-0.09224626546104749,-0.08854344161227345,-0.028532692541678745,-0.05759046683912553,0.09790336961547534,-0.04826755815641567,-0.08811990294240483,-0.12037263810634613,-0.02609177294652909,-0.04413285292685032,-0.06728996522724628,-0.019739567845438916,0.014272577439745268,-0.10121625413497289,-0.061225151643157005,0.01868379736940066,0.20034445946415266,0.12060341875379284,0.06248872478802999,0.027507392689585686,-0.10831000019485752,0.21325889974832535,0.11668130631248157,0.16210640470186868,-0.03211067865292231,0.025356991837422054,0.2737314607948065,0.07789790257811546,0.3008279651403427,0.10628189022342364,0.7667585946619511,0.016136123488346737,-0.05333768607427677,0.4452476656685273,0.04402053697655598,-0.09244777758916219,0.047220141316453614,0.21329277381300926,0.4519924186170101,-0.11943005894621213,0.244288499156634,0.10877719645698865,-0.11320307105779648,0.6093717937668165,-0.08512021725376447,0.08864331097962956,0.0873784211774667,-0.08376464744408925,0.2837384456458191,-0.12583333005507788,0.10502219821015994,0.054672222603888564,0.5936401841851572,0.1980727588136991,0.12479894173641999,0.042200153693556786,0.07130558167894681,-0.10932424167792003,0.13851121068000793,0.10967286443337798,0.07733464169238384
ERR475573,1,-0.09841294429482635,-0.0992297666768233,-0.11811100753645103,-0.10070042374233405,-0.10367315014203389,-0.02854963143666585,-0.05321957440173719,0.08061351875464122,-0.044183689322380815,-0.08017394776834408,-0.10368289270748694,-0.02561643603257835,-0.08013956000407536,-0.09025304081539313,-0.05085577070713043,0.03313707001507282,-0.11468204359213512,-0.08592850094040234,-0.0010921054830153782,0.22531535352269808,0.1092133722268045,-0.02225472778081894,0.044968553042660155,-0.11397159689416488,0.2276736137767633,0.1016826934646815,0.10441110221048196,0.027680591369668644,-0.01497756348301967,0.31040292357405025,0.09001546601454417,0.25358215121862787,0.11252621064583461,0.7401781547814608,0.03662774215141932,-0.027884635453422863,0.4419663922550778,0.05088479692737261,-0.10493392931918304,0.04350031601885954,0.2520087355126937,0.5072281695902348,-0.1313494915763537,0.3002797793596983,0.16033468880535415,-0.07451458492626746,0.6117901036826273,-0.06882381190856297,0.10539704421535134,0.12126976748307546,-0.10767920439441998,0.43852356014152366,-0.11714717621604602,0.1454801894724369,0.05874965060502291,0.7118308370312055,0.28250122179179016,0.20613251246201494,0.05702498679359754,0.07857238004604976,-0.12421249846617381,0.11267544065291683,0.18828915494183698,0.10959211131557822
ERR475574,0,-0.08855108347044431,-0.10635316154609124,-0.12462126836180687,-0.14516369750102362,-0.11157478702565034,-0.11356453069796164,-0.06442890252947109,-0.029774431139230728,-0.0532057353896865,-0.08480813822613224,-0.11049490049481392,-0.08452212973497808,-0.1208645502726237,-0.08558926700303952,-0.09214947000145912,-0.08237573504447937,-0.09903845066825549,-0.10342671597997348,-0.08263551474859317,0.09893732393781345,0.056174985986823835,-0.07132014632225037,-0.09357783027614157,-0.12758167274296284,0.24052835193773112,0.11804624150196712,0.06969545036554337,-0.014706202627470097,-0.03726479783654213,0.24183224514126778,0.12734288846453032,0.30419165840915713,0.17405623321731886,0.8027042547861735,0.07730076213677724,-0.013861920063694319,0.5828016108522812,0.07650043023750186,-0.08281613886356354,0.16551553768416247,0.37754050083458424,0.6644863858819008,-0.1341356374323368,0.39478834966818493,0.2556597505075236,-0.07130374386906624,0.7242423193529248,-0.021428368985652924,0.19762427235643068,0.19508456873397031,-0.07054120674729347,0.5517005926618973,-0.0746354479342699,0.2731211483478546,0.22381122534473738,0.8804521386822065,0.32948192426313955,0.29042363290985423,0.16405364933113256,0.2065212788681189,-0.11356646101921797,0.3422286172086994,0.3397526318828265,0.23240555357187986
ERR475575,0,-0.07863883555213154,-0.09183393558487296,-0.11655280956377585,-0.15382762749989828,-0.11143560226385792,-0.11563910978535812,-0.06081571356359442,-0.08747484162449837,-0.06451747453805486,-0.0950891121500111,-0.09793758124578744,-0.0972209153114818,-0.12935005811353525,-0.07158237152422468,-0.09105320957799752,-0.06282724812626839,-0.13122116153438887,-0.13469350586334863,-0.07370218231032293,0.005834552148977916,0.003608093499982109,-0.11267526261508465,-0.11915136066575845,-0.11148424322406451,0.2751418783639868,0.11872623239954312,0.05309312049454699,0.061556357269485794,-0.06545696904261906,0.2435632422566414,0.2474209169546763,0.2964633870869875,0.22438854475816092,0.8144512946407,0.13955322156349817,0.0019581898426016173,0.778834767639637,0.18969388275096813,-0.037290857483943306,0.31204766329998773,0.5499427458271384,0.8796656948203841,-0.09336140255133311,0.6215890763948361,0.5957464141150316,0.12278877198696136,0.8419153106709322,0.07244547367251168,0.3383905552327633,0.3902856955925624,0.0203165461619695,0.8463038752476374,-0.0028964560478925705,0.5209125392138958,0.545991430679957,1.1156645421870053,0.5339374737814069,0.5032490982363621,0.29666754230856895,0.3576448519403736,-0.07636818196624517,0.5836886248240868,0.5862093394001325,0.36443738437568146
ERR475576,1,-0.06889059329053755,-0.10637916748722394,-0.10646986705251038,-0.14998885989189148,-0.10681825752059619,-0.137748371809721,-0.06356161845421109,-0.10544037943085034,-0.039634170466645934,-0.08921098203124227,-0.08248719619587064,-0.06723179378119919,-0.11216116820772488,-0.07387056178413332,-0.11457015884419282,-0.09656823240220547,-0.09611942370732625,-0.13247103989124298,-0.09758715983480215,0.0038189622573554516,-0.008464064061020812,-0.12126812090476354,-0.14991813401381174,-0.10057597669462363,0.33587279946853715,0.1137605916398267,0.004799096845090389,0.0943144429475069,0.02854817546904087,0.19814063856999078,0.18685322223852077,0.29550095337132615,0.2209742677708467,0.8381368642052015,0.13832647531914213,0.10626328115661939,0.7331564653043946,0.27414640318602324,-0.02823436011870702,0.3500287029892206,0.6317766200130185,0.9276545283695062,-0.11199345563848813,0.5922245234251022,0.6966341013709704,0.00026482917989293736,0.9217649369190136,0.18872885406017303,0.5071281902492046,0.4507173150777817,-0.012974948932727179,1.029248019059499,0.019708757599194843,0.5392701836923758,0.6650614117582639,1.383445026896273,0.7333694944779078,0.7032946435113748,0.4288121586044629,0.3498348904152711,0.04119917222609123,0.6438283684353033,0.8690180033445358,0.4754050928167999
ERR475577,1,-0.10387855139560997,-0.1132269458224376,-0.10295553583030899,-0.12415425106883049,-0.07547014765441418,-0.03013201927145322,-0.05088231227515886,0.08863864590724309,-0.05490615852371169,-0.08952582365903557,-0.11566717301805814,-0.04520117992069572,-0.0692395952840646,-0.07842506002634764,-0.007911411734918753,-0.0188058502972126,-0.10816608586659034,-0.06842289740840594,-0.00183950737118721,0.18406287332375845,0.10382647897737722,-0.0160684697329998,0.009164193489899239,-0.1203035054107507,0.21035001675287882,0.11851602233946323,0.11175611615180969,-0.0032029164334138236,-0.017581351722280186,0.2838149257004261,0.0642115930095315,0.23843576634923616,0.14841885368029276,0.6947563663125038,0.02340574562549591,0.021970024953285854,0.42394425223271054,0.042442820966243744,-0.0936863695581754,0.029933410386244457,0.2588929526973516,0.4614142881085475,-0.13256995876630148,0.22963576639691988,0.28302210515054566,-0.09148321797450383,0.592604398727417,-0.06231561924020449,0.15718435496091843,0.08714478400846322,-0.10709463059902191,0.4315033555030823,-0.13577897598346075,0.12813909724354744,0.09454447620858748,0.659437590589126,0.29611391744886834,0.2082943320274353,0.053601919362942375,0.030351288616657257,-0.11472252771879236,0.13816290612642965,0.15808980368698636,0.09911153791472316
ERR475578,1,-0.09428645909353388,-0.10102857618282239,-0.1087212786078453,-0.10525886301184073,-0.08714973429838817,-0.06779301166534424,-0.04758039520432552,0.03594155857960383,-0.057551866040739696,-0.09350839011631251,-0.1091553783044219,-0.04717595308708648,-0.09535090066492558,-0.0801542301972707,-0.0713826244076093,0.004655883026619752,-0.1347037305434545,-0.10135570556546251,-0.04022210960586866,0.14580990622440973,0.11478458112105727,0.0032799653708934784,0.0018527799596389134,-0.13233495193223158,0.19518612511456013,0.07236348992834489,0.08902090229094028,0.03900479090710481,-0.028661444783210754,0.321093129614989,0.13092182793964943,0.23821315231422582,0.10016023678084214,0.65183753768603,0.019255516429742176,0.005660064518451691,0.46912201466814923,0.022106609928111236,-0.09135357663035393,0.13500269378225008,0.3134691168864568,0.5673101482292017,-0.13080457349618277,0.3533246691028277,0.21887661889195442,-0.06687855223814647,0.5856698847686251,-0.06909870589151978,0.12678818117516735,0.11464287216464679,-0.08722103759646416,0.500229594608148,-0.13223574434717497,0.22263182327151299,0.08751269398878019,0.7797485168557614,0.3191378985842069,0.2130931088080009,0.09463870525360107,0.117107888062795,-0.08038808777928352,0.1737505909986794,0.27030452837546665,0.18014085230727991
ERR475579,1,-0.06257704501816382,-0.07747260046501954,-0.07060408250739177,-0.11106540262699127,-0.0967934001237154,-0.1272565300265948,-0.08253719401545823,-0.13556763293066373,-0.061426024845180414,-0.08790533406863688,-0.05502008181065321,-0.0013410476694843965,-0.10011030345534284,-0.07674619338164727,-0.09047626021007697,-0.11116235330700874,-0.10486425769825776,-0.1436085651318232,-0.08500561040515701,-0.0860076608757178,-0.021910981896022957,-0.10219677537679672,-0.07440163567662239,0.005668350495398045,0.32441273106572527,0.20385103362301984,-0.06488033756613731,0.21283572539687157,-0.012666499242186546,0.14522449610133967,0.2913303729146719,0.33435954339802265,0.3199403503288825,0.8841390979165832,0.3359019155614078,0.22136552135149637,1.067020686964194,0.8634375433127085,0.21401668836673102,0.6105558027823766,1.2908693241576354,1.3198970208565395,0.3439214291671912,1.0085569111009438,1.3758626164247592,0.6015586613987883,1.1377226424713929,0.5626029123862585,0.9415080298980077,0.9739213610688845,0.369884096706907,1.69186732172966,0.41149440966546535,1.0972617243727047,1.6011977543433507,2.147346891462803,1.24221005042394,1.2995658771445353,0.9540189656739434,0.7425975116590658,0.48319531480471295,1.10410235542804,2.0072217707832656,1.2609318746253848
ERR475580,1,-0.10270119737500256,-0.10559503082185984,-0.1117823701351881,-0.08593325316905975,-0.08973966453534861,-0.020871957143147785,-0.06351320991234388,0.13552362968524298,-0.035863855703307,-0.07291297015126474,-0.11863426615794499,-0.03650252901328107,-0.024860072260101635,-0.07785843165280919,-0.005754840249816577,-0.018111011013388634,-0.08084568940103054,-0.04840655935307344,0.06654514744877815,0.23315022389094034,0.15749058965593576,0.10899415860573451,0.13704262425502142,-0.09662650773922603,0.16160397231578827,0.11308834205071132,0.1923881359398365,-0.03409021766856313,0.014531318719188372,0.290867534155647,0.0025935533146063485,0.2350917508204778,0.09431589829425018,0.6451759959260622,-0.024986092001199722,-0.0235427253258725,0.32659177482128143,0.015767142176628113,-0.11442795395851135,-0.012880140915513039,0.1957943799595038,0.36412740871310234,-0.1211419366300106,0.13099003210663795,0.05483821344872316,-0.10991428792476654,0.5620534097154936,-0.11457103102778395,0.04211506930490335,0.020051029821236927,-0.10961133055388927,0.23782891035079956,-0.1303189309934775,0.0207167553404967,0.005584192772706349,0.5236110755552849,0.18218492375065884,0.05069472795973221,-0.020061449923863012,-0.00046868684391180676,-0.10344994689027469,0.017641351247827213,0.06491378384331863,0.024040119877705973
ERR475581,1,-0.09842484421824338,-0.09822211259355147,-0.11948969836036365,-0.1208525225520134,-0.11854473144436876,-0.007797953983147939,-0.0639563116710633,0.05237579097350439,-0.03375544765246256,-0.07028918184990592,-0.11068112500167142,-0.08143621023433904,-0.0740993997702996,-0.08731520548462868,0.005065421263376872,0.03247465814153353,-0.1196779968837897,-0.09209702187217772,-0.008344084645311037,0.1000915877521038,0.15711859543807805,-0.02385074645280838,0.022661352530121803,-0.10084071134527524,0.1761893400301536,0.15016572643071413,0.14030803988377252,-0.004977477093537648,-0.05829658421377341,0.28539591530958813,0.13281845798095068,0.32630272993507486,0.12778080254793167,0.6575053067257007,0.08288771410783131,-0.02417681086808443,0.5741280168294907,0.011906701605767012,-0.08621142711490393,0.11364218468467395,0.29891658655833453,0.49775216161894303,-0.12845685705542564,0.3405669170121352,0.28199558643003303,0.022882699500769377,0.5399688184261322,-0.09959622286260128,0.14852004343022904,0.1580885173752904,-0.06265985903640588,0.512787725776434,-0.05817169323563576,0.21793731426199278,0.1991894356906414,0.6546018893520037,0.2559644617140293,0.22191991532842317,0.09207145124673843,0.06491207145154476,-0.13629650448759398,0.16995815063516298,0.10385123298813899,0.040117294838031135
ERR475582,1,-0.06839255215406108,-0.09854854146639506,-0.10401027059803407,-0.14200152332584062,-0.0860024814804395,-0.13512318829695383,-0.06404744337002437,-0.0996244332442681,-0.05957323759018133,-0.09427436450884367,-0.07464757934212685,-0.07045183330289244,-0.10989129605392615,-0.08188992257540424,-0.10898896182576816,-0.07069993577897549,-0.12305198237299919,-0.14488299687703451,-0.09320498273397486,-0.07220629354317983,0.026797946872344863,-0.12914265816410384,-0.12011362845078111,-0.1056085533152024,0.30924245342612267,0.09827184304594994,-0.029613206783930462,0.12533467138806978,-0.027855722621704142,0.16956330090761185,0.27120893976340693,0.29538026576240856,0.26301484803358716,0.7400179778536161,0.23685189584891,0.13245943685372671,0.9403955601155758,0.45912092303236324,0.013159289335211119,0.47593508288264275,0.8766863240549961,1.0865068808197975,0.10924545427163442,0.7942989480992159,1.02303892125686,0.22732029606898627,0.9819991985956827,0.3317476138472557,0.6943381975094477,0.6636188899477323,0.15549945582946142,1.269666627049446,0.1733090387036403,0.7561555504798889,1.0301703934868176,1.7775914122660954,0.8931678906083107,0.9910093229264021,0.7457753270864487,0.46486662483463687,0.26596754622490454,0.7528678613404433,1.3898907999197643,0.8895282425607244
ERR475585,1,-0.06130379966149727,-0.08740969654172659,-0.10010659694671631,-0.12947377810875574,-0.11445501167327166,-0.1261328843732675,-0.07185237761586905,-0.10033266774068277,-0.0654765258077532,-0.09781433733102556,-0.05965339795996746,-0.06955682349265165,-0.10764840276290973,-0.08069432806223631,-0.10208472361167271,-0.0583231874431173,-0.13891252192358175,-0.12229462092121442,-0.1023864697975417,-0.09398319448033969,0.020422934205271304,-0.12658226241668066,-0.10477849344412486,-0.08646574573746572,0.3069866825050364,0.16360212738315263,-0.025713502739866573,0.17569434891144434,-0.0311721161318322,0.15874278855820498,0.26991579433282215,0.29856889446576435,0.26228322833776474,0.7505674473941326,0.22558468580245972,0.20219005644321442,0.9231967503825823,0.5737607336292664,0.044656747641662754,0.48116981610655785,1.0679648679991562,1.0808141380548477,0.2564998045563698,0.9251974287132422,1.2208870748678844,0.4236867328484853,0.8618758171796799,0.43183304245273274,0.8229429560403029,0.8232163041830063,0.23041213598723212,1.382013072570165,0.2600125453124444,0.8181642008324465,1.2539158640429378,1.841800053914388,0.9499579494198164,1.1377507373690605,0.7925709361831347,0.38522237601379555,0.33181684215863544,0.7102880001766607,1.5895341659585636,1.051262532050411
ERR475586,1,-0.07516130806895187,-0.10801023648430903,-0.11076826540132363,-0.07799233372012775,-0.042284490230182804,-0.043632506082455315,-0.06772633880245849,0.07079300594826539,-0.013108994649276914,-0.037756713609269354,-0.10371104100098212,-0.06429515453055501,-0.1126780475800236,-0.021080920938402414,-0.007175133330747485,-0.09794196455428998,-0.025313216145150363,0.08061290780703227,0.016383095333973568,0.15943000651896,0.08748197338233392,0.08402746294935544,0.04438926031192144,-0.07703608957429726,0.22416619583964348,0.19465553325911364,0.2993362198273341,-0.08840541993655886,0.09761252875129382,0.22154812266429266,-0.04792566938946644,0.32130103185772896,0.15163479993740717,0.7897032704204321,-0.06620008902003367,-0.01057089182237784,0.34736668691039085,0.0763424231360356,-0.06549978132049243,0.03133332853515943,0.27277606166899204,0.319741178303957,-0.11585655560096104,0.08462027957042058,0.02145559744288524,-0.13095698536684117,0.6213988205417991,-0.10141165678699811,0.041105543884138264,0.05356272185842196,-0.07990807046492894,0.2357996782908837,-0.13916545485456785,0.04213471213976542,0.04518964389959971,0.45548787899315357,0.15947427911063036,0.057340994477272034,-0.053816286846995354,-0.021606937671701115,-0.10674876285096009,0.08787837795292337,0.06089728077252706,-0.0033378432563040406
ERR475588,1,-0.07862324772092204,-0.10087649431079626,-0.1308668094376723,-0.04138838375608126,-0.08480635564774275,-0.1052185595035553,-0.06601652985167068,-0.03267643150563041,-0.0047513818456839845,-0.06357752111246857,-0.1158840348944068,-0.04883388957629601,-0.1381570572654406,-0.04209540287653605,-0.0611414957481126,-0.06390069394061963,-0.025311766813198727,-0.024727406601111095,-0.06918548637380202,0.14875410124659538,0.030135943787172437,0.05652607356508573,-0.012671706266701221,-0.09849091122547786,0.2479395161693295,0.23686843986312547,0.2765149374802907,-0.09161739858488242,0.06707221983621518,0.24541315250098705,-0.043229724280536175,0.3147006469468276,0.16493318602442741,0.8514476443330447,-0.06998900510370731,-0.031216047704219818,0.5271547536055247,0.07840181328356266,-0.061890063186486564,0.09444186029334863,0.38872730638831854,0.48445025458931923,-0.1163043761625886,0.20536921421686807,0.10449521367748578,-0.0962684837480386,0.5938014335309466,-0.08105154211322467,0.10458532472451527,0.14618605251113573,-0.0971811016400655,0.38378298018748563,-0.1362608795364698,0.1546064723903934,0.1259600097934405,0.6447271252206216,0.22086948653062186,0.087298184633255,-0.018036845761040848,0.029520638287067413,-0.10497993789613247,0.13273222387457886,0.2264189893224587,0.13630956983979559
ERR475589,1,-0.08011916948332025,-0.10910970562448104,-0.12500177587692937,-0.12699631151432791,-0.09213826743264993,-0.10529258971412976,-0.057619459495375246,-0.007366936653852463,-0.038191616248999104,-0.07425365909095187,-0.12334445351734757,-0.07260376523481682,-0.1256058675547441,-0.07344541978091002,-0.09113475913181901,-0.0834760641058286,-0.10100045800209045,-0.07053902621070544,-0.04406452116866907,0.10588206971685092,0.04562029459824165,0.046740695678939424,-0.07597855098235111,-0.10959339576462905,0.23256310944755873,0.05512562611450752,0.123140849173069,-0.048044041420022644,0.020661321779092152,0.23120053733388582,0.0366636880983909,0.2516980130846302,0.15317946672439575,0.7507529184222221,0.024152376378575962,-0.0054146188000837965,0.5351258330047131,0.06693871815999348,-0.056315828114748,0.14756185576940575,0.32168240658938885,0.5435066968202591,-0.13297690885762373,0.3168867255250613,0.22002154355868697,-0.09738461673259735,0.7258648657783245,-0.039692156637708344,0.14640067890286446,0.12198851257562637,-0.06945805375774701,0.4179902772108714,-0.11821465566754341,0.1663630356391271,0.12355545784036319,0.8458312762280306,0.3292092392221093,0.1731492467224598,0.07978780815998714,0.12745172111317515,-0.05607634782791138,0.2630580101783077,0.2667010311658184,0.19531243542830148
ERR475591,1,-0.07665748326932469,-0.11084522989888985,-0.11717559738705556,-0.14780442168315253,-0.12153429041306178,-0.13260018515090147,-0.06273807316514042,-0.04731771582737565,-0.05229502527314859,-0.09038282752590021,-0.09132686754067738,-0.07795223894451435,-0.12014424179991086,-0.07781843064973752,-0.10954353213310242,-0.08852225169539452,-0.09202744935949643,-0.1112156892195344,-0.10068159985045592,0.060214598973592125,0.009643697257464131,-0.09976279363036156,-0.14876397450764975,-0.10373221555103858,0.3088346179574728,0.09524071751123604,0.03988588384042183,0.03000732429791242,0.02837569243274629,0.1989403193195661,0.14922686542073885,0.2920744310637626,0.19071229244582355,0.8408441742261251,0.10683316675325234,0.036255585650602974,0.6637131863584121,0.16535372783740362,-0.06100529246032238,0.23551429311434427,0.5102398234109083,0.8163564087202152,-0.1327576165397962,0.4714859401186307,0.4514020246764024,-0.05086411411563555,0.8253297046758235,0.06872828708340724,0.34451208884517354,0.30634639660517377,-0.03642990936835607,0.7645927667617798,-0.0441507063806057,0.3945058584213257,0.460940346121788,1.094693419833978,0.5284323934465647,0.46476070831219357,0.2520921354492505,0.23147091331581274,-0.07462193630635738,0.5065027168020606,0.5800912429889044,0.2806250893821319
ERR475592,1,-0.06851700033682089,-0.08476914030810197,-0.0959986459153394,-0.1344507820904255,-0.1168097344537576,-0.13048557688792548,-0.07158061699010432,-0.10838620297242112,-0.06099082490739723,-0.09823463560678647,-0.06558205389107268,-0.05890218719044545,-0.1076694643124938,-0.08431973921445508,-0.10139781360824902,-0.08275980036705732,-0.1173573409517606,-0.140670258551836,-0.0957610144590338,-0.10083893251915772,0.010378820394786695,-0.12153409173091252,-0.12341751530766487,-0.07958594678590696,0.31135748435432714,0.15792697109282017,-0.00014386295030514398,0.1611127257347107,-0.02715110608066122,0.1623378242366016,0.2682560545702775,0.31935691833496094,0.2626533427586158,0.7994974677761396,0.23585463625689349,0.16934217450519404,0.9828764523069063,0.6177201916774114,0.06597299128770828,0.5055640060454607,1.074742391705513,1.1218771288792293,0.2427674743036429,0.8980622713764509,1.1962022334337234,0.42038869857788086,0.9560579167058071,0.40628277386228245,0.7949707033112645,0.8317788243293762,0.24881569979091486,1.429474761088689,0.30725347623229027,0.8338243837157885,1.2571839089117323,1.8741419001792867,0.9453564385573069,1.1406842010716598,0.799006683131059,0.4531771984572212,0.2829033960200225,0.7925565271095062,1.5874758983651798,1.0311317299492657
ERR475594,1,-0.06932833492404218,-0.1088760361696283,-0.11791372252628207,-0.1066472257177035,-0.07325285719707608,-0.0771934228638808,-0.06142211054248037,-0.00993872651209434,0.013075241899665949,-0.07452618548662333,-0.10484758485108614,-0.07586690585594624,-0.12463336810469627,-0.028390096655736368,-0.04944104794412851,-0.0972149580096205,-0.0476505383849144,0.026626187066237133,-0.03673480575283369,0.122305811693271,0.09834676651128878,0.017349787056446075,-0.023513236703972023,-0.09466365231977154,0.23522837723915777,0.18992673171063265,0.25669998365143937,-0.09044106925527255,0.05815982446074486,0.2604187475517392,-0.05228454992175102,0.28866827317203086,0.14994552731513977,0.8015328720211983,-0.06731100877126057,0.008566682692617178,0.5127963646082208,0.0609947779836754,-0.05877803017695745,0.09073276352137327,0.4197246913487713,0.3939584034184615,-0.11407921525339286,0.17216271410385767,0.11786882455150287,-0.11585997665921847,0.6649258248507977,-0.0842750333249569,0.04752857983112335,0.1351638026535511,-0.10795722405115764,0.42246729632218677,-0.12545501564939818,0.09334081038832664,0.08955314010381699,0.6652859300374985,0.2690296346942584,0.06501086428761482,-0.03277795327206453,-0.02748346949617068,-0.13133477047085762,0.14494635940839848,0.15663362480700016,0.10005335851262014
