,label,dim_0,dim_1,dim_2,dim_3,dim_4,dim_5,dim_6,dim_7,dim_8,dim_9,dim_10,dim_11,dim_12,dim_13,dim_14,dim_15,dim_16,dim_17,dim_18,dim_19,dim_20,dim_21,dim_22,dim_23,dim_24,dim_25,dim_26,dim_27,dim_28,dim_29,dim_30,dim_31,dim_32,dim_33,dim_34,dim_35,dim_36,dim_37,dim_38,dim_39,dim_40,dim_41,dim_42,dim_43,dim_44,dim_45,dim_46,dim_47,dim_48,dim_49,dim_50,dim_51,dim_52,dim_53,dim_54,dim_55,dim_56,dim_57,dim_58,dim_59,dim_60,dim_61,dim_62,dim_63
ERR1368879,1,0.0072077007165976936,-0.06256890363459076,-0.08217133501810688,-0.09891956938164574,-0.05727498898548739,-0.11978998647204467,-0.1036259327083826,-0.0827678359512772,0.0003601384482213429,-0.061864913042102544,-0.08272611003901277,-0.0843922019537006,-0.09113443536417824,-0.10394539710666452,-0.058269626394446404,-0.08452499711087771,-0.011071119723575456,-0.12480668191398893,-0.11295244629893984,0.026846212467976978,-0.03501994162797928,-0.110379908233881,-0.02610322114612375,-0.04432319849729538,0.22657193749078683,0.32589094979422434,-0.056998613490057845,-0.03915228109274592,-0.11152823854769979,0.20081686122076853,0.2350187644894634,0.4679142103663513,1.0339336656033993,0.9909532048872539,0.5820333989603179,1.5510153004101344,0.5791399755648204,1.2178908182041985,0.7948098672287804,1.4150299006806952,0.9847839857850756,1.3635134026408195,0.9664290749600956,1.6686923280358315,0.7251418605446815,1.5612569100755667,0.7444215204034533,1.4953908122011594,1.2230632219995772,1.2577200404235296,1.151739857026509,0.8236377579825265,0.6358554544193404,1.4813058317771979,1.28483761208398,0.7757519739014762,0.5173404147582394,1.1985276958772115,1.1349226534366608,1.1611478073256356,0.8867904235209737,1.2246915357453483,0.9459630522344794,0.928725880969848
ERR1368880,1,-0.05559366462486131,-0.09912314026483468,-0.08644183206238917,-0.10382847843824752,-0.08715323332164969,-0.15532909759453364,-0.0842133121165846,-0.08774724655917712,-0.07593673840165138,-0.1067282222211361,-0.09312017155545098,-0.12277267128229141,-0.11594747033502374,-0.0723755694925785,-0.06685780973306724,-0.12364865626607623,-0.056809364684990475,-0.11605626131807055,-0.14338277014238493,0.0519561767578125,-0.05301627197435924,-0.13455562506403243,0.01967237570456096,-0.030622409922736033,0.12764271668025426,0.2173272892832756,-0.04356958184923444,-0.07986720544951302,-0.1172286399773189,0.22702058191810334,0.1305696623665946,0.2326808539884431,0.6084696320550782,0.611744358071259,0.5126487634011677,0.8716518091303962,0.4738466313907078,0.8106169940105507,0.5645870704736028,0.8037085469279971,0.6783547465290342,0.7739618097298911,0.5368380253868443,0.7954839223197528,0.25883108084755285,1.1152074074904834,0.43275744787284304,0.6654853256685394,0.5367436552520043,0.8752589534435954,0.592513174882957,0.25576912026320187,0.16760550146656378,1.0063321505274092,0.7257388298000608,0.3459021065916334,0.12319055838244301,0.603711340044226,0.48437968854393276,0.5030481075601918,0.27372785923736437,0.5642016221370015,0.4147864729166031,0.23426285811832973
ERR1368881,1,-0.06888381418372903,-0.06871174488748823,-0.11192508041858673,-0.11968850450856346,-0.09417410061827727,-0.12738737251077378,-0.11060723822031703,-0.09500252242599215,-0.059578949718603065,-0.08851525054446288,-0.08440589984612805,-0.1167367377451488,-0.10597457577075277,-0.09092062605278832,-0.07794613863474556,-0.1082205820296492,-0.07644331255661589,-0.12380916359169143,-0.11732942078794752,0.017540030713592256,-0.025052149380956377,-0.11503962986171246,9.238453848021371e-05,-0.02255030774644443,0.15956283786467143,0.06094425703798022,-0.043775022927937765,-0.02914015676027962,-0.10729056224226952,0.27763700591666357,0.3178043370800359,0.5676287556333202,0.959064914711884,0.9578203090599605,0.6611956890140261,1.3919082007237844,0.7630715359534536,0.9485455017004695,0.8886821034372717,1.5151128662484032,0.9602109300238746,1.5062583812645503,1.286769521023546,1.3117491215733545,0.5918901126299586,1.7203922212855625,0.798353740147182,1.5398476767752851,1.1996069358927863,1.022583497422082,0.937956848048738,0.6215724577861172,0.6499627328344754,1.867280295916966,1.5120711816208703,0.9013841875961849,0.4620111398398876,1.2895127049788633,0.9171477492366519,0.9494461119174957,0.9751433932355472,1.193800926208496,0.8498998087431703,1.0578297078609467
ERR1368882,1,-0.027745706162282398,-0.11661183674420629,-0.09322406870446034,-0.11243346027497735,-0.08526892055358205,-0.12973934412002563,-0.11665953107045166,-0.09492644827280726,-0.01734283726130213,-0.08122262145791735,-0.06742216114486967,-0.13676676686320985,-0.145631628377097,-0.10397253930568695,-0.06951345356979541,-0.11640590056777,-0.050773989143116136,-0.14732182451656886,-0.10499063480113234,0.04418202702488218,-0.02013642660209111,-0.13336532988718577,-0.047941931656428745,-0.0008389587913240705,0.12130436939852578,0.204998822084495,-7.91436926062618e-05,-0.11201195418834686,-0.07272297024194684,0.19748297759464808,0.09916404102529798,0.04956853496176856,0.43185307937008993,0.4591032291895577,0.34596703733716694,0.8708876584257398,0.5496992740247931,0.659811118883746,0.45327803918293547,0.7317649221846035,0.6056977680751255,0.6117543117808444,0.4783329463430813,0.6720171421766281,0.22399092093110085,0.8717982608691922,0.2808437134538378,0.5223381689616612,0.42806932968752726,0.7071843722036907,0.5032868161797523,0.32247148720281466,0.14240920224360057,0.6495894363948277,0.35574035679123234,0.34757142540599617,0.050463496042149406,0.33380572710718426,0.39603035897016525,0.5154630573732513,0.11920925096741744,0.33417976434741703,0.314726324485881,0.04140369274786541
ERR1368883,1,-0.10368065935160432,-0.116136477461883,-0.08785495800631386,-0.11735309447560992,-0.03813733320151057,-0.1107448275600161,-0.05046037824026176,0.005141934113843101,0.030039171555212567,0.10251834110489913,-0.11029643725071635,-0.08800441239561353,0.015923185540097102,0.008827586259160723,0.006284414657524654,0.024051082453557422,0.02918945173067706,-0.03530822853956904,-0.009811459907463618,0.01814104723078864,-0.015188415135656084,-0.03167766971247537,0.39617884904146194,0.0912145461354937,0.12582844921520778,0.07306697858231408,0.14206030911632947,-0.005621921271085739,-0.0067661598856960025,0.32570090011826586,0.1878820178764207,0.13484542071819305,0.3487857058644295,0.27743574338299887,0.3564674864922251,0.262288718351296,0.3613814017070191,0.4073618237993547,0.18364662677049637,0.15844269788690976,0.48064714670181274,0.35517615505627226,0.32939237143312183,0.09305272570678166,-0.03602706008989896,0.5927470854616591,0.15864212737817848,0.12278225272893906,0.015346242380993707,0.5096416249871254,0.04030101679797683,-0.0952248711671148,0.01336286642721721,0.6594651703323636,0.1862844316554921,0.012470761047942298,-0.05496823947344508,0.06329231496368136,-0.07882119555558477,0.09555517922022513,-0.08512138814798423,-0.016186409762927463,-0.04959938608642135,-0.05891347849475486
ERR1368884,1,0.000674806535243988,-0.06339009398860591,-0.09578955812113625,-0.1095119049506528,-0.07393342921776432,-0.11584707362843412,-0.11072238853999547,-0.08920066457773958,-0.020552169664629867,-0.062405559101275036,-0.08985185689691987,-0.09808588999190501,-0.09187097009271383,-0.11699800512620381,-0.07283583097159863,-0.09448717228536095,-0.03924683641110148,-0.1296962776354381,-0.09598366460496825,-0.024283049095954214,-0.007537441594260079,-0.09855555423668452,-0.04450177560959544,-0.045247448342187066,0.28571390733122826,0.17262706586292811,-0.05307987152731845,-0.02511570556089282,-0.11586964875459671,0.21438708901405334,0.28521207853087355,0.5704404913953373,1.0380784358297075,1.011727440570082,0.6433950498966234,1.6556826020990099,0.7122965870159013,1.239346973065819,0.997117739702974,1.606141478621534,1.040826263172286,1.6663118909512247,1.316556437340166,1.6712318332200604,0.6791164715375219,1.7276452155118542,0.8984285444021225,1.8291151941354786,1.3490652468587672,1.1882201497043883,1.1932253864194666,0.8579801054937499,0.7599083972828728,1.8793187631028039,1.5501012269939696,0.861988440155983,0.5625427721866539,1.4272625100399767,1.3507362029382162,1.3530244146074568,1.089842519589833,1.418776246053832,1.0762719783399786,1.4129789625959737
ERR1368885,1,-0.03540604641394956,-0.07119789506707873,-0.09774794935115746,-0.10620265986238207,-0.07375685019152504,-0.1273566409945488,-0.11708177572914533,-0.10193750581571034,-0.005480875128081867,-0.07035610665168081,-0.0860971813755376,-0.11354633420705795,-0.10576868961964335,-0.13228431876216615,-0.07781505770981312,-0.10747440797942025,-0.03610507704849754,-0.14720803179911204,-0.12734925081687315,0.041150168648787906,-0.004905512290341514,-0.12076936768633979,-0.02392797384943281,-0.03384258544870785,0.19035453402570315,0.18671303881066187,-0.04552524244146688,-0.046366869871105464,-0.12387629811252866,0.2533025975738253,0.144693239991154,0.2930732954825674,0.8570629442110658,0.857691700520393,0.5122606136969158,1.3497626313141413,0.5756359653813499,0.9048356062599591,0.6861950712544578,1.2076891570218973,0.8875334560871124,1.0955493716256959,0.8534963597942676,1.263955573950495,0.5803739460451263,1.398866880552045,0.6050209285957473,1.2110851695428468,0.9877131538731712,0.9944031174693789,0.9352142528763839,0.4654187568064247,0.5876925470573562,1.4242821239999361,1.1935332555856024,0.6647695420043809,0.34467728063464165,0.9944050163030624,0.8691372360501971,0.8120060009615762,0.6093568322913987,1.0162693474973952,0.6279436482914856,0.6445113194308111
ERR1368886,1,0.023252772433417185,-0.05564557348511049,-0.09073937737515994,-0.09963544458150864,-0.06012918706983328,-0.11185288199755762,-0.0908139409231288,-0.07983752526342869,-0.03723226806947163,-0.06366000936499663,-0.08130847263549056,-0.07645247650465795,-0.09492278857422727,-0.09281248386417117,-0.0694864739863468,-0.0894232289865613,-0.016675119121958102,-0.1110851200563567,-0.09641596927706685,0.002399948558637074,-0.02297168624188219,-0.10073522797652654,-0.05851057065384729,-0.02116203121840954,0.21171727004860127,0.2569930558758123,-0.0320700771241848,0.008429426300738539,-0.10775028648121017,0.2213809426341738,0.2826650451336588,0.5525613725185394,1.1176635942288808,1.058290254856859,0.646064966917038,1.6499821926866258,0.7074316010943481,1.2750725405556815,0.8611787887556213,1.566279617271253,1.1851251806531633,1.5406580514141492,1.1847749426960945,1.7517385291201728,0.7277686255318778,1.7194568912964314,0.8985886403492519,1.6309968807867594,1.2424345341111933,1.3201830898012434,1.1822496365223611,0.9870116763881275,0.7316664829850197,1.687711421932493,1.3947730703013284,0.8939767884356635,0.5384932405182293,1.1892039352761847,1.1426279028611523,1.2058834816728319,0.9636304274733577,1.208256269139903,1.0868727330650603,0.91825668407338
ERR1368887,1,-0.10230660731238979,-0.10350096305566174,-0.12215584729399,-0.1181801235569375,-0.11456932287131037,-0.08290141235504832,-0.08350443520716258,-0.019297698778765544,-0.05415968241037002,-0.09758751919226986,-0.11194484228534358,-0.13838247103350504,-0.13225010143859045,-0.06771303872976984,-0.003600889816880226,-0.14422309132558958,-0.06561447892870222,-0.1084211069558348,-0.11473673954606056,0.04461621759193284,0.0008788864527429853,-0.13678997169647897,0.13374194715704238,-0.014210500887462072,0.04779116117528507,0.0041147587554795405,0.1015216378229005,-0.07807138696677741,-0.09718110412359238,0.2557936725871904,0.2893242208021028,0.27369954862764906,0.572938050542559,0.5597806232316154,0.41526916064321995,0.7259686605206558,0.5216511671564409,0.4696038695318358,0.4419241334710802,0.8837339457656656,0.7024663436625685,0.6982557943889073,0.4700003154575825,0.5721967768456254,0.20487352726714952,0.8884484045140978,0.31112872276987347,0.6349552997520992,0.4577964183741382,0.6033890417643956,0.27745329056467327,-0.021271673696381704,0.3912574712719236,1.0258618465491705,0.6926180252007076,0.4305020985858781,0.1793971291876265,0.3325578698090145,0.18649526898350036,0.2855537730668272,0.14445311363254273,0.24819115230015346,0.0885273204850299,0.06152022310665676
ERR1368888,1,-0.07374551060742565,0.13949111476540565,0.3710504738347871,0.17522819925631797,0.2529425801975386,0.08836699037679605,0.28051320862557205,0.6607638640063149,0.3431308926748378,0.17503073385783605,0.051290247057165415,0.2804525803242411,0.3973465772578493,0.3085311693804605,-0.04167003929615021,0.5390260006700244,0.47658393691693035,0.10951162608606475,0.6777667983302048,0.19987268320151738,0.10786264815500804,0.026573322447282926,1.1232209482363291,0.39916933860097614,0.29502623102494646,0.20152409534369195,0.45640131408332046,0.39590117348624126,0.4254238914166178,0.3392599891605122,0.3549638699207987,0.15978032244103296,0.03979789572102683,0.02155036904982158,0.2934542489903314,0.168851409639631,0.3824463284441403,0.046589258526052744,-0.034732435164707046,0.07075272207813603,0.17859040041055,0.09527118025081498,-0.005556337535381317,-0.029285448536809002,-0.07204358386141914,0.0053936346833195,0.0664230388190065,-0.00579689336674554,-0.08630509089146342,0.20154022106102534,-0.12067876011133194,-0.07221213994281632,0.03458344962980066,0.19110673340037465,-0.1005697628217084,-0.0252983852156571,-0.13015014944331987,-0.11861855190779481,-0.00284295848437718,-0.12890392488666944,-0.05380549867238317,-0.07375164330005646,-0.0380686026598726,-0.10428911021777562
ERR1368889,1,-0.09492952702566981,-0.1218962235642331,-0.08607827020542962,-0.10042156039604119,-0.02787550006593977,-0.02913870263312544,-0.011016433260270528,0.21541064658335277,0.10376942869541901,0.09152595326304436,-0.11317649353960794,0.0039752620671476635,0.07706957044345993,0.05436959370438542,0.0002550645066159112,-0.040312892624310086,0.12005760534001249,0.0021053688334567206,0.16367390805057117,0.06557106200073447,0.007194371627909797,-0.13517317069428308,0.45181671742882046,0.1758721438901765,0.11404295904295784,0.05973223224282265,0.2422357613270703,0.09460542111524514,-0.044381194348846166,0.2881817083273615,0.0959688276052475,0.058769887047154565,0.2217906342952379,0.20122833869286946,0.4362732986254351,0.47274651218737873,0.45877971766250475,0.3435053080320358,0.213808645095144,0.43483864090272356,0.4328511373272964,0.45125910214015413,0.22459574469498225,0.25741602427193094,0.10823800102142352,0.6151299119394805,0.2441687679716519,0.32944380758064135,0.17756436552320207,0.44121813774108887,0.09792409784027509,-0.022253444152218953,0.18417265798364366,0.6945007432784353,0.22395524382591248,0.2005554818149124,-0.06796654500067234,0.06594819056668452,0.07694067220602717,0.05118766373821667,-0.03334795417530196,0.02135315111705235,0.02101619009460722,-0.1438231191464833
ERR1368890,1,-0.05851952003182045,-0.08558796559061323,-0.0964228454977274,-0.1008005031783666,-0.08725304901599884,-0.13493024185299873,-0.12408301021371569,-0.08572586466159139,-0.032590986628617556,-0.07732488800372396,-0.0810028123004096,-0.12301754791821752,-0.1140514143875667,-0.13768878046955382,-0.06664050476891654,-0.10724584598626409,-0.043128856524292915,-0.14820509616817748,-0.11544736920456801,0.060918085277080536,-0.04233913975102561,-0.11121326205985886,-0.026662508291857585,-0.03461063866104398,0.1659960416810853,0.12379912393433708,-0.04337614069559744,-0.050877951085567474,-0.10821667579667908,0.26109760999679565,0.3318939959364278,0.4302460535296372,0.9187728254390615,0.758695833917175,0.6527162311332566,1.3149804983820235,0.8055350812418121,0.9288592137662428,0.7658191506883928,1.4588289340691907,0.9502206742763519,1.3490762550915991,1.1370045372417994,1.2549121278737272,0.4976189513025539,1.5931729818694293,0.7146849557757378,1.4730994286281722,0.9918978597436633,0.9956765302257347,0.8609668303813253,0.6579946375318936,0.5685199616210801,1.6230378023215704,1.262456355350358,0.816004937913801,0.3627171122602054,1.2070372056748186,0.9539483918675354,0.877426341176033,0.8112667479685375,1.0280225276947021,0.8152573616909129,0.8935657058443341
ERR1368891,1,0.002974551171064377,-0.07016413605638913,-0.08751459100416728,-0.10918857689414706,-0.055680244761918275,-0.13146052476284759,-0.10123228547828537,-0.08416043887180942,4.256516695022583e-05,-0.06730641218434487,-0.07302999815770558,-0.0917692030114787,-0.08770817185619048,-0.10124274609344346,-0.06243852266509618,-0.07980905020875591,-0.01590441327009882,-0.1300825093473707,-0.11303300011370863,0.051188758707472255,-0.04237748895372663,-0.11462518466370446,-0.0204995120210307,-0.03738208274756159,0.2510208240044968,0.30094384189162937,-0.06157873850315809,-0.03320526411490781,-0.11271214112639427,0.25777953756707056,0.22831111401319504,0.4533107174294336,1.023769162595272,0.9845006955521447,0.5984185220939773,1.5367793100220817,0.6083447035135967,1.0989226124116354,0.690405144223145,1.4357674944081478,0.9894644916057587,1.3724943098745175,1.08683849551848,1.625057419495923,0.6339119310889926,1.625819941982627,0.8458138342414584,1.3669351467064448,1.1608678810298443,1.251246907881328,1.0645799455898148,0.9035155850329569,0.6228385109986577,1.6068993923919541,1.2773478754929133,0.789317109222923,0.43005963348384413,1.18781553581357,1.0799357114093644,1.007449929203306,0.902116463652679,1.232821864741189,1.0009108147184764,1.007929767881121
ERR1368892,1,0.004923495330980846,-0.06908799082572971,-0.1050119756587914,-0.11309737845190934,-0.06894529830398304,-0.12131216194081519,-0.1025796854602439,-0.09433398023247719,-0.019237950909882784,-0.05909871855484588,-0.07643422111868858,-0.0916578836206879,-0.08803958698574986,-0.1170515798564468,-0.05767355569904404,-0.09138345119676419,-0.006827927394104856,-0.12489082611032895,-0.10284567324976836,0.022565594475184168,-0.010013834174190248,-0.10417367251855987,-0.0426007126058851,-0.03852644423022866,0.1739174180797168,0.25142063573002815,-0.028864434055451835,-0.02060075373654919,-0.11279352541480746,0.18695932520287378,0.3018824446148106,0.4388834812811443,1.0186543757362025,0.9136713509048734,0.6260480156966618,1.6810731164046697,0.6887087476040635,1.168687322310039,0.7647804255996432,1.5247443903769766,1.042064749768802,1.4548016783914395,1.1059868553919452,1.6267510588679994,0.6642989670591695,1.647589077507811,0.8609657777207238,1.5953199469617434,1.2125012869281429,1.2463831922837667,1.141965358385018,0.9070051291159221,0.7668425034997719,1.6310290821960993,1.2846722634775298,0.881157540849277,0.5217722938728652,1.1910789161920547,1.2469190976449422,1.1504433836255754,0.9603377367768969,1.2753078490495682,1.0759603242788995,0.945315304079226
ERR1368893,1,-0.014695175790360995,-0.07883887365460396,-0.07943560076611382,-0.10060568852350116,-0.056915627260293276,-0.11929981383894171,-0.10024960285850934,-0.08317006805113383,0.017019771837762425,-0.0623140860615032,-0.08032260036894254,-0.10554844540144716,-0.10739157934273992,-0.11989054057214941,-0.056732522789388895,-0.10275209003261157,-0.02744647501302617,-0.136131723012243,-0.11227663579796042,0.04893738483744008,-0.03381892240473202,-0.10933379083871841,-0.0034284405410289764,-0.02269073309642928,0.22841256723872252,0.23472906010491507,-0.01598166288541896,-0.060787185827004056,-0.1067885591515473,0.274823682648795,0.2837300124977316,0.39008170845253126,0.9514850500438895,0.9052796230784484,0.636718291257109,1.4694535625832421,0.646017296771918,0.9985669010451862,0.7790520936250687,1.3290021323731966,0.9928628099816186,1.27754840547485,0.9663079490086862,1.326769610600812,0.6174413774694715,1.4747125407780655,0.6285990040217128,1.282816278082984,1.0057715731007713,1.1035300024918147,1.00190441097532,0.6306767272097724,0.5799280543412481,1.3869672226054328,1.0943340105669839,0.7786026118057114,0.3865477368235588,0.9777667096682957,0.8754841235599348,0.9602092855743,0.6985531502536365,1.0147449619003706,0.7312016987374851,0.5743408522435597
ERR1368894,1,0.029476217659456388,-0.06730689707079104,-0.11347772127815656,-0.10893491229840688,-0.07560429668852262,-0.11461735942534038,-0.10523357721311706,-0.0960778474275555,-0.040563645672851374,-0.07039570076657194,-0.0934706883771079,-0.09495752943413598,-0.08786349104983467,-0.12453140238566059,-0.07772374997979828,-0.1084704130355801,-0.04785448971337506,-0.1360688464982169,-0.10863739684490221,-0.03217049555054733,-0.021711534687450955,-0.1139109634927341,-0.04514194067035403,-0.012812635994383268,0.16389857339007513,0.2348003387451172,-0.023812088117535626,-0.008571902556078774,-0.11991559980171067,0.24445974294628417,0.2492557657616479,0.4415242522954941,0.9815142426107611,0.923626673940037,0.6627903570021901,1.5741241446563177,0.6717197936294335,1.0641114725066083,0.8649895968181747,1.419843900948763,0.9538324986185346,1.4775469026395254,1.0708546452224255,1.4602798713105065,0.5877659469842911,1.6334414728917181,0.82501049552645,1.5570018514990807,1.1561740961458002,1.2055655419826508,1.0120636433629053,0.683006784745625,0.7130861505866051,1.6863296649285726,1.4195942069802965,0.8229059598275593,0.4498547155942236,1.1298444515892438,1.091097308056695,1.0250539694513594,0.9136075334889548,1.1978781766125135,0.8325653964919704,0.9735880510083267
ERR1368895,1,0.008506130161029952,-0.05994947001870189,-0.10559791486178126,-0.10730810356991631,-0.07075976899691991,-0.11577803348856312,-0.10202070511877537,-0.09042406747383731,-0.016122784465551376,-0.06706253372664962,-0.08287479706840324,-0.09102100732603244,-0.0920993411647422,-0.09699738823941775,-0.06862925817923886,-0.09581227973103523,-0.021488765853324106,-0.11981051894170898,-0.10835158645308443,0.014170885618243898,-0.03982852931533541,-0.1014335613165583,-0.021666380177651132,-0.04497503276382174,0.26476576142678304,0.23089326758469855,-0.04650849323453648,-0.03525550590295877,-0.1148609071969986,0.2219643688627652,0.2926346947705107,0.5060416374887738,1.0351329227643353,1.0043948840882098,0.6727972901550986,1.6197335294314794,0.6938616569553103,1.1287674180098943,0.8964535604630198,1.5382126588374376,1.01595872427736,1.5424339321574994,1.2474906604204858,1.6427386892693383,0.6799780609352248,1.7548756230888622,0.8738523849419185,1.6309039912053518,1.2737416507942336,1.2861692564828056,1.1902520087148463,0.8173173596816403,0.7821053665663514,1.7987245172262192,1.456394257822207,0.875164562038013,0.47805385584277765,1.3355502704424518,1.2012169765574592,1.1900767130511147,1.0202867335506849,1.3121589975697654,0.9924035439533847,1.2258631741361958
ERR1368896,1,0.0006827520472662789,-0.08100947817521435,-0.0954235637826579,-0.10910682167325701,-0.08995084092020988,-0.13585989443319185,-0.13373143651655742,-0.0890384219320757,-0.03382711697901998,-0.08580889739096165,-0.08338708749839238,-0.09318862542776125,-0.11337212419935636,-0.12270909228495189,-0.06919784098863602,-0.11100871328796659,-0.02345451632780688,-0.13326491202626908,-0.11578939622268081,0.03778805676847696,-0.06452673247882298,-0.11044122997139182,-0.06275974959135056,-0.039537517087800164,0.2919223303241389,0.23719775889601027,-0.04362674882369382,-0.047054310994488854,-0.13456188355173385,0.14353772891419275,0.3462672757783106,0.5227200878517968,0.9922013431787491,0.9458678203102734,0.7870852787579808,1.4716056415012904,0.7723552095038551,1.2005607230322701,0.8199264002697808,1.4619110617786646,0.8913881544555936,1.4850599888179983,1.2200470388467823,1.404158558164324,0.5387226587959698,1.6079513673737114,0.845169515482017,1.606459875191961,1.08537033572793,1.1785759457520075,1.0394323851381029,0.7040290142010365,0.5643319437014205,1.6950153250779425,1.4760446889059884,0.7561304845980236,0.40134806405486806,1.3144627580685275,1.1798522653324264,1.0521173370735986,0.9346717691847256,1.3098475911787577,0.9345367185305804,1.355832691703524
ERR1368897,1,-0.10145789890417031,-0.11070206282394272,-0.09788320107119423,-0.11601881150688444,-0.0858319481568677,-0.13493941298552922,-0.10929394453497869,-0.07813783415726253,-0.04022449175161975,-0.11331078037619591,-0.10599893810493606,-0.14813293516635895,-0.1330339057104928,-0.12490125213350568,-0.054332329758575985,-0.14580448823315756,-0.07673269616706031,-0.1395558938384056,-0.16089222473757608,0.06782752807651247,-0.03203660036836352,-0.13218095659145288,0.07093128668410438,-0.022693993789809092,0.10140675093446459,0.10307185351848602,0.006374419799872807,-0.10004212148487568,-0.1315297590834754,0.24091126131159918,0.16887650851692473,0.1807374767959118,0.5406949690410069,0.6109938387359891,0.3605107633130891,0.800696468845542,0.3953203203688775,0.5717627352901867,0.4277544085468565,0.6716907301119396,0.6489664411970547,0.7212201293025698,0.4263876091156687,0.6144480901504201,0.27122961756374153,0.9309214213197785,0.26930476019957234,0.4493167240704809,0.46520138026348185,0.6787114715469735,0.44836248244558063,0.10107486854706492,0.2941163703799248,0.9508852192333767,0.6161861377102988,0.3709727819742901,0.15327755148921693,0.38329943482364925,0.1885246160839285,0.3423273538106254,0.11334051723991122,0.3722688491855349,0.1903958964560713,0.006932600268295833
ERR1368898,1,-0.018836679735354016,-0.05809880367347172,-0.11281524119632584,-0.10931906529835292,-0.079518633362438,-0.11870357487350702,-0.10422830283641815,-0.09161425115806716,-0.03253637067973614,-0.06642534091536488,-0.0861038366066558,-0.09650723582931928,-0.08837652898260526,-0.10336553917399474,-0.0770420133402305,-0.09556666735027518,-0.033104261582983394,-0.12492429092526436,-0.10881449448476944,0.020644859543868473,-0.036453585007361004,-0.10869444028607436,-0.036834049437727244,-0.02955939940043858,0.20744839629956655,0.22650837153196335,-0.04312382385666881,-0.011435271573386021,-0.11434291941779,0.26628124926771435,0.3135279214807919,0.5185866185597011,1.0525286075259959,0.9839228192078215,0.6783230961965663,1.6069877999169486,0.6957063717501504,1.095460043022675,0.849349854780095,1.569815921996321,1.0652106468166624,1.5706297127263886,1.1940101185547454,1.60163633951119,0.6890654265880585,1.7638722896309835,0.9045193748814719,1.6248234723295485,1.2733489573001862,1.300025795187269,1.1084693207272462,0.8125851899385452,0.7846275715689573,1.9204702036721366,1.5304861505116736,0.91863614320755,0.474747304538531,1.3582726488155978,1.204642880175795,1.154992835862296,1.0929548421076365,1.376040626849447,1.0774695160133498,1.2365648331386703
ERR1368899,1,0.004678697724427495,-0.09945348517170974,-0.1058737404112305,-0.11607825064233371,-0.07278705241956882,-0.1252117178269795,-0.11826613917946815,-0.10183915389435631,-0.009712378627487592,-0.07435673528483935,-0.06546493885772568,-0.1040147500378745,-0.10758115244763237,-0.13185916734593256,-0.06327314874423402,-0.09038413741758891,-0.059199205200587,-0.14589334705046245,-0.09733892388508789,0.0329453820096595,-0.04685821171317782,-0.11652858236006328,-0.05986424322639193,-0.013568704681737083,0.12544173108679907,0.25704674795269966,0.0010991635333214486,-0.04866081130291734,-0.13188347113983973,0.15303585997649602,0.24672830690230643,0.2676311337522098,0.7836860422311085,0.7979132761912686,0.6200461302484784,1.40718612074852,0.6246345085757119,0.9840038320315736,0.6701526844075748,1.2431130723229475,0.8617586504135814,1.1710572711059026,0.8748343629496438,1.2093504071235657,0.540013864370329,1.3354136846693498,0.6233268252440861,1.1789242795535497,1.0145370380154677,1.214557524238314,0.9230656943150929,0.6198694181761571,0.5900233547602382,1.3787899719817298,1.0868498810700007,0.7491968029311725,0.3963349795501147,1.035868473883186,0.9203534613230399,0.9777116477489471,0.6544594433424729,1.0630909550402845,0.7082411503153188,0.6285600470645087
ERR1368900,1,0.03131157798426492,-0.051758000028452704,-0.12865642777511052,-0.1024459893149989,-0.08802252449095249,-0.10655873408541083,-0.12234903233391899,-0.09795084409415722,-0.07732397876679897,-0.06228564732841083,-0.09785315953195095,-0.09328865525977952,-0.085207723214158,-0.10717248969844409,-0.09461665818733829,-0.09066938223051173,-0.028108965139836073,-0.07941466037716184,-0.06184491265698203,-0.06810963034097638,0.0005559644528797694,-0.08816719028566565,-0.06907923519611359,-0.06189748378736632,0.2499238226030554,0.17513112617390497,-0.08356143730426473,0.008771025276343738,-0.11679850359048162,0.2162212644304548,0.2221704918359007,0.6585211582881,1.1102592210684503,1.0476477539965086,0.6144707341279302,1.7086752142224992,0.7908224229301725,1.5102294268352645,1.0437058210372925,1.727602825367025,1.090502573975495,1.7745357986007417,1.5357822254300117,2.0478651842900684,0.7415425883872169,2.0748442911676,1.2000693253108434,2.248268118926457,1.5775818771549635,1.3412944312606538,1.419339154447828,1.1201712233679635,0.8995620299662862,2.198091813496181,1.7710685176508767,1.0321382720555579,0.8428487948008946,1.925976316843714,1.8180449647562844,1.5535553970507212,1.6068506890109606,1.6809043961444072,1.6065765480910028,2.093466818332672
ERR1368901,1,-0.04870036164564746,-0.09649537290845599,-0.09207807747381073,-0.10749706386455468,-0.06598649985556092,-0.11904434354177543,-0.10258994251489639,-0.0879015385040215,-0.0014857383710997446,-0.0679708586207458,-0.06516062282025814,-0.11564246086137635,-0.11474656260439328,-0.12818684854677745,-0.04245454112866095,-0.1091606074145862,-0.035613534705979485,-0.14258005576474325,-0.12105836147176367,0.061120817703860145,-0.022807079766477858,-0.12330642236130578,-0.005767442286014557,-0.02187690298472132,0.13257799936192377,0.20033824337380274,0.01695000460105283,-0.07335335282342774,-0.12434453730072294,0.20349928098065512,0.2544975584106786,0.2564604548471315,0.7568401983007789,0.7828156815043518,0.5930789368493217,1.3141398983342307,0.5543800045603088,0.8616463935800961,0.6099236756563187,1.2125695848039217,0.8374067034040179,1.0717072457607304,0.7514356044786317,1.1090335601142474,0.48782528444592443,1.2397289358611618,0.5440560935863427,0.9724222719669342,0.8845110317426068,0.9426071728978839,0.8264640367456845,0.49289754312485456,0.5384030459182603,1.1949166570390974,0.9461862870625087,0.735301229304501,0.2582888414285013,0.7646432037332228,0.6448208285229546,0.7430080233940056,0.49905187849487576,0.8218109341604369,0.5816598694239344,0.18400235514023475
ERR1368902,1,-0.08181662445089646,-0.1168093468461718,-0.10486820712685585,-0.12208945463810648,-0.08457906650645393,-0.10289263565625463,-0.10440280980297498,-0.07728335687092372,-0.04646549267428262,-0.08949139049010617,-0.09748719419751849,-0.14599752213273728,-0.13498904875346593,-0.1337551815169198,-0.04981520465974297,-0.14184381067752838,-0.05397492514124939,-0.14089432997362955,-0.12536905519664288,0.03213571224893842,0.004391971443380628,-0.1490995798792158,0.015475153923034668,0.0040750716413770404,0.05327064118215016,0.09721008368900844,0.033755483105778694,-0.08786010901842799,-0.09633036070902433,0.2268424310854503,0.17744905608040945,0.1414365049983774,0.5213212839194706,0.5828878687960761,0.4867258125117847,0.9947023657815797,0.5870369312968771,0.5663854054042271,0.5067239616598401,0.869342643235411,0.6980355903506279,0.8029440130506244,0.5248279560889516,0.6903694900018829,0.2789002369557108,0.9582878331753558,0.3756654863911016,0.6288476992797639,0.5497448731745992,0.6537146738597325,0.4754136582570417,0.16440452741725103,0.31608044835073607,0.8468333461454937,0.6023850994450706,0.4964627282960074,0.08245941624045372,0.4556169148002352,0.23805554743324006,0.5411591418087482,0.11092016420194081,0.25418547966650556,0.20087692993027823,-0.04479372075625828
ERR1368903,1,-0.08566312012927872,-0.08645203656383924,-0.07275079456823212,-0.14823386605296815,0.04100562632083893,-0.0661229310291154,-0.04597741739624845,0.008332843227045876,-0.015312488224091274,-0.09971649412597929,-0.11281220681433167,-0.08709980547428131,-0.021829762629100254,-0.06951190903782845,-0.06627457695347923,0.022051777158464705,0.004127781172948224,-0.06859247173581805,0.03827649195279394,0.07595372732196536,0.021827673007334982,-0.13267720703567779,0.28618938262973515,0.10226526856422424,0.01790934588227953,0.09296076904450144,0.08897692141389209,0.002468786468463285,0.03848502184596977,0.26564688767705646,0.11354452797344752,0.055172281368868425,0.26523344019161804,0.23246760666370392,0.4066010628427778,0.5036910293357713,0.451047067131315,0.3502615174012525,0.14993440679141454,0.36240264773368835,0.4021069354244641,0.32116819492408205,0.14738125779799052,0.26097744490419117,0.03518464895231383,0.4299267414691193,0.21738130918570928,0.20767733401485852,0.1478726187986987,0.4104616546205112,0.09709168890757221,-0.031446206250361035,0.10421305681977953,0.45665651985577177,0.07392493134830147,0.14650773363454,-0.08323744072445802,-0.025238188515816416,0.022358346996562823,0.031187364033290317,-0.06626392209104129,-0.021313998316015517,-0.010980567229645593,-0.13537202456167766
ERR1368904,1,-0.07586604809122426,-0.1081081179103681,-0.1148231497832707,-0.105424736227308,-0.09372760355472565,-0.09994824017797198,-0.09586356260946818,-0.05772689091307776,-0.049469448892133575,-0.10275440742926938,-0.09861009780849729,-0.13911189564636775,-0.12530751739229476,-0.10685570325170245,-0.056630008454833715,-0.15403911471366882,-0.06126815027424267,-0.11869890828217779,-0.12193223301853452,0.019772934594324658,0.008237303367682866,-0.14586491723145759,0.08176530471869878,0.015628421945231303,0.07002599883292403,0.06896050700119563,0.03944813726203782,-0.0755274665674993,-0.12287463141339165,0.24930237659386226,0.14423497446945735,0.12073679587670735,0.4917007301534925,0.4789353311061859,0.3991291086588587,0.7483903105769839,0.5058119927666017,0.5785167408840997,0.43371930931295666,0.6517304820673806,0.6665900908410549,0.698388858033078,0.45507300964423586,0.5389532569263663,0.20642425332750594,0.931813201933567,0.3057562783360481,0.5456727189011872,0.3572928978662406,0.6094797764505658,0.4020672504390989,0.052046043266143115,0.28114709683826994,0.8855419669832502,0.5457244643143245,0.33488137487854275,0.07344503487859454,0.2826552763581276,0.2456819967233709,0.3140322262687342,0.07032140823347229,0.20904060932142393,0.1887685720409666,-0.06263607633965355
ERR1368905,1,-0.08967772791428226,-0.09791715762444905,0.004454241267272404,-0.07744602832411017,0.01836646454674857,-0.0722319765814713,-0.06945000050057258,0.036992168320076804,0.04181105084717274,0.02433419759784426,-0.09316301718354225,-0.07633691387517112,-0.016710226024900163,-0.009148564455764634,-0.022199659175904735,0.07459892917956625,0.050929845443793705,-0.046098964022738595,0.06969631143978663,0.09312327738319125,0.022548885217734745,-0.07011533209255763,0.46363238032375065,0.09056476716484342,0.10161886364221573,0.08516076872391361,0.17650034291935818,0.017665437289646695,0.08719497001064676,0.26355619568909916,0.2709325903228351,0.14336528396233916,0.2424048368952104,0.22219151364905493,0.2949953640678099,0.2556410950741598,0.41879740490445067,0.2688461095094681,0.12077961276684489,0.267332207943712,0.4031751272933824,0.37115407043269705,0.20945002298269952,0.06378472170659474,-0.0747921806094902,0.3681619407476059,0.08224420994520187,0.09395646274788305,0.035738403243677955,0.37543373368680477,-0.04441707395017147,-0.11841931842666652,0.03397479387266295,0.5579934971673148,0.07345023405339036,0.015525389462709427,-0.059241830970027616,0.01230325922369957,-0.050382011969174655,0.06258279191596168,-0.10607456149799484,-0.056344530412128994,-0.08294566507850375,-0.09658724016376904
ERR1368906,1,-0.07690659378256116,-0.12004761663930756,-0.09692220283406121,-0.11690660566091537,-0.07380372924464089,-0.11643824779561587,-0.11550247043903385,-0.08308541827968188,-0.021766011736222675,-0.08489568850823812,-0.08374283675636564,-0.14835119140999659,-0.14249965335641587,-0.14094957283564977,-0.058315569800989966,-0.12620471737214498,-0.044949738042695184,-0.1419376145516123,-0.12605577121887887,0.06308640858956746,-0.021955065429210663,-0.14134589582681656,0.013476895434515817,-0.015542281525475639,0.08406698943248817,0.12593866565397807,0.014126087405851908,-0.10476615439568247,-0.11769327787416321,0.20224287254469736,0.17427905648946762,0.07683769826378141,0.5299263373017311,0.5409345850348473,0.4166848051494786,0.9686514948095594,0.5286841014666217,0.5684887383665357,0.4272154825074332,0.8373966972742762,0.7085632362536022,0.6819512104349477,0.4974195158907345,0.731515109539032,0.314633133155959,0.9292089209359672,0.30080158157008036,0.5943140179983207,0.5184305171881404,0.7090184374579361,0.4876247365027666,0.24176424741744995,0.3162923545709678,0.868822632091386,0.5752722876412528,0.5061599130609206,0.13629935808213695,0.470378431890692,0.3483280198914664,0.5051127666873592,0.1696028017571994,0.4103751906326839,0.24837773240038327,-0.01721723936498165
ERR1368907,1,-0.03816312937332051,-0.0597255855266537,-0.09138944293538641,-0.12104705135737147,-0.06657369674316474,-0.1158929853034871,-0.11215742860388543,-0.10716448245303971,-0.0758949309986617,-0.07707535435578652,-0.09685124829411507,-0.11678866536489554,-0.09107207014624562,-0.12028743832239083,-0.10052195424214005,-0.11486262947853122,-0.06818953838332423,-0.12187319302133151,-0.09794205337363694,-0.007537818114672389,0.005696638886417661,-0.12570377439260483,-0.029928387425440763,-0.04537273983338049,0.11971756549818176,0.08639601990580559,-0.05570010426786861,-0.021759560364963754,-0.12413386361939567,0.23551913031509944,0.26490246398108347,0.5129208460982356,0.9290906305291823,0.831983112863132,0.6652426591941288,1.395107695034572,0.6916438931865352,1.0889737563473838,0.766755998134613,1.4322132899292879,0.9813476630619594,1.487832282270704,1.1001986345010144,1.3003646321594715,0.6353525764175824,1.5841230733785778,0.8277904423219817,1.6264013520308904,1.111187911459378,1.210181767919234,0.9589132283415113,0.5814826754587037,0.7276698829872268,1.87651198889528,1.472860770566123,0.7829919936401504,0.5314113864608642,1.2983254566788673,1.0838617917948536,1.062212735414505,0.8730324485472271,1.2406789596591676,0.7329590427024024,1.0833991201860564
ERR1368908,1,-0.06725820885705096,-0.11074029601046018,-0.09577589801379613,-0.12173931965870517,-0.0796429802264486,-0.13422682562044688,-0.11935736664703914,-0.07529012699212347,-0.044796292537025044,-0.09746228424566132,-0.08392360487154552,-0.13041113317012787,-0.12036459360803876,-0.1319650076329708,-0.022736570132630213,-0.12764743715524673,-0.034870629864079614,-0.1503122172185353,-0.11168445593544415,-0.009618563311440604,-0.02896750718355179,-0.13547556421586446,-0.004452648971761976,0.004372353000300271,0.12003853384937559,0.15902263351849147,-0.0053516291081905365,-0.060020016240222115,-0.11316581283296857,0.18715863355568477,0.27530262619256973,0.25749373861721586,0.7006837592593261,0.7377173506787845,0.6010977306536266,1.1636335658175605,0.6031720020941326,0.7477731332182884,0.5877953326063496,1.0448361954518728,0.8150061326367515,0.9690295372690473,0.7555373502629144,0.9369106835552624,0.42303118242749144,1.2490678073118033,0.5652080923318863,0.9007751667605979,0.6642135014491422,0.9264840717826571,0.6570685229131153,0.4052661029355867,0.39779052909995827,1.2049199364015035,0.9146837932722909,0.6941316149064473,0.28778054245880674,0.7004642156617982,0.6075325523103986,0.6701610311865807,0.49858828048620907,0.6865806771176202,0.5108215872730527,0.22608460592372076
ERR1368909,1,-0.09084797424397298,-0.13278445548244885,-0.13483658645834243,-0.13043586962989398,-0.12053515868527549,-0.05279422065775309,-0.07882735745183059,0.05689960079533713,0.0071451568177768165,-0.06095751774098192,-0.12726103301559175,-0.07306635699101857,-0.004664699946131025,-0.013578229716845922,-0.0029741709253617694,-0.1349730704511915,0.04315238658870969,-0.06996417364903859,-0.015761270320841243,0.15637055784463882,-0.024566942027636936,-0.04392754286527634,0.2903189669762339,0.06553255660193306,0.03990048808710916,0.0032778571226767133,0.17801625707319804,0.07424624769815377,-0.06144012085029057,0.2500073313713074,0.23908239283732005,0.06858600968761104,0.25227323919534683,0.3206297201769693,0.30537164823285173,0.47258425823279787,0.30154740650738987,0.16368641704320908,0.22637404395001276,0.333916325122118,0.40015584735998083,0.40096020485673634,0.17369271974478448,0.18612226684178626,0.03852423706224987,0.4539090957093452,0.12069541322333473,0.10561689734458923,0.1662498007395438,0.35390822695834295,0.02675020194146782,-0.09190388941871268,0.171450478423919,0.5954662266054324,0.1746776391352926,0.21703000685998372,0.046389768698385785,0.05415493356330054,0.017211192952735082,0.11288192708577428,-0.04345936088689736,-0.010747016540595464,-0.11573785543441772,-0.09837727567979268
ERR1368910,1,-0.0006365060274090086,-0.06508158812565464,-0.08603807778230735,-0.09353567367153508,-0.05261665476219995,-0.11729807742605251,-0.0718385601150138,-0.07893165932702166,-0.048205274739302695,-0.05888988706283271,-0.08730508154258132,-0.09268703950302941,-0.09631031804851123,-0.10637612002236503,-0.059185419497745376,-0.09667798557451793,-0.010563533487064498,-0.12878421694040298,-0.08868994217898164,-0.021914671840412275,0.014182783397180694,-0.10850553959608078,-0.03307337047798293,-0.013324833558207112,0.1385012354169573,0.2302491185920579,-0.013421023929757732,0.00216900570584195,-0.09716396752212729,0.22965092957019806,0.2762228458055428,0.4861236262534346,1.0380486260567392,1.0004508580480302,0.5721343074526105,1.5764243113143104,0.664955769266401,1.2316682200346674,0.843335986004344,1.4199186813618456,1.147068785769599,1.3252318488167865,1.0025693497487478,1.5449176760656493,0.5870811412377017,1.5137699867399144,0.6459159435970443,1.32610122859478,1.00887031853199,1.1656178086996078,1.039138947214399,0.8473655389887946,0.6788625733793846,1.3400005219238145,1.0755264088511467,0.791765455688749,0.43933733233383726,0.8119740512754235,0.7970309253515941,1.117122226527759,0.6202113074915749,0.8355438983333963,0.7562300956674984,0.4783906489610672
ERR1368911,1,-0.05860996798479131,-0.07236091473272868,-0.11298447528055736,-0.10941385903528758,-0.08276556605207068,-0.1150924020579883,-0.08861739547657115,-0.08266240784100123,-0.055680706298777034,-0.08636860469622272,-0.08833899219254297,-0.12278336446200099,-0.11058854897107397,-0.12370603371943746,-0.07354726163404328,-0.1359946003981999,-0.07085399356271539,-0.12574836292437144,-0.12828836430396354,0.010635867448789733,0.029085119920117513,-0.13231355909790313,0.02344784140586853,-0.007743961576904569,0.09276954084634781,0.11606123937027794,-0.0038763578049838543,-0.05968771369329521,-0.13166649799261773,0.2744263517005103,0.1467394975147077,0.23261915466615132,0.6572548651269504,0.6591106504201889,0.4531269999487059,1.0110795944929123,0.5329327950353867,0.8228666973965508,0.6331858273063388,0.9162435100546905,0.815825594323022,0.9546808781368392,0.643815580555903,0.8631441764134381,0.33196945395320654,1.2099494166406137,0.45705905130931307,0.8784999073083911,0.6598748798881259,0.8280265123716423,0.665277436375618,0.17460140639117785,0.47937848578606335,1.2225350098950523,0.824135351393904,0.49170913121529986,0.15665327225412642,0.5184989129858357,0.4625621863773891,0.5108846060133406,0.23761041089892387,0.5188941082784108,0.36894760387284414,0.15040278700845583
ERR1368912,1,-0.09598796561892543,-0.11310873393501554,-0.0961172181580748,-0.1041578719658511,-0.07835165224969387,-0.07690549695066043,-0.08149263848151479,-0.022427921848637716,-0.019272348710468838,-0.09760015936834472,-0.08520290495029517,-0.13860481445278441,-0.13191816902586392,-0.09683534556201526,-0.01954284410125443,-0.14307665186268942,-0.045528557683740346,-0.11665903776884079,-0.13174975397331373,0.08805087155529431,-0.0009370935814721244,-0.13772430244301045,0.13841954419123276,0.026692398956843784,0.05188025427716119,0.06775772411908422,0.08189512363501958,-0.09082609681146485,-0.08938913579498019,0.256468911256109,0.19430453649588994,0.10311205365828105,0.4473518452474049,0.4802329955356462,0.4074555081980569,0.751042661124042,0.4992973499798349,0.5598124824464321,0.4445290118455887,0.6642555466720036,0.6957094850284713,0.5782000218917217,0.35958603609885487,0.5171508500352502,0.25293161786560503,0.7731287076936236,0.15487173199653625,0.3868713080883026,0.4151022741571069,0.5463224931487015,0.37677286884614397,0.12973846601588385,0.2670672131436212,0.7368235077176776,0.3436521531215736,0.3713268595082419,0.032836542797407935,0.11761833408049174,0.050492652758423774,0.30949426335947855,-0.040961573765214,0.10168608065162386,0.07366468863827842,-0.11551968194544315
ERR1368913,1,-0.06429105624556541,-0.07452981493302754,-0.10333911808473724,-0.10435603585626398,-0.08318462542125157,-0.1261395961046219,-0.10532228169696671,-0.07715520369155067,-0.05387734568544796,-0.08416682029409069,-0.10102045855351857,-0.11970311829021998,-0.1105663813650608,-0.11774583160877228,-0.06767370471996921,-0.12338841280766896,-0.046998585175190656,-0.14054935851267406,-0.1275157667696476,0.03206904711467879,-0.020780535148722783,-0.12308615073561668,0.007807515561580658,-0.025083523243665695,0.12678278383931943,0.07697008337293353,-0.013534987212291785,-0.06431180877344948,-0.1220075860619545,0.24766449417386735,0.28808238144431797,0.3849556411483458,0.8767348767391273,0.8006482326558658,0.5874836210693631,1.1847793545041765,0.7122590148023197,0.8504659235477448,0.7636176544640746,1.2363085310373987,0.8680693714746407,1.2700657482658113,0.9439853498978275,1.0288957386676754,0.4250377821070807,1.4552612726443581,0.5834487618080207,1.2068530730903149,0.878432030656508,0.9386629962495395,0.724987373820373,0.3189246196831976,0.5596675187615412,1.5319210306874342,1.1744426488876343,0.6629586709397179,0.23931294786078589,0.9617632494441101,0.6152142024199877,0.7513147773487228,0.4680242940251316,0.7359553171055657,0.5027143127684083,0.5258797398502273
ERR1368914,1,-0.05938483215868473,-0.07692748680710793,-0.109898356454713,-0.1135533292378698,-0.08751781630728926,-0.12402901958142008,-0.10147539765707084,-0.09290155874831336,-0.03396084385790995,-0.08975387870201043,-0.10386109564985548,-0.11888718072857175,-0.11265163442918233,-0.11774080565997533,-0.06311691552400589,-0.12012501380273274,-0.05108454903321607,-0.13459169651780808,-0.12720677629113197,0.04862952285579273,-0.019333720739398683,-0.12853464909962245,0.020889613245214735,-0.013125610138688768,0.135652119426855,0.14854508957692555,-0.023909025160329684,-0.06810037938079663,-0.13041543428386962,0.23847503321511404,0.2543521283992699,0.33105284960142206,0.8230620037232127,0.7576400392821857,0.5893743304269654,1.1499831910644258,0.5981781333684921,0.8483889826706478,0.6616289905671563,1.1745543868413992,0.8821741065808705,1.16139184151377,0.8398045620747975,1.0836925873798984,0.5067260126982417,1.4033720949332096,0.6032283284834453,1.095477637967893,0.8587663184319224,1.0166111066937447,0.7523121716720718,0.3291441737008946,0.5619964729994535,1.4810876718589239,1.1265130911488086,0.6379834381597382,0.2973471741591181,0.890189236828259,0.7007554828056267,0.7058553355080741,0.5440520335521016,0.8109290706259864,0.5432696140238217,0.4459210825817926
ERR1368915,1,-0.10238941359732832,-0.11876269270266805,-0.14363984550748551,-0.15040036610194615,-0.11272869165986776,-0.08739205822348595,-0.07739671798689025,-0.04382356665363269,-0.02454608685470053,-0.06017195965562548,-0.11278099034513746,-0.1342731203351702,-0.07730259027864252,-0.08252799935040198,-0.046833258388297896,-0.151324668100902,-0.04474163906914847,-0.08790255284735135,-0.06742289928453309,0.04573082657796996,-0.015420509768383843,-0.1502735231603895,0.1719919483044318,0.015076604538730212,0.0036042077200753348,0.0018950312265327998,0.09977459109255246,-0.022873356140085628,-0.0774393060377666,0.2533768649612154,0.24810184964111873,0.06760548427700996,0.44609778055122923,0.40889522220407215,0.36940793533410343,0.7144298840846334,0.5218196633671012,0.323455599801881,0.31707508862018585,0.6832499865974698,0.5368123143728424,0.5271444406493434,0.354354238470218,0.486349399334618,0.15923890338412353,0.7646344393225653,0.29467463386910303,0.47365120691912516,0.3784187324345112,0.464552352471011,0.20692059131605284,-0.0005692477737154279,0.32109049228685244,0.7666775972715446,0.36733749508857727,0.45649493938045843,0.06474300620279141,0.19011504415954864,0.1758298889866897,0.1905337447034461,0.04952167985694749,0.09265305527618953,0.07584899238177709,-0.10048191848077945
ERR1368916,1,0.06142555017556463,-0.05189163184591702,-0.11640737737928118,-0.10561613738536835,-0.0855156063501324,-0.09427270200103521,-0.12514928515468324,-0.08261935492711407,-0.02031407837889024,-0.06541807044829641,-0.0959508546761104,-0.08998932290290083,-0.09196708970037955,-0.07181746140122414,-0.08254238863342575,-0.09994645469955035,-0.015698765005384172,-0.10000660190624851,-0.09732331550081394,-0.04241667262145451,-0.02380826324224472,-0.09717746305146388,-0.06189838371106556,-0.03955128735729626,0.3319165344749178,0.24264069646596909,-0.07688308277699564,0.00650897016748786,-0.10393101136599268,0.2917466749038015,0.2522234230169228,0.6395161173173359,1.172158379639898,1.0986228989703315,0.6578325693096433,1.7521337526185172,0.9252108463219234,1.3424921759537287,1.1050735062786512,1.6798516243829258,1.0621898163642203,1.7186356804200582,1.5587475353053637,2.00827385698046,0.7543140106967517,2.053283197073532,1.088568851285215,2.155762506382806,1.6507945890937532,1.4610222109726496,1.3369464102600301,1.0253588131495885,0.8559313373906272,2.2283493535859242,1.717700211065156,1.0242997583534037,0.6817136300461633,1.8047440552285738,1.6317703127861023,1.5378249841076987,1.4480256204094206,1.578363181224891,1.4391381399972099,2.0080523512193134
ERR1368917,1,-0.05594009626656771,-0.08220528119376727,-0.08105611295572349,-0.10248011257499456,-0.06342973613313266,-0.12511117516883782,-0.08460891140358788,-0.08332430385053158,-0.014292777915086066,-0.06748433890087265,-0.08762109838426113,-0.10753969262753214,-0.11139763199857303,-0.12449983933142253,-0.047228915367408524,-0.10785475107175964,-0.02806315092103822,-0.14001274853944778,-0.1270828710070678,0.07451850069420678,-0.023214125207492282,-0.12709259135382517,0.009040620177984238,-0.01923686851348196,0.16492321821195738,0.20873760964189256,-0.0015022139996290207,-0.05451321082987955,-0.11700793675013951,0.2382180094718933,0.1613641711883247,0.27649970445781946,0.804488778313888,0.8075884016496795,0.4896494224667549,1.1703628642218453,0.5249415428178119,0.8989435515499541,0.6147670937435967,1.1282417002533163,0.9288522132805416,1.1037603967956133,0.7197449601122311,1.1677567873682295,0.49437286678169456,1.2966164353835796,0.5301643013954163,0.9215003898633378,0.8324849392686572,0.9367916115692684,0.7478974504130227,0.42552371163453373,0.514633198933942,1.1379224168402808,0.9898031439099994,0.5914293527603149,0.21493944419281824,0.7154705694743565,0.4807490568075861,0.7422127734337535,0.39572538541896,0.6966628496135984,0.5164505794112172,0.18673636125666754
ERR1368918,1,0.0814764057951314,-0.05640297808817455,-0.09422971361449786,-0.09681492139186178,-0.06038296561954277,-0.10964242232564304,-0.09193730141435351,-0.08101136982440948,-0.039674054232559035,-0.06201325955667666,-0.08408406844163048,-0.07446292268910579,-0.09427391152296748,-0.09596528325762067,-0.06019244542611497,-0.07727528030851058,-0.001042521558701992,-0.10459153034857341,-0.09470247530511447,-0.03515843089137759,-0.024443866685032845,-0.09903509489127568,-0.07821063045412302,-0.042526786880833764,0.22773094182567938,0.361599470355681,-0.03278533623753382,0.019353064242750406,-0.10256750296269145,0.20507491486413137,0.2302459715200322,0.5066714095217841,1.107244317552873,1.0641319560153144,0.6670846768787929,1.818828672170639,0.6475485446197646,1.3584522945540292,0.868180122758661,1.545468304572361,1.0796861222812109,1.5741368915353502,1.0977901475770133,1.8516523710318975,0.735970097460917,1.6525963421777956,0.9283467786652702,1.727396928838321,1.346283234655857,1.4193904825619288,1.3099878950576698,1.0076114535331726,0.771848775446415,1.6258358976670675,1.4275545073407037,0.9150887791599546,0.6107478732509273,1.3008369196738516,1.347908126456397,1.3742686339787074,1.0328790141003472,1.371239045900958,1.0710085199347563,1.2306520151240485
ERR1368919,1,-0.0692283593650375,-0.09974296257964202,-0.0870315461818661,-0.10038360727152654,-0.08394728414714336,-0.1500229835510254,-0.09481016506573983,-0.09212688356637955,-0.01590867925967489,-0.1038910826402051,-0.09455821769578117,-0.13344982585736684,-0.1272992811032704,-0.09848693971123014,-0.06526757999589401,-0.0987643940108163,-0.06051544685448919,-0.11720248364976474,-0.15446564555168152,0.06109237990209034,-0.0443743850503649,-0.1259980269741001,0.029136529990604947,-0.029983409813472202,0.13116102599139726,0.22165151060159718,0.020647152526570216,-0.0896823810679572,-0.08508270433438676,0.16396108589002065,0.04110335824745042,0.0790833170924868,0.38750805645915015,0.4246671029499599,0.2975640139941658,0.5293371783835548,0.35099795726793154,0.602853333976652,0.3435015987072672,0.5175614676305226,0.4206674503428595,0.4807798112077372,0.2850517396415983,0.4469447263649532,0.13528939868722642,0.7054047023744455,0.19970397278666496,0.19589709091399396,0.31965980199830873,0.6463646949934108,0.3370113721383469,0.0882096349128655,-0.030121263648782457,0.6517083527786391,0.38835705178124563,0.058589983864554336,-0.048109959810972214,0.322311880333083,0.15972871971981867,0.31679495971184224,0.0696719888863819,0.2853610584778445,0.19834993407130241,0.011869760496275765
ERR1368920,1,-0.04423935392073223,-0.12300304057342666,-0.0907458064279386,-0.1183700602767723,-0.07585760977651392,-0.13947336162839616,-0.10146565096718925,-0.08895887647356306,-0.05380870934043612,-0.10226464803729739,-0.09339832088776998,-0.1481215762240546,-0.14753343058483942,-0.13580316943781717,-0.05787285843065807,-0.14385698097092764,-0.05466796989951815,-0.15041881586824143,-0.13075162789651326,0.008689904851572854,-0.012244955769607,-0.10076125604765755,-0.02116783389023372,-0.0023620756609099253,0.08710472605058125,0.22698085755109787,0.0025134594844920294,-0.09692675128046956,-0.11699517204293183,0.17247559981686728,0.05017165094614029,0.07280220038124494,0.39366397527711733,0.4327996367854731,0.29444257276398794,0.7211640690054212,0.401271879406912,0.7611975435699735,0.33848943348441807,0.4473809397646359,0.5825653948954174,0.5397645213774273,0.2950713134237698,0.5356057318193572,0.12025680286543709,0.6833254569210112,0.30045726301614195,0.19618848355353943,0.25059150558497223,0.7511491371052605,0.35555372280733927,0.17539292840020998,0.04171595669218472,0.6592016209449086,0.33424898982048035,0.16983056201466493,0.0008663137310317584,0.22335134340184076,0.18669022978948696,0.3882741617437984,0.08040857544567968,0.2626479496913297,0.26857297495007515,0.034067377780697176
ERR1368921,1,-0.11013944473649774,-0.13753661726202285,-0.13468345467533385,-0.12333616374858788,-0.13635860489947454,-0.10778470230954033,-0.08617705080126013,-0.02155861790691103,-0.041423940765006204,-0.10199330534253802,-0.10661333054304123,-0.1124869602333222,-0.07569325449211257,-0.05127462957586561,-0.03638267630179014,-0.12777076661586761,-0.0043112171281661305,-0.08869553889547076,-0.052658053514148505,0.1055285877415112,-0.024654963186808994,-0.06830314267426729,0.2529949141400201,0.047859555908611844,0.0646299540198275,0.07547936269215175,0.10103070536362273,-0.001878307225914406,-0.05847290264708655,0.2629689925483295,0.17779063007661275,0.041587340512445996,0.27234925755432676,0.2354901736336095,0.3220672660640308,0.2835998549791319,0.32377777873937574,0.24279851732509478,0.09108236325638634,0.2451663836836815,0.3162306831883533,0.33884203114679884,0.19727834633418492,0.08257186093500682,0.0031239911913871765,0.4161118335822331,0.1404201707669667,0.09089985143925462,0.00042088888585567474,0.3630270926015718,-0.0007904374173709325,-0.0890651350574834,-0.02326966236744608,0.4775557102901595,0.08934222268206733,0.06755376607179642,-0.03349378279277256,0.09295394910233361,-0.0697458004578948,0.035041261198265214,-0.10915740073791572,-0.06388931721448898,-0.0787545410650117,-0.12579871607678278
ERR1368922,1,-0.07967017178556748,-0.12383274787238666,-0.10903037711977959,-0.12815929470317705,-0.08371403547269958,-0.07385158192898546,-0.08884257024952344,-0.05526736378669739,-0.05044973615024771,-0.0907193406351975,-0.08665278660399574,-0.153040172798293,-0.11768497100898198,-0.12072862046105522,-0.048906064459255764,-0.13789199611970357,-0.05334961228072643,-0.123311064605202,-0.09831082608018603,0.046971249261072705,-0.010390077318464006,-0.13436021309878146,0.0406789311340877,0.011334241500922613,0.01411187116588865,0.08553656084196908,0.029978388122149875,-0.06847666017711163,-0.08812302829963821,0.21168626844882965,0.15777600982359477,0.07086587111864771,0.41377874250922886,0.4435173975569861,0.5069721096328327,0.9885159518037524,0.5250360960406917,0.5333617010286876,0.38473423783268246,0.8666484983904021,0.591838904789516,0.7424401153943369,0.5447431068335261,0.5609168913215399,0.21345730125904083,0.8897700828965753,0.40506368609411375,0.5655649046280554,0.4792389646837754,0.5880820383982999,0.40144295937248636,0.1939902507833072,0.3229434790888003,0.7951320090464183,0.5221808371799332,0.533473082951137,0.05313513534409659,0.3455595597624779,0.2712154540100268,0.41756781855864183,0.21949309509779727,0.3521911235792296,0.16196470707654953,-0.11741815214710576
ERR1368923,1,-0.10857652859496218,-0.08921366930007935,-0.06918719410896301,-0.09255931632859367,-0.0541813001036644,-0.0663505100778171,-0.009046871747289385,0.2168078880224909,0.09808253842805113,0.04201222423996244,-0.10252342905317034,0.031653304085401554,0.10714272303240639,0.04304349422454834,-0.04949729038136346,0.11820857439722333,0.15560454688966274,0.010808917028563363,0.22918402616466796,0.11916352276291166,-0.010543799293892724,-0.023511738250298158,0.6487778904182571,0.21444710982697351,0.10950440487691335,0.09098375907966069,0.26279326741184506,0.1344535829765456,0.09831965654822332,0.2848428959426071,0.2261472429547991,0.02143444520022188,0.138921286378588,0.1454136823969228,0.27540375026209013,0.2221186352627618,0.30838517152837347,0.18335917964577675,0.03196178829031331,0.06562513272677149,0.2824562378227711,0.2518703171185085,0.14250785697783744,0.019442254078707526,-0.054712816806776185,0.22511449549347162,0.06932963963065829,-0.03980389876025064,-0.08016438143593925,0.2588237465492317,-0.05278310216298061,-0.09675984956058008,-0.028593789786100388,0.4162970014980861,-0.08672636108739036,0.0035649160189288004,-0.0865128082888467,-0.03694401415331023,-0.08891801476212484,-0.07791240406887871,-0.10164188221096992,-0.077611685863563,-0.11401618963905744,-0.1206894673939262
ERR1368924,1,0.012499599584511347,-0.0436157276853919,-0.12620887266738073,-0.09158796817064285,-0.08598290490252632,-0.09414548267211233,-0.10590751788445882,-0.08944738975593022,-0.06780614584152188,-0.06345684214362077,-0.10579803745661463,-0.09075507521629333,-0.08366531053824085,-0.10256912080304963,-0.09473784108247076,-0.10450741475714105,-0.021898164879530668,-0.1200775418962751,-0.09336677163706295,-0.050391661269324164,-0.018986769020557404,-0.08024248853325844,-0.0668858273753098,-0.08633282780647278,0.2710317814988749,0.2386651017836162,-0.0812801334541291,0.004273399511086089,-0.11120619944163732,0.26469884120992254,0.25167438653962954,0.6130542648690087,1.1561150843543666,1.1007353482501847,0.5488370156713894,1.7186128837721688,0.7873580179044178,1.4801815961088454,1.1178330587489265,1.6400419593389546,1.2079099608319146,1.5931680351495743,1.6636364122054406,2.129232266119548,0.7295060349362237,2.1366719720619067,1.1568566667182105,2.3532065749168396,1.7140666576368468,1.3183833062648773,1.4839581932340349,1.03800901557718,0.924710998577731,2.2145452243941173,1.7309871113726072,1.0689809364931924,0.8019552784306663,1.8725794447319848,1.6807329484394617,1.475047591308664,1.5688697802168983,1.545113884976932,1.577615843287536,1.9399790593555994
ERR1368925,1,-0.0913613595600639,-0.0984031507479293,-0.08769068441220693,-0.10994913548763309,-0.09247757547668048,-0.15529686425413405,-0.10072864665250693,-0.057817702048591206,-0.04788381765995707,-0.11858635981168066,-0.10462871140667371,-0.13811385950871877,-0.11820701323449612,-0.11806745720761162,-0.042527105792292526,-0.14348362173352922,-0.0449869590146201,-0.13402740763766424,-0.160064731325422,0.042782181075641086,-0.046268158326191564,-0.12320325949362346,0.03740471388612475,-0.040834613144397736,0.1375569733125823,0.0679377301463059,0.003712490733180727,-0.08585503218429429,-0.10821411040212427,0.2722379756825311,0.2565473424536841,0.30150801688432693,0.6936293137925011,0.6781224225248609,0.3257160729595593,0.7330660411555853,0.4818567468651703,0.6053447744676045,0.5042054508147495,0.7928578981331417,0.6462626275440145,0.7833161620157105,0.6196902170777321,0.6757125098790441,0.17792488687804767,1.0489281191091453,0.320425634937627,0.5731956152511495,0.5170662956578391,0.6423405499330589,0.3577502721122333,0.07988808477031333,0.20138710737228394,1.0204201872859682,0.6927671368632998,0.31371217141194,0.07902981440669724,0.39212798540081295,0.13512643852404185,0.31170057505369186,0.09782050656420845,0.24004393922431128,0.2423559964767524,0.02186461804168565
ERR1368926,1,-0.0190910633121218,-0.07913658900984696,-0.09761915462357658,-0.10186358860560826,-0.07568425232810634,-0.12644393848521368,-0.10035681954052832,-0.08935857564210892,-0.04456877043204648,-0.07497212210936206,-0.09384410086620067,-0.1158477057303701,-0.10599965708596366,-0.1321139708161354,-0.07546459138393402,-0.1118787441934858,-0.05875768845102617,-0.14215954818895885,-0.11953922101695623,0.016222048018659865,-0.02457731749330248,-0.11807025170751981,0.021779339228357588,-0.02370314033968108,0.1644662863441876,0.13889722526073456,-0.014951182795422418,-0.058106577556048124,-0.1361764743924141,0.26746108702250887,0.18584992310830525,0.35288178441779955,0.8495017548224756,0.7751425643052373,0.6249173177140099,1.3291037210396357,0.5988400067601886,0.9355712982692889,0.7648086244506496,1.2325169603739465,0.9016765973397664,1.2780462844031197,0.9439427505380341,1.1411776218031133,0.529568986967206,1.4528454578747707,0.6447031476667949,1.2321815299136298,0.9165538421698979,1.0126663073897362,0.8757310034707189,0.46123504345970495,0.6083771618349212,1.5015288761683874,1.1976811353649413,0.6739881528275353,0.35412778918232235,1.0054007028894765,0.8384455335991723,0.8477396081600871,0.6195989346929959,0.9772241583892277,0.6276466782603946,0.6465288932834353
ERR1368927,1,-0.09724627807736397,-0.12354406448347229,-0.10526645396436964,-0.11592453079564231,-0.10256881479706083,-0.13196509570947715,-0.0985096198107515,-0.044249639979430606,-0.048687227070331573,-0.13828094143952643,-0.11514480944190707,-0.1559496181351798,-0.13989840767213277,-0.12187078595161438,-0.04032078864318984,-0.1488409106220518,-0.052071617117949894,-0.12445045369012016,-0.11870585006129529,0.0899115407041141,-0.042785746710641046,-0.07254231295415334,0.1151529433471816,-0.013946484242166792,0.07210621823157583,0.07308902784383722,0.046107830213648934,-0.09589008973645312,-0.10203520421470914,0.2707780980105911,0.2087102878306593,0.11688540343727384,0.4092747952256884,0.3241715372673103,0.26892857253551483,0.43014646800501005,0.3703028006213052,0.40997595260185854,0.1867452444774764,0.38827900269201826,0.4637724741228989,0.46541276787008556,0.2514969972627504,0.17736077681183815,-0.0016454367765358516,0.5394530253085706,0.13611899582403048,0.06071478979928153,0.04116194216268403,0.4045525778617178,0.06017711918268885,-0.09990025205271584,0.01767606501068388,0.5593448387725013,0.11966873865042414,0.053681771137884686,-0.06935976751680885,0.09458512174231666,-0.09926981904676982,0.13898833069418157,-0.11175344378820487,-0.021604429398264204,-0.06599645423037666,-0.11073379750762667
ERR1368928,1,-0.0060922496819070405,-0.04368047309773309,-0.13249687956912176,-0.10241365166647094,-0.10582766003374543,-0.09313900649015393,-0.054244305938482285,-0.11174627074173518,-0.08356064817469035,-0.05179006899041789,-0.11237314556326185,-0.08602374366351537,-0.0852700414003006,-0.11184313281306199,-0.08509249266769205,-0.1076980559155345,-0.047730879458997934,-0.13660426384636334,-0.08621237119327166,-0.09925026100661073,-0.029468281992844174,-0.09115210242037262,-0.007165695008422647,-0.08638704355273928,0.19103754524673736,0.20830815072570527,-0.06664567580446601,0.010088792902284436,-0.12494006859404701,0.31747162927474293,0.2608210210289274,0.5349155770880836,1.0229336779032434,1.0427920381937708,0.5389052693332944,1.6136842550975936,0.7436603307723999,1.4611335109387125,1.1623173015458244,1.4848271853157453,1.1011536014931542,1.3939343116113119,1.8021545676248414,2.1088956961674348,0.6089495526892799,2.1071058256285533,1.2166229515735592,2.2635928818157742,1.7430438601544924,1.1976728460618429,1.411407423870904,0.9893708569662911,0.9492653500554817,2.0005236523491994,1.6049703863848532,1.1781722738274507,0.8675610689180238,1.7698151235069548,1.5071711912751198,1.2059115831341063,1.5472048733915602,1.424136411132557,1.6088652153100287,1.7756454348564148
ERR1368929,1,-0.08145973665107574,-0.12741665276033537,-0.11901146705661501,-0.1335866738642965,-0.0823718783046518,-0.07232597789594106,-0.07921712712517806,-0.08085904589721135,-0.05551054115806307,-0.08201668038964272,-0.0935864948800632,-0.14535847519125258,-0.09327661538762706,-0.12107725175363677,-0.05128668714314699,-0.1408381164073944,-0.04540586045810154,-0.11693749949336052,-0.1073659174144268,0.0028444193303585052,-0.004969553223678044,-0.13405434361525945,0.033096564667565484,0.031886945345572064,-0.017465522778885707,0.11010295152664185,0.040314655750989914,-0.058238767353551726,-0.0850435123304903,0.23402636817523412,0.14202495557921274,0.0475432031920978,0.43838528863021303,0.4682300218514034,0.36028334285531727,0.9172590949705669,0.5093201606401375,0.582272082567215,0.3275977351835796,0.5468948728271893,0.6762421003409794,0.5154173416750771,0.30085826186197145,0.5466660250510488,0.18966797579612052,0.724066245170044,0.24215604151998246,0.2514003512582609,0.32427047938108444,0.6152749497975621,0.34786632417568136,0.19175467566986168,0.27862766198813915,0.6583978640181678,0.1684115348117692,0.413787292316556,0.06576893372195107,0.08795064315199852,0.1053987837263516,0.39653162019593374,-0.03967623452522925,0.10674103136573519,0.11342336876051766,-0.12150519687150206
ERR1368930,1,-0.02734502138836043,-0.08813255652785301,-0.08520084912223476,-0.09596343711018562,-0.0674794249768768,-0.11981064932686943,-0.08920681948906609,-0.06872547258223806,-0.04470925937805857,-0.06936237907835416,-0.08780202828347683,-0.11440845366035189,-0.11858816870621272,-0.1314394058925765,-0.04151185716701938,-0.12765738261597498,-0.0377620809844562,-0.14463326228516443,-0.1208467749612672,0.010405687349183219,0.00531165993639401,-0.13523591309785843,0.01683828447546278,-0.0015568738537175314,0.12538925717983926,0.15021693919386184,0.009868648169296128,-0.06794026387589318,-0.12751844951084682,0.232801758817264,0.1559285819530487,0.24731080766235078,0.7024942902582032,0.6864205811704908,0.4462472732578005,1.0624087516750609,0.4976139260855104,0.941016826246466,0.6176499138985362,0.9014437613742692,0.8511064159018653,0.9107565794672284,0.6105193304164069,0.916226690368993,0.32508316290165695,1.1497348747881395,0.37829864557300297,0.7214463571352618,0.6360235927360398,0.8668997889118535,0.6153360403009823,0.3697327798498528,0.4067334234714508,1.0022502690553665,0.7029498943260738,0.4428937924759729,0.13285051392657415,0.41360410302877426,0.35456912006650654,0.6844616585544178,0.20415737426706723,0.3803336697497538,0.39410741791860865,0.11746617832354136
ERR1368931,1,-0.06687398787055697,-0.08009571076503821,-0.09905578648405415,-0.1168849729001522,-0.06761004083922931,-0.12863441157553876,-0.11815821698733739,-0.09648035014314311,0.0030242782086133957,-0.09053674712777138,-0.09713402284043175,-0.10914685364280428,-0.1072734487908227,-0.10367144591041974,-0.056059310611869605,-0.1069598849862814,-0.02156862829412733,-0.13056891039013863,-0.12418128111000572,0.06737798984561648,-0.04974067796553884,-0.11540898733905383,0.0004996385957513537,-0.034764074853488376,0.1994001492857933,0.16408459842205048,-0.03325871018958943,-0.058078870975545475,-0.12301731003182274,0.23501250786440714,0.363354261033237,0.4493648447096348,0.9193792468202966,0.9262869597545692,0.725948409310409,1.3689440776194846,0.6517927513590881,0.8554898322160754,0.7199148269636291,1.4926204306206532,0.8552916896130357,1.4262405894696712,1.1751457166724972,1.2490403676139457,0.6197909571762595,1.5998132940315242,0.7446362707497818,1.3978483346956116,1.0680972736861025,1.1554065587531244,0.9075591755764825,0.5407275461724826,0.6390834014330592,1.701129987835884,1.430527029292924,0.8075982342873301,0.42212200838340713,1.2986651371632303,0.8818695247173309,0.9012277733002391,0.8518284572554486,1.1141339455332075,0.7354980776352542,0.9944682589599064
ERR1368932,1,0.015252062252589635,-0.039386427495628595,-0.12668584819350923,-0.10554680866854531,-0.08632927394605108,-0.10471519122698478,-0.11018748870784682,-0.10262447489159447,-0.0661423200342272,-0.06358049377532941,-0.10150545250092234,-0.09437126267169203,-0.07810008938291244,-0.09965907902057682,-0.10070964017151189,-0.09709627081507019,-0.030206677337576236,-0.11488948496324676,-0.09530836450202125,-0.06294288220150131,-0.006217610090970993,-0.09960344314043011,-0.08391761939440455,-0.08139210886188916,0.20552419604999678,0.22659539165241377,-0.07244576545365687,0.022804229952661053,-0.12653711065649986,0.23297003390533583,0.1956810520163604,0.5493559358375413,1.1412581780127116,1.031162727624178,0.5114407782842006,1.6980390463556563,0.6760563424655369,1.4998157141464097,0.9772026879446847,1.594862025364169,1.0836193598806858,1.5725448277911969,1.4106341084199292,2.02127074769565,0.7197788434901408,1.9068633488246374,1.1465329378843307,2.2336431656564986,1.541601872337716,1.369224842105593,1.4911475266729082,0.9339412982974734,0.9362280229771776,2.0812609451157704,1.6147622178707803,0.8933422480310712,0.7225731611251831,1.6772096306085587,1.7170561999082565,1.3680500441363879,1.4221317150763102,1.5619396092370152,1.4335410382066454,1.836472545351301
ERR1368933,1,-0.0002977864018508366,-0.07349137642553874,-0.08145230902092797,-0.09846234401421887,-0.06265029697013753,-0.12319223077169486,-0.12919626704284123,-0.08100149088672229,0.041980636439153125,-0.07986440855477538,-0.05245621023433549,-0.08222015335091523,-0.10517051869205066,-0.10094850403921944,-0.0569247512945107,-0.09562479704618454,-0.0105320346940841,-0.13523021127496446,-0.11582952072577817,0.059529561682471206,-0.05332398201738085,-0.1096299450312342,-0.032159722809280665,-0.04671122453042439,0.304017766511866,0.33050647750496864,-0.0764590110629797,-0.06395099099193301,-0.1233074739575386,0.1922269452895437,0.24716047809592315,0.40727060394627707,0.9541286102363041,0.9719339241938931,0.6206567244870322,1.4842839411326818,0.6018842857863221,1.0373994271670068,0.8169543264167649,1.3493116881166185,0.8236410660403115,1.3619312034653765,1.0438571221062116,1.5312101731875114,0.67302455753088,1.5602800812173103,0.7367870445762362,1.4007665371256215,1.2184112817049026,1.2001189866236277,1.0530268198677473,0.7111613973975182,0.5801628945129258,1.5955211892724037,1.36554240328925,0.7108831416283335,0.44929539997662815,1.3234631312744958,1.1301605520503861,1.0595355715070451,0.887204008443015,1.2654402596609933,0.8893814709569726,1.1240572200955026
ERR1368934,1,-0.09320041886530817,-0.11895430001563259,-0.11574339121580124,-0.12103832566312381,-0.05792621712732528,-0.04430901492014527,-0.07033941050758585,0.048233430300440104,-0.042122133525221477,-0.08709665813616344,-0.1066518205084971,-0.10203799924680165,-0.05411600188485214,-0.07787463042352881,-0.045887154527008533,-0.06031083528484617,-0.02353803130141127,-0.0716218645684421,0.048850778091166704,0.007994394749403,0.048290595944438665,-0.15009031125477382,0.18164398255092756,0.09262824643935476,-0.01294132215636117,0.07623998182160514,0.11586182996896761,0.02645284023934177,-0.02524892520159483,0.25579081369297846,0.1301542893052101,0.03830952104181051,0.2869910512651716,0.3613642432859966,0.40865357326609747,0.7259477440799985,0.4650575135435377,0.49823048072201864,0.24209872952529363,0.4697020192231451,0.5638117949877467,0.4736965463629791,0.25178769337279455,0.4053073227405548,0.19729581688131606,0.5970373567127224,0.26401886556829723,0.3561317441718919,0.25594744325748514,0.5290982058005673,0.1900004047368254,0.06749384956700462,0.24635535585028784,0.6319054450307574,0.17823218700609036,0.3074703716806003,0.01860504357942513,0.02532015634434564,0.10192255462918963,0.1534850790631026,-0.05116216944796698,0.03485494000571115,0.041379962648664205,-0.13525013599012578
ERR1368935,1,-0.003739557894212859,-0.056988868596298356,-0.11405725564275469,-0.11393170324819428,-0.08132811768778733,-0.12063570959227425,-0.12173216789960861,-0.1013633209679808,-0.023934470090482916,-0.0756123603454658,-0.09953580743500165,-0.10072521838758673,-0.0914358174694436,-0.11763314051287514,-0.09032993577420712,-0.10467528817909104,-0.04349097363384707,-0.14125349691935948,-0.1125222338097436,-0.005008788247193609,-0.018904195300170352,-0.11026583132999283,-0.0522244003202234,-0.043649343507630486,0.2152328406061445,0.2018745584147317,-0.06355954560318164,-0.033300027916474004,-0.12986013612576894,0.21489923234496797,0.262254643120936,0.49897548609546255,1.0509721540978976,0.9451745503049876,0.5858768570636,1.5099127164908819,0.7062735472406659,1.1227975157754762,0.8661531635693142,1.4282077021364654,0.8972610235214233,1.4861149942236287,1.224772647023201,1.5607564800551958,0.6167136632970401,1.725039865755077,0.8577304886920112,1.705853238169636,1.271962250982012,1.2569841763802938,1.1151418063257421,0.7374375143221447,0.7190582220043454,1.8756881632975169,1.4626335118498122,0.7990383697407586,0.4885284760966897,1.3894789942673273,1.3004288939493043,1.1244133966309684,1.0016714792166437,1.3521731836455209,0.9915592178170171,1.3735788419310535
ERR1368936,1,0.04568536819091865,-0.10193445427077157,-0.08851133932226471,-0.08328669381860111,-0.05708815935733063,-0.12045650596597365,-0.09183803307158607,-0.07763469485299927,-0.03540826854961259,-0.0611480696659003,-0.0655735998547503,-0.10087412356265954,-0.115896644869021,-0.12279117839144808,-0.03667822327198727,-0.08871081205351013,-0.02023641632071563,-0.15308523710284913,-0.09441795865339893,-0.005974082675363336,0.005537198590380805,-0.1278272680938244,-0.06278572444404874,-0.01889511490506785,0.12444237539810794,0.3260612264275551,0.008564740219818694,-0.021639179438352585,-0.08536856488457747,0.16946054143565042,0.13335008892629827,0.23861607164144516,0.7640749418309757,0.8776239933712142,0.4466637319752148,1.3276847707373756,0.5668279978313616,1.1396919137665205,0.6465098533247199,1.0250922941735812,0.8657805142658097,0.8617403155991009,0.6736046299338341,1.3097356642995561,0.47327615659950034,1.135706445933985,0.4180947872144835,0.8545307580913816,0.8728566105876651,1.1316435347710336,0.8629965563969952,0.6664626529174191,0.3750343642064503,0.9547850766352245,0.7072659448853561,0.576700396835804,0.27790901011654306,0.5853291457252843,0.6741149343018021,0.913312520299639,0.4166629910469055,0.6749178309525762,0.5959089323878288,0.40801007619925905
ERR1368937,1,0.002540568155901773,-0.06395288769687925,-0.09455932969493526,-0.09557558835617133,-0.06795498502573796,-0.1267096017088209,-0.06775252494428839,-0.08341707076345171,-0.03643945777522666,-0.06570489039378506,-0.08227668456467134,-0.10018272964017731,-0.0979000705161265,-0.11303303710051946,-0.044246178053851636,-0.10645437719566482,-0.03425641983215298,-0.13686190226248332,-0.10577206819185189,-0.0026370922901800702,-0.010274262300559453,-0.1184019222855568,-0.017937451601028442,-0.00889131346983569,0.1592176625771182,0.2093990777752229,-0.00527953782251903,-0.023830587177404335,-0.09803544277591365,0.24571467403854644,0.23534256698829786,0.45116668034877094,0.9406904477093901,0.8847359610455376,0.5604223098073687,1.416509475026812,0.6107915309923035,1.144047579595021,0.7580527610012463,1.2385324660156454,1.0863384157419205,1.2415103622313057,1.0330396645835467,1.4514638470884944,0.5332628605621201,1.532363238711176,0.677162909082004,1.311953631894929,1.0342696330377035,1.170806688921792,0.9712701237627438,0.6696716174483299,0.6515917256474495,1.464389362505504,1.091657308595521,0.7368461510964802,0.31551313772797585,0.8552961482533387,0.8159856007135075,0.9314904308744839,0.5808673791055169,0.8609747333186013,0.7384152215506349,0.6327730140515736
ERR1368938,1,0.034078613721898625,-0.051299944653042724,-0.09923527017235756,-0.10231109336018562,-0.06663545813145381,-0.12143808749637433,-0.08132384331630808,-0.08921925351023674,-0.062344856427184174,-0.06221130842875157,-0.09923666156828403,-0.09142417779990605,-0.09299610980919429,-0.10475475500736918,-0.07477354531043343,-0.09522585517593793,-0.03621354386476534,-0.1286307754261153,-0.10048703902534076,-0.02844435109623841,0.010626890297446932,-0.11005424654909543,-0.04772151368004935,-0.04036897846630642,0.17441478478057043,0.2220520174929074,-0.03048487303645483,0.002942962705024651,-0.10980387191687312,0.2183674361024584,0.17246793423380172,0.5051159560680389,1.0305767532970225,0.9932628867349454,0.5446656761424882,1.5530508203165871,0.5990235159572747,1.292077443429402,0.8132551692958389,1.4138519056141376,1.1030350774526596,1.3867652392280954,0.9938419357474361,1.6210737015519823,0.6662487451519284,1.5813925452530384,0.8033009746244976,1.5349990496678012,1.104088429893766,1.2641999913113457,1.1597322246858053,0.8067654924733298,0.7907876276544162,1.5559580441830414,1.307609228151185,0.8016036738242421,0.5086348940219197,1.0855199971369334,1.0981593919651849,1.1022081119673592,0.8114891541855676,1.0933125168085098,0.8510789796710014,0.8807597772351333
ERR1368939,1,-0.07872530299105815,-0.046133397346628566,-0.11286081573260683,-0.11826622965080398,-0.09501363629741329,-0.11142491110201393,-0.10677060123998672,-0.11192231731755393,-0.07167364731763623,0.005675969113196645,-0.10740841286523002,-0.10925978528601783,-0.09057050783719335,-0.11860768583470158,-0.0884090858910765,-0.11890039007578578,-0.056936400410320075,-0.12791035563818046,-0.07301480083593301,-0.03387330419250897,-0.009315123515469688,-0.10959738386528832,-0.00024849495717457363,-0.06889577555869307,0.15220409521966108,0.0357732285878488,-0.06846337474416941,-0.026343238273901597,-0.13496181688138417,0.2445870116353035,0.12370588277865734,0.36077561295990435,0.7739099413156509,0.7105134480765888,0.3147954060030835,1.206812513726098,0.5642002367946718,1.0455473512411118,0.7141663251178605,1.1267732312636716,0.784095181950501,0.942849691425051,1.258955983178956,1.3106077563549792,0.40605007644210545,1.5371355015252317,0.7704250088759831,1.4839085356465407,1.0284434450524194,0.7592049810503211,1.0141156315803528,0.26590666813509806,0.604112154671124,1.451197807277952,1.0063423902860709,0.6841021244015012,0.32126653513738085,1.1423626893333025,0.8179077591214862,0.6351706523980413,0.7941582820245198,1.0440001652709074,0.6532319635152817,0.831439594971016
ERR1368940,1,-0.05324404979390757,-0.10712493902870587,-0.10789270805461067,-0.1140059647815568,-0.08294808971030372,-0.12545048046324933,-0.12027368135750294,-0.09824709328157562,-0.004331122817737716,-0.07817997464111873,-0.07229639643004962,-0.12528329768351146,-0.11137630417943001,-0.14333614600556238,-0.05025932392371552,-0.130158754331725,-0.055385843717626164,-0.14557699965579168,-0.12976974993944168,0.07841833361557551,-0.03371395170688629,-0.1303908665265356,-0.018166663391249522,-0.02852072673184531,0.1553447044321469,0.2392520233988762,-0.022028658805148944,-0.07666833592312676,-0.14440532241548812,0.18647471708910807,0.1862412989139557,0.14803265248026168,0.6618423845086779,0.674250810274056,0.5189087795359748,1.123371537242617,0.5185074316603797,0.8120623393250364,0.5508101156779698,0.9445047761712756,0.6997603880507606,0.9251813925802708,0.5434352851339749,0.9562936446496418,0.3601137647804405,1.1293701346564506,0.4712619563298566,0.790525723115674,0.8106083039726529,0.8518135505063194,0.6267721642340932,0.28199812823108267,0.3861543421766588,1.0820967959506171,0.8894000383360046,0.5175511964729854,0.19014459209782736,0.6525666140285986,0.6078215735698385,0.6234193328501922,0.4109704090016229,0.6952951646276883,0.4921425006219319,0.14423838364226477
ERR1368941,1,-0.07365062313952617,-0.08307644259184599,-0.07485028782061168,-0.09205933500613485,-0.05996995286217758,-0.09428909554013185,-0.08054742267787722,-0.008510886558464595,0.006829459103755653,0.043395199945994785,-0.11171705275774002,-0.09606635863227504,-0.0456175140238234,-0.06382433172049266,-0.03577560365998319,-0.13838764812265122,-0.0010354503590081418,-0.06787747836538724,-0.03746983967721462,0.002331185553755079,0.029874057242912904,-0.13085466570087842,0.1809807920030185,0.01788153499364853,0.1261581060077463,0.06522151428673949,0.06994839230485793,-0.034626927758966176,-0.0854369183736188,0.3095879341874804,0.0927486994436809,0.21903781486409052,0.5058437309094838,0.46374275216034483,0.5076609887182713,0.8978278498564448,0.5334680689764875,0.6266265554087502,0.46780215416635784,0.7657211571931839,0.6290808152407408,0.8574859810593937,0.6948030648220863,0.6260173166436809,0.25531393934839536,1.0673910366770412,0.5105611293443612,0.8668694522764001,0.5567363319652421,0.7204062959977559,0.45943912863731384,0.07049929916060396,0.3927080061818872,1.1577253597123283,0.7542322682482856,0.4511409806353705,0.049986883465732844,0.44286604119198664,0.4024138035518782,0.31195556053093504,0.2908162245793002,0.49666653147765566,0.2808701332126345,0.26144116265433176
ERR1368942,1,-0.10699841247073241,-0.13207456735627993,-0.11294413677283696,-0.13466535721506392,-0.1065553187259606,-0.07716051382677895,-0.10445139024938856,-0.010749278323990958,-0.032056123816541264,-0.1234368947999818,-0.10656104556151799,-0.14038708912474768,-0.10506775230169296,-0.09249823540449142,-0.023777756307806288,-0.14933471168790544,-0.054118222423962185,-0.11360950767993927,-0.10331491487366813,0.0721082336136273,-0.0332929752767086,-0.12490789871662855,0.12611505218306515,0.029923274580921446,0.00805364509246179,0.07516467039074216,0.0996975141544161,-0.06640457149062838,-0.04642737656831741,0.1946826188692025,0.19706375471183232,0.022986468326832567,0.3102066857474191,0.3946217553956168,0.3550810526524271,0.6864805892109871,0.4016941494607766,0.2509480906384332,0.23266868931906565,0.5659888684749603,0.5088680014014244,0.40700302379471914,0.2763252141220229,0.34240222190107616,0.19139949072684562,0.5986381466833076,0.2284202394740922,0.31272310337850023,0.19175898815904344,0.41196430128599915,0.17644084617495537,-0.0174933129123279,0.19943257101944514,0.5719192274180906,0.3437824530660042,0.4025301161621298,0.06449272370498095,0.16437046016965592,0.09629142603703908,0.19911320081778935,0.04668563923665455,0.11647381420646395,0.01028754242828914,-0.13345633753176248
ERR1368943,1,0.04104422565017428,-0.05040923359670809,-0.1183685798730169,-0.10467013929571424,-0.07585581565009696,-0.09672269424689668,-0.10867626698953765,-0.09037996828556061,-0.0674374323072178,-0.06029105306203876,-0.11144286553774561,-0.09023660128670079,-0.0813399718276092,-0.11834056702043329,-0.09410636848770082,-0.09673981055883425,-0.026991416633661305,-0.10348794077123914,-0.08913901094014623,-0.05998087873948472,-0.02318370501909937,-0.09224232113254922,-0.05530985231910433,-0.08315273374319077,0.27411441558173727,0.22383085106100356,-0.06486449636785048,0.002302330719040973,-0.11519406948770795,0.24015179994915212,0.22090481940124715,0.6046634295157024,1.1464103683829308,1.0599391598786627,0.654467798769474,1.7801897951534815,0.7652244035686765,1.439377443066665,1.106701067515782,1.7157774328121118,1.0852559081145696,1.7154440326350076,1.4995515527469772,2.0189502452101027,0.7431480171425002,1.99905542497124,1.1588819048234396,2.223510444164276,1.53526145113366,1.50448505793299,1.429015474660056,1.04105029042278,0.9669547384338719,2.1041941983359203,1.7311894978795732,1.0083553684609277,0.7338841365916389,1.747148022055626,1.638462366802352,1.4996204120772225,1.4400683982031686,1.5522770647491728,1.414584447895842,1.9473664930888586
ERR1368944,1,-0.10942961435232844,-0.09965838891054903,-0.12579950424177305,-0.15535536727734975,-0.09728831771228995,-0.1317969917186669,-0.06547497425760541,-0.02529644008193697,0.03227987885475159,-0.06408006112490382,-0.11812713955129896,-0.10695165182862963,-0.0727762303182057,-0.04295340286833899,-0.08301155056272234,-0.014286109379359655,-0.0004674060536282403,-0.06515036310468401,-0.01924025480236326,0.0732525320989745,-0.032393264451197216,-0.0370004220998713,0.3164749168125646,0.09150943372930799,0.06889937209364559,0.16586482950619288,0.06386261752673558,-0.02045338068689619,0.04347857620034899,0.27143685626132147,0.20103825495711394,0.03133000247180462,0.25746930656688555,0.322622965489115,0.2285114633185523,0.2846699112227985,0.313143538577216,0.3657888394913503,0.1795211895992647,0.14062299260071345,0.3754160331029977,0.3181620623384203,0.18521931714245252,0.18342568193163192,0.016632744510258948,0.4281238107276814,0.11039938564811434,-0.05352922395936081,0.05846271633968821,0.49726735427975655,0.07148954165833336,-0.06571844379816737,-0.029363244771957397,0.5921569232429776,0.13385730077113425,0.020340521952935627,-0.07883837180478233,0.11457173260194915,-0.07851926343781608,0.04771177683557783,-0.07518546416291169,0.07618828969342369,-0.012080576803003038,-0.107069249397942
ERR1368945,1,-0.05699956935963461,-0.08393566576497895,-0.09391322758580957,-0.11294686900717872,-0.07605539528386933,-0.14267742447555065,-0.09930076290454183,-0.10386517643928528,-0.03156625692333494,-0.0882473172886031,-0.10353707575372287,-0.11586349776812963,-0.10440723385129656,-0.13108558739934648,-0.07192860916256905,-0.11128274244921547,-0.05671593041292259,-0.14741765069110052,-0.13124075585177966,0.028091271008763994,-0.04905063871826444,-0.1381863738809313,-0.021562019629137858,-0.039204753270106654,0.16786437800952367,0.22428202096905028,-0.05503756393279348,-0.03919726423919201,-0.12082824004547936,0.2578180581331253,0.18725252790110453,0.30663733769740376,0.8241819392923,0.8019269103450435,0.5192720698458808,1.174807757139206,0.49169764747577055,0.8605184672134263,0.5472858026623726,1.0492885809923922,0.8439410626888275,1.0269433193108333,0.736858491386686,1.247863344848156,0.4867881398115839,1.317443079381649,0.6167358436754772,1.031893864274025,0.8731453950916018,1.0201854641948427,0.7754400082464729,0.43416813228811535,0.44966074717896326,1.3146612441965513,1.0730066267507417,0.5840455708759171,0.3257902603862541,0.896162788782801,0.7172389913882528,0.6702230455619949,0.5934644751250744,0.9543385707906314,0.6036584600806236,0.5300215642367091
ERR1368946,1,-0.08154127214636121,-0.07992377983672279,-0.09425120641078268,-0.10892911654497896,-0.08987050716366086,-0.14440528409821646,-0.1300661021045276,-0.09458680025168828,-0.05575034235204969,-0.09463581868580409,-0.08452581135290009,-0.12416827465806689,-0.12254325885857854,-0.12792459556034633,-0.08170803250478846,-0.1275970275912966,-0.05058498095188822,-0.14773974886962346,-0.13845060233558928,0.008652700909546443,-0.025419365082468306,-0.12652380019426346,-0.03071225540978568,-0.0411354216880032,0.14955474356455462,0.12214947598321098,-0.050570878865463395,-0.08075554509248052,-0.12579659691878728,0.1871352025440761,0.3453111925295421,0.4371092351419585,0.8999236204794475,0.8504474785711084,0.5979368931480816,1.15946649653571,0.6998291483947209,0.9908816665410995,0.7762060330382415,1.218081514218024,0.870739592771445,1.1410443718944276,0.9872684739530087,1.0804410438452448,0.3487633764743805,1.4087910439286913,0.6058426584516253,1.2207999777581011,0.8403555979686124,0.867585617516722,0.8054900494004998,0.42537917888590265,0.42584157681890894,1.3511216448886054,1.228406935930252,0.6025119902832168,0.3226193312023367,0.9866535142064095,0.7862402919147696,0.674116353903498,0.6455871750201497,0.939702570438385,0.6441629544964859,0.7281196010964257
ERR1368947,1,-0.012615055910178594,-0.06293233883168016,-0.10028878865497452,-0.1307567714580468,-0.07246472959273628,-0.11272620888692993,-0.1054205419828317,-0.10143300704658031,-0.03502020482639117,-0.06947834470442363,-0.1035678486472794,-0.09804908532117095,-0.07604043571544546,-0.11535937884556395,-0.08984079514630139,-0.10752495843917131,-0.05232501114785139,-0.11715454155845302,-0.11442225892096758,0.01744762754866055,-0.02925685207758631,-0.11355302296578884,-0.020339246839284897,-0.0294569247801389,0.18484584827508246,0.1764002926647663,-0.04966585883604629,-0.018507065683869377,-0.12686178301061904,0.2289135211280414,0.2750740527574505,0.49938696968768326,0.9361159189471177,0.8933140530384013,0.68368857513581,1.5743583951677596,0.7120858297816345,1.1156246445274778,0.7488829057131495,1.5124110180352415,0.8503272602600711,1.6179758576410157,1.2266551575490408,1.3150255169187273,0.5995529070496559,1.7047577170721655,0.8963293784431049,1.6231413313320704,1.134096207363265,1.1850843174116952,0.9889724094952855,0.6221851073205471,0.700188892760447,1.822919134582792,1.4980488015072686,0.868853037910802,0.4424767238753183,1.270492001835789,1.1135621006999696,1.0214619487524033,0.9954827214990344,1.3170060047081538,0.7843974317823138,1.114809051156044
ERR1368948,1,-0.10924797132611275,-0.11991026305726596,-0.115174300968647,-0.1340575808925288,-0.10701164390359606,-0.15689884764807566,-0.13429871148296765,-0.10697925463318825,-0.04653847749744143,-0.1358292257147176,-0.10802950390747615,-0.14539322682789393,-0.13961853619132722,-0.13016835174390248,-0.06667053899062532,-0.15301718137093953,-0.08559599412339074,-0.13798098478998458,-0.15284608091626847,0.03335962550980704,-0.036713949271610806,-0.14459362626075745,0.06968274073941368,-0.014684670737811498,0.07060684210487775,0.05966271460056305,0.006881343466894967,-0.10844475509864944,-0.11131371278315783,0.21638898897383893,0.2009147565279688,0.22144381063325064,0.5481849419219154,0.6298796875136239,0.34248606993683745,0.6459949857422284,0.46386527589389254,0.4312549265367644,0.3471685115780149,0.6828710649694715,0.4730744695157877,0.5968560512576785,0.4308291290487562,0.5294975191354752,0.13271499957357133,0.8128460589131075,0.20041320845484734,0.4480043968984059,0.38204288269792286,0.47120366165680544,0.26859661511012484,0.04950506080474172,0.11373096065861839,0.7186243800180299,0.4478132479957172,0.23480161086523108,0.11823878650154386,0.38478277730090277,0.11124468807663236,0.24104959331452847,-0.007225295794861657,0.15285096690058708,0.0741810267791152,0.06284924702984947
ERR1368949,1,-0.0982956513762474,-0.114228220390422,-0.0798696226307324,-0.11687521157520157,-0.04364766499825886,-0.1188302186450788,-0.12359679809638432,-0.05423936354262488,-0.05765337339003703,-0.1324715209858758,-0.10364352113434247,-0.15567650965281896,-0.13158900237509183,-0.11146328278950282,-0.042253145681960244,-0.10538229772022792,-0.07341128374849047,-0.12194358983210155,-0.11177556283239808,0.059698241097586494,-0.020191955779279982,-0.14446824043989182,0.10834826209715434,-0.00019574910402297974,0.07384375642452921,0.08062151819467545,0.05530823264104713,-0.10070463456213474,-0.058999920529978614,0.19164879620075226,0.18352795498711721,0.1620589829981327,0.46115219060863766,0.4586601959807532,0.4984909115093095,0.6834576119269643,0.5434256680309772,0.4098619877227715,0.380530378648213,0.7490896827408245,0.4357996765258057,0.6822712932314191,0.360117426940373,0.37890980924878803,0.10042765417269298,0.7642744228776012,0.3189628613846643,0.5344771593809128,0.42808696654226097,0.5025797273431506,0.15785338915884495,-0.029599434030907496,0.18607741594314575,0.8215698770114354,0.5585391228752477,0.28786854153232916,-0.020574484020471573,0.36003290116786957,0.21509774242128646,0.21061413671954402,0.08802331238985062,0.08893795710589204,0.11238949799111911,-0.05039008760026523
ERR1368950,1,-0.0253385528922081,-0.06184068548360041,-0.11676045720066343,-0.10524236916431359,-0.10223045466201645,-0.12371409045798439,-0.1212761008313724,-0.09015951039535659,-0.05166454626513379,-0.09992422961762973,-0.100528320563691,-0.11753261834383011,-0.10835177384849105,-0.13216249751193182,-0.07239453893687044,-0.12618853471108846,-0.0605040868478162,-0.14651061009083474,-0.10383111930319242,-0.054025985832725255,-0.016719854835953032,-0.11450991407036781,-0.03280200915677207,-0.0251765815275056,0.17596552520990372,0.11770200729370117,-0.0565623174022351,0.00035868092839206966,-0.12354804469006402,0.2602621064122234,0.3445635123976639,0.56819630227983,1.002127223781177,0.9661691931209394,0.5845071907554354,1.2844099232128687,0.8033557212246316,1.1125716332878386,0.9643162957259587,1.328071832124676,0.9670118368563375,1.4077356617365564,1.394296602479049,1.516492315701076,0.5764325772012983,1.8339232462125696,0.9220555275678635,1.6681713440588541,1.2698819956609182,1.1162074272121703,0.9687235930136272,0.6502226016351155,0.5847742701215404,1.8578124131475175,1.43661567568779,0.9342656838042396,0.5246199454580035,1.3358112874307804,1.0035458467900753,0.9089265231575284,1.0664936197655541,1.1346351919429642,0.9214819989034108,1.1529843019587653
ERR1368951,1,-0.08028506913355418,-0.08762912984405245,-0.11857075031314578,-0.12812370274748122,-0.10106072361980166,-0.12440484921847071,-0.11031312921217509,-0.09214661110724721,-0.05153253860771656,-0.09660491001393114,-0.11429405957460403,-0.13898752949067525,-0.11681368893810681,-0.13446015917829104,-0.06324502559644836,-0.15210999974182673,-0.044654837543410916,-0.14271639926092966,-0.1412668770977429,0.015916839241981506,-0.02256891450711659,-0.1364376683320318,0.05826200757707868,-0.028847020651612962,0.10603296011686325,0.03129598817655018,0.011178148710834128,-0.06778872731540884,-0.13611200664724624,0.2658889080796923,0.1820632288498538,0.25922673142382074,0.7149964347481728,0.6263281894581658,0.49311925863314954,1.0117597494806563,0.5351242337908063,0.6748865414078214,0.5476435587874481,1.0058885222034795,0.6991570703685284,0.9774463198014668,0.8225224574229547,0.8884230841483388,0.33909383362957407,1.2464562585311276,0.46657492433275494,1.0177952584594354,0.7481590275253568,0.7702870326382774,0.5472671819318619,0.12708704492875508,0.5121424200811556,1.2539212858038289,0.9452998467854091,0.5333460580025401,0.17360470098044192,0.746524556939091,0.3568493809018816,0.47400641228471485,0.34592316086803165,0.5486372283526829,0.299616423036371,0.3966859919684274
ERR1368952,1,0.015133424529007502,-0.044366984495094845,-0.1329349758369582,-0.10931084305047989,-0.08286238202293005,-0.10274966273988996,-0.1090225214138627,-0.10584828842963491,-0.0752579212587859,-0.06888176899935518,-0.09366699893559728,-0.09668657636003834,-0.08019189815968275,-0.1130564697086811,-0.09067438788978117,-0.1019004558080009,-0.03834881397363331,-0.10148825922182628,-0.07604198706602412,-0.06990202230268291,-0.016882849591118947,-0.07847150415182114,-0.08113980353144663,-0.05314983480743,0.18345453656677688,0.1906197097684656,-0.06905322437108095,0.018624815491161177,-0.11335675950561251,0.2323838004044124,0.27475343910711153,0.6120167789714677,1.104787046888045,0.979461093034063,0.613828501531056,1.6232974188668388,0.7192249441785472,1.3384006518338407,1.0017639143126351,1.6670655137194055,1.1257376250411784,1.6805296476398195,1.481361284852028,1.892348193696567,0.6561617255210876,1.9572575314502632,1.085463483418737,2.066981589155538,1.4309038839169912,1.3301297851971217,1.2713808374745506,1.076523787208966,0.9231692041669574,2.0156879084450856,1.576402662055833,1.0308736626591002,0.7397491091064045,1.6272005758115224,1.4617095940879412,1.3565588550908225,1.3535816903625215,1.3996928972857339,1.3141174398894822,1.6295350193977356
ERR1368953,1,-0.09154522093012929,-0.13228678277560643,-0.1304004117846489,-0.14280056527682713,-0.08685292143906866,-0.07494153348462922,-0.04733119958213398,0.07355752078417156,0.016789787049804415,-0.09079571973000254,-0.1003241656082017,-0.10267588176897594,-0.0015025314475808824,-0.043470153851168494,-0.06385114256824766,-0.1148223238331931,0.022042513958045414,-0.05200030707887241,0.10054081518735204,0.07216371436204229,-0.004590555559843779,-0.14100517172898566,0.2996786204831941,0.1279938817024231,0.06877914204129151,0.059670318716338704,0.10478515643626451,-0.0021157839468547274,-0.09155877413494247,0.24414951780012675,0.08049349380390984,-0.015706592904669896,0.19095563303147042,0.16356532275676727,0.34997896530798506,0.40579464605876375,0.43149066290685106,0.3497083761862346,0.17057974742991583,0.3552961530429976,0.3755791016987392,0.3759828752705029,0.27311865240335464,0.18597201045070375,0.04459533627544131,0.5748550568574241,0.16852989686386927,0.21822528221777507,0.09983302539746676,0.37786502071789335,0.13886772149375506,0.018571932933160236,0.11176675328585718,0.5143541885273797,0.08168218284845352,0.14022709349436419,-0.07898713807974543,0.02603666271482195,-0.0006470493972301483,0.0922182063971247,-0.0731123009962695,0.011487254606825965,-0.015011196689946311,-0.1373268280710493
ERR1368954,1,0.03140102034168584,-0.048224020948899646,-0.12519471985953196,-0.11116023787430354,-0.09032678417861462,-0.09935280713917953,-0.11622212970230196,-0.10081245590533529,-0.0817202425096184,-0.0707728671176093,-0.10871938935347966,-0.0762302428483963,-0.07786514543529068,-0.10895970616755742,-0.10095403667738927,-0.09875788107248289,-0.03174894452760262,-0.0911539840911116,-0.06206074170768261,-0.057241778554660935,-0.03732993134430477,-0.09727455582469702,-0.054940435769302506,-0.06964724936655589,0.24291954349194253,0.23727175061191833,-0.06408230493044746,0.014553443295881152,-0.12445533914225441,0.19416944469724381,0.17347185952322824,0.6037234355296407,1.1649613795535905,1.0141266669545854,0.6121646619534918,1.793474989277976,0.700581998697349,1.5137355625629425,0.9163515024951526,1.599380909066115,0.9758908929569381,1.6897492014936037,1.4363243377634458,2.033400224787848,0.7640944878969874,1.964606470029269,1.2637662994010108,2.208795760359083,1.5153537137167794,1.4718306873525893,1.5172063708305359,1.0176813964332854,0.9268722704478672,2.175868592091969,1.6907996875899178,1.0036481778536523,0.7593291644006968,1.8643901880298341,1.8465474780116762,1.4956029845135552,1.5685190354873026,1.717721123780523,1.4552831112274103,2.038594799382346
ERR1368955,1,0.05619307181664875,-0.05858149179922683,-0.11416975568447794,-0.11064943405134338,-0.07858291428003993,-0.10565398819744587,-0.12497090228966304,-0.07655206602066755,-0.04134469120098012,-0.07385089567729405,-0.09981664376599449,-0.07277623457568032,-0.08478226392929043,-0.09580790624022484,-0.07984601789420205,-0.0827207744919828,-0.02642345235549978,-0.09183294219630105,-0.094001932502059,0.01482939547193902,-0.05693467600005014,-0.10139889203544174,-0.06489780704889979,-0.054229462785380225,0.29162695801018607,0.24760140478610992,-0.06526151914814753,-0.002034153589712722,-0.1263867382492338,0.19594452849456243,0.26199148076453377,0.5613836161792278,1.0954864685024535,1.0479512298479676,0.7070240309195859,1.8008920976093836,0.7822614333459309,1.3379825523921423,0.8706140970545155,1.660399898088404,1.0262178821223122,1.739302040210792,1.364877815757479,1.8194149434566498,0.801958213427237,1.8997156200265246,1.028413058391639,1.9606843399150031,1.4481148230178016,1.4922577440738678,1.2347392413233007,0.9606692620686123,0.8942680965576854,2.143564373254776,1.6673801972397737,0.9704037638647216,0.6066738297896725,1.6850502562842198,1.522291260106223,1.4589708532605852,1.2697126556720053,1.547956639102527,1.1959012911788054,1.7190233713814191
ERR1368956,1,-0.016928824729153087,-0.044906334419335635,-0.11819135610546384,-0.1055750208241599,-0.08988748364416617,-0.11401239619590342,-0.10612987667056066,-0.10249075346759387,-0.06192560982890427,-0.07241566585642951,-0.10345297838960375,-0.09848855568894319,-0.08189713555787291,-0.12169217398124081,-0.09603189460800163,-0.11931259464472532,-0.052554883561762314,-0.12410768334354673,-0.11451426520943642,-0.03141259881002562,-0.017719669533627375,-0.1128408916826759,-0.06277270508663994,-0.05254079933677401,0.23865056550130248,0.22141136335475103,-0.06812272264089968,0.016387154181886996,-0.10808421085987772,0.29946422576904297,0.2416166854756219,0.5065611872289862,1.0527833261127983,0.9979568773082325,0.6077902231897626,1.4970044323376246,0.7283905925495284,1.13757491803595,0.9184948264488152,1.4861103251044239,1.1223971342800982,1.3793051902736937,1.234280573470252,1.7950100526213646,0.6952030573572431,1.7703004351684026,1.026166062269892,1.8367620057293348,1.4482262858322688,1.2440547961741686,1.1669466059122766,0.7750263533421925,0.7967245179627623,1.9481645609651292,1.5490827773298537,0.9356189843799386,0.5829687495050686,1.388469159603119,1.3145383862512452,1.0625738842146737,1.132300884595939,1.3294638017458575,1.1350159150149142,1.2753199131361075
ERR1368957,1,-0.10108136838035923,-0.13643459283879825,-0.10140922559159142,-0.11304715448724371,-0.10659302345343999,-0.09932189594422068,-0.10471483532871519,-0.021370513098580495,-0.07720341693077769,-0.13203327996390207,-0.11333196397338595,-0.15905598551034927,-0.13249496902738297,-0.11002621400569167,-0.058518101394708665,-0.14550526227269853,-0.06423202157020569,-0.13075613070811545,-0.11994250291692359,0.06835407444408961,-0.028139875869133642,-0.09072481947285789,0.1430737083511693,-0.007394304232937949,0.04652184593890395,0.04130388530237334,0.04387894991253104,-0.11430426021771771,-0.0993489186678614,0.2184308176594121,0.10460978161011424,0.07526459119149617,0.318813508110387,0.3304783137781279,0.25336537616593496,0.4384834574801581,0.2685855853238276,0.3651950753160885,0.24166413715907506,0.32483775168657303,0.3656289836923991,0.4156407096556255,0.24010917437928064,0.15939312534672873,0.004604926598923547,0.4933835775591433,0.0972839647105762,0.04578631477696555,0.09505514730335562,0.4050853098077433,0.10988696345261165,-0.0857306154710906,0.01386415386306388,0.5331878044775554,0.17019767074712686,0.04426752217113972,-0.062694580560284,0.11982351408473083,-0.09249221556819975,0.1492600983807019,-0.091041822252529,0.013546057045459747,-0.06583780476025172,-0.09623716718384198
ERR1368958,1,0.006517867690750531,-0.04985214304178953,-0.11860486545733043,-0.11099206283688545,-0.07552532625517674,-0.12136535186852727,-0.10702423751354218,-0.09861284733882972,-0.06393457230712686,-0.06315487503473248,-0.10170750798923629,-0.09641499551279205,-0.08514497029994215,-0.1180393783641713,-0.095071444021804,-0.08910600441907134,-0.029984060375552093,-0.1128477534013135,-0.09471237769217364,-0.029642314117934023,-0.007081942898886544,-0.10185900530112642,-0.06444702191012246,-0.0637435604419027,0.22736276845846856,0.19017516236220086,-0.07178748846386693,-0.004630689309643847,-0.11938138093267169,0.21982509642839432,0.2610973300678389,0.5969709945576531,1.0739173596458775,1.0124955454042979,0.6523453960461276,1.7280356884002686,0.718961838632822,1.2970955185592175,0.8701797356562955,1.695795168567981,1.0894575438329153,1.6644794004304069,1.3306207108710493,1.80328026839665,0.7222053419266429,1.8650433265471034,1.056453628199441,1.9230368794607264,1.3302882611751556,1.2930140878473009,1.2686088915382112,0.9339695807014193,0.888798442802259,2.003104874065944,1.5930634513497353,0.9649136893983398,0.6493252414677825,1.5686079689434596,1.5225664643304688,1.3617724350520544,1.2681461277284793,1.5041666882378715,1.247216559946537,1.5679923232112611
ERR1368959,1,0.004971324865307126,-0.05443690903484821,-0.08472084892647606,-0.09466949158481189,-0.05148434253143413,-0.11256054961787802,-0.0899899782879012,-0.07891630248299666,-0.05292426931139614,-0.05878027036253895,-0.0925794102783714,-0.08826923623148884,-0.09590105858764478,-0.10030833551926273,-0.07074932910368911,-0.08924812570746456,-0.012359617344502891,-0.122225963643619,-0.09180302917957306,-0.028651695964591845,0.0014767080013241088,-0.09538425026195389,-0.062091990507074764,-0.035609285214117596,0.18705688416957855,0.23974189268691198,-0.04181246629117855,0.0017655367430831706,-0.10376301327986377,0.22626941012484686,0.2690530728016581,0.523886966918196,1.124288200799908,1.0821464623191528,0.5434230895979064,1.6214896525655473,0.7029484329479081,1.3383454148258482,0.9029918781348637,1.5088594582464014,1.2157446167298727,1.4104089018489634,1.1330080394233977,1.7758285190377916,0.6914699247905186,1.707328604002084,0.7909462622233799,1.6313794872590475,1.2683711562837874,1.2751329626355852,1.1808568782040052,1.0310693723814828,0.7173314786383084,1.5474188072340829,1.277297992259264,0.8329591538224902,0.561014948412776,1.10630221412118,1.0783913156815939,1.1776867338589259,0.847399611558233,1.1107731770191873,1.0425054846065385,0.8345407263508865
ERR1368960,1,-0.05325186798082931,-0.10037193128040858,-0.11014894875032562,-0.12466849386692047,-0.07815373635717801,-0.11895446532538959,-0.10507955508572715,-0.09597935155034065,-0.015375415794551373,-0.08337593025394849,-0.09703214546399457,-0.1374990695289203,-0.10112928705556053,-0.12810542487672397,-0.06241382129623422,-0.1348016687801906,-0.04251024492883256,-0.1262017371399062,-0.09810925980231591,0.06536894610949925,-0.026365168392658234,-0.12585217079945973,0.05004764162003994,0.00915533836398806,0.138385287885155,0.1433556710502931,-0.021389318131176487,-0.06302448535071951,-0.14640268576996668,0.24641442724636622,0.0968034675877009,0.10962846023695809,0.5625793162201133,0.5582167676516941,0.5243471126471247,1.0159050822257996,0.5045748874545097,0.6937900909355709,0.5028060185057777,0.8258134807859149,0.6728346816131047,0.7739530972072056,0.6342713260757071,0.8042694205152137,0.4107194954662451,1.1184396220903312,0.4653283017022269,0.781446787927832,0.6535414861781257,0.8158912556245923,0.6308808475732803,0.2298531032034329,0.4200576421405588,1.130086560334478,0.8347300154023937,0.47466705633061274,0.14096664584108762,0.6207143121532032,0.5238628637577806,0.5038912434663091,0.2744922759011388,0.6724960058927536,0.3672150416033609,0.12999203747936658
ERR1368961,1,-0.030848826680864607,-0.0515656125332628,-0.11991085750716073,-0.11788387011204447,-0.07463648416368025,-0.11595117460404124,-0.0853471561068935,-0.10315566722835813,-0.0742071786496256,-0.08761220491890397,-0.10689274594187737,-0.11038602542664323,-0.0827515282269035,-0.11816841816263539,-0.0761873120708125,-0.12342857702502183,-0.07870178786106408,-0.1325660129742963,-0.1034404116217047,-0.043278680848223824,-0.0019531196781567165,-0.12016032742602485,0.00676128693989345,-0.0246155746281147,0.1273681784846953,0.08071189426950046,-0.0291361752897501,-0.003571019507944584,-0.11943005983318601,0.28902248772127287,0.322405249944755,0.5371219914938722,0.9619110450148582,0.9160642911280904,0.64237727863448,1.3614101197038377,0.7178201217736516,1.1057216479842151,0.883546249142715,1.426519576460123,1.101041583078248,1.44592395690935,1.375092723007713,1.5002232931022133,0.5476217951093402,1.8419020923985434,0.8896767688649041,1.698971403496606,1.2220032683440618,1.2164108146514212,0.9279978019850594,0.6612501644662448,0.8405790395502534,1.888427802494594,1.3454742985112327,0.9274126983114651,0.4513736895418593,1.27805620059371,0.9354397697108132,0.9382806601268905,0.9522738680243492,0.9952772451298577,0.9003656059503555,1.027707458606788
ERR1368962,1,-0.09058518867407526,-0.11917906653668199,-0.0949919516486781,-0.12628350300448282,-0.07824686435716492,-0.1258118259055274,-0.0974779413746936,-0.08290848881006241,-0.05428106763533184,-0.11938056402972766,-0.10319787370307106,-0.15803418627807073,-0.11290170119277068,-0.11513587300266538,-0.03589896833623892,-0.13437525289399282,-0.07269678158419472,-0.11628054401704244,-0.12372075234140668,0.02276084465639932,-0.05012580858809607,-0.14609720957066333,0.06686002109199762,-0.0006504403427243233,0.06651220257793154,0.10662385608468737,0.024032614060810635,-0.06395783153961279,-0.11332717431443078,0.17996520016874587,0.1844773537346295,0.14751164136188372,0.4727615426693644,0.5448633027928216,0.4850381165742874,0.8278602425541196,0.40315065582815024,0.5014697355883462,0.34884228876658846,0.818259959774358,0.6245645577354091,0.7002202865800687,0.5495185532740184,0.6426221089703696,0.3154948981744902,0.8877143693223063,0.42616175753729685,0.5442218027476754,0.47728560040039675,0.7421323497380529,0.381244920194149,0.16349146302257264,0.27921163184302195,1.0239016030515944,0.7646723155464444,0.42094480246305466,0.23352511280349322,0.5853134856692382,0.3826039582490921,0.3475065939128399,0.31874178828937666,0.5294811981064933,0.29003270130072323,0.16099614117826735
ERR1368964,1,0.013298317390893186,-0.06007216804261718,-0.10961222488965307,-0.11332322497453008,-0.08569008936839444,-0.11893694368856293,-0.11625181883573532,-0.0911694166383573,-0.004506938558604036,-0.08083116954990796,-0.07982860292707171,-0.09290244270648275,-0.09120819504771914,-0.09773795865476131,-0.0761010950830366,-0.09403360741479057,-0.03673312067985535,-0.12425113150051662,-0.10256693740042724,0.02347693911620549,-0.0624436799968992,-0.10726259968110494,-0.031567812498126714,-0.025547498038836887,0.2547345935766186,0.23407735782010214,-0.06238319631665945,0.006590160275144237,-0.1285535160984312,0.25425349920988083,0.2738479306655271,0.5841603843229157,1.004196214888777,1.019997803228242,0.6868831738829613,1.567822401012693,0.6229059515254838,1.212360187300614,0.8275476124669824,1.5510208731783288,0.9345922512667519,1.6337289751640387,1.314065273318972,1.5783888145482965,0.6656718945928982,1.7809415184227484,0.9986277754817691,1.6435613153236253,1.3415626287460327,1.340749346784183,1.1361825412937574,0.8700708800128528,0.7363218707697732,1.9229626868452345,1.5567950063518115,0.8469510285982064,0.49644594360142946,1.4818542072815555,1.2470973660903317,1.1376925792012895,1.12746248287814,1.4908219490732466,1.0773789893303598,1.46950328456504
ERR1368965,1,-0.08679435947643858,-0.12288020125457219,-0.11651817017367908,-0.15461117667811258,-0.08059646189212799,-0.09352926324520792,-0.06570559553802013,-0.0237708357828004,-0.016625171660312583,-0.07257451702441488,-0.10586490801402501,-0.12262934765645436,-0.07706452320728983,-0.055879299129758565,-0.0590631647833756,-0.12413502324904714,-0.030520445268068994,-0.08214864347662244,-0.016628310483481203,0.029341270881039754,-0.04671345225402287,-0.15377147921494075,0.17880493389176472,0.0964551717042923,0.024243224944387163,0.04016188904643059,0.10535479277106267,0.007228270306118897,-0.10339563845523767,0.21094294318131038,0.17046087767396653,0.0776897884373154,0.44099944084882736,0.3949207493237087,0.48960791315351215,0.7956585884094238,0.5711361340114048,0.4705574366130999,0.331206738948822,0.7030493510620934,0.5690670710589204,0.6420694259660584,0.46055025500910624,0.5068654751937304,0.22119228249149664,0.9416903099045157,0.3783211979482855,0.6030747454081263,0.4182220396718809,0.6368592903017998,0.3068851280425276,0.08577125519514084,0.3277660459280014,1.000636801123619,0.5372617542743683,0.42714242211409975,0.07475739112123847,0.4394346406417234,0.27885766520297955,0.29285989462264944,0.11146583727427892,0.3034509856786047,0.17062391926135337,-0.023893575317093303
ERR1368966,1,0.00587282728935991,-0.0443079700427396,-0.09384932741522789,-0.11406601539679936,-0.06877938937395811,-0.10897915158420801,-0.11217137861863843,-0.10734558797308377,-0.07209730600672108,-0.0772370088047215,-0.10902536394340652,-0.0972290818712541,-0.07827119515942675,-0.11260852151151214,-0.10880396558370974,-0.11365832415010248,-0.061452807226617424,-0.11317718454769679,-0.10174668320853796,-0.06373775218214307,-0.014098479279450007,-0.109141506254673,-0.04888774361461401,-0.04311892975653921,0.1879893039419715,0.16960227862000465,-0.07367590355819889,0.0039423805262361255,-0.11815966239997319,0.24195922485419682,0.23446326489959443,0.6097184792160988,1.0742873927312238,1.0237920273627554,0.5807634320642266,1.5592310513768877,0.726393848657608,1.276427862899644,0.9007490905267852,1.4753775913268328,1.0336565377988987,1.5816544336932046,1.3371963591447897,1.6878391717161452,0.6310315696256501,1.8668991806251662,1.0678023589508874,1.927019254570561,1.4156322926282883,1.2807577071445329,1.1415553114243917,0.8294842094182968,0.7868203052452633,2.015191299574716,1.6020632364920206,0.9218645223549434,0.685434148380799,1.5618937026177133,1.4080214745232038,1.183432627203209,1.2483206221035548,1.4171831565243858,1.1757929165448462,1.528319891010012
ERR1368967,1,-0.09635314877544131,-0.11052894379411425,0.02332692699772971,-0.07629561743565969,0.04955812862941197,-0.0498595695410456,0.020512154858027185,0.21403040843350546,0.1044532790464083,0.12229777313768864,-0.1106004639794784,-0.012753349329744066,0.07669632562569209,0.03955379208283765,-0.04622666537761688,0.0687530551637922,0.16255520630095685,0.026009657021079744,0.2218746361322701,0.0745902843773365,-0.018550514110497067,-0.1278624332376889,0.5608728687678065,0.12190052973372596,0.12914627151829855,0.050452526924865584,0.23809980075540288,0.10213883314281702,0.07261595981461662,0.3350451317216669,0.17350040908370698,0.08532620753560748,0.2884498839931829,0.20448417881769793,0.3339830253805433,0.48303290882280897,0.49008817438568386,0.2872857615750815,0.16001229733228683,0.34698761254549026,0.4370969044310706,0.3663700201681682,0.2163752317428589,0.22730596044233867,0.048174810728856494,0.6044523363400783,0.2964367757418326,0.30767460939075264,0.13058786945683615,0.41894495327557835,0.052380697069955726,-0.09583838230797223,0.1913871822346534,0.6903109529188701,0.17414335986333235,0.18340651371649333,-0.06426843734724182,0.03146045468747616,0.07069081014820508,-0.01030505555016654,-0.03641103287892682,0.04818972359810557,-0.007600633997104264,-0.13827044836112432
ERR1368968,1,-0.05659703251772693,-0.08141687246305603,-0.11040317373616355,-0.10659426131418773,-0.08015292403953415,-0.08232327697000333,-0.0740357715902584,-0.08059838839939662,-0.060257019342056344,-0.06475728071693863,-0.08648448237883193,-0.11486246862581798,-0.10445074018623147,-0.11116685505424227,-0.04671484335059566,-0.1190762035548687,-0.0640986810571381,-0.12710726261138916,-0.10182735669825758,-0.0028896605862038477,0.013941169483587146,-0.13964214601687022,-0.002231030591896602,0.032259109296969006,0.020769191639763967,0.09724236811910357,0.02793111159865345,-0.025060188557420458,-0.08771840988525323,0.29232445784977507,0.22612577783209936,0.31507640411811216,0.7510794103145599,0.6990610882639885,0.47695757342236383,1.2415603207690376,0.6592960783413478,1.0394575531993593,0.5844505674072674,1.1169402822852135,0.9412222249167306,0.9894671424158982,0.7696741170116833,1.0537598468363285,0.35978749953210354,1.2453668423861797,0.5253076532057354,0.9344184462513242,0.6328604120228972,0.9451525477426392,0.6497880481183529,0.5594654019389834,0.5104680902191571,1.1013975994927543,0.5386657863855362,0.5908415450581482,0.19186919262366636,0.31154073987688335,0.39636966798986706,0.6875847767566613,0.20824812831623213,0.3886560004736696,0.4858847962958472,0.06479343452623912
ERR1368969,1,-0.0749163020269147,-0.07349955583257335,0.1660508971129145,0.05211142397352627,0.21890085559737468,-0.10247249701725585,-0.0016047498585456716,0.07119855604001454,0.008336129764627134,0.09255900393639292,-0.094171584716865,-0.10271002205887012,-0.04546186101755926,0.02515928340809686,0.00406428932079247,0.20268167981079646,0.07682234700769186,-0.055801525312875,0.052032369055918286,-0.05353551584162882,0.030628915343965803,-0.11119775527289935,0.46812269889882635,-0.009684938139149122,0.17150908229606493,0.02974942166890417,0.12444622964332146,0.017565669092748846,0.14205662586859294,0.30795193037816454,0.21302762727386185,0.28286142041906714,0.5634754853589194,0.4519478295530592,0.34947662840464283,0.5804066509008408,0.5316353355135236,0.700234606595976,0.29727240971156527,0.4377723155277116,0.6462291903319836,0.6071244020547185,0.5553170282925878,0.436694505491427,0.11982905811497144,1.0101528522292418,0.46364025345870424,0.6403267681598663,0.37219217526061193,0.7539534334625516,0.1500697061419487,-0.04563840585095542,0.22548879949109896,1.1317357122898102,0.5432714819908142,0.2529674188366958,0.07347632093088967,0.20346274173685483,0.27704053478581564,0.2252953653889043,0.16916407378656523,0.21059001130717142,0.2792526419673647,0.07461680365460259
ERR1368970,0,-0.09535975554691893,-0.10920454082744462,-0.09448822055544172,-0.09689217592988696,-0.0478292458823749,-0.03753931394645146,-0.04232523058141981,0.11702219290392739,0.06980168047760214,-0.039609260324920924,-0.10488238132425717,-0.02170815584915025,0.05641625289406095,0.03343398815819195,-0.02742027840577066,0.04732714693195054,0.0603047428386552,-0.0443600919097662,0.12773910803454264,0.19906219094991684,0.00214193548474993,-0.018934111510004317,0.4979584344795772,0.1099421786410468,0.08725348647151675,0.07880084003720965,0.21167046017944813,0.028822971241814748,0.068983686289617,0.27676210924983025,0.19369802517550333,0.06758967875170388,0.1277796391929899,0.1877528057832803,0.30909249825137003,0.2139977261956249,0.3151513221839975,0.1981995888054371,0.058321540909154077,0.11617427851472582,0.3474642120833908,0.28945350859846386,0.12982983913804805,0.03802743234804699,-0.03083200180636985,0.23075868565190052,0.04626487301928656,-0.02357040505324091,-0.025996715894767215,0.2958815667246069,-0.058229556041104455,-0.10639612855655807,0.0163609151329313,0.4386523568204471,-0.024670525370830938,0.01722326236111777,-0.07510458039385932,-0.027475901480231966,-0.08801960891910962,-0.028892424223678454,-0.08875396874334131,-0.04982354385512216,-0.08763968465583664,-0.11470905358770064
ERR1368971,0,-0.07323182094842196,-0.08531010443610805,-0.08166125044226646,-0.10915462992021016,-0.06688958300011498,-0.1401780386056219,-0.10600618485893522,-0.08175298172448363,-0.0001754143408366612,-0.0914346260417785,-0.07941137786422457,-0.11359062604606152,-0.09236852956070964,-0.10306585473673684,-0.04785086500591466,-0.12090669625571795,-0.05123282330376761,-0.13831258352313722,-0.14465410049472535,0.047874837049416134,-0.03522975689598492,-0.124677909804242,-0.005448085921151298,-0.008421036281755992,0.18122562606419837,0.18276475582804,-0.041608642254556925,-0.0717636298920427,-0.12232947775295802,0.18296989372798375,0.2147987112402916,0.34137110305683954,0.7702424651943147,0.8381320714418378,0.4479265000138964,1.0348998914871896,0.49519706943205427,0.8408506153417485,0.5838223376444408,1.0368068750415529,0.7590202944619315,1.0124820183430399,0.7233066127768585,0.9872326866856643,0.33998208546212744,1.2309856837548847,0.42954466997512747,0.8062052001644459,0.7891651594213077,0.8190939405134746,0.6739585144179208,0.3901147017854133,0.2951160360659872,1.0868837561990534,0.8031097267355237,0.4340377758656229,0.14056275252785003,0.6674838310905865,0.41830148281795637,0.5600711000817162,0.28644661392484394,0.5812944078019687,0.4580556260687964,0.2110144498624972
ERR1368972,0,-0.11141452698835305,-0.13077250655208314,-0.1226857134274074,-0.1226421557366848,-0.11372053091015134,-0.08833416444914681,-0.11896374188030936,-0.023790561727115085,-0.05727404755141054,-0.1340381417955671,-0.10699719935655594,-0.14826399513653346,-0.12641056307724544,-0.10664706198232514,-0.03572249272838235,-0.1589090217437063,-0.0692915107522692,-0.13504520963345254,-0.12809034596596444,0.043137836669172556,-0.03433309415621417,-0.08763924108019897,0.11815194572721209,0.008920586534908839,-0.019283265939780643,0.03729253488459757,0.05841457251725452,-0.08635953973446574,-0.07085377563323293,0.17052062813724791,0.20828176502670562,0.11158721787588936,0.3182626334684236,0.37526269257068634,0.28566613899809973,0.5494082752349121,0.374157670087048,0.35137879183249815,0.2994416377374104,0.4909380115568638,0.460525624553806,0.48369077912398745,0.22252733153956278,0.24997157284191676,0.008521386023078645,0.5228683292433354,0.12322623907987561,0.17873659982745135,0.12970992816346033,0.39714585510747774,0.09442335274070501,-0.05104612572384732,0.0795016625363912,0.5613758159535271,0.13575322370577073,0.17411976626941136,-0.013863073661923409,0.08944902835147721,-0.06062317905681474,0.20560518066797936,-0.08955654129385948,-0.06263975852302142,-0.047243138037239465,-0.12346356787851878
ERR1368973,0,-0.08421615231782198,-0.10057166271976062,-0.11757480672427587,-0.10827133698122841,-0.09710502518074852,-0.11385577609429934,-0.09239435302359718,-0.05299904410328184,-0.057108454406261444,-0.10524771788290568,-0.10592792875000409,-0.1416063564164298,-0.12050050071307591,-0.11324385447161538,-0.06373886551175799,-0.14907935155289515,-0.050089983003480096,-0.12739464001996176,-0.14077302600656236,0.04040158965757915,0.0009650263403143201,-0.13322146290114947,0.08844445033797196,-0.01909848302602768,0.08642211928963661,0.06111751875973174,0.037900414051754136,-0.08506457574133362,-0.11249878204294614,0.2709233718258994,0.1505408144689032,0.1236428613109248,0.4685610330530575,0.4491869594369616,0.3041150899870055,0.5900354300226484,0.4631268797176225,0.566802938069616,0.3873934341328485,0.5016959783221994,0.6250722549323525,0.5440616969551358,0.36296385773623896,0.43120897987059187,0.101577242570264,0.7477643321866968,0.22973561487534816,0.31865499168634415,0.260785167238542,0.5766733310052327,0.27086397766002585,-0.024186318474156514,0.17322628945112228,0.8096106329134533,0.3999669243182455,0.19416062853166036,-0.030540117993950844,0.12616743785994394,0.04224700001733644,0.17865121424464242,-0.05779914025749479,0.08875766369913306,0.07770879885980062,-0.03158326872757503
ERR1368974,1,-0.058316677276577265,-0.10852415274296488,-0.08841810135969094,-0.11169299403471607,-0.06758379616907664,-0.11776109784841537,-0.10721286213291543,-0.07554747323904719,-0.05659045651555061,-0.08250258996018342,-0.08389300400657314,-0.13420201518705913,-0.13711916016680853,-0.13154244289866515,-0.049296568746545484,-0.12600424247128622,-0.039123374436582835,-0.15150364914110728,-0.12405490236622947,-0.004361494311264583,-0.022379370672362193,-0.13719750621489116,-0.017798719661576406,-0.0040448685841900965,0.06395034066268376,0.1770990299327033,-0.0022524483501911163,-0.0818268960075719,-0.1147729584148952,0.16238445256437575,0.18972039967775345,0.18278465952192033,0.6329963241836855,0.6795806416443416,0.4270951889255749,1.0681727251836233,0.5314024559089116,0.8264857621065208,0.5188377265419278,0.867003392960344,0.8238857729094369,0.7683516990925584,0.5417836734226772,0.851949176618031,0.28329117383275715,1.0078916821096624,0.401122730757509,0.5992510755147252,0.5656957325658628,0.8468097070498126,0.5683372097888163,0.37785658506410463,0.30641249886580874,0.8787359126976558,0.5927237378699439,0.5143002670790467,0.16024259477853775,0.43937778579337256,0.3832704084260123,0.584923577095781,0.2281341552734375,0.39341890066862106,0.3720813952386379,0.06038895182843719
ERR1368976,1,-0.055081642898065705,-0.06870176776179246,-0.08938844608409065,-0.11260567765150752,-0.0747747572937182,-0.1335381314690624,-0.09815480347190585,-0.09751274889068944,0.0347105615905353,-0.0782121866941452,-0.08665471001794296,-0.10682063922286034,-0.11167018062302045,-0.11605668387242726,-0.05768642348370382,-0.10548253996031624,-0.02513481250831059,-0.1465965434908867,-0.12818556119288718,0.07574660650321416,-0.042595911238874705,-0.11812286504677363,-0.02485238867146628,-0.040031946397253444,0.22904692164489202,0.20986768363841943,-0.0447685822312321,-0.05157283414155245,-0.12325267493724823,0.2516307011246681,0.2355292152081217,0.4005546596433435,0.8942465441567558,0.8962667256460658,0.5256955974868366,1.256567126938275,0.5641683387969222,0.9363881785954747,0.6963696631469897,1.2602209390274115,0.8757507513676371,1.269012376666069,1.0213657633534499,1.3170009751671128,0.5251445003918239,1.4859457391181163,0.6837339784417834,1.2585898520691055,1.029818330492292,1.0502594815833228,0.8818227936114583,0.4623299294284412,0.5330709639404502,1.533505916595459,1.2384662203091596,0.6525181595768247,0.33168420967246803,0.9953567566616195,0.8816926426121167,0.7290062414748328,0.7190677576831409,1.0576518710170473,0.7336212705288615,0.7783243021528635
ERR1368977,1,-0.08222853711673192,-0.09732963943055697,-0.10341185224907738,-0.10543130178536687,-0.08328060646142278,-0.11133343646568912,-0.09540794862966452,-0.07471877123628344,-0.05190366879105568,-0.09383265647505011,-0.09758819400199822,-0.13639022197042192,-0.13042902733598435,-0.12419392860361508,-0.039441897932972224,-0.13989895582199097,-0.0555647329560348,-0.1344293441091265,-0.13798606608595168,0.041060867586306164,-0.01132104652268546,-0.13722582321081842,0.05592899503452437,-0.013381616345473699,0.08826180813567978,0.10039683431386948,0.008338325523904391,-0.07862657228750843,-0.12413355920995985,0.22244914301804133,0.20559861936739512,0.20506649943334715,0.653760798807655,0.6477877487029348,0.4570748454758099,0.9905306005052158,0.5240204203208643,0.6726633076156888,0.526223191193172,0.8458074895398957,0.8018143751791545,0.8431264949696404,0.5540206847446305,0.73482278787664,0.3783343442316566,1.0658726408478938,0.3719602940337999,0.6641964036971331,0.5965681055427662,0.7411382868885994,0.5571569715227399,0.1640516977225031,0.4101600742765835,1.0269722704376494,0.7542800988469806,0.5500373180423465,0.1975269660885845,0.47719440715653555,0.32336640464408056,0.5463459364005497,0.21008638931172235,0.41191904566117693,0.2833641746214458,0.03502694517374039
ERR1368978,1,0.0019007985080991472,-0.0598916175908276,-0.11363251294408526,-0.11198247463575431,-0.07634632555501801,-0.11369882550622736,-0.10783679996218,-0.09212648296462637,-0.04042932404471295,-0.07014196765209947,-0.0925384552351066,-0.08511118511004108,-0.09273371499563966,-0.1079663692840508,-0.08427318598010711,-0.09485274846000331,-0.019280166697821448,-0.1177984784756388,-0.09930157142558269,-0.003667213687939303,-0.05587122855441911,-0.1034171674400568,-0.061666637126888545,-0.06343428098729678,0.24633388008390153,0.22463105831827437,-0.05551035136782697,-0.0009944828759346689,-0.1171168035694531,0.22852261577333724,0.30563160298126085,0.5574845277837345,1.0890749064939362,1.0495466962456703,0.7223574221134186,1.7188297765595573,0.7545829308884484,1.2432486877909728,0.9093386062553951,1.6526162105479412,1.063460678926536,1.7270093448460102,1.318509123155049,1.7090706846543722,0.6988632412893432,1.8489706661286098,1.0226498480354036,1.8406975173524447,1.3606709688901901,1.3864948877266474,1.1956480502267368,0.8875963794333595,0.8410505061703069,1.9965816246611732,1.6407922634056635,1.0064263184155737,0.6266348283471805,1.4789558127522469,1.3993422772203172,1.3498077860900335,1.231765780065741,1.4675122031143732,1.1820724702307157,1.5234372784117503
ERR1368979,1,0.05591049138456583,-0.04503044359652059,-0.12054270931652614,-0.10366559747074332,-0.07604019895994238,-0.09227563063281455,-0.11275959096383303,-0.09487391316464969,-0.08093404340823847,-0.051713059756106565,-0.1031099446117878,-0.0749156777081745,-0.07966875837051443,-0.10886511273149933,-0.09376503628612097,-0.10587479074352554,-0.028703552155223275,-0.0852811202140791,-0.08561078126409224,-0.0627492932336671,-0.010437906320605959,-0.08632329731647458,-0.05830830122743334,-0.07226994207927159,0.23390252994639532,0.20965681118624552,-0.061594298774642606,0.031421452128727524,-0.12248674354382924,0.22042236849665642,0.15440249230180467,0.598844877843346,1.1847277555082525,1.0517853562320982,0.628044905074473,1.7883127587182182,0.8329084579433713,1.4397739267774992,1.0253638454845972,1.6629988362214394,1.177674077451229,1.6508734234209572,1.425480380654335,2.07552832365036,0.7716178659881864,2.044746836115207,1.1688813077551978,2.2287796906062534,1.5116976073810033,1.5320385907377516,1.463560232094356,1.0447197865162576,0.9942230262926647,2.186508093561445,1.705034607223102,0.9584689741688115,0.784940884581634,1.730270260146686,1.808347214013338,1.5537016945225852,1.4415171572140284,1.5436362996697426,1.472935018794877,1.9232485038893563
ERR1368980,1,-0.08212230021932296,-0.129300451704434,-0.13040847278067044,-0.14600214681455068,-0.1021075461591993,-0.07295880386871952,-0.06410645959632737,-0.007352195680141449,-0.04304812555866582,-0.09901566963110651,-0.08781072550586291,-0.12577067182532378,-0.0700303784438542,-0.08223528414964676,-0.058403369305389266,-0.1284827228103365,-0.05578557135803359,-0.07527918475014823,-0.02205441120479788,0.015879248401948383,-0.004202247730323246,-0.14498731068202428,0.08799634341682706,0.11630917659827641,0.0019149146974086761,0.08458267471620015,0.07149019837379456,0.006489978837115424,-0.09942434768059424,0.20850433622087752,0.18126085613455092,0.03313937730022839,0.3826643632990973,0.43624656541006906,0.5046191353883062,0.9366909350667681,0.5841387345322541,0.4782623936023031,0.3831700938088553,0.7223519853183201,0.6063718061361995,0.6520002204924822,0.5108292661607265,0.5673430200134005,0.2810356542468071,0.8493733908315855,0.36646598896809984,0.5253036173526198,0.4753360737647329,0.6492106637784413,0.3675676967416491,0.29388894885778427,0.30303877778351307,0.7964761831930706,0.45009549281426836,0.5636094272402781,0.09040067758801992,0.2944167708711965,0.2965760092650141,0.3532251130257334,0.17592523406658853,0.33345647026518627,0.19524934994322912,-0.125101452427251
ERR1368981,1,-0.08130797384572881,-0.06070261275661843,-0.14208642819098063,-0.12748507303850992,-0.09906497211860758,-0.11583931823926312,-0.10537093578438674,-0.06364474871328898,-0.06436492920121444,0.03418179282120296,-0.11276838289839881,-0.13156356289982796,-0.09756034067166704,-0.12038486297907573,-0.09395642019808292,-0.13303679334265844,-0.06806886282616428,-0.10772577047880207,-0.03475083463958332,-0.019259354365723475,-0.04811507995639529,-0.12778624945453235,0.0035633782723120283,-0.020835874868290766,0.07471342012286186,0.06931294447609357,-0.044269688128094585,-0.03284989936011178,-0.14294616452285222,0.23638820541756494,0.23312060854264668,0.24512146626199996,0.7517089598945209,0.5221925665225301,0.390980059114684,1.192637535078185,0.652586637863091,0.8416438485894885,0.5834715547306197,1.122105575565781,0.7443334082407611,1.04994330608419,1.1673179774412088,1.2704939592097486,0.39842645291771206,1.5077723419027669,0.8491491872285094,1.3943766738687242,0.9955991293702807,0.8115913173449891,0.843729288184217,0.436190057013716,0.6432702903236661,1.5471620112657547,1.0263418315776758,0.8449310287833214,0.2876394199473517,1.2179983002798898,0.8049098051020077,0.6111310188259397,0.8207165258271354,0.9348564161253827,0.7801496492964881,0.723298328263419
ERR1368982,1,-0.06243384177131312,-0.07053054350295238,-0.10433016265077251,-0.1166558505168983,-0.07761096528598241,-0.13103205550994193,-0.12861054284232004,-0.09562231919595174,-0.01413757646722453,-0.07007116717951638,-0.06741299852728844,-0.11612543171005589,-0.09103687852621078,-0.13731229731014796,-0.06969080945210797,-0.09917000388460499,-0.03778469502659781,-0.1455813476017543,-0.11786356786199446,0.041919250573430746,-0.06611655758959907,-0.08804774713436407,-0.039688605282987864,-0.03442145724381719,0.1824143576834883,0.13045831929360116,-0.05321950784751347,-0.04140424409082958,-0.11788221395441464,0.20093373422111785,0.3716087820274489,0.5187728298561913,1.03315462491342,0.8467593134513923,0.5971985821213041,1.4181107112339564,0.7151931026684386,0.9872139000466892,0.8444599509239197,1.5973837774779116,0.9423238432833126,1.5510662921837397,1.4048663856727737,1.5400054353688444,0.5578481810433524,1.749733917415142,0.8400263392499515,1.6965219655207224,1.1695864966937475,1.0263480714389257,0.9808918578284127,0.9454590896410602,0.7347128018736839,1.8051035489354814,1.365651120032583,0.9837784916162491,0.4900608477847917,1.4089157992441739,1.1366144120693207,1.0232554844447546,1.0424191398280007,1.209544558610235,1.0906577993716513,1.1078062451311521
ERR1368983,1,0.011356662692768233,-0.05989337858877012,-0.11765288029398237,-0.11258910596370697,-0.07314497438658561,-0.12134396032031093,-0.09612672529848558,-0.10282938395227705,-0.054833946616521904,-0.06570813811517187,-0.10345726353781563,-0.0966802148946694,-0.08841874077916145,-0.11273736080953053,-0.0847944819168853,-0.09515768968101058,-0.02952097135130316,-0.1279507800936699,-0.10364370906193342,-0.015875016206077168,-0.020170099501098906,-0.109297575562128,-0.03313620973910604,-0.04271045007875988,0.21441184729337692,0.23166143322097404,-0.045322952060295005,-0.006924093068976488,-0.12001002473490578,0.2677724467856543,0.2716402110776731,0.5319297313690186,1.0774579143949918,0.9786489108311278,0.7691906743815967,1.726665803364345,0.6873432766380054,1.1943710914679937,0.8719431055443627,1.6295775803072112,1.0403990234647478,1.6330832203051873,1.247007502509015,1.6445526480674744,0.6579179476414408,1.73350333172961,0.9916908208812986,1.737591486956392,1.2705694192222186,1.3823863118886948,1.212939651682973,0.889166133744376,0.8267024609127215,1.9060758692877633,1.4868110375744956,0.9294800577419144,0.5699856774881482,1.3756615306649889,1.3036975477422987,1.1911338525159019,1.1013123126966613,1.3925283551216125,1.080615249861564,1.3707426600158215
ERR1368984,1,-0.08032826893031597,-0.07677822054496833,-0.12173347813742501,-0.11498575923698288,-0.09351155933524881,-0.11233641766011715,-0.08786655224061438,-0.0663832277059555,-0.06958635078210916,-0.09462466117526803,-0.10059658970151629,-0.12295716947742871,-0.10898702644876071,-0.10816222216401782,-0.04929896630346775,-0.13311503774353436,-0.04977527779660055,-0.13462530821561813,-0.1277881929916995,0.0018056237271853856,0.004056577171598162,-0.13013245537877083,0.06754826780940805,-0.02104392700961658,0.09889371906008039,0.002139665186405182,0.031964586016588976,-0.04500156680920294,-0.12388695137841362,0.2984548934868404,0.30185183456965853,0.3919976917760713,0.7914586759039334,0.7862063327005931,0.5116331215415683,1.107740764107023,0.66370818231787,0.6944918161524194,0.633481812264238,1.1405450611242227,0.9113523353423391,1.1221736946276255,1.101864536425897,1.0486247362568974,0.38851351982780863,1.4414695135450788,0.6436276439843434,1.2185131508324827,0.927105039358139,0.7354609966278076,0.6402549619254257,0.37443139404058456,0.623679019510746,1.3953408088002885,1.0605328530073166,0.8682605613555227,0.2794756657843079,0.8342553504875728,0.4276375975459814,0.53636270655053,0.5592171177268028,0.5105630329677037,0.45907884570104734,0.43750362736838205
ERR1368986,1,-0.08095473024461951,-0.08732917864939996,-0.10095991886087827,-0.11636803352407046,-0.07204719819128513,-0.11347269000751632,-0.13034347178680555,-0.1046198665031365,0.0921541087861572,-0.06483213896197933,-0.03266409944210734,-0.11116188551698412,-0.09716673993638583,-0.14269582395042693,-0.030450175383261273,-0.08671841344663075,-0.041072497909356444,-0.13616899667041643,-0.11050510371569544,0.0558669918349811,-0.05675623406256948,-0.08809586840548686,-0.045643775058644157,-0.0019324389951569693,0.16574068261044367,0.11431241248335157,-0.028075662375028645,-0.06644689185278756,-0.0936200243553945,0.11809981295040675,0.5219074822962284,0.4457733875938824,0.9209705186741692,0.6265113625143256,0.4728644788265228,1.3090638262884957,0.8219416609832219,0.9310462070362908,0.9811801654951913,1.7188231987612588,0.8776028326579502,1.5269216526898421,1.5082404230322157,1.5442554077931814,0.44871491832392557,1.713762336211013,0.8283421290772301,1.8402790959392274,1.072400118623461,0.8583668555532183,0.9497125116842133,0.9604998635394233,0.8315108359924385,1.8002926111221313,1.1136548955525671,0.9877520341958318,0.5441099642110723,1.3815722284572465,1.2674044040696961,1.0027370069708144,1.0906876857791628,1.128722539969853,1.2084696942142077,1.12331599848611
ERR1368987,1,-0.08447216058682118,-0.09863110445439816,-0.13233794910567148,-0.11174111919743675,-0.11012650573892253,-0.08543825894594193,-0.08573765999504498,-0.010685225682599204,-0.04620582989550063,-0.06859240707542215,-0.10437421819993428,-0.12332554427640778,-0.10099677209343229,-0.07313422805496625,-0.01790956939969744,-0.15201680042913981,-0.04681599938443729,-0.10464605609221118,-0.05040530275021281,0.09593113565019198,0.018884609852518355,-0.13721186461459314,0.17908140218683652,-0.016160980399165834,0.04940953424998692,-0.011087206857545035,0.10568979681868639,-0.06900640523859433,-0.1126163410288947,0.3232752281640257,0.20263727009296417,0.18173182609358005,0.47407158996377674,0.4707883873156139,0.37411393065537724,0.5988557487726212,0.5319331597004618,0.4236553907394409,0.4039402188999312,0.7298158428498677,0.6286553336041314,0.6587551065853664,0.40997994265386034,0.4505934566259384,0.12633559932666166,0.8264689829998783,0.28683298347251757,0.5230488106608391,0.35801352294428007,0.491748608648777,0.20055108118270124,-0.09222412109375,0.3635595270565578,0.7951389625668526,0.4871219205004828,0.4320439887898309,0.010123962004269873,0.11944978152002607,0.07332984201743134,0.20436649210751057,0.017474520818463395,0.04836733426366534,0.07344854410205569,-0.09585626161840212
ERR1368988,1,-0.07192269952169486,-0.09458327772361892,-0.08891500066965818,-0.1015796797416572,-0.09420045145920344,-0.14976308175495692,-0.10303344205021858,-0.09258306239332471,-0.06195032224059105,-0.10419572730149541,-0.09643502959183284,-0.12470694418464388,-0.13837999211890356,-0.08071121254137584,-0.07566573836707643,-0.12970771853412902,-0.05799775889941624,-0.12607474638415234,-0.13205343538096972,0.04569992529494422,-0.04642504506877491,-0.13352467439004354,-0.01800532958337239,-0.02508585900068283,0.1442091507571084,0.18319135904312134,-0.03468018104987485,-0.09038616397551127,-0.1311395083154951,0.1975304697241102,0.14385709379400527,0.21435028633901052,0.6133685278307114,0.6593448509063039,0.5594937460763114,0.9616707009928567,0.5205237945275647,0.8088828985180173,0.5238868168422154,0.906810605100223,0.711800353867667,0.9651203230023384,0.7120108348982674,0.8161167768495423,0.3342749713254826,1.1726189015898854,0.48495460620948244,0.9078857244125434,0.6346820800432137,0.8680612317153386,0.5932613174830165,0.26541525604469435,0.2630978805412139,1.1083306521177292,0.8310987268175397,0.47753782463925226,0.18313007269586837,0.7947803267410823,0.5385326051286289,0.5920602519597326,0.34564707641090664,0.6530092358589172,0.45422494198594776,0.35883371957710813
ERR1368989,1,0.03140100570661681,-0.05809487868100405,-0.11904501436012131,-0.11691474754895483,-0.07134536254618849,-0.1112345504973616,-0.11825498645859105,-0.09859628815736089,-0.022228735964745283,-0.06310485662626368,-0.07719827709453446,-0.09337141231766768,-0.08141117942120348,-0.11799702819968973,-0.07472010881506971,-0.08791502299053329,-0.034082954799357267,-0.11718257303748812,-0.11000232823425904,0.00348254492772477,-0.02894005072968347,-0.08757279826594251,-0.06031236212168421,-0.06315772820796285,0.28422720836741583,0.236564323838268,-0.06410124152898788,-0.032069196492167454,-0.11394136611904417,0.20231522619724274,0.27898491493293215,0.5528502292664987,1.0797215380838938,1.0072579474321433,0.6115424292428153,1.692798180239541,0.7518053374120167,1.2368622999305703,1.0321517075811113,1.668659059330821,1.005259096622467,1.6843672442649091,1.402950825967959,1.8754416874476842,0.6974010648471969,1.8740284090329493,1.0254652798175812,1.9776188534285342,1.3838569042938096,1.332984711442675,1.2977653091906436,1.0030866435595922,0.9160887356847525,1.9785923234054021,1.5535186444010054,0.9857157820037433,0.6068708481533187,1.545619082237993,1.5149166477578027,1.395697636263711,1.2305355279573373,1.4527593957526344,1.2847421238464969,1.5654728987387247
ERR1368990,1,-0.06531022968036788,-0.08530861831137113,-0.0968341686363731,-0.09527104294725827,-0.08807390076773507,-0.13906416350177356,-0.10798407612102372,-0.07222657544272286,-0.053939170869333405,-0.09005057173115867,-0.09260230351771627,-0.1282426682966096,-0.12483426289899009,-0.1250033634049552,-0.07553290489262768,-0.13920539617538452,-0.037840785192591805,-0.13890244279588973,-0.1341344565153122,0.010070564491408212,-0.022628143429756165,-0.1256788671016693,-0.0054883020264761785,-0.030297072870390757,0.15250595126833236,0.11112261882850102,-0.02036057093313762,-0.0721635642860617,-0.1266645203743662,0.23978231634412492,0.21870899839060648,0.29877263946192606,0.7486034272504705,0.7209108035479274,0.44396440365484785,1.0311389459030968,0.5767665920513017,0.8202395670648132,0.704041879091944,0.9669241538005215,0.8177486413291523,0.9320806775774274,0.6699986617480006,0.9076487025512117,0.251818072250379,1.1785817891691945,0.41168490797281265,0.8989169193165643,0.6894145937902587,0.8384087689087859,0.622954323887825,0.23145671721015657,0.35180142402116743,1.1361517222332103,0.8626329146458634,0.4380402894956725,0.15034250915050507,0.6430763905601842,0.4686914679727384,0.604234020624842,0.27274423305477413,0.5059534524168287,0.4007954927427428,0.23688020344291413
ERR1368991,1,-0.028453387586133822,-0.07304930819996766,-0.09269084674971444,-0.1036428724016462,-0.06787568490420069,-0.12422362648482833,-0.10273914092353412,-0.09181358878101621,0.030632666179112027,-0.07549462254558291,-0.06044911752854075,-0.08638962178624102,-0.10668610275856086,-0.09794000097151313,-0.0589159419760108,-0.09123519967709269,-0.02725206421954291,-0.1374300058398928,-0.11871680484286376,0.06095003389886448,-0.05139685794711113,-0.11319382808038167,-0.02096967931304659,-0.029532761446067264,0.2580617650278977,0.2701924570969173,-0.057831217135701864,-0.0547496322542429,-0.11780514195561409,0.24184027314186096,0.23837173730134964,0.4004074005143983,0.8885272586984294,0.936924263302769,0.600914081292493,1.4016659132071905,0.5986434050968715,0.9829954361276967,0.7699616168226514,1.3030055705457926,0.8762049185378211,1.3697576317603566,0.952676717990211,1.4313525427132845,0.5970018995659692,1.5274380299129657,0.7328734270163945,1.2552884008203233,1.1246145383587904,1.14974345266819,1.0094530071531023,0.6414337168846812,0.5747881659439632,1.5713176993387086,1.3158055735485894,0.7543646810310227,0.37273248976894785,1.1470266845343369,0.9738580297146525,0.9417047883783068,0.8331254624894687,1.2093063124588557,0.8368788792618683,0.9160160848072597
ERR1368992,1,-0.019930245354771614,-0.04797426597880466,-0.12679331111056463,-0.10868993082216807,-0.08310833486861416,-0.1074553660582751,-0.10568122013605066,-0.10871394989745957,-0.06978833751886018,-0.06281149586928743,-0.10961069166660309,-0.09716827315943581,-0.08292981862489666,-0.10783008931736861,-0.1078855963091233,-0.09530593228659459,-0.04435961154688682,-0.10156132227608136,-0.08300374960526824,-0.05463351069816521,-0.00532744824886322,-0.10817572101950645,-0.08173272865159172,-0.06277047310556684,0.2248907799699477,0.207025303372315,-0.08525990094390831,0.006042893111173596,-0.11678212136030197,0.2255600807922227,0.16768160894779222,0.5359501785465649,1.0589423381856509,0.9696047731808254,0.5493961599256311,1.6667266402925764,0.6877277207427791,1.3416562804153986,0.843623655715159,1.5097900527928556,1.0492661749677998,1.599473043211869,1.2903817051223345,1.7841314396687917,0.6778960903840405,1.8453868952180659,1.075534633227757,1.9759253306048257,1.3483817893346506,1.243102113051074,1.3148049797330583,0.8405764698982239,0.8346708567280855,1.9865739813872747,1.5688476436771452,0.8912646036062922,0.7219666104231562,1.6370232275554113,1.6147030764924628,1.3364181704819202,1.3697110967976707,1.5187139037464346,1.2598373762198858,1.6617760530539922
ERR1368993,1,-0.0035508221813610624,-0.052609554891075404,-0.11225151110972677,-0.11646038506712232,-0.08660038321145944,-0.11069724881755454,-0.1259257351713521,-0.09317176017378058,-0.013874984213284083,-0.07407878126416888,-0.0870061729635511,-0.09398390139852252,-0.0927335639883365,-0.07280091089861733,-0.08401609318596977,-0.09332063461520843,-0.018386073676603183,-0.11122333870402404,-0.10807678988203406,-0.004136550639356885,-0.03222511761954853,-0.09367643004017216,-0.07017693562167031,-0.038599140010774136,0.27960511446092695,0.19826301613024302,-0.06711686795045223,0.013719162371541773,-0.11506286369902748,0.2845101122345243,0.29492845066956114,0.5501070959227425,1.1494487736906325,1.0588623029845101,0.6430956221052578,1.6398587439741408,0.8193506257874625,1.1358631615127837,0.9279463940433094,1.6697661932557821,1.0578797103038855,1.6439077534845896,1.4057653658092022,1.8268699326685496,0.7016995027661324,1.9640742352099292,1.0345076812165124,1.941449733717101,1.5787006382431303,1.2995365538767405,1.2719517733369554,1.0066589026578836,0.8021108981754098,2.0828560335295543,1.7018462015049798,1.0479465488876616,0.6110147583697524,1.6683059356042318,1.3689850675208228,1.3080554444875037,1.3575964580689157,1.5095930014337813,1.32917786841946,1.7032539924340588
ERR1368994,1,0.06317594700625964,-0.055717075908822675,-0.10889682386602674,-0.10068970865436963,-0.06680333208558815,-0.11253964924253523,-0.10609690352742161,-0.09246984842632498,-0.06615400181284972,-0.06065408858869757,-0.10412816490445818,-0.08630554697343282,-0.08349789173475333,-0.11556991003453732,-0.06197378827658083,-0.08758686928610716,-0.010400428187235125,-0.12376606517604419,-0.08898281375877559,-0.05254205821880272,0.005968313664197922,-0.09901550731488637,-0.07981623522937298,-0.05973512785775321,0.21421758058880055,0.26056390362126486,-0.03940677356773189,0.020046566213880266,-0.12153080957276481,0.21340814977884293,0.2438563033938408,0.5248087719082832,1.1335144607084138,1.0213857548577445,0.689172944852284,1.8665843648569924,0.6840773522853851,1.2968198071633066,0.9088398047855922,1.5907640693975347,1.0803379161017281,1.630463129308607,1.1977615654468536,1.8029217720031738,0.7189426964947155,1.7123951671445476,1.0182834203754152,1.8606495305097528,1.3224333003163338,1.3973017547811781,1.2387505880157863,0.9507477922098977,0.8899842931755951,1.8353595797504698,1.5423192562801498,0.9548662241016116,0.6153381098327892,1.3788529570613588,1.4644870342952865,1.391804771763938,1.1148631652551038,1.424831370157855,1.096053384244442,1.390101209282875
ERR1368995,1,0.043100505002907345,-0.05324173146592719,-0.12141181635005134,-0.10457086376845837,-0.08136023887033973,-0.10642124898731709,-0.11563877708145551,-0.09128080627747945,-0.07588504826916116,-0.0675747429153749,-0.10520138910838536,-0.08046756352164916,-0.08688638000083822,-0.10468119542513575,-0.08965787371354443,-0.0961461587409888,-0.008695189907614673,-0.09153940049665314,-0.08131102342823786,-0.04834495804139546,-0.028751655348709652,-0.0841959887849433,-0.059156526678374836,-0.07573027270180839,0.24242235826594488,0.22345883399248123,-0.06980854435823858,0.012952090507107121,-0.12116365932992526,0.20726261926548822,0.19779751522998726,0.6207815749304635,1.195274559514863,1.0634198135563306,0.6617418221597161,1.8654849018369402,0.7528535957847323,1.4062383728367942,0.9775292021887643,1.6928124511614442,1.1157074538724763,1.7313458983387267,1.402575793010848,2.0078299173286984,0.772848733833858,1.9975487890520267,1.122242529477392,2.1189051972968236,1.4702078657490867,1.48347550204822,1.4058279522827692,1.02132482613836,0.9548810411776815,2.1614281088113785,1.7061006714357063,1.0199076309800148,0.7547460379345077,1.7612431826336044,1.690120344715459,1.6435091580663408,1.4153835709605898,1.5771431220429284,1.3583272376230784,1.9341717788151331
ERR1368996,1,0.024815582803317478,-0.04932572366669774,-0.11984791606664658,-0.10782011811222349,-0.08475001808255911,-0.11229239317721554,-0.12098272969680172,-0.0982001679284232,-0.07047734243263092,-0.06613301778478282,-0.09374973603657313,-0.08794546180537768,-0.08420724208865847,-0.1108957129929747,-0.09520758715059076,-0.09041082872343915,-0.028878708968737295,-0.10075450249548469,-0.09378912832055773,-0.04283548652061394,-0.03367623686790466,-0.10193168717835631,-0.07460802208100047,-0.06764767957585198,0.23104072149310792,0.22509451104061945,-0.07086127204820514,0.010769794428987163,-0.12495406397751399,0.21040647051164083,0.19494755645947798,0.5693518279918602,1.1082803894366537,1.0003849299890655,0.6592618104602609,1.7273043819836207,0.6957363401140485,1.353048067007746,0.894238606095314,1.6086565512897713,1.0384421412433897,1.656500229878085,1.2895196505955286,1.863600343465805,0.7640674359032086,1.862466053371983,1.0649337066071374,1.9974317763532912,1.3790025812174593,1.3914938398769923,1.3293819853237696,0.9322347279105868,0.8691899180412292,2.061361387372017,1.6271651818283968,0.924585892685822,0.6686034575104713,1.6538407653570175,1.6236066786306245,1.4089500606060028,1.2833495565823145,1.5812846251896449,1.259248338307121,1.7512580411774772
ERR1368997,1,-0.02366214937397412,-0.06316451275987285,-0.10992110520601273,-0.11108532973698207,-0.09254598138587815,-0.12661997894091265,-0.10332611788596426,-0.09558711679918426,-0.058468379213341644,-0.0849425553211144,-0.09906755627265998,-0.10254438647202083,-0.10445325183016914,-0.10116340592503548,-0.07565187010914087,-0.10547860179628644,-0.04415780638477632,-0.13495109283498355,-0.11082104087940284,-0.01379970567567008,-0.04203559458255768,-0.11870346537658147,-0.04296375385352543,-0.036224394770605226,0.1881510971912316,0.13979601647172654,-0.04541622554617269,-0.009831936564296484,-0.13220318726130895,0.2565822856766837,0.28908723113792284,0.5820130801626614,1.0141521149447985,0.9817752457622971,0.6956721475081784,1.4253271690436773,0.7772668786346912,1.0528828230287348,0.8434086513173368,1.4754296511943852,1.0185970653380667,1.5608430419649397,1.2304905993597848,1.4653471293193954,0.6045022244964328,1.7420347395486064,0.8924467031444822,1.6209045116390501,1.2039989190442222,1.1954046849693571,0.9647773448377848,0.6513174796210868,0.6896489414918635,1.9286477395466395,1.6500181832483836,0.8649508399622781,0.48530879989266396,1.3566794167272747,1.0668342235897268,1.0494318732193537,1.0394160928470748,1.222556275980813,0.9557845871895552,1.197224428078958
ERR1368999,1,0.06054569461515972,-0.07299210503697395,-0.08512521601681199,-0.09910046854721648,-0.05075747639472995,-0.12326149426267616,-0.08098989379193101,-0.07960961759090424,-0.004966058502239841,-0.05387317768431136,-0.07399055361747742,-0.09420876816979476,-0.09532014360385281,-0.11233531736901828,-0.0559232583535569,-0.08066548886043685,-0.01088014813805265,-0.13746862432786397,-0.10061566797750336,0.006931801858757224,-0.0011123152715819223,-0.09664749380733285,-0.04901301780981677,-0.032870735440935404,0.19458589261297934,0.30912015054907116,-0.017306571560246602,-0.015885283638324057,-0.09846472580518041,0.23871632239648274,0.19536884847496236,0.41339248205934254,0.9777690613908427,0.9781068699168307,0.5642302419458117,1.6609311763729369,0.633863755900945,1.2270211619990212,0.8115041958434241,1.4099141119846277,1.062876548085894,1.3628386376159531,0.9761504001383271,1.5796228998473711,0.5995322943532041,1.514749727677554,0.7322168392794473,1.388892486691475,1.117051173533712,1.2304606075797762,1.1382461498890604,0.8745370762688773,0.651273563504219,1.364144476396697,1.1181357918041093,0.8117198470447745,0.44604336097836494,0.9380788012806859,1.0261767974921636,1.0900678655930929,0.7544538027473858,1.0885213698659624,0.8215988783964089,0.6931715075458799
ERR1369000,1,0.028650721535086632,-0.05360793907727514,-0.13020787707396916,-0.12267070769199304,-0.07516287400254182,-0.1258791399720524,-0.11088609928265214,-0.11240690627268382,-0.05286139299693916,-0.0675249347197158,-0.09069255526576724,-0.09606918878853321,-0.09009090704577309,-0.12498736128743206,-0.08377317056458976,-0.08886236677478467,-0.04858709326280015,-0.12486502953938075,-0.10845362511463463,-0.038669983723333905,-0.01457669266632625,-0.10065623319574765,-0.07143708265253476,-0.05415616450565202,0.18713626159088953,0.2352813711123807,-0.047238101584038565,-0.014020407539127129,-0.11276248416730336,0.23561372012980947,0.29652373692286865,0.4843910059758595,1.0208156864557947,0.9455179976565498,0.6196913485016141,1.677481276648385,0.7024800293147564,1.193274234022413,0.8553322755864688,1.6061028353869915,1.0171252063342504,1.6492503648623824,1.3702959269285202,1.826097526720592,0.634879931807518,1.8292303480474013,1.067238328712327,1.872729951781886,1.3264905448470796,1.3270293793507986,1.1495937901948179,0.9322324863501957,0.909363084605762,1.9435187663350786,1.5005757084914617,1.0023097970655985,0.6034419595130852,1.5087300496441978,1.4263519005783434,1.3207005986145564,1.2479719732488905,1.429703774196761,1.247928216521229,1.511321424905743
ERR1369001,1,-0.08013188705912658,-0.04819570554952536,-0.14382308082921164,-0.11176729681236404,-0.09958170141492571,-0.09487022472811597,-0.112080751452595,-0.14308915393693106,-0.06279998716698694,-0.0650689849363906,-0.09287495964339801,-0.08687942288815975,-0.07933156235542681,-0.10465045140257903,-0.11665475667853441,-0.08124458483819451,-0.004886049311608076,-0.12031684443354607,-0.04278216504358819,-0.009094487875699997,0.00156634088073458,-0.06738829998565572,-0.11310559191874095,-0.11823405751160213,0.11882023779409272,0.2528948720012392,-0.10030197175884885,-0.012474171152072293,-0.13394979387521744,0.19929853401013783,0.25573843930448803,0.39314875645296915,0.9350371520434108,0.9427391375814166,0.3832188280565398,1.5077875277825765,0.5546485882784639,1.3264307017837251,0.8282702405537877,1.5236747022718191,1.03849282009261,1.281833518030388,1.5799177352871214,1.8064810718808855,0.6492544098624161,1.8529582172632217,1.038182307034731,2.086699519838606,1.5199569421155112,0.959032346627542,1.4966440073081426,0.8115815307412829,0.9457393277968679,1.8393245679991586,1.5170841052063875,0.9625944154603141,0.7901413078819003,1.7101645363228661,1.5846298398183924,1.141971760562488,1.4824330785444804,1.5953842614378249,1.5315374284982681,1.5282204513038908
ERR1369002,1,0.01974111103585788,-0.0621868846938014,-0.11059760249086789,-0.1031088296856199,-0.07709177902766637,-0.11157796079558986,-0.11798599043062755,-0.08763483858534268,-0.017209315672516823,-0.06589518088315215,-0.09027927102787155,-0.09117065290255207,-0.09076165620769773,-0.11093641285385404,-0.08026565970586878,-0.09927602830742087,-0.0275709037669003,-0.13774178177118301,-0.10680617029512567,-0.004769158416560718,-0.02387830082859312,-0.10743569768965244,-0.06107128890497344,-0.020570137671061924,0.24656552289213454,0.2801557630300522,-0.04160832374223641,-0.02409544094864811,-0.11547017416783742,0.22138633685452597,0.29532325321010183,0.4756985828280449,1.08444808529956,0.9933088719844818,0.6723937509315354,1.6642470274652754,0.753499163048608,1.1402673444577627,0.9414954547371183,1.4972542992659978,1.0134675864662444,1.506813749005752,1.1307811268738337,1.7020131392138345,0.6789559604866164,1.7073773548805289,0.8253013810941151,1.6468841481421674,1.295173573174647,1.3455226485218321,1.1658944583364896,0.8247225635818073,0.7431632477923164,1.8561989877905165,1.4415000264998525,0.8569347592336791,0.4661122543205108,1.3240408663238799,1.293984047536339,1.2301550379821233,0.9831064578944019,1.3204716252429145,1.0579966019306863,1.256127247187708
ERR1369003,1,0.03293632157146931,-0.04865830251947045,-0.11777703570468086,-0.1129933348191636,-0.06594456625836236,-0.11904696215476308,-0.11261678114533424,-0.10445052651422364,-0.060703192704490254,-0.06455601898155042,-0.10289924378905978,-0.09623904020658561,-0.08994325982140643,-0.11390883555369717,-0.0910699524184955,-0.0869900385982224,-0.030067981886012212,-0.11666888743638992,-0.10712157988122531,-0.04198634331779821,-0.01764855853148869,-0.09900525039327997,-0.07474883592554502,-0.04945601576140949,0.21744834472026145,0.2509082539805344,-0.06114604656717607,-0.01843724522872695,-0.110550870852811,0.20364619685070856,0.23913452242101943,0.5476110939468656,1.1064635994178909,0.9572757301586015,0.6128589717139091,1.6951245665550232,0.6516774472381387,1.3193198538252287,0.9493974527078015,1.6169696955808572,1.049711599946022,1.6281108462384768,1.328879822577749,1.8350885574306761,0.6691019726651055,1.7973504135651248,1.0434238548789705,1.9779914383377348,1.3023854185427939,1.3823972514697485,1.2824915881667818,0.9117959610053471,0.8914263016943421,1.999114223888942,1.5538023417549474,0.9105177181107658,0.6763869971036911,1.5600561712469374,1.548706361225673,1.3535764387675695,1.2242177283125264,1.4846127650567464,1.188920100884778,1.7571545839309692
ERR1369004,1,-0.11355933626847607,-0.13169176131486893,-0.12750046913112914,-0.14044365925448282,-0.10795631951519422,-0.10211547996316638,-0.10508813496146883,-0.02871517837047577,-0.06400710237877709,-0.12710118400199072,-0.1136982696396964,-0.132928970535951,-0.10916202728237424,-0.08677631057798862,-0.06348301044532231,-0.062398266579423635,-0.043437981845012734,-0.1062991778765406,-0.06700911160026278,0.06778833482946668,-0.03178708388337067,-0.06997573801449367,0.23581286825771844,0.03450551416192736,0.025696101997579848,0.0744184638772692,0.06677435471543244,-0.06361474206538073,-0.023782726909433092,0.22649323966886317,0.14165919433747018,0.05668216837303979,0.2683658054364579,0.2698117789945432,0.2636883354612759,0.3857020437717438,0.2942934171961887,0.3298915833168264,0.10458763475928988,0.22723051639539854,0.3840969204902649,0.40224603463346803,0.2206211286996092,0.14729555922427348,0.008971145642655236,0.4338514884335122,0.12796866255147116,0.031557705253362656,0.03856793524963515,0.4175279757806233,0.0076776789501309395,-0.06294735095330647,0.0115741209260055,0.5892481484583446,0.14502027737242834,0.06194198504090309,-0.02355514945728438,0.14120906618024623,-0.04868326282926968,0.08616838338119644,-0.08862051048449107,-0.0015503657715661185,-0.07267798483371735,-0.1048033961227962
ERR1369005,1,-0.0402756417170167,-0.04250961555434125,-0.12698652488844736,-0.12097516283392906,-0.08909383243215936,-0.1121080330173884,-0.10499899955799005,-0.11042086886508125,-0.06708993351951774,-0.07496022619307041,-0.1010228262415954,-0.10438001049416405,-0.07795322706390705,-0.11729787276791674,-0.10755659957482878,-0.10556857826720391,-0.05469076654740742,-0.12783134781888553,-0.11001649359241128,-0.0371780235852514,-0.015924743243626187,-0.10753077641129494,-0.06881610383944851,-0.07342744565435819,0.19990363344550133,0.1540609374642372,-0.08322174702438392,-0.008634982497564383,-0.10949515285236495,0.29678065040414886,0.23770099133253098,0.5395597490881171,1.0402874848140138,0.9850181197481496,0.5349017871277673,1.5693532143320357,0.7022538749235017,1.3021518290042877,0.9099631256290844,1.5468854089932782,1.0266488566994667,1.5976793829883849,1.4990335060616158,1.742156948362078,0.6692646528993335,1.9645941443741322,1.081817096897534,1.9473318021212305,1.4756121443850654,1.2773401902190276,1.1328915059566498,0.8024044249738965,0.8507637449407152,2.004251275743757,1.5693156463759286,1.0559015917990888,0.6729285126285893,1.5806093024356025,1.4245476137314523,1.1618709649358476,1.3627245788063322,1.470117851559605,1.272416583129338,1.526415343795504
ERR1369006,1,0.03505181308303561,-0.048834530503622124,-0.12886086106300354,-0.09695368419800486,-0.08534233870783023,-0.09541667572089604,-0.1248402978692736,-0.09471497684717178,-0.062228451882089884,-0.05990360836897578,-0.09824064427188464,-0.09517718585474151,-0.0847119688987732,-0.08528773406786579,-0.09176838960099433,-0.09553809537153159,-0.017136175451534136,-0.09552744616355215,-0.09722703291169767,-0.057513306848704815,-0.012075832379715783,-0.09492785909346171,-0.07576707547663578,-0.08085078559815884,0.2862449942954949,0.22814374097755977,-0.08110935533685344,0.02207803722870137,-0.10558080167642661,0.28514531520860537,0.26585184995617184,0.6101435669032591,1.2182466531438487,1.10432671595897,0.6124032629387719,1.77921382018498,0.9043122764144625,1.3630060787711824,1.1227926399026598,1.740262516508145,1.0962694074426378,1.6586076702390398,1.591277092163052,2.134329672370638,0.7397231683135033,2.1023520240560174,1.1637721977063589,2.2416986482484,1.7082270149673735,1.43804674914905,1.4540570378303528,1.1591340558869498,0.9593324443059308,2.2368444544928416,1.7820571469409126,1.1199410940919603,0.8019434447799411,1.91951427928039,1.7538930241550719,1.5834749140444078,1.6417131743260793,1.6240688216473376,1.6101957144481795,2.076704983200346
ERR1369007,1,-0.010040419442313058,-0.056329546230179925,-0.09780977985688619,-0.10910140510116305,-0.0720910080043333,-0.11539548036775418,-0.10294041889054435,-0.08610764890909195,-0.02375674620270729,-0.06720553019217082,-0.07586856146476098,-0.08167398960462638,-0.09009135807199138,-0.08516903963339116,-0.06934801635465451,-0.08887425038431372,-0.03415117732116154,-0.12267496330397469,-0.1089273057212787,0.020111354866198132,-0.038864039949008396,-0.10032034665346146,-0.04882984235882759,-0.029822633202586855,0.21770437274660384,0.21083004506570951,-0.03485556299399052,-0.017124988670860018,-0.12283010674374444,0.22101811532463347,0.2568422609141895,0.48737067197050365,1.0831804555574698,1.0227416530251503,0.6511745069708142,1.5852602507386888,0.7124689221382141,1.1247697110686983,0.8366848938167095,1.534473146977169,1.0622719654015131,1.5419280433229037,1.175547201918172,1.6463607134563583,0.6936041223151344,1.7488606695884041,0.8771845293896539,1.6305202266999654,1.2740040804658617,1.2413122611386436,1.1073519055332457,0.8594513508890357,0.7000541373022965,1.7940167827265603,1.4337344504892826,0.8402880701635566,0.4577392764788653,1.2466786984420781,1.1581356045124787,1.0817715589489256,0.9213392564228603,1.2404340569462096,1.0285174891884838,0.9964455802525792
ERR1369008,1,0.027643110203955854,-0.04383789900956409,-0.12500549533537456,-0.10268726785268102,-0.08763656106644443,-0.09899413855081159,-0.11031181604734488,-0.09853491213704858,-0.08200261425892157,-0.06322102062404156,-0.09927931028817381,-0.09199249957289014,-0.07884334526689989,-0.10871483052947692,-0.10266280081123114,-0.10192272998392582,-0.02495458657254598,-0.10355850522007261,-0.06679940742573567,-0.07774387902048017,-0.00274904551250594,-0.10237261533204998,-0.0696317395195365,-0.07047116836266858,0.22256319065179145,0.2322423229260104,-0.07367512417425003,0.030527663184329867,-0.11754295229911804,0.28264861394252094,0.20612658334097692,0.5948080819632325,1.1646380488361632,1.1158400867134333,0.5869234270815339,1.7626181926046098,0.7663439310022763,1.5063933517251695,0.9809877350926399,1.6265107254896845,1.1691456643332327,1.6518859272556645,1.5411844727184092,2.0429578849247525,0.7506943212023803,2.0798941600535596,1.304073161312512,2.267563828400203,1.6439270393124648,1.4278903262955802,1.492547333240509,1.0993636697530746,0.9812442160078457,2.147294342517853,1.7179501461131232,1.1443707666226797,0.8439596529517855,1.8955776425344604,1.7181476769702775,1.440003290772438,1.6385250581162316,1.6286777619804655,1.5785928815603256,1.9788845479488373
ERR1369009,1,-0.06386316301567214,-0.08397031602050577,-0.11127980372735433,-0.11564143959965024,-0.08995013790471214,-0.1271182293338435,-0.0900424136114972,-0.09914193568485123,-0.06981324989880834,-0.09974674667630877,-0.10390812724030443,-0.130522863141128,-0.12914191239646503,-0.1308650172182492,-0.058189669091786654,-0.14591177659375326,-0.07199149578809738,-0.1393953881093434,-0.1240222720163209,-0.02115293432559286,0.0016513323145253317,-0.1437186183673995,-0.013639211654663086,-0.012544104031154088,0.08842960558831692,0.10235797294548579,0.0058690667418496946,-0.03641305624374321,-0.12874247027294977,0.20965793303080968,0.26510245885167805,0.33303688892296385,0.7629740834236145,0.7413627249853951,0.5874156206846237,1.05864403290408,0.6367960359369006,0.8627829530409404,0.6481972677367074,1.0604103340634279,0.9104785323143005,1.0464711359569006,0.7414986954203674,0.8976495920547417,0.35081666495118824,1.210205209641052,0.5555261255108884,1.0038435187722956,0.6934148786323411,0.9078864944832665,0.6786430893199784,0.2724838810307639,0.4864533886845623,1.1942922515528542,1.0191397837230138,0.5800060289246696,0.2758532954113824,0.6700004232781274,0.5369376822906945,0.5828083365091256,0.4251036101153919,0.6334005583609853,0.4306346247238772,0.3489463893430574
ERR1369010,1,-0.028526984687362398,-0.05592798548085349,-0.123260925923075,-0.11173167718308312,-0.0965967501646706,-0.1202631287409791,-0.1060288016285215,-0.1078553678733962,-0.05779941340110132,-0.0840583945225392,-0.10170637390443257,-0.11112619297845024,-0.08876291143574885,-0.11702000296541623,-0.0798467434277492,-0.10627095401287079,-0.04898335099486368,-0.1282688948724951,-0.11137771968995887,0.0020880490275365965,-0.05263440843139376,-0.10627769066819123,-0.0012926044208662851,-0.07200978377035686,0.15342141341950213,0.15122712829283305,-0.07083654184160489,-0.014458963913576943,-0.11335606394069535,0.2981220686009952,0.33391330604042324,0.5222245454788208,0.9963089270251138,0.915018655359745,0.662937832730157,1.541239708662033,0.7907356726936996,1.1295615179198129,0.8929708525538445,1.5399743361132485,1.1128592110638107,1.5854026323982648,1.4460907237870353,1.6092629031544285,0.6502270485673632,1.9812267658500267,1.0146390242236,1.8315258771181107,1.430590386901583,1.3210114293864794,1.0755251350679569,0.7688741287482637,0.8769307131213802,2.1373979449272156,1.6315698027610779,1.111558003085,0.5893247452165399,1.5333297827414103,1.3114105005349432,1.1798532477446966,1.3172819859215192,1.4389348604849406,1.1923466730596763,1.4520752924893583
ERR1369011,1,-0.07120862816061292,-0.075545339978167,-0.08114382005961877,-0.10777806706859597,-0.07934794681412834,-0.14977543268884932,-0.08793910592794418,-0.08290380319314343,-0.03384407716138022,-0.09217145054468087,-0.09952746544565473,-0.11426105722784996,-0.11806112581065722,-0.07639352125780922,-0.07122370228171349,-0.12105209353779044,-0.03981086824621473,-0.10702982332025256,-0.12857128732970782,0.03616823149578912,-0.03448425366410187,-0.11795025957482201,-0.011951888246195657,-0.021594644923295294,0.20269017347267695,0.17491586080619267,-0.0537157016141074,-0.07859659753739834,-0.11120364229593958,0.22994375016008103,0.22416056586163385,0.36189093520598753,0.8140209787525237,0.7962131486939532,0.5684567422473005,1.1090580565588815,0.5999045175101075,0.9025786678705897,0.6694514756756169,1.1819203070231847,0.8376860139625413,1.1797373874911241,0.9506771191954613,1.0986225885072989,0.4288244843482971,1.4280848050090884,0.6156413438064712,1.1651263215712138,0.8402159639767238,0.9168058505414852,0.7315896132162639,0.4194137752056122,0.38031781943781034,1.3163728139230184,1.057170023875577,0.5734148110662188,0.23297167356525147,0.9910972203527179,0.6669270124818597,0.7497621497937611,0.5148451690162931,0.8451748532908303,0.593424188505326,0.6387979388237
ERR1369012,1,-0.01680725546819823,-0.06857971221740757,-0.11344929890973228,-0.12086506932973862,-0.07582473542009081,-0.11563389548765761,-0.12140371437583651,-0.10050186195543834,0.0024642393525157657,-0.07475791232926506,-0.06653489704642977,-0.10403783619403839,-0.0948338887787291,-0.11699610203504562,-0.09597950548465763,-0.09168030907000814,-0.06637159023167831,-0.10644026792475156,-0.10513231457610216,-0.031219502112695148,-0.04077782056161335,-0.10912966754819665,-0.04548663619373526,-0.07422038699899401,0.23262234471206153,0.17186900494354113,-0.06809285020322672,-0.05576133481892092,-0.112311951816082,0.1748978453023093,0.2962343349520649,0.5683371062789645,1.0328419070158685,0.9731046855449677,0.6281696031136172,1.5700470805168152,0.7333365221108709,1.2134475928864308,0.9305645866053445,1.5993347301014833,0.8824015355535916,1.66495170923216,1.3537030560629708,1.5917039130415236,0.636839186506612,1.7896780245272177,0.8451240978070668,1.8607850802530135,1.3556726415242468,1.1643072994691985,1.1411227033074414,0.8897294838513646,0.7512340417930058,1.8581455605370658,1.436571506517274,0.9045421012810299,0.6461937539279461,1.5139545340623175,1.4570653545004981,1.2603921336787087,1.1651423328689166,1.412688781108175,1.2357740037675415,1.5463657570736749
ERR1369013,1,-0.100756013566362,-0.09557683631179056,-0.11729119425373417,-0.07672221213579178,-0.1039593145750197,-0.0907587737643293,-0.08773990147320936,0.019619794828551158,-0.05717116304107809,-0.07924965270129698,-0.11611019899802548,-0.12869147903152875,-0.10650448640808463,-0.08746519491874746,-0.05790114914998412,-0.14454486593604088,-0.03433852217027119,-0.08310823288879224,0.04646660281079156,0.03929978209946837,-0.026352591014334133,-0.15293471195868083,0.13056232700390474,-0.010918656630175454,0.04741996047752244,0.05705229286104441,0.06069500983825752,-0.06094477219241006,-0.07819188492638725,0.25148716249636244,0.24503241692270553,0.19339483257915294,0.4938775343554361,0.4710873141884804,0.4161885604262352,0.7513712240116937,0.45915612471955164,0.579070756477969,0.30163851593221935,0.815130427479744,0.5482014193798282,0.7228808999061584,0.4483121857047081,0.4674472744975771,0.15016613900661469,0.8773076481052807,0.46496702837092535,0.6658896516476359,0.4081441398177828,0.6737695059606007,0.23665266909769603,-0.014172071857111794,0.3810902621064867,1.10305212863854,0.562611963067736,0.450579288814749,0.11541849401380334,0.38648771920374464,0.39368198279823574,0.2272998179042978,0.1542076032076563,0.3241387552448681,0.090519943939788,0.1034858278664095
ERR1369014,1,-0.0516263698892934,-0.07590472432119506,-0.08908059714095933,-0.11281126897249903,-0.06315117648669652,-0.1359583671603884,-0.10583135964615005,-0.0960648778293814,0.014741159177252225,-0.07382311272834029,-0.07537581345864705,-0.11107859787132059,-0.10353586237345423,-0.1125763590846743,-0.06876136249463473,-0.09390503593853541,-0.039486308748434694,-0.13955684112651007,-0.12519080750644207,0.057583840297801156,-0.0578938616173608,-0.11566376739314624,-0.022577422005789622,-0.050530433388692994,0.21389561678682054,0.25670800464493887,-0.05141699580209596,-0.056937631485717635,-0.10998030006885529,0.2433170654944011,0.2608820871849145,0.41863541517938885,0.9270512419087547,0.9314777124007898,0.624393995319094,1.4491068997553416,0.5664404335049247,0.9196203079606805,0.6999529089246478,1.4501867911645345,0.8666016927787236,1.3656943196962987,1.0383798469390189,1.4230561924300023,0.5636836998164654,1.4896696779344762,0.8109849318861961,1.2829503257359778,1.1081534480409962,1.1734644898346491,0.9452528719391141,0.6678174350942884,0.5593225317341941,1.6066088918596506,1.328497694006988,0.7442725620099476,0.3986534159630537,1.2104337502803122,1.0214912095772368,0.8698722741433552,0.9255501564059939,1.2744882085493632,0.9022433151091848,1.019924664071628
ERR1369015,1,0.07083299037601266,-0.04539724698822413,-0.12162684010607856,-0.10383263443197523,-0.07917934356789504,-0.08701931918039918,-0.11274893242599708,-0.09148484441850867,-0.08536946993055088,-0.06817089420344148,-0.09758521749504975,-0.08496635087898799,-0.08039341108607394,-0.09269333258271217,-0.102827558061108,-0.09833019313269428,-0.061085336026735604,-0.07394795412463802,-0.06512093449211014,-0.0751179289072752,-0.0095145617212568,-0.0994700411600726,-0.07940177710926426,-0.05402861163020134,0.20874623003016626,0.1815497720880168,-0.07891804061364383,0.02518088703176805,-0.12235152774623462,0.19882372234548842,0.17316593435992086,0.6737925255937236,1.1828299388289452,1.1058413705655508,0.571724824490957,1.7991995045116969,0.7783433198928833,1.575566790997982,1.0494074576667376,1.6218558666961533,1.089006327890924,1.6371558457612991,1.5126214932118143,2.03241651398795,0.745168677930321,2.029886049617614,1.1641154672418321,2.265750059059688,1.60554267678942,1.3910993039608002,1.5007232086999076,1.0507435873150826,0.9531160637603274,2.160071781703404,1.6922868256058012,0.9168818007622447,0.8313948118260929,1.836901673248836,1.7549290039709635,1.4909756777009793,1.560733787715435,1.6012031477210777,1.5040144531854562,1.9492623465401786
ERR1369016,1,-0.03683033133191722,-0.0474004741492016,-0.12368097369159971,-0.11871598714164325,-0.09530066399435912,-0.1141140665858984,-0.11326217180716672,-0.11887105022157941,-0.08129398875670242,-0.07706186055604901,-0.10833626080836568,-0.10887043976358005,-0.08159922954759427,-0.12330408840041075,-0.11085089079902641,-0.11279122265321868,-0.076055065312955,-0.12709542669888055,-0.09598238253965974,-0.056864538096955845,-0.024829360523394177,-0.10800194527421679,-0.053762447887233326,-0.07293556311300822,0.17573418574673788,0.12500579814825738,-0.08562432372543428,-0.006683655814932925,-0.1290037057229451,0.26504806322710855,0.22156570638929093,0.5028275725032602,0.9865716328578336,0.8947109393775463,0.5112433172762394,1.5594784888838018,0.6742690908057349,1.2667981833219528,0.8626455473048347,1.4846400200788463,1.0127849930099078,1.4764426699174302,1.4628930246191365,1.6954194733074732,0.6097454859742096,1.8875700166182858,1.087569739137377,1.9650746062397957,1.3968464987618583,1.1264051816293172,1.1952739017350333,0.7585327071802956,0.8485981241932937,1.974968365260533,1.585326618381909,1.0297858959862165,0.7121034296495574,1.5715267498578345,1.4296320144619261,1.0981741973331995,1.3693570984261376,1.5110047555395536,1.2288841892566,1.426263119493212
ERR1369017,1,-0.06403033162600227,-0.07713536705289568,-0.12828148528933525,-0.12635307226862227,-0.07596479585793402,-0.11501056993646282,-0.07650810319215193,-0.07821298563586813,-0.0629104199386867,-0.08899525393332754,-0.10718807790960584,-0.13249083847871848,-0.11339872037725789,-0.12883319705724716,-0.06488875339605979,-0.1341955182807786,-0.06348935940435954,-0.12059093346553189,-0.10170531538980347,-0.0017113681616527693,0.009285091289452143,-0.14703611816678727,0.014112208570752825,-0.0018183306923934392,0.08078893274068832,0.13505471497774124,0.005990120515759502,-0.05585456346826894,-0.12547183994735991,0.27327885585171835,0.12138261539595467,0.16445355064102582,0.6057528299944741,0.5601506126778466,0.47874956152268816,0.9010869222027915,0.5304955326552901,0.8403361833521298,0.43774288041251047,0.8144221215375832,0.7222007608839444,0.8277780796800341,0.5649182035454682,0.8889878828610692,0.3298542661858456,1.0999494739808142,0.49785369262099266,0.8452995456755161,0.5707212840872151,0.858627767435142,0.5087056585720607,0.17628055065870285,0.38576514180749655,1.071934842637607,0.6836544211421695,0.39299055295331137,0.11754219766174044,0.39747294570718494,0.4122974122209208,0.37432787673813955,0.20571856160781213,0.40122674086264204,0.33863245961921556,0.05963597020932606
ERR1369018,1,-0.05077760832916413,-0.048387589964217374,-0.112092007749847,-0.09783460944890976,-0.08578553306870162,-0.0740162122529,-0.10656375970159258,-0.12505522902522767,-0.088187483771305,-0.06153787619301251,-0.10559746463383947,-0.10474351753613778,-0.09110872460795301,-0.10986783861049584,-0.1125344131141901,-0.07584882893466524,-0.042985982660736353,-0.09099804343921798,-0.07748210549886737,-0.07151225528546742,-0.0015852217163358415,-0.08241977702294077,-0.05781642294355801,-0.11055144082222666,0.1519142325435366,0.15297094892178262,-0.10191456670872867,-0.0267247246977474,-0.12763570249080658,0.2540648063378675,0.26053386288029806,0.5580428323176291,0.9915728362809334,1.0085537816796983,0.32832961955240797,1.522787209068026,0.6216112258178847,1.3482123400483812,1.223593064716884,1.629768309848649,1.132764635341508,1.2932602912187576,1.632279068763767,1.882337668112346,0.4499348114643778,2.004044402922903,1.0605747097704028,2.112091677529471,1.6079911291599274,1.0063200880374228,1.3328312188386917,0.8585348001548222,0.9649443104863167,2.0114734513419017,1.642136065023286,0.9506495935576302,0.8665182271174022,1.8445778446538108,1.5898595909987177,1.2230379155703954,1.6844968678695815,1.5248641361083304,1.6288701104266303,1.6872412988117762
ERR1369019,1,-0.0429343007438417,-0.09330950491130352,-0.0839412495759981,-0.10942208314580577,-0.06442071071692876,-0.14047353767922946,-0.12000999865787369,-0.09519994578191213,0.028085049241781235,-0.08070626482367516,-0.07790074391024453,-0.12060430539505822,-0.1308574043214321,-0.1357287078031472,-0.05911703035235405,-0.11008663049765996,-0.044611314577715735,-0.14508308417030744,-0.1299331369144576,0.08413876007710185,-0.05318037526948111,-0.11964248174003192,-0.004095466009208134,-0.03863184197273638,0.2248722751225744,0.21757051987307413,-0.04620908147522381,-0.09517909493297338,-0.12639386419739043,0.2329283601471356,0.1459688622770565,0.2187369636126927,0.7170345267014844,0.6619748728615897,0.47821589027132305,1.0646678039005824,0.5312778212662254,0.804131930693984,0.6068172603845596,0.9912890759961945,0.7123361996241978,1.020124262597944,0.7089768871665001,0.9915476547820228,0.40912420821509193,1.239200548867562,0.5022502315363714,0.9062866536634309,0.7813016538109098,0.8744526494826589,0.7102022852216449,0.3370627909898758,0.3584081099501678,1.1870322738374983,0.9449398538896016,0.47389567856277737,0.21925618020551546,0.8405324827347483,0.6725967398711613,0.6902992294303009,0.42054033811603275,0.7628063006060464,0.5172217935323715,0.39698890277317594
ERR1369020,1,-0.058833199819283824,-0.05030860459165914,-0.12777370108025415,-0.11413428293807167,-0.08788337638335568,-0.10813661870945777,-0.1105493102222681,-0.11811481416225433,-0.07681314514151641,-0.07745692373386451,-0.11482989309089524,-0.11017394651259695,-0.07570691074111632,-0.130852705532951,-0.08675385742182178,-0.11987345931785447,-0.06206928201884564,-0.13802440890244075,-0.11713518078405676,-0.058385961023824554,-0.04856093281081745,-0.09801093927983727,-0.04840600783271449,-0.06868224058832441,0.1583810012255396,0.08105427026748657,-0.07373518797768545,0.0021072429538305315,-0.10176656182323184,0.3374390942709787,0.39543445834091734,0.5315489651901382,1.0534319920199258,0.932667749335191,0.5770382987601417,1.5524112369332994,0.8578164939369474,1.1654332024710519,1.0480000653437205,1.6464471428522043,1.0417742356657982,1.5190769867705447,1.620128950902394,1.738683085622532,0.5975475864750999,1.9913114049871052,1.041111673627581,1.9695032111236028,1.4635885528155737,1.1853827956531728,1.1398112646171026,0.9376754633017949,0.9550794017102037,2.0507955806595937,1.537755052958216,1.2391670809260436,0.6654041647644979,1.6449041909405164,1.1934691656913077,1.093752927013806,1.268881262413093,1.2181991200361932,1.2026779002376966,1.3899300023913383
ERR1369021,1,0.00633821077644825,-0.045690436115754504,-0.1412623875907489,-0.11354453435965947,-0.09926672113527145,-0.09188786471661713,-0.102083332903151,-0.0994182958134583,-0.08680550148710608,-0.07435684185475111,-0.1039859727025032,-0.09445668198168278,-0.07804846923266139,-0.10883886087685823,-0.10876786853519402,-0.09591372018413884,-0.06450128008145839,-0.08647673310978073,-0.054622232947232466,-0.09146711735853127,-0.0375944801739284,-0.09224934224039316,-0.08727114927023649,-0.07434132056576866,0.1355246715247631,0.12824420205184392,-0.0822285717752363,0.04132629465311766,-0.11384083437068122,0.25154629881892887,0.23924146965146065,0.6631965384419475,1.2368917795164245,1.0360583662986755,0.5776585647836328,1.801282171692167,0.7948955249573503,1.584529846906662,1.1868000967161996,1.7250344469877226,1.1337787764413017,1.8075578340462275,1.7790470272302628,2.1512164835418974,0.70561722399933,2.2412942623985663,1.2408519323383058,2.4503385424613953,1.7372163076485907,1.5146820204598563,1.4909318259784154,1.1986620841281754,1.0526322828871864,2.328676240784781,1.6623600444623403,1.2423782465713364,0.9286759325436184,2.0153734056012973,1.8043982099209512,1.6329093373247556,1.8197719832616193,1.6911740169993468,1.7578719221055508,2.173240968159267
ERR1369022,1,-0.061657138767519167,-0.03722779918462038,-0.14080788620880672,-0.09405365054096494,-0.09012025860803467,-0.10318250841061984,-0.11314524650307638,-0.13004070307527268,-0.08043301295089934,-0.04757713313613619,-0.08402596580396805,-0.09142471025032657,-0.08423397251005683,-0.11539665396724429,-0.10498702376415688,-0.07765192950942687,0.01169631171173283,-0.11650590864675385,-0.09285561773659927,-0.027698745684964315,0.029966219727482115,-0.08365992217191628,-0.09468926542571612,-0.11325416128550257,0.14314806461334229,0.16611487258757865,-0.09461793702627931,-0.026431528352467076,-0.11807904924665179,0.2662187250597136,0.23032283995832717,0.439658593918596,0.9829962658030647,0.9440957297171865,0.3645551470773561,1.574279506291662,0.6724194031474846,1.3238614542143685,1.0227044501474924,1.6099616797374827,1.1427789756229945,1.2895833025021213,1.6355750518185752,1.8827436034168517,0.6402479692229203,1.9675670063921384,1.0662478357553482,2.1296426483563016,1.5332626913275038,0.9721319990099541,1.4661929713828223,0.851808885378497,1.061512563909803,1.9941529035568237,1.5999776401690073,1.038314359528678,0.8456380026681083,1.7505970980439867,1.6505044549703598,1.226076596549579,1.5146571631942476,1.5898083373904228,1.5374909594122852,1.6336799008505685
ERR1369023,1,-0.06178833002091518,-0.12109790423086711,-0.12128879023449761,-0.13771131102527892,-0.0804967675358057,-0.08814634728644576,-0.07975847460329533,-0.09159185577716146,-0.028780412328030382,-0.07666101546159812,-0.10011950161840234,-0.14582298057419912,-0.1051177161612681,-0.12243411583559853,-0.04479548108897039,-0.11268423550895282,-0.05390251960073199,-0.11576140725186893,-0.10631562450102397,0.012425434908696584,0.03457031824759075,-0.10944059757249695,0.030953830374138697,0.04716572165489197,0.025114554911851883,0.1889212993638856,0.05312843520992568,-0.07025614859802383,-0.06381931049483162,0.2291827712740217,0.08284194541296788,0.026880599558353424,0.3857264518737793,0.45210116037300657,0.29438270202704836,0.8550349378160068,0.39707728794642855,0.6452349770281997,0.3263318506734712,0.4340220040508679,0.6151735016277858,0.48873680936438696,0.2703348020357745,0.5035486492727484,0.18798809884382145,0.6174671771670026,0.19183104165962764,0.1832984834909439,0.3002864574082196,0.6576794449772153,0.37130402933274,0.17748047890407698,0.22170028303350722,0.6254127696156502,0.16923979882683074,0.3180853920057416,0.04210663094584431,0.034981365714754374,0.08882600255310535,0.3309847744447844,-0.04200814611145428,0.14543527790478297,0.13945601880550385,-0.10099940618134237
ERR1369025,1,-0.09020869447184461,-0.09087269859654563,-0.11832449053015028,-0.1030131248491151,-0.10730888162340436,-0.1134941475798509,-0.09932731730597359,-0.0482652166060039,-0.062238020822405815,-0.10501339845359325,-0.10405048714112906,-0.14447184652090073,-0.1326775018657957,-0.10958426711814744,-0.03813872539571354,-0.14772029646805354,-0.05535147339105606,-0.13093054773552076,-0.14054076692887715,0.02093908190727234,-0.012725269155842918,-0.14177147086177552,0.07029508107474872,-0.025884206805910383,0.07096395322254725,0.016614446682589396,0.04822798419211592,-0.06409814368401255,-0.1176107273703175,0.27976041606494356,0.2955122659248965,0.25717009816850933,0.6554828882217407,0.6074141689709255,0.45188473058598383,0.8377072321517127,0.6036013684102467,0.5897825131458896,0.5331764090141016,0.909287870994636,0.7839068483029094,0.9593748663152967,0.7087840347417763,0.7601902873388359,0.23145196640065738,1.192978072778455,0.43831405362912584,0.8856206365994045,0.5713192256433623,0.6983213898326669,0.40465800144842695,0.08951939961739949,0.42108593029635294,1.171584176165717,0.857866604413305,0.6092192594494138,0.11998245492577553,0.5402680699314389,0.25236340718609945,0.37197026454045307,0.25715529759015354,0.30926498557840076,0.3412345493478434,0.1310986051602023
ERR1369026,1,-0.10241748552237238,-0.1153930090367794,-0.10216443187424115,-0.13184547956500733,-0.05466465705207416,-0.04357052381549563,-0.012033638145242418,0.16597701742180757,0.0960521570273808,0.005262946177806173,-0.10565682074853353,-0.03818718982594354,0.0628887792783124,0.017326663115194867,-0.04462971751179014,0.03407026401587895,0.06071726977825165,-0.003739570400544575,0.12756537539618357,0.07470332032867841,0.013899760054690498,-0.06562292176697936,0.4515038750001362,0.16636522114276886,0.06382692764912333,0.08800485038331576,0.20110377735857451,0.07076967773692948,0.031340212295097966,0.29473914492077063,0.15745711858783448,-0.0033226566655295236,0.15492567952190126,0.15325298798935755,0.30516925720231874,0.31805470479386194,0.34997715960655895,0.2630822663860662,0.10112643986940384,0.09731698435332094,0.37107986424650463,0.2930415304643767,0.17638780283076422,0.07888056018522807,-0.023738541640341282,0.314754667026656,0.09204504958220891,-0.021592530821050917,-0.002942168286868504,0.32550075011593954,0.0008844456502369472,-0.07111288527292865,0.030078802789960588,0.447332216160638,-0.054534173903188536,0.0527025103968169,-0.08797580748796463,-0.04372415558568069,-0.08869557721274239,-0.0003821934972490583,-0.10339503415993281,-0.04274627034153257,-0.09301436479602541,-0.12104960990005306
ERR1369027,1,-0.07158564722963742,-0.13522291768874442,-0.10836197169763702,-0.12162623181939125,-0.09711827816707748,-0.1369299782173974,-0.10140228271484375,-0.09738477425915855,-0.07254370301961899,-0.12199420481920242,-0.09509496923003878,-0.16254229311432158,-0.15043933370283671,-0.13820434255259378,-0.07970923484702196,-0.12589680137378828,-0.0860817799610751,-0.139261323426451,-0.09362601063081197,0.019589961639472415,-0.04007475290979658,-0.12693296479327337,0.013820646463760309,0.02397834775703294,0.026644531105245863,0.19861152981008803,-0.0061692338702934125,-0.0999431371954935,-0.10918040892907552,0.14561019917683943,0.07603041721241814,0.02546001225709915,0.3186645710042545,0.40918118187359404,0.34531984478235245,0.6071691694004195,0.4069761687091419,0.5856034478970936,0.25605334980147226,0.40547508746385574,0.4534831078989165,0.4678813586277621,0.34909728541970253,0.4637563441480909,0.09079653503639358,0.6741283829323947,0.25313038911138264,0.2672237847998206,0.26493476969855173,0.6916671001485416,0.3222735529499395,0.13208694915686334,0.0033800925261207987,0.6433790134532111,0.35671009176543783,0.18458053735750063,0.009052036729242121,0.26292508973606993,0.20115750016910688,0.3156171522153142,0.08703732823154756,0.26716961432248354,0.22702222370675632,-0.04186595550605229
ERR1369028,1,-0.002519745911870684,-0.07205444973494325,-0.09354447706469468,-0.10973864953432765,-0.06869101364697729,-0.12721665709146432,-0.11550720727869443,-0.09332086784499032,0.013038793578743935,-0.06069456546434334,-0.08081914697374616,-0.10789540516478675,-0.09611668650593076,-0.13603806069919042,-0.0629835062094831,-0.09400955481188637,-0.03044477610715798,-0.14781794164861953,-0.12218633749788362,0.05313464679888317,-0.0333251953125,-0.10814537134553705,-0.046984335141522546,-0.03772839145468814,0.22889356900538718,0.2582384985871613,-0.029804662069571868,-0.05544030453477587,-0.13089398613997869,0.23618308986936296,0.20100169203111104,0.31295639489378246,0.8579036263482911,0.8191316886139768,0.5878891859735761,1.4470292329788208,0.5907352912638869,0.963109875363963,0.7446806768753699,1.350658408765282,0.8876973156418119,1.3427047591124261,0.9726349126015391,1.3047351901020323,0.5660920590162277,1.418656976560929,0.7177141777106694,1.3168495946696825,1.0203368323189872,1.0547575312001365,0.9925461556288481,0.5951044065877795,0.6496987757938248,1.5530379627432143,1.2408270122749465,0.748105318418571,0.36364678403229583,1.127206624086414,1.0191402259681905,0.9643464876072747,0.7249356529542378,1.1476921205009734,0.719634927077485,0.8446133929703917
ERR1369029,1,-0.08922190199206982,-0.08809450441705328,-0.09103355024542127,-0.14776002828563964,0.0019025448709726334,-0.06968352251819201,-0.08142897067591548,-0.012670965599162238,-0.016404448709051524,-0.03919351819370474,-0.11320278294650572,-0.12472632846661977,-0.04638934428138392,-0.0780491302055972,-0.03747588449290821,-0.05171047896146774,-0.018092473844132786,-0.07501003412263733,-0.04360060952603817,0.06276124316666808,-0.007428208099944251,-0.1481016209082944,0.2266967690416745,0.020344393593924388,0.03377728430288179,0.07086085607962948,0.10982847470690363,-0.02512529944734914,-0.008399374516946929,0.2589999639562198,0.20007451996207237,0.09115994063072971,0.4045097072209631,0.36650310456752777,0.441853935697249,0.7401518193738801,0.5086416072611298,0.39050754478999544,0.27923826447554995,0.6310667105551276,0.5003749089581626,0.5639568617833512,0.28873529604503084,0.48100076682333437,0.17209144189421618,0.7154866664537362,0.29574647758688244,0.4355968698593123,0.3769194978854752,0.5489338487386703,0.1736619376710483,-0.04183574393391609,0.32966663369110655,0.821722435099738,0.36040036626426236,0.34567168088895933,0.024095633998513222,0.14369564290557588,0.2432668480489935,0.1358834808426244,0.05149143333879432,0.07043285135711942,0.05199007849608149,-0.11629623148058142
ERR1369030,1,-0.07659882453403302,-0.046632947134120126,-0.1277062658752714,-0.11244300646441323,-0.10356073613677706,-0.12874523071306093,-0.10891353605048996,-0.11043042742780276,-0.08199637090521199,-0.07164975894348961,-0.10815219208598137,-0.11379001289606094,-0.09587961568364076,-0.13983595637338503,-0.11204737424850464,-0.11070194388074535,-0.07974812441638537,-0.13506897006716048,-0.1195079732154097,-0.05037043669394085,-0.001487452004637037,-0.10217033406453473,-0.0517135922397886,-0.06667773685018931,0.08876506026302065,0.039099647530487606,-0.06819723533200366,-0.03543636256030628,-0.11922445573977061,0.28073036883558544,0.3215194951210703,0.4253729283809662,0.9561514875718525,0.8060958742031029,0.4028180167078972,1.3358958108084542,0.6870588787964412,1.0492906889745168,0.8851443167243686,1.3360872561378139,0.9509225191681513,1.308316660778863,1.429671687739236,1.5175878714237894,0.43530816371951786,1.7793304200417228,0.9247559170637812,1.6873594437326704,1.2314491357122148,0.9484081545046398,1.0759473985859327,0.6480647777872426,0.8130565530487469,1.8749449253082275,1.3979237590517317,1.0770844497850962,0.5556626173534563,1.51852719272886,1.1134166584483214,0.8440346866846085,1.1985557015453066,1.1633238888212614,1.0383901643965925,1.2243127535496439
ERR1369031,1,-0.040052673646381924,-0.07437416405550071,-0.1041060212467398,-0.11516635971409935,-0.07428774556943349,-0.12003054842352867,-0.08960158923374754,-0.09950577680553709,-0.042266414766865115,-0.07371334092957633,-0.09679217929286617,-0.11790943358625684,-0.09780719344105039,-0.13000730265464103,-0.0792180657652872,-0.11386178753205708,-0.048225443377824764,-0.13506660716874258,-0.12512141233310103,0.05346076137253216,-0.00844417086669377,-0.11808827572635242,-0.009180477687290736,-0.025986146181821823,0.15130350206579482,0.16332378344876425,-0.024094239509265338,-0.043204743415117264,-0.12209261661129338,0.29452926559107645,0.206460463149207,0.3394621791584151,0.8045245515448707,0.8131040792380061,0.5866055467299053,1.2978588768414088,0.6523617330406394,0.8889212016802048,0.732171645121915,1.2400012324963297,0.9170331625001771,1.2528932706585951,0.9465552163975579,1.1485035105475359,0.5404363601867642,1.4099904994613357,0.6688456577914101,1.1909266800752707,0.9421498881919044,1.084212923688548,0.8432108068040439,0.4212655079151903,0.6482943562524659,1.5561012822602476,1.2179369564567293,0.7006832052554403,0.2999768650957516,0.956084859690496,0.8043902005468097,0.7757221747721944,0.6309104045586926,0.9496382283312934,0.5824068694242409,0.5700956253068787
ERR1369032,1,-0.009954127350023814,-0.043890978542289565,-0.07695341642413821,-0.10171915005360331,-0.06827935030949968,-0.09738042737756457,-0.10717802494764328,-0.10359896293708257,-0.08148813367422138,-0.06877355916159493,-0.11528913091335978,-0.10527330237839903,-0.09390330886734384,-0.10447816710386958,-0.11270809546113014,-0.12091009870969824,-0.04286076008741345,-0.1331445649266243,-0.0883891104853579,-0.08402460440993309,0.04391645746571677,-0.10524718942386764,-0.03792656532355717,-0.09430168622306415,0.23920057331477956,0.09228575442518507,-0.08306248496020478,0.024381263281351755,-0.08780611412865776,0.4072075177516256,0.23789068098579133,0.6305620186030865,1.0406047143042088,1.0688323426459516,0.4785466545394489,1.5167430170944758,0.8202568186180932,1.3426406447376524,1.1074425599404745,1.501874118511166,1.185259146881955,1.455595531633922,1.5099340572154947,1.7169667791043008,0.5944605895451137,1.9410467292847378,0.9996228154216494,2.0291453855378285,1.546520363007273,1.1817776606019055,1.1499829249722617,0.7565820291638374,0.9361791635996529,2.212530868394034,1.7500179324831282,1.0490454004279204,0.7770109992208225,1.7457529327699117,1.392836598413331,1.2888135015964508,1.492430446403367,1.4294798970222473,1.2849954962730408,1.775938676936286
ERR1369033,1,0.023106984794139862,-0.049988308056656806,-0.1349124929734639,-0.10755334847739764,-0.09007771233362812,-0.08686146259840045,-0.11263285683734077,-0.08767218169357095,-0.0734480188361236,-0.07050477859697171,-0.11080314112561089,-0.0947980886059148,-0.07940390845760703,-0.09935133571603469,-0.10367781472658473,-0.11117971688508987,-0.05243809940293431,-0.07478807693613428,-0.08324148647287595,-0.07143657421693206,-0.028015708284718648,-0.08956601350967373,-0.069385533221066,-0.03340015720043864,0.2614704668521881,0.18587764618652208,-0.07887661111141954,0.028293038751663908,-0.10851432595934186,0.24155802226492337,0.2557361349463463,0.6165604570082256,1.1485604484166418,1.056166220988546,0.6471285607133593,1.7438614198139735,0.890661430146013,1.3911921520318304,1.0700936445168086,1.7708163859455712,1.069766734859773,1.7327273307102067,1.6130630437816893,2.0473310351371765,0.7116402068308422,2.0883143407159617,1.0947481015963214,2.317745102303369,1.6415264649050576,1.427438463483538,1.3525177921567644,1.1064923533371516,0.9768502467444965,2.187386989593506,1.6654381794588906,1.0685373427612441,0.8157127925327846,1.9067675226501055,1.6756310590675898,1.5612565342869078,1.6003655142017774,1.531094987477575,1.519347543162959,2.0637350252696445
ERR1369034,1,0.04839500252689634,-0.049559920959706814,-0.11677815445831843,-0.11217411740549973,-0.08135250583291054,-0.10332892868401748,-0.11738272170935359,-0.10245284597788538,-0.07304592290893197,-0.06127526797354221,-0.11163712505783353,-0.08831040587808404,-0.08312767664236682,-0.09272382860737187,-0.09372275901426162,-0.09776602346183998,-0.012688590712579233,-0.0859432944229671,-0.08277069248392113,-0.0526273391608681,-0.0071759580501488274,-0.10503622011414596,-0.07087211403995752,-0.0651162224156516,0.2585020884871483,0.2207002905862672,-0.0717412339290604,0.018662413515682732,-0.12209855020046234,0.20983794065458433,0.18839974527613126,0.6671383668269429,1.167876208467143,1.0516923027379173,0.6714088568197829,1.8586471591676985,0.7779286429286003,1.4132016716258866,0.9607317288007055,1.7066765995696187,1.0843166655727796,1.7559746588979448,1.435468896159104,1.9578114854437965,0.7424338390784604,1.9255724669700223,1.1957011158977235,2.0807251632213593,1.4433360238160406,1.430536619254521,1.4111834636756353,1.077822642666953,0.8921308985778263,2.1199927628040314,1.7418242022395134,0.9499585979751178,0.7569967433810234,1.7670926377177238,1.6835140170795577,1.5658904037305288,1.4517478559698378,1.6391612163611822,1.3571688431714262,1.943234188216073
ERR1369035,1,-0.07848072477749415,-0.07094125955232553,-0.12170883906739098,-0.1200303201164518,-0.08673065275486026,-0.12023783608206681,-0.10403767680483204,-0.11294784396886826,-0.04874310948486839,-0.09397618605622224,-0.095978922609772,-0.11948830687573977,-0.08265820810837406,-0.1312215682119131,-0.07511803095362016,-0.12201976470117058,-0.05472662436243679,-0.13395030264343535,-0.12162626395002007,0.006306091589587075,-0.04274154986654009,-0.12258631097418922,0.033378036958830695,-0.03992019593715668,0.15083156845399312,0.09365174493619374,-0.042360613122582436,-0.033601165882178714,-0.12999734016401426,0.2670676186680794,0.39113043355090277,0.3626258990594319,0.902600289455482,0.8164015433618,0.6112891925232751,1.409050967012133,0.7499672057373183,0.8983665763267449,0.6506743212895734,1.3656589981900262,0.9394957500376871,1.332212649019701,1.37972869936909,1.44048273563385,0.5009461347279804,1.6985382749699056,0.9131850972771645,1.6170094736984797,1.2123938905341285,1.0553562151534217,0.8058833429323775,0.6410312588725772,0.7709449306130409,1.6607344022818975,1.2368773849947112,1.0604829426322664,0.39988669713160824,1.304902980370181,0.85340409300157,0.7847019104020936,0.9392499178647995,1.0502432137727737,0.8739424592682293,0.8526766874960491
ERR1369036,1,0.01809257215687207,-0.06575266178697348,-0.09568273861493383,-0.10197617060371808,-0.06462072887058769,-0.11630076416102904,-0.11461950093507767,-0.0841883524720158,0.0021577062351363046,-0.06422209260719162,-0.059151802744184225,-0.08645773985024009,-0.09727866841214043,-0.09274652440633092,-0.061752030426370244,-0.08896371828658241,-0.015319037118128367,-0.12593141943216324,-0.10966086227978979,0.017694451979228427,-0.0365133493074349,-0.10565140524080821,-0.04496606120041439,-0.04026744195393154,0.24984836099403246,0.2694797771317618,-0.05010891180219395,-0.04976735343890531,-0.11425060938511576,0.17963256580489023,0.312662150444729,0.5129605201738221,1.0560851405773843,0.9850098655692169,0.6611428463033268,1.6355469056538172,0.7138556444219181,1.1886255059923445,0.8781599764313016,1.5117121660815818,0.961047078881945,1.5046757055180413,1.108106108116252,1.6408527663775854,0.662727809378079,1.66678918731798,0.8069982315812793,1.5993217059544154,1.2914317803723472,1.2835067361593246,1.1454903025712286,0.8517931050487927,0.6893335175035256,1.7354528989110674,1.3886856500591551,0.8394654957311494,0.5067086081419673,1.3131213784217834,1.257803561432021,1.2192675088133131,0.9743709330047879,1.2473060211965017,1.0358888251440865,1.1472024200484157
ERR1369037,1,-0.0392952175544841,-0.07006342097052506,-0.12091065730367388,-0.1255731891308512,-0.06679364403576724,-0.12639037200382777,-0.10530915537050792,-0.12082474040133613,-0.06553665309080056,-0.0987215590264116,-0.09875996224582195,-0.12206333769219262,-0.09818330274096557,-0.13967712755714143,-0.0788622098043561,-0.1364983692765236,-0.06665862537920475,-0.13626842094319208,-0.12314985053879875,-0.021166337920086726,-0.020963493202413832,-0.13623759895563126,-0.03111813110964639,-0.0262403775538717,0.07974868167990021,0.18865377562386648,-0.04034084587224892,-0.023711406758853366,-0.1348029843398503,0.17981057188340596,0.11753164338214057,0.23634219861456326,0.640154028577464,0.6082843861409596,0.39996691420674324,0.9285194958959307,0.5428041581596647,0.8787698335945606,0.49432910632874283,0.8522246203252247,0.7222657491053853,0.9013758903103215,0.6945387427029865,1.1092496429170882,0.33120593545027077,1.1782899340614676,0.5738188986267362,1.0232735808406557,0.6651277116366795,0.9080591930874756,0.651838909302439,0.23173033738774912,0.4367275248680796,1.2092657823647772,0.9107054908360753,0.43426449384008137,0.16822363808751106,0.5926712442721639,0.5601095881845269,0.4714942151414497,0.356849036246006,0.5691025193248477,0.44112938216754366,0.2227055568780218
ERR1369038,0,-0.09254237390788538,-0.08072738914883562,-0.004203237593173981,-0.032462741647447856,0.09104120451956987,-0.06015558913350105,0.007317107786158366,0.24360603519848414,0.08641352308248836,0.043020286464265416,-0.11496248495365892,-0.012384894703115736,0.07511067762970924,0.05059202600802694,-0.046401714640004296,0.17857435877834046,0.13235495292714664,0.020348967984318733,0.16462583946330206,0.05264151282608509,0.03727160234536443,-0.11654473069523062,0.45323948775018963,0.17212260408060892,0.14622408258063452,0.12729125150612422,0.16464537761307188,0.0708536838314363,0.06731060120676245,0.2721086378608431,0.07559584593400359,0.07135615604264396,0.22459302150777408,0.23701648094824382,0.33960598707199097,0.4075744476701532,0.36215946078300476,0.45953996905258726,0.13076466721083438,0.19056509009429387,0.4347915899540697,0.3687044839773859,0.2042558757322175,0.25453394119228634,0.09980693619166102,0.5102095981793744,0.19364237199936593,0.22121918999723025,0.089069753619177,0.4981689357331821,0.12202892106558595,-0.03384600074163505,0.08431631326675415,0.6404446299586978,0.13448399385171278,0.06724243571183511,-0.028894766899091855,0.036502777465752194,0.04321213798331363,0.007930754550865718,-0.07874580845236778,0.03218128638608115,-0.021354164396013533,-0.11168302914925984
ERR1369039,1,-0.0006622727960348129,-0.07617086730897427,-0.09414991869458131,-0.09470759691404444,-0.06563244720122643,-0.12083541695028543,-0.1001755813402789,-0.08608318599207061,0.009403537160583906,-0.06522570843143123,-0.06906122687671866,-0.09280927372830254,-0.0955064445734024,-0.11329142908964838,-0.0662237195896783,-0.0960781281547887,-0.005147327269826617,-0.14084356278181076,-0.11693522493754115,0.05143035336264542,-0.03537975996732712,-0.11486848656620298,-0.029940070318324224,-0.04363968622471605,0.23430349242075213,0.31601789593696594,-0.035963430535048246,-0.04737577188227858,-0.12398490629025868,0.18731719361884253,0.18476792212043489,0.30336135838712963,0.8789320034640176,0.8902252220681736,0.5022318331258637,1.3336729577609472,0.5492485844131026,1.0684237544025694,0.7143727296165058,1.2043645036007677,0.9301636815071106,1.1388331119503294,0.746335678334747,1.3693495243787766,0.5307090612394469,1.3651105973071285,0.571430541574955,1.1387214618069785,1.0098962592227119,1.1561143270560674,0.9554518216422626,0.5752261073461601,0.5734719314745494,1.2782618158629961,1.0857167371681757,0.6340652544583593,0.3321741901870285,0.9268643629870245,0.868280291557312,0.9325515414987292,0.5704549843711513,0.9405830587659564,0.7509477745874652,0.5711534010645535
ERR1369040,1,-0.06502699506069932,-0.10203158482909203,-0.10959311361823763,-0.12374997351850782,-0.08406322076916695,-0.1287953398589577,-0.0993435618667198,-0.09714959242514201,-0.04188347767506327,-0.0890572267983641,-0.08326502357210432,-0.1242404260805675,-0.12413931638002396,-0.13299074662583216,-0.05559399730658957,-0.1321070236819131,-0.06079324121986117,-0.13796890739883697,-0.13359979965857097,0.023358312036309923,-0.011353392686162676,-0.14248380384274892,-0.026288811649594988,-0.022239354039941515,0.060236122858311446,0.1915213093161583,0.028453259595802853,-0.05659760202148131,-0.12804296080555236,0.17258136932338988,0.15800766966172627,0.1668406522699765,0.5636698550411633,0.6448455910597529,0.4507716473724161,0.961496793798038,0.49296146844114574,0.7873110893581595,0.43900322914123535,0.8462157068508012,0.7347624557358878,0.8394925188539284,0.46240545117429327,0.8623186222144535,0.30102467057960375,0.910080716878708,0.4358178185565131,0.7518815981955933,0.5683570078441075,0.9131424980504173,0.5385172271302768,0.17434323472636087,0.3321331095482622,1.020806148648262,0.814913632614272,0.4614064885037286,0.17303080989846162,0.42715087426560266,0.38859562841909273,0.535276821016201,0.219584658741951,0.48893220935549053,0.3507108986377716,0.012300112417766027
ERR1369041,1,-0.057197784805404286,-0.044712747979377,-0.12262125792247909,-0.10330901561038834,-0.07752095581963658,-0.10518257007268923,-0.11045383507319327,-0.12017206102609634,-0.07967617012660153,-0.06690030199076448,-0.10156735086015292,-0.1089428745742355,-0.09097380443875279,-0.12729125789233617,-0.10864520205983094,-0.11944186607641834,-0.058301502506115606,-0.12040538660117558,-0.09906956842834395,-0.05271374713629484,0.023915091263396398,-0.117447833796697,-0.04462793256555285,-0.06967146322131157,0.13366762016500747,0.07546361455959934,-0.08479339111363515,-0.00011410930060914584,-0.11524368982229914,0.2943258660712412,0.22414018606234873,0.5201752270971026,0.956500984196152,0.8729690838871258,0.5228459856339863,1.41275389279638,0.833916500210762,1.1748177856206894,1.0288782460348946,1.5682279680456435,1.134691834449768,1.38434071625982,1.4539860904748951,1.6554607868726765,0.6210784113832882,1.975478710340602,1.0051851549318858,1.916178927889892,1.3594013771840505,1.1481004868234908,1.0574625059962273,0.7512193992733955,0.8851741435272353,2.029257995741708,1.5049683983836855,0.9884102850088051,0.6817450619169644,1.4990777735199248,1.3191710475033946,1.125126370361873,1.2271856793335505,1.2713852993079595,1.1643689115132605,1.2236497976950236
ERR1369042,1,-0.08461839146912098,-0.07449817156884819,0.16113686987331935,0.027459324470588138,0.17129271589718492,-0.1006480467372707,-0.013235315579290077,0.02801474290234702,-0.006452591694791668,0.05128957996410983,-0.11389192406620298,-0.12566117037619864,-0.07800210224065397,-0.03844666074603863,-0.05022729880043438,0.14224123103278025,0.0395910009475691,-0.06979835871607065,0.1305965275636741,0.014795394348246711,0.04226413156305041,-0.1500623949936458,0.3849637397964086,0.011719284313065665,0.1345048631940569,0.07863152233351554,0.07674254685324351,-0.007238796379949365,0.1360991865928684,0.34378681012562345,0.213111374593739,0.23634816173996245,0.5338822922536305,0.5004923953009504,0.3730982797486441,0.641163770109415,0.6827195967946734,0.6148487670081002,0.2691796123316245,0.7099807118730885,0.6348061795745578,0.6526650387261596,0.5124195425638131,0.5793769657611847,0.13953926361032895,1.0188725984522276,0.5083936953118869,0.777527819786753,0.5424379512135472,0.7422496165548053,0.16583618894219398,-0.01884888910821506,0.37149088829755783,1.0507065770881516,0.521770539028304,0.40343313238450457,0.06937364009874207,0.32834590918251444,0.3590718097984791,0.1986150267933096,0.1930814100695508,0.24859822541475296,0.28649032541683744,0.10643415858170815
ERR1369043,1,-0.06529907363333873,-0.04341376479715109,-0.12076668015548161,-0.11881524909819875,-0.07957746268117002,-0.11516437067517213,-0.10549295520676034,-0.09756867161818913,-0.08173081844246813,-0.06646143698266574,-0.10012771056166717,-0.11005887548838343,-0.09502370801887342,-0.13160558071519649,-0.08858244333948408,-0.12553179317287036,-0.07667758838007492,-0.12621113604732923,-0.09922653197177819,-0.04500113321202142,-0.002952787492956434,-0.1140026290501867,-0.03582769239853535,-0.06575418263673782,0.12450553370373589,0.021742729736225947,-0.06211859835977001,-0.014809744299522467,-0.13610113518578665,0.2659315200788634,0.2268678013767515,0.36558686728988377,0.8269614928535053,0.7390249585732818,0.38361839071980547,1.1681513956614904,0.6793849851403918,0.9995163359812328,0.8107961951089757,1.214666351143803,0.9213827933583941,1.1676529188241278,1.1696503918085779,1.2565806772825974,0.34462024590798784,1.6037282979648029,0.7811891239668641,1.5127855730908257,1.0461583392960685,0.846054431184062,0.919094616813319,0.3720164144677775,0.6822407107268061,1.6086265870503016,1.2465657655681883,0.7756489983626774,0.3943185753055981,1.051084918635232,0.8660139909812382,0.6933882449354444,0.811077424458095,0.914540351501533,0.7324535639158317,0.7844812556036881
ERR1369044,1,-0.006717014259525708,-0.0503653939148145,-0.1331698942397322,-0.09183452145329543,-0.09830109695238727,-0.10077348444610834,-0.10620953249079841,-0.095954102064882,-0.07893286499061755,-0.068024339686547,-0.10122239004288401,-0.09387548427496638,-0.08555772408310856,-0.10797270493847984,-0.11055669587637697,-0.08292511890509299,-0.04031990295542138,-0.12640658553157533,-0.09819945496773082,-0.08343748322554997,-0.025921963155269623,-0.09078101042125906,-0.08691763319075108,-0.11174133100679942,0.11828346164630991,0.23907731579882757,-0.07938743951464337,0.026928057029311146,-0.10636119943644319,0.2605255363242967,0.291082550106304,0.6359089368156025,1.2082322910428047,1.155616438814572,0.5130562239459583,1.7369866541453771,0.7661499838743892,1.5243759921618871,1.168239265680313,1.735094820282289,1.1365438380411692,1.4625082707830839,1.749645431126867,2.152968698247735,0.6736539538417544,2.1016738398798873,1.0959652428116118,2.457148935113634,1.646118430154664,1.2958155572414398,1.5752510513578142,1.0941863203687328,0.9806426529373441,2.110088433538164,1.6002945027181081,1.1043288931250572,0.8778456002473831,1.9288140929171018,1.739717889044966,1.4551090166039233,1.7361320640359605,1.550315139549119,1.7479855992964335,1.882408721106393
ERR1369045,1,0.008486796170473099,-0.0522898297224726,-0.12221237697771617,-0.10890593858701843,-0.08019804103033883,-0.10338145793814744,-0.11624956077763013,-0.09302091731556825,-0.07978151173197798,-0.06596542495701994,-0.09271602172936712,-0.08611286045717341,-0.07817706731813294,-0.10684064216911793,-0.09552204479197306,-0.08809447880568248,-0.02127529165175344,-0.08985418719904763,-0.06855778791941702,-0.05771509877273014,-0.024767609579222544,-0.09090832261634725,-0.0659659978534494,-0.07939218410423823,0.26084605710847036,0.20415020201887404,-0.07516157073301397,0.01861627316767616,-0.11895389429160527,0.21665686156068528,0.21422740843679225,0.6192260730479445,1.117316447198391,1.041412087423461,0.6436208782584539,1.7502357363700867,0.742161040859563,1.4360982807619231,0.9360395075221147,1.6765596704291446,1.0499058270028658,1.7344144604035787,1.422393751995904,1.8708437510899134,0.7338702018771853,1.951823164043682,1.148212275334767,2.127233479704176,1.4767696548785483,1.3984224306685584,1.3450544731957572,1.0147452333143778,0.9063971979277474,2.13184016091483,1.7152867295912333,1.0134560210364205,0.7605589346161911,1.7329242751002312,1.6588235827428954,1.4746594045843398,1.4305264385683196,1.6158841773867607,1.3505356019096715,1.865754131759916
ERR1369046,1,-0.07601290063134261,-0.07613240608147212,-0.12437131468738828,-0.1263994202017784,-0.09339893822159086,-0.12107825984380075,-0.1040140391726579,-0.07631901119436536,-0.06628122194004911,-0.09932998221899782,-0.0905614048242569,-0.12967883901936667,-0.10972793373678412,-0.10618048533797264,-0.060295190662145615,-0.12525688856840134,-0.05700685589441231,-0.12401092158896583,-0.12491945283753532,-0.0019619661782469067,-0.017639943531581333,-0.1270941517182759,0.035839145737034936,-0.02204506897500583,0.09287577016013009,0.04895649531057903,-0.011166656057217292,-0.05263461604980486,-0.12874403489487513,0.2248823685305459,0.32672792566674097,0.4619997566831963,0.8125359139272145,0.7951239688055856,0.5915557108819485,1.2129229520048415,0.6673367598227092,0.7488347669797284,0.650067823273795,1.3390769213438034,0.914224825533373,1.3050462752580643,0.9820229102458272,1.027585937009592,0.4915279078164271,1.4696814274149281,0.6689949003713471,1.2142790385654993,0.8617332503199577,0.8868163419621331,0.7270851113966533,0.44036371101226124,0.6631414081369128,1.5213754171771663,1.234754890203476,0.8291799319475623,0.3972904160618782,0.9710901826620102,0.6836714246310294,0.7208810608301844,0.6822008293654237,0.8203986861876079,0.5672842508980206,0.5738207772374153
ERR1369048,1,-0.03765319090702438,-0.05867410344736917,-0.1102422976068088,-0.11779485430036273,-0.08890137036464044,-0.11832865021590676,-0.11761412263980933,-0.09814061623598848,-0.0609706594342632,-0.08723715020875845,-0.10008334049156734,-0.11382102274468966,-0.0923508812806436,-0.10663415025919676,-0.09384656324982643,-0.10330410008983952,-0.04383184215320008,-0.1041033970458167,-0.09059333628309625,0.003312541704092707,-0.0032797493040561676,-0.12119162934167045,-0.02501608058810234,-0.06415607035160065,0.1912118840430464,0.13627334151949203,-0.0484010153782687,-0.016501360539613024,-0.12704096734523773,0.2921148347003119,0.3010797370225191,0.5823120522711959,0.9562432318925858,0.928117466292211,0.7376304252871445,1.4769383030278342,0.680451977465834,1.1257161732230867,0.7780598304899675,1.565717318494405,0.9897703166518893,1.7126192131212779,1.3217713279383523,1.4212009656642164,0.6915923516665187,1.72132909776909,0.9949541134493691,1.6964605110032218,1.2945780434778758,1.2535518578120641,1.0167451506214482,0.7332953619105476,0.7917552630284003,1.996928232056754,1.611384636589459,1.0025917845112937,0.5552604983427695,1.4930634211216653,1.1741536246346576,1.1282826124557428,1.1897217716489519,1.4176954903772898,1.030694557087762,1.3732909145099776
ERR1369049,1,-0.061014916215624125,-0.10314829115356718,-0.10205240654093879,-0.12208960737500872,-0.0823630051953452,-0.11927176745874542,-0.11997407275651183,-0.08837387923683439,-0.023864509936954294,-0.07990506876792226,-0.08488313161901065,-0.1284178782786642,-0.11698381496327263,-0.13509986868926457,-0.04032492531197412,-0.12702241965702601,-0.035915154963731766,-0.14288821816444397,-0.13187490230692284,0.06320639912571226,-0.04127596318721771,-0.1347109175154141,-0.02111264637538365,-0.02169129784618105,0.13333124560969217,0.13793765008449554,-0.009789730023060526,-0.0746526869812182,-0.14225914222853525,0.17860104569367,0.17459825426340103,0.17001640690224512,0.6592165521745171,0.659215051148619,0.536245563200542,1.1569117137363978,0.6170709835631507,0.7042638879003269,0.4896685140473502,1.1036084464618139,0.748386338353157,1.0186074126977473,0.7118654900363514,0.9082544142646449,0.4264970206256424,1.1798567341507546,0.5723964606544801,0.9590606769280774,0.7479173945529121,0.8118108979293278,0.5783429808382478,0.3011737971433571,0.43396503158978056,1.242600945489747,0.9649447788085256,0.5853930105056081,0.19534533892043068,0.821662498904126,0.6113778248961482,0.654561417975596,0.35399830234902246,0.6524921495999608,0.4247786972139563,0.21610979150448525
ERR1369050,1,-0.017321611887642314,-0.044540834214006154,-0.1252488014953477,-0.10747238940426282,-0.08646681545568365,-0.10230718892333764,-0.10936397383920848,-0.12422489587749753,-0.0928372434573248,-0.07396172133407422,-0.10679737372057778,-0.10367572813161782,-0.08826386449592453,-0.12429995661867517,-0.1154329173732549,-0.11311803026390928,-0.06359918982655342,-0.12031872730169978,-0.08965701757863696,-0.0717851599412305,0.003844078098024641,-0.1080219599285296,-0.05741549309875284,-0.09354317933320999,0.167916535133762,0.16079866034643991,-0.08499202394991048,0.004533359215461782,-0.12247147943292346,0.257648304104805,0.17251061022813832,0.5413480911936078,1.04736721329391,0.9589917877955096,0.5313273825283561,1.5409608004348618,0.6995990036853722,1.3696636600153786,0.9620360668216433,1.5247519676174437,1.1139656518186842,1.4494288563728333,1.4455804324575834,1.792700010750975,0.6696258820593357,1.9418712830437082,1.0868103035858698,2.043290742806026,1.4642530264598983,1.2416803458971637,1.321428541626249,0.8247076730643,0.9605813739555222,2.017507995877947,1.5796142624957221,0.9622917265764305,0.7127713795219149,1.6557829603552818,1.5528869703412056,1.311490339892251,1.421720347234181,1.49582182935306,1.359757203076567,1.6434390332017625
ERR1369051,1,0.040446066962821145,-0.042272152745031884,-0.1263613360268729,-0.10286705408777509,-0.07291782328060695,-0.09948472306132317,-0.11072096228599548,-0.0977570568876607,-0.07801705419218966,-0.05664959895823683,-0.09427906413163457,-0.08886667979615075,-0.07621455684836421,-0.10560097465557712,-0.09205635394235807,-0.08473119379154273,-0.029917452950030565,-0.0954151351137885,-0.07740754973409432,-0.05655410805983203,-0.009696857737643378,-0.08599198516458273,-0.07849049248865672,-0.07035152773771967,0.2296419349898185,0.2085857934185437,-0.0770247259975544,-0.0020413523805992945,-0.11067831463047437,0.20372306821601732,0.23116288094648293,0.6102646682411432,1.2233396917581558,0.9894422580088887,0.5797683554036277,1.7556331157684326,0.7757151541965348,1.4675726209368025,1.0246210643755538,1.6851750387411033,1.109941840171814,1.7295439818075724,1.4555430774177824,2.0014184351478304,0.7097039659108434,1.9642833592370152,1.0718921167509896,2.147489424262728,1.4189632396612848,1.4215198755264282,1.4387270297322954,1.0273460011397089,0.9740430925573621,2.1755038840430125,1.6288883622203554,0.9629292404279113,0.716028708432402,1.733231507241726,1.7967094055243902,1.5484841806547982,1.4235700400812286,1.56920867732593,1.4050336772842067,1.925837563616889
ERR1369052,1,-0.027531699144414494,-0.07852590656174081,-0.08100387227854558,-0.10079167264380626,-0.0710192716547421,-0.12609334822211946,-0.12564081219690187,-0.08176040542977196,-0.008505269352878844,-0.07952493775103774,-0.08021056332758494,-0.10399219659822327,-0.11912004037627152,-0.11785679470215525,-0.07294996934277671,-0.11452328945909228,-0.04833736749632018,-0.13714184718472616,-0.1198342474443572,0.025302992335387638,-0.05370814140353884,-0.1090567298233509,-0.030713016433375224,-0.03563626616128853,0.24657841080001422,0.20859467344624655,-0.05429448187351227,-0.06455737937773977,-0.11856821551918983,0.21395009649651392,0.2544778138399124,0.3966248780488968,0.917254850268364,0.8813305268330234,0.5897781550884247,1.3178953272955758,0.6321667419480426,1.009041924561773,0.790746597307069,1.302319994462388,0.8840528428554535,1.260141753724643,0.978575584079538,1.2128991692193918,0.5289698764681816,1.45077815528826,0.6574017503964049,1.2507795989513397,1.030154017465455,1.0077794779624258,0.9301488442080361,0.5634037841643605,0.44083948539836065,1.4916538894176483,1.1735000844512666,0.6446692124009132,0.33792839678270475,1.099930226802826,0.9866812548467091,0.8952332373176303,0.7561474187033517,1.1038658342191152,0.8069247619381973,0.904630683362484
ERR1369053,1,0.01198583229311875,-0.06979608934904848,-0.09339001854615551,-0.10514358643974576,-0.07184761416699205,-0.12128074121262346,-0.1229644598705428,-0.08944943680294923,-0.009707029110619,-0.0871934292039701,-0.08441979118755885,-0.08369838978563036,-0.088175442202815,-0.09513578883239202,-0.08839429662163768,-0.09693917206355504,-0.033544354140758514,-0.11011359814022269,-0.11453168945653099,0.015506080484816007,-0.06943144010646003,-0.10880299018962043,-0.06527685214366231,-0.05877403063433511,0.31235925959689276,0.28468017532889334,-0.07844049057790212,-0.03165336498724563,-0.11939212254115514,0.24341669252940587,0.284898503018277,0.5164424521582467,0.9883169851132801,1.0090236219444446,0.7211904814009488,1.579330929688045,0.6792045416576522,1.146314752953393,0.8462674639054707,1.5383843147595013,0.899495101400784,1.5888883165482963,1.2252523326980216,1.5993898532220296,0.6678764820098877,1.6790931943604457,0.9183004370757512,1.6147207447460719,1.359492459467479,1.3341662968908037,1.1100014543959074,0.8088557262505803,0.6348692434174674,1.888866014778614,1.5805951628301824,0.8281431224729333,0.5057420155831746,1.5236730203032494,1.325021437236241,1.1119518812213625,1.1372765941279275,1.5032897655453001,1.1553004820431982,1.6151860324399812
ERR1369054,1,0.013580736970262868,-0.04382916087550776,-0.12965399346181325,-0.11267714628151485,-0.08877812937966414,-0.10409542080014944,-0.11388646358890193,-0.10043192441974368,-0.07326404211510505,-0.07619808135288102,-0.10591128202421325,-0.0972567903144019,-0.07701337510453803,-0.11137249001434871,-0.10389507149479218,-0.10010036719696862,-0.0350259697297588,-0.1016136466392449,-0.08925797531680603,-0.0641211566648313,-0.020483713064874922,-0.10426401599709477,-0.0756494116670053,-0.07406984269618988,0.2510329546140773,0.19922357691185816,-0.0768766250527863,0.022378385732216493,-0.10507959366909095,0.2842293754220009,0.2563173824122974,0.585894946541105,1.1068981875266348,1.0570297901119505,0.6369941564542907,1.6529342106410436,0.799304903617927,1.4145729807870728,1.028060216988836,1.617593598019864,1.1102814447866487,1.6718888932040759,1.6031941888587815,1.9144998219396387,0.7401683341179576,2.023381693022592,1.214516316141401,2.091127629790987,1.6244404284017426,1.4203348734549113,1.3202221052987235,1.0712786785193853,0.903726156268801,2.153063646384648,1.6719109671456474,1.160872465797833,0.7439370836530413,1.8162668432508196,1.5529228172131948,1.3892124689051084,1.5012455710342951,1.5691271099661077,1.4339428144906248,1.8237663986427444
ERR1369056,1,-0.03134072119636195,-0.06728191221398967,-0.08819885418883391,-0.10086534518216338,-0.06413626404745239,-0.12833993243319647,-0.09861767983862332,-0.08664601109921932,-0.02865275793841907,-0.07237716817430087,-0.08660564019477793,-0.1031828655728272,-0.1082601576511349,-0.10806007630058698,-0.06650833386395659,-0.10228856706193515,-0.03332447999023965,-0.13990737284932817,-0.1181783170572349,0.028436908764498576,-0.03654723082269941,-0.11660764313169888,-0.05100832560232708,-0.03642657399177551,0.19879287481307983,0.22917084183011735,-0.05830083095601627,-0.031490667323981016,-0.11377742567232677,0.22905801768813813,0.25409169335450443,0.42874142580798696,0.9445677431566375,0.9173964766253319,0.553138290132795,1.3090206980705261,0.6379287296107837,1.0338014257805688,0.7542817864034858,1.2722567104335343,0.9821920480046954,1.2834628724626131,0.9672772070126874,1.3620647607105119,0.5323408991098404,1.5230079216749541,0.7001565130693572,1.2912756013018745,1.0235252508095332,1.096987436924662,0.9377913379243442,0.5887779697243657,0.5494256615638733,1.4730604051479272,1.191000182846827,0.7022844638143267,0.3801394285900252,0.9822212843490499,0.8607350923120975,0.8643488011189869,0.7001970423651593,1.0006945452519826,0.7514882359121527,0.7371087787406785
ERR1369057,1,-0.07576639112085104,-0.09314991746629987,-0.11071424292666572,-0.12108238467148372,-0.09070371277630329,-0.13539960022483552,-0.06803332003099578,-0.06945629098585673,-0.08240165135690145,-0.12338826539261001,-0.12383928708732128,-0.1328209899365902,-0.11747647130063602,-0.1266924770815032,-0.059438648500612805,-0.15088477517877305,-0.08369017392396927,-0.1384988288794245,-0.15905830476965224,0.0043358781508037025,-0.016407154633530548,-0.13083915332598345,0.050878165023667474,-0.005569594247000558,0.06611499802342483,0.10449481223310743,-0.015195395265306746,-0.08617672164525304,-0.13861213198729924,0.2838527389935085,0.12228766881993838,0.24171137543661253,0.546909076826913,0.5606529409331935,0.35704767278262545,0.6704328927610602,0.3729998308366963,0.6841941220419747,0.36908927985600065,0.5463603374747825,0.5753446317144802,0.7772989805255618,0.42280874082020353,0.5010537340172699,0.09261840901204518,0.8833719086168068,0.28695615514048506,0.4064500832131931,0.36341413682592766,0.6861164133463588,0.28867473506501745,0.05437859859583633,0.2262692227959633,0.8912702495498317,0.48519278158034596,0.2076588837163789,0.040969890143190114,0.22835920232215098,0.044142014746155055,0.33871185779571533,0.008477973618677683,0.13590788309063231,0.1384154036641121,0.012046024203300476
ERR1369058,1,-0.0009244451565401894,-0.04181779082864523,-0.11139057257345744,-0.1130393919135843,-0.07322859145434839,-0.11795585822047931,-0.07572480590481843,-0.10373979806900024,-0.08178843038954905,-0.07742779342723745,-0.09779684937426023,-0.10388988495937415,-0.08050480245479516,-0.11499897257557937,-0.09727077498765928,-0.11160376189010483,-0.06722668641512948,-0.1302544575716768,-0.10002990725583263,-0.06514401114171571,0.03618439819131579,-0.1172679630773408,0.00019533586289201464,-0.027231198868581226,0.14459814131259918,0.11315554167543139,-0.03403802799792694,0.0028150350054992096,-0.1087056492854442,0.34943266212940216,0.20392571283238276,0.47723837782229694,0.9988501923424857,0.9128623944707215,0.5628373990101474,1.4202492492539542,0.6932888776063919,1.1574488377996854,0.8337628266641072,1.3183220590331726,1.0831366540598018,1.4318835043481417,1.2468967884778976,1.4406739550509624,0.5122296852724892,1.74343910647024,0.8816995264164039,1.63447205722332,1.1650472858122416,1.177276149392128,0.9732107594609261,0.627209410071373,0.7566648604614394,1.8216087690421514,1.3581005590302604,0.8240528936897006,0.42443442557539257,1.1267621400100845,1.0128195860556193,0.9022634173078197,0.8910485572580781,1.0491456889680453,0.9082430899143219,1.0196692645549774
ERR1369059,1,-0.06876723747700453,-0.0394767431010093,-0.1304334976843425,-0.11451683725629534,-0.09911290942026037,-0.12446416754807745,-0.11330968241340347,-0.12152274059397834,-0.08326007422458913,-0.055859408141779046,-0.09490050508507661,-0.10813786275684834,-0.08979814566139664,-0.12499630158501011,-0.10681589027600628,-0.11075589965496745,-0.061994029874248166,-0.1295947145138468,-0.11023469695023128,-0.04680022384439196,-0.014175107436520713,-0.11894318780728749,-0.03132763398545129,-0.06348574055092675,0.12618456887347357,0.03886064514517784,-0.08060041542298027,-0.018701172566839626,-0.13951678148337773,0.25965733932597296,0.19995087385177612,0.40883530357054304,0.8781759770853179,0.7638928737890508,0.3294314257800579,1.3323138377496175,0.6597713420965842,1.1569572985172272,0.8165403370346341,1.3111229264842612,0.9065198025533131,1.1439077299354332,1.3485854268074036,1.5063941473407405,0.4922477273004396,1.7478801876838719,0.9133586425866399,1.7398756870201655,1.1698720189077514,0.8208953190062728,1.136242110814367,0.5138104297220707,0.7356990980250495,1.7424344164984567,1.329838948590415,0.8744624890387058,0.594135246904833,1.4135759526065417,1.061536077942167,0.815595977540527,1.1020957146372115,1.2597537147147315,1.0142681896686554,1.097235524228641
ERR1369060,1,-0.09076948197824615,-0.04396846930363348,-0.12335783668926784,-0.11660077742167882,-0.09454220639807838,-0.11588963946061474,-0.111302664237363,-0.12982039153575897,-0.06738553974511367,-0.06185989826917648,-0.0991735655282225,-0.0915928560176066,-0.07855959622455495,-0.12638119900865213,-0.1071510714744883,-0.0955927926780922,-0.04127079461302076,-0.129294787134443,-0.11158815265766212,0.003050279404435839,-0.024822752390589033,-0.07400380400940776,-0.09676320105791092,-0.10721270420721599,0.12788353860378265,0.1387255537722792,-0.09083611092397145,-0.013116936265890087,-0.13100714023624146,0.2849607265421322,0.3007410711475781,0.3815534838608333,0.9619216232427529,0.888823830655643,0.3821692072919437,1.491176696760314,0.6623664061938014,1.170720053570611,0.9094599953719548,1.528023786842823,1.042889135756663,1.313863088509866,1.614674068189093,1.6995777562260628,0.5926047563552856,1.834455328328269,0.9603891926152366,1.954235017299652,1.4868683463760786,0.951828439719975,1.3734491510050637,0.8286489533659603,0.9869149957916566,1.8903772149767195,1.4929085980568613,1.1180129210863794,0.7510888374277523,1.671344252569335,1.3813970310231005,1.1265124785048621,1.3974965512752533,1.4075725142444884,1.3571149547185217,1.4737720505467482
ERR1369061,1,0.01066400163940021,-0.05724643809454782,-0.1236283928155899,-0.1156029264841761,-0.09594892524182796,-0.11422292901469129,-0.12400501168199948,-0.09072065832359451,-0.03270009186651025,-0.08800459174173218,-0.08371663983624396,-0.07967812940478325,-0.08635942225477525,-0.07386612838932446,-0.09194140874647669,-0.09686608758888074,-0.021301415881940296,-0.05445661432687692,-0.09928707991327558,-0.03577599009232862,-0.08251876064709254,-0.10973985972149032,-0.07960591970809869,-0.0719200000166893,0.3210898121552808,0.2810188074197088,-0.10415854305028915,0.035880147612520626,-0.10500509238668851,0.28409268813473837,0.27308185398578644,0.6382219003779548,1.1493454256228037,1.079804244850363,0.6438762747815677,1.6278286193098341,0.7892071434429714,1.3444870944534029,0.931015360568251,1.7158210314810276,0.9549633812691484,1.7219946794211864,1.4903697441332042,1.9721370401384775,0.6958262537206922,1.9566909721387284,1.1888889143509525,1.9376503261072295,1.6422164493373461,1.4907738268375397,1.1594346282737595,1.0342573331935065,0.7859785301344735,2.2187301261084422,1.7826436460018158,1.023521420678922,0.681412089083876,1.9091451551233019,1.6510827913880348,1.347393848001957,1.626742245895522,1.6644979108657156,1.599768552929163,2.193730648074831
ERR1369062,1,-0.018739893649970845,-0.04588351711364729,-0.11698624385254723,-0.10790229109781128,-0.08668196533939668,-0.11112725555098482,-0.09897247435791152,-0.09614338140402522,-0.0796529872209898,-0.06822969352028199,-0.10718615246670586,-0.10207987284021718,-0.07390257769397326,-0.12260508084935802,-0.09240956937095948,-0.11000925043065633,-0.061859667600531666,-0.12905580231121608,-0.10381310627729233,-0.056736081040331295,-0.022403897983687266,-0.10117227490991354,-0.023585582418101176,-0.059486166707107,0.18010320886969566,0.08269173226186208,-0.05907055053726903,-0.013244993585561003,-0.10254074792776789,0.32694660286818233,0.2974568674606936,0.6234674900770187,1.157617501382317,1.035991813189217,0.5965586027928761,1.5732692692961012,0.7934864003743444,1.301202239734786,1.0741417833736964,1.6534585734563214,1.2351985658918108,1.651266364114625,1.6081222891807556,1.7477205404679157,0.6864253197397504,2.018734133070601,1.055843180843762,2.0672290718981197,1.4738381228276662,1.335456402174064,1.176581010222435,0.9010949188045093,0.9950549751520157,2.226999189172472,1.6928394543273109,1.1359427773526736,0.7077815756201744,1.6714396487389291,1.422054226909365,1.3354646127138818,1.447044855781964,1.4222703160984176,1.3070644134921687,1.675609529018402
ERR1369063,1,-0.022215141582169702,-0.045914304442703724,-0.07245370958532606,-0.10671058297157288,-0.06244917293744428,-0.10775971904929195,-0.1050415677683694,-0.10015864404184478,-0.07737307150715164,-0.07609228257622037,-0.11817909644118377,-0.10636573950094837,-0.09382876048662833,-0.10054843872785568,-0.11311015353671142,-0.12146280506359679,-0.05300886157367911,-0.13734474724956922,-0.0983529934393508,-0.07868798236761775,0.027081782264368876,-0.11082922986575536,-0.037133894860744476,-0.07570332341960498,0.1940263074689678,0.0556786305138043,-0.07628388270469648,0.014200544716524226,-0.09324434931789126,0.3747579540525164,0.23461568461997168,0.6362007749932153,1.0810866821557283,1.0351407474705152,0.45035370758601595,1.430347821542195,0.8219135877277169,1.2408173552581243,1.072856462427548,1.447007187509111,1.105832705008132,1.4536451545677014,1.4350574293306895,1.6334535596626145,0.560788346188409,1.9110829656877155,0.9953426995447704,1.8570046887200857,1.3695862229381288,1.194791465997696,1.055232258779662,0.6926350564296756,0.9002460134880883,2.206201263836452,1.7089582277195794,1.0355781928769179,0.7715686241031757,1.699750003005777,1.2718278063195092,1.1482306974274772,1.3848004596573966,1.3211523496678896,1.16047417478902,1.6145766249724798
ERR1369064,1,-0.06159531843981573,-0.059956796068165986,-0.048938944403614314,-0.13426954778177397,0.0432612808155162,-0.13120937320802892,-0.06822308947864388,-0.09974374302795955,-0.08161342250449317,-0.1076774722231286,-0.13260958237307413,-0.12814059481024742,-0.10371765920094081,-0.12268763088754245,-0.08706006261387042,-0.030878754066569463,-0.07718337327241898,-0.12903624773025513,-0.1479855254292488,-0.04505966444100652,0.0036376576338495526,-0.1503740240420614,0.024875027792794362,-0.02550057428223746,0.09774872993252107,0.07162707019597292,-0.007619318685361317,-0.022395765791381046,0.004967169570071357,0.32128133438527584,0.21434746469770158,0.42795503778117044,0.8064526255641665,0.755693049303123,0.3474055028387478,0.8339019992521831,0.5872696765831539,0.9730604636882033,0.5345059068308079,0.7692767634455647,0.8380193327154432,0.9065489284694195,0.7576045034719365,0.9870388595653432,0.2658610812255314,1.1792137680708297,0.5279644333890506,0.9741294964083603,0.6243731124060494,0.9707544733371053,0.3896960350019591,0.1701267468077796,0.3963108328836305,1.3507181363446372,0.8332582030977521,0.3850509971380234,0.22374102020902292,0.5641985910811594,0.3153405136295727,0.41444364269929274,0.27936832500355585,0.3655191564134189,0.4002221455531461,0.36018448003700804
ERR1369065,1,0.04520251375756094,-0.05205470064122762,-0.12043642359120506,-0.10307848985706057,-0.097578300429242,-0.09975523089191743,-0.11544908476727349,-0.10296317615679332,-0.08576908774141755,-0.056742161113236635,-0.12282508398805346,-0.09736817489777293,-0.08231378991955093,-0.11561283229717187,-0.11451389164929944,-0.10681221753891025,-0.04718599960740123,-0.10060833634010383,-0.05581108500648822,-0.07419133878179959,0.013203105756214686,-0.10604267833488328,-0.07062315701373986,-0.08361911347934178,0.2461700045636722,0.14567829562085016,-0.08611466945149004,0.010588730219751596,-0.11609458391155515,0.30510730881776127,0.20985274868352072,0.6494738185512168,1.1115909314581327,0.9885361790657043,0.6119827244962964,1.7456982135772705,0.8587225931031364,1.537750237754413,1.046667726976531,1.6992048232683115,1.088626401765006,1.669928422995976,1.6363437175750732,1.9530451651662588,0.6637674000646386,2.0491046317453896,1.2131234471287047,2.2488893823964253,1.5900166566882814,1.3729426435061864,1.4169715430055345,1.1000986035381044,0.9938337856105396,2.2385258419173106,1.7764589680092675,1.064408055905785,0.9376180022954941,1.9351210658039366,1.7633365818432398,1.5541001079337937,1.6769399414105075,1.6633361130952835,1.541820587856429,2.112388474600656
ERR1369066,1,-0.02644262755555766,-0.04051284668301897,-0.1249954519527299,-0.10650893141116415,-0.09123881167865225,-0.09637133058692728,-0.10720111083771501,-0.11893699105296816,-0.09218768679004695,-0.07136421278119087,-0.09789971368653434,-0.10271013395062514,-0.0881087362899312,-0.11684881855866738,-0.11298140969925693,-0.1076153800157564,-0.06347694467487079,-0.11494866918240275,-0.09340488983850394,-0.073719750557627,-0.011560811528137751,-0.09871388399707419,-0.06550566998443433,-0.08856855545725141,0.15922637656331062,0.12636506717119897,-0.09494296936983508,-0.0010430959186383656,-0.11554541385599545,0.25982443136828287,0.23300967684813909,0.6009247409445899,1.080211108018245,0.9719619334542325,0.48866235544638975,1.6000908751572882,0.6856654956936836,1.3487265769924437,1.0704708099365234,1.6322930476495199,1.1268823955740248,1.5556496317897524,1.6022536336843456,1.8970927840897016,0.6490466754351344,2.038799436496837,1.114654785820416,2.1555742962019786,1.480120130947658,1.1927054577640124,1.3709041561399187,0.8947145310895783,0.9713866299217833,2.150013029575348,1.6835624341453825,1.0165338957948344,0.8007388902562005,1.8326536225421088,1.6180290100829942,1.3625887823956353,1.547516250184604,1.53696574483599,1.479165724345616,1.7685213344437736
ERR1369067,1,-0.08760368883875864,-0.10015647060104779,-0.05199947900005749,-0.1326010102140052,0.04258985710995538,-0.05143671961767333,-0.02434454219681876,0.0754049542759146,-0.01685638486274651,-0.08768730078424726,-0.10946648461478097,-0.03946897600378309,0.020260876842907498,-0.02574590147872056,-0.08286995440721512,0.12499896889286381,0.022690218474183763,-0.040891134313174655,0.09182764696223396,0.0017561199409621103,-0.008185792182173048,-0.014302043377288751,0.40799712017178535,0.1765413965497698,0.014782467524388007,0.08471167566520828,0.11866371732737337,0.023797378476176943,0.0948141992890409,0.2426330548311983,0.11491959222725459,0.08654345917914595,0.22584562748670578,0.20196813025644847,0.32849709157432827,0.35504321115357534,0.3930980595094817,0.41491332330874037,0.06598204533968653,0.15744518701519286,0.4410488030740193,0.3166765964456967,0.2289197695042406,0.12300439817564827,-0.002311175423009055,0.3635081678096737,0.15736933584724153,0.021959707140922546,-0.056517994297402244,0.4939818108188255,0.06160797950412546,-0.04331807938537428,0.0009682801152978625,0.5278345442243985,0.026642173528671265,0.0343728278364454,-0.0640679911843368,0.0018985058580126082,-0.09389503473149878,0.03384842936481748,-0.08639374481780189,-0.0346067783289722,-0.051899824823652,-0.11327447562611528
ERR1369068,1,0.027444351464509964,-0.08104199703250613,-0.08124690955238682,-0.09877831874681371,-0.05501356780795114,-0.1185548473149538,-0.08802743628621101,-0.08112499091242041,0.01734116194503648,-0.06172472424805164,-0.06146765420479434,-0.0783864101395011,-0.10406164039990731,-0.10770559257694653,-0.026542020163365772,-0.0894158338861806,-0.0031643477268517017,-0.13874470442533493,-0.11023464173610721,0.038000352414590974,-0.05145339827452387,-0.09888230051313128,-0.04094941408506462,-0.027882641073249812,0.21213867754808494,0.3311828598380089,-0.005471216514706612,-0.032928671687841415,-0.11162566739533629,0.19385910672800882,0.22554819685007846,0.3752280707870211,0.8944128278110709,0.9676094821521214,0.6096597909927368,1.5912020802497864,0.557054185940485,1.0785017388739757,0.725872915238142,1.4058562623603004,0.9972421101161412,1.3869657250387328,0.9575534931250981,1.4964458963700704,0.6292517992634592,1.4683444540548538,0.7493457570672035,1.2557893970182963,1.0852601400443487,1.148474633693695,1.0824268758296967,0.8101143054664135,0.6091837731323072,1.2726073967558997,1.1454609611204691,0.8066242635250092,0.40858482250145506,0.9482538559074912,0.9389726051262447,1.0098409808373876,0.7511893025200281,1.1128414741584234,0.8058618674320834,0.548220397438854
ERR1369069,1,-0.0814584738441876,-0.03758194227702916,-0.14437483251094818,-0.10370968867625509,-0.08765266303505216,-0.09167624557656902,-0.09911375319851297,-0.09978943956749779,-0.08975012577138841,-0.05484096413212163,-0.07904568261333875,-0.09346661423998219,-0.08873053540342621,-0.11770874421511378,-0.10461713486750211,-0.08885078291807856,-0.018524102866649628,-0.11350484910820212,-0.08079084015584417,-0.04103778941290719,0.04423290916851589,-0.10706774996859687,-0.06216459561671529,-0.1127334391432149,0.11220226756164006,0.11668360233306885,-0.08920711505093745,-0.04162290918507746,-0.12667807723794663,0.24865659645625524,0.21565582283905574,0.35833987167903353,0.8714456419859614,0.8404929898679256,0.16018492302724294,1.2871192246675491,0.48906813601830174,1.232259098972593,0.8593018427491188,1.1993470128093446,0.9717919209173748,0.902329599085663,1.1602732491280352,1.5550549487982477,0.4365503505936691,1.6028354412743024,0.8149140881640571,1.6328578846795219,1.162474477397544,0.7216849433524268,1.1459842026233673,0.41668152781286544,0.6930916373218808,1.511830278805324,1.3132962576512779,0.6633068770170212,0.6428382471203804,1.221596319760595,1.1373806191342217,0.7465704098077757,1.084120790873255,1.2006996795535088,1.06986289364951,0.8317497947386333
ERR1369070,1,0.0252386959535735,-0.05023005751094648,-0.12997405443872725,-0.1006620382624013,-0.09927759119974715,-0.12486549147537776,-0.09202380425163678,-0.10360184950487954,-0.06251880287059716,-0.08615875962589468,-0.10617756204945701,-0.10240239703229495,-0.0848995710590056,-0.11621251861963953,-0.10144998612148422,-0.10625634182776723,-0.025748251139053276,-0.13636546156236104,-0.10771042906812259,-0.051361668588859696,-0.06692234373518399,-0.10408194629209382,-0.04841423087886402,-0.0966212446136134,0.19913198692458017,0.2896597220429352,-0.0835165259029184,0.015963302925229073,-0.1261869307075228,0.2913762948342732,0.21240920200943947,0.571146374302251,1.0747652808869523,1.0729719897998231,0.5544649250140148,1.6043355464935303,0.6319744352783475,1.414531980242048,0.880954731787954,1.4795069516237294,1.0072815641760826,1.5363919596586908,1.576151957469327,1.8797332814761571,0.6997414992323944,2.004495091204132,1.0898971727916174,2.0825468386922563,1.6079648709190744,1.3125365035874503,1.3628695138863154,0.9014111054795129,0.9166426546871662,2.0536740762846812,1.62090722152165,1.028081136090415,0.7353875892502921,1.8237467461398669,1.5341587215662003,1.1844531212534224,1.4618937437023436,1.5383601284452848,1.4464520290493965,1.8205620348453522
ERR1369071,1,0.030405708721705844,-0.07562108776931252,-0.08094590210488864,-0.08436189551970788,-0.06430786103010178,-0.12740653167877877,-0.1148996108344623,-0.07717237834419523,-0.033442634024790356,-0.0882869071460196,-0.07058242389133998,-0.07817255652376584,-0.08493311117802348,-0.10718395241669246,-0.0699483177408443,-0.07672930641898087,-0.02079233926321779,-0.12304009390728814,-0.10566609113344125,-0.002102633272962911,-0.06109560706785747,-0.10688412934541702,-0.057734538934060504,-0.07697263892207827,0.2815069228942905,0.3080372028052807,-0.06431598801698003,-0.03506039987717356,-0.12000831828585692,0.18036044069698878,0.21092585447643483,0.43413120933941435,0.9463877326675824,0.9721610162939344,0.6287445862378392,1.4763921328953333,0.5586767633046422,1.2178042642772198,0.7383650288517986,1.362140381442649,0.8535762642111097,1.3978388059352125,0.9993372709889498,1.5504552572965622,0.6702198130743844,1.509687994739839,0.7878276886684554,1.4328031891158648,1.2354237447891916,1.2912892358643668,1.118660141314779,0.7802760036928313,0.6148521804383823,1.640251626925809,1.4319994236741747,0.731605419090816,0.4940640282418047,1.3661849445530347,1.2075006387063436,1.1223407707044057,0.9529392517038754,1.3477322054760796,0.9389662135924611,1.293448499270848
ERR1369072,1,0.03972358575889042,-0.04689359112775752,-0.12611823848315648,-0.09962754217641694,-0.09133596132908549,-0.09478318232244679,-0.11157083325088024,-0.08832441589662007,-0.06745225789823703,-0.06430546620062419,-0.11766907413090978,-0.09386507474950381,-0.08326146798208356,-0.08847333783549922,-0.0990027732748006,-0.10428299608507327,-0.011446913238614798,-0.09188954425709588,-0.08813780087179371,-0.06056885088660887,-0.007396078003304345,-0.09020199280764375,-0.08556133561900683,-0.07459344275827919,0.26035666838288307,0.22921986239297049,-0.07233654903913182,0.040364569618499706,-0.08820982224174909,0.3410167039505073,0.27884173286812647,0.5626564834799085,1.2154622210987978,1.1318801769188471,0.5972141655428069,1.8057284610612052,0.9230678847857884,1.3497454108936446,1.0536050228402019,1.7150680173986725,1.2215397690555878,1.6094706365838647,1.6217363902500697,2.1203272470406125,0.7324922180601529,2.077355310320854,1.1446270101836749,2.2369942303214754,1.7585378443556172,1.4440314971974917,1.3672189797673906,1.1641653350421362,0.9455014267670256,2.226026109286717,1.778403062905584,1.1622503165687834,0.819409287401608,1.8312223585588592,1.6687320912190313,1.5092045457235403,1.585705435701779,1.4789283398006643,1.6118128283747606,1.9311233375753676
ERR1369073,1,-0.050540901720523834,-0.04502974743289607,-0.1312171614595822,-0.10483859266553607,-0.09324616459863526,-0.10732956011114377,-0.09320673000599657,-0.11976495598043714,-0.09021447101674442,-0.054153435331370146,-0.10550666281155177,-0.1019243215476828,-0.09742335283330508,-0.11512380399342094,-0.11391198011447809,-0.07298545692382115,-0.022422568074294498,-0.13640273255961283,-0.10679546046802509,-0.08153832317995173,0.039620625121252875,-0.11115132152502026,-0.022532178355114802,-0.1199323119861739,0.13094960685287202,0.0989616412137236,-0.08080890842912984,-0.015085033689891654,-0.10948335379362106,0.32043508706348284,0.21704240861747945,0.5673668288758823,1.064976124891213,0.9930388682654926,0.5103917100599834,1.6766399315425329,0.6523940710883055,1.4036317361252648,1.1412975319794245,1.647136258194223,1.1969659690346037,1.4111075486455644,1.7987762466073036,1.9333688975977046,0.6550542226593409,2.0185010534312045,1.1768887870545899,2.2617640580449785,1.5897870449615377,1.1395279190370016,1.5363443600279945,0.8902383664888995,1.0825470153774535,2.056761064699718,1.5748413098709924,1.0745379797049932,0.8590720444917679,1.833134025335312,1.6186921979699815,1.3198082681213106,1.6211776243788856,1.684506863887821,1.6278848605496543,1.8154709126268114
ERR1369074,1,-0.05901435815862247,-0.13044547449265206,-0.11349927261471748,-0.14405788906982966,-0.08953939591135297,-0.10068404408437866,-0.08350748675210136,-0.05698381045034954,-0.019833586045673916,-0.09533277207187243,-0.08731551787682942,-0.1492981995855059,-0.10344614434455122,-0.11090499748076711,-0.08015541373086828,-0.12577335004295623,-0.05461902916431427,-0.08656416833400726,-0.024846467854721204,0.02654197279896055,0.010233645992619651,-0.1349116095474788,0.02543921156653336,0.08654111198016576,0.0754861222313983,0.15872697212866374,0.015726312196680477,-0.05081613228789398,-0.10266338475048542,0.22827277438981192,0.06088202553136008,0.0022847814751522882,0.3313606530427933,0.36687169543334414,0.3922060291681971,0.7976203901427132,0.5370341258655701,0.5862452621970858,0.3015965090266296,0.6446699180773326,0.5861432424613408,0.5513409833822932,0.4666523826973779,0.5969658472708294,0.2385542509811265,0.8040471799405557,0.3602870074766023,0.4513470611668059,0.3338827632500657,0.6379906769309726,0.4381428411496537,0.2639710562569754,0.22441193887165614,0.6943274885416031,0.3669073060154915,0.4139514807611704,0.060625244464193075,0.23544939288071223,0.31991951912641525,0.40016867173835635,0.10143186151981354,0.35306220029347707,0.23716100943940027,-0.0704607293009758
ERR1369075,1,-0.08570476441777178,-0.11883047276309558,-0.12837251754743711,-0.13523160559790476,-0.08362096707735743,-0.06365925472761903,-0.06992253900638648,-0.05255849340132305,-0.04433926727090563,-0.10094080146934305,-0.1021447799035481,-0.12958788233143942,-0.0908847778503384,-0.09811322783519115,-0.03470538769449506,-0.10768512317112514,-0.05864426866173744,-0.09292980137148074,-0.07126928812691144,0.020150060100214823,-0.0026928534997361048,-0.13353453749524696,0.12710791506937572,0.05299470094697816,0.011442638401474272,0.08811173481600625,0.08125740316297327,-0.0383108098592077,-0.05876372568309307,0.2697806592498507,0.13018722193581717,0.06864304042288236,0.3774457669683865,0.42636376193591524,0.42062453499862124,0.7413010708987713,0.4315395360546453,0.5257981568574905,0.2946182446820395,0.561132373554366,0.6430279708334378,0.5141526009621364,0.32413199597171377,0.4114181064069271,0.25397378099816187,0.7170845307409763,0.23738048332078115,0.34929696576935904,0.300877896802766,0.6522171311080456,0.2940004425389426,0.06428299864221897,0.3071112201682159,0.7472200585263116,0.2983319099460329,0.40124014977897915,0.0649933825646128,0.05529984273016453,0.09691917257649559,0.21896136445658548,-0.03731897759384343,0.10497594491711684,0.09444564580917358,-0.13062896047319686
ERR1369077,1,-0.05842372282807316,-0.04900193799819265,-0.13394036782639368,-0.10650793888739177,-0.09190156896199499,-0.09141665923276118,-0.10407574681032981,-0.13580299754227912,-0.09051282374587442,-0.07860035036823579,-0.09224643132516316,-0.10458300528781754,-0.08562418432640177,-0.12069108204117843,-0.12290369819051453,-0.10504095994734339,-0.06067837129480073,-0.11436903955680984,-0.05704980057531169,-0.08702951297163963,0.014660382909434182,-0.10197795661432403,-0.07940995906080518,-0.10754080382840973,0.124219860881567,0.11934648134878703,-0.10285446343810431,0.01907986093179456,-0.11702565529516765,0.29764214903116226,0.23707122568573272,0.5310263772095952,1.0335022144884403,1.027472042611667,0.45767730607518126,1.5597696879080363,0.7073044428335769,1.3816179569278444,0.9131592547387949,1.5728027248489005,1.161017996924264,1.440609553030559,1.6447934098541737,1.7672969597790922,0.6215739564171859,2.029087276331016,1.1836212543504578,2.2307809676442827,1.5862142997128623,1.053015778639487,1.439029484987259,0.942862511745521,1.0391292071768217,1.9959699596677507,1.6188498682209425,1.1872590769614493,0.9589837895972388,1.894645373736109,1.5782446744186538,1.301678968327386,1.6173577840839113,1.5788978516523327,1.5644059825156416,1.7839658941541399
ERR1369078,1,-0.03616752129580293,-0.045604490275893896,-0.13258400346551621,-0.11447386337178093,-0.0847730515524745,-0.10028744129730123,-0.10924444613712174,-0.10843177512288094,-0.08060620871505567,-0.06512243486940861,-0.10448075458407402,-0.10037267261317798,-0.08346880559942552,-0.11604127035077129,-0.09899831446819007,-0.09718932963109442,-0.05391596137945141,-0.10581445135176182,-0.07457025458903185,-0.07441245232309614,-0.034596652324710576,-0.08634309936314821,-0.07892526446708611,-0.08419324936611312,0.20002531699304069,0.10351523171578135,-0.08771636817670826,0.0006941841649157661,-0.10338518236364637,0.23133295455149241,0.250879672622042,0.6423082647712103,1.0846339368394442,0.9960915695077607,0.5559174013989312,1.6102084389754705,0.7724096844238895,1.4143522254058294,0.9314378031662532,1.7427152302116156,1.0757291881101472,1.6585541335599763,1.6645607499272697,1.9306014363787003,0.659479905452047,2.082410148744072,1.2062988089663642,2.2383954312120165,1.5197943806914347,1.2316189387014933,1.3931781649589539,1.0048995465040207,0.9443149218069655,2.1600858654294695,1.6513394713401794,1.110083510833127,0.8545141188161713,1.9102626804794585,1.6528907812067442,1.4537323186440128,1.5946178351129805,1.5281436358179366,1.510310408260141,1.8645819595881872
ERR1369079,1,0.016272473015955517,-0.06913514355463642,-0.09450825117528439,-0.10143458523920604,-0.06693139539233275,-0.11740712754960571,-0.11069465056061745,-0.07841558648007256,0.00448894953089101,-0.07683374187243837,-0.08361569898469108,-0.09364296442696027,-0.10495139605232648,-0.10114321032805103,-0.06712356928203787,-0.09628190738814217,-0.035052141174674034,-0.13279136483158385,-0.10609273905200618,-0.0119653388059565,-0.05238461760537965,-0.10733202738421303,-0.05611085732068334,-0.036302579300744195,0.2593399499143873,0.2553900490914072,-0.04631715839994805,-0.028723150491714478,-0.1171189413539001,0.18827830255031586,0.2553380953946284,0.4567082417862756,1.0230116482291902,0.992390733835886,0.6281114880527768,1.5895887996469225,0.6519847001348223,1.1291855467217309,0.881983043892043,1.445076183016811,0.9356738179922104,1.484460226858833,1.1203836340989386,1.5690994369132178,0.6371890710932868,1.5848263073047357,0.7609941725219999,1.5536514387599059,1.2673326006957464,1.2518391524042403,1.1099741980433464,0.7647041018520083,0.6832449830004147,1.726245379075408,1.4031400201576096,0.7972151935100555,0.4729731114847319,1.3092440282925963,1.2100823425820895,1.1833542585372925,0.9315278785569328,1.2734316374574388,0.9410007234130587,1.2281665784040732
ERR1369080,1,-0.06826451074864183,-0.08420748582908086,-0.09613345829503876,-0.11574506560074431,-0.07230549944298607,-0.12183786715779986,-0.0985957362822124,-0.0781778512256486,-0.03354107428874288,-0.08764381520450115,-0.08059268764087132,-0.1157025902398995,-0.10895501423094954,-0.1363549062183925,-0.0504167916120163,-0.1197852318042091,-0.03814964794686863,-0.14508423954248428,-0.1333396525920502,0.026878359062331065,-0.04312261486692088,-0.09740368170397622,-0.013009572667734963,0.011097443955285209,0.05814143908875329,0.07296418079308101,-0.007087536954454013,-0.07834698658968721,-0.10516297923667091,0.19962016087291495,0.31510549251522335,0.2789629213511944,0.7599308397620916,0.609407229082925,0.4692767411470413,0.9965908357075283,0.6776418898786817,0.7097910259451184,0.6447373969214303,1.2398263184087617,0.826611088854926,1.323805911000818,1.191383886550154,1.1245352609881334,0.18852558944906508,1.4661598986214293,0.7160332687864346,1.1089974083006382,0.7569796655859266,0.7353536380188805,0.5991165076515504,0.5998638038124356,0.5891085479940686,1.3072032587868827,0.915374721799578,0.8345782064965793,0.1903190745839051,0.9553828963211605,0.44297063749815735,0.6412689845476832,0.5345769226551056,0.4397252308470862,0.6353775531585727,0.37930124732000486
ERR1369081,1,-0.002285825088620186,-0.05245711185437228,-0.13308638547148025,-0.10180940505649362,-0.09601169425461974,-0.0864089177256184,-0.10007327196321317,-0.12282178870269231,-0.06867259281820484,-0.06252647058240005,-0.09420625386493546,-0.09233341884932347,-0.08171090044613395,-0.10763310694268771,-0.10231194854713976,-0.06952785467728972,-0.04546906504713531,-0.10924547085804599,-0.07677426666487008,-0.05991722197671022,-0.025151743420532773,-0.0619426140827792,-0.10051291648830686,-0.12125234119594097,0.09968455135822296,0.1599129012652806,-0.09039035228280616,0.010059653116124017,-0.11688483719314847,0.20076689336981093,0.29861306345888544,0.5947224944829941,1.2162869471524442,1.0215536845581872,0.4976281562449003,1.753528108554227,0.7590099647641182,1.5082059311015266,1.1507341861724854,1.805903361844165,1.1404618046113424,1.604095192892211,1.7997420621769769,2.132255720240729,0.681592800787517,2.1566832778709277,1.142456166446209,2.43410895551954,1.693037407738822,1.268724987981841,1.6225370849881853,1.1093285246086972,1.1190671090568816,2.234526974814279,1.777694960790021,1.1587673393743378,0.952772319316864,2.007451060627188,1.924499831029347,1.6302518823317118,1.8239145699356283,1.6398779641437744,1.7792176247707434,1.9932865159852164
ERR1369082,1,-0.05059009524328368,-0.07799181714653969,-0.08948500294770513,-0.10660386404820851,-0.07302197414849486,-0.13126692601612636,-0.07769545433776719,-0.07805921323597431,-0.045404471057866304,-0.08401453042668956,-0.08647019429398435,-0.10834834618227822,-0.11295511360679354,-0.10676112398505211,-0.04132174301360335,-0.10495826655200549,-0.05140161993248122,-0.13042171831641877,-0.12875668119106973,0.01916713480438505,-0.0269210689834186,-0.12733519024082593,0.039038541061537604,-0.002523165728364672,0.12317559548786708,0.14284820641790116,-0.01846795529127121,-0.05645015702715942,-0.12882693111896515,0.24932046553918294,0.18083612274910724,0.3889395598588245,0.8411564880183765,0.8186263516545296,0.5364539202834878,1.1219542196818761,0.5339410879782268,0.8925180371318545,0.6338642846260752,1.1076926599655832,0.9358459945235934,1.1798303656812226,0.7560760410768645,1.0654830437685763,0.4389956588191645,1.3979237380969738,0.6169927082955837,0.9586202135043485,0.7686213781791074,0.9797946748190692,0.782487520149776,0.31790728121995926,0.5080165889646325,1.3670187592506409,1.0714561630572592,0.6397854355829102,0.25899352026837213,0.7403788385646684,0.5917027507509504,0.6375175964619432,0.44168843967573984,0.736273433480944,0.5587492510676384,0.34239524390016285
ERR1369083,1,-0.0015144474538309233,-0.05337173721220877,-0.1335419618657657,-0.10152590194983142,-0.0949642773983734,-0.08544253378308245,-0.10091090428509883,-0.12285847216844559,-0.07033885646212314,-0.0630367077620966,-0.09457251695649964,-0.09255876165947743,-0.08176025535379138,-0.10772211610206536,-0.10144927380939148,-0.07173421805990594,-0.04603225711200919,-0.10946954520685333,-0.07522385075156178,-0.06137808705014842,-0.022151056677103043,-0.06135605741292238,-0.10007349321884769,-0.12069736633981977,0.10170822031795979,0.1512435610805239,-0.09055860644938159,0.00983683455602399,-0.11666761125837054,0.205313328653574,0.30257836303540636,0.5932662138449294,1.2121193430253439,1.0162882219467844,0.5015248020312616,1.7481651359370776,0.7635592286075864,1.4967485453401292,1.1363798720496041,1.803126529923507,1.1317894671644484,1.6003715842962265,1.7924612941486495,2.1092269080025807,0.6778013839253357,2.151075357305152,1.1318054369517736,2.414958085332598,1.6912778275353568,1.2659739891200192,1.5992271729878016,1.1048820890220148,1.1227965780666895,2.2191750151770457,1.7683358192443848,1.1512177331107003,0.9476755665881293,1.9927702833499228,1.9144235593932015,1.6309146817241396,1.7999659622354167,1.622897969558835,1.7560974567064218,1.9776357838085719
ERR1369084,1,-0.053856332653335164,-0.08209790262792792,-0.07883987256458827,-0.10532745559300695,-0.06394582321601254,-0.13845306129327842,-0.07182847868118968,-0.08574845322540828,-0.04885074363223144,-0.08627794097576823,-0.09146449182714735,-0.10767618673188346,-0.10512497169630867,-0.11117199276174818,-0.04215077842984881,-0.10498571395874023,-0.05643649612154279,-0.1360228125538145,-0.13959032722881862,0.029065178441149846,-0.023836358317307065,-0.12985005123274668,0.026603690747703825,-0.008632006389754159,0.13625311851501465,0.17835983208247594,-0.024486963770219257,-0.06345223316124507,-0.12345650951777186,0.2555586738245828,0.16890544018575124,0.3480090054550341,0.7927649202091354,0.8193945174238512,0.4706407274518694,1.0398643698011125,0.4825828735317503,0.876717426947185,0.6006094600473132,0.9880846116159644,0.9122619905642101,1.0602563334063493,0.7023965769580433,1.009289916072573,0.44033293266381535,1.2802840055166078,0.5492606876151902,0.8280325092907462,0.7290801278515053,0.9460589236446789,0.755134392529726,0.278116161269801,0.4274282157421112,1.2248280495405197,0.9820954650640488,0.5560916321618217,0.23736346619469778,0.6121072535003934,0.5014067739248276,0.5762169997074774,0.3849028263773237,0.6783067818198886,0.5071309262088367,0.22060493752360344
ERR1369085,1,-0.0032450735036815915,-0.05238320545426437,-0.13378793320485524,-0.10278230932142053,-0.09541285763095532,-0.0855549688317946,-0.09810548754675048,-0.12130242586135864,-0.0692797599892531,-0.06335914401071412,-0.09124449267983437,-0.09178640680121523,-0.08300887580428805,-0.1093249994197062,-0.10321130330807396,-0.07073574333584734,-0.04767260883402612,-0.11033823687051024,-0.07875422384989049,-0.05913389529035028,-0.027526582458189557,-0.06383846474013158,-0.10389226728252002,-0.12026365314211164,0.09650759013103587,0.15531567909887858,-0.09033863326268536,0.007223406540496009,-0.11786046943494252,0.1957291220980031,0.2956551606101649,0.5878559255174228,1.2030064681810992,1.0195507928729057,0.4974475740787706,1.741758576461247,0.7430394158831665,1.4923632081065858,1.1163452012198312,1.7863361308617252,1.1239825338125229,1.6027343081576484,1.7761602960526943,2.1044884707246507,0.671798902962889,2.129137155732938,1.1089033814413207,2.4058073503630504,1.681631931236812,1.254061356652528,1.6107092797756195,1.0839463666613613,1.1017036829143763,2.2007403118269786,1.7475935987063818,1.1344173497387342,0.9453923957688468,1.9750849742974554,1.903476605457919,1.5899986922740936,1.7830184628920895,1.6172415050012725,1.7430513219109602,1.947562379496438
ERR1369086,1,-0.09415897713708025,-0.12316598556935787,-0.11460095750434059,-0.1133061173729532,-0.09324654883572034,-0.0968159054006849,-0.08118449470826558,-0.04050380843026297,-0.07295798723186765,-0.12692601340157644,-0.11186055306877409,-0.14822056144475937,-0.14094101531164988,-0.12494871791984354,-0.05018926465085575,-0.14122070545064552,-0.0790712514093944,-0.12780013041836874,-0.11546240587319646,-0.0028339209301131113,0.004124114555971963,-0.05874133376138551,0.07963699927287442,0.00892821912254606,0.010176241397857666,0.08017229814348477,0.04397143689649446,-0.10533858596214227,-0.08629921238337245,0.21451045665889978,0.17371208540030889,0.08829777794224876,0.36700898834637236,0.36399881328855244,0.2869059070944786,0.5644710681268147,0.30157419985958506,0.5536350905895233,0.2353463407073702,0.32998679312212126,0.4910473484612469,0.5266822736178126,0.28429366435323444,0.168273642127003,-0.010612045115392123,0.48664859562580076,0.1365236288734845,0.04489751373018537,0.07859517447650433,0.4811432609068496,0.14180318053279603,-0.07426386858735766,0.08078670288835253,0.6108834615775517,0.15129673268113816,0.09734333725646138,-0.03505026495882443,0.02656170885477747,-0.08842855239553112,0.1973598346646343,-0.08944177707391125,0.002508698563490595,-0.05983993464282581,-0.1005158553432141
ERR1369087,1,0.002742017220173563,-0.05279631516896188,-0.13284524530172348,-0.10266473410384995,-0.09560187985854489,-0.08503655676863023,-0.10266939590552024,-0.12387444451451302,-0.0728221932492618,-0.062769659728344,-0.09420825807111603,-0.09383159423513072,-0.08194699337972063,-0.10476894370679345,-0.10265696645780865,-0.06944819938923631,-0.04907796200963536,-0.10798739455640316,-0.07868721153187964,-0.0651638723398459,-0.021346440804856166,-0.06807223680828299,-0.09662173156227384,-0.11968810989388398,0.10070238861122302,0.14632977225950786,-0.08983341823997242,0.01098599105275103,-0.11636040785482951,0.2030449030654771,0.29498681745358873,0.601610716432333,1.2165568582713604,1.0071700694305556,0.505011469657932,1.7572374306619167,0.7656242772936821,1.5032223335334234,1.14699011189597,1.7972402226712023,1.134098815066474,1.5985544621944427,1.7866027078458242,2.1152701122420177,0.6819503110434327,2.1662674828299453,1.1285718817796027,2.4262379663331166,1.6933650800159998,1.2791356734399284,1.5874488949775696,1.1032211711364133,1.118367468139955,2.249681668622153,1.778642441545214,1.138052218726703,0.9391493861164365,2.0008817006434714,1.9181627641831125,1.6426080901707922,1.803064199430602,1.6338599626240986,1.7604507181261266,1.9870284114565169
ERR1369088,1,-0.05678490549325943,-0.10980944495115962,-0.11093347147107124,-0.11321992533547538,-0.08025205840489694,-0.10370222505714212,-0.07274754451853889,-0.06579655195985522,-0.06131770368665457,-0.09664372860320977,-0.09715314049805913,-0.13483587120260512,-0.13253267960888998,-0.13348628367696488,-0.053991659943546565,-0.13313088832157,-0.07554334614958082,-0.12909658678940364,-0.14253580463784082,-0.004122620182377952,0.0109969326960189,-0.11059765091964177,0.03426052523510797,0.006690614989825657,0.045483753617320745,0.13404768066746847,0.03595824060695512,-0.07443704615746226,-0.10864341285611902,0.2069713111434664,0.09588295008455004,0.10469545636858259,0.4594994219286101,0.47087453305721283,0.29914686935288565,0.7365407411541257,0.3798679166689648,0.7255626331482615,0.32976092185292927,0.5058397969364056,0.656869996871267,0.595774599484035,0.33337303357464926,0.4069145018500941,0.105367850246174,0.7340126916367028,0.2769000210932323,0.2851165495812893,0.2571004975054945,0.6733444705605507,0.37795069880251375,0.03987421015543597,0.2220614483313901,0.7497442236968449,0.3605689938579287,0.24448422023228236,0.013031567480149013,0.07209961169532367,0.08315301390497812,0.2904370054602623,-0.005363041268927711,0.14296761427872948,0.13705958425998688,-0.05865357709782464
ERR1369089,1,-0.004621114847915513,-0.05096591117658785,-0.13464500648634775,-0.10146946034261159,-0.09746453325663294,-0.08763768244534731,-0.09944578938718353,-0.12186321190425328,-0.07225907238067261,-0.06550821595426116,-0.0955357796379498,-0.09288727944450718,-0.08376235288700887,-0.11128301838678974,-0.1014358459838799,-0.07020553314526166,-0.05045384883747569,-0.11291292708899293,-0.08109068970328995,-0.06824299927601325,-0.024089532239096507,-0.06932633662862438,-0.10345961313162531,-0.12057466272796903,0.10486954211124352,0.14617733444486344,-0.08829478668381593,0.012657881647880589,-0.11615488146032606,0.20408079879624502,0.29804415734750883,0.5973175327692714,1.206780003649848,1.0171628934996468,0.50909757860271,1.74164151932512,0.7501429574830192,1.5061755797692709,1.1440977326461248,1.787814597333116,1.126643208520753,1.604092606476375,1.7999816526259695,2.122761253799711,0.6731559745967388,2.1398697777518203,1.1289972162672453,2.426793158054352,1.6774174400738306,1.270624573209456,1.6184468397072382,1.091009750430073,1.1060224566608667,2.229986940111433,1.7506519119654382,1.1413812169006892,0.9339033322674888,1.9936319312879018,1.9035365113190241,1.6104572010891778,1.7912559770047665,1.6220403807237744,1.7399789605821883,1.994179631982531
ERR1369090,1,-0.11598957729126726,-0.12701734687600816,-0.1250864565372467,-0.10009427714560713,-0.12306877012763705,-0.08982481998724065,-0.04691147777651038,-0.037711097725800106,-0.07039364320891243,-0.09509102521198136,-0.09622363852603096,-0.11183591559529305,-0.08237900105970246,-0.03776404421244349,-0.040880512978349416,-0.11618965917399951,-0.06055405576314245,-0.06616730269576822,-0.0881123925958361,0.02768288552761078,-0.029800460806914737,-0.09749107169253486,0.19968982546457223,0.06669296750000545,0.03901811955230577,0.0662259719600635,0.08701451282416071,-0.043358206283301115,-0.0737036554408925,0.25494842923113276,0.16377539187669754,0.08534794354013034,0.2863890177437237,0.34564885470483986,0.3744790314563683,0.41103638761809896,0.3859155822678336,0.39903539951358524,0.2703762480190822,0.30549699294247795,0.4758525848654764,0.504672144140516,0.37429226828472956,0.1554372858788286,0.009543805250099726,0.6610974515455642,0.13899399553026473,0.24298684219164507,0.04576448830110686,0.4948206756796156,0.1217714656876134,-0.018026449850627353,-0.00835815817117691,0.669481777719089,0.19403577808822906,0.13304429930368705,-0.006375481241515705,0.16430663477097238,-0.002581785832132612,0.12445233442953654,-0.06012494968516486,0.01603701870356287,0.02654924669436046,-0.07073243880378348
ERR1369091,1,-0.06894649698265962,-0.10829801857471466,-0.07299253238098961,-0.138340847832816,0.0011550653725862503,-0.08849649011556592,-0.08719276796494212,-0.0871336470757212,-0.05725102139902966,-0.10112640900271279,-0.09938575806362289,-0.14060896901147707,-0.10030588547566108,-0.1282400478209768,-0.06262201602969851,-0.06481006102902549,-0.07167201735345381,-0.11751966817038399,-0.08829629713935512,0.02219758608511516,9.746849536895752e-05,-0.14344749599695206,0.1401186723794256,0.011980478252683367,0.046007655560970306,0.07039870002440043,0.039774396240578165,-0.07414725190028548,-0.024220624938607216,0.23021005519798823,0.11492722162178584,0.16017719650907175,0.4642367959022522,0.49905971544129507,0.39590801298618317,0.7316194559846606,0.48666840472391676,0.5469315105250904,0.3480219542980194,0.7040184411619391,0.5732875338622502,0.6292194895047162,0.4399396154497351,0.5574810425750911,0.16259195362882956,0.8188500558691365,0.370876136635031,0.6041499653032848,0.4307650782700096,0.6352975161945713,0.3410995127633214,0.05162673443555832,0.3026820995977947,0.8570916673966816,0.4371705449053219,0.3477598891726562,-0.018994339874812534,0.15997556384120667,0.1833874729595014,0.16895574145019054,0.03159883092822773,0.18784529183592116,0.13084599056414195,-0.06995006544249398
ERR1369092,1,-0.04083123776529517,-0.11197331813829285,-0.09860826922314507,-0.10926332950059857,-0.07700266369751521,-0.1288163848221302,-0.1138107877756868,-0.08014142193964549,-0.04905457528574126,-0.08264550992420741,-0.08276070015771049,-0.13441838856254304,-0.13947285924639022,-0.13880071735807828,-0.05764723356281008,-0.13810283903564727,-0.06253497728279658,-0.15606930000441416,-0.10883793727095638,0.015692939183541706,-0.011428954345839364,-0.1339919843844005,-0.036711356469563076,0.021018647721835544,0.06352893475975309,0.16638569746698653,-0.005074121590171542,-0.08136963418551854,-0.13477110117673874,0.16064938477107457,0.13283723060573852,0.16131500154733658,0.6148483415267297,0.582696116396359,0.4064504365835871,0.9971470666517105,0.5509471132286957,0.9008647554687091,0.5583056791552475,0.7392384292823928,0.6864225800548281,0.7477884792855808,0.5669442053352084,0.721296390252454,0.19013857894710132,1.0058042695080596,0.37781266974551336,0.6002209431358746,0.46090762317180634,0.8324358207838876,0.512901280607496,0.2800015109990324,0.22621918629322732,0.86422441474029,0.4552122099058969,0.36769737116992474,0.07720125007576176,0.34555453062057495,0.39167106439292965,0.6172576599887439,0.1668780821242503,0.3229296606566225,0.31474847186888966,0.11403087739433561
ERR1369093,1,-0.10709869116544724,-0.1280184941632407,-0.11425069719552994,-0.12076897599867412,-0.09533550164529256,-0.07696388502206121,-0.07924745018993105,-0.012667545250483922,-0.05804069686148848,-0.10965537266539675,-0.10428126156330109,-0.11979639264089721,-0.08666568568774632,-0.07635428650038582,-0.0606760960072279,-0.004042748286987522,-0.048740978352725506,-0.0947590246796608,-0.048712910286017826,0.05490080054317202,-0.008645032133374895,-0.05152751531984125,0.26312608404883314,0.06720924164567675,0.044979135638901165,0.10396025542701993,0.10038259066641331,-0.054678174534014294,0.022808061629932905,0.2228720478181328,0.17600213949169433,0.07443937160340804,0.24996991763224027,0.24397520188774383,0.2798446086900575,0.30622988300664084,0.28501647005655933,0.32522792209471973,0.12335977171148572,0.19643152398722513,0.3933954308075564,0.3744160247567509,0.23228006064891815,0.07322797418705054,-0.041648300630705695,0.36171354286904844,0.090477354824543,-0.00916673828448568,-0.0187378783843347,0.40364752071244375,0.0022487915786249296,-0.06414483594042915,-0.054987617901393344,0.5359125818525042,0.1015940010547638,-0.011786791629024915,-0.0632342877132552,0.10833614825138024,-0.08195346806730543,0.07107208828840937,-0.0933976692280599,-0.015721961689580764,-0.07792159169912338,-0.09139804834766048
ERR1369094,1,-0.10679150186479092,-0.13351080486817019,-0.12195349484682083,-0.11712806139673505,-0.12127535258020673,-0.07239389020417418,-0.0943840198950576,0.010929947452885764,-0.06875535020870822,-0.11721015615122658,-0.10402662307024002,-0.12747896356242044,-0.1058148124388286,-0.0743948258459568,-0.04705139994621277,-0.14378142889056886,-0.05477580986917019,-0.10412534858499255,-0.1067175737449101,0.033612617424556186,-0.027808743928159987,-0.11634667537042073,0.17526980875326054,0.04713851426328931,0.012278711157185691,0.014302181346075875,0.10660689257617507,-0.05510845940027918,-0.08779294230043888,0.20123928226530552,0.2018085473350116,0.09979515575936862,0.31108315608331133,0.39368376561573576,0.3405631280371121,0.5420030276956302,0.39465962749506744,0.35593172774783205,0.27582714174474987,0.4414109481232507,0.5288737996348313,0.5269292034208775,0.3506295398942062,0.23923333042434283,0.07646708137222699,0.6978624083401103,0.19309391932828085,0.33860412506120546,0.19270828792027064,0.46668266957359655,0.15547530885253633,-0.01496177725493908,0.17738299071788788,0.768359832997833,0.28520745491342886,0.31105446150260313,0.05544930403786046,0.20575900269406183,0.05829203900481973,0.13304800200941308,-0.01071280161184924,0.04731836382831846,-0.011175163090229034,-0.08654119553310531
ERR1369095,1,-0.11119272985628673,-0.1281855832785368,-0.12342799029179982,-0.11755733404840742,-0.12329567543097905,-0.08759916041578565,-0.07158690903867994,-0.015068804046937398,-0.06685785124344486,-0.12443900161555835,-0.09840617648192815,-0.13651769122641003,-0.10127052345446177,-0.07237281543867928,-0.04834371359486665,-0.11224523732172591,-0.06745351159146853,-0.0943135108266558,-0.06773497204163245,0.023454293608665466,-0.014085524316344942,-0.09209981853408473,0.14952646089451654,0.0766618549823761,0.012706128381458777,0.08205241390636989,0.09123742813244462,-0.056813791926418035,-0.061197467148303986,0.2051139139969434,0.13521826905863626,0.04279918968677521,0.2411390170454979,0.33857331212077824,0.34388709760137964,0.46169360301324297,0.3580065824291004,0.39994520640798975,0.2604067155293056,0.28223484115941183,0.4442311344402177,0.44350937993398737,0.3077308147081307,0.16579496168664523,0.0298047097665923,0.4963376853016338,0.11733486290488924,0.14871306983487947,0.07713077376995768,0.45863321689622744,0.1303205836032118,-0.01763652584382466,-0.020191400178841183,0.5628391142402377,0.1547387625489916,0.11479252576828003,0.0030410736799240112,0.10937239988041776,-0.02134172192641667,0.12061881699732371,-0.07753079078559365,0.0028101748653820585,-0.021272491131510054,-0.07180894645197052
ERR1369096,1,-0.045118401758372784,-0.08972369879484177,-0.09599991941026279,-0.10420129927141326,-0.07224519737064838,-0.11472353179539953,-0.07886967941054276,-0.10395737843854087,-0.018561553742204393,-0.07239140876169715,-0.08425650951851692,-0.11060103667633873,-0.10702263377606869,-0.11648098539028849,-0.052957004202263694,-0.11428629287651607,-0.05941390924687896,-0.12634448919977462,-0.11795263670917068,0.0466438965605838,-0.004900223442486354,-0.1211545563169888,0.03770660023604121,0.00040515392486538204,0.15531773545912334,0.1811706040586744,0.00925278923075114,-0.06398360178406749,-0.12317975929805211,0.2799379048602922,0.17099635249802045,0.23313272797635623,0.7885935929204736,0.7602668665349483,0.6038255819252559,1.24770587682724,0.5168824190539973,0.847902021237782,0.7062725297042302,1.107897415224995,0.9739130043557712,1.0042560626087444,0.7433495095797947,0.9843871135796819,0.557649669719727,1.2643649830882038,0.4744517994778497,0.8754811730634954,0.8470163813659123,0.9646813252142498,0.8568540045193264,0.4376272548522268,0.561463770257043,1.1851007235901696,0.9366605920451028,0.6817148011177778,0.31556661267365727,0.5556519446628434,0.6701924566711698,0.8011391235715044,0.4700881221464702,0.7292882406285831,0.5649589443845409,0.1490588422332491
ERR1369097,1,-0.05753236423645701,-0.07806956049587045,-0.10335762745567731,-0.10363629194242614,-0.08288125959890229,-0.11936815029808454,-0.0945589260331222,-0.07957852951117925,-0.04267150576093367,-0.0801881602300065,-0.09053460475323456,-0.11451494906629835,-0.11211662207330976,-0.10505288573248046,-0.058012298840497224,-0.12003522366285324,-0.04632057169718402,-0.13332705731902803,-0.12020456578050341,0.012759518410478319,-0.016906040321503366,-0.1256516980273383,0.007426195910998753,-0.01612067541905812,0.12780394298689707,0.12216319888830185,0.00021357621465410505,-0.05817997881344387,-0.11939120824847903,0.22521816619804927,0.2714482162679945,0.38656038152320044,0.8143762115921293,0.8314118789775031,0.5819239786693028,1.2032529967171806,0.6449664916310992,0.8593760563858918,0.656902303653104,1.189742483730827,0.926203405218465,1.194708730493273,0.8297527320683002,1.097914963162371,0.47584934419553193,1.3910749874609922,0.5467349163123539,1.1028325972812516,0.8454121383173125,1.014776982899223,0.7402481883764267,0.3842723454747881,0.532098423955696,1.4179322943091393,1.1158104914107494,0.6679677686520985,0.2973073252609798,0.8256655644093241,0.6255425326526165,0.754069202712604,0.5066662675568036,0.7001032935721534,0.555956993252039,0.36966816016605925
ERR1369098,1,-0.05313247216067144,-0.06387855751173836,-0.0909861135961754,-0.10606576921418309,-0.10562832014901298,-0.16174279366220748,-0.06981363892555237,-0.08275703393987247,-0.05346859086837087,-0.1070239469408989,-0.11475915674652372,-0.11549188728843417,-0.10863662431282657,-0.05419805273413658,-0.07158610969781876,-0.1187421487910407,-0.05784316996245512,-0.03852252236434391,-0.12727440680776322,-0.005568614495652062,-0.06908695825508662,-0.11604476503894798,-0.02223327915583338,-0.01981824530022485,0.19562172996146338,0.16817687238965714,-0.051510755504880636,-0.048791377672127316,-0.07117412039744002,0.27269731036254335,0.12301650270819664,0.47156165407172274,0.8449084697557347,0.7696535462247474,0.4905379701937948,0.9254196860960552,0.5924844007406916,0.9014586415141821,0.7499654311686754,1.0099010403667177,0.6295961269310543,1.0545257095779692,0.9786948758576598,1.0609064613069807,0.3684217078345163,1.4378941443615727,0.5244447092658707,1.0771197783095496,0.9048311220748084,1.019260517188481,0.6497594501291003,0.360823287495545,0.21845790344689572,1.4182039414133345,1.0567917419331414,0.38751255933727535,0.07867686530309063,0.98286265454122,0.5521070691091674,0.6720485112496785,0.5144770368933678,0.7873882842915398,0.5956955759653023,0.9106884226202965
ERR1369099,1,-0.06249043026140758,-0.09242042446775096,-0.0886436558461615,-0.1031522136181593,-0.08479178191295692,-0.13076446843998774,-0.11136280000209808,-0.07315515620367867,-0.014251135688807284,-0.08422819205692836,-0.08625139349273273,-0.11997027269431523,-0.12496738721217428,-0.1016422092382397,-0.030076206462191685,-0.12627041712403297,-0.007542544244123357,-0.12278140070182937,-0.11418172105082444,0.06372620271784919,-0.03181367899690356,-0.11080287237252508,0.004895374711070742,-0.01742027433855193,0.20140213226633413,0.1465527926172529,-0.0023756355845502447,-0.07632806790726525,-0.1341432130762509,0.20675176594938552,0.27395299609218327,0.33548636734485626,0.8005094874118056,0.8010413625410625,0.7146963062030929,1.3195956317441804,0.6465823461434671,0.8564839756914547,0.7379637030618531,1.3059585919337613,0.8504088680659022,1.2658035638076919,1.0044404853667532,1.0523450087223734,0.507398184388876,1.3950059304812126,0.6188103091636938,1.2148144686860698,0.9047247001102993,1.0002804648663317,0.8215468653610775,0.5107969503317561,0.4770789572836033,1.405802111540522,1.196843944489956,0.7201443559357098,0.2885004047836576,1.0822142884135246,0.7275197385544223,0.8989288402455193,0.6130610597985131,0.9114410781434604,0.6449458138751132,0.6567243805953434
ERR1369100,1,-0.11214920319616795,-0.11746013856359891,-0.12166214095694679,-0.13878456316888332,-0.0980118310877255,-0.06360651672418628,-0.07152036417807851,0.04689612133162362,-0.04077990273279803,-0.10214650524514061,-0.09493754963789668,-0.09148906597069331,-0.06121699618441718,-0.03327679740531104,-0.04183829868478434,0.008843004437429565,-0.010410157165357046,-0.07667612923043114,-0.007943882473877497,0.035723693668842316,-0.014215585376535143,-0.04770287738314697,0.3211393452116421,0.11227323540619441,0.023469172418117523,0.10098689688103539,0.12951504758426122,-0.009470544223274504,0.027293079665728977,0.19502702202381833,0.17668897126402175,0.03450869635811874,0.1962134683770793,0.19604920808758056,0.29335767775774,0.29465451943022863,0.27265007833817173,0.2999217145677124,0.09110672559056963,0.12806096992322377,0.3466527451361929,0.3692042018686022,0.22840922911252295,0.022673259755330428,-0.034521985200366805,0.33000923357238726,0.10188777106148857,-0.017860630793230876,-0.03196080055619989,0.3671864178031683,0.005545833946338722,-0.04327801934310368,-0.057988248233284266,0.4860185853072575,0.03798033988901547,0.023256040577377592,-0.05764874669590166,0.05199408185269151,-0.086090123546975,0.04456154736024993,-0.08849367925098964,-0.044047197111857325,-0.07578641389097486,-0.1257336073155914
ERR1369101,1,-0.10448509627687079,-0.1126367653986173,-0.084918170103005,-0.1346736821745123,-0.02758344156401498,-0.08511071439300265,-0.06876643427780696,0.02033142639057977,-0.0272918806544372,-0.08007382335407394,-0.07959680897848946,-0.09544431631054197,-0.055950009397097995,-0.03887419083288738,-0.05394025359834943,0.10536376825932946,0.006674095988273621,-0.07613559705870492,0.017518427755151476,0.043758457260472436,-0.012301844677754812,-0.031366986355611255,0.38390665714229855,0.092459323150771,0.068194751228605,0.10718945254172597,0.13667274692228862,-0.022791506190385138,0.07711246237158775,0.2320877964209233,0.19110566909824098,0.08558401358979088,0.21894949967307703,0.22064629383385181,0.2880486718245915,0.2705613300204277,0.2688234107834952,0.3056088817705001,0.08071429661608168,0.13927749118634633,0.3675833855356489,0.35987833568028044,0.22505232873040118,0.0354695413261652,-0.06506730988621712,0.3425069134682417,0.08381499669381551,-0.03546534904411861,-0.055635123646685054,0.3977955739412989,-0.008825855595724923,-0.051556547837597985,-0.05853901909930365,0.5190005877188274,0.0765096949679511,-0.024425541183778217,-0.07883080893329211,0.06153684508587633,-0.09748654493263789,0.04257255686180932,-0.08554646745324135,-0.018795142482434,-0.07575906813144684,-0.10864601843059063
ERR1369102,1,0.031203591930014745,-0.06564864130424601,-0.10150958092084952,-0.10898227297833987,-0.0829889816897256,-0.12091095293206829,-0.09882629503096853,-0.08239188258137022,-0.019769697583147457,-0.07310372404754162,-0.08778228504317147,-0.09122604610664505,-0.0994834875954049,-0.10343647748231888,-0.06503157457336783,-0.09773833783609527,-0.03400197944470814,-0.1337276159652642,-0.10741670935281686,0.011065478835787092,-0.050805262689079554,-0.1071765845907586,-0.07746838725038938,-0.011537964322737284,0.28757635828307165,0.2737474356378828,-0.047318809532693455,0.004552118879343782,-0.1190061526639121,0.2566507618342127,0.24226732419005462,0.4880365069423403,0.9638377220502922,0.9827233789754766,0.6767828634807042,1.483671716281346,0.6953670563442367,1.1320977724556411,0.825335133687726,1.4371097851544619,0.9771682098507881,1.526733570333038,1.1808565528065498,1.5780112346900361,0.6632224736469132,1.6924496251823646,0.8744303945984159,1.6069968683379037,1.2546693682670593,1.2629187107086182,1.0450871927397591,0.7256048289792878,0.6782679366213935,1.7869320235082082,1.489818042942456,0.8062237350802336,0.419645489060453,1.3268397783062287,1.090409538043397,1.1005545088223048,0.9624181815556118,1.255867864404406,0.94561027522598,1.1985451845186097
ERR1369103,1,0.0550669330571379,-0.044702493851738315,-0.10872885904141835,-0.09965139574238233,-0.08074791064219815,-0.1184545937659485,-0.10120731751833643,-0.08867530218724694,-0.04960433393716812,-0.08007439225912094,-0.08762663549610547,-0.0855218515332256,-0.10108504830194372,-0.07537183059113366,-0.07503200921096972,-0.092308373855693,-0.02242476014154298,-0.11470622728977885,-0.10127485197569643,-0.0340168939105102,-0.040426578372716904,-0.10473069016422544,-0.08305171983582633,-0.02659711241722107,0.260566847132785,0.2559270707092115,-0.07137796701863408,0.0075163075567356175,-0.11447998349155698,0.255370785881366,0.2056244643671172,0.5975581726857594,1.095160927989387,1.0550837410347802,0.6313107247863498,1.5345891799245561,0.7174395876271384,1.292344933109624,0.9282507319003344,1.5260989402553864,1.054153989468302,1.5929087618631976,1.265184752110924,1.7951966183526176,0.6888924400721278,1.8515507066622376,1.0109455393893378,1.7813827310289656,1.4321924575737544,1.3726861349173956,1.1948352200644357,0.8620946417961802,0.7785805336066655,1.9863305645329612,1.6619689645511764,0.8558801268892628,0.5342699547431299,1.5025455525943212,1.3673439281327384,1.1916071368115289,1.1664981416293554,1.4102175682783127,1.1884816084057093,1.610926644610507
ERR1369104,1,-0.11077326775661536,-0.11394326229180608,-0.10749789966004235,-0.132839365995356,-0.0848076513835362,-0.08267391685928617,-0.06632797313588006,0.04033341258764267,-0.02345077959554536,-0.10708697353090559,-0.10879320970603398,-0.09815217022384916,-0.059910500688212256,-0.030254303344658444,-0.05009641704548683,0.04379578174224922,-0.020918452313968112,-0.07590847462415695,-0.014566292720181602,0.06200176796742848,-0.013610741389649255,-0.041475421616009304,0.32039859358753475,0.11433388931410653,0.038963238043444495,0.11902006609099251,0.12056901944535119,-0.018607999065092633,0.04237316069858415,0.21380847073825343,0.1868492630975587,0.01379440784720438,0.19694689501609122,0.23089624622038432,0.2943969400865691,0.3599934460861342,0.24743551834087288,0.28045749226917643,0.07297618687152863,0.12656805930393084,0.34138745654906544,0.36076284093516214,0.22351256757974625,0.05191586326275553,0.00032010993787220547,0.30853361593160245,0.06549340805837087,-0.04787096008658409,0.0031513098095144543,0.386173145180302,-0.008955015667847224,-0.055050483771732876,-0.012789893363203322,0.49745643245322363,0.051933832466602325,0.06316838253821645,-0.05300370843282768,0.06802683217184884,-0.0643925376768623,0.05257590913346836,-0.09286122795726572,-0.029789894287075316,-0.08778634560959679,-0.1210366076390658
ERR1369105,1,0.043866233101912906,-0.05747433964695249,-0.0974435034607138,-0.11198515657867704,-0.07074279803782701,-0.1116025079973042,-0.09996302159769195,-0.08474550249853305,0.009154338988342456,-0.06481976407979216,-0.08285022447151798,-0.08620746021292039,-0.09163553666855608,-0.09775802014129502,-0.07045966795911747,-0.0907163146351065,-0.012476887454145722,-0.11137674961771284,-0.10602974439305919,-0.00806371308863163,-0.03137745176042829,-0.1036785284855536,-0.07161217262702328,-0.034868371805974414,0.2617042325437069,0.3280738246228014,-0.030648728533248817,-0.016652942468811358,-0.09279011934995651,0.27044224951948437,0.31352584569581915,0.5538814275392464,1.109537566878966,1.101896423314299,0.6906938579465661,1.6911075881549291,0.7514558987958091,1.2060928546956606,0.9200822245329618,1.6225224171898194,1.0967069161789758,1.6446516987468516,1.3089941053518228,1.8081412017345428,0.7289649354560035,1.8231877864870643,0.9742030990975243,1.7119513654283114,1.3970312689031874,1.4526733543191637,1.1794944118176187,1.0483677185007505,0.8156765082052776,1.7892954349517822,1.4653451522546155,0.9461236175681863,0.543564483789461,1.393635274044105,1.2746009294475829,1.24286373598235,1.1367922180465289,1.349864308323179,1.235449309859957,1.3390841053000517
ERR1369107,1,0.022964637726545334,-0.05060676112771034,-0.12536099233797618,-0.11004722437688283,-0.09181579521724156,-0.10893797728099994,-0.12618939259222575,-0.09209056438079902,-0.04008443946284907,-0.06853664772851127,-0.07703085669449397,-0.09457778371870518,-0.100080176190074,-0.07590435019561223,-0.07420500540839774,-0.09505576653672117,-0.020093757459627732,-0.10471227392554283,-0.08547290983343762,-0.04175226071051189,-0.01683349907398224,-0.09504797589033842,-0.0742099482033934,-0.026685212339673723,0.2703278288245201,0.22287038287946156,-0.07289926554741603,-0.0028049408325127195,-0.08663324692419597,0.3258565180003643,0.3039770780929497,0.681089428386518,1.1546219087072782,1.0584535651973315,0.6611080904092107,1.6226932917322432,0.9350009996976171,1.2693475591284888,1.1132791680949075,1.7424997336098127,1.1241401810797729,1.7953501450163978,1.641657038458756,1.9547286879803454,0.682174913585186,2.0362093936918035,1.1490133787904466,2.0072140406285013,1.6384937699351991,1.4200896918773651,1.2173043877950736,1.1612526178359985,0.835067629814148,2.2887725830078125,1.7765883675643377,1.1850197528089796,0.7374780140941896,1.8210044875741005,1.562610047204154,1.4244415339614664,1.5856751331261225,1.5450340913874763,1.5375730264931917,1.9666483753493853
ERR1369108,0,0.05520046262868813,-0.04633088616122093,-0.11793238031012672,-0.11501159226255757,-0.07427653397566505,-0.10365112904193145,-0.09788976323657803,-0.08723688079044223,-0.055662160007549186,-0.06460380886814424,-0.1086142754980496,-0.09233893187982696,-0.07874361186155251,-0.10049119724759034,-0.09608364048680025,-0.09484005805903248,-0.030523901638974036,-0.10418617831809181,-0.08986914839728602,-0.05289400342319693,-0.02392490048493658,-0.10714205407670566,-0.0724060306591647,-0.037503774144819806,0.24565039042915618,0.23921004163899592,-0.06220422137994319,0.008694269328511186,-0.10970757209828921,0.28135213176054613,0.2530145597245012,0.611110617007528,1.191671830202852,1.0458272493311338,0.6900149998920304,1.7588741481304169,0.785454832549606,1.3417044367109026,0.9927839131227562,1.6746479501681668,1.1310044527053833,1.7396569198463112,1.431027203798294,1.9097856453486852,0.7518074863723346,1.9177971904032998,1.1529581738369805,2.033877778000065,1.4495747962168284,1.5763778047902244,1.2738827387137073,1.0108344086578913,0.8931570798158646,2.081630630152566,1.619482206446784,1.0028850766164916,0.6429493217063802,1.6409240386315755,1.4981281225170409,1.3773405594485146,1.3080512905227286,1.4886644631624222,1.2515798429293292,1.7098555256213461
ERR1369109,0,-0.07572098395654134,-0.07791462186391332,-0.04219126920881016,-0.011331183569771903,-0.0654759416689298,-0.10843217186629772,-0.09435708106528702,0.005936649228845324,0.013585985970816441,0.0749598757496902,-0.09433184085147721,-0.10185936252985682,-0.04842435961057033,-0.06193483115306923,-0.05752535869500467,-0.1444800921848842,0.0014886504671137249,-0.06370298477954098,0.0736667079451893,-0.013551139272749424,0.011061609855719976,-0.13330228786383355,0.19663648520197188,-0.04619539848395756,0.18898112574658757,-0.02003964515669005,0.0361594314620431,-0.030187658965587616,-0.08370670978911221,0.3079867905804089,0.09264553551162992,0.27156949788331985,0.5312479361891747,0.528435614492212,0.5020949478660311,0.9438879298312324,0.5989099921924728,0.7149452503238406,0.42098236456513405,0.955372063975249,0.5989661165845713,0.9315119364431926,0.9369454394493785,0.724554176309279,0.23333834963185446,1.2136936280876398,0.6761056376355035,1.1385531446763448,0.7352002114057541,0.7213968719754901,0.44000389533383505,0.0973653903763209,0.3968846531850951,1.3162367109741484,0.8344034696263927,0.5347363693373544,0.0923663287290505,0.7871872479362148,0.525399777506079,0.4298979126449142,0.4913681149482727,0.7179800287953445,0.3355682540152754,0.7018181709988441
ERR1369110,1,-0.11468680415834699,-0.12869280470269068,-0.12232132468904768,-0.11865938268601894,-0.1250692456960678,-0.09600406459399632,-0.07118430181539484,-0.01679993953023638,-0.0726693437567779,-0.12940094300678798,-0.10504659158842904,-0.14330060460737773,-0.10887547901698522,-0.07604417630604335,-0.047486401562179835,-0.12970426678657532,-0.07278424474809851,-0.09860413734401975,-0.07991532502429825,0.028038959418024336,-0.018487673785005296,-0.0907699227599161,0.14763558336666652,0.062196940183639526,0.02262386174074241,0.07977055651800972,0.08032658882439137,-0.05856080845530544,-0.060857661068439484,0.20045171012835844,0.16051607046808516,0.045469705547605245,0.2753958936248507,0.3328945700611387,0.3331727724788444,0.4617840711559568,0.33439971187285017,0.3790198035006012,0.25394456940037863,0.2769267292959349,0.4319299858595644,0.4477262081844466,0.29626209501709255,0.1531797293573618,0.033067964017391205,0.49368065811826717,0.10485385211982898,0.1191267983189651,0.07138545837785516,0.4484989651079689,0.11659094618101205,-0.03728855507714408,-0.02641782271010535,0.5685305595397949,0.1695617852466447,0.09855502364890915,0.009988960410867418,0.12991549500397273,-0.01417602492230279,0.13292784350258963,-0.07220436339931828,0.0152427362544196,-0.027216715472085134,-0.06776766638670649
ERR1369111,1,-0.061987497976848056,-0.0831391526652234,-0.09502673255545753,-0.10782743883984429,-0.07107372209429741,-0.12034771564815726,-0.1067325733602047,-0.07126438218568053,-0.0352648456713983,-0.07320509744541985,-0.07802334693925721,-0.11781655624508858,-0.10713608296854156,-0.1266508474946022,-0.04842427695569183,-0.11066935317856925,-0.03510772443509528,-0.1313954166003636,-0.1174957808772368,0.03099083581141063,-0.01853226444550923,-0.1157696789928845,-0.004202778318098613,-0.020605514092104777,0.14466219821146556,0.11843323814017433,-0.006029780954122543,-0.06839565813009228,-0.11978921240993909,0.24269893765449524,0.3538117712097509,0.38032531139573883,0.8549430745520762,0.7918207443186215,0.5834155114633697,1.3084894503865923,0.6714534578578812,0.8989190959504673,0.7349383898877672,1.3705150841602258,0.9942019054932254,1.295296091054167,0.9965526472244944,1.1857668065599032,0.5072803430791412,1.4070652255322784,0.6080100866300719,1.2686205224267073,0.9345536764178958,0.9589169017438378,0.8507525739925248,0.6072112321853638,0.6595825999975204,1.409782231652311,1.1567198591572898,0.8115160422665733,0.41084867609398706,0.9539598003029823,0.7004944070109299,0.8880622653024537,0.6437093349439758,0.8788374502743993,0.6440236978232861,0.4609277280313628
ERR1369112,1,-0.006313060809459005,-0.042155049076037746,-0.04183131882122585,-0.1074294216398682,-0.014680401022945131,-0.10163967550865241,-0.10216836302009012,-0.11044093327862876,-0.06040089833550155,0.011963841106210436,-0.0898568406701088,-0.1055886238547308,-0.08513259149289557,-0.08898801383163248,-0.11453426270080465,-0.10370421995009695,-0.09133958922965187,-0.06661779769430203,0.006019597074815205,-0.10945591570011207,0.049308185681833754,-0.11949168571404048,0.020654328167438507,-0.09479079980935369,0.07417059583323342,-0.004476149167333331,-0.07125482132791408,0.06046018609777093,-0.06473202364785331,0.31573487498930525,0.16109751058476313,0.6427470945886203,0.9473082316773278,0.9364702190671649,0.41269878510917934,1.414152490241187,0.6112421953252384,1.561869665980339,1.115315392613411,1.2868924848735332,1.0683852987630027,1.2833665513566561,1.3361888464008058,1.526335246860981,0.42072108707257677,2.0029743276536465,1.0502537840179034,2.015012345143727,1.4018506088427134,1.000293254852295,1.1233736171520181,0.5451409657086644,0.8244014318500247,1.9029495460646493,1.47275661171547,0.8680369273892471,0.7117026131600142,1.5463144247020995,1.2174285863127028,0.9784841367176601,1.4553534942013877,1.4633132541286094,1.2454237315271581,1.3810289911925793
ERR1369113,1,0.03619478403457573,-0.05879760666617325,-0.1095526111977441,-0.10602143726178578,-0.07282309580062117,-0.11438640080658453,-0.10570720370326724,-0.08968210007463183,-0.02241053631795304,-0.061997129182730405,-0.0783843637577125,-0.08269960113934108,-0.08777708187699318,-0.09993096121719905,-0.0668893073286329,-0.093424037764115,-0.016645502897777727,-0.1253794410399028,-0.10934568043532115,0.006337002185838563,-0.03968985431960651,-0.10366627547357764,-0.07025769459349769,-0.030501771186079298,0.25262968774352756,0.2948614377528429,-0.04339382647802787,-0.00532227847725153,-0.12036676917757307,0.2206726468035153,0.2747241724282503,0.5047599279454776,0.9878770693072251,0.985658082046679,0.7006872525172574,1.6465768132890974,0.7054590327399117,1.2703982698065894,0.8822581661599023,1.5163441970944405,1.0152147731610708,1.5474374645522662,1.1349357994539397,1.6325459363205093,0.7169224321842194,1.6681843350109244,0.9061441964336804,1.6038056494934219,1.2624379433691502,1.3927710567201887,1.133251422217914,0.8296466980661664,0.7351190713899476,1.7727904404912675,1.4621576911636762,0.8512638179319245,0.47469319167014745,1.3389384698654925,1.193591641528266,1.1632425316742487,0.9916919091982501,1.3322471060923167,0.9817625167114394,1.1822321180786406
ERR1369114,1,-0.048118471750058234,-0.06185333563813141,-0.11142299537147794,-0.10165859891899995,-0.0832257547548839,-0.1276132326040949,-0.07927015756389924,-0.08389173181993621,-0.0763495619009648,-0.09758746464337621,-0.10700366113867078,-0.11800935119390488,-0.11160011749182429,-0.10543042793869972,-0.06966748594173364,-0.13206430737461364,-0.06350719875523023,-0.13641464869890893,-0.12422769623143333,-0.018288674631289074,0.005849642546049186,-0.13181018084287643,0.013917225812162672,-0.01750092314822333,0.12917800886290415,0.0866153644663947,-0.013893352156238896,-0.02163071624402489,-0.1153921689838171,0.3160171913249152,0.23037953262350389,0.4092199759823935,0.8925921799881118,0.8062649539538792,0.505429966907416,1.0143464250223977,0.730685002037457,0.860733979514667,0.741036559854235,1.0443486573972873,0.9313940900777068,1.148353825722422,0.8326423283932465,1.0044965156620103,0.33506174066237043,1.410945200461096,0.5484917376722608,1.1091276774449008,0.808893196284771,0.9419353928949151,0.6565238524760518,0.22623285704425403,0.48760084664848236,1.5116554349660873,1.1154631291116988,0.5804539572979722,0.20798980125359126,0.6963316638554845,0.5631955947194781,0.6106006572289127,0.4393656243171011,0.5370580298560006,0.512593826012952,0.43585891808782307
ERR1369115,1,-0.07614673514451299,-0.12033255557928767,-0.10340151510068349,-0.10937680357268878,-0.08602224716118403,-0.1298679762652942,-0.1178632059267589,-0.07380129503352302,-0.06806866292442594,-0.09933972997324807,-0.09135292576892036,-0.1505568442600114,-0.15271933589662826,-0.13256348935621126,-0.06169728961374078,-0.15438897481986455,-0.07781013071403972,-0.1465350091457367,-0.12476053567869323,0.02511906091656004,-0.021550522984138558,-0.11102766410580703,-0.0020645239523478915,0.021799115197999135,0.030230083635875156,0.12238008209637233,-0.02274947932788304,-0.10386085323989391,-0.13257307998303855,0.16327538660594396,0.15143529964344843,0.10598817999873843,0.49539580808154177,0.47758279740810394,0.35468830700431553,0.808071990098272,0.4892863661183843,0.7420283598559243,0.45235811386789593,0.5766775597419057,0.5799132074628558,0.6429094251777444,0.48285720710243496,0.42805189253496273,0.10490038352353233,0.8757919453117731,0.2910002203924315,0.39424791000783443,0.26850129504288944,0.6588067646537509,0.33503106848469805,0.147092144670231,0.12019539797412497,0.7538192697933742,0.28927729970642496,0.26016033560569796,0.007289006773914609,0.23359651491045952,0.22285453070487296,0.44206451305321287,0.062344547893319814,0.20015588881714003,0.19146546721458435,-0.007508950041873115
ERR1369116,1,-0.08369142176317317,-0.11828803590365819,-0.12338166896786008,-0.1235531424837453,-0.08805286258991275,-0.07283608455743108,-0.0676380977300661,-0.022732935845851898,-0.045583718589373996,-0.1015939994582108,-0.08878485911658832,-0.14185054280928203,-0.10113601103824164,-0.08981777913868427,-0.03827529773116112,-0.07639079966715404,-0.06476145556994847,-0.09929231674011264,-0.08279338372605187,0.036340393658195226,-0.004020130627655557,-0.12149158268169101,0.10500067578894752,0.07104059415204185,0.02037832247359412,0.10605156208787646,0.08630672522953578,-0.05558198371103832,-0.0951487762587411,0.19495220056601933,0.15946083622319357,0.04802144159163747,0.3596824439508574,0.4732815538133894,0.3597372823527881,0.7010595670768193,0.389308716569628,0.5623970010450908,0.31206704463277546,0.45978395853723797,0.616892264424158,0.5437321354235921,0.35499638478670803,0.44112596235104967,0.23652544617652893,0.6888563479629478,0.1582583843597344,0.2940251813935382,0.3082255055861814,0.6403257649924073,0.2692239359021187,0.10329655877181462,0.2612767166325024,0.7881506830453873,0.30821254742997034,0.3407167276101453,0.09058062891874995,0.1535807533987931,0.11604533876691546,0.24217125294463976,0.01590666121670178,0.13099267333745956,0.07652980940682548,-0.1072103532829455
ERR1369117,1,-0.08207308540918998,-0.11979855809892927,-0.12064434162208013,-0.1189405902155808,-0.08981363688196455,-0.08439270885927337,-0.08114992933613914,-0.04627314529248646,-0.05373130791953632,-0.10151501425674983,-0.08625736992274012,-0.15137540016855514,-0.11881062335201673,-0.10789345524140767,-0.04673681328339236,-0.12374856855188097,-0.07339839690497943,-0.11394895293882915,-0.0875354390591383,0.03049027068274362,-0.006582304702273437,-0.13623503781855106,0.06524361882890974,0.0537937336734363,0.016183928719588687,0.0993049687572888,0.06866632268897124,-0.06941189863053816,-0.10228652932814189,0.1960771381855011,0.17015885135957173,0.08470898760216576,0.4079109323876245,0.5029367634228298,0.3996590498302664,0.7688110225966999,0.46226579303454074,0.5714372609342847,0.37989223642008646,0.5961361186844962,0.6325405373104981,0.6003453754986238,0.40502716654113363,0.48217769073588507,0.23584882489272527,0.7649257966051144,0.20083446374961308,0.3882106111185359,0.34493076109460424,0.659195211183812,0.31951854484421865,0.1207753127174718,0.2524132489093712,0.7893180868455342,0.3621334731578827,0.3724257070571184,0.09277026139898226,0.20412416702934674,0.14284153828131302,0.32429092058113645,0.04271715733089617,0.14860302529164723,0.1145784759095737,-0.08762056806257792
ERR1369118,1,-0.07483617216348648,-0.09120216167398862,-0.12289248726197652,-0.11576748266816139,-0.0909938093807016,-0.12877590422119414,-0.1068214305809566,-0.08179836720228195,-0.04456929303705692,-0.08714019400732857,-0.0977684525506837,-0.13446632879120962,-0.12688151640551432,-0.1193738505244255,-0.05934597285730498,-0.14184909633227757,-0.062484072255236764,-0.1242522190191916,-0.12900889558451517,0.016406821885279248,-0.021610485123736516,-0.1371729491012437,0.015399450702326638,-0.021938255855015347,0.061491649597883224,0.006244883872568607,0.024390683908547674,-0.06806866778060794,-0.10486323981811958,0.2064266630581447,0.32369148092610495,0.31655074150434565,0.7704899502652032,0.624421722122601,0.5349171745723912,1.051482617855072,0.7701614711965833,0.7607382972325597,0.5810665477599416,1.1761640911655766,0.7997157531125205,1.0481092408299446,0.8717707736151559,0.8528064978974206,0.19241527561098337,1.264923134619104,0.5011744189209172,1.0624302817242486,0.6025491367493357,0.7696554756590298,0.6193917606558118,0.18455354869365692,0.5042495655694178,1.2601614385577184,0.9089624381491116,0.5855426298720496,0.16280892278466905,0.7288522496819496,0.5477723000305039,0.5841491826410804,0.3579221399767058,0.5629563267741885,0.3838944459067924,0.45339618623256683
ERR1369119,1,-0.0562313101919634,-0.09264637104102544,-0.09295555350503751,-0.10336424330515522,-0.08668494410812855,-0.12869875133037567,-0.11943781482321876,-0.07630267393376146,-0.021951735285776004,-0.08034382707306317,-0.08930765411683492,-0.11930081940123013,-0.11887765569346291,-0.11410577488797051,-0.03466941017125334,-0.12454940165792193,-0.006546391772904566,-0.1307925550001008,-0.1123954133197133,0.055042703236852376,-0.023773837568504468,-0.11098117700644902,-0.011435221880674362,-0.01901045281972204,0.2052726692387036,0.14929847632135665,0.0006762095727026463,-0.06816093783293452,-0.13248067668506078,0.2120092851775033,0.2932972170944725,0.3848649726382324,0.8521633259952068,0.8542170865195138,0.7404636123350689,1.3986083918384142,0.6977048399192947,0.8612817153334618,0.7665440578545842,1.3885404877364635,0.8875747663634164,1.3365479771580016,1.0792689860931464,1.1483521269900459,0.5508399420816984,1.4528203301597387,0.6467559364225183,1.3162128467644965,0.9695419285978589,1.0503379904798098,0.8640170565673283,0.5735695032136781,0.5270867310464382,1.500902439334563,1.2770364497389113,0.7632510342768261,0.324319563806057,1.161262683570385,0.8156252581892269,0.9830809395228114,0.7018092657838549,1.0074211518679346,0.6983844089720931,0.7941912242344448
ERR1369120,1,-0.012051128915378026,-0.05819301679730415,-0.11870336319719042,-0.1081932479781764,-0.07777050616485733,-0.11227942790303912,-0.11275280745966094,-0.09371028175311429,-0.03787334569330726,-0.07150384544261865,-0.09784841537475586,-0.09561615117958613,-0.09225894949798073,-0.0955962384385722,-0.09610186184623412,-0.10010703067694392,-0.03430055028625897,-0.114878891967237,-0.10746700958614903,-0.006874781900218555,-0.05365367925592831,-0.10507781191595963,-0.04327751376799175,-0.04914405303342002,0.22103251623255865,0.20443073553698404,-0.06481512413094086,-0.02064288457456444,-0.11810925815786634,0.2392724592770849,0.3130867409386805,0.5504176499588149,1.0747757170881544,0.9805148153432778,0.7390521759433406,1.6332987887518746,0.7960193412644523,1.113879985575165,0.9230778802718435,1.6158602030149527,0.9807956633823258,1.638147899614913,1.326329072671277,1.641746801989419,0.6955586874059269,1.87561695083111,0.9237947549138751,1.7557053012507302,1.3089671901294164,1.3206088127834457,1.1252792379153627,0.8188139434371676,0.7897446811465281,2.0068109844412123,1.5805064929383141,0.9224728367158345,0.5550564697810582,1.5181628705135413,1.3363115074379104,1.2105076483317785,1.1277435943484306,1.4164594411849976,1.0677116779344422,1.4371444330151593
ERR1369122,1,-0.0985952742131693,-0.10045199069593634,-0.0886983552149364,-0.14804205191986902,-0.023036319496376172,-0.04075394996574947,-0.051435376916612895,0.0470380282827786,-0.03266193491539785,-0.11183121534330505,-0.10126222563641411,-0.0853249239070075,-0.03102156413452966,-0.03428975652371134,-0.050504728353449276,0.0618767397744315,-0.01629037835768291,-0.06886927144868034,0.04340282508305141,0.05823833016412599,-0.02642995385187013,-0.04394170429025378,0.31812593766621183,0.10001544228621892,-0.008879225701093674,0.083502716251782,0.12452589188303266,0.012293322810104914,0.06274041905999184,0.17667158826121263,0.1848893921290125,0.03267190073217664,0.15212337200396828,0.2444608828851155,0.3004802683634417,0.4275512716599873,0.3527790148343359,0.3039774107081549,0.12285541317292623,0.18139398390693323,0.34078136059854713,0.3609308807977608,0.19532016771180288,0.14592922159603663,0.013509087264537811,0.37026840248810394,0.1141328364610672,0.04876648315361568,0.04742362882409777,0.40254105840410503,0.010372745139258248,-0.012123552816254752,0.022506602108478546,0.5277982843773705,0.013961195812693663,0.10993929260543414,-0.05784624311075147,0.0017333198338747025,-0.05577673656599862,0.041229021336351125,-0.08671112225524016,-0.04756316083616444,-0.054265671010528295,-0.12364837334358267
ERR1369123,1,-0.08287961887461799,-0.11659829983753818,-0.11150345206260681,-0.11531351347054754,-0.08668390182512146,-0.09474412138972964,-0.08873464286859546,-0.05671837606600353,-0.0445908321333783,-0.09658074006438255,-0.08423223931874547,-0.1531118399330548,-0.13136806605117662,-0.11278112019811358,-0.044795867055654526,-0.1349264138511249,-0.06506207372461047,-0.12183946690389089,-0.10409828222223691,0.04860099405050278,-0.009863510328744138,-0.14195177597658976,0.04832832874464137,0.036697606689163616,0.04556035476603678,0.10979718821389335,0.057347514533570836,-0.07876532484910317,-0.110427625477314,0.19829058008534567,0.2089798610125269,0.10466638154217175,0.441993886338813,0.5665899855749947,0.4398847993995462,0.8351208056722369,0.48208443474556717,0.5826347342559269,0.42874432035854887,0.7175705560616085,0.695752313626664,0.6830283169235501,0.4590383714863232,0.5883610205990928,0.31098523097378866,0.8744042056745717,0.24297974365098135,0.508777772142951,0.4506832470319101,0.7077313206557717,0.3919426373073033,0.1844177097082138,0.3259360066481999,0.8596566223672458,0.4702010772057942,0.46131596873913494,0.15103777098868573,0.3129622747323343,0.22286727651953697,0.3901667449889438,0.1390246780855315,0.2330508413059371,0.18247069205556596,-0.06784537101962737
ERR1369124,1,-0.0875027600143637,-0.08702118109379496,-0.12383901540722166,-0.1184596557702337,-0.10194035885589463,-0.11752563129578318,-0.09841792697885207,-0.06987262410776955,-0.0684134481208665,-0.0977739654481411,-0.10151275679735201,-0.14237254645143235,-0.13099551307303564,-0.108343705534935,-0.046722379113946645,-0.15212648787668773,-0.05895664196993623,-0.12075589916535787,-0.12668917860303605,-0.018132800502436503,-0.0028411934950522016,-0.15048701528991973,0.049069399280207496,-0.035829395055770874,0.058312754545892985,0.017369096832615987,0.026732082877840315,-0.05952778325549194,-0.11808546100343977,0.20987034908362798,0.3040840242590223,0.30928102135658264,0.7602741707648549,0.6569778248667717,0.4970585139734404,0.9276249430009297,0.6750649682113102,0.7566797307559422,0.5703245848417282,0.9786821704890046,0.8014727903396955,0.887785190982478,0.7516065540590456,0.7645691923264947,0.23040974299822534,1.1731387038848229,0.5185332636215857,0.9403795591954675,0.5457454345055989,0.7382694035768509,0.5446555241942406,0.10647314999784742,0.4269421930824007,1.2029315829277039,0.9362047506230218,0.5209389148013932,0.21172605188829557,0.5876637995243073,0.4615696862872158,0.40689000354281496,0.35768165226493565,0.5278654971293041,0.33804633415171076,0.36842108411448343
ERR1369125,1,-0.09155833534896374,-0.11520195113761085,-0.10682008375546762,-0.14701585418411664,-0.03517922333308628,-0.11210614762135915,-0.052262411053691595,0.004293920738356454,-0.014851836221558707,-0.11255335628188082,-0.11266564577817917,-0.08959584363869258,-0.016028070024081638,-0.05148924142122269,-0.08415128822837557,0.03464301994868687,-0.014750204714281219,-0.06191781695399966,0.035584492342812676,0.034574554434844425,-0.013950055199010032,-0.044014540767031055,0.3391945846378803,0.14222502495561326,0.04155236376183374,0.1391379620347704,0.08291750667350632,-0.013390768585460526,0.018008566594549587,0.2268772774509021,0.13102148020906107,0.019777049842689718,0.22211573565644877,0.25140473672321867,0.30863924963133677,0.31336586815970285,0.33795375589813503,0.3959955631622246,0.12216452748647758,0.1375549797500883,0.41730588568108423,0.33529816488070147,0.2597934146012579,0.10880375334194728,-0.009430590750915664,0.4080099349043199,0.14429908046232803,-0.002478842224393572,-0.02902118835066046,0.47139050392434,0.11327655932732991,-0.03580593743494579,-0.03206589551908629,0.5286391068782125,0.09970065898128919,0.034365062202726095,-0.06954322702118329,0.02852736147386687,-0.06488766574433871,0.039232337049075534,-0.06127427172447954,0.004692288381712777,-0.006643341588122504,-0.12244334843541894
ERR1369126,1,0.04487242842359202,-0.0674506952720029,-0.09636697359383106,-0.10009926344667162,-0.0626643994557006,-0.12132548617332109,-0.08943198594663825,-0.07794488593935966,-0.04508193941520793,-0.06776631876294102,-0.08253027738205024,-0.0915746811245169,-0.0983384529660855,-0.10849146917462349,-0.05788834476178246,-0.09436525963246822,-0.024578103196940253,-0.1331556737422943,-0.08700789251763906,-0.038772783907396455,0.0032146386802196503,-0.11001050844788551,-0.06727161311677524,-0.004029045014509133,0.14508970294679915,0.2598546770002161,0.004908921097272209,0.014819499105215073,-0.10666341680501189,0.2020221757037299,0.30947246083191465,0.4922909747276987,1.0047210271337204,1.0323170305096678,0.6226688495704106,1.666749969124794,0.6929919315235955,1.2445071509906225,0.8338566619370665,1.4560831410012074,1.1290430022137505,1.47010365234954,1.0805193824427468,1.677998386190406,0.6419462971389294,1.6209190834114062,0.7827363578336579,1.514462526355471,1.1683811960475785,1.3265704363584518,1.1194291796003069,0.9299726358481816,0.7524023673364094,1.5471192066158568,1.2679032917533601,0.8694884926080704,0.4853631321872984,1.051649421453476,0.9972741252609661,1.1261840185948782,0.8337859883904457,1.1101656907371111,0.931392390280962,0.7891900422317641
ERR1369127,1,-0.03503279308123248,-0.047219758055039814,-0.07698474521748722,-0.10802856875982668,-0.06632218563130923,-0.1440113080399377,0.04557378709848438,-0.09022668722484793,0.0581495961440461,-0.10492549437497344,-0.08406970862831388,-0.054738496031079976,0.04997970589569637,0.11968524833875042,-0.04468807817569801,-0.0803249789667981,-0.049050411475556235,0.035030169146401544,-0.15151319865669524,0.21854399357523238,-0.07332210721714157,-0.12138311006128788,0.0019737338381154196,-0.025657500539507185,0.22484998404979706,0.2967609667352268,-0.015093900795493807,-0.008995553877736841,-0.0604616180062294,0.2667768693396023,0.15616118907928467,0.2705241931336267,0.6309960002877882,0.6250851835523333,0.3551165610551834,0.6876548781458821,0.4439213994358267,0.7014211804739067,0.5398363215582711,0.7670228853821754,0.5837400204369,0.8216502581323896,0.4854491092264652,0.7554760532719749,0.16548569234354155,1.04190181787791,0.3576355241239071,0.5519364686416728,0.4861826864736421,0.7511180878749916,0.4570043534040451,0.18630595984203474,-0.008262416081769126,0.8987680748105049,0.6056142976241452,0.19485280343464442,-0.004049908635871751,0.5653003060391971,0.3348983196275575,0.48266931623220444,0.20384328652705466,0.4810339882969856,0.40222096017428804,0.2283596694469452
ERR1369128,1,0.015092735045722552,-0.06726432046187776,-0.10304436992321696,-0.10279919153877667,-0.0745714572923524,-0.11586640881640571,-0.1084333663540227,-0.08152588337127652,-0.029254325665533543,-0.06480406929871865,-0.07558528599994523,-0.08648077797676836,-0.0903143182929073,-0.09801999160221644,-0.07512187106268746,-0.09122054278850555,-0.03404179973793881,-0.13022172238145555,-0.10384050962914314,0.019430979021957943,-0.0500530797455992,-0.0983745836253677,-0.05948396905192307,-0.03102878321494375,0.24084926769137383,0.24062902054616384,-0.04527921987963574,-0.008508646860718727,-0.12113278359174728,0.22038417096648896,0.2901704057252833,0.5222505256533623,0.9963318274489471,1.0052736837949072,0.691582225795303,1.575978513274874,0.703852758875915,1.180591642856598,0.8642640795026507,1.4855120557227306,1.0223643545593535,1.5495132670870848,1.1157582203990646,1.5451332056628806,0.6833438947796822,1.6493060700262763,0.823234036564827,1.5539232258285796,1.2366195709577628,1.3124838812010629,1.1025281633649553,0.8151566645662699,0.7016437585864749,1.7690056157963616,1.465439377086503,0.8424034586974553,0.45693074725568295,1.2997226576719965,1.135633216372558,1.164573888693537,0.9636585797582354,1.2844886034727097,0.9489516163510936,1.0665539811764444
ERR1369129,1,-0.07679221007440772,-0.07531190424093179,-0.10578470198171479,-0.10446970164775848,-0.09035493806004524,-0.1300007522638355,-0.08472102614385742,-0.08026384402598653,-0.06889005510934762,-0.1051236524113587,-0.1029115127665656,-0.1212768687733582,-0.12093066104820796,-0.10339555410402161,-0.06275399308651686,-0.11953556910157204,-0.06432022846170835,-0.1353981667863471,-0.1277421052966799,-0.01671446966273444,-0.0016743349177496774,-0.12180080530898911,0.023604495716946467,-0.025765401976449148,0.13229698262044362,0.049929317619119375,0.0015461017776812827,-0.03357130202597806,-0.11576040142348834,0.3019534008843558,0.33273970282503534,0.40156231607709614,0.8687580791967255,0.8536759178553309,0.5945207886397839,1.10575370490551,0.7616445975644248,0.7881219456238406,0.6670953689941338,1.1579327641853265,0.996852340974978,1.204634046980313,0.8964997768136007,0.9428304214296597,0.4272146365214472,1.4631336169383888,0.6066521693553243,1.1880410604644567,0.8640632778406143,0.9433519797665733,0.6907430626451969,0.26176015394074575,0.5913661574678761,1.467771131013121,1.193478375673294,0.7984719946980476,0.32408391471420017,0.8052302449941635,0.5525500039969172,0.6775188323642526,0.5495689766747611,0.6419461497238704,0.5305448956787586,0.48250479091491016
ERR1369130,1,-0.049196340941957066,-0.11775228860122817,-0.09478809258767537,-0.11155684345534869,-0.07494321784802846,-0.12771808249609812,-0.1169154697230884,-0.07767224577920777,-0.04932688495942524,-0.08734268695116043,-0.0806732044688293,-0.14099075219460896,-0.1497729186500822,-0.13187433087400027,-0.045034784466094734,-0.14274381739752634,-0.058315777352878025,-0.15250142876591002,-0.11535729175167424,0.014936986778463637,-0.0033507485474858966,-0.12215486913919449,-0.028908672077315196,0.02058062489543642,0.05991420469113758,0.17338066015924727,0.002328562949384962,-0.09603989723005465,-0.12675338185259274,0.15100749901362828,0.11890145497662681,0.10119839012622833,0.5060231674994741,0.5283864129866872,0.3439336823565619,0.9071076448474612,0.488342805366431,0.8047114035912922,0.49749644632850376,0.6165509974317891,0.6473775974341801,0.637333125940391,0.46273692910160336,0.5906149234090533,0.14423330713595664,0.8683491125702858,0.30073677216257366,0.427507612322058,0.36034040578774046,0.7470111346670559,0.4466251824051142,0.22628480808011123,0.16155836305447988,0.7215472779103688,0.32298859536448227,0.3011916841247252,0.03131528890558651,0.2280420714191028,0.2647977609719549,0.5167487865047795,0.0739397970693452,0.23533070938927786,0.24460154346057347,0.02070017039243664
ERR1369131,1,-0.11319498265428203,-0.12688597025615828,-0.12168286315032414,-0.11422748704041753,-0.12397327486957822,-0.09485477741275515,-0.06854545983618923,-0.0023513297949518475,-0.06530249065586499,-0.1285205738885062,-0.10000889641898018,-0.1406808170889105,-0.10570626705884933,-0.06867411732673645,-0.045055972412228584,-0.11303923079477889,-0.07116510586014815,-0.09896153903433255,-0.06963137962988444,0.03954435459205082,-0.013750897986548287,-0.08601426067096847,0.15779431483575276,0.06769027028764997,0.027817636462194578,0.09725556469389371,0.08273341199050524,-0.061301976176244874,-0.06472797212856156,0.20141175974692618,0.1455510583307062,0.024934971971171244,0.2373382662023817,0.3248093990342958,0.32265505966331276,0.4398295134305954,0.3162098113181336,0.36989311607820646,0.2302702899490084,0.2475689293018409,0.411819727825267,0.4329806183065687,0.30037723960621016,0.1359248392816101,0.02561791241168976,0.4571032443283392,0.09729651108916317,0.09532849809953145,0.06800313932555062,0.42442876167063204,0.09475345670112542,-0.035328954458236694,-0.026503035266484534,0.5291387353624616,0.1452989120568548,0.09733390568622521,-0.013575079717806407,0.1076294042702232,-0.025149953152452196,0.11410680679338318,-0.07554727979004383,0.0035221068454640253,-0.03508858914886202,-0.0925440423722778
ERR1369132,1,-0.08641531824001245,-0.0799669623374939,-0.10432389059237071,-0.11833535773413521,-0.10608390771916934,-0.16350059637001582,-0.11290691566786595,-0.09817154918398176,-0.04793978109955788,-0.1219773508076157,-0.10738823349986758,-0.14311617187091283,-0.13322086845125472,-0.1388065293431282,-0.07779270357319287,-0.13473847401993616,-0.09291980269231967,-0.1386919261089393,-0.15477775250162398,0.02785623073577881,-0.06122758239507675,-0.1305689046691571,-0.0049561294061797,-0.025801023468375206,0.1463261539382594,0.10808631245579038,-0.07909544025148664,-0.08995918397392545,-0.11688931765300888,0.25542123402868,0.15373603414211953,0.25323159487119745,0.7245851659349033,0.5838961662458522,0.3523079356444733,0.7574362073625837,0.5030052656573909,0.6885310294372695,0.5333484310124602,0.8009928241372108,0.6853552455348628,0.8756040579506329,0.7147551236142006,0.8631720862218312,0.27049623536212103,1.2487336552834936,0.5004794767924717,0.8411502662513938,0.6820018483059747,0.759692985032286,0.45665466146809713,0.1399281421410186,0.23363395647278853,1.260767515216555,0.8850242176226207,0.4080971447484834,0.0940219589642116,0.6559116430580616,0.4726162288071854,0.4087438476937158,0.38626147700207575,0.5945867385183062,0.4586652559893472,0.34553022948758944
ERR1369133,1,-0.07669841371742743,-0.1117707057190793,-0.09492968355438539,-0.11198330324675355,-0.08360580860504083,-0.12539931280272348,-0.10263081932706493,-0.08281878062656947,-0.07813362670796258,-0.10722127184271812,-0.08922216509069715,-0.14254260701792582,-0.13553527210439956,-0.1318880734699113,-0.06029965143118586,-0.14377717248031072,-0.0743739769927093,-0.14530183055571147,-0.14462617997612273,-0.001613731895174299,-0.04926212451287678,-0.12872881868055888,0.014026641845703125,-0.023176078285489763,0.04308035916515759,0.12070166851793017,-0.010930296033620834,-0.07697563245892525,-0.12491937779954501,0.1838376937167985,0.16376179669584548,0.2328254306755428,0.596411794424057,0.6223062968679837,0.41025952166611596,0.86969986371696,0.49643085045473917,0.7114390049661908,0.4606424740382603,0.7921986952424049,0.7847512194088527,0.7367650351620146,0.44306800035493715,0.6962355907474246,0.21122569431151664,1.0147176027031881,0.37268838100135326,0.5068840999156237,0.49248076549598147,0.7616939076355526,0.45934600489480154,0.18996753277523176,0.23762042075395584,0.9433650534067836,0.6325682316507611,0.4409574738570622,0.13120447365300997,0.41753106457846506,0.28039553934442146,0.45862095590148655,0.1690629326871463,0.33203185881887165,0.3136498262839658,0.03551071113906801
ERR1369134,1,-0.07151592576078006,-0.10824973721589361,-0.09024179008390222,-0.11116373685321637,-0.07413884930844818,-0.12059864667909485,-0.10061363583164555,-0.08415167140109199,-0.06319973032389369,-0.09571711612599236,-0.08274836093187332,-0.12927797330277307,-0.12765068880149297,-0.13259132578969002,-0.05376153277964996,-0.13094051608017512,-0.06756299534546477,-0.14713401986019953,-0.141915069094726,0.007138174559388842,-0.052822590938636234,-0.13145429587789945,0.015508427151611872,-0.021135745303971425,0.06071026995778084,0.1342260433094842,-0.00846041738986969,-0.07064800070864814,-0.12070899509957858,0.18081397350345338,0.17294556753976004,0.241187097504735,0.6345342099666595,0.6622384882399014,0.41192451970917837,0.9463239828390735,0.48421409939016613,0.753043814429215,0.4782610407897404,0.8613542871815818,0.8299006585563932,0.7715766035918412,0.4654934826706137,0.8047895474093301,0.27394964758838924,1.0524633414378124,0.3913372696510383,0.552071495779923,0.5770255550742149,0.7771474653854966,0.5443517331566129,0.2788129329149212,0.2753615512379578,0.9524439381701606,0.6598795162779945,0.4760222200836454,0.16955448048455374,0.44222172456128256,0.32525065361655187,0.5189652112977845,0.21656442699687822,0.40054164826869965,0.35768585545676096,0.04112013236486486
ERR1369135,1,-0.07067749250148024,-0.07990126790744918,-0.11247375288179942,-0.10766646372420448,-0.1010751591197082,-0.12375366022544247,-0.11729834601283073,-0.08786062843033246,-0.03710939349340541,-0.10231710278562137,-0.11041041729705674,-0.12067507952451706,-0.10499670250075203,-0.1033972751881395,-0.02377365848847798,-0.1304001874689545,-0.04892717022448778,-0.13612715101667813,-0.11151743906417064,0.033738844096660614,-0.041255561368806024,-0.1158640022788729,0.07554819381662778,-0.01826121551649911,0.1504227291526539,0.0591511641229902,-0.011968386093420642,-0.020382361885692393,-0.1306143073099,0.2587550069604601,0.39062236196228434,0.4223746284842491,0.8826109405074801,0.7933041485292571,0.7181261288268226,1.2522333349500383,0.8328846373728344,0.8396314776369503,0.7157360863472734,1.310192168025034,0.9043632322656256,1.4227899994168962,1.1672839785792999,1.130053840045418,0.5207258063767638,1.685034385732641,0.7349298686853477,1.3901511899062566,1.0194438727838653,1.07953608248915,0.7547973985118526,0.4390863414321627,0.6341227761336735,1.7910575313227517,1.3564894263233458,0.9105394402784961,0.3465439922043255,1.0816359264510018,0.7557407894304821,0.883103993322168,0.7826630568930081,0.8897316881588527,0.703067235648632,0.790141258920942
ERR1369136,1,-0.05310059179152761,-0.09245920979550906,-0.0896481350729508,-0.10331368280042495,-0.08421905924166952,-0.12810994844351495,-0.11584180912801198,-0.0764342402773244,-0.015104072035423346,-0.07980407880885261,-0.08639359420963696,-0.1168672511620181,-0.12197842448949814,-0.10651906287031514,-0.029177126740770682,-0.12214526161551476,-0.006470775697380304,-0.12672462101493562,-0.11239774298987218,0.05958402156829834,-0.029209746846130917,-0.1095963471702167,-0.011856487020850182,-0.022726362305028096,0.21412792801856995,0.15727675812585012,0.0017906253093055316,-0.07182489122663226,-0.1311109321457999,0.20734626054763794,0.30689707132322447,0.38072908563273294,0.8397257434470313,0.8479012463773999,0.7400354264037949,1.400294049509934,0.6914403055395398,0.8718352243304253,0.7733663972467184,1.3874612668795245,0.8938457454953875,1.328475802072457,1.0630881083863122,1.143636575234788,0.5612497947045735,1.4465517619059287,0.639906646550766,1.3195375065718378,0.9758230000734329,1.0504077885832106,0.8800364647592817,0.5805277196424348,0.5178581699728966,1.4891951917005437,1.2750386457358087,0.7771885554705348,0.3384073791759355,1.1671320700219698,0.8281187269437525,0.9709048303110259,0.712237220789705,1.0187702029943466,0.7064755117254597,0.7949826781238828
ERR1369137,1,-0.025302250354018594,-0.07680835787739072,-0.09816578030586243,-0.102910464762577,-0.0732961760035583,-0.12359939622027534,-0.10909074757780347,-0.08898467543934073,0.007001414895057678,-0.07606619942401137,-0.08455611073545047,-0.10578971090061325,-0.10550569955791746,-0.12148496402161461,-0.07242407729583127,-0.10439707125936236,-0.044999985955655575,-0.1516150502221925,-0.11632190152470555,0.031175414100289345,-0.05622437596321106,-0.10756365316254753,-0.031205778675419942,-0.04361634222524507,0.22684645652770996,0.21863713328327453,-0.040873074904084206,-0.03367756998964718,-0.12637008620159967,0.22986294435603277,0.2508230640419892,0.44226476337228504,0.9340428475822721,0.9515648771609578,0.6329402838434491,1.4582896786076682,0.5824941769242287,1.0476290354771274,0.7822001999510186,1.3924631338034357,0.8629942876952035,1.4279627342309271,1.0900742834700006,1.286294950172305,0.5180220082402229,1.529905908541488,0.7796403850827899,1.3790759188788277,1.1396649219095707,1.0856376120022364,1.0247386459793364,0.59478909522295,0.5326800479420594,1.6268570290080138,1.326119799699102,0.736767369721617,0.33829968848398756,1.1412717939487524,1.029970031763826,0.9003878257104329,0.873760037124157,1.2656742334365845,0.8322417231808815,1.0630243282232965
ERR1369138,1,0.0517874610211168,-0.04264227533712983,-0.11573769098946027,-0.1009839219706399,-0.08553709701767989,-0.08863459008612803,-0.10487186882112708,-0.06975188458870564,-0.06078958158780422,-0.07475202277834926,-0.10161845439246722,-0.08719582669436932,-0.08642960925187383,-0.07939098243202482,-0.09376005475808467,-0.09800101217946836,-0.03913398466206023,-0.08265152733240809,-0.09038913339775588,-0.04985202330031565,-0.05057812322463308,-0.0941583061856883,-0.08593617246619292,-0.022290481786642755,0.28840180539659094,0.21379012295178004,-0.07467973202333919,0.008285397430881858,-0.11573940888047218,0.2403419241309166,0.23646937922707625,0.6384885441511869,1.1566998937300272,1.1328715745891844,0.6154245079628059,1.7828998054776872,0.7697518606271062,1.4636191395776612,1.1073324446167265,1.6419222433386105,1.042859738426549,1.8010865109307426,1.5190356001257896,2.0432737512247905,0.7622730742607798,2.0156179518838013,1.0775622225233488,2.218196702854974,1.6578411412026202,1.5415607946259635,1.3296738011496407,1.0689383787768227,0.9100745799286025,2.20463581596102,1.7195497474500112,0.9825814855950219,0.6596634877579552,1.833874802504267,1.6100980415940285,1.473866982119424,1.5028094673263175,1.5303107382995742,1.4572330271559102,1.9902881128447396
ERR1369139,1,-0.07074160368314811,-0.046802950224706104,-0.1233748309314251,-0.1314305801476751,-0.07774552250547069,-0.12029726590429034,-0.07526466696123991,-0.1307027212211064,-0.08402252679557673,-0.06401914730668068,-0.11020952090620995,-0.11362425583813872,-0.08069396577775478,-0.12366085825487971,-0.07811901073104568,-0.12134517755891595,-0.08482884289696813,-0.13160029851964541,-0.1209517183846661,-0.08374197860913617,0.007611960704837527,-0.1204440923673766,0.053909215543951304,-0.04603087356580155,0.14247744104691915,0.05064156255684793,-0.03795886625136648,0.015681513917765448,-0.09594733161585671,0.37997424602508545,0.3007231429219246,0.46273039248106734,0.9418148430330413,0.9225878970963615,0.5200416754399028,1.3120837211608887,0.6894706104482923,1.016097060271672,0.8019187024661473,1.2669552565951432,1.0105971544981003,1.2735621290547507,1.4965384134224482,1.482418709567615,0.5194946559412139,1.816102096677891,0.9860868741359029,1.6535367795399256,1.3236444251877921,1.0717919298580714,0.8330205045640469,0.6187824731958764,0.7724109829536506,1.7308282000677926,1.2004066003220422,1.1258026824465819,0.5586842713611466,1.2745706258075578,0.8175825532525778,0.7206287969435964,1.0287672937847674,0.9068859182298183,0.9405835435858795,0.9640006928571633
ERR1369140,1,-0.09393884454454694,-0.10717734242124217,-0.11649303351129804,-0.10683678463101387,-0.112650494490351,-0.10774554152573858,-0.10550373632993017,-0.04367755353450775,-0.06767337742660727,-0.10591779808912959,-0.09486833161541394,-0.14631172588893346,-0.14802199176379613,-0.09118036872574262,-0.02305794826575688,-0.16139585844108037,-0.05487698582666261,-0.12527978579912866,-0.13081870334489004,0.016549404178346907,-0.017116621136665344,-0.14215443888679147,0.06844159215688705,-0.020815113825457438,0.04124883455889566,0.009869627388460296,0.05755568375544889,-0.07964896676795823,-0.10422636674983161,0.17948122961180552,0.3016016547169004,0.25074696966579985,0.6046609133481979,0.5711952149868011,0.45439617122922626,0.7178160074566092,0.6499151691262212,0.655698442033359,0.5302886271050998,0.8192191975457328,0.7571991019483123,0.7591321212904794,0.6176111687506948,0.4800683265285833,0.07403917331248522,0.9935681162002895,0.37010808501924786,0.7241620091455323,0.3739281575461583,0.5661744603088924,0.37752754454101833,0.046991419579301565,0.27890277334621977,0.9105277614934104,0.7157866060733795,0.41000651674611227,0.06885009139244046,0.3695175179413387,0.20595079394323484,0.2756383440324238,0.1403857208788395,0.2526448613830975,0.19655998450304782,0.1434627374900239
ERR1369141,1,-0.0787363655066916,-0.11213163765413421,-0.0962664917377489,-0.11461397632956505,-0.08601692132651806,-0.12577594178063528,-0.10536200712834086,-0.0868935797895704,-0.07146387440817696,-0.10613000020384789,-0.09119584092072078,-0.13917698924030578,-0.13866688843284333,-0.13154076146227972,-0.06022687369425382,-0.14492203082357133,-0.07180218132478851,-0.14389838065419877,-0.14588479271956853,0.006996337856565203,-0.05657795603786196,-0.13070680759847164,0.013073257037571498,-0.019914452518735613,0.04033780523708889,0.13436547134603774,-0.010677675583532878,-0.07812679612210818,-0.12254185362585954,0.18491687732083456,0.15932537295988627,0.2242200779063361,0.5885394151721682,0.6105687799198287,0.41611449021313873,0.8594826893614871,0.48668542185000013,0.691622294485569,0.4253239759377071,0.8005479936088834,0.7818177746874946,0.7099943926025715,0.4261238080050264,0.7048733702727726,0.2388017593683409,0.9957316823835883,0.36236662454237895,0.5014606831329209,0.4822318064314978,0.7512525963996138,0.47045536765030455,0.19670315193278448,0.22792395949363708,0.9091151899525097,0.5987595468759537,0.4387180230447224,0.14176679721900395,0.4203856406467302,0.27777487758014885,0.44409435242414474,0.15691211926085608,0.3330606663865702,0.30085640773177147,0.03225757607391903
ERR1369142,1,-0.07271406081105981,-0.060534823419792314,-0.1341250357883317,-0.12608917749353818,-0.09343195214335408,-0.11213257695947375,-0.09906447093401637,-0.06947744211980275,-0.07430736580863595,-0.09360319642083985,-0.09453298257929939,-0.1245028195636613,-0.10023985696690423,-0.11124474861259971,-0.058119864469127994,-0.1232595622007336,-0.05356720981321165,-0.12118040929947581,-0.13183163133050715,-0.012135458311864309,-0.02541817511831011,-0.12553641306502478,0.04297279247215816,-0.03146192165357726,0.043654770723411014,-0.01741239641393934,0.005698805442079902,-0.06119887098403914,-0.11544584057160787,0.23645486576216562,0.3679242602416447,0.4517721862399152,0.9334782351340566,0.7501353280884879,0.5349383748003415,1.2019727911267961,0.7310130702597755,0.8258601210213133,0.6768529425774302,1.408809803692358,0.9293488476957593,1.265674154673304,1.118371277249285,1.1348007929710937,0.41645134666136335,1.5350456310968315,0.6980956968452249,1.366576001048088,0.8434674888849258,0.8935719164354461,0.7365943349764815,0.45141478521483286,0.7478403383533337,1.6159337077822005,1.1665442883968353,0.8190819482718196,0.35726730638582793,0.9834401224340711,0.684712375115071,0.6635385677218437,0.6433935388922691,0.7660428636840412,0.5796774503375802,0.6557840257883072
ERR1369143,1,-0.044468289074887125,-0.04202736036053726,-0.13061614334583282,-0.1012700657759394,-0.08560560676934463,-0.08165667605187212,-0.09674195477938545,-0.11460197078330177,-0.09662281971291772,-0.054922125967485566,-0.09046753697995362,-0.10747074668428727,-0.08833041594230703,-0.12450320233723947,-0.10553273818056498,-0.10821727955979961,-0.04014693273763571,-0.11302503504391227,-0.06842300349048205,-0.08343736348407609,0.009862246257918221,-0.10857411181288106,-0.06368533734764371,-0.09856445684895984,0.1425459949033601,0.08090483131153244,-0.06926501198073051,-0.020263162907212973,-0.1095759283219065,0.39010561843003544,0.19975366762706212,0.4157497520957674,0.916649190975087,0.8418898257826056,0.4223121462522873,1.4388547560998373,0.6601481735706329,1.2182166214500154,1.0802434815892152,1.3953227358204978,1.0951464942523412,1.2869739540453469,1.3839132663394724,1.6317588655011994,0.40930755329983576,1.9095888510346413,1.0222050377300806,1.926398413521903,1.4031117473329817,0.9278981728213174,1.1324711846453803,0.5766700059175491,0.8103139219539506,1.8218289273125785,1.5524528899363108,0.9147892424038478,0.6751176597816604,1.490082205406257,1.247235385434968,0.9405171339000974,1.2892349255936486,1.393962707902704,1.3094955177179404,1.3002218854214465
ERR1369144,1,-0.057037822636110444,-0.04941406659781933,-0.1176240359033857,-0.10824580703462873,-0.08564121409186295,-0.11793652762259756,-0.10597281317625727,-0.08666113285081727,-0.06781334918923676,-0.0794139379369361,-0.0908843989350966,-0.10929074670587267,-0.08364302824650492,-0.11975163274577685,-0.07997890335640737,-0.11112713374729667,-0.04910679833431329,-0.12975357153585979,-0.12214014359882899,-0.013122033061725753,-0.028604034866605486,-0.10296756933842387,-0.03294939388121877,-0.043963654266138165,0.1304319767015321,0.03242018020578793,-0.03837480103330953,-0.027050105372576842,-0.11669992655515671,0.27823831353868755,0.3892657325736114,0.528624985899244,1.0062486795442445,0.8954331555536815,0.5773392937013081,1.3682643260274614,0.7932005215968404,0.9882827752402851,0.9421194344758987,1.5228558113532407,1.109313468847956,1.461739489010402,1.36419358423778,1.430929561544742,0.5304303116032055,1.7842477618583612,0.8290373267871993,1.6637897385018212,1.1914035443748747,1.028143513415541,0.9326018850718226,0.7051612931702819,0.8241602719894477,1.882459921496255,1.5173657472644533,1.0196667302932059,0.5173059199005365,1.2715409211814404,0.9610439230954009,0.9249057551579816,1.000508111502443,1.0660501016037804,0.9226789184446845,0.9352607979838338
ERR1369145,1,-0.06883141092423882,-0.04382553616804736,-0.1280702512179102,-0.10358886740037374,-0.08760082053153642,-0.0954319637800966,-0.09205472509243659,-0.10589598606540156,-0.09174724570142903,-0.06024491786956787,-0.08841663705451148,-0.11010562974427428,-0.09347514142947537,-0.1195026622819049,-0.11090100729571921,-0.11023572805736746,-0.04508762593780245,-0.11184979150337833,-0.08163074616874967,-0.08255441220743316,0.015335391674722944,-0.11044207481401307,-0.07404591568878718,-0.10468669488493886,0.15372686779924802,0.05637279844709805,-0.06946746526019913,-0.008450762102646487,-0.11266066346849714,0.43083322048187256,0.22734688754592622,0.4178411460348538,0.8503746454204831,0.8777732439339161,0.3569641620852053,1.2861006749527795,0.610960311123303,1.1487124796424593,1.0556187688239984,1.2826047906918185,1.0715196537120002,1.1207177541883928,1.195008477994374,1.436679647969348,0.3313522924269949,1.802116065419146,0.9286222330161503,1.7228961416653223,1.3309169049773897,0.8079312512917178,0.9529506308691842,0.4206552228757313,0.7239949362618583,1.67391471351896,1.5050460451415606,0.8929258680769375,0.6577664496643203,1.326785835836615,0.978737758738654,0.7287649038646903,1.194164127111435,1.2307609064238412,1.0942782062504972,1.0509760076446193
ERR1369146,1,-0.07867045461067132,-0.0954557548144034,-0.09606260167700904,-0.10809640546462365,-0.10871571089540209,-0.16348939495427267,-0.08250283396669797,-0.10424377716013364,-0.05345487222075462,-0.12413861815418516,-0.10927038426910128,-0.13708370391811645,-0.1224162360387189,-0.11061955642487321,-0.08760552746909005,-0.12730080288435733,-0.09059138895411577,-0.09608774472560201,-0.15443434885569982,0.017076313495635986,-0.04850437877965825,-0.12931753854666436,-0.008719873215470995,-0.024346471897193363,0.16198567194598062,0.19719470026237623,-0.03764217772654125,-0.058371282382203,-0.1000027877411672,0.2581872455775738,0.15592891456825392,0.2119876061167036,0.6203920873148101,0.5943351962736675,0.25741512541260037,0.5521226205996105,0.45482042112520765,0.6489171345851251,0.4794989081897906,0.522169864071267,0.6181204936334065,0.5933074755095211,0.5134611730131188,0.6966425656740155,0.14649538163627898,0.905872229752796,0.3325453448508467,0.5110621438029089,0.4025984512908118,0.7292680232120412,0.39268104306289126,0.07354703153084431,0.04093003326228687,0.8741703060056482,0.5732882086719785,0.10471836244687438,-0.009936458564230375,0.36822655477694105,0.1997694487550429,0.26198128374692586,0.13202959618398122,0.3148338794708252,0.3202145067708833,0.16639551520347595
ERR1369147,1,-0.09817205715392317,-0.11038748627262455,-0.11402866244316101,-0.09659060323610902,-0.11787844875029155,-0.10624681147081512,-0.09996316249349288,-0.043980899666036875,-0.07387304864823818,-0.10642357889030661,-0.1044515326086964,-0.14727674850395747,-0.14130972645112447,-0.08150357540164675,-0.011216924392751284,-0.15825514495372772,-0.06737665832042694,-0.12171694689563342,-0.11821755979742322,0.01060977578163147,-0.005607225000858307,-0.1339899647448744,0.09310116113296577,-0.009715907275676727,0.048738368919917514,0.005742732967649188,0.07650581135281495,-0.08038576452859811,-0.084082783598985,0.1886004794921194,0.33710439237100737,0.26866463146039415,0.5801331869193486,0.5880740455218724,0.4543615313512938,0.6511979697804365,0.6406128218929682,0.6244762539863586,0.525404651250158,0.752179605620248,0.7211144545248577,0.6894471028021404,0.6006857523960727,0.4131018285240446,0.06717332492449454,0.9328632493769484,0.3109231633799417,0.6411624162324837,0.327370676611151,0.5435861476830074,0.36973588913679123,-0.01568915881216526,0.2209133016211646,0.8309870133442538,0.6177493163517543,0.36751590403062956,0.05396350533036249,0.23915154380457743,0.1539791843720845,0.217337893056018,0.08061443482126508,0.18786330680762017,0.12559508745159423,0.10707007148968321
ERR1369148,1,-0.08124372429613556,-0.11411597526499204,-0.09433855648551669,-0.11325889386768852,-0.08081975286560399,-0.126164225595338,-0.1029716855181115,-0.08911055752209254,-0.06842134254319328,-0.10762602144054004,-0.0880822337099484,-0.1408910123365266,-0.12832679918834142,-0.131222629653556,-0.05584414496219584,-0.14219188690185547,-0.07554645357387406,-0.1456872256738799,-0.1485193595290184,0.009409143456390925,-0.05883108718054635,-0.12373915527548109,0.017123485250132426,-0.02466362182583128,0.04495254584721157,0.12493027746677399,-0.00964644764150892,-0.07291620650461741,-0.11958082712122373,0.17974438731159484,0.16957594347851618,0.2142002997653825,0.5608446214880262,0.6153093810592379,0.40035286439316614,0.8598032950290612,0.4743674769997597,0.6809980188097272,0.4237576403788158,0.7649638088686126,0.7680151462554932,0.7184037363289723,0.40749054455331396,0.6871607058814594,0.22500160190143756,0.9803734783615384,0.3442978100585086,0.4744372415755476,0.4708602087838309,0.7330072915979794,0.4583009619797979,0.18718116730451584,0.23155113948243006,0.8794618844985962,0.573776724083083,0.4380210520965712,0.14304232065166747,0.38014002250773565,0.24494754915524805,0.42894656690103666,0.1451075758252825,0.303879071825317,0.2846340984106064,0.0015744497733456747
ERR1369149,1,-0.06168999070567744,-0.08074917564434665,-0.10493361417736326,-0.10332165764910835,-0.08514606127781528,-0.1189002852354731,-0.09638196150107044,-0.08049511111208371,-0.04402927016573293,-0.08205755959664073,-0.09520892878728253,-0.11627830352102007,-0.1148492092532771,-0.10782900399395398,-0.057901723975581784,-0.12158541221703802,-0.04916013537773064,-0.1343845682484763,-0.12359091958829335,0.01973522560937064,-0.02068496655140604,-0.12259592648063387,0.015912699912275587,-0.018989945628813336,0.13094398272889002,0.10830142029694148,-0.0016550697120172636,-0.06099188487444605,-0.11534318221466881,0.23079559206962585,0.26397446383322987,0.3655124359897205,0.790601619120155,0.7933537704604012,0.5883412339857647,1.1764624331678664,0.6426213341099876,0.8357367293377008,0.6477772550923484,1.1701008592333113,0.8986966205494744,1.161572013582502,0.7882750255188772,1.0528122593781777,0.48591907028042314,1.3697155312901097,0.5282904803752899,1.0656962245702744,0.8118247464299202,1.016600847776447,0.7251991640244212,0.34378202153103693,0.5212745127667274,1.405344775744847,1.0886628066322632,0.6489875465631485,0.290603016104017,0.80766113953931,0.6149695973311152,0.7514972686767578,0.48253253953797476,0.6772258473294122,0.5436056946803417,0.3538044754947935
ERR1369150,1,-0.09122050872870854,-0.10527317358979157,-0.11312824487686157,-0.11238730858479228,-0.1048306439604078,-0.11215906723269395,-0.10155271499284677,-0.04895873048475811,-0.06239322439900467,-0.10880549624562263,-0.09872825896101338,-0.14667927580220358,-0.14818305202892848,-0.10510114101426941,-0.02480039426258632,-0.16072558079447066,-0.0605092038001333,-0.12769286334514618,-0.12686086233173097,0.007695996335574559,-0.01264096690075738,-0.14760172739624977,0.05142872780561447,-0.010319787476743971,0.04402227167572294,0.032454464584589005,0.03842376571680818,-0.07847515872812696,-0.1069059329373496,0.17412101583821432,0.2817498456154551,0.2458882683089801,0.6310425443308694,0.5882100399051394,0.4660165746297155,0.78078290234719,0.6552789642342499,0.7050921757306371,0.5456169322133064,0.8290413405214038,0.7735530032659881,0.7729366113032613,0.6257536081331116,0.5275980713112014,0.1121566676135574,1.0130468382433588,0.40635921699660166,0.7270235307514668,0.4081859443602817,0.6111064255237579,0.42676814858402523,0.06515106239489146,0.28473739538873943,0.925261697598866,0.7162967292325837,0.4322326896446092,0.09108249577028411,0.38251131240810665,0.263667988324804,0.33443107243095127,0.16355951981885092,0.2940984091588429,0.2183158647801195,0.15037827459829195
ERR1369151,1,-0.0749164739889758,-0.07187507408005851,-0.12711741668837412,-0.12850691324898175,-0.09170460355068956,-0.11017826332577638,-0.09997725034398693,-0.07644296969686236,-0.060198454718504636,-0.08841792893196855,-0.09045408346823283,-0.1290046242730958,-0.11128039924161774,-0.12050601706973144,-0.05556916884545769,-0.12626033914940699,-0.05029686427276049,-0.12555347170148576,-0.12788289000413247,-0.0012129939028194972,-0.013760121539235115,-0.13262065074273519,0.012516046208994729,-0.01663584847535406,0.05503926213298525,0.007990112262112754,0.011763817364616054,-0.06939782282071454,-0.11603157328707832,0.2027561366558075,0.32244679970400675,0.3146809228429837,0.8207795731723309,0.6583773578916278,0.4826758514557566,1.053560963698796,0.6992808431386948,0.7800361306539604,0.5848091715680701,1.262736736131566,0.8771615305117199,1.0886272021702357,0.9333535741482463,1.01565982401371,0.3368941412440368,1.3477310900177275,0.5927578232118061,1.2056631142539638,0.7315761606608119,0.7836354736770902,0.6347627500072122,0.32766492664813995,0.6082140633038112,1.3256776428648405,0.9835696135248456,0.6821960860065052,0.2443532504673515,0.7903018364948886,0.5607599294079202,0.5812329192246709,0.4433541702372687,0.6185938226325172,0.5004673706633704,0.4199276183332716
ERR1369152,1,-0.0874524638056755,-0.10019940962748868,-0.11814541263239724,-0.11215227256928172,-0.10519392894847053,-0.1084945619638477,-0.09714154812640377,-0.05389672517776489,-0.074183318231787,-0.10616146294134003,-0.09996971966964859,-0.14316031762531825,-0.1409688719681331,-0.10714590389813695,-0.01745721691155008,-0.1579106684241976,-0.06399727652647666,-0.12715918304664747,-0.1261380831045764,-0.00401679053902626,-0.013812652656010218,-0.14741311062659537,0.05313827948910849,-0.012223622628620692,0.028133641396250044,0.025483562211905206,0.0392516389755266,-0.0681956692465714,-0.1168472021818161,0.16886341465370996,0.3049539966242654,0.2845738136342594,0.6618727009211268,0.6251202672719955,0.4930278701441629,0.8222292959690094,0.6506406648882798,0.7497837341257504,0.5591865384152958,0.8975904349769864,0.8100177619074073,0.8123351665479797,0.6681773590722254,0.5915477510009494,0.13746456469276122,1.0780936041846871,0.44690041217420784,0.7950730882585049,0.4502910978293845,0.6572118146078927,0.4648918663816793,0.0955762852515493,0.3398043928401811,0.9720337220600673,0.7702118860823768,0.4761925233261926,0.1205620246806315,0.405926128583295,0.2913274796945708,0.3442246283271483,0.2111315093934536,0.3460216767021588,0.25892416361187187,0.16845042764076165
ERR1369153,1,-0.10294646423842226,-0.09532124389495168,-0.11738508726869311,-0.12458394361393792,-0.10140006776366915,-0.15831698264394486,-0.1340328614626612,-0.10007398575544357,-0.07519584894180298,-0.11626863745706421,-0.10412260091730527,-0.14561434303011214,-0.11338590857173715,-0.12502752457346236,-0.07763829188687461,-0.14197616917746408,-0.0915517657995224,-0.1404484702008111,-0.15741851925849915,-0.00540073003087725,-0.05227581411600113,-0.14365076273679733,0.04143315813105021,-0.03927565046719143,0.09780719956117016,0.05260360773120608,-0.02596947444336755,-0.0808078721165657,-0.1238481162914208,0.23776201238589628,0.3542230086667197,0.4345267659851483,0.8619109988212585,0.9026140623858997,0.45965638011693954,0.9935932840619769,0.526605734867709,0.6998644346105201,0.5715111078960555,1.1139500582856792,0.5992451608181,1.042333573102951,0.9313528857060841,0.8603513637291533,0.2888310360057013,1.2970298399616564,0.46872088632413317,1.0029050596058369,0.7158162210668836,0.7467148900032043,0.577046907373837,0.3217345965760095,0.27581088564225603,1.29651654618127,0.9504165000149182,0.503743657044002,0.2875728774815798,0.8792611610676561,0.5303769303219659,0.40431238391569685,0.500374739457454,0.7275224775075912,0.4784031446490969,0.5887470367763724
ERR1369154,1,-0.06024431317512478,-0.04910641655858074,-0.09958175463335854,-0.09518856395568166,-0.07014503103813954,-0.10363993501024586,-0.1101284765505365,-0.11434499706540789,-0.08431125969426441,-0.02894910132246358,-0.09811533794605307,-0.11820051819086075,-0.09267024935356208,-0.10203809357647385,-0.11349407297426037,-0.12736815879387514,-0.06287035399249621,-0.0967028808746753,-0.06351238382714135,-0.09192975876586777,0.014356169317449843,-0.12703267484903336,-0.04827874672732183,-0.08812240191868373,0.13254212641290256,0.031156227524791445,-0.0562116404596184,-0.024764987573559796,-0.07777154572041971,0.40487780209098545,0.23451047177825654,0.4584566956119878,0.8708034019385066,0.8200306014290878,0.3386348517877715,1.266648347888674,0.6730538798230035,1.164291392479624,0.9786472650510925,1.1915927635771888,1.0224211045673914,1.0467706035290445,1.161647564066308,1.4162101479513305,0.3785527939242976,1.809527198384915,0.8844153436699084,1.6599731147289276,1.2574017154318946,0.888297937810421,0.9178601982338088,0.4220084249973297,0.7021043321916035,1.7192459276744299,1.4012976927416665,0.9007158875465393,0.6770669139389481,1.3791538594024522,1.1140158006123133,0.8110782099621636,1.2269172476870673,1.1900994798966817,1.00091194201793,1.0393604301352752
ERR1369155,1,-0.04854082715298448,-0.042516720082078664,-0.1306662516934531,-0.12406297613467489,-0.09180549166298338,-0.11856914790613311,-0.09798329546382385,-0.11238149234226771,-0.06966606760397553,-0.08539414818265609,-0.09664469691259521,-0.10440712794661522,-0.08493582930948053,-0.11536416358181409,-0.09358182067184576,-0.11324489169887134,-0.06553585631523415,-0.1330064114715372,-0.11993642138051135,-0.05180475089166846,-0.007615842457328524,-0.11596477670328957,-0.029214392815317427,-0.036681740411690304,0.17210212270064013,0.0894697867333889,-0.06915677322207817,-0.006821130036509463,-0.10224818025848695,0.26718887367418837,0.2829742378422192,0.5335028309907232,1.0189489333757333,0.9739187419680613,0.561922165964331,1.4326741993427277,0.7117699547549948,1.152568749019078,0.8952835383159774,1.456555309306298,0.9392218680254051,1.4246610488210405,1.3835127018392086,1.573847765901259,0.6199833633644241,1.8487459870853595,0.8829169358525958,1.6694802109684264,1.2835648975202016,1.2267550485474723,1.0142682045698166,0.6694302633404732,0.7772999586803573,1.8183842641966683,1.380827899490084,0.9233592221779483,0.5198452664273125,1.3307680721793855,1.094407701066562,0.9635556925620351,1.0601088968770844,1.1654908273901259,0.9703316523560456,1.182053494533258
ERR1369156,1,-0.06033371502001371,-0.04067326569929719,-0.11581430264881679,-0.10818978292601449,-0.057735283726028035,-0.09586239127176148,-0.090865513476144,-0.10057885040129934,-0.08775049266738019,-0.032289949378796985,-0.09438782837241888,-0.10317817157400506,-0.08374315260776452,-0.11502760382635253,-0.10450955786343132,-0.11196170587624822,-0.01865274751824992,-0.10739992292863983,-0.0871968778914639,-0.0724743599338191,0.03433694477592196,-0.11260300076433591,-0.06170110723802021,-0.10230900633281895,0.14612006875021116,0.07069987590823855,-0.06396483536809683,-0.02270903398415872,-0.1220564746430942,0.37441086556230274,0.15768380569560186,0.3730768590300743,0.7951016979558128,0.8196009610380445,0.3205862471035549,1.2494140544107981,0.5418347160198859,1.1350510737725668,0.9689200509871755,1.1255324823515755,1.035356519477708,1.0527650085943085,1.1243539165173257,1.3654540569654532,0.2997659572533199,1.6899672017565794,0.8632314183882305,1.5835715276854379,1.2101192665951592,0.7987919561564922,0.9334488064050674,0.3444742720041956,0.6964862155062812,1.5887765884399414,1.3404659224408013,0.7579184280974525,0.522586926817894,1.1822077493582452,0.9624867694718497,0.679922176990658,1.0070536892328943,1.168574041553906,1.0222353733011655,0.9670841970614025
ERR1369157,1,-0.041479995740311484,-0.05555952872548785,-0.11791581234761647,-0.12310743438346046,-0.10021338824714933,-0.1268359816500119,-0.09595430828630924,-0.10106531424181801,-0.06176956011248486,-0.09951026019241128,-0.09393964814288276,-0.1145985797047615,-0.09339318078543458,-0.11661962047219276,-0.08528242326740708,-0.11046202853322029,-0.07638627989217639,-0.14470890590122767,-0.1182205453847668,-0.042106663276042254,-0.016073652676173618,-0.11228203134877342,-0.017072847379105433,-0.011796541844627686,0.19322422931769065,0.0880086560334478,-0.054998138320765326,0.008384014779169644,-0.10585510225168296,0.3346136795423393,0.30907758484993664,0.5235366076231003,1.0011289343237877,1.0318371978189265,0.6063313441617149,1.3832336366176605,0.6758045873471669,1.006792860371726,0.9256476350128651,1.4098465059484755,0.9390731890286718,1.4945091158151627,1.4100856796971388,1.4563098499285323,0.5998490857226508,1.844211874130581,0.9098662872399602,1.5933282923485552,1.3861156446593148,1.1419336662760802,0.9424889854022435,0.7242151964455843,0.6782948906932559,1.8421061209269933,1.4602553801877158,1.0183669600103582,0.4417592068868024,1.3489329926669598,0.9177620905850615,0.9211150386503765,1.077604455607278,1.1861457537327493,0.9962448487723512,1.1307288599865777
ERR1369158,1,-0.07852729476456131,-0.04574222703065191,-0.1055412654365812,-0.11056025539125715,-0.057296807279012034,-0.10389352057661329,-0.08896683302841016,-0.10118574329784938,-0.08893682697920927,-0.057019518688321114,-0.09439855335014206,-0.10709102265536785,-0.09089467062481812,-0.11271264084747859,-0.10646411084703036,-0.12220346022929464,-0.024981941495622908,-0.11100193858146667,-0.09082251654139586,-0.08149419192756925,0.031468832067080905,-0.11770804332835334,-0.0483248055513416,-0.10712760034948587,0.1492159322702459,0.0670191842530455,-0.05689265113323927,-0.01587067837161677,-0.11198845412582159,0.4398759848305157,0.21103438289303864,0.35829599467771395,0.774076236145837,0.8210466876626015,0.2923435558831053,1.1841460785695486,0.5874466645930495,1.0735320895910263,0.9288069712264198,1.0800020226410456,0.9836107343435287,1.0101931861468725,1.0856992176600866,1.2820972896048002,0.2960850011025156,1.6659850693706955,0.8632366486958095,1.4874345830508642,1.2072112986019679,0.7245011052915028,0.8136460927448103,0.2922323076054454,0.6480793974229268,1.534985567842211,1.390031595315252,0.7978447292532239,0.5397534338491303,1.1468256467155047,0.7894272612673896,0.6239552018897874,0.9940881494964872,1.0726701564022474,0.9276301158326012,0.8963845372200012
ERR1369159,1,0.014234762106622969,-0.06653331672506672,-0.10181371867656708,-0.10485702965940748,-0.06608016469648906,-0.1111584191343614,-0.10435510746070317,-0.08446963118123156,-0.017577123029955795,-0.06328416090192539,-0.07082173600792885,-0.08109499966459614,-0.09306911126311336,-0.09467562181609017,-0.06048857966171844,-0.09095962465341602,-0.0007780280097254685,-0.1210070891039712,-0.10361647911901985,0.018206611275672913,-0.03159202688506672,-0.09952628346426147,-0.06378791534474917,-0.03436665130513055,0.2459770944572353,0.28535103691475733,-0.041995351967800944,-0.005331740714609623,-0.11266629610742841,0.21215051412582397,0.31900362776858465,0.5032869013292449,1.0198796364877905,1.0151635238102503,0.715367317199707,1.6529061027935572,0.7114502287336758,1.2046225432838713,0.8722860238381794,1.5610080217676503,1.046366578766278,1.5707574899175338,1.1196442342230253,1.5761143919080496,0.7237679681607655,1.6395946291408368,0.8670509372438703,1.54588221013546,1.2498119468135493,1.3532223573752813,1.129917056432792,0.8760958941919463,0.71393819046872,1.7169836461544037,1.4745947186435973,0.8975170105695724,0.48820677931819645,1.2945547356669391,1.1224780577634061,1.215377458504268,1.006427371076175,1.3061675322907311,0.990267886114972,1.0712158658674784
ERR1369160,1,-0.04669816339654582,-0.05852696831737246,-0.10723292508295604,-0.10686387973172325,-0.08184864984026977,-0.12511112753834044,-0.0815018213221005,-0.09133154792445046,-0.06494576051565153,-0.09583870880305767,-0.1025745261992727,-0.1054297009749072,-0.1132297973547663,-0.10849718270557267,-0.08124794571527413,-0.10795058443077973,-0.04510025733283588,-0.13729241916111537,-0.11396601263965879,-0.029695556898202215,0.016238590436322347,-0.11891589207308632,-0.00788600423506328,-0.04064278198140008,0.17310732789337635,0.09506906462567193,-0.03651002189144492,-0.017449549565623914,-0.11456417505230222,0.25815086705344065,0.30008483092699734,0.4292288376018405,0.9488323309591838,0.8953245083934495,0.633668066800705,1.2720498655523573,0.752767841730799,0.9549303206482104,0.8158889931759664,1.2906432189047337,0.9916784316301346,1.3141179925629072,1.0438556554062026,1.204445340271507,0.4964636553611074,1.5731695486299162,0.7326256930828094,1.3332174404391222,1.0318104582173484,1.0403652925576483,0.8939206328775201,0.42344894180340426,0.669209056400827,1.6162197355713164,1.3156455137899943,0.8020465307469878,0.38871349287884577,0.9892960422273193,0.8123760716324406,0.8613560690344977,0.7376624335135732,0.8751761934586934,0.6498198189905712,0.6990862967712539
ERR1369161,1,0.03949078757848058,-0.056350337873612134,-0.11163776793650218,-0.10866418480873108,-0.07726925451840673,-0.11293255896972758,-0.10143031100077289,-0.08870506925242287,-0.04732569666313274,-0.06677568876849753,-0.09344638298664774,-0.08876295840101582,-0.08964194583573512,-0.09445409024400371,-0.0829658577484744,-0.0953196327068976,-0.03063437661954335,-0.11747061780520848,-0.09817180642858148,-0.011754864560706275,-0.02042864529149873,-0.10497839535985674,-0.07201181831104415,-0.032057326287031174,0.260243806422555,0.23695371619292668,-0.04578669585420617,0.014119569844167148,-0.11664841536964689,0.26295762615544455,0.2643645794263908,0.5635182133742741,1.030125878751278,1.0502540655434132,0.7170051613024303,1.613969481417111,0.7477540070457118,1.2137528346585376,0.8906924666038581,1.5799875687807798,1.085896679333278,1.6581126382308347,1.2656032113092286,1.628775845680918,0.7082529067993164,1.7880143057222344,0.9566598726170403,1.780824437737465,1.3230134568044118,1.33374380001,1.144072754541412,0.8227760685341698,0.8082177351628032,1.9333173079150063,1.6272688641079835,0.9034554018372936,0.5632961607937302,1.4182737049247538,1.2690152579120226,1.2388799445969718,1.101053455046245,1.3535566564117159,1.0389346678608231,1.380095093377999
ERR1369162,1,-0.09788927036736693,-0.10419901008052486,-0.058825752032654624,-0.08270413375326566,0.006724961634193148,-0.10341344667332512,-0.04139113825346742,0.016069332137703896,0.060018054608787806,-0.01618207778249468,-0.09592382024441447,-0.07603294934545245,-0.022979940686907088,0.0003362252776111875,-0.010188211287770952,0.06744312388556344,0.07974687644413539,-0.06186984160116741,0.06293461152485438,0.11420705169439316,-0.01203385101897376,0.004104529108319964,0.513555782181876,0.0862517814551081,0.13663294166326523,0.09589889858450208,0.16233163060886519,-0.020920030772686005,0.06787895281533045,0.27348730992525816,0.21583773621491023,0.08120657556823321,0.21099453738757543,0.23797225286918028,0.2708083351275751,0.16852483046906336,0.31167578271457125,0.29242098863635746,0.07844501281423229,0.10480578775916781,0.3969743712139981,0.30871764038290295,0.18210882267781667,-0.004328935806240354,-0.07529456008757864,0.311207327991724,0.032580699239458354,-0.05127695841448648,-0.04641924372741154,0.38940260240009855,-0.034986747694866996,-0.10089639308197158,-0.02385678780930383,0.49087588276181904,0.004993268953902381,-0.0490482146186488,-0.07855493894645146,-0.03239265297140394,-0.13974500979696,-0.008870771953037806,-0.11035119316407613,-0.026389060275895253,-0.10916692710348538,-0.09958938229829073
ERR1370255,1,-0.08610861828284604,-0.09538216197064944,-0.10511823158179011,-0.11542676814964839,-0.09187862277030945,-0.1163843497633934,-0.13618607499769755,-0.0728001839348248,-0.0766120991403503,-0.09950317575463227,-0.09448228536971978,-0.15136380067893437,-0.12217679673007556,-0.1428644603916577,-0.08543326732303415,-0.13971276900597981,-0.04876085676785026,-0.14410317848835671,-0.13367799602981126,0.0471377894282341,-0.03077552148274013,-0.13293310041938508,0.022162778036934987,-0.035142874611275535,0.06191584574324744,0.006198278461982097,0.0017917081713676453,-0.08592170490218061,-0.14032656805855886,0.22324221900531224,0.25964469622288433,0.30024890335542814,0.7421925206269536,0.6783979002918515,0.5348945770944867,1.0975949040481023,0.6146485709718296,0.6781742551497051,0.5896719598344394,1.1953477747738361,0.7876389771699905,1.0672818699053355,0.7817813700863293,0.8208270905805486,0.34871504242931095,1.2011469598926072,0.5045959877648524,1.1184915650103773,0.7135411820241383,0.7531800461666924,0.5942348750042064,0.2700365268226181,0.5034158788621426,1.3184678538569383,0.9943802101271493,0.6370149829557964,0.27196721493133474,0.9250891993620566,0.5305351912975311,0.5285037223781858,0.3591015690139362,0.6686916989939553,0.3238443620502949,0.43477997396673473
ERR1370256,1,-0.06537099847836154,-0.04994585531364594,-0.1293559723666736,-0.10709443102989878,-0.08175774929778916,-0.10154990080211844,-0.1138470649187054,-0.1105704488498824,-0.06586251527603183,-0.06500305541391883,-0.09547862942729678,-0.10631379325475011,-0.07683656750512975,-0.1274930840092046,-0.08591560730045396,-0.09963339207960027,-0.02962917698148106,-0.1269250666456563,-0.09205419219298554,-0.0147518909403256,-0.032602125512702126,-0.07619444307472024,-0.08322142703192574,-0.09005605535847801,0.12462102408920016,0.06813543662428856,-0.07026821195280977,-0.019191079240824496,-0.12057891488075256,0.21336169860192708,0.36302833950945307,0.5541807040572166,1.0910032351634331,0.875176453281061,0.5125324161989349,1.5693799619163786,0.8203314321913889,1.1633161050932748,0.9865286222526005,1.7151962545301234,1.1230890388999666,1.582934558391571,1.5799036917409726,1.8342786910278457,0.5910405995590347,1.9824536235204764,1.0404075660875864,1.9964074801121439,1.378373855991023,1.0754465822662627,1.2090028524398804,0.9995133568133626,1.0327495315245219,2.080967443329947,1.612230271100998,1.1183143183588982,0.7545814971838679,1.6586366380964006,1.4518118649721146,1.2755302589918887,1.3614610678383283,1.3318986626608031,1.2803319666002477,1.3841860677514757
ERR1370257,1,0.009331790996449334,-0.04870811151340604,-0.12333056543554578,-0.1061670955802713,-0.07742715547127384,-0.10887778497167996,-0.10732819266351205,-0.13256934923785074,-0.0845680769665965,-0.05220304070306676,-0.11518754756876401,-0.10471139901450702,-0.10176101034241063,-0.09852218228791441,-0.11228259267019373,-0.11991680759404387,-0.04108185061652746,-0.11502408874886376,-0.09454687352159194,-0.06438877539975303,-0.023098157984869822,-0.11660564158643995,-0.05203881487250328,-0.1116671125803675,0.13643111075673783,0.21894235483237676,-0.08285836143685239,0.02651207468339375,-0.14615016537053244,0.21490576916507312,0.16902757143335684,0.5683842705828803,0.9569062095667634,0.9958106768982751,0.4274222435695784,1.522898412176541,0.6396904470665115,1.3737838459866387,0.9776479516710553,1.419813925134284,1.0764724101339067,1.2888315266796522,1.6643748858145304,2.051560129970312,0.6147657824414117,2.0171964871031896,1.1218044172440256,2.1450355308396474,1.4097709293876375,1.137884944677353,1.4179977721401624,0.7670629013861928,0.8624337730663163,1.9936601689883642,1.5772690421768598,0.9373675792344979,0.8662278899656874,1.7789445870688982,1.6855718727622713,1.110053422195571,1.6260397391659873,1.5154839368936206,1.634195823754583,1.768824917929513
ERR1370258,1,-0.0939025852962264,-0.12044842674263886,-0.06790930671351296,-0.0812080152598875,0.029736442225319997,-0.060109050146171024,-0.03279390239289829,0.11841659088219915,0.09317071443157536,-0.028812421751873835,-0.11032357066869736,-0.05706808503185,0.007285179437271186,0.014625530556908675,-0.03627262424145426,0.019298147410154343,0.061829425394535065,-0.04326802066394261,0.08512696570583753,0.14468300475605897,-0.028000658662806797,-0.11876911989280156,0.5205133887273925,0.1344456183058875,0.11659956723451614,0.05820221986089434,0.16882971075496503,0.03178062768919127,0.02223981810467584,0.2275485438959939,0.11017768989716258,0.04365548278604235,0.18833822757005692,0.1717174489583288,0.39672181010246277,0.44159806626183645,0.3689341816518988,0.24428436905145645,0.10627190928374018,0.39786270686558317,0.3153339025697538,0.4475451282092503,0.22977628026689803,0.18832433064069068,0.0729074983724526,0.5298842901497015,0.18893294781446457,0.3356035500764847,0.14480910846032202,0.42503643674509867,0.04975513235798904,-0.054774966722886474,0.1278377633009638,0.7222035250493458,0.22725743906838552,0.13385852692382677,-0.056490690048251836,0.12221204755561692,0.1214600320838924,0.055172757378646305,-0.03366777513708387,0.12377532092588288,-0.00040067466241972785,-0.11826326485191073
ERR1370259,1,-0.0083968136459589,-0.0446218336666269,-0.12388932279178075,-0.10240872630051204,-0.09198715258389711,-0.10034245738227453,-0.1141641903668642,-0.11544972764594215,-0.08934472315013409,-0.06542413389044148,-0.10987447042550359,-0.10772431615207877,-0.09046602488628455,-0.12405217864683696,-0.11394267539227647,-0.10795742519465941,-0.04641614551655948,-0.1107744901840176,-0.0766337380877563,-0.07635441099825714,0.005734119564294815,-0.103570801072887,-0.07358446634108466,-0.09021420670407158,0.1766437635357891,0.13392401220543043,-0.07982699188869447,0.008524819377011486,-0.11952617711254529,0.2601505182683468,0.21865777564900263,0.5898725092411041,1.074143857296024,0.9787902693663325,0.5584662907889911,1.583260562803064,0.786421965275492,1.334669074841908,1.0332288954939162,1.5952442264450448,1.1735641679593496,1.589715057185718,1.509519335414682,1.8549636410815376,0.6418673098087311,2.009453445672989,1.137221281017576,2.089637896844319,1.4494519223059927,1.2344789300113916,1.3241100588015147,0.9437732409153666,0.9659361360993769,2.089985285486494,1.6870160890477044,1.063420443130391,0.8079811792288508,1.6997870728373528,1.6653176567384176,1.3761955840247018,1.561009053673063,1.5793196622814452,1.4132241710488285,1.7428471914359502
ERR1370260,1,-0.054237015545368195,-0.07245878928474017,-0.09830773315791573,-0.1016769516947014,-0.09699222099568162,-0.15467205750090735,-0.08975700555103165,-0.11059392243623734,0.005776684731245041,-0.09280293168766159,-0.091689190694264,-0.1156123589192118,-0.12167881216321673,-0.06818798397268568,-0.09419046635074275,-0.11087626697761672,0.01993220059999398,-0.13406209541218622,-0.12921630830637046,0.140919314963477,-0.026048912001507624,-0.08996513964874404,-0.03703572175332478,-0.08489195443689823,0.2913979504789625,0.23596984893083572,-0.07083008624613285,-0.07033395736860777,-0.08200918563774653,0.2924156242183277,0.10253400249140603,0.152673174227987,0.6448418726878506,0.6593517687703881,0.4604623695569379,0.9560835829802922,0.5370276370751006,0.8015533164143562,0.5717398912778923,1.0091203549610717,0.8192422155823026,0.8601706517594201,0.8763831428119114,1.2298266374106919,0.48864920091416153,1.335977926717273,0.591267426099096,1.258195813213076,0.760827688234193,0.7963144745943802,0.8437606138842446,0.3850568894829069,0.3253482473748071,1.0556099766067095,1.0060360814843858,0.5105930279408183,0.23877812922000885,0.8922435832875115,0.7432385895933423,0.49304502457380295,0.5265340038708278,0.8550867097718375,0.6333432844133183,0.56793369778565
ERR1370261,1,-0.0866680730666433,-0.11603327680911336,-0.0901769520714879,-0.11894627194851637,-0.08047925468002047,-0.12239456017102514,-0.13421820955617086,-0.08409722575119563,0.004759422370365688,-0.07884731675897326,-0.07675196017537798,-0.13329051009246282,-0.13892102667263576,-0.1398996769317559,-0.04719597314085279,-0.12235050967761449,-0.0430906532066209,-0.14835164376667567,-0.1285840299512659,0.1131524805511747,-0.04844970894711358,-0.11953784631831306,0.02315242907830647,-0.021606866270303726,0.12355560124186533,0.13579275459051132,0.01098060900611537,-0.11607322522572108,-0.11928773448536438,0.18786939127104624,0.23856474672045028,0.1562223040631839,0.5950480684904116,0.6560475624033383,0.5469646070684705,1.1107419111898966,0.5422679837127882,0.6348957770637104,0.5521342903375626,1.1162819085376603,0.72274207004479,1.0026564236198152,0.7026176197188241,0.8035486106361661,0.41504441520997454,1.1349230825767986,0.4442581060741629,0.882771134642618,0.7348646947315761,0.7451176068612507,0.6627000836389405,0.3323545956185886,0.40567195202623096,1.074188185589654,0.8661142587661743,0.6221269236079284,0.23358905129134655,0.8135921465499061,0.5115326680243015,0.6252876081104789,0.37402946076222826,0.6685337530715125,0.42810802321348873,0.16815380645649775
ERR1370262,1,0.01639370806515217,-0.048088121959673505,-0.0988662987947464,-0.09674345169748579,-0.07309419475495815,-0.09234891432736601,-0.10598492623207026,-0.1309151745268277,-0.09231382086207825,-0.026593906272734915,-0.11669305126581873,-0.10518911840128047,-0.09917943385828819,-0.09608699115259307,-0.1115965391010312,-0.10463206566471074,-0.06938416534103453,-0.10849413741379976,-0.06259670790417918,-0.062492109036871364,-0.02116664020078523,-0.11755880261106151,-0.011630687330450331,-0.1142183185688087,0.12474158778786659,0.19474863686731883,-0.08079690542737288,0.04717942380479404,-0.1259848741548402,0.2905508982283728,0.14603072165378503,0.6095732775117669,1.0027745238372259,0.9915716158492225,0.4937807119318417,1.6186482587030955,0.6980378755501339,1.473455473780632,1.0740864404610224,1.4877967568380492,1.097387531905302,1.3688177626047815,1.6988418198057584,1.9838484014783586,0.6387438268533775,2.1004107019730975,1.2246913995061601,2.301518269947597,1.5987038303698813,1.260150513478688,1.4703613189714295,0.7509003526398114,0.9623287564941815,2.109697367463793,1.6915478195462907,1.0484446143465382,0.8674831686075777,1.8585038312843867,1.659423095839364,1.2421649981822287,1.7713368364742823,1.704756989542927,1.603887231754405,1.8686798981257848
ERR1370263,1,-0.10141456020729882,-0.11935006986771311,-0.11962982480015073,-0.11887514458170959,-0.07846828922629356,-0.0756312230867999,-0.08815922481673104,-0.002335606941155025,-0.015762940315263613,-0.06486939266324043,-0.12136172286825188,-0.10233916235821587,-0.06555308348366193,-0.03905573806592396,-0.004497423235859189,-0.10263686414275851,-0.04416247404047421,-0.08113845916731018,-0.05193762694086347,0.08959549239703588,-0.014163115194865636,-0.10716722240405423,0.25620171640600475,0.04729977569409779,0.0552498959004879,0.003682888778192656,0.16004096769860812,-0.02495825064501592,-0.04572413116693497,0.22994259565270372,0.25468672811985016,0.16272171626665763,0.39348955878189634,0.44839218471731457,0.37501031772366594,0.5200458022632769,0.4602122495749167,0.34132167590515955,0.2929465738790376,0.4985548368256007,0.4814801343849727,0.524518762848207,0.27955334367496626,0.27987896118845257,0.08423834347299167,0.6470993816453431,0.1797392421535083,0.35613044165074825,0.2469797432422638,0.4380339655492987,0.15244261494704656,-0.08924611019236701,0.22827574184962682,0.8023352857146945,0.3145788333245686,0.253291592001915,0.050783585224832804,0.1469925083220005,0.058401829563081264,0.12111462971993855,-0.056824976844447,0.021355881222656796,-0.0524475063596453,-0.07089647703937121
ERR1370264,1,-0.05587540048041514,-0.06564268017453807,-0.11132805900914329,-0.11426932577575956,-0.06373416778764554,-0.10962391644716263,-0.10709161803658519,-0.09035042034728187,-0.07112298714595713,-0.05455793999135494,-0.10656931730253356,-0.13034193430628097,-0.09908555048917021,-0.09966990617769104,-0.04996976575681141,-0.13918474529470717,-0.07506995222398213,-0.11852950230240822,-0.10860707624150175,0.0006334784307650157,-0.012781439082963126,-0.12960066007716314,0.055968926421233585,-0.017938734697444097,0.08893783284085137,0.017274093415055956,-0.005170872676119741,-0.04256323219410011,-0.11830480396747589,0.2900008431502751,0.29075006887848887,0.3838199121611459,0.8103972684059825,0.6912623601300376,0.5335383793073041,1.0648043953946658,0.7550188771315983,0.8352780198412282,0.7421767476147839,1.1107297359433557,0.92340016577925,1.182622287954603,0.961173774940627,0.9999362677335739,0.3608926510704415,1.5338261296107834,0.5635280029049942,1.2683903548334325,0.8756365690912519,0.9980475221361432,0.6720265362943921,0.2903072237968445,0.6147565256272044,1.6544467796172415,1.1146294985498701,0.7377009173589093,0.2497426633323942,0.838688596018723,0.7007814693663802,0.5944350441651685,0.5619813565696988,0.668655297585896,0.5623028697445989,0.538021061037268
ERR1370265,1,-0.05092938510434968,-0.061180267216903825,-0.12095580356461662,-0.11254927409546715,-0.08182929203446422,-0.11811941063829831,-0.112896059772798,-0.0982669112937791,-0.06496286724827119,-0.07287224967564855,-0.07936130038329534,-0.11291958232011114,-0.08816626801022462,-0.1226151923515967,-0.08135842428808766,-0.10913791534091745,-0.051177599267768006,-0.1296774989792279,-0.11231606267392635,0.009560963937214442,-0.019257904695613042,-0.11387131629245621,-0.03167983623487609,-0.0404368642983692,0.12244911917618342,0.10510650031002504,-0.03608332418038377,-0.04392462795866387,-0.12852105924061366,0.24202503583260945,0.32859202989909264,0.4599717152970178,0.9058030396699905,0.8211643057210105,0.5892650410532951,1.4702810049057007,0.7012845437441554,0.9948350329484258,0.8036448681460959,1.4642701311303037,1.0422743607611795,1.4403777250221796,1.0680587171976055,1.3902770898171835,0.5975882911256382,1.5897201666874545,0.7116855957678386,1.5372270260538374,1.063450267272336,1.1222681674574102,0.9614196176241551,0.661045065415757,0.8023887500166893,1.8067959972790308,1.3890963047742844,0.8516060316136905,0.48245659843087196,1.195546180009842,1.0219899793820721,1.0180140265396662,0.857236959040165,1.1470306026084083,0.7867706870394093,0.8855872686420169
ERR1370266,1,-0.041798726090097,-0.03563418824757848,-0.14525831384318216,-0.10757437508021082,-0.09817352332174778,-0.10530349798500538,-0.09757088133067425,-0.12433514850480216,-0.0855886866338551,-0.021804114803671837,-0.10223018484456199,-0.09770949424377509,-0.08595318673178554,-0.12181374616920948,-0.0991199955211154,-0.10251461448413986,-0.015924066571252688,-0.13446957551475083,-0.09950763559234994,-0.052449737542441914,-0.002577731651919229,-0.09768261680645603,-0.051079822438103814,-0.10648792875664574,0.12521427231175558,0.22691889160445758,-0.08370111856077399,-0.013538395719868796,-0.14089685252734593,0.27886137392904076,0.16114957949944905,0.40317946885313305,0.950079470872879,0.899733552975314,0.37858289373772486,1.4158488107579095,0.5628099378996662,1.246755627649171,0.8464554484401431,1.275952275310244,1.0814766330378396,1.118811972439289,1.5279195782329356,1.786532821798963,0.5462815096335751,1.9054149144462176,1.0431717517120498,1.992191697869982,1.3982579740030425,1.0178198077316796,1.284041634627751,0.6210395331893649,0.8849279784730503,1.837913147040776,1.3579776734113693,0.980096485465765,0.6432529081191335,1.5297006741166115,1.3534045474869865,0.8968762074198041,1.2266046873160772,1.3239127248193003,1.344669879015003,1.3514030203223228
ERR1370267,1,-0.09116227299507175,-0.11758095611418996,-0.08365018240043096,-0.12463221220033509,-0.022205939250332967,-0.06927065977028438,-0.04318484131778989,0.052758242402757914,0.028319829276629856,-0.03721257245966366,-0.10202687233686447,-0.06396819331816264,0.011063318633075272,0.004707902669906616,-0.047142056482178826,0.037255819354738505,0.017289888113737106,-0.04878644033202103,0.05580702743359974,0.1030094985451017,0.017259211412497928,-0.03856485869203295,0.4411390849522182,0.10184708450521741,0.08893375418015889,0.08796111387865883,0.14434326726144978,-0.002702627863202776,0.05979483893939427,0.2972618208399841,0.19853791807379043,0.08414429293147155,0.1920231974550656,0.19617442686909012,0.286496710564409,0.2277999073266983,0.3373423061732735,0.32743185492498533,0.0988744433437075,0.12048158049583435,0.46894560754299164,0.3144061267375946,0.20050980589751685,0.019206620220627104,-0.030782970799399272,0.3414770994069321,0.10544778193746294,-0.009115672537258692,-0.06267184604491506,0.3540011740156582,0.0277129238737481,-0.09537910989352635,0.0018739806754248483,0.4793018272944859,0.013521307813269752,0.009565012795584542,-0.07761450883533273,-0.03532206639647484,-0.12634356719042575,-0.011254598519631795,-0.10217082819768361,-0.03535637153046472,-0.10033056831785611,-0.11052115441166929
ERR1370268,1,0.05147031428558486,-0.040700429185692756,-0.12382639518805913,-0.11064108674015317,-0.08802910940721631,-0.09272781353709954,-0.1118396048966263,-0.0874668729624578,-0.0568082330948008,-0.06944241800478526,-0.10309610462614469,-0.08608048329395908,-0.07518988880994064,-0.08963056948102478,-0.09557735214808158,-0.09488317357110125,-0.029295241393681084,-0.07855303558920111,-0.09471050007934016,-0.043407823624355454,-0.037297942276511876,-0.10101468781275409,-0.07791978599769729,-0.048965787781136375,0.29836574462907656,0.25314498799187796,-0.07821811150227274,0.024847028411126564,-0.10911624559334346,0.2948149900351252,0.25152488531810896,0.5863664150238037,1.170309314770358,1.0868521609476633,0.6015542905245509,1.757623553276062,0.7703497782349586,1.4542579118694579,1.0776715597936086,1.6405667216916169,1.0970060974359512,1.7613581732979842,1.543407074042729,2.073343276977539,0.7769627113427434,2.0534021093377044,1.2247847467660904,2.1979424016816274,1.637142830661365,1.510504846061979,1.3745657971927099,1.0835147436176027,0.9530037992766925,2.1939308047294617,1.727484717965126,1.1033309261713709,0.7148177219288689,1.8851444008094924,1.6439110828297478,1.4655810603206711,1.585720233619213,1.6202323138713837,1.504423830126013,1.9832060209342413
ERR1370269,1,-0.07790687999555043,-0.08968505449593067,-0.11074811965227127,-0.114964026425566,-0.0900699192924159,-0.12873365410736629,-0.11823852573122297,-0.07692884866680418,-0.03259774350694248,-0.0890342832676002,-0.10574462371213096,-0.12694343232682773,-0.10985359655959266,-0.13730322356734956,-0.045426190963813236,-0.1179497694330556,-0.044470315133886676,-0.14716727605887822,-0.13468848883972637,0.05411756996597562,-0.025763888244650195,-0.10683818667062692,0.02700066034282957,-0.01393213655267443,0.14367728467498506,0.04197270103863308,0.014090393802949361,-0.08160840595623345,-0.12432761330689703,0.25220691678779467,0.3010495262486594,0.3594176875693457,0.7997294451509204,0.7435604812843459,0.5822180530854634,1.1639916343348367,0.718952125204461,0.7680411268291729,0.7061702960303852,1.316471017897129,0.7729026103126151,1.425190927726882,1.390731003667627,1.2222458475402422,0.35173475103718893,1.6103660973188068,0.7492064330726862,1.302109379986567,0.9638600072690419,0.8309980375426156,0.6435787443603788,0.5959331638046673,0.6071084120443889,1.6192321010998316,1.2172133880002158,0.9001243529575211,0.28694397104637964,1.1471056970102447,0.6380145948912416,0.7641907478017467,0.7748347967863083,0.8232804898704801,0.7697493119963578,0.7121359181723425
ERR1370270,1,-0.09173890176628317,-0.12272185140422412,-0.1354483472449439,-0.1450795211962291,-0.102501209293093,-0.052854567234005244,-0.06347913501252021,0.04791477748325893,0.03862705321184227,-0.0742664597928524,-0.08409469627908298,-0.10494019836187363,-0.02902634228978838,-0.049648545017199855,-0.0525639961872782,-0.10054457453744751,-0.010521833917924337,-0.03694901269461427,0.04894033829415483,0.07616703105824334,-0.010378645999091012,-0.14677323400974274,0.09310046769678593,0.1435065929378782,0.05717803005661283,0.07072137828384127,0.12893180422750966,0.029316520584481105,-0.10672686994075775,0.2381967380642891,0.20124797416584833,0.08754282231841769,0.3800271323748997,0.3839629388281277,0.5226895917689295,0.8798742815852165,0.5578037433193198,0.5365191740649087,0.3791915327310562,0.8528845076050077,0.5774011505501611,0.7677445922579084,0.579001880117825,0.5798112383178834,0.22901479487440415,0.9355038723775319,0.4295039677194187,0.6929556408098766,0.515831898365702,0.5340614936181477,0.46583800709673334,0.23861602693796158,0.37385432528597967,0.932757779955864,0.5520748384296894,0.4889685979911259,0.11274024751037359,0.4888029971293041,0.4333617990570409,0.39144149529082434,0.2889816164970398,0.5243635890739304,0.23386756117854798,0.04759758072240012
ERR1370271,1,-0.09503297294889178,-0.12004908866115979,-0.09660584133650575,-0.1245271632713931,-0.08509544762117523,-0.13350718361990793,-0.1221034580043384,-0.0829682048144085,0.0005904683577162879,-0.10489537354026522,-0.09233128385884422,-0.1401663954768862,-0.14819494421992982,-0.13126437472445623,-0.029585335669772967,-0.14084365644625255,-0.053413002618721554,-0.1423540184540408,-0.13941237862621034,0.10475482046604156,-0.051747203937598636,-0.13847909654889787,0.04278663865157536,-0.006467288093907493,0.10659626605255264,0.1260520475251334,0.02350305872304099,-0.11663268054170269,-0.11729296935456139,0.17889585026672908,0.2264824797000204,0.17391225855265344,0.5430415400436946,0.6315850423915046,0.4357879821743284,0.8881883759583745,0.46550447839711395,0.5354285059230668,0.4342721679380962,0.8237312404172761,0.6803605620350156,0.7539161661905902,0.5119857234614236,0.6473254284688404,0.3381401571844305,0.9527429916031126,0.3426418603797044,0.6092131483767714,0.5055646686149495,0.6751029118895531,0.48399027224097935,0.12123152720076698,0.3361687614981617,0.9295771824462074,0.6442462067518916,0.4712777492989387,0.17327159051118152,0.4770800673535892,0.2522096708416939,0.38504147276814493,0.14828812251133577,0.36259049602917265,0.20490319122161185,0.013357214629650116
ERR1370272,1,-0.07520117138379387,-0.03792702513081687,-0.13714799817119325,-0.10460057375686509,-0.0920892059803009,-0.10868968781349915,-0.09899999547217574,-0.12133646490318435,-0.07961875058910144,-0.04735431115009955,-0.1099357253738812,-0.09696499471153532,-0.08480395542989884,-0.12937137364809,-0.11017527763864823,-0.09531651776550072,-0.03190040957581784,-0.11926815805158444,-0.10294736921787262,-0.007470160722732544,0.019652420388800756,-0.08716084111542191,-0.08790948880570275,-0.10767917122159686,0.15301102825573512,0.12998532690107822,-0.07992819435561874,-0.003243925515562296,-0.1250271616237504,0.3104149635349001,0.24102754252297537,0.36519106796809603,0.9877568414168698,0.8376655172822731,0.4304979315825871,1.4746504660163606,0.6947510504895555,1.1382194299783026,0.8966996957148824,1.4591723292001657,1.1299503594636917,1.307865898457489,1.4514034603323256,1.6511124223470688,0.6350357085466385,1.7931869077895368,0.9939488087381635,1.8392576447554998,1.4190821668931417,1.010041625372001,1.3263253654752458,0.7346710019877979,0.9585035528455462,1.9211339950561523,1.4715289899281092,1.0476734744650977,0.7059907019138336,1.4999926037022047,1.3945938465850694,1.1038632233228003,1.311053793345179,1.4018583808626448,1.2019878013857774,1.3192499343838011
ERR1370273,1,-0.0026132135785051753,-0.061810306938631196,-0.10376968500869614,-0.10426123493484088,-0.08036107224013124,-0.12631697899528913,-0.10702289428029742,-0.07656620176775115,-0.047922324655311446,-0.07045439843620573,-0.09417690749147109,-0.10313091586743083,-0.10366684145161084,-0.12301989857639585,-0.07244237725223814,-0.11046654278678554,-0.043012555821665695,-0.14338489196130208,-0.10244527432535376,-0.00786819149340902,0.012035877576896123,-0.11334167367645673,-0.018757041543722153,-0.017635456153324673,0.18603338726929255,0.1686256006360054,-0.026954998461795703,-0.055594830973339934,-0.12623098705496108,0.24535784870386124,0.25837121371712,0.4990216147686754,0.9885861168482474,0.9086715106719306,0.6513592675328255,1.4079234557492393,0.7070484382566065,1.1438287161290646,0.9324291097000241,1.4325744996645622,0.9968416935631207,1.476959457354886,1.1371900758572988,1.3820244031293052,0.5387085223836559,1.6155052536965482,0.7446322845561164,1.5655510681016105,1.120234987033265,1.2287992707320623,1.0013504975608416,0.576289930513927,0.6934896036982536,1.8306380276169096,1.429063013621739,0.7645607590675354,0.39969488126891,1.1897072198667697,1.072884468095643,1.0118698318089758,0.805990110550608,1.1314659799848283,0.8332801950829369,1.0957405093525137
ERR1370274,1,-0.0978309658489057,-0.11369458745632853,-0.1090647918837411,-0.1274094714650086,-0.09324162400194577,-0.10310875730855125,-0.11569031423797631,-0.0704360476561955,-0.04016861319541931,-0.11243922609303679,-0.10265520321471351,-0.15307363867759705,-0.13597920004810607,-0.11981192976236343,-0.038668786574687274,-0.14235836480345046,-0.06277916899749211,-0.12212540794696126,-0.13714028149843216,0.09565671107598714,-0.03438908926078251,-0.1475525934781347,0.09416610800794192,-0.016029831554208483,0.054816855915955136,0.07002720023904528,0.04219896612422807,-0.09811858353870255,-0.11041540359812123,0.21785914046423777,0.19052829912730626,0.17701536417007446,0.545317930834634,0.5741322934627533,0.4079384633472988,0.8458912968635559,0.43589916319719385,0.4993631328855242,0.3771400387798037,0.7875624554497855,0.7230023464986256,0.7074670940637589,0.3960954025387764,0.5949809061629432,0.31551309674978256,0.8773140119987407,0.3168381553342832,0.587591697195811,0.47909524611064364,0.6777386670666081,0.3631726575217077,0.05440037963645799,0.38510172601257053,1.0076998727662223,0.6654731652566365,0.44811868561165674,0.22308278403111867,0.46479585979666027,0.24654293060302734,0.353227353920894,0.09469353993024145,0.33547339162656237,0.10493528842926025,0.04582951324326651
ERR1370275,1,-0.10756768791803292,-0.10492198887680258,-0.11156123663697924,-0.1309677261326994,-0.0760560261883906,-0.13253967783280782,-0.1160319157476936,-0.07904990975345884,-0.07376534172466823,-0.11536527292004653,-0.11864555427538497,-0.14175511630518095,-0.13828711956739426,-0.10832692416650909,-0.05267491218234811,-0.11618812595094953,-0.08057979707206998,-0.12920079699584416,-0.1477397648351533,0.06408773309418134,-0.015572595277002879,-0.14707107203347342,0.07621023165328163,-0.023208471281187876,0.04447895182030542,0.022030134552291462,0.038362683462245126,-0.09648727199860982,-0.039111241698265076,0.2673728907746928,0.1678010502031871,0.24013332011444227,0.5482734558837754,0.5254721769264766,0.3388967716268131,0.49694251109446796,0.42105509979384287,0.5655151147927556,0.29056270101240705,0.5098593668746096,0.5162722266312423,0.7080395157848086,0.33631783723831177,0.391888825488942,0.13310029357671738,0.6700063967145979,0.25860136092108277,0.5605063959956169,0.312370626521962,0.6597303662981305,0.13507296464272908,-0.05006047045545919,0.15164140399013246,1.0073880734188216,0.6323738502604621,0.11658968776464462,0.07580335913891238,0.28696693373577936,0.0794502432857241,0.19690172374248505,-0.05028026870318821,0.07888220037732806,0.01788772110428129,-0.030740785811628615
ERR1370276,1,-0.04518353220607553,-0.09294187038072518,-0.09149802196770906,-0.11162687279284,-0.08059879472213131,-0.12859429844788142,-0.1261850105864661,-0.08430127852729388,-0.01930756733885833,-0.0829622575214931,-0.08555889023201806,-0.11249169893562794,-0.11717290324824196,-0.10934719290318233,-0.06349860757057156,-0.11309036931821279,-0.009589165981326784,-0.13615489963974273,-0.10802253941074014,0.054222353867122104,-0.053512055959020345,-0.10585137616310801,-0.031179954963071004,-0.041007589016641886,0.21844616904854774,0.23840451346976416,-0.02574508956500462,-0.07703502316560064,-0.13588144417319978,0.18568414662565505,0.2705588519041027,0.38287902091230663,0.8654240220785141,0.8746069769508072,0.7463853295360293,1.4880945682525635,0.6406735662104828,1.010872526826071,0.727093370365245,1.4195387374077524,0.8309669771364757,1.3804392805323005,1.087606200150081,1.1789056451192923,0.5623705775610038,1.4869158596099754,0.7475247412387814,1.4112239224570138,1.008722601192338,1.1226179940359933,0.9697261069502149,0.6073455448661532,0.5510026631610734,1.563798074211393,1.2538303509354591,0.8115774978484426,0.40409468061157633,1.2572601198085718,1.0307753239758313,1.0010355444891113,0.8075764051505497,1.1744205036333628,0.7920486301715884,0.9878386663539069
ERR1370277,1,-0.07659804102565561,-0.04303064450089421,-0.14410164526530675,-0.10297790914773941,-0.1019000533436026,-0.13569327204355172,-0.10102931410074234,-0.11189375232372965,-0.07589579519948789,-0.04742262406008584,-0.09620224737695285,-0.11953390230025564,-0.11395168437489442,-0.12289226746984891,-0.07445623472865139,-0.0995019714214972,-0.0705149962699839,-0.12462218478322029,-0.12036439350673131,-0.027274447360209057,-0.01517117874962943,-0.12333448497312409,-0.02883879521063396,-0.07748899183103017,0.09659593179821968,0.05529874563217163,-0.08126615776148226,-0.05889755387657455,-0.11770227764333997,0.2595789155789784,0.3167954906821251,0.46599330433777403,1.0152549988457136,0.7337029296904802,0.3908224552869797,1.2510459976536887,0.6759403051276293,1.0910891656364714,0.9559402029429164,1.3112316009189402,0.9497684336134365,1.04666933630194,1.210879879870585,1.5240393334201403,0.4773674639207976,1.747566762380302,0.8008384427853993,1.579073689877987,1.0437793667827333,1.0629621148109436,1.154655197635293,0.5330268482544592,0.6588304926242147,1.8575015366077423,1.2568382237638747,0.8954513104898589,0.571155064872333,1.3138101579887527,1.274226610149656,0.7519866888012204,1.0703262708016805,1.1660538954394204,0.9543751738965511,1.0598411747653569
ERR1370278,1,-0.10466711489217621,-0.07719342676656586,-0.09265511043901954,-0.10067513452044555,-0.09132127783128194,-0.1488075511796134,-0.05236758717468807,-0.07641382728304182,-0.047660227332796366,-0.10704880660133702,-0.09984491765499115,-0.1100641917437315,-0.13030192788158143,-0.04437537118792534,-0.06954592000693083,-0.1352047547698021,-0.052563504448958805,-0.09403496182390622,-0.13599303737282753,0.06452733145228454,-0.03949229366012982,-0.12731090933084488,0.026212666715894426,-0.040788210928440094,0.1418167363320078,0.08620676185403552,-0.02454689091869763,-0.10211779336844172,-0.1114920260650771,0.22597346667732512,0.2523134159190314,0.33713074600590126,0.7491233881030764,0.6822199640529496,0.5097625095929418,1.003391230744975,0.6643604167870113,0.7472315292273249,0.6335665109966483,1.0445697903633118,0.7405002260846751,1.0349642698253905,0.8146279890622411,0.8501016564135041,0.32794427312910557,1.287741141659873,0.4739989528316073,1.0211972232375826,0.6827498796795096,0.7518503463694027,0.5423986379589353,0.29760515476976124,0.2963576561638287,1.2145130942974771,0.9430886549609048,0.5089855971080917,0.1738653945337449,0.9256316879764199,0.5035133617264884,0.6115191067968097,0.3415787922484534,0.596197343298367,0.40850656905344557,0.4680945753519024
ERR1370279,1,-0.0984592041266816,-0.12147091994328159,-0.11806127109697886,-0.12327083146997861,-0.09763075038790703,-0.11438089502709252,-0.1051734870499266,-0.04769248515367508,-0.02919169408934457,-0.11244349873491696,-0.11422366223164968,-0.1435219006878989,-0.10016641233648572,-0.08450136300442475,-0.035731205982821326,-0.1535593569278717,-0.065589789301157,-0.10393398467983518,-0.08915577163653714,0.07288062645654593,-0.027063197855438505,-0.13813823727624758,0.17970045230218343,0.03679459754909788,0.05015671103527503,0.019460366240569522,0.08608721276479107,-0.0845091776656253,-0.11466061749628612,0.25425148675484316,0.14715401189667837,0.13752488738724164,0.4157235494681767,0.39120227630649296,0.37693147361278534,0.4818893527345998,0.4307118920343263,0.3803190823112215,0.3001289665699005,0.484239965145077,0.500672394875437,0.525798387825489,0.29230382825647083,0.2666613600615944,0.06347101660711425,0.6594538868937109,0.20896942168474197,0.3065315399851118,0.2209836675652436,0.4416725193815572,0.1428044353212629,-0.0943509473332337,0.14319145253726415,0.7278877337064061,0.3083608496401991,0.1628237579550062,-0.0005225941006626401,0.17693167605570384,0.00888955859201295,0.13868772038923843,-0.09583697308387075,-0.004777983496231692,-0.04417767854673522,-0.07941984172378268
ERR1370280,1,-0.06665300058999232,-0.04757593688555062,-0.13728896102734975,-0.10033457726240158,-0.1019977609893041,-0.09739604865067772,-0.11203799316925662,-0.1255593736256872,-0.08193119871430099,-0.069040518786226,-0.09709736279078893,-0.10395725736660617,-0.07921561465731689,-0.12553561186151846,-0.11075514145860714,-0.0897905086832387,-0.01917228225751647,-0.11544783805896129,-0.0694312668139381,-0.04895029536315373,-0.009014202547924859,-0.07542052585631609,-0.07520563474723271,-0.1136973462998867,0.10688933357596397,0.1087772042623588,-0.0924369741031634,0.009797741725508655,-0.12624609363930567,0.24954338424972125,0.3060026115604809,0.5487658551761082,1.0499764899058002,0.9548581104193415,0.4511357571131417,1.6177755892276764,0.7208667408142772,1.3564101542745317,1.045220673084259,1.7008917784052235,1.142881576504026,1.4561218728444405,1.6680579303564238,1.8554374011499541,0.6293824996267047,2.0987876376935413,1.1513703327093805,2.1504972066198076,1.6110024835382188,1.031652252056769,1.4623383177178246,0.9549202360212803,1.0888773767011506,2.096564846379416,1.7180995749575751,1.142316977360419,0.910320812038013,1.8490857109427452,1.6508965600015861,1.395113976938384,1.6858733998877662,1.646049024803298,1.6212566252797842,1.6971800540174757
ERR1370282,1,-0.01948357799223491,-0.04233318886586598,-0.11259106355386653,-0.10911484381982259,-0.08141843555495143,-0.10029421972909144,-0.101087680710147,-0.1312382902417864,-0.09490180403060679,-0.0550272919769798,-0.10742669126817159,-0.11212384913648878,-0.09203898361218828,-0.12583903861897333,-0.11443749938293227,-0.11734899186662265,-0.05998959942787353,-0.1282468784068312,-0.10095221865256983,-0.08979199188096183,0.032377077000481744,-0.1210269962570497,-0.028076947799750736,-0.09604681815419878,0.1832010956215007,0.1259587715779032,-0.08321051929877805,0.02271063000495945,-0.11594004929065704,0.3378744199872017,0.1843115027461733,0.4846313787358148,0.9579591261489051,0.9415838066488504,0.5131821132131985,1.505437386887414,0.724232805759779,1.3308108512844359,0.946770714862006,1.4701627218829734,1.1365340905530112,1.3598092794418335,1.56521411133664,1.7625787556836647,0.5790717793362481,1.928709686068552,1.1252232491970062,2.0716551627431596,1.4932983219623566,1.1479358476187502,1.305270139660154,0.727308662874358,0.9097470279250827,1.9360824397632055,1.5380870678595133,0.9927200036389487,0.7549121656588146,1.5934341613735472,1.4028185861451286,1.1276126099484307,1.3998376663242067,1.4614310573254312,1.3007951948259557,1.568235388823918
ERR1370283,1,-0.01778318839413779,-0.059848244967205186,-0.11177534716469902,-0.11790406597512108,-0.06935688573867083,-0.12765959690191916,-0.10920856201222964,-0.0949968094272273,-0.049844000954180956,-0.05939264928123781,-0.09413815249821969,-0.09953342857105392,-0.09304012970200606,-0.12417827945734773,-0.08947231783531606,-0.09397549388398017,-0.033939980901777744,-0.1293737835117749,-0.0885781351743,-0.03137823673231261,-0.002406318805047444,-0.09968329234314817,-0.06851196768028396,-0.0664951466023922,0.1828217458512102,0.11036802668656621,-0.05161381273397377,-0.028499437296496972,-0.11804560465472085,0.19900548670973098,0.3055856967610972,0.5547252377229077,1.0398797446063586,0.9312941554401603,0.6287691060985837,1.655711557183947,0.7478108169244868,1.214168987103871,0.8427424521318504,1.762794591486454,1.0768132832433497,1.6454055454315883,1.4245809050542968,1.6912587322294712,0.6298803580658776,1.8447468178346753,1.046272533280509,1.9203183970281057,1.2452571583645684,1.1680474004575185,1.169048505702189,0.8804082689540726,0.8869529861424651,1.939527792590005,1.5375747787100928,0.9771312006882259,0.6375388348741191,1.547270882342543,1.4062746300229005,1.2681795826980047,1.2177801781467028,1.3740351072379522,1.2032949341727155,1.4351480222706283
ERR1370284,1,-0.04103110198463712,-0.04740829366658415,-0.13133423243250167,-0.10870799954448428,-0.0922852565667459,-0.08700934411691767,-0.11133181609745536,-0.13016429649932043,-0.08080423327295908,-0.06471346691250801,-0.10028710482375962,-0.10320877390248435,-0.08526497114715832,-0.1241038077111755,-0.10747533780522645,-0.10844937186422092,-0.0368310630853687,-0.1194293669291905,-0.08250013296492398,-0.06529844871589116,-0.01105881854891777,-0.08585396821477584,-0.08187551264251981,-0.09454443997570447,0.18589858524501324,0.19401263552052633,-0.08961324353835412,-0.00830569736925619,-0.12517340907028743,0.24176455927746637,0.24343226850032806,0.5192574869309153,1.0525183188063758,0.9591126516461372,0.489856701876436,1.6198423225432634,0.7903712091169187,1.3062319563967841,1.0400106374706541,1.6463010601167167,1.146913496511323,1.5240293400628226,1.638717514595815,1.9847910021032606,0.6578914448618889,2.052615976227181,1.1656072757073812,2.2241076018129076,1.580539352127484,1.182966224849224,1.4246312379837036,0.9925272438142981,1.0126060641237669,2.1061823623520985,1.6941721439361572,1.122270045535905,0.9189285486936569,1.8150752325143134,1.742383586176272,1.4129179822547095,1.644273083124842,1.5874834965382303,1.6297469205622162,1.8257349133491516
ERR1370285,1,-0.04137356053771717,-0.0672031617058175,-0.09506563868905817,-0.10823495419962066,-0.07606954526688371,-0.12889195552894048,-0.10376613374267306,-0.09182059605206762,-0.011882744995611054,-0.07073792336242539,-0.08731447253376245,-0.10324022173881531,-0.10676420746105057,-0.12592876063925879,-0.0794862692377397,-0.10035480984619685,-0.037853759713470936,-0.13886467899594987,-0.12115295723612819,0.043371421950204034,-0.010556154485259737,-0.11753239003675324,-0.0186987327677863,-0.029619053937494755,0.19447624350764922,0.1719168946146965,-0.038303135229008536,-0.06506259100777763,-0.12458306976727077,0.24663907608815602,0.21632144493716104,0.3535818010568619,0.8805358154433114,0.8260103975023542,0.5239435625927789,1.277959678854261,0.603792314018522,0.9507672360965184,0.7671461257019213,1.2721060839082514,0.94985702420984,1.3183088627244746,1.001491301293884,1.2970360879387175,0.5420149479593549,1.5436426693174456,0.6993254912751061,1.309183266546045,0.9832751351807799,0.9765382590038436,0.9141916632652283,0.5125952740865094,0.6191882980721337,1.5390090913112675,1.2507908322981425,0.6927858250481742,0.34868190650429043,1.037559914801802,0.9130865090659687,0.8431523889303207,0.6989487739545959,1.022735242332731,0.7335744319217545,0.6934441870876721
ERR1370286,1,-0.0565357929361718,-0.054561278117554526,-0.12595290264913014,-0.1132920618568148,-0.09122588046427284,-0.11107638252100774,-0.10720635005938155,-0.09150131312864167,-0.07876826067721206,-0.08143708735172238,-0.09678118223590511,-0.1217693095760686,-0.09836752819163459,-0.11943062275115933,-0.09128610390637602,-0.11173571459949017,-0.06307472677768342,-0.12285457790962287,-0.11011652299202979,-0.011153216340712138,-0.008409280862127031,-0.11970146692224912,-0.027534490185124532,-0.053222068186317174,0.09061406393136297,0.021809034049510956,-0.02957395846689386,-0.012786998579810773,-0.1153899213033063,0.3141642468316214,0.36663205416074823,0.5335543461676154,0.9377298573298114,0.8214017493384225,0.6350419521331787,1.36546501783388,0.7835127533014331,0.9542731419205666,0.8232817990439278,1.5238373383347477,1.089022888668946,1.4696172624826431,1.381061137254749,1.3732611129858665,0.551469238208873,1.7496943639458291,0.8920375914978129,1.6695902720093727,1.126324787735939,1.0723494866064616,0.9610701466777495,0.7186380954725402,0.8565090075135231,1.9463578462600708,1.491737159235137,1.037209391593933,0.4779315026077841,1.3600829078682832,0.9995385499538055,0.9521538700376239,1.0631507943783487,1.1388386743409293,0.9048432186245918,1.0806460260812725
ERR1370287,1,-0.03276787658355066,-0.041604359434651475,-0.11559728639466423,-0.09894088815365519,-0.08140309993177652,-0.11091572205935206,-0.10786633885332517,-0.09221517933266503,-0.0731991516825344,-0.0647401495703629,-0.10215299470084054,-0.09970258069889885,-0.08364951264645372,-0.11941293041620936,-0.10528911796531507,-0.1156158187825765,-0.028504708682053854,-0.13378512486815453,-0.0828666588557618,-0.059730841645172665,0.03210795990058354,-0.11003071601901736,-0.0329772313790662,-0.0826666099684579,0.18089755651141917,0.07090393560273307,-0.06501776108052582,0.0021188982230212006,-0.11955514816301209,0.3475594658936773,0.2901734784245491,0.5895439460873604,1.0650461382631744,0.9897391039079854,0.5691664293408394,1.4505187613623483,0.8704541282994407,1.2025873639753886,1.0158428076122488,1.557914248002427,1.168587522847312,1.5061954802700452,1.4404704427080495,1.6436092645994254,0.58919110255582,1.948355323269165,0.9698835909366608,1.8420321813651495,1.3752126906599318,1.1832021517413003,1.0745200301919664,0.743686029953616,0.9141039502407823,2.0517180306570872,1.6720776855945587,1.0631632320582867,0.6509382138693971,1.4396738590938705,1.3197779368077005,1.1064938008785248,1.21794704853424,1.2680679228422898,1.1768552538539683,1.3219402953982353
ERR1370288,1,-0.09078020270681009,-0.05110284113990409,-0.13417306329522813,-0.10664614183562142,-0.0950219314545393,-0.11021023416625601,-0.11569234223238059,-0.1384518944791385,-0.07233344427576023,-0.07187090414975371,-0.08970301225781441,-0.09560182477746691,-0.06332314480096102,-0.12920784870428698,-0.10307744604402355,-0.08842873859352299,-0.012093475720446025,-0.11631717346608639,-0.09426778754485506,0.007682751332010541,-0.031730575753109794,-0.06111445863332067,-0.08848719458494868,-0.10493657791188785,0.08713868579694203,0.14743205958179065,-0.08944410488142499,-0.0220506630305733,-0.13427474456174032,0.205143220190491,0.2999425290950707,0.4622216671705246,1.0020595219518458,0.8887439024235521,0.39179072422640665,1.5715796670743398,0.7253944372226085,1.1404173225164413,0.9412182143756321,1.6310708711722068,1.0893459575516837,1.3610391858965158,1.5611832865646906,1.8156630822590418,0.6367958150804043,1.9040930707539832,1.0460141109568732,2.028131361518587,1.469032570719719,0.9269712452909776,1.4290596417018346,0.8661690045680318,1.0359559814844812,1.9689536094665527,1.5905296610934394,1.1147039761500699,0.8800589942506382,1.7170059201972825,1.6107099684221404,1.1653320299727576,1.5340384436505181,1.5243058811341013,1.526438469067216,1.4947930185922556
ERR1370289,1,-0.057152927054890564,-0.05946953541466168,-0.13208419723170145,-0.12385699046509606,-0.08821408517126526,-0.11616432547037091,-0.11167671039168324,-0.10201943559306008,-0.05130804190412164,-0.07626770024320909,-0.09730838571808167,-0.11126416282994407,-0.0853832486484732,-0.12725663876959256,-0.06299280524919075,-0.10830511485359498,-0.04700768552720547,-0.1309078655072621,-0.11343020556627639,0.029995892995170186,-0.014872513179268156,-0.11287515770111765,-0.02065579273871013,-0.017514508217573166,0.09179654344916344,0.09045453103525299,-0.03216531456980322,-0.041192752575235705,-0.12684542792184011,0.20323516428470612,0.3651816296790327,0.447036403630461,0.9672785050102642,0.8052424916199276,0.6042971121413367,1.405449505363192,0.7375296013695853,0.977294745056757,0.7885464195694242,1.5177208121333803,0.9818268711013454,1.4887264307056154,1.2809687967279129,1.432650794408151,0.5691534323351723,1.7034270085860044,0.8701193981937,1.6092785841652326,1.0769743195601873,1.0978096883211816,0.9586198233799743,0.7392337764114407,0.8296462967991829,1.829619858946119,1.3924743703433446,0.9259167558380536,0.4346715092459427,1.2532529405185155,0.9955456544245992,1.01220469389643,0.9501971506646701,1.119069088782583,0.8837942981294223,0.9247463127332074
ERR1370290,1,-0.09461198268192154,-0.12064503346170698,-0.10684590360948018,-0.1315572570477213,-0.06755008974245616,-0.055284587400300164,-0.10692097273256097,0.010378626840455192,-0.002224693074822426,-0.10790562257170677,-0.10778386465140752,-0.1271833564553942,-0.03541856312326023,-0.051138087308832576,-0.04039753973484039,-0.0644589758345059,-0.03900661000183651,-0.09649080889565605,-0.014989968921457018,0.14663123339414597,-0.014044253953865595,-0.10006061036671911,0.32035136063184055,0.02698217492018427,0.009963586926460266,0.03868665226868221,0.13928300062460558,-0.029945172519156977,0.01744054284478937,0.2216134582247053,0.25940667249129284,0.0659563709050417,0.28745488609586445,0.33417690971067976,0.30342741031199694,0.5471959209867886,0.430478726912822,0.21263976288693293,0.19426008420331137,0.49514499785644667,0.39969493368906633,0.38344053125807215,0.18864841333457402,0.2718856803008488,0.06822881421872548,0.44367008180623607,0.12692411137478693,0.2383918635148023,0.15322391263076238,0.3392200445024563,0.05253905430436134,-0.10293250956705638,0.20567192110632146,0.5514515899121761,0.1552535463789744,0.25712921151093077,-0.02362615242600441,0.029435721891266958,0.07092726124184472,0.0414520725607872,-0.05960623527477894,-0.04596983854259763,-0.03794073898877416,-0.13277903092758997
ERR1370291,0,-0.06010586568819625,-0.043947710522583554,-0.12664814186947687,-0.10513632478458541,-0.08057778541530881,-0.09920190500893764,-0.10855820615376745,-0.10839444824627467,-0.07012106524780393,-0.06703138750578676,-0.08799705787428788,-0.10126174241304398,-0.0768483073583671,-0.10368110053241253,-0.09155449427531234,-0.10549556377476879,-0.03256815693540765,-0.11905517322676522,-0.08337806988440986,-0.058427811201129644,0.005063643412930625,-0.07322076348853963,-0.07777818984219007,-0.06901699677109718,0.12839791364967823,0.015266891568899155,-0.05945812127486404,-0.008248390964581631,-0.10356882959604263,0.25507777503558565,0.378148712616946,0.5989163273147174,1.089912626360144,0.9282565782112735,0.6000293067523411,1.519319623708725,0.8767665028572083,1.1962384235646044,1.0111257689339774,1.7393846392099346,1.202208753143038,1.606817560536521,1.6529504018170493,1.7709100108061517,0.6151387425405639,1.9854480598587543,0.9897138944693974,1.976501281772341,1.3328775146177836,1.1568647905119829,1.140159017273358,1.0065074829118592,0.9740625800830978,2.0168112175805226,1.6060352133853095,1.1289208611207349,0.7767022837485585,1.5872246133429664,1.2761105171271734,1.2802802664893014,1.2613778827445847,1.182984083890915,1.1673683356493711,1.2886287942528725
ERR1370292,0,-0.06858672733817782,-0.04802167249311294,-0.1504524222442082,-0.10651455260813236,-0.0954650888618614,-0.1130702059183802,-0.11790473938786558,-0.12360375693866185,-0.07465857165932123,-0.057396814094058106,-0.09810814421091761,-0.10525527037680149,-0.08081294343407665,-0.1266458671806114,-0.11282215294029031,-0.11019654744969946,-0.03298824806032436,-0.11569678357669286,-0.059520653349214366,-0.02535320638812014,-0.03218056580850056,-0.09312112749155078,-0.0682326081608023,-0.10030706386481013,0.10748296603560448,0.13061835829700744,-0.09545569825318775,-0.02437833304117833,-0.131164228277547,0.20940826833248138,0.34482419597251074,0.5333054342440197,1.0599818224103987,0.8381542417087725,0.5155826466424125,1.5299524984189443,0.8648788042233458,1.169820636510849,0.957369184919766,1.743529396663819,1.0944204266582216,1.4788364895752497,1.4920054514493262,1.8639015491519655,0.5730693425451007,2.106786574902279,1.0752698161772318,1.955653743286218,1.3690118459718568,1.1538636343819755,1.2038305178284645,0.8494050087673324,0.9711047347102847,2.0537426131112233,1.6437010573489326,1.0653424837759562,0.8052068109224949,1.7354755752852984,1.6428780864392007,1.2280142243419374,1.4573734551668167,1.4969230839716536,1.467727645965559,1.505279045019831
ERR1370293,1,-0.022999799544257776,-0.042779373337647746,-0.13797611530338014,-0.10870954713651113,-0.09475827479868063,-0.09138152678497136,-0.10479225680631186,-0.1310723296233586,-0.08153181014183376,-0.05826301101062979,-0.10323328897356987,-0.10297536770147937,-0.08828453619831375,-0.10527222091332078,-0.1178340911200004,-0.0995228879952005,-0.07374273100867867,-0.12949928840888397,-0.07914976527847882,-0.07041909464585062,-0.030743100813456943,-0.10452342685312033,-0.060447877539055686,-0.10595225609306778,0.11298196337052754,0.1660300615642752,-0.09287666536069342,0.012173900846391916,-0.11743250702108655,0.25992922484874725,0.19741778235350335,0.6055729783007077,1.0888706275394984,1.0255250590188163,0.4952204738344465,1.664605819753238,0.7188741490244865,1.4901959874800272,1.0619791873863764,1.5064204715724503,1.2213056683540344,1.4369138473910945,1.6934773357851165,2.102486103773117,0.692743571209056,2.1309293348874365,1.281531901764018,2.3008981219359805,1.6911523874316896,1.2511588037014008,1.5015112715108054,0.9436998228941645,1.0474561410290855,2.158655822277069,1.609801895916462,1.1932474380092961,0.9261280000209808,1.9522166667240006,1.7440363892487116,1.290676006249019,1.7699467241764069,1.698976042015212,1.7383485649313246,1.8062386427606856
ERR1370294,1,-0.09342585543968848,-0.1284745197210993,-0.10503526031970978,-0.13282361786280358,-0.05342401510902813,-0.05524083918758801,-0.07237858245415348,0.04020947537251881,0.016741287229316577,-0.07709796886358943,-0.10176388067858559,-0.0997507774404117,-0.023352899721690586,-0.024561339723212377,-0.03114196505131466,-0.12258864061108657,-0.004285903913634164,-0.06613615181829248,0.03372920410973685,0.09831062065703529,-0.003595147281885147,-0.13551687635481358,0.3225009124393442,0.07196673431566783,0.06363385237221207,0.016510146536997387,0.1366660754595484,-0.02502625063061714,-0.0015566200017929077,0.2244033914591585,0.09335880673357419,0.05193677225283214,0.2082181019442422,0.2129567712545395,0.41115481446364094,0.38156005420855116,0.35095372835972477,0.24049637466669083,0.21036283246108464,0.34046401855136665,0.3614655738430364,0.38043070690972464,0.1898008936217853,0.1075158960052899,0.0036633520254067014,0.4641210312755512,0.18942782069955552,0.29158513460840496,0.10219378982271467,0.31523212258304867,0.0965073151247842,-0.09750520318214383,0.09143945149012975,0.4962333355631147,0.16975132375955582,0.13788550453526632,-0.07852508500218391,0.060868143503155024,0.03185852271105562,0.051027597061225345,-0.013021805456706457,0.009177615599972861,-0.05406809066023145,-0.13459453412464686
ERR1370295,1,-0.02030591826353754,-0.05409412631498916,-0.11886340060404368,-0.1056114871587072,-0.08177535102835723,-0.11660024949482509,-0.11354342502142702,-0.09650209439652306,-0.05389548485566463,-0.06244152944002833,-0.09405179747513362,-0.10256431783948626,-0.08258996158838272,-0.123699851334095,-0.09795402702210206,-0.10663042244102273,-0.055098578899300525,-0.1223466337791511,-0.10237922356463969,-0.017799349235636846,-0.021196142371211733,-0.10718444255845887,-0.03709074429103306,-0.04466616894517626,0.18539703018697246,0.1605311395334346,-0.06195581291935274,-0.019246639484273537,-0.1142258590885571,0.27849405791078297,0.33269477635622025,0.5604571912969861,1.0489257486271006,0.9262331968971661,0.6456484400800296,1.579151255743844,0.8196896093764475,1.1647974295275552,1.0359627923795156,1.651267145095127,1.1124799975327082,1.6357860203300203,1.398343845137528,1.7027143027101244,0.6440296205026763,1.92878582132315,0.9483224941151482,1.8877211170537131,1.3294946870633535,1.2416401542723179,1.114109132438898,0.8392819027815547,0.8456563811217036,2.0581745760781422,1.5909900601421083,0.9714346538696971,0.5748154208330172,1.4631605350545474,1.3677498921751976,1.2198240906000137,1.2128830972526754,1.38320115847247,1.2017190086522274,1.3772193351095277
ERR1370296,0,0.007911467126437597,-0.04510504260127034,-0.12098953660045351,-0.11084523371287755,-0.08769536068263863,-0.09665436736707177,-0.11238116198884589,-0.11002782519374575,-0.07828149033178176,-0.0665372796356678,-0.10776933229395322,-0.09917217413229602,-0.07459064087431345,-0.10649550792628101,-0.10741739819890686,-0.10647267642031823,-0.04634149502297597,-0.1024223336218191,-0.08279738391450207,-0.07331132276781968,0.013723379799297877,-0.10562304859714848,-0.05581276823899576,-0.08720213600567409,0.25273119072828976,0.20502657017537526,-0.09137167919626725,0.0072825409671557805,-0.11384919338992663,0.2946120732064758,0.17624339195234434,0.5798263262425151,1.062515988945961,1.03690699541143,0.5469960373427186,1.6781435736588068,0.7278872542083263,1.4484187875475203,0.9372038809316499,1.604169220530561,1.0769479306680816,1.6146095054490226,1.5360496783895152,1.9297276309558324,0.7084526547363826,1.9918475457068001,1.218789632831301,2.2254407150404796,1.5969450259581208,1.322651554431234,1.3800544823919023,0.9624493303043502,0.9119009576471788,2.132599336760385,1.6820172646215983,1.039473001978227,0.7912302698407855,1.8367592309202467,1.7345473638602666,1.4167444556951523,1.572923902954374,1.6934723162225314,1.5050414577126503,1.9678391771657127
ERR1370297,1,0.04408349695482424,-0.0544696535382952,-0.1106867864727974,-0.10464033165148326,-0.07205659576824733,-0.10438326014471906,-0.12040147531245436,-0.0892774308366435,-0.060474332821156294,-0.05041978109095778,-0.09447783125298363,-0.09034939003842217,-0.08521293582660812,-0.12128454446792603,-0.09333654340090496,-0.10664118068026644,-0.0395490507528718,-0.1266922689974308,-0.08743248164786824,-0.04742908344737121,0.02697575677718435,-0.09642830624112061,-0.07332244382372924,-0.0688114921961512,0.25816021939473494,0.13746229133435658,-0.061459120362997055,-0.010005113568955235,-0.11766563994543892,0.2381799646786281,0.24310281606657164,0.5804638564586639,1.0849533464227403,1.0101329194647926,0.6188369159187589,1.7235300030027116,0.8532524215323585,1.3586815537086554,1.0898460208305292,1.6418042158974069,1.2256937266460486,1.5934508719614573,1.3574779438120979,1.8348961834396635,0.7073991586055074,1.8689310161862522,0.9292899008308139,2.017288892396859,1.4181107048477446,1.3479891887732915,1.2620610850197929,0.904132889849799,0.8948669991056833,2.1032004058361053,1.6658255692039217,0.9376357666083744,0.6939831163202014,1.463330829249961,1.5539549418858118,1.4704423929963792,1.2537108563951083,1.4690880392278944,1.2132171549435173,1.6199403767074858
ERR1370298,1,-0.00833225010761193,-0.04741027315945497,-0.13174496165343694,-0.10508545222026962,-0.08986640561904226,-0.07650131130191896,-0.10816139920747705,-0.12099590684686388,-0.08716025925241411,-0.058957283784236224,-0.11119554351483073,-0.09597330966166087,-0.07681970870388406,-0.11715023725160531,-0.10464307386428118,-0.09992747068671244,-0.03364491908411894,-0.08342575122203146,-0.05893014585931918,-0.06360641813703946,-0.013675606676510401,-0.0638464910111257,-0.08743903699464031,-0.11296781019440719,0.21973263153008052,0.17765549836414202,-0.0831187542394868,0.028819710777107894,-0.11699799288596426,0.24455034546554089,0.22203752079180308,0.6044154896267823,1.132839715906552,1.0323739839451653,0.5470189462815013,1.671762717621667,0.7901846303471497,1.4587535453694207,1.0627709499427251,1.763074948585459,1.180769443511963,1.631189760352884,1.715593141370586,2.0584840582949773,0.6791233122348785,2.0918756728725776,1.236339882016182,2.3870316488402232,1.6298380089657647,1.3046021142176218,1.5126525546823228,1.1019208505749702,1.0250469302492482,2.1732533488954817,1.785410029547555,1.1410905080182212,0.9822389568601336,1.90320963625397,1.8258358035236597,1.5441469752362795,1.7728946283459663,1.6224626446408885,1.6724407082157475,2.0372592636517117
ERR1370299,0,-0.027640633018953458,-0.09583680225270134,-0.09010364687336343,-0.10732247347810439,-0.06409196515700646,-0.11951486127717155,-0.1001656686754099,-0.08523144998720714,-0.042214306869677136,-0.06641887075134686,-0.08025498794657844,-0.12106559798121452,-0.11994164756366185,-0.13757012731262616,-0.04772954819990056,-0.11694448334830147,-0.030996203422546387,-0.1452462077140808,-0.12029383810503143,0.029995712850775038,-0.004842664514269147,-0.13250191935471126,-0.014665000140666962,-0.0162769401712077,0.10605641880205699,0.19097975322178432,0.0030673502811363767,-0.06918352203709739,-0.11298030614852905,0.19420908178601945,0.12640705278941564,0.18696907056229456,0.6759346897181656,0.6830608283302614,0.3748731312973957,1.1333505426134383,0.5101420868720327,0.8641191327146122,0.5379565762622016,0.9173221034663064,0.8447398202759879,0.802216859800475,0.5411067285708019,0.9794187151959964,0.33808391221932005,1.0843700948503934,0.41218227999550955,0.6918976732662746,0.6086209703769002,0.8298843795699733,0.6811297892459801,0.3571167117250817,0.4285086521080562,0.9436155568276133,0.6481389382055828,0.4942034270082201,0.15680975999150956,0.4542889584388052,0.4175324543612078,0.6372179625323042,0.1963247380086354,0.4611159275685038,0.35429189407399725,0.10529229683535439
ERR1370300,1,-0.03516268889818873,-0.04885668660114918,-0.12814360644136155,-0.11012068923030581,-0.08208526458059039,-0.10255970985495619,-0.10908437200954982,-0.10755049011537007,-0.06140716626707997,-0.06391548697969743,-0.09971144369670323,-0.10314293897577695,-0.08222495604838644,-0.11239002511969634,-0.07929086715116032,-0.10224634881264397,-0.03197547821660659,-0.11596960587693113,-0.08675869622467351,-0.030163498861449107,-0.027444728783198764,-0.08551302206303392,-0.08001295796462468,-0.06648604332336358,0.16200054273940623,0.0658319081578936,-0.059512751027276475,0.005325553606131247,-0.08983228302427701,0.300471732126815,0.39965467367853436,0.603950292670301,1.1735868395439215,0.8848776535264083,0.6301085001655987,1.5579728611877985,0.9662967334900584,1.182232861141009,1.1236734517983027,1.8018304921154464,1.2087974739926202,1.6628841225590025,1.70288262622697,1.8949916793831758,0.6279330530336925,2.0341437717101405,1.0457919431584222,2.0540728249720166,1.4131618014403753,1.3017751170056207,1.1826302920069014,1.0988596087055547,1.028924492320844,2.173382520675659,1.6682685145309992,1.2076925220234054,0.7894266545772552,1.674399336533887,1.4047533050179482,1.3310951824699129,1.3979739835485816,1.3083887291806084,1.2919528715844666,1.5084568682525838
ERR1370301,1,-0.07511686560298715,-0.08710938159908567,-0.1044982863324029,-0.10495304422719139,-0.08741691016725131,-0.12311186747891563,-0.10858208526458059,-0.060142247272389274,-0.043311563187411854,-0.08253495820931026,-0.09158192681414741,-0.12307008675166539,-0.11396182541336332,-0.12095274882657188,-0.062130099694643705,-0.11600445210933685,-0.044743716051535945,-0.13721181665148055,-0.13135907453085696,0.040625674916165214,-0.013984771844531809,-0.11713787061827523,0.017462013023240224,-0.027137125177042826,0.1334946315203394,0.06618835457733699,0.0018773782732231276,-0.07028130668082408,-0.12794259509869985,0.23195225426128932,0.3412000889490758,0.38633219578436445,0.7916085249079126,0.7843770533800125,0.6065921171435288,1.2289067591939653,0.6831111226763044,0.776404219014304,0.6888049282133579,1.3352362433714526,0.8827280230554087,1.298828369804791,0.9806956733976092,1.0196994871699385,0.4154379285339798,1.4522836627106048,0.6211639827649508,1.220978841717754,0.8922270444620933,0.8709294359598841,0.7743754674281392,0.36530060853276936,0.6052060606889427,1.5414514978017126,1.249029048851558,0.7459986156650952,0.2818388816501413,0.9922526830009052,0.7233456469007901,0.7272318000239986,0.6468636425478118,0.8862261112247195,0.6018900179437229,0.600026685744524
ERR1370302,1,0.02568956677402769,-0.05328469064884952,-0.1241784074476787,-0.10786201964531626,-0.07835415045597724,-0.09479578697521772,-0.11640811392239162,-0.09118939803114959,-0.07167893475187677,-0.06754572317004204,-0.10209315163748604,-0.09117815191192287,-0.0808809428209705,-0.10750857341502394,-0.10181315469422511,-0.0986328210814723,-0.037069226282515695,-0.0760038040046181,-0.06579448848164507,-0.051701488106378486,-0.03364790230989456,-0.09378805503781353,-0.07610472664237022,-0.10061811975070409,0.27801802701183725,0.20655217979635512,-0.07171373267192394,-0.004576333266283784,-0.12138659294162478,0.18831844361765043,0.235825117411358,0.6384018501932067,1.1940838173031807,1.0713238285056181,0.6675671030368123,1.8555177705628532,0.7740139556782586,1.4251044946057456,1.008056336980579,1.723865093929427,1.0070620674107755,1.7814659305981226,1.5446516168969018,1.926259879555021,0.7001822622759002,1.9895248073818428,1.1398461610078812,2.1528545937367847,1.5557704126196248,1.4054039333547865,1.3989356032439642,1.0812219296182906,0.9003678656050137,2.152812114783696,1.682030941758837,1.0395137763449125,0.8309059941342899,1.8117843131933893,1.7743485953126634,1.5431717251028334,1.518618588468858,1.6307715252041817,1.4974718455757414,1.9970092688288008
ERR1370303,0,-0.09072261463318552,-0.0973672555493457,-0.003074335200445993,-0.13943243346043996,0.03368135661418949,-0.06696351085390363,-0.05959460771243487,0.0033480237637247357,0.011653934738465719,-0.010458172032875674,-0.1264516689947673,-0.10217034497431346,-0.028160345075385913,-0.03329589164682797,-0.04456615720742515,0.02239809318312577,-0.021309281034129008,-0.067555146291852,-0.06715827115944453,0.023432258516550064,0.014894007572105952,-0.1579910410302026,0.2716266762997423,0.06573939536299024,0.05666151536362512,0.04432990348764828,0.11242091562598944,-0.01613865320437721,0.024445156965936934,0.23513631309781755,0.26481228321790695,0.30838488042354584,0.5316097268036434,0.6475423978907722,0.49979097050215515,0.8348909275872367,0.4396103753575257,0.528284378349781,0.396161824464798,0.7519075548209783,0.6524848037266305,0.7619342303701809,0.5123276263475418,0.5513549114777041,0.264757585312639,0.9457092213976596,0.3791815202151026,0.7372651483331408,0.5565128596000639,0.707715072802135,0.3791347990876862,0.12772568421704428,0.5155061930418015,1.117505403501647,0.6195256179198623,0.4627338541405542,0.28889684631888357,0.4601000366466386,0.3721391590578215,0.25424848603350775,0.26842245885304045,0.46100221148559023,0.10394663576568876,0.1570457092353276
ERR1370304,1,-0.057015985649611266,-0.04925134904416544,-0.13714726907866343,-0.09479297484670367,-0.09194742475769349,-0.09391266826008048,-0.11405819548027855,-0.12040850520133972,-0.07391846971586347,-0.06841187711272921,-0.09150193897741181,-0.10532673395105771,-0.08305099726255451,-0.12048852763005666,-0.10718364102233734,-0.09395101460229073,-0.035990727466664145,-0.11389665571706635,-0.07265397560383592,-0.048643077590635846,-0.009347540991646903,-0.07548166798161608,-0.109059211398874,-0.08997440843709878,0.12212531188769,0.15314686404807226,-0.09614333862970982,-0.023921739642641375,-0.12746746305908477,0.21358640225870268,0.30329786028180805,0.5690315913941179,1.0768210041735853,0.9762960470148495,0.45710812309490784,1.5885008872885789,0.8048820655260768,1.3084336327654975,1.0802556787218367,1.710832750823881,1.1082815527915955,1.5994372282709395,1.7148788864059108,1.8616181313991547,0.5551106243261269,2.0314744881221225,1.059495176587786,2.114965421812875,1.6202818325587682,1.057366189413837,1.4520878600222724,0.9938625246286392,1.0002248138189316,2.0741572039467946,1.6865085703986031,1.1178021180842603,0.8982809462717601,1.8582572447402137,1.672983095049858,1.4038914633648736,1.616527306182044,1.5586460019860948,1.5598719716072083,1.7346370135034834
ERR1370305,1,0.028245631023310125,-0.04553930923741843,-0.05153610663754599,-0.0858473288161414,0.005878921248950064,-0.07715895462648145,-0.0999487550496789,-0.10625164343842439,-0.09960337733666945,-0.0584492690728179,-0.09248984738120011,-0.09631737414747477,-0.09210312715731561,-0.10746408513348017,-0.11532268969209067,-0.06634690259982433,-0.07951018170570023,-0.1026511546889586,-0.03481925137540592,-0.09618282451161317,0.08309937428150858,-0.09904792106577329,-0.007901669080768312,-0.07045000419020653,0.1897868418267795,0.07944218628108501,-0.08877491347707941,-0.0007865444224859987,-0.07187734118529729,0.26757211291364263,0.13731283960597856,0.652043757428016,1.0038367648209845,1.010188733360597,0.5028772883649383,1.547538093158177,0.7464505253093583,1.6013622102992875,1.078203682388578,1.453736944656287,1.1777810752391815,1.4660698090280806,1.4237031638622284,1.701206178803529,0.6267147505921977,1.8990818341927869,1.025977915951184,2.1850745933396474,1.4701860270329885,1.2700967944360204,1.3062260448932648,0.8617398291826248,0.9031549340912274,2.0267408660479953,1.5305543839931488,0.8160710499754974,0.7861216770751136,1.5484304981572288,1.6475678043706077,1.3494072960955756,1.378941759467125,1.5563082184110368,1.295231259827103,1.631389055933271
ERR1370306,0,-0.07116090945367302,-0.06662025302648544,-0.1177403527711119,-0.11765917177711215,-0.07839744059102875,-0.11792653985321522,-0.11068674283368247,-0.08906072018934148,-0.050746613182127476,-0.06825589042689119,-0.08119685043181692,-0.11549131625464984,-0.08810719049402646,-0.1312237818326269,-0.08039550363485302,-0.09763018440987382,-0.03870299791118929,-0.13418302844677651,-0.11583076976239681,0.04886216510619436,-0.030493160443646566,-0.1034532468765974,-0.03362583156142916,-0.05683408517922674,0.1260622457734176,0.07663976959884167,-0.0420278549260859,-0.05194927266399775,-0.12508467584848404,0.2255163107599531,0.38642692965056213,0.45402253419160843,0.9458999538993729,0.8128373873020921,0.5831365904637745,1.4220184811523982,0.7397602828485625,0.9206475753869329,0.7889668545020478,1.563632582347574,1.0094951093529485,1.4488262768302644,1.2843498712671655,1.4505357263343674,0.5495435273540872,1.6804856932722032,0.8461651738200869,1.6115522469793047,1.0990161108119147,0.9908785979662623,0.9707643288586821,0.7172997612506151,0.8199137800506183,1.7827491973127638,1.4219276649611337,0.9529129852141652,0.5065760362361159,1.3036051946026939,1.0695929995604925,0.9473684983594077,1.0128764701741082,1.180244477731841,0.9369695995535169,0.9500343895384243
ERR1370307,1,-0.08561589914773192,-0.1050238920641797,-0.09032002902988877,-0.11384087135749203,-0.025933918144021715,-0.11251324734517507,-0.12823823267327888,-0.05842916135277067,-0.04002269641828856,-0.10942000629646438,-0.09587078488298825,-0.1520649641752243,-0.12328166913773332,-0.1264115215412208,-0.03790766506322792,-0.09822420350142888,-0.03826345982296126,-0.14214127085038594,-0.1316008466695036,0.046635636261531284,0.005337210105998176,-0.14541308688265936,0.09525233773248536,-0.018855021468230655,0.09640805516391993,0.07943989602582795,0.056709909366743104,-0.07915614558649915,-0.0772867886615651,0.21526135504245758,0.26211942945207867,0.1976935655942985,0.5803641187293189,0.6416194204773221,0.5370431435959679,0.9840742285762515,0.5918509803180184,0.5349475571087429,0.5009445931230273,0.8906527268035072,0.6376930959522724,0.7955254742077419,0.4857311224831002,0.6764096638986042,0.24598136437790735,0.9418793460021594,0.33475758308278664,0.6951424085668155,0.5577003599277565,0.6381653802735465,0.3892092151301248,0.10644775309732982,0.3857649192214012,0.9312481273497853,0.7117461317351886,0.47411319081272396,0.11502615076356701,0.39579567845378605,0.33115758757672403,0.32595796773343216,0.20322583146792436,0.25789182420287815,0.21223202400973865,0.014449417990233217
ERR1370308,1,-0.09946000176881041,-0.11021120473742485,-0.11555339289563042,-0.1368615531495639,-0.09808882512152195,-0.08381613077861923,-0.11208283555294786,-0.03444951666252954,-0.03497375601104328,-0.08494634607008525,-0.10795271875602859,-0.13806521094271115,-0.10236898862889834,-0.07627690104501587,-0.04139413099203791,-0.1420652171862977,-0.0396379716694355,-0.09764581280095237,-0.1186622115118163,0.11754005774855614,-0.005919014170233693,-0.13381963861840113,0.1631680013878005,-0.0331449881196022,0.0615529508462974,-0.005474839891706195,0.0983491155451962,-0.07005435121910912,-0.10512542937483106,0.21648621133395604,0.35040429340941565,0.27584784171943155,0.5782052044357572,0.631801324231284,0.45094757420676096,0.8870563358068466,0.5113019477576017,0.402956774192197,0.46369927536164013,0.9528495083962168,0.667776493621724,0.7882415439401355,0.5671326475484031,0.6497068751071181,0.3172905647328922,0.972582952185933,0.39782566683632986,0.7899800251637187,0.6438539243702378,0.5614059088485581,0.45327094649629934,0.13489359271313464,0.5688816016273839,1.1083837045090539,0.7790828884712288,0.6034432234508651,0.2796609889982002,0.6090539007314614,0.4018238399709974,0.27364266477525234,0.39240948004382,0.49602356978825163,0.15004183152424438,0.19042077301336185
ERR1370309,1,-0.01359191703210984,-0.04757556369129036,-0.12413245599184718,-0.11294546297618321,-0.06975049971203719,-0.09811637703595417,-0.1064696554094553,-0.13288537306444986,-0.09181676415859588,-0.051629691650824885,-0.12092994738902364,-0.10337790407772575,-0.09053725742601923,-0.10889232531189919,-0.12362556678376027,-0.11233377283705133,-0.08538909136716809,-0.1161799111536571,-0.041436668809702884,-0.07382390727954251,-0.03236073521631105,-0.10796364835862603,-0.045850031077861786,-0.11796242823558194,0.13595784881285258,0.14264739091907228,-0.08396608984496977,0.03563529076719923,-0.12743660381862096,0.35681520083120893,0.2464663822736059,0.6203301203038011,1.090674630765404,0.9866303822823933,0.5473773298518998,1.6548760586551257,0.7279422690293619,1.4370054772921972,1.199294239282608,1.5741696075669356,1.2044230997562408,1.5084004697522946,1.6970606073737144,2.0611979232302735,0.6280178401087012,2.1846707766609534,1.290117924766881,2.2808257383959636,1.6461248371217931,1.3307885346668107,1.4388846893395697,0.9883550549192088,1.0305336607354028,2.207735529967717,1.6898519545793533,1.2233335210808687,0.9313181202326503,1.9555804410151072,1.6641321373837334,1.3716059156826563,1.806721015168088,1.6209565938583441,1.72719178880964,1.8988517097064428
ERR1370310,1,-0.11360243495021548,-0.08189666457474232,-0.0875042068905064,-0.10894169335785721,-0.08778204077056476,-0.14097650349140167,0.006603325584105083,-0.06117300582783563,-0.053912117811185975,-0.12012844612555844,-0.10669470152684621,-0.12099238192396504,-0.12849898423467362,-0.013339921832084656,-0.04597918622727905,-0.11897610500454903,-0.06108120722430093,-0.07165027090481349,-0.16270465297358377,0.12241239845752716,-0.03534395779882159,-0.14957110583782196,0.015285032136099679,-0.023257179984024594,0.10446730947920255,0.12995955481060914,-0.030351854860782623,-0.11133936526519912,-0.08516391792467662,0.2648049010229962,0.1717521356684821,0.21388564258813858,0.592445465603045,0.5474339532000678,0.3560494857707194,0.638742670416832,0.5000430622271129,0.6044964556183133,0.4400962596493108,0.7406271919608116,0.6594333753788045,0.7539987755673272,0.5364768941487584,0.5695153708968844,0.12935829960874148,1.0489437606385243,0.3893748590988772,0.6328608021140099,0.36320942853178295,0.5935003523315702,0.3558838910290173,0.10295020469597407,0.11626661287820232,0.9205867201089859,0.5757438497883933,0.31548035783427103,0.021997169458440373,0.5636108475072044,0.22136274294462055,0.2792686963719981,0.09280863537320069,0.2576527084623064,0.2643343870128904,0.12595376585211074
ERR1370311,1,-0.056152130011469126,-0.05362621069486652,-0.12050244957208633,-0.10915949834244591,-0.08511569457394737,-0.11800546651440007,-0.10891519899346999,-0.09600335572447095,-0.07032807410827704,-0.07952503966433662,-0.09135125577449799,-0.10945175534912518,-0.094537377490529,-0.11919686783637319,-0.09427420681874667,-0.11643662995525769,-0.045456535049847195,-0.12140945983784539,-0.11422908978004541,-0.022680004526461874,-0.00673704275063106,-0.11630477144249848,-0.006499385195119041,-0.06785788493497032,0.15346439967730216,0.07421688575829778,-0.05491210084541568,-0.04015037733396249,-0.11859478482178279,0.26034967601299286,0.3054471133010728,0.4577094539999962,0.981602103050266,0.8512339512152332,0.5815658332181296,1.3845536070210593,0.7634709647723606,0.9836301910025733,0.865869313744562,1.4038182026041406,1.085095716374261,1.3550421787159783,1.1548587115747588,1.3759143389761448,0.6054107238139425,1.701775963817324,0.8191443937165397,1.5625702057565962,1.0963618606328964,1.0454493079866682,0.9503720966832978,0.5460122664059911,0.791340961520161,1.8060404189995356,1.4462363315480096,0.9000692048243114,0.5419650971889496,1.1878049331051963,1.1109072299940246,0.9784344360232353,0.948316213275705,1.1054696653570448,0.9036472954986883,0.9290750995278358
ERR1370312,1,-0.03522972436621785,-0.0430207723485572,-0.12441791381154742,-0.10706873557397298,-0.08962333421888095,-0.09964196969355855,-0.11621421821681517,-0.12523858355624334,-0.0840011814808739,-0.07126601253237043,-0.1053406111896038,-0.10603747197559901,-0.0882335596584848,-0.12244215554424695,-0.11480204734419074,-0.10814571846276522,-0.05756485310848802,-0.11154880108577865,-0.08884429643928472,-0.05066619361085551,0.006975029196058001,-0.10736266031329121,-0.06323188809411866,-0.09418725914188794,0.1860498950949737,0.10970987698861531,-0.09174761388983045,-0.005590645812584886,-0.11670487374067307,0.2704831856702055,0.2658998954908124,0.5439140972282205,1.0396122368318694,0.9067785650757807,0.5476144073264939,1.5600532246088343,0.8198856455939156,1.289922262941088,1.0691085798399789,1.6444872096180916,1.113247573375702,1.5289139513458525,1.536064856818744,1.8132857137492724,0.653251398886953,2.0265261719801595,1.093315792935235,2.0814302478517805,1.493430380310331,1.201391370168754,1.2761189000947135,0.8512544844831739,0.9550051896699837,2.1189771720341275,1.6947591879538126,1.0508384576865606,0.751963347196579,1.696072624198028,1.5767808577844076,1.3521460145711899,1.5002455690077372,1.5415930753307683,1.3810865612966674,1.6579074944768633
ERR1370313,1,0.01489046003137316,-0.06302361110491413,-0.11565036379865237,-0.10289005615881511,-0.07478102908602782,-0.11509838154805559,-0.12923268281987735,-0.09186141352568354,-0.04923946317285299,-0.06324053236416408,-0.0826743734734399,-0.09089486886348043,-0.08926036368523325,-0.11742040887475014,-0.08919207618704864,-0.09626536124518939,-0.026074073942644254,-0.12851277951683318,-0.1018970182132242,-0.01981940652642931,-0.018964167152132307,-0.0990820936858654,-0.0559970885515213,-0.06867170653172902,0.24928433035633393,0.21538969980818884,-0.06673589142571602,-0.01872284883367164,-0.11627633337463651,0.22283276383365905,0.2888152857444116,0.5082857012748718,1.0558429259274686,0.9780826302511352,0.6639863092984472,1.6451331632477897,0.8087179000888552,1.1771157873528344,0.9331214215074267,1.6111790450023753,1.030394196510315,1.5853750040488583,1.3593883663415909,1.7039417773485184,0.6672692884291921,1.8960971926405494,0.954669614987714,1.8334599009581976,1.364818764584405,1.2613103634544782,1.1910106369427271,0.8490403283919606,0.8222752591328961,2.0359873345920017,1.632546957050051,0.9695986440139157,0.5954987672822816,1.5358333880347865,1.4868424481579237,1.331549631697791,1.206837578543595,1.4493186260972704,1.2000026535242796,1.5337796586432628
ERR1370314,1,-0.08804903046361037,-0.09650953220469612,-0.10414035086120878,-0.1125836864645992,-0.07730366981455258,-0.1041005767349686,-0.10563211941293307,-0.05025280373437064,-0.041420454159379005,-0.0881342374320541,-0.07912138849496841,-0.13494631860937392,-0.12496577469365937,-0.12766627754483903,-0.04611849598586559,-0.12285954451986722,-0.03979482688009739,-0.1309589786188943,-0.13262583847556794,0.06334110349416733,-0.014663976750203542,-0.12327866788421359,0.024991205760410855,-0.04199515176670892,0.09100847797734397,0.061720838504178185,0.02007745978023325,-0.09055218765778202,-0.12307312525808811,0.2116281475339617,0.3252291572945459,0.2599848838789122,0.6781155318021774,0.6820763008935111,0.5052896679512092,1.0879832889352525,0.5500377126570258,0.629463177706514,0.5811929447310311,1.1243242866226606,0.8461621978453228,1.0795324274471827,0.7058057524762782,0.8193317669044647,0.35790269928319113,1.1445818743668497,0.4934509407196726,0.9594147056341171,0.7368732179914202,0.7228702210954258,0.6277805082499981,0.24614081425326212,0.5624993741512299,1.2337249059762274,1.0283296981028147,0.6891787169235093,0.264581029436418,0.7998394657458577,0.47542277723550797,0.5195230703268733,0.4495575396077974,0.6265245079994202,0.3360459900328091,0.22575892827340535
ERR1370315,1,-0.02879182994365692,-0.05654251189636333,-0.10884602048567363,-0.10634025186300278,-0.07712333795747586,-0.11969560857063957,-0.0956499267901693,-0.08737264147826604,-0.0668853746860155,-0.0663614481953638,-0.09545936754771642,-0.10380038352949279,-0.08780828996428422,-0.11343056548918996,-0.08821754856035113,-0.09897413091467959,-0.05318004997181041,-0.12063840297716004,-0.10329648506428514,-0.02324338204094342,0.004460499222789492,-0.10954961021031652,-0.019502852112054825,-0.051584139466285706,0.17276477108576468,0.10177108060036387,-0.023953335093600408,-0.030022313385935768,-0.13131146452256612,0.2544289061001369,0.2878775857388973,0.4755293003150395,0.9885667208582163,0.9529429863073996,0.5870384462177753,1.5115959346294403,0.6846649002815995,1.0998244392020362,0.8250021029795919,1.4465216853256737,1.0786556741555355,1.4520236487899507,1.08973612423454,1.4198700189590454,0.5827926982726369,1.6482247596473567,0.817386656999588,1.5742408611944743,1.1262660750320979,1.087485713984019,1.04775804068361,0.6281111783214978,0.7891604506543705,1.7653979829379491,1.4768992364406586,0.8433622217604092,0.5061477855114,1.1713010711329324,1.0625857524573803,0.9795401266642979,0.9315277295453208,1.1550566405057907,0.8801094155226435,0.9585682536874499
ERR1370316,1,-0.09148285218647548,-0.11876693713877882,-0.11636373826435634,-0.13522990899426596,-0.07330990795578275,-0.07587049156427383,-0.0815066612724747,0.005290252289601735,-0.008452435955405235,-0.08155948296189308,-0.11610972668443408,-0.11827948310279421,-0.06999329796859197,-0.06042248596038137,-0.04473864819322314,-0.0993510080235345,-0.005709336804492133,-0.08267114630767278,-0.055139592715672085,0.07160520500370435,-0.006759588207517352,-0.13528177461453847,0.19946896970005973,0.03475453172411237,0.04969874024391174,0.07087004118199859,0.08928480637925011,-0.04253767856529781,-0.055277948932988305,0.22744713297912053,0.15030677297285625,0.04909421929291317,0.29681805201939176,0.28513382907424656,0.2763433882168361,0.44451771836195675,0.38189084704832305,0.40163194813898634,0.22245125685419356,0.33400843292474747,0.494893209276987,0.45356615632772446,0.2724202818104199,0.22579668621931756,0.060410818617258756,0.5166497513252709,0.17842518644673483,0.257841380579131,0.14869565114245883,0.44882706872054506,0.1361732804881675,-0.05749636622411864,0.14236463074173247,0.6647732981613704,0.19520823338202067,0.1308879812381097,-0.02959237833108221,0.07891216341938291,0.01739568928522723,0.1054574368255479,-0.09215916533555303,-0.004065220377274922,-0.04434624420745032,-0.11771062182794724
ERR1370317,1,-0.07758457812347583,-0.07822977578533548,-0.11719900316425733,-0.11496349849871226,-0.08618425750838858,-0.11157438504908766,-0.10446529303278242,-0.08470763399132661,-0.039855689209486754,-0.09112631662615708,-0.07948571576603822,-0.12792477224554336,-0.09920398305569376,-0.1253251305648259,-0.045022801462826986,-0.1228955579655511,-0.054833375882091265,-0.13166128631149018,-0.13789001636074058,0.02194359472819737,-0.03319205556597028,-0.11523514879601342,0.03445395401545933,-0.006688382476568222,0.07472746393510274,0.030496290751865933,0.011049721972085536,-0.05404499053422894,-0.1093337530536311,0.2425232550927571,0.34967890860778944,0.341326151575361,0.8030554593673774,0.7284147994858878,0.5109888166189194,1.1485890724829264,0.6708719780934709,0.7212244868278503,0.648267292550632,1.3118858725896902,0.8138405111219201,1.2122581047671181,1.1463557673352105,1.1446243285068445,0.33619558598314014,1.4046453906755363,0.6059613987537367,1.2036301983254296,0.8652787911040443,0.7275567509766135,0.6898077742329666,0.5561519073588508,0.6344199180603027,1.315125244004386,0.9308808637516839,0.7380318503294673,0.20572663683976447,0.8451798175062452,0.4401466617626803,0.5549078950924533,0.4880920499563217,0.6268697764192309,0.4756424751664911,0.30435275605746676
ERR1370318,1,0.013615451753139496,-0.053757301930870326,-0.120000459253788,-0.10999112203717232,-0.0861574477915253,-0.11592980713716575,-0.10861045680940151,-0.09765369019338063,-0.06490009098446795,-0.07737626454659871,-0.10468523044671331,-0.10127088188060693,-0.09377851124320712,-0.12410428641097886,-0.09115148029689278,-0.11007883838777031,-0.037742374065731256,-0.1353016815015248,-0.09694098012654909,-0.04177562599735601,-0.012933865189552307,-0.10739845489817006,-0.048449091613292694,-0.0591347190950598,0.21032739377447537,0.17330062894948892,-0.05149586847983301,-0.0023820570204406977,-0.12269221246242523,0.2662169805594853,0.31016856618225574,0.5613791016595704,1.0330282694527082,0.9852138946631125,0.7047340465443475,1.5610038893563407,0.7929613813757896,1.2326316918645586,0.9642356996025357,1.5401843658515386,1.0600619720561164,1.6099112725683622,1.3917562759348325,1.64933955383354,0.6713368935244424,1.9099034605148648,1.0252675754683358,1.8435924659882272,1.3838084382670266,1.338956043124199,1.1477175456072604,0.8065159863659314,0.8539645432361535,2.04625871351787,1.6309941070420402,0.9641234358506543,0.5739675012550184,1.4341994598507881,1.352273200239454,1.226900220715574,1.2124066587005342,1.3880343522344316,1.1231973767280579,1.4718342836547111
ERR1370319,1,-0.04786063650889056,-0.06528455923710551,-0.11026375048926898,-0.10540735615151269,-0.07336500340274402,-0.12260214931198529,-0.1208824845296996,-0.08485953243715423,-0.03410522759492908,-0.05730138958564827,-0.06988803829465594,-0.10546200137053217,-0.09424745717218944,-0.11684875722442355,-0.07506694006068367,-0.08813061831252915,-0.03807942436209747,-0.13059719439063752,-0.11005560355260968,0.036622216658932824,-0.031262115708419254,-0.10616908861058098,-0.004334537578480584,-0.04701158244694982,0.1790257604526622,0.10381460342822331,-0.05459065409377217,-0.056141206928129704,-0.11652329031910215,0.22028814362628119,0.30991043908787624,0.5190537210021701,0.9429876695254019,0.8266269428921598,0.5589581940855298,1.425271110875266,0.7108074107340404,1.0369332198585783,0.825471046779837,1.553271279470729,1.0184988943593842,1.4809522415910448,1.1485466563275881,1.4263790340295859,0.594130604927029,1.6812897715052324,0.7622253894805908,1.6034787552697318,1.0668477235095841,1.0409035463152188,1.0065023342945747,0.6587839004184518,0.7586596075977597,1.7944545213665282,1.4032777292387826,0.8379753849336079,0.49824973980763126,1.3053336845976966,1.1484757789543696,1.1204804011753626,0.8798624543207032,1.214844944221633,0.8737189956009388,1.047978708786624
ERR1370320,1,-0.0650210159697703,-0.05268384649285248,-0.11599410963909966,-0.1114119818168027,-0.08560788125864097,-0.12714653621826852,-0.10997307726315089,-0.089535441249609,-0.06751827642853771,-0.08696481612111841,-0.09457538915531975,-0.10793553345969745,-0.09376672548907143,-0.13616597333124705,-0.09747579307960612,-0.12451807622398649,-0.07672220115949001,-0.1484431049653462,-0.12625907867082528,-0.03883772449834006,0.03807774505444935,-0.1201553802405085,-0.016962880534785136,-0.03681439389142075,0.11559786753995079,0.03737721060003553,-0.039378493558615446,-0.058241337803857665,-0.1300006333206381,0.24772977828979492,0.26188550357307705,0.4192445586834635,0.9289719967637211,0.8877417699966047,0.4147324918636254,1.244115948677063,0.6079764908977917,0.9939593779189246,0.8381379661815507,1.224468378616231,0.832482170845781,1.2409433616059167,1.0776973474504692,1.1545803530939989,0.3813603850347655,1.482367753849498,0.5592939566288676,1.3305479053940092,0.990659087896347,0.8836872524448803,0.8661856997225966,0.4337109178304672,0.6342245462749686,1.5326381027698517,1.136250872697149,0.6397840616160205,0.3387877989028181,0.9314004087022373,0.7922010357890811,0.7256692690508706,0.5938472912779876,0.8598697483539581,0.6223157670881067,0.7169613771672759
ERR1370321,1,-0.0895945131778717,-0.08694001287221909,-0.11053195063556943,-0.12348020875028201,-0.0851345035646643,-0.12289158201643399,-0.11333172502262252,-0.08141664522034782,-0.041310915789966075,-0.09364578101251807,-0.09242457044976098,-0.1294322269303458,-0.11768846054162298,-0.12182266211935452,-0.05316033121198416,-0.11647302763802665,-0.047621860168874264,-0.13675198810441153,-0.13467815638120686,0.05301041528582573,-0.027777747916323797,-0.12991617353899138,0.046439850968973975,-0.03763404595000403,0.11132595422012466,0.028004450457436696,0.009634837175586395,-0.07198173905323658,-0.12304048240184784,0.2587645266737257,0.3465601312262671,0.41755830044192926,0.8168073307190623,0.8142299343432698,0.6866999076945441,1.2897327308143889,0.6218855647104127,0.7579925837261337,0.6475909554532596,1.4031751326152258,0.7895294566239629,1.3357844267572676,1.0255806893110275,1.002090540781085,0.4885343297251633,1.3604875129115368,0.6775671062724931,1.215759554611785,0.9731341557843345,0.82480274779456,0.7982185323323522,0.49928615242242813,0.604689855660711,1.488547959764089,1.1784785421831268,0.8203109928539821,0.36739050477210966,1.0891477295330592,0.6499899214665804,0.6614369249769619,0.6753117676292147,0.9039564856461116,0.5417829368795667,0.6440671043736594
ERR1370322,1,-0.007065306284597942,-0.055222790355661085,-0.12243127556783813,-0.10914331035954612,-0.098554060661367,-0.09265664206551653,-0.10843165764319045,-0.12295317969151906,-0.08939814308126058,-0.08598038713846888,-0.11560908332467079,-0.10339288653007575,-0.08981971961579152,-0.11454242255006518,-0.12501382255660637,-0.11501291946374945,-0.07521788509828704,-0.11336031715784754,-0.06835370139950621,-0.09501447235899312,0.005959392658301762,-0.09342170054359096,-0.04431377723813057,-0.09693351813725062,0.12279019345130239,0.10396836857710566,-0.0846727596196745,0.009212225342967681,-0.11270794378859657,0.24391243167753732,0.23994766069310053,0.6598307755942058,1.119895071855613,1.0292288320405143,0.5606319989476886,1.678200788795948,0.7870082546557698,1.4084739876644952,1.0237674883433752,1.6948015304930908,1.0686964711972646,1.5972962150616306,1.7618196894015585,1.9751626061541694,0.6789239740797451,2.144447425513395,1.2167482035500663,2.3733457582337514,1.6155846448881286,1.2944665317024504,1.4749237213815962,0.9980400492038045,1.0192157551646233,2.206282905169896,1.7451960061277663,1.141727756176676,0.951486097914832,2.030635128063815,1.7845510537070888,1.6012975147792272,1.7679060154727526,1.6375755949744157,1.648893767701728,2.043029546737671
ERR1370323,0,-0.041305338365158865,-0.04821590294263193,-0.12843778995530947,-0.10302576795220375,-0.08965219470805355,-0.10952127605144467,-0.11671983903007847,-0.13233732325690134,-0.09181518159208021,-0.07760326896927186,-0.10871023125946522,-0.11493478954902717,-0.09614984983844417,-0.11583658247920019,-0.11376726254820824,-0.11791955972356456,-0.09633012145890721,-0.11046865595770734,-0.06387403667239207,-0.08743898224617754,-0.03889380821159908,-0.11235673539340496,-0.056609718927315304,-0.08276924916676112,0.08283028964485441,0.07197388155119759,-0.08884359575209341,0.004014504275151661,-0.1215227661388261,0.221421695713486,0.23574349077950632,0.5648624203167856,1.0473265376474177,0.8684053341192859,0.5185921753623656,1.5634996656860625,0.7681878757263932,1.2862076525177275,1.003662469131606,1.5589483774134092,0.9658234672886985,1.3993775280458587,1.4962144012429885,1.763554111123085,0.5766665036124843,2.026437026315502,1.0795701891183853,1.9924335703253746,1.342782367819122,1.1731219696147102,1.2887406311929226,0.7394167269979205,0.9192123695143631,2.0317490654332295,1.4844717851706914,0.9943441695400647,0.7852245579872813,1.7210772229092461,1.5867126371179308,1.2331821897200175,1.4112989327737264,1.5048508508397,1.3433937590037073,1.5376093472753252
ERR1370324,1,0.021497922018170357,-0.04898058164066502,-0.11393533540623528,-0.10772841317313057,-0.07578503752925567,-0.10499255711744938,-0.11194133013486862,-0.09483386842267853,-0.07370460366031953,-0.05869380783821855,-0.10521538981369563,-0.08425564771252018,-0.07820538245141506,-0.11603815121842283,-0.10043015956346478,-0.09032110670315367,-0.058828566023813825,-0.10091792951737132,-0.07162359197224889,-0.03953304993254798,-0.02285416211400713,-0.1009522405053888,-0.06762999615498952,-0.07274638063141278,0.23255766522405402,0.1596581424985613,-0.07596776614497815,-0.0006711072554545743,-0.1257859170436859,0.2094585427216121,0.22636102406041964,0.5956129101770264,1.112081884273461,1.0277447471661227,0.6500624583235809,1.7767488530703954,0.7536448634096554,1.4539847820997238,0.9681908413767815,1.6574629553194558,1.054219517324652,1.7125967208828246,1.3514880239963531,1.8427952038390296,0.7424268605453628,1.9225820961541362,1.0861433403832572,2.0582330248185565,1.4314265765382774,1.3765448587281364,1.3853936323097773,0.91516632267407,0.9038556303296771,2.0656993048531667,1.6641947733504432,0.9294605755380222,0.7056853909577642,1.6596769679869925,1.6248883743371283,1.415596285036632,1.3118003181048803,1.60642316618136,1.2599989452532359,1.7296726831368037
ERR1370325,1,-0.08188395667821169,-0.09471896157733031,-0.0371450600879533,-0.1017678180443389,0.034648549876042774,-0.1058718269424779,-0.07686849098120417,0.009115689700203282,-0.009559036365577154,-0.00100892609251397,-0.08492248159434114,-0.11487405600824527,-0.05708135824118342,-0.0367123583065612,-0.03818555961229971,-0.061647185257502964,0.007230105776605862,-0.07145198008843831,-0.052860504282372336,3.993777292115348e-05,0.03719308599829674,-0.14871464456830705,0.2528151066175529,-0.007128744943267,0.1226558940751212,0.033995281281282326,0.09542702198294657,-0.04404711094684899,0.008144957678658622,0.27874335114445004,0.18343785325331347,0.20779283664056233,0.4811624565294811,0.42009985340493067,0.30712629216057913,0.45247210030044827,0.4617715563092913,0.5517308243683406,0.32642989073480877,0.39383782499602865,0.561445126576083,0.5410286760556379,0.39666977152228355,0.3125571102968284,0.032960032778126855,0.746438960544765,0.300141022673675,0.42971073277294636,0.19389969403190271,0.5506668580429894,0.1787169011575835,-0.06437048316001892,0.12708739084856852,0.8819256957088198,0.4300509276134627,0.12947592571643846,-0.02394381245332105,0.14454545572932279,0.12440516480377742,0.18051731692893164,-0.015884038859180043,0.0888948238321713,0.06585436846528735,0.0260483409677233
ERR1370326,0,-0.12482207694223948,-0.087839808847223,-0.08954477755885039,-0.12079205876216292,-0.08324715016143662,-0.15245703714234488,-2.829091889517648e-06,-0.07817945283438478,-0.012265552899667196,-0.12103723255651337,-0.103748904807227,-0.09617733848946435,-0.11772471134151731,0.014835279434919357,-0.045999648581658094,-0.12219195014664105,-0.05245049936430795,-0.04575476795434952,-0.15290208480187825,0.15840171596833638,-0.060433704406023026,-0.14490945424352372,0.0395957242165293,-0.028502569666930606,0.13570047662194287,0.15251680995736802,-0.006252261810004711,-0.10748133595500674,-0.10045532243592399,0.2282675387603896,0.1703958921134472,0.08635010410632406,0.4695964455604553,0.5097109930855888,0.4382015530552183,0.6605893639581544,0.45465873521087424,0.4828480008457388,0.3817300157887595,0.6873685690973487,0.5556599795818329,0.6031975357660225,0.4420306012034416,0.44634869831082014,0.1942720865564687,0.9098981999060405,0.332649076623576,0.5454202938292708,0.3447264949125903,0.5447785801121167,0.30576835413064274,0.0543788309608187,0.07192861501659666,0.7175001629761287,0.49515190454466,0.30630599707365036,0.033051264472305775,0.5099654655371394,0.19499904662370682,0.2548554712640388,0.05567289250237601,0.25853947550058365,0.20607182117445128,-0.01602709719112941
ERR1370327,1,-0.06456129479088954,-0.09995461840714727,-0.11178568271653992,-0.11538831729974065,-0.0859950679753508,-0.11904065630265645,-0.1225810136113848,-0.08588415091591221,-0.027416025155356953,-0.0867112928203174,-0.0784227613891874,-0.13814289655004228,-0.12247130913393837,-0.13492349960974284,-0.047118374811751504,-0.12657583079167775,-0.06346623227000237,-0.13912135415843555,-0.11754314415156841,0.07581129457269396,-0.03380523941346577,-0.13187660383326666,0.024816936680248806,-0.008270093372889928,0.0803615754204137,0.13037654970373427,0.0004524567297526768,-0.08451875512089048,-0.14213824272155762,0.20064053790909903,0.25564038434198927,0.21558876654931478,0.6886302057121482,0.6574538477829525,0.5348819664546421,1.1294357819216592,0.565074548125267,0.7203587772590774,0.5725242740341595,1.107087985745498,0.7820012026599475,1.0839300506881304,0.7662368022969791,0.904635336782251,0.3825899177630033,1.288559286322977,0.5186980116580214,0.9834200556256941,0.746061345828431,0.8629762876246657,0.6826781609228679,0.34476645077977863,0.49193661008030176,1.303864679166249,0.9857650856886592,0.6352634685380119,0.24175272243363516,0.8593876766307014,0.6240432943616595,0.6391981281340122,0.4649773048503058,0.7663764698164803,0.48027234577706884,0.323832879109042
ERR1370328,1,-0.011307572413768088,-0.04314911871084145,-0.12619654408523015,-0.1168323861701148,-0.08551685625155057,-0.11604917242324778,-0.10230885219893285,-0.10545848682522774,-0.07595568971841463,-0.06906705668994359,-0.09914555081299373,-0.09882004612258502,-0.07233813072421721,-0.11349148595971721,-0.10168613024455096,-0.09976505707683307,-0.06538197655962515,-0.12595738098025322,-0.09793266476065453,-0.08082284325999874,-0.018834777708564485,-0.09065263465579067,-0.06846649519034795,-0.05074799885707242,0.1330404275296522,0.10838957343782697,-0.05973408703825304,0.025197274217914258,-0.11213576793670654,0.2459794357419014,0.2555532982306821,0.5928089586751801,1.154574447178415,1.0128647035786085,0.5931168815919331,1.6983617203576225,0.7419103735093293,1.3690267311675208,0.9462525365608079,1.6417029912450485,1.1020314850445305,1.6598903515509196,1.5049733775002616,1.8762924346540655,0.649077404822622,1.9590287333620446,1.1120038947888784,2.0962086780262843,1.4153384843042918,1.2986010313034058,1.2715601431471961,1.0226411925894874,0.8862544154149613,2.0087580425398692,1.5638778869594847,1.0979498944112234,0.7114582117646933,1.6090024784207344,1.3931628460330623,1.2268627094370979,1.322860877428736,1.4000790523631232,1.2627619462353843,1.4549199236290795
ERR1370329,1,-0.10162720722811562,-0.10281317148889814,-0.12355995923280716,-0.1293206363916397,-0.10229783079453877,-0.14937822094985417,-0.13431500856365478,-0.10287003884358066,-0.05011222644576004,-0.11280378965394837,-0.08808914465563637,-0.145704128912517,-0.1458456665277481,-0.1387235341327531,-0.061585302863802226,-0.13250668639583246,-0.07894027552434377,-0.14233805239200592,-0.11909585712211472,0.03626345098018646,-0.0417790487408638,-0.13366063684225082,0.0072863006166049415,-0.011920470212187086,0.06656321297798838,0.06886592081614903,-0.024336553045681546,-0.08875125935966414,-0.11030426834310804,0.17364844254084996,0.2896148519856589,0.20957356318831444,0.7245088443160057,0.6050290848527636,0.4308163576892444,0.8744848210896764,0.7355339069451604,0.564598195786987,0.545506174276982,1.112042953393289,0.6516786765839372,0.8940317641411509,1.0093760224325317,1.0283528542744793,0.27143951951126966,1.3744475834204681,0.6041560215609414,1.0724821383399623,0.7439848823206765,0.6614358669945172,0.5499996021389961,0.3541931850569589,0.34381619095802307,1.2868236431053706,0.8982339054346085,0.6852375013487679,0.22442795149981976,0.9702868339206491,0.5715148012552943,0.43738008556621416,0.548655275787626,0.5933508447238377,0.5729318559169769,0.4359664155968598
ERR1370330,1,-0.06039194842534406,-0.07124328160924571,-0.10875500099999565,-0.11047477541225297,-0.07324957049318723,-0.12701401486992836,-0.11611319014004298,-0.09715438847030912,-0.046240437509758134,-0.07047406983162675,-0.07686618875179972,-0.11757106200924941,-0.08859717207295555,-0.1331727249281747,-0.07550581584551505,-0.09805965104273387,-0.04113627700800342,-0.1429838389158249,-0.1131125585774758,0.02413967251777649,-0.013941650944096702,-0.09645946736314467,-0.02000136992761067,-0.054144861974886486,0.14060270307319506,0.08125357489500727,-0.039021969373737066,-0.03668357724589961,-0.1206858583859035,0.25135545432567596,0.34507721436343025,0.48535877785512377,1.0226548219548672,0.9041694700717926,0.6400262519185033,1.5500521574701582,0.6844549221651894,1.0345253706244486,0.8706049399583468,1.5499206137444292,0.9842547843498843,1.5250778879438127,1.3118363794471537,1.4436189542923654,0.5322013492030757,1.637321566630687,0.8003317756312234,1.660187372139522,1.120620303920337,1.0435268580913544,1.013407256055091,0.7474981948201146,0.7516941864575658,1.7318681989397322,1.403302782348224,0.9165854390178408,0.4631661872512528,1.280171233096293,0.993338620024068,0.9896041410309928,0.922119106565203,1.1766493512051446,0.8594103679060936,0.9711541256734303
ERR1370331,1,-0.026260556520095894,-0.045560544755842,-0.128108554652759,-0.11256310450179237,-0.07911545291010823,-0.11051835039896625,-0.10402825541262116,-0.09288488115583148,-0.07123600897778358,-0.06174245862556355,-0.08959659827607018,-0.10115485132804938,-0.07762993858861071,-0.12122821568378381,-0.09128834333802972,-0.10202649807823556,-0.04127253917977214,-0.1300767676106521,-0.07799455445326332,-0.05380502735663738,0.016208581626415253,-0.08287550508975983,-0.05723121549401965,-0.048931942986590524,0.157399341996227,0.0803503729403019,-0.05245529968358044,-0.004177201572539551,-0.1114751547574997,0.2706449010542461,0.3161843605339527,0.584064032882452,1.0675924811512232,0.8991615216114691,0.5899253530161721,1.516040631702968,0.7743789351412228,1.265696704653757,0.9853748444999967,1.6402569091213601,1.1328533600483621,1.6896814512354987,1.4824540066931928,1.665373149860118,0.5769457636134965,1.9157425198437912,0.9551868949617658,1.8983722180128098,1.2838130039828164,1.1926258664046014,1.1140536676560129,0.9342702605894634,0.938442873103278,2.009558303015573,1.5565727246659142,1.0174810449991907,0.5981321281620434,1.4473938228828567,1.2918747354831015,1.2275704784052712,1.18806149491242,1.2729829485927309,1.1020253840833902,1.3478140176406928
ERR1370332,1,-0.08273875793176037,-0.09848159711275782,-0.10006540295268808,-0.11041235231927463,-0.09063719053353582,-0.09906290950519699,-0.12391877307423524,-0.03219996712037495,-0.03997509181499481,-0.09455788667712893,-0.08421691187790462,-0.1356369267616953,-0.1189460637313979,-0.1228486757193293,-0.019943461287766695,-0.11539521760174207,-0.024920032559228793,-0.1354290172457695,-0.1368732781016401,0.11071953816073281,-0.04152304093752589,-0.1063549779355526,0.07717864641121455,-0.017110995948314667,0.08357274000133787,0.017664948544864143,0.05280605351020183,-0.0932501879121576,-0.11064554178821188,0.20518831270081656,0.3501789564532893,0.33893767105681555,0.7291546330920288,0.6611663230827877,0.5779116664613996,1.0710977922592844,0.5801308341324329,0.5889690709965569,0.5730595216155052,1.2926451840570994,0.739809443375894,1.1815059440476554,0.8897064030170441,0.850359956068652,0.3584614757980619,1.1732509716613484,0.47283174536590067,1.0136798010872943,0.7308968651507582,0.6923846187336105,0.6202536565916879,0.4334526477115495,0.5617876382810729,1.235830932855606,0.943228753549712,0.6842815067086901,0.20649496838450432,0.8711387791803905,0.3817035438758986,0.5984270715686891,0.37299556604453493,0.6314532650368554,0.28135685888784273,0.3131347204159413
ERR1370333,1,-0.047603341950369735,-0.049261444713920355,-0.1253288718206542,-0.10881544010979789,-0.08118853984134537,-0.10802474484911986,-0.11346561461687088,-0.11478433758020401,-0.06961343424128634,-0.06776920732642923,-0.10634197826896395,-0.10040920068110738,-0.0794268183942352,-0.1138747435595308,-0.1018507636285254,-0.10364049673080444,-0.04598236100615135,-0.11887108587792941,-0.0728813239838928,-0.021694124277148927,-0.037717794733388085,-0.07699290064296552,-0.08731183409690857,-0.0789661630988121,0.1555547426853861,0.06978290927197252,-0.08166049354310546,-0.008390664156260235,-0.13016951829195023,0.23246773332357407,0.33138872709657463,0.6062210215521711,1.098840020596981,0.9534886280473854,0.589190203164305,1.652486230645861,0.8296161272696086,1.2378512173891068,1.0112447440624237,1.7110511639288493,1.122415012546948,1.7538091178451265,1.652439144040857,1.9083312494414193,0.6381695196032524,2.0925928309027637,1.1160560165132796,2.1124395419444357,1.4908731579780579,1.2066971957683563,1.2793094622237342,1.0334991259234292,1.0101700453087687,2.1908047028950284,1.758131429553032,1.1978606475251061,0.8715179253901754,1.8530652980719293,1.5842322132417135,1.477021990077836,1.5588518593992506,1.4416930824518204,1.3980892239404576,1.7097856402397156
ERR1370334,1,-0.08195665731493916,-0.11020718807620662,-0.1330494795526777,-0.14501228289944784,-0.09213683700987271,-0.04743055759796074,-0.09844360287700381,-0.01114920633179801,-0.030834187753498554,-0.0950249470770359,-0.08380086081368583,-0.13757716651473725,-0.07328435086778232,-0.10068113303610257,-0.046080079461847036,-0.13292392023972102,-0.055623842137200494,-0.08642206234591347,-0.007245213857718876,0.09558390523307025,-0.010836286503555519,-0.13044986767428263,0.1235498386834349,0.02753728535026312,0.03330535867384502,0.01451207451256258,0.10091495129745454,-0.06492688081094197,-0.09814114708985601,0.23922560576881682,0.2210198278938021,0.09493598581424781,0.387804852532489,0.4158196183187621,0.4621006803853171,0.840751765029771,0.5169076834406171,0.45597819558211733,0.39874833290066036,0.9505223297247929,0.5274583959419813,0.7626252962010247,0.5351534555000919,0.5464331784418651,0.16668813955038786,0.8454655861215932,0.31977233929293497,0.6150935095335756,0.5114421618304082,0.4438061277781214,0.3477265148290566,0.1570569383246558,0.40217633492180277,0.8154133920158658,0.4436774855213506,0.44042232792292324,0.035125539505055973,0.3871355748602322,0.2944561040827206,0.3488608228840998,0.17076919600367546,0.3256321650530611,0.07008606514760427,-0.03951455812369074
ERR1370335,1,-0.08976810372301511,-0.10164938388126236,-0.1062884187059743,-0.11236227676272392,-0.10094234560217176,-0.11046647546546799,-0.13266564054148539,-0.06034615742308753,-0.07939417766673225,-0.09886762792510646,-0.09034100973180362,-0.15121407806873322,-0.12675139201538904,-0.13438269176653453,-0.08087177361760821,-0.1373286641069821,-0.04581841114642365,-0.1444228616143976,-0.13286862642105138,0.0573383846453258,-0.024351127445697784,-0.12857933874641145,0.03825555635350091,-0.02782107038157327,0.06149227065699441,-0.014627291687897273,0.014490852631362421,-0.09198915266564914,-0.13246515286820276,0.22637971597058432,0.2885972357222012,0.2969974811588015,0.7260737781013761,0.6838897232498441,0.5795788615942001,1.1475352942943573,0.6623982824385166,0.651400638744235,0.6478850596717426,1.2612637946648257,0.7891442839588437,1.0885708608797617,0.8192515053919384,0.8366950268724135,0.38006039442760603,1.2202479103912733,0.4791882687381336,1.14425727725029,0.7428137936762401,0.7235379878963742,0.6083518522126334,0.2990035406712975,0.4970070427017553,1.3024120453212942,1.002998303089823,0.6658468150666782,0.2639297211675772,0.9447904265086565,0.521995074780924,0.5893353042857987,0.38255778167928967,0.6614282461149352,0.3301868334944759,0.4125566780567169
ERR1370336,0,-0.07440360489168338,-0.05221776744084699,-0.13039552101067134,-0.10770212805696897,-0.08182102628052235,-0.10357242623077971,-0.11379037770841803,-0.11042797671897071,-0.06315741262265614,-0.06794235629162618,-0.09343475050159863,-0.10840849205851555,-0.07440973339336258,-0.1273593958467245,-0.08436507711719189,-0.10167329306049007,-0.029882597204829966,-0.128499764416899,-0.09508645877109043,-0.005594114639929363,-0.03898355205144201,-0.06943961791694164,-0.07724830082484654,-0.08417588632021632,0.11069360322185925,0.06484401558658906,-0.06705750927462109,-0.023968661237241968,-0.12396443954535893,0.17795183722461974,0.3807449926223074,0.561930354152407,1.0873664931527205,0.8607900901032346,0.5165761091879436,1.5663895798580987,0.8100785879152161,1.1431408013616289,0.9675639058862414,1.72613013535738,1.0801332550389426,1.5849086769989558,1.5549237677561385,1.8074687655482973,0.5874346909778458,1.9619064200669527,1.0290773170334953,1.975620110120092,1.3411631328719003,1.0363470411726408,1.202827860202108,0.9854137301445007,1.0002540488328253,2.0683506556919644,1.5948536949498313,1.0875903101904052,0.7110197501523154,1.643755697778293,1.4085927030869894,1.246711328625679,1.3297868381653513,1.329920911363193,1.2330931166985206,1.3420853375324182
ERR1370337,1,-0.07719331261302743,-0.08101963038955416,-0.11884250491857529,-0.11005528324416705,-0.08309966724898134,-0.11229897503341947,-0.1143094173499516,-0.08117595953600747,-0.06354619309838329,-0.09933480354292053,-0.10634469427168369,-0.14575583913496562,-0.11555875199181694,-0.11312996383224215,-0.046062509662338665,-0.1403865015932492,-0.07943068218550511,-0.13187107922775404,-0.12358544979776655,0.042670204171112606,-0.037616265671593804,-0.14044681830065592,0.049777714269501824,-0.015326022037437983,0.08088458382657596,0.0163309850863048,-0.0019300597320709909,-0.06857472817812647,-0.1220313236117363,0.2512804482664381,0.3074376561811992,0.33719497440116747,0.744185491331986,0.6672832774264472,0.47578488948888015,0.9707113185099193,0.6435894295573235,0.7217331581882068,0.6060227691861135,0.9973393205021109,0.8536246802125659,1.0194209473473685,0.6929950437375477,0.8337097263761929,0.3191302716732025,1.3004380036810679,0.42095474153757095,1.0489815223429884,0.6703776355300631,0.8864161180598396,0.5727475168449538,0.19704035403473036,0.5033155115587371,1.4365138017705508,0.9002475163766316,0.5729829690286091,0.23669744708708354,0.6801137977412769,0.5366504048662526,0.4629756017987217,0.32816203630396296,0.5331983268260956,0.35846582108310293,0.29908691133771625
ERR1370338,0,-0.01574433342154537,-0.05867385159113577,-0.11354684510401317,-0.11665231574858938,-0.07742771912100059,-0.12327991425991058,-0.11643083007740122,-0.09904831860746656,-0.06362895108759403,-0.07176232537520784,-0.09239924625892725,-0.10162882347192083,-0.08786109143069812,-0.11502542812377214,-0.09431296161242894,-0.09151196579581924,-0.04942908164645944,-0.11867715950523104,-0.09927076498778271,-0.004757116149578776,-0.02454711656485285,-0.11211258345948798,-0.03228457697800228,-0.056212175105299265,0.1887123647278973,0.09931549642767225,-0.06513630527271223,-0.023149445885792375,-0.12203121930360794,0.24085346822227752,0.3033966714782374,0.5830371965255056,1.0451611437435662,0.9330391862562725,0.7186264704380717,1.6242858937808446,0.732417777712856,1.1902808738606316,0.8752874739335051,1.6612448202712196,1.0216758920079363,1.7016866419996535,1.3517321547177354,1.564856017274516,0.6787760225789887,1.7809828867736672,0.9920401637043271,1.8155754676886968,1.2831358090043068,1.2657792642712593,1.147102830665452,0.8451814757926124,0.8276756477010038,2.0573920160531998,1.6287069001368113,0.9631176505770002,0.5855949787156922,1.5678096328462874,1.3300601275903838,1.2739627489021845,1.1740186182515961,1.4477796235254832,1.0521605956767286,1.460263537841716
ERR1370339,0,-0.07136953738518059,-0.05996482766100338,-0.13317599786179407,-0.1201193705201149,-0.0914160448259541,-0.11405881534197501,-0.11203406511672906,-0.10069206410220691,-0.055619561579078436,-0.08385898917913437,-0.09417848608323506,-0.1160821265407971,-0.08257705319140639,-0.12180535016315323,-0.06888066288749022,-0.11156985476346952,-0.04054399350258921,-0.12175340844052178,-0.11422835024339813,0.02648901247552463,-0.04284745827317238,-0.08946814254990645,-0.022904367851359502,-0.047623756740774424,0.10232359836144107,0.054782571004969735,-0.04790725455885487,-0.02879659954591521,-0.11856669719730105,0.25530289113521576,0.44315280286329134,0.5456800503390176,0.9916985716138568,0.7944926087345395,0.6066398237432752,1.3946769620691026,0.7846238304461751,0.962527297437191,0.8443268580096108,1.7029503541333335,1.0493746655327933,1.5764324218034744,1.4964545113699776,1.5370636489242315,0.5827979908457824,1.8344208136466997,0.9687165708414146,1.816000899033887,1.2025935436998094,1.0160892786724227,0.981411086661475,0.902118776791862,0.9209202453494072,1.9781698499407088,1.5159728016172136,1.1034737559301513,0.6362804770469666,1.4910723971469062,1.148751081100532,1.0606346321957452,1.2182846580232893,1.2474696870361055,1.1128609196415968,1.1699233927897044
ERR1370340,1,-0.07742782376174416,-0.08620453492871352,-0.10618735796638898,-0.09805285810892071,-0.09409449302724429,-0.13249822918857848,-0.13094998417156084,-0.09082380256482533,-0.053449071278529506,-0.08665216927017484,-0.08037679429565157,-0.13466172026736395,-0.11045478656888008,-0.13957068217652185,-0.08104953183127302,-0.11655218367065702,-0.05393209507954972,-0.14980574803692953,-0.1209887736809573,0.061075148837906976,-0.04994026677949088,-0.11743168399802276,0.00016240509493010386,-0.04215457077537264,0.11408961404647146,0.07215317019394465,-0.030013643437996507,-0.049566609518868585,-0.1281181201338768,0.2723174882786615,0.3411381851349558,0.4224335806710379,0.8969845537628446,0.779984142099108,0.7112914930496897,1.355082277740751,0.7232032035078321,0.8681713328031557,0.7904943201158728,1.4727577077490943,0.8586928599647113,1.4124329537153244,1.1495965527636665,1.1345243879726954,0.5017590538731643,1.5538340141730649,0.6882100190435138,1.481361588197095,0.983031628387315,1.0183850617281027,0.8873859846166202,0.5765723000679698,0.5590765194169113,1.665683037202273,1.2874447447913033,0.7953516766428947,0.33764534071087837,1.2287266749356474,0.9348812324127981,0.8642855371747699,0.7677888912814004,1.1720761678048544,0.7386645360716751,0.9335915169545582
ERR1370341,1,-0.08675860806501337,-0.11283778239573751,-0.11453857059989657,-0.1184652250792299,-0.08384151251188346,-0.12155236995645932,-0.11082486888127667,-0.08777444490364619,-0.03359964383499963,-0.10013149199741227,-0.10160550581557411,-0.1487507319876126,-0.13663911819458008,-0.13256192207336426,-0.04939759575894901,-0.13324645214847156,-0.0764476050223623,-0.13567457028797694,-0.129239379295281,0.08506735201392855,-0.032017400222165246,-0.1431198428784098,0.050378188490867615,-0.012887275644711085,0.08805947537933077,0.15247603292976106,0.012525049703461784,-0.10086028284526297,-0.13339140638709068,0.22348264072622573,0.28935605181115015,0.21922244716967856,0.6138305440545082,0.689893768302032,0.48461889369147165,1.0493688413075037,0.43150542250701357,0.6430142010961261,0.4327247738838196,0.9252123790127891,0.7416629248431751,0.8689908374633107,0.5983000727636474,0.7441338141049657,0.32706324816016213,1.066050683580605,0.42127119057944845,0.7070342722748008,0.6247831026890448,0.775344742462039,0.5612193750483649,0.27384790192757336,0.4715452119708061,1.109927305153438,0.7760993157114301,0.5529720225437943,0.3064423549388136,0.5881034848945481,0.45442423197839943,0.47003432602754663,0.44495783905897823,0.6331005575401443,0.3574582508632115,0.14541923786912644
ERR1370342,0,-0.08244687678026301,-0.11893746469702039,-0.11734253061669213,-0.11805586889386177,-0.08079022488423757,-0.07222998062414783,-0.09295285985405956,-0.006426367376531873,-0.013294391866241182,-0.07754971027108175,-0.09277095858539854,-0.1411663687654904,-0.07710652785109622,-0.0703295575845654,-0.032387008890509605,-0.14999739399978093,-0.02173443092033267,-0.09451749388660703,-0.06410355293857199,0.10024929020021643,-0.021596754235880717,-0.11742537415453366,0.15785410521285875,0.01978253383588578,0.04901295793907983,0.006985007652214595,0.11488624100041177,-0.06155401734369142,-0.09122435322829656,0.22273534004177367,0.17760050669312477,0.1327990804399763,0.4324871354869434,0.4142752140760422,0.5067954237705895,0.6884928814002446,0.5932346200570464,0.3782812867845808,0.33159724516527994,0.8162074216774532,0.5591553510831935,0.7889604355607714,0.5463786114539418,0.395732727433954,0.21694590750017337,0.8290017141594684,0.2812043868325418,0.5877379124451961,0.2665301969141832,0.4623113146850041,0.23235368196453368,0.17779667249747685,0.28700190250362667,0.7876602028097425,0.5468098255140441,0.3705558739602566,0.05883319902100733,0.42834759397166117,0.2816778336252485,0.2987893101360117,0.16644161567091942,0.25565787724086214,0.10651865654758044,-0.014029450448496001
ERR1370343,1,-0.051187092039201944,-0.05100191800322916,-0.13312959458146775,-0.10399771481752396,-0.09223794830696923,-0.08683565950819425,-0.10234673534120832,-0.12978159316948482,-0.06099770633902933,-0.06524514007781233,-0.09314536223454135,-0.07558218815496989,-0.05478258956489818,-0.11458284328026432,-0.1068393686852817,-0.07608725729265384,0.02350390127061733,-0.0948851624769824,-0.04108786935518895,-0.002272400605891432,-0.017787705042532513,-0.03403090525950704,-0.1084946511047227,-0.11139150469430856,0.09899253185306277,0.18041758505361422,-0.09818172345070966,-0.0024379809120936053,-0.1230122803577355,0.1574599535337516,0.3051685797316687,0.5061577633023262,1.0063431356102228,0.9854115269013813,0.40107414977891104,1.5660760892289025,0.6592693157227976,1.354368126818112,0.9903296530246735,1.774634316297514,1.1126930500779832,1.4724604902522904,1.6802340767213277,1.9069517978600092,0.6363482613648687,1.9890289732388087,1.0852394565840118,2.21792311327798,1.5491898826190404,0.9638298377394676,1.5567396581172943,0.9852691138429301,1.1247925351240806,1.9963535155568803,1.7103868510041917,1.0393729763371604,0.9020827348743167,1.7847600398319108,1.752752733017717,1.3438595959118433,1.6673043870500155,1.62309352095638,1.6643284681652273,1.708884413753237
ERR1370344,1,-0.0975828157471759,-0.09735345281660557,-0.08847939542361669,-0.12605548703244754,-0.05962392275354692,-0.09485479204782418,-0.10491586596305881,-0.051877043076923916,-0.05636234588122794,-0.1166656246142728,-0.11003612993018967,-0.1407037568943841,-0.13288909835474833,-0.10047635795282465,-0.033033368310758045,-0.08476853743195534,-0.08897624697004046,-0.11393003431814057,-0.1420325775231634,0.038906109652348926,-0.018455315913472856,-0.13957730866968632,0.17503031343221664,-0.020346722432545254,0.04298881334917886,0.03584813539470945,0.08821210930390018,-0.07755351039980139,-0.04418171516486576,0.26362135261297226,0.3928579996739115,0.36021666997112334,0.6518396053995404,0.7225319700581687,0.44093809596129824,0.9726263135671616,0.5410109854170254,0.5613464840820858,0.44980365836194586,0.9796580480677741,0.7682384859238353,0.9338125990969794,0.6487955834184375,0.6310921916738153,0.2674304060637951,1.1182988548784383,0.4482014384120703,0.8320291021040508,0.6190197471795338,0.6862910453762326,0.40388041734695435,0.16286987385579518,0.5625523030757904,1.2513480154531342,0.8469583136694772,0.5839749478868076,0.30112945660948753,0.5046417840889522,0.3582679961941072,0.35319806316069197,0.4116834598992552,0.5017497113772801,0.23724626004695892,0.20757258869707584
ERR1370345,1,0.0708409393472331,-0.045976704851325066,-0.12055195442267827,-0.10275396066052574,-0.08329102510054197,-0.09794037083962134,-0.11379626167139836,-0.08968386479786464,-0.07951095001772046,-0.05723714143303888,-0.10305815136858396,-0.08934186092977013,-0.08210589404084853,-0.10773304969604526,-0.10076840181968041,-0.09815328574872442,-0.03491755851012256,-0.10408196012888636,-0.07128437841311097,-0.07325456690575395,0.01875118911266327,-0.0925734941182392,-0.053657774214765856,-0.08352896730814661,0.2749126931386335,0.17510478145309857,-0.0658979536300259,0.006775360554456711,-0.11312542376773697,0.27085219430071966,0.19807225771780526,0.630930847887482,1.1806775938187326,1.0670881010591984,0.6314995204364615,1.816478499344417,0.8194294359002795,1.56269294662135,1.1278299944741386,1.7187972227111459,1.166206264070102,1.7468587021742548,1.5630615938987051,2.0685793619070734,0.7526839226484299,2.0374188952680146,1.1918294940676009,2.2858801100935255,1.6312335016472,1.5132242441177368,1.5065031860555922,1.0871969237923622,1.0048542969993182,2.2753022398267473,1.748694236789431,1.032313103654555,0.7783315501042775,1.832770189004285,1.812703760606902,1.576704101903098,1.5758905932307243,1.672938661383731,1.5823536265109266,2.142059858356203
ERR1370346,1,-0.054991377517580986,-0.09434383921325207,-0.11059705114790372,-0.1198397736464228,-0.09118826554289886,-0.1237938404083252,-0.11139227024146489,-0.08902327769568988,-0.03353609743395022,-0.09324683222387518,-0.09363741534096855,-0.13699170734201158,-0.11187200141804558,-0.11191580551011222,-0.06325872588370528,-0.13856287087712968,-0.07368200165884835,-0.12902354342596872,-0.1073938472462552,0.04476345809442656,-0.02240645353283201,-0.13467037358454295,0.04026890120335987,-0.0026963081743036,0.1181364127301744,0.09164828913552421,0.003755921630987099,-0.06805668265691825,-0.1422117224761418,0.22572989548955644,0.17937787675431796,0.24598664896828787,0.6615953796676227,0.6364859076482909,0.5724790628467288,1.0713058752673013,0.5904099238770348,0.7550812251865864,0.6390428085412297,0.9954589291342667,0.8236034257071358,1.0432687742369515,0.7717388006193298,0.8330208534108741,0.4086301218984382,1.2762852712268276,0.530406538929258,0.9676585750920432,0.7260524885995048,0.8890415744057724,0.6619290665590337,0.29342524813754217,0.48837426943438395,1.4025163820811681,0.9889519310423306,0.5821622120482581,0.26036273315548897,0.795367184494223,0.6687455432755607,0.5828096323779651,0.43209847595010487,0.7402861246040889,0.4539180818412985,0.4035343368138586
ERR1370347,1,-0.05608525313436985,-0.0776947605024491,-0.1141794313277517,-0.10288646497896739,-0.08632333895989827,-0.12372292791094099,-0.14130274366055215,-0.08754928197179522,-0.04175057169049978,-0.06596714338021618,-0.08412910625338554,-0.11951223920498576,-0.10261564701795578,-0.11985076325280326,-0.07689952677381891,-0.1003740057349205,-0.0495665490826858,-0.1349276044805135,-0.10214189267052072,0.035815859479563575,-0.02751364665372031,-0.11820951423474721,-0.014727778732776642,-0.04354780273778098,0.17211236006447247,0.06797656390283789,-0.062497068429365754,-0.041898548869150024,-0.1277393251657486,0.23222272949559347,0.31040075873689993,0.5259444216000182,0.9069919932101455,0.7776883960302386,0.6118751681808915,1.3499253072908945,0.8500616624951363,1.0030504635402135,0.818962659952896,1.482966388974871,0.9750587886997631,1.4718917267663139,1.1358939866934503,1.3039038175983089,0.508717876393348,1.6950304635600852,0.7563221422689301,1.6113256471497672,0.993154495023191,1.0360011532902718,0.9085811153054237,0.6070649256663663,0.6690246537327766,1.8020457795688085,1.429324903658458,0.8079716957041195,0.4487088591392551,1.3145412834627288,1.141161457236324,1.038146755525044,0.8711874399866376,1.1404046778167998,0.8466596249490976,1.1232402750423975
ERR1370348,1,-0.09694820642471313,-0.04708533574427877,0.007307944553239005,-0.1091743806110961,0.09225709842784065,-0.06873875803181104,-0.031762533322242756,0.07977845626217979,0.10239599056408874,-0.00423484029514449,-0.09883894452026912,-0.04133693315088749,0.05429809806602342,0.03914380073547363,-0.021470584773591588,0.14841727779379912,0.060807231813669205,-0.038686315662094524,0.12460550772292274,0.17576709070375987,0.012614939627902848,-0.0776930930359023,0.5080391243100166,0.09695050546101161,0.08483752395425524,0.08734735527208873,0.2819822297148806,0.10815507466239589,0.16234872210770845,0.24861606529780797,0.3495968718613897,0.12542448991111346,0.20762110820838384,0.31583711983902113,0.41835418556417736,0.34583101980388165,0.43460278532334734,0.12223372821296964,0.2141520961054734,0.38226234699998585,0.24291607098920004,0.32111216123614994,0.15472407639026642,0.1993704012462071,0.003092883953026363,0.3147895601578057,0.09114800500018257,0.2601755830858435,0.22455042653850146,0.32418992796114515,0.023262021797043935,-0.09721388242074422,0.09059930167027883,0.5550590263945716,0.183269880179848,0.1386917605996132,-0.028807168560368673,0.061305557776774676,0.1497722023299762,-0.06744529519762311,-0.020451534539461136,0.08833187073469162,-0.014426463416644506,-0.09348580986261368
ERR1370349,1,-0.05314036864521248,-0.04949970809476716,-0.11206225345709495,-0.12026949439729963,-0.09398966189473867,-0.11694034667951721,-0.11204317664461476,-0.11844085369791303,-0.08132558069857103,-0.07577336712607316,-0.11972330670271601,-0.1136429248643773,-0.08805745108319181,-0.1314557178744248,-0.11894740786270372,-0.12783825024962425,-0.0682329584046134,-0.13609486552221434,-0.11172569885716907,-0.06850992728556905,0.003951473959854671,-0.11717712160732065,-0.0240142893578325,-0.08230192427124296,0.14688302017748356,0.06359130782740456,-0.06888679458227541,-0.02159968707045274,-0.1274281761475972,0.30435980590326445,0.2619692257472447,0.5572221881843039,0.9829911142587662,0.9129315417792115,0.5209184565714428,1.4935318939387798,0.7164516762963363,1.1739743671246938,0.9128852103437696,1.5008002631366253,1.0581312818186623,1.4245522525161505,1.4748727210930415,1.6262430910553252,0.5909285939165524,1.8958676924396838,1.0661111112151826,1.9095475221318858,1.3847155954156602,1.09928383571761,1.0932681975620133,0.7044558290924344,0.8680780827999115,1.9976467405046736,1.538093198622976,1.0628034073327268,0.7182291575840541,1.5281882701175553,1.33578937713589,1.0114740516458238,1.3262056740266936,1.424322352877685,1.2448956998331207,1.426674745976925
ERR1370350,1,-0.08533401787281036,-0.0948373254920755,-0.10806214490107127,-0.12262606620788574,-0.09198526851832867,-0.10258313028940133,-0.1021614515089563,-0.05036580669028418,-0.05623125165168728,-0.10191297211817332,-0.09933607706001826,-0.14122195169329643,-0.13263659604958125,-0.11407007489885602,-0.03027405483382089,-0.13718253374099731,-0.07096010020801,-0.1269920989871025,-0.14962047444922583,0.0679268789078508,-0.04714835275496755,-0.14460793350424087,0.06841061477150236,-0.01765121626002448,0.07753406491662775,0.04135713300534657,0.03009537234902382,-0.10072793039892401,-0.12787431851029396,0.21859985377107347,0.18136225108589446,0.20996863980378425,0.5913995238287109,0.5782109137092318,0.3792178987392357,0.8464741451399667,0.4777457139321736,0.6375269362969058,0.4060993790626526,0.7676063371556145,0.7856954144580024,0.7867364180939538,0.4155447461775371,0.6180899254312473,0.298714212008885,1.0337290679370719,0.3652598868523325,0.5974370975579534,0.44789801804082735,0.6992224385695798,0.37452301968421253,0.06955200433731079,0.39444043806621004,1.0897777389202798,0.6819037010094949,0.4392258588756834,0.17172478565147944,0.39525302073785235,0.24942077323794365,0.3722778047834124,0.09231236204504967,0.3091525113476174,0.18812520695584162,0.024855913328272954
ERR1370351,1,-0.07582557906529733,-0.11833458047892366,-0.11950234376958438,-0.14227774100644247,-0.07629581274730819,-0.07465601100453309,-0.06487273127173207,-0.02994909031050546,0.0034367492688553674,-0.07889013843876976,-0.10570409893989563,-0.11468631574617964,-0.06036129913159779,-0.07770869641431741,-0.030378796426313266,-0.14432352355548314,-0.01597106922417879,-0.08899935867105212,-0.03757331972675664,0.05825850660247462,-0.022656201784099852,-0.13162638992071152,0.17012541900788034,0.0815664040190833,0.08291805668600968,0.10090432741812297,0.08342685685160436,-0.026591804676822255,-0.12081358874482769,0.270294477897031,0.0807647215468543,0.030890831989901408,0.35212801290409906,0.36870535143784117,0.5373325539486749,0.8202474819762366,0.49092555578265873,0.42009483703545164,0.39418482567582813,0.6767405324748584,0.5270834219242845,0.713934697742973,0.5393590309790203,0.46291990152427126,0.26640036702156067,0.8999163319489786,0.34898371941276957,0.5744397688124862,0.47835295434509006,0.6023407349629062,0.3830359104488577,0.09333365836313792,0.34423126386744635,0.8840139859489032,0.5443597361445427,0.43169584151889595,0.008296919188329152,0.3092618640512228,0.27086363902448546,0.2919355428644589,0.1048950542296682,0.32265281677246094,0.17799348384141922,-0.07748682158333915
ERR1370352,1,-0.043402907837714465,-0.12355135381221771,-0.09490808977612428,-0.11671343525605542,-0.08544841382120337,-0.1384217611380986,-0.11403688655367919,-0.0922747503833047,-0.016813361751181737,-0.09291841781565122,-0.08235217524426323,-0.15097543916531972,-0.14290748962334224,-0.13543831982782908,-0.07496390318764108,-0.11400239914655685,-0.0716765746474266,-0.13381443279130117,-0.09519727501486029,0.05990249663591385,-0.0202004217675754,-0.13684106085981643,0.01688967538731439,0.013721500456865345,0.12030412363154548,0.20238961172955378,-0.009956216639173883,-0.11460241675376892,-0.10412104035328541,0.21416486373969487,0.043910112498061996,0.0002044620258467538,0.34914773897201357,0.348485420857157,0.35611184952514513,0.6462145234857287,0.45206044002303053,0.6145641447177955,0.3279124902827399,0.6114634328654834,0.5722150004335812,0.5113473374928746,0.44499610577310833,0.506275115268571,0.20369969361594745,0.8494044366691794,0.29965673706361223,0.45201472991279196,0.3406526563423021,0.6476702466607094,0.44250241613813807,0.18355657745684897,0.1566021516919136,0.6502197469983783,0.4144654061113085,0.2589520617787327,0.010155764541455678,0.3010644795639174,0.2872772270015308,0.3991040906735829,0.06659454479813576,0.3266613983682224,0.24200662012611115,-0.00570105728028076
ERR1370353,0,-0.08324859850108624,-0.12176436478538173,-0.112242905156953,-0.13740554292287147,-0.07120852172374725,-0.08936966050948415,-0.057217736329351156,0.02988077061516898,0.03435134195855686,-0.055036580722246854,-0.11850370253835406,-0.1035714681659426,-0.024089915411812917,-0.05261086020618677,-0.04029449075460434,-0.09531647286244802,0.010951767542532511,-0.07406020537018776,-0.005115530320576259,0.06425419130495616,-0.003465744267616953,-0.1308760033654315,0.2845911889203957,0.09391289842980248,0.10008402967027255,0.10642865007477147,0.0965910694961037,-0.04560443652527673,-0.0778968412029956,0.25275164949042456,0.07881230541637965,0.03919212307248797,0.24812172140393937,0.2640392375843866,0.2894727310964039,0.3630796205252409,0.3376433381012508,0.37651964503207375,0.2388116249016353,0.24421920041952813,0.4609215020069054,0.35378672681482776,0.22889281702893122,0.169673353433609,0.06696824223867484,0.5599683460646442,0.15275115785854204,0.17713255967412675,0.11939788423478603,0.43062664435378145,0.15555474960378238,-0.06861469282635621,0.08430094378335136,0.6005101619022233,0.15125314039843424,0.08753101368035589,-0.059606628226382394,0.005341089995844024,-0.013392459202025617,0.04827499283211572,-0.1038754518542971,0.01148752442428044,-0.02316797205380031,-0.11236387704099927
ERR1370354,1,-0.10024363474388208,-0.11852479034236499,-0.13162597375256674,-0.14792402727263315,-0.09179332213742393,-0.09165502871785845,-0.0832950049745185,-0.02390489654083337,0.002314419884766851,-0.07140550496322769,-0.11861339530774526,-0.11781429070314127,-0.06514512694307736,-0.05767119888748441,-0.032838123717478344,-0.11444767670972007,-0.009120130645377296,-0.07755702893648829,-0.027086056768894196,0.11108631906764847,-0.021571070488010134,-0.134266554244927,0.24216511765761034,0.02338341623544693,0.05432134121656418,0.052011149270193915,0.11364035574453217,-0.02730343331183706,-0.0644480043223926,0.2694398601140295,0.18914740718901157,0.04815102581466947,0.37237302320344107,0.36338462254830767,0.27501276986939566,0.5296552000301225,0.39874424918421675,0.2969041734135577,0.20663651185376303,0.3745296985975334,0.49241610363657984,0.4049305649740355,0.21687718906572886,0.3381861170554267,0.11922273279300757,0.5880734609173877,0.18902555108070374,0.2522172486143453,0.19304894363241537,0.4044058115354606,0.12356610529656921,-0.10420674937111991,0.21600670580353057,0.6705396633063044,0.19968420985553945,0.22401475946285895,-9.781950419502599e-05,0.06773145177534648,0.0509848561320853,0.04414787515997887,-0.09015610707657677,0.011375658214092255,-0.08525813158069338,-0.1217432969382831
ERR1370355,1,-0.025395745411515236,-0.052013787041817396,-0.11624586795057569,-0.10909730941057205,-0.08119686147464174,-0.11689481884241104,-0.10970679697181497,-0.10115805161850792,-0.07073834385456783,-0.07029628939926624,-0.10265714089785304,-0.10530005980815206,-0.0818747194217784,-0.12577775573091848,-0.09997937379271857,-0.1062735462827342,-0.05717003398707935,-0.13152859519634927,-0.09762722678715363,-0.03292571487171309,0.0003725545746939523,-0.11072309328509229,-0.026330755491341864,-0.04679540438311441,0.15466967544385365,0.09085715987852641,-0.05573057044031365,-0.0070587219670414925,-0.12090807195220675,0.29598445764609743,0.30940972215362955,0.5429493178214345,1.0610504057258368,0.9398268168526036,0.6603205374308995,1.5591523008687156,0.8157743066549301,1.162234827876091,0.9503478003399712,1.5932903574513537,1.093230833432504,1.6065581079040254,1.4143006610018867,1.5749111739652497,0.6315848305821419,1.8682151520624757,0.9518812490361077,1.7890146949461527,1.2605866172483988,1.232001390840326,1.096994780935347,0.8076296831880297,0.8741637510912759,2.027803821223123,1.6181960701942444,1.017969170851367,0.5511579361877271,1.4237634635397367,1.27138986092593,1.2006359664457185,1.1699558421969414,1.3117987151656831,1.0807684755751066,1.3069545099777835
ERR1370356,1,-0.05967708810099533,-0.08233483987195152,-0.08669917711189815,-0.1053666238273893,-0.07809909406517233,-0.12041078667555537,-0.10461043193936348,-0.06946466678553927,-0.03278856644673007,-0.07349870753075395,-0.08313729880111558,-0.11775272552456174,-0.10654519924095698,-0.1200210191309452,-0.05134209378489426,-0.11557636995400701,-0.05461141959364925,-0.13906658121517726,-0.1274158069198685,0.0615079083612987,-0.02088552580348083,-0.11829353496432304,0.02630740776658058,-0.015876006335020065,0.15531651782138006,0.10119644871779851,0.006680053126599107,-0.0800423426553607,-0.12152012011834554,0.23918524384498596,0.29067172003643854,0.37004090193659067,0.8069153374859265,0.7733458163482803,0.5553310705082757,1.206971287727356,0.5780542599303382,0.9065159857273102,0.7189788860934121,1.1878555438348226,0.9700255441878524,1.19202478655747,0.8213074850583715,0.9217629536454167,0.4410886340774596,1.341339907642188,0.5592478077326503,1.0197947770357132,0.9114310336964471,0.9619900962071759,0.787945630294936,0.45517482821430477,0.5895637688892228,1.3233935130493981,1.0401085471468312,0.6179298130529267,0.3033579486821379,0.8349175133875438,0.5847435263650758,0.751800214605672,0.4033040191446032,0.8187409383910043,0.5294794913913522,0.34099880712372915
ERR1370357,1,-0.027898063883185387,-0.05038453971168825,-0.13354169790233886,-0.09823956127677645,-0.09047682357153722,-0.1092623376420566,-0.11673583995018687,-0.11393678614071437,-0.07481123087927699,-0.06334169262221881,-0.09697195568255015,-0.09933406221015113,-0.0807751351967454,-0.12486268500132221,-0.10066625116659063,-0.09998950468642372,-0.013612455422324794,-0.11858966813555785,-0.08083018981519022,-0.049986839826617925,-0.015593040202345167,-0.09443545088704143,-0.07093610880630356,-0.09242880237954003,0.18190684488841466,0.17304670810699463,-0.08611372226317014,-0.0016331890864031656,-0.12332206751619067,0.26239142566919327,0.2553937928751111,0.5830281621643475,1.1046161837875843,1.0095183085650206,0.5497917037989412,1.6389019872461046,0.8752489132540566,1.3589483201503754,1.0779036922114236,1.6949672933135713,1.1731030057583536,1.6143997524465834,1.6236965038946696,1.9877005560057504,0.7093728679631438,2.14202325604856,1.1890204506261008,2.2020312164511,1.658631805330515,1.2466741113790445,1.403183021715709,1.0528647378087044,0.979440667799541,2.206805092947824,1.7955724937575204,1.1536579754735743,0.8630461426717895,1.8328201259885515,1.6990212351083755,1.4891809459243501,1.6216028588158744,1.677266818604299,1.6074299892144543,1.824199914932251
ERR1370358,1,-0.023122989173446382,-0.06832451266901833,-0.09231180431587356,-0.10319342677082334,-0.07184389206979956,-0.11819735408893653,-0.11533314149294581,-0.08703379439456123,-0.03771904669702053,-0.06989217389907156,-0.09595983914498772,-0.10716744725193296,-0.10437749938241073,-0.11203165778091975,-0.07463425969971078,-0.09844911790319852,-0.03429929935373366,-0.13606156089476176,-0.10602374907050814,-0.0014055121157850539,-0.028733756925378526,-0.1045350945953812,-0.03477740181343896,-0.03927862537758691,0.19950890860387258,0.15109228289553098,-0.029800650464104756,-0.03454735954957349,-0.12732166903359549,0.24133713969162532,0.26895706940974506,0.4877575784921646,1.0290400992546762,0.9641948906438691,0.6675878004836184,1.558900339262826,0.7370591695819583,1.0519983214991433,0.8699804885046822,1.526606127087559,1.0332747484956468,1.471365852015359,1.1350503409547466,1.4882818056004388,0.6336447224020958,1.6724922607120658,0.8049358874559402,1.6274215131998062,1.1243817726416248,1.1664556392601557,1.0664064447794641,0.7108213124530656,0.6793273405304977,1.719287925532886,1.4290429140840257,0.8452018818684987,0.4691947707241135,1.270902545856578,1.1181202267429657,1.0272701638085502,0.8708184393388885,1.1812718382903509,0.898712174434747,1.077648093657834
ERR1370359,1,-0.018749831776533808,-0.10085104991282735,-0.09268220753542014,-0.10920869559049606,-0.07365774043968745,-0.12858004229409353,-0.10617424105294049,-0.10309272472347532,-0.011517274060419627,-0.0771045775285789,-0.07975498107927186,-0.12849034475428717,-0.12835354251520975,-0.144708695688418,-0.05960563104599714,-0.1372868823153632,-0.049042969409908564,-0.1479396096297673,-0.11898586952260562,0.030541168259722844,-0.007519944437912532,-0.13435377127357892,-0.03185157158545086,-0.02150419939841543,0.14926366029041155,0.2311670436922993,-0.007252230841134276,-0.0791690546487059,-0.13187287215675628,0.22472190431186131,0.09242541369582925,0.08717877949987139,0.5893298823918615,0.6478734357016427,0.3684289527258703,0.9852879494428635,0.48285650302256855,0.8294058511299747,0.5448814939175334,0.6890430386577334,0.7988355862242835,0.6709320438759667,0.4463804300342287,0.8188951366714069,0.30112163562859806,0.9883999789931944,0.3671805773462568,0.6273265544857297,0.5758298358746937,0.8312400308038507,0.6092345730534622,0.27217981352337767,0.33439322241715025,0.8542645041431699,0.6024082813944135,0.39651082017059835,0.15474154480866023,0.35934088911329,0.417398460741554,0.49415500329009127,0.15747965346755727,0.4194704991366182,0.3578386535601957,0.13033633466277803
ERR1370360,1,-0.09986369737557002,-0.09943704147424016,-0.05402421419109617,-0.12367112136312894,-0.0358807636158807,-0.1255412995815277,-0.09757876801969749,-0.057574721319334846,-0.049527516322476525,-0.06067521923354694,-0.10848163760134152,-0.14169555370296752,-0.11092350206204823,-0.06286960361259324,-0.05209390499762127,-0.08300443845135826,-0.03614826500415802,-0.10245242262525218,-0.09534859976598195,0.005753907774175916,-0.018884059573922838,-0.1389259139874152,0.2681290422167097,-0.02623347831623895,0.03777267038822174,-0.011070406596575464,0.051685353208865435,-0.035435055914734094,-0.041163651538746696,0.2558863253465721,0.1580945628562144,0.2193829912160124,0.493499545114381,0.430808961391449,0.38207506228770527,0.5636236167379788,0.557180506842477,0.5341784922139985,0.2539486714771816,0.5987543357270104,0.5400934027108762,0.7156719671828407,0.4940941738230841,0.38291411261473385,0.10115065914578736,1.0265564394649118,0.3961893043347767,0.6306605179394994,0.2979174575635365,0.644792942064149,0.15872566322130816,-0.04997259697743824,0.21277455080832755,1.1304804012179375,0.5950302290064948,0.3496412368757384,0.056902004938040464,0.3852247601108892,0.16802817955613136,0.24550801741757564,0.13861877151897975,0.16058024231876647,0.17957193404436111,0.13594472674386843
ERR1370361,0,-0.07695286228720631,-0.08423905367297786,-0.13038587357316697,-0.12094984788979803,-0.09074342916054386,-0.08907460474542209,-0.09349699092230626,-0.046258477228028436,-0.04775972977014525,-0.0368372377540384,-0.10696299906287875,-0.12859351241162845,-0.0964350528748972,-0.0915100653655827,-0.04747681612414973,-0.15884480412517274,-0.03604166695315923,-0.10020146638687168,-0.0644210472569934,0.018750122615269253,-0.0028953376625265393,-0.14382974697010859,0.10816670821181365,-0.01097652262875012,0.07625255254762513,-0.0031746083072253634,0.06893595097686298,-0.057204152058277814,-0.12010934363518443,0.2825797200202942,0.21026215143501759,0.19939615577459335,0.5617945236819131,0.44188458791800905,0.44710630817072733,0.7827142394546952,0.6509048044681549,0.5654876743044172,0.4914029650390148,0.8927044328302145,0.661791177998696,0.8272629507950374,0.668506166764668,0.6369698547891208,0.16701587741928442,1.0656545526747192,0.4343026503920555,0.8055050692387989,0.5191614308527538,0.5827781685761043,0.3662785976859076,0.11580108708169844,0.4426558219960758,1.0225038241062845,0.6376750213759286,0.46704528693641933,0.017017376742192676,0.41371115829263416,0.25567360541650225,0.2741780515227999,0.1631851547530719,0.2397344974534852,0.19894813639777048,0.06844360274927956
ERR1370362,0,-0.017095158408795084,-0.054358472382383685,-0.11173150475536074,-0.10841932626707214,-0.08793001023254224,-0.10863463726959058,-0.11274400459868568,-0.08829263704163688,-0.07223131191650671,-0.07872233832521099,-0.10789451109511512,-0.11375285764890057,-0.0950489669506039,-0.12707707551973207,-0.07351543840819172,-0.12695323196905,-0.06243321249660637,-0.13983437418937683,-0.10372029773757926,-0.01078249647149018,-0.008748953895909446,-0.11764128825494222,-0.01632145226800016,-0.022420977907521383,0.14083513258291142,0.09034580830484629,-0.033720143139362335,-0.027259075481976782,-0.12100016645022801,0.32163814827799797,0.3360622871134962,0.5005426396216665,0.9875249937176704,0.8757514165980476,0.6472301419292178,1.3979376086166926,0.8063077181577682,1.08738515366401,0.9995152311665672,1.4667202947395188,1.0612703173288278,1.4855159797838755,1.3645468668213911,1.5346089640100087,0.5804817602038383,1.850179840611028,0.8999554514884949,1.733534642628261,1.2770234835999352,1.2327141442469187,0.9364624240302614,0.7055834207151618,0.8281634436654193,2.0086901783943176,1.5758349959339415,0.9900320991873741,0.45206046743052347,1.3078198887441042,1.0722106439726693,0.9956286022705692,1.0678974517754145,1.1444481206791741,1.0223908110388689,1.1352487323539597
ERR1370363,0,-0.04156362238739218,-0.08878688248140472,-0.07836407170231853,-0.1026401930555169,-0.07240789303822177,-0.14009142241307668,-0.11767070261495453,-0.08698680784021105,-0.02243950217962265,-0.08526459176625524,-0.07764685366834913,-0.10415055868881089,-0.12206268949168068,-0.09848602648292269,-0.04475254552172763,-0.10770987799125058,-0.02687560287969453,-0.14873913994857244,-0.12277742901018687,0.06587912355150495,-0.0515468173793384,-0.11873011184590203,-0.02271380541580064,-0.038882091641426086,0.20072126335331372,0.2528696038893291,-0.03401393975530352,-0.0798397112105574,-0.12510786950588226,0.18104542046785355,0.1698140279789056,0.26273894416434423,0.7506372151630265,0.7610733911528119,0.543104927454676,1.2270871911730086,0.49737572696592125,0.951359993645123,0.6469012158257621,1.1079134153468269,0.8088666754109519,1.0679066332855396,0.7635720840522221,1.1736885085701942,0.4640944062599114,1.2965088517937278,0.6275876153792653,1.0280134912048067,0.8678917586803436,0.9885179634605136,0.8551343381404877,0.4975227511354855,0.37348472965615137,1.2269096374511719,1.0371507299797875,0.5715199911168644,0.2329533983554159,0.9649207858102662,0.773006044860397,0.7449681801455361,0.5449083724192211,0.9414983625922885,0.6389424396412713,0.541376748255321
ERR1370364,1,-0.0019695890535201344,-0.051149868805493624,-0.12765435235840933,-0.10625776222773961,-0.0864931170030364,-0.10142432003548103,-0.11939235823228955,-0.1292832142540387,-0.08637362051688667,-0.06508554657921195,-0.11439573498708862,-0.10961144444133554,-0.09292631955551249,-0.12670838753027575,-0.11607435822952539,-0.1179461001551577,-0.042645099822298756,-0.13708342319088324,-0.09787675851423826,-0.05528740322084299,-0.005237739533185959,-0.11531859183950084,-0.04881914093026093,-0.10199238732457161,0.16724652184971742,0.1655532909291131,-0.07742342106731874,-0.014549291892243283,-0.1267749166914395,0.26341286088739124,0.2288047687283584,0.5438441910914013,0.9956963679620198,0.9550213873652476,0.5668497692261424,1.6022970623203687,0.73500710566129,1.293428237949099,0.9798190913030079,1.5687135351555688,1.1109332186835152,1.38727370995496,1.5337097836392266,1.8666213750839233,0.691172401287726,1.9966838100392903,1.0779691530125481,2.0995646779026305,1.4762004047100032,1.255846489753042,1.3440021063600267,0.8390089220234326,1.0414682062608855,2.0502068315233504,1.625264795763152,0.9502182352755751,0.7784515108380999,1.6812224004949843,1.5877736756311995,1.3299984846796309,1.4473583017076765,1.4949156700500421,1.3322230125112193,1.5902725074972426
ERR1370365,1,-0.09978839941322803,-0.11943517758377961,-0.12068199419549533,-0.11908548830875329,-0.10542478199516024,-0.10791956952639989,-0.10558405199221202,-0.029933408967086246,-0.06238319764712027,-0.11974986642599106,-0.11640964182359832,-0.14014240141425813,-0.1153636250112738,-0.09875188428642494,-0.04625844396650791,-0.1470720682825361,-0.0640196001955441,-0.11980811346854482,-0.09573664941958018,0.06333131449563163,-0.012028490858418601,-0.12305802193337254,0.1895973193791828,-0.011896802910736628,0.028128632477351596,-0.006784881864275251,0.0883779525756836,-0.1034344881772995,-0.10156878296818052,0.2806913410978658,0.173277986901147,0.16493535866694792,0.49575640686920713,0.471140732722623,0.3235331731183188,0.5136715535606656,0.4357628311429705,0.4125989909682955,0.304637610912323,0.4691409113417779,0.4865526028775743,0.4997871656502996,0.30091590700404985,0.289801294782332,0.05089624226093292,0.6845614997270916,0.19975569737809046,0.28792120330035686,0.22096426492290838,0.4254300519824028,0.13290385422962053,-0.11084350464599473,0.1473938918539456,0.7335483415850571,0.31340963978852543,0.18335943828736032,-0.012720547616481781,0.1349157840013504,0.0022606727268014637,0.11608993288661752,-0.077792136530791,0.0537952014378139,-0.03521455877593586,-0.06612659032855715
ERR1370366,1,-0.07297793602836984,-0.049908693613750596,-0.13429750289235795,-0.10532970327351775,-0.09025263759706702,-0.08486221464616912,-0.12363358374152865,-0.13811123583998,-0.0547280628234148,-0.05175413637022887,-0.06835739367774554,-0.0930275416799954,-0.07802239858678409,-0.08613034497414317,-0.09973018463434917,-0.0879095464146563,0.03174346100006785,-0.11432775855064392,-0.06174930577565517,0.021090479833739146,-0.01843744090625218,-0.0764248107693025,-0.09447326990110534,-0.12118571837033544,0.17586774272578104,0.31685113108583857,-0.09499592147767544,-0.025303510026008422,-0.1292609285031046,0.23357485554047994,0.2574685865214893,0.35802234070641653,0.9827666588659797,0.8911084149565015,0.389329128499542,1.5886296097721373,0.6780570756111827,1.2252726746456963,0.9157557189464569,1.6053809076547623,1.1342397161892481,1.3121091861810004,1.6571753599814005,1.9449516066483088,0.7040197519319398,1.9184312181813377,1.0821408491049493,2.203818244593484,1.6143552320344108,0.9993545301258564,1.5393231511116028,0.9012003093957901,1.0724885378565108,1.969219011919839,1.6236199513077736,1.110399873128959,0.889283609177385,1.7725621770535196,1.775188704087798,1.2801259926387243,1.6226885276181358,1.6817189348595483,1.73691345192492,1.7754455506801605
ERR1370367,1,-0.015137757174670696,-0.05325790760772569,-0.11880883680922645,-0.10734520746128899,-0.08411362314862865,-0.10841897642239928,-0.11425173043140344,-0.09552926516958646,-0.05903251449178372,-0.06594137182193142,-0.10569625933255468,-0.10025884264281817,-0.08330591089491333,-0.1254553459584713,-0.09600061218121222,-0.109480249895049,-0.04754180165140757,-0.12747204144086158,-0.09463753747487706,-0.03019997963981171,-0.012767248387847627,-0.10657463701707977,-0.048527582947696955,-0.05663209355303219,0.20123259398886667,0.13046926792178834,-0.05282277420961431,-0.016932008987558738,-0.11424164740102631,0.2964813528316362,0.3722814310874258,0.551549604428666,1.1009144335985184,0.932504375066076,0.6659550837108067,1.5839322635105677,0.920462894652571,1.1916009248899562,1.053545015198844,1.6673937690045153,1.0948398017457552,1.6305084292377745,1.517661170235702,1.7169689078416144,0.6309834122657776,1.9987534224720938,1.0067177159445626,1.8987283727952413,1.4088128060102463,1.2565131629151958,1.0762156961884881,0.8530498583401952,0.8924132638743946,2.102413603237697,1.7190331050327845,1.0992721430957317,0.6050504635661907,1.5144279333097594,1.354239852300712,1.2533599585294724,1.298120018094778,1.3259822875261307,1.2141116596758366,1.4289782999881677
ERR1370368,1,-0.05115166785461562,-0.05603033024817705,-0.1284546319927488,-0.1192411764391831,-0.09010572332356657,-0.11234657732503754,-0.11513026111892291,-0.10406456408756119,-0.05852970600660358,-0.07802043935017926,-0.10695703720141735,-0.11108562988894326,-0.0858974919787475,-0.13353324734738894,-0.0813841170498303,-0.10573519619980029,-0.044790782067658644,-0.13404700106808118,-0.10459915791372103,0.002599847103868212,-0.0185849629342556,-0.08812213888657945,-0.05340358827795301,-0.05982941708394459,0.12040684052876063,0.06553261301347188,-0.056140730290540626,-0.03347631889794554,-0.13044958135911397,0.2535739998732294,0.40213012768487844,0.5059595480561256,1.0237520138866134,0.8556838626308101,0.5962945712464196,1.432076741542135,0.8144489111644881,1.01118417935712,0.9503996010337558,1.6005986763962678,1.0368232349199908,1.5874758107321603,1.6053146049380302,1.6242885908910207,0.5327848438173532,1.9155742483479636,0.977782570890018,1.800967161144529,1.2879486743892943,1.1522691526583262,1.0203670869315309,0.8847000135907105,0.9446673206319767,2.040670190538679,1.5808651745319366,1.1783950541700636,0.6321384582136359,1.5558196327516012,1.2196234166622162,1.11448201750006,1.2905339673161507,1.2344255319663457,1.1355215827269214,1.3279290476015635
ERR1370369,1,-0.0845948609390429,-0.09944428796214717,-0.1258364330445017,-0.13796261165823256,-0.11573812312313489,-0.10017307209117073,-0.0867457166314125,-0.0549876657979829,-0.0633252856454679,-0.07206641669784274,-0.12116261784519468,-0.12311666884592601,-0.08435002288648061,-0.06865837052464485,-0.056964533137423654,-0.15241403877735138,-0.02891232179743903,-0.11839102581143379,-0.09133037392582212,0.03692339360713959,0.008802446137581552,-0.14541236577289446,0.12385089622278299,0.012055547109672002,0.05352668144873211,0.026002364499228343,0.04205721975969417,-0.06776607182941266,-0.1293296760746411,0.2631515860557556,0.09513050530638013,0.14342265043939864,0.46940613857337404,0.49751230435711996,0.3961103791370988,0.7589668865714755,0.40788560467106955,0.5606191190225738,0.3402156712753432,0.6877390979123967,0.5841307895524162,0.6280306535107749,0.5157491016268198,0.6281885483435222,0.32459667830594946,0.9988539364588048,0.3669692049069064,0.6636767557023892,0.4404418710619211,0.6600825935602188,0.423586905002594,-0.002467822017414229,0.3229025182122963,1.0036334012235915,0.635857672563621,0.363975818668093,0.07494167238473892,0.3975505485265915,0.23995686036401562,0.20795567333698273,0.1097856770668711,0.41216618035520824,0.1536532369043146,0.058981041823114665
ERR1370370,1,-0.09390376242143768,-0.11690366374594825,-0.09426277024405343,-0.10741726814636163,-0.07943279189722878,-0.1384581614817892,-0.12654436033751285,-0.07295574567147664,-0.01658129851732935,-0.11000708916357585,-0.11399262637964316,-0.14600696627582824,-0.14249929253544127,-0.14027707065854753,-0.1024945080280304,-0.11077118664979935,-0.05595334832157407,-0.14385388685124262,-0.11577272415161133,0.06983420146363122,-0.02611019249473299,-0.12771185913256236,0.09283395537308284,-0.07597861226115908,0.13357877837760107,0.03470420790836215,0.02683597377368382,0.00717704596796206,-0.08358040026256017,0.2840670219489506,0.18121134862303734,0.193365117401949,0.6175801636917251,0.5291693945016179,0.21712244594735758,0.5726790470736367,0.36600925986255917,0.4869610769674182,0.39222778912101475,0.6119014226964542,0.5771393914307866,0.4398243672081402,0.33054741259132114,0.5967932184492903,0.12334670073219708,0.6802508301500764,0.2600566394227956,0.2758398359375341,0.21573435302291596,0.4563375179256712,0.17043523543647357,-0.03097387509686606,0.1934469203863825,0.7422466522880963,0.3540558179042169,0.14703815004655293,0.011497899889945984,0.26441269434456316,0.023622910159506967,0.18381145802725637,-0.054423468453543525,0.16430797560938767,-0.08323801628180913,0.12698937633207866
ERR1370371,1,-0.10270349974078792,-0.1375029379768031,-0.11045932077935763,-0.1306597510618823,-0.09635914223534721,-0.08737395065171379,-0.09453119390777179,-0.025958959545407976,-0.05812260588364942,-0.11418000395808901,-0.10306189634970256,-0.1529285226549421,-0.11654950784785408,-0.10656339994498662,-0.04962459352931806,-0.15665045806339808,-0.07035872765949794,-0.10943536167698246,-0.09324314232383456,0.03035276702472142,0.004510627261229924,-0.1302973311394453,0.10611603355833463,0.043359999145780294,0.020271573747907366,0.07305971107312612,0.05827139623995338,-0.07237752048032624,-0.10164077367101397,0.24222356932503836,0.12426515881504331,0.004005838717733111,0.30560518162591116,0.3747465355055673,0.31091845674174173,0.6308836277042117,0.40948766842484474,0.47567251324653625,0.32894343776362284,0.34002891967871357,0.5321801515030009,0.4063038932425635,0.2772058823278972,0.3151321379201753,0.10476088630301612,0.5927056709104883,0.16990934911050967,0.1277921540396554,0.16909755234207427,0.47513496024268015,0.1974670463906867,0.008305929601192474,0.12797818066818373,0.57106514275074,0.16213126703431563,0.21521152130195073,-0.018742448251162256,0.07544309832155704,-0.015864164967622076,0.17311743646860123,-0.08828273921140603,0.024959589753832136,-0.019163283918585097,-0.12320727189736706
ERR1370372,1,0.03825219427900655,-0.044642363009708266,-0.11757696845701762,-0.11512922495603561,-0.07482208314883922,-0.12055385402137679,-0.0843237369720425,-0.10052769950457982,-0.06856222234533302,-0.058548784482159784,-0.105015686580113,-0.09601896735174316,-0.07720252212935261,-0.1124954145135624,-0.09650053581156369,-0.10037534770422749,-0.03265055528442774,-0.12037502096167632,-0.09929473348893225,-0.06032913098377841,-0.004495232232979366,-0.09527979498463017,-0.0446955854339259,-0.05393305527312415,0.18128071006919658,0.19480804726481438,-0.05138913058077118,0.02232135838962027,-0.12129159697464534,0.28830420332295553,0.20225476952535765,0.6021989573325429,1.1518724063145263,1.0491967328957148,0.6169946991971561,1.7352772865976607,0.6842882760933467,1.3393015297395843,0.8993209089551654,1.6234783176332712,1.2082517487662179,1.6519469994652485,1.3540004853691374,1.8110169331942285,0.6775907320635659,1.904654129474823,1.1046603194304876,1.9390040087912763,1.3272968445505415,1.3621018741812025,1.2719482545341765,0.902725841317858,0.9410290739365986,1.9475776978901453,1.5416660260941302,0.9608233219810894,0.6333191309656415,1.395515232213906,1.415712486420359,1.2161870683942522,1.2089037485420704,1.4242306500673294,1.1659369814608778,1.4393902804170335
ERR1370373,0,-0.11031731271318027,-0.12407673629266876,-0.12456985243729182,-0.10783396395189422,-0.11142931985003608,-0.08938899104084287,-0.109627580004079,-0.028813302516937256,-0.010258980627570833,-0.1260162533393928,-0.11034343072346278,-0.12444349298519748,-0.10040007531642914,-0.07334356648581368,-0.02051654670919691,-0.1252249373522188,-0.06417800911835261,-0.12313059770635196,-0.04382240559373583,0.1744834684899875,-0.013237262144684792,-0.08328131958842278,0.20829096649374282,-0.01855375724179404,0.033138747193983624,-0.012311473488807678,0.12680350776229585,-0.05308544795428004,-0.05967120826244354,0.271394255460109,0.321891791586365,0.17129692754575185,0.4663117953709194,0.5624354971306664,0.34188280653740677,0.66583580976086,0.44330988528339993,0.2654926819460733,0.3451455719769001,0.6588495682392802,0.5478492891415954,0.4727614639060838,0.23948906947459495,0.43342020149741856,0.1789773315457361,0.5622454891646547,0.1723023967019149,0.3496523792190211,0.33685168703751905,0.40596924988286837,0.17153801516230618,-0.044868105224200656,0.32305650413036346,0.6857160617198262,0.41196947757686886,0.42662811438952175,0.1538881409381117,0.15376180623258864,0.08471154847315379,0.1244076383965356,0.06884683562176568,0.1149974028979029,-0.022268197432692562,-0.039184517094067166
ERR1370374,1,0.001425912869828088,-0.04835906032738941,-0.1314769142440387,-0.10853537863918714,-0.0832659862935543,-0.10506599629297853,-0.11510359442659787,-0.11040478678686279,-0.08065978989803366,-0.0639983442212854,-0.10463323178035873,-0.09705930815211364,-0.08027234394103289,-0.1190158450709922,-0.10404639258714658,-0.09273699684334653,-0.03436301562136838,-0.10373890433194381,-0.08059525473176368,-0.04849734742726598,-0.030614792768444334,-0.08475660319839205,-0.0894317307642528,-0.09042058140039444,0.19727638829499483,0.18038128156747138,-0.08269010025209614,0.005007335284192648,-0.12527736169951303,0.21906270938260214,0.2324747030756303,0.6178080506090607,1.1308902927807398,0.954773544200829,0.5592238666223628,1.6820427434785026,0.7672786124582801,1.3865446810211455,0.9754698255232402,1.684783494632159,1.1423799919762783,1.7108103249754225,1.5466748923063278,1.970115037901061,0.6955720894038677,2.027863755023905,1.163109051329749,2.1773837081023624,1.505950121292179,1.3371802057538713,1.4050954622881753,1.0402476234095437,0.9877357621278081,2.20235721554075,1.6987429580518179,1.0817306893212455,0.8222476307834897,1.84465434721538,1.7736639423029763,1.5259183560098921,1.586267001926899,1.629028934453215,1.4970693646797113,1.9173781148024969
ERR1370375,1,-0.08312455218817506,-0.09835795047027725,-0.1208004919545991,-0.12398241460323334,-0.09506452030369214,-0.099324264430574,-0.09775352052279881,-0.060975244002682824,-0.05561944177108152,-0.09328964272780078,-0.09634656778403691,-0.14536116485084807,-0.108860082924366,-0.09670212545565196,-0.0655114898192031,-0.1447458884545735,-0.05070387891360691,-0.11296618729829788,-0.10777334735861846,0.03001245217663901,-0.009824651160410472,-0.14373974821397237,0.05088078549930027,-0.00019502746207373484,0.05621805042028427,0.05645805277994701,0.03840709384530783,-0.07183523642431412,-0.13061076562319482,0.2221157912697111,0.20606855941670282,0.14169484855873243,0.533649035862514,0.5471848036561694,0.4444991404722844,0.8672986584050315,0.5296244094414371,0.5675530359148979,0.5247557078089032,0.8150989823043346,0.6778673576191068,0.8026765691382545,0.5452277692300933,0.6422291604269829,0.2633487042039633,1.0175808009558491,0.3096576748149736,0.68663589656353,0.5384218405400004,0.6817164234817028,0.4548479361193521,0.1186958657843726,0.40721573893512997,1.0234762749501638,0.6889936487589564,0.4423984321100371,0.15866235776671342,0.5169654227793217,0.3216849820954459,0.3954997318131583,0.16122026209320342,0.3700565791555813,0.18575314538819448,0.027248365538460866
ERR1370376,1,-0.07482686984751906,-0.039181176772607226,-0.14125029849154608,-0.0940859466791153,-0.10751893211688314,-0.09815092770648855,-0.09850068097668034,-0.1272286900452205,-0.0787689978855529,-0.050322312861680984,-0.08108708901064736,-0.09301891204501901,-0.07613814176459398,-0.10630699247121811,-0.10082894237712026,-0.08751476210142885,0.010970353548015867,-0.14228480522121703,-0.10348263449434723,-0.047781670199973245,-0.0032974800893238614,-0.07784971248890672,-0.05548576904194696,-0.1058517758335386,0.15113590338400432,0.2950960493513516,-0.0850710413152618,-0.02683432586491108,-0.12246671531881605,0.2316597088107041,0.25321478715964724,0.4562728096331869,0.9991465461041246,1.0089266507753305,0.4198433001126562,1.5683668702840805,0.6211888343095779,1.3847026910100664,0.9336480775049755,1.3680453283180083,1.117473589522498,1.2297297992876597,1.6486413053103857,2.0831594294203177,0.6476552470454148,2.0330330431461334,1.174862460100225,2.178477415016719,1.5568830179316657,0.9851136989891529,1.5222828047616142,0.82789154031447,0.8368260903017861,1.8702751653535026,1.4497441742569208,1.0558252148330212,0.8055822551250458,1.707583530672959,1.4586433236088072,0.9657380346740995,1.407097618494715,1.498259763632502,1.5401470788887568,1.3955279971872057
ERR1370377,1,-0.058057475302900584,-0.0784979300307376,-0.10302683072430747,-0.10553228642259325,-0.07892493637544769,-0.11832943172859293,-0.09657188877463341,-0.0847679456429822,-0.05988257844001055,-0.07851179023938519,-0.09263913922144898,-0.11528703251055308,-0.11036474630236626,-0.12341223231383733,-0.0623525899967977,-0.11159731500915118,-0.04650879065905299,-0.13101643111024583,-0.12074377228106771,0.038298489792006354,-0.014602544052260262,-0.13004558639866964,-0.0021887214056083132,-0.025903885385819843,0.10941985676929887,0.14910190552473068,-0.015096718312374182,-0.05700324422546795,-0.13333654403686523,0.24200094384806498,0.2497475559690169,0.372931143535035,0.8552351434315953,0.8080987217170852,0.5755688760961805,1.2657835015228815,0.5960923901626042,0.8719672395714692,0.6544613848839488,1.2314430879695075,0.9708291717938015,1.2400183188063758,0.7995433035705771,1.1435362590210778,0.5193650227572236,1.392693508715768,0.6315241168652262,1.1655966705709164,0.8382606112531253,0.9993322978594473,0.8020245511350887,0.3762218936213425,0.6264014546094197,1.4495247730187006,1.1981590677418612,0.7097694405487606,0.37551455412592205,0.9304849409631321,0.718166713735887,0.7761558555066586,0.5854254077587809,0.8394828949655805,0.5720491797796318,0.3889896273612976
ERR1370378,1,-0.10210716983835612,-0.09924073996288436,-0.12540916885648454,-0.15132037390555655,-0.08232546065534864,-0.03663703799247742,-0.05789487702505929,0.08372934375490461,0.02709564340433904,-0.12155221775174141,-0.09191640785762242,-0.08634927556184786,0.04564237807478223,-0.015732659825256894,-0.06537125106634838,0.04264092445373535,-0.0008004209292786462,-0.05220126041344234,0.1187454154714942,0.07196425061140742,0.02439611218869686,0.01010463506515537,0.4109537388597216,0.13894496432372502,0.02777691770877157,0.13630631885358266,0.1520172046231372,0.0013733452984264918,0.05966678774815851,0.23594994523695537,0.18041921619858062,-0.049609706604055,0.08177541409220014,0.12846016990286963,0.24596761246877058,0.3356888507093702,0.29596233846885817,0.2795956289129598,0.05928040495408433,0.13117047718593053,0.30452401882835795,0.21223614058856452,0.14585607339228904,-0.012625719021473612,0.0007189703839165824,0.1342472974876208,0.042376255350453515,-0.09719482809305191,-0.08847476675042085,0.3015216527772801,0.04647550731897354,-0.05828009492584637,-0.01879177415477378,0.24152362186993873,-0.10273251795609083,0.07108195019619805,-0.08032120524772576,-0.08103236502834729,-0.08430848164217812,-0.01712780339377267,-0.08589111135474273,-0.05738517163055284,-0.12063173843281609,-0.11425482296077202
ERR1370379,1,-0.07540638106209892,-0.06724024351154055,-0.11384332925081253,-0.12683486672384398,-0.08142172531890017,-0.11535207794180938,-0.09324102609285287,-0.07625854121787208,-0.04854544351941773,-0.07858980180961746,-0.09911946207284927,-0.11410680865602833,-0.1067544724792242,-0.12659970511283195,-0.06726780666836671,-0.11300503289593118,-0.06032745287354503,-0.12975372640149935,-0.13238379419116036,-0.002209464886358806,0.001101304910012654,-0.12356631590851716,0.010935699833290917,-0.011240482330322266,0.10157426127365657,0.02162059343286923,-0.007350087764539889,-0.07055667242301362,-0.12294237741402217,0.24835347277777536,0.3687694361433387,0.4832928690926305,0.8579951045768601,0.7868258889232363,0.5774938996349063,1.322864932673318,0.6871513926557132,0.8347864769997874,0.6161925784711327,1.5599321225391967,0.943194140280996,1.4559233784675598,1.2417740550424372,1.2710817456245422,0.4563789192054953,1.5713023997044988,0.816103912224727,1.468391984052557,0.9310354526553836,0.8239356683833259,0.8238004355558327,0.5648712196520397,0.7442917014871325,1.6186562010220118,1.2083793580532074,0.8732631206512451,0.39788910480482237,1.176614670615111,0.7456479791019645,0.8030509895512036,0.8094786554574966,0.9315068785633359,0.7456581587237971,0.7877128073679549
ERR1370380,1,-0.06321521236428193,-0.04503635037690401,-0.13489463925361633,-0.10894837656191417,-0.0883627301082015,-0.10228419077715703,-0.10957634023257665,-0.13366640039852687,-0.08715189852020037,-0.034873081637280326,-0.09948037617972919,-0.10627147581960474,-0.08895634267745274,-0.10556496413690704,-0.09415033752364772,-0.10300374749515738,-0.014985141543937581,-0.12872441725007125,-0.08900424209423363,-0.05491764949900763,-0.049265631075416295,-0.11507804239434856,-0.05501835021589484,-0.11779991696987833,0.11817829523767744,0.23334788424628122,-0.08727291439260755,0.003938859860811915,-0.12838084889309748,0.2541129262452679,0.2031179325921195,0.4732335779283728,0.9802781561655658,0.9187017987881388,0.37563665051545414,1.5135391716446196,0.6369891598421548,1.305989797626223,0.8630692682095936,1.4058887117675372,1.0128979086875916,1.168985175234931,1.571327936835587,1.8627708413239037,0.5872528739273548,1.9763182454875536,1.0812521779111453,2.0025072949273244,1.4736483544111252,1.0128527081438474,1.3895069797124182,0.614724477486951,0.8813697514789445,1.9156338657651628,1.523769073188305,0.9711499650563512,0.7793058561427253,1.6978711549724852,1.4393315762281418,1.006695174745151,1.414882059608187,1.5317222433430808,1.4035140259989671,1.4284106578145708
ERR1370381,0,-0.09377988614141941,-0.10048363570656095,-0.002468089440039226,-0.09977307170629501,0.07813365917120661,-0.06066883195723806,0.03779809895370688,0.22239090289388383,0.10483676461236817,0.0396069490483829,-0.1085184094096933,-0.032991879752704074,0.07358489132353238,0.053845125915748734,-0.055973152929384797,0.14634430408477783,0.1383067039506776,0.004660574719309807,0.1882487568738205,0.07203339040279388,0.04601572773286274,-0.07967699159468923,0.5778705499001912,0.16628344995634897,0.17431272672755377,0.12381355570895332,0.1547447851459895,0.037232886999845505,0.10234328279537815,0.2666677215269634,0.08881576412490436,0.04594763049057552,0.1884094849228859,0.1517826455445694,0.30325225102049963,0.2633281238377094,0.34216368943452835,0.3221335581370762,0.0933719522186688,0.11786840377109391,0.41449820143835886,0.23878491909376212,0.19006802514195442,0.06321374885737896,-0.026451586346541132,0.3441919744280832,0.14067968406847545,0.06692707645041603,-0.02956605569592544,0.3686049104269062,0.030959137848445346,-0.08364162274769374,0.057961387293679376,0.45997047637190136,0.004257386816399438,0.021714248827525547,-0.07324120535382203,-0.018713518444980894,-0.05676971562206745,-0.007938733058316367,-0.0963513223188264,-0.04445946216583252,-0.07587641743677002,-0.1066803117947919
ERR1370382,0,-0.0023610075669629233,-0.050351387288953574,-0.1108640411070415,-0.10714321477072579,-0.07670227704303605,-0.11250699617500816,-0.1116714740970305,-0.09240327828696795,-0.03212115740669625,-0.06069129266377006,-0.08458674592631203,-0.09622977594179767,-0.08565162468169417,-0.11117235038961683,-0.09044171869754791,-0.09547679964452982,-0.01491682477561491,-0.12833633060966218,-0.10563563349257622,-0.012733476502554757,-0.03150358370372227,-0.10191062305654798,-0.05873784316437585,-0.05975804424711636,0.25377522462180685,0.18366086270127976,-0.06334699793452662,-0.015054915067074555,-0.12269751088959831,0.2702036255172321,0.2815293712275369,0.5432547501155308,1.111581620893308,1.0452159488839763,0.6094849657799516,1.6454370021820068,0.7593274818999427,1.215789723609175,0.9755972316488624,1.616291917860508,1.0836215881364686,1.6027466064052922,1.3845662511885166,1.7187862651688712,0.6708979500191552,1.8579517685409104,0.9976249166897365,1.7983254962600768,1.3996202562536513,1.3023614585399628,1.2146355914218085,0.8434155296002116,0.8316989684743541,2.0179450724806105,1.6460589404617036,0.9654961824417114,0.595782437494823,1.4757712206670217,1.410065878714834,1.2123350756508964,1.1879194538508142,1.449955484696797,1.2176107758922237,1.457738217498575
ERR1370383,1,-0.072334342636168,-0.04178147643272366,-0.1351606941648892,-0.10365925090653556,-0.1009252132581813,-0.10481097615723099,-0.10267574952117034,-0.1296550099338804,-0.06892902324242252,-0.03684036513524396,-0.0966220386326313,-0.10043799531246934,-0.08255088495622788,-0.12033548658447606,-0.1015035501415176,-0.0973365611529776,-0.014484628768903869,-0.13987047411501408,-0.11359732594740178,-0.04178987656320844,-0.0036871465189116342,-0.07565186092896121,-0.06504546425172261,-0.11427443314875875,0.2051690412419183,0.22286842869860785,-0.09021944725619895,0.01868448286716427,-0.12052129954099655,0.315939798951149,0.29421326730932507,0.4208110762493951,0.9605772442051342,0.9876092959727559,0.43793105413871153,1.5302390264613288,0.6832871370549712,1.3324993550777435,0.9682750808341163,1.5096325406006403,1.1183874713523048,1.259379921214921,1.750795050125037,1.9220370980245727,0.6446927301585674,2.0299131742545535,1.1102866658142634,2.1840232695852007,1.6053273192207729,1.027247283075537,1.4820247441530228,0.8541544367160115,0.9361317807010242,1.8950540678841727,1.4741773722427232,1.1513026473777634,0.8044986256531307,1.711694362972464,1.4191505994115556,1.0813553354569845,1.4336734818560737,1.499571104134832,1.4192713658724512,1.5548540108970232
ERR1370384,1,-0.04128888342529535,-0.05055299946772201,-0.1254940235189029,-0.11309117238436427,-0.09338911203667521,-0.11489185584442956,-0.11000084610921997,-0.10266436317137309,-0.07497545065624374,-0.0773437590604382,-0.10415763620819364,-0.10966510778026921,-0.08412476216575929,-0.11990570070754204,-0.09292253798672132,-0.11112736724317074,-0.051651868353863914,-0.12957341942403997,-0.10536163935570844,-0.05584507768175432,-0.007830529872860228,-0.11378536506422929,-0.013018840275305723,-0.04858369566500187,0.13131428776042803,0.06231865978666714,-0.051100908304631175,0.00389858684502542,-0.11502781616789955,0.3571110399706023,0.33323782522763523,0.5588425919413567,1.0797272750309534,0.9534268411142486,0.618222356906959,1.5007307508162089,0.8842760984386716,1.127852497888463,1.0320504478045873,1.6103118181760823,1.1313254641635078,1.545475314770426,1.5554738364049367,1.6367968980755125,0.5837533048221043,2.0099149007749344,1.0405220772538866,1.832506198968206,1.3870862956557954,1.1673887542315893,1.025434126545276,0.8670996416892324,0.9040591631616864,2.0856784411839078,1.7012347046818053,1.2015581764280796,0.6229373833962849,1.5307420875344957,1.2116989259208952,1.1233223314796175,1.3179019958313023,1.2669043764472008,1.1730404743658644,1.2962228315217155
ERR1370385,0,-0.07076474651694298,-0.10697118166301932,-0.09102859321449484,-0.11421803039099489,-0.07861398852297238,-0.13283549142735346,-0.12123616465500422,-0.09276414928691727,-0.0003493976380143847,-0.09527613169380597,-0.08513904788664409,-0.13798856415918895,-0.14151403520788466,-0.1361054815351963,-0.0441523250525019,-0.1390599991594042,-0.06683470574872834,-0.14282461468662536,-0.1344235326562609,0.08107643574476242,-0.04188816675118038,-0.1445234322122165,0.02954141582761492,-0.010015912353992462,0.13796270000083105,0.1623450858252389,0.005436375737190247,-0.10731058195233345,-0.14680400703634536,0.21377238418374742,0.12920268092836654,0.1293376503246171,0.5344939130757537,0.5960867500730923,0.4643305369785854,0.9077424705028534,0.45378268882632256,0.6493685586111886,0.4686173860515867,0.7767585675631251,0.6931874709469932,0.8152697416288512,0.49494929185935427,0.7265745050140789,0.33133394590445925,1.042805730631309,0.3514658079615661,0.6415475649493081,0.5865975378879479,0.7332305801766259,0.5297996039901461,0.176770595567567,0.2978281522435801,0.9661026064838681,0.7385226190090179,0.4055316100296165,0.14260839085493768,0.5166826168341296,0.35879301173346384,0.453892356050866,0.15457680448889732,0.4702469440443175,0.30313355582101004,0.054051327386072705
ERR1370386,1,-0.08278820184724671,-0.07623627435948167,-0.09312409960797854,-0.12104810721107892,-0.05722577849935208,-0.09491203346156649,-0.1079566527291068,-0.06859419069119863,-0.07173081593854087,-0.09073784475081734,-0.08910985104739666,-0.1348278277686664,-0.10558563151529857,-0.10505548292504889,-0.06874050126810159,-0.13714698761967675,-0.04763639685032623,-0.11939806384699685,-0.13114823627152614,0.016295113733836582,0.001408502459526062,-0.12922261069927896,0.07463358129773821,-0.04404638494764056,0.06074386302913938,-0.010390898478882653,0.016744545893743634,-0.05876283350932811,-0.10754019767045975,0.23313590032713755,0.38570648298731874,0.4333903555359159,0.813004871564252,0.740520886012486,0.614254528922694,1.262765375631196,0.6733888643128532,0.7537206077416029,0.6997083808694567,1.3808755289231027,0.9618669769593647,1.2248976741518294,0.9903062789567879,1.0084356271794863,0.532187148396458,1.428950630727091,0.6998061282294137,1.3858097333993231,0.8724719711712429,0.8520663582852909,0.7288763193147523,0.3830862689231123,0.7723947603787694,1.6268061016287123,1.2936170186315263,0.8298530913889408,0.43385728262364864,1.0542111886399133,0.7955002316406795,0.7069592396063464,0.7626937053033284,0.9205047935247421,0.5915645621716976,0.6868290113551276
ERR1370387,1,-0.05109182878264359,-0.0475860856739538,-0.13129487048302377,-0.11055953215275492,-0.0974696835369936,-0.10533925910879459,-0.11902977973555348,-0.14043069843735015,-0.08429930836427957,-0.06611428196941103,-0.10193006827362946,-0.10796429802264486,-0.09003813158986824,-0.10611888327236686,-0.11758600102205362,-0.10326896734269601,-0.0624913500754961,-0.1287633551151625,-0.07288210183781173,-0.0574949106999806,-0.03475176276905196,-0.10947799602789539,-0.059254366372312815,-0.10939586255699396,0.10781380800264222,0.165085641933339,-0.09680229543508696,-0.012187815238056439,-0.12821198574134282,0.21059685732637132,0.21459942790014402,0.5854406316897699,1.0673936709229435,0.9359577745199203,0.44941347518137525,1.6562833551849638,0.7059547384934766,1.4231970331498556,0.979698087487902,1.584016456667866,1.0527004168501921,1.3546011437262808,1.596128978899547,2.0028953988637244,0.647189966535994,2.054734636630331,1.2104222487126077,2.220006048679352,1.524480210883277,1.1664438854370798,1.5023595818451472,0.8218969468559537,0.9849164714770657,2.0894665803228105,1.5537198867116655,1.0384132266044617,0.8724117875099182,1.8999085947871208,1.769286802836827,1.229509832603591,1.663255289196968,1.6799372008868627,1.629752722701856,1.786335791860308
ERR1370388,1,-0.040839804735566886,-0.04484616459480354,-0.12324787197368485,-0.10544219666293689,-0.09143470640161208,-0.10096704979826297,-0.11269725425102349,-0.1255419488464083,-0.0832836210777584,-0.06687164685821959,-0.10520875959524087,-0.10778350476175547,-0.08769238873251847,-0.1248331319407693,-0.1134093192938183,-0.10646533666710768,-0.040265291796198914,-0.12176629275615726,-0.08795716433918901,-0.05629728574837957,0.032512257141726356,-0.10869941793914352,-0.06712574957470809,-0.09239551744290761,0.19796466029116086,0.12743930758110114,-0.08786996540480427,-0.012050947972706385,-0.11370376710380826,0.28885657752731014,0.20945162146485277,0.4928489034729345,1.0058919755475861,0.8914422531213079,0.49757893037583145,1.5467661869313036,0.7470484127157501,1.2841630237443107,0.965704911521503,1.5473693579967533,1.1215692609548569,1.4614465917859758,1.5487894765101373,1.802329926618508,0.6572308178458895,1.9684095358742135,1.1533462681940623,2.0606613414628163,1.4578755838530404,1.1827144984688078,1.2534539018358504,0.8307120704225132,0.9559834195034844,2.0669391751289368,1.6296833732298441,1.060560043901205,0.7712644125734057,1.6395633156810487,1.5714018259729658,1.2623682682003294,1.4721985778638296,1.5519563385418482,1.3480008829917227,1.6032340696879797
ERR1370389,1,-0.0663879971419062,-0.06090487114020756,-0.11767817182200295,-0.11256476332034383,-0.10234897450676986,-0.12352694251707622,-0.08947645713176046,-0.08636356517672539,-0.073692926737879,-0.0992210784128734,-0.1036420991378171,-0.12196829169988632,-0.10871030017733574,-0.11998280989272254,-0.06498527313981738,-0.12686099112033844,-0.050707107675927024,-0.1328605477299009,-0.13621982080595835,-0.008910345711878367,-0.021360634693077633,-0.12228189994181905,0.023594334721565247,-0.03759355949504035,0.12022779775517327,0.06358326545783452,-0.021872306508677348,-0.029200264385768344,-0.12945427958454406,0.3049856701067516,0.23917457780667714,0.40306464210152626,0.8219456395932606,0.7865620292723179,0.5068784835083144,1.061422310769558,0.6467738172837666,0.8407480588981083,0.6994747359837804,1.0955650785139628,0.9598282277584076,1.1374772755163056,0.9811325212940574,1.1156163492373057,0.4377128428646496,1.5392030208770717,0.6931941646284291,1.2547827096922057,0.9300025616373334,0.9408565131681306,0.7177015553960311,0.30323621524231775,0.6014782850231443,1.5547876613480704,1.2315935833113534,0.7798261967088495,0.3395006403193942,0.9121685217001608,0.611579528344529,0.6029108118798051,0.6698001538004194,0.7567812757832664,0.6285916649337325,0.5497528754972986
ERR1370390,1,-0.02658338804862329,-0.04118438796805484,-0.12165336523737226,-0.10734079671757561,-0.08325744087674788,-0.10757896463785853,-0.11096297616937331,-0.10505176282354764,-0.0892847378771486,-0.07309108852807965,-0.09110544568725995,-0.09895340699170317,-0.08542262709566525,-0.11913631630263158,-0.11596933552729231,-0.11433338932693005,-0.06370312575849571,-0.1255940818893058,-0.0762991831101577,-0.08914283450160708,0.017759039998054504,-0.10485987498291902,-0.03678464623434203,-0.07443015756351608,0.14838391542434692,0.040421344339847565,-0.08342498703028209,3.259163349866867e-06,-0.1081352276461465,0.24729549352611815,0.2502377373831613,0.595532241676535,1.080741879663297,0.9528380536607334,0.5461768489331007,1.5413102975913457,0.823118984167065,1.3418224890317236,1.0201463252305984,1.6509802070047175,1.1210567482880183,1.5410398777042116,1.558973522058555,1.7423843517899513,0.6340299642511776,1.9866426709507192,1.0571251937321253,2.0079106209533557,1.3802248984575272,1.2125712952443533,1.1837492627756936,0.8445077378834996,0.9496742049232125,2.102769068309239,1.625836866242545,1.0200266598590784,0.7281549125909805,1.644341888172286,1.4568090939096041,1.3197856396436691,1.3672048619815282,1.418652253491538,1.2557774223387241,1.5121027018342699
ERR1370391,1,-0.006088601159197944,-0.055158794591469426,-0.11345783727509635,-0.11317455821803638,-0.07367177028208971,-0.12554351167221153,-0.11735513194331101,-0.11124130338430405,-0.04164557345211506,-0.06838087258594376,-0.10261944255658559,-0.10224412275212151,-0.09828192820506436,-0.1269108152815274,-0.10335850409631218,-0.09240954322740436,-0.020761015558881418,-0.12250368456755366,-0.11333432707137295,-0.008021645514028413,-0.014844878975834166,-0.1079596970230341,-0.04967294739825385,-0.08521384320088796,0.24296748638153076,0.20715817755886487,-0.06320779880375735,-0.03155994026123413,-0.12143487270389285,0.24642674092735564,0.28541214551244465,0.4545196294784546,0.984634283397879,0.9465814871447427,0.6283536396388497,1.6219020911625452,0.6391188294759819,1.2084824996335166,0.9037986440317971,1.5564595351793937,1.012371115386486,1.5769695256437575,1.2788389968769545,1.6574886361403125,0.6639676094055176,1.795650786321078,1.0132713552032198,1.7795201414929969,1.3023331527199065,1.2668800673314504,1.1955203371388572,0.7941088601946831,0.85239641474826,1.930515387228557,1.6048574575356074,0.9004968559103352,0.6166001419935908,1.4751057356063808,1.4308613698397363,1.2217179770980562,1.2622206115296908,1.5077055820396967,1.1539343004780156,1.5769345635822642
ERR1370392,1,-0.07769593649676867,-0.08411599429590362,-0.10978381761482783,-0.10577851214579173,-0.0896663021828447,-0.12357246183923312,-0.12447248346039227,-0.08059877902269363,-0.06602042993264538,-0.09643664796437536,-0.0888453551701137,-0.13178604628358567,-0.12180850601622037,-0.12748185651642935,-0.06124107513044562,-0.13164628616401128,-0.050050328352621624,-0.13836573170764105,-0.12744882756045886,0.028824264449732646,-0.021444646375519887,-0.12999457865953445,0.00038095563650131226,-0.045482802603925974,0.10584078090531486,0.05373343399592808,-0.007059032895735332,-0.06396620241659028,-0.14083948944296157,0.23152909534318106,0.3204352323498045,0.3299782345337527,0.8021513830338206,0.730771718280656,0.5840144146765981,1.1616452208587102,0.6584573228444371,0.7224555627575943,0.6557508057781628,1.1607593223452568,0.9263257357691016,1.1521287517888206,0.8424066070999418,0.9550557870950017,0.404133392231805,1.33794858845483,0.607083852735481,1.1532274495278085,0.7790403621537345,0.840446605480143,0.7542952316414032,0.31274367017405375,0.5887093565293721,1.4142548495105334,1.2117284876959664,0.7079548165202141,0.33346221196864334,0.9371325472103698,0.6955443801624435,0.6742716687066215,0.5377674517886979,0.8065849712916783,0.5014294950025422,0.5367823293698686
ERR1370393,1,-0.019246031663247516,-0.04056751688144037,-0.12609331203358515,-0.10303298650043351,-0.08393471262284688,-0.10685701654957873,-0.11076343857816287,-0.10073526150413922,-0.06639905859317098,-0.0667944715491363,-0.09222068690827914,-0.09873620819832597,-0.0844321929450546,-0.11806319760424751,-0.09543194428884558,-0.09865875222853251,-0.043176275644717474,-0.12646365325365747,-0.09670516351304416,-0.06516235055668014,-0.0035490627799715313,-0.09396249588046755,-0.07004984042474202,-0.07001039172921862,0.211148683780006,0.11124197819403239,-0.07462663007234889,-0.005091962404549122,-0.09019540340107467,0.2947893363556692,0.3136105255356857,0.5847508125007153,1.134705528084721,1.0114014819264412,0.5708632469177246,1.551779819386346,0.8479294170226369,1.310490797672953,1.1306996473244257,1.6732329955058438,1.1756471587078912,1.5822782670812947,1.6372176674859864,1.911777015642396,0.6409740362848554,2.073118789321078,1.0446332905973708,2.0449644396347657,1.5370567377124513,1.2731632153902734,1.2643853851727076,1.0076503934604781,0.9341245511812823,2.1167417424065724,1.6376365487064635,1.1022580446941512,0.7347070510898318,1.662372000515461,1.432056002318859,1.272117845448,1.3948901955570494,1.414083939577852,1.3641762108142887,1.611558468214103
ERR1370394,1,-0.09857974414314542,-0.12775688272501742,-0.14419212298733847,-0.144398889371327,-0.122240135712283,-0.02490570954978466,-0.03183541340487344,0.16062144083636148,0.05772937581475292,-0.006703699805906841,-0.10000582039356232,-0.041757961469037194,0.024339724332094193,0.03487621673515865,-0.034805657608168464,-0.08245284642492022,0.0530692171305418,-0.04432211284126554,0.09930257359519601,0.10385417113346714,-0.019293036311864853,-0.1253984570503235,0.26029313674994875,0.15095413901976176,0.035776477839265554,0.003529330183352743,0.23812487621658615,0.13783287762531213,-0.0791608462376254,0.24314566648432187,0.2583395466208458,0.05608403150524412,0.26123603752681185,0.32400415518454145,0.5285744933145387,0.8294477867228645,0.5376420135476759,0.3478190579584667,0.3062261002404349,0.8024972027965954,0.4565385788945215,0.6685387023857662,0.49152389807360514,0.4792559887947781,0.19078614502879127,0.8105442037672869,0.34524123796394895,0.5642023514956236,0.4613078398896115,0.42219842518014566,0.2623725506876196,0.15486521273851395,0.36365273701293127,0.8206208390848977,0.43298868143132757,0.49730145399059567,0.08401943743228912,0.41216304685388294,0.3287287780216762,0.27700679323502947,0.2821273079940251,0.38077571243047714,0.1033650514270578,-0.015224357800824302
ERR1370395,1,-0.09451875336734313,-0.11116601713001728,7.128356290715081e-05,-0.089889329458986,0.059766802936792374,-0.026560615748167038,0.06909971231860774,0.270173867898328,0.15564425768596785,0.07341441299234118,-0.10556868783065251,0.019988453813961575,0.12803346237965993,0.08884924703410693,-0.048164199638579576,0.11852195433207921,0.17534456987466132,0.027036006695457866,0.2441677836967366,0.06223146564194134,0.012448549270629883,-0.12204283901623317,0.5820191406777927,0.23131981492042542,0.17661942914128304,0.10576951044744679,0.2400111231919644,0.13813679505671775,0.07343382548008646,0.3110970248069082,0.14778288240943635,0.017776306186403548,0.17844889579074724,0.1635699554213456,0.31333734733717783,0.37013095297983717,0.45675911541496006,0.2658547194940703,0.17580345645546913,0.18556832735027587,0.40562823521239416,0.2593855417300282,0.18479154684713908,0.15549590145902975,0.04032544632043157,0.39530610678983585,0.10252902124609266,0.13433351114924466,0.035068362951278687,0.354225322005472,0.0719527296189751,-0.03546505847147533,0.10995494467871529,0.4963315927556583,0.01930281534857516,0.07681428667690073,-0.08535921846383385,-0.06068422166364534,-0.00789484434894153,-0.03267301352960723,-0.1076573867883001,-0.025234736502170563,-0.06083844123142106,-0.13385201405201638
ERR1370396,1,-0.053284654659884315,-0.0711676414523806,-0.10549070313572884,-0.11383982215608869,-0.07922046152608735,-0.12829697531248843,-0.11843385068433625,-0.09304550077233996,-0.014992271549999714,-0.0741318270031895,-0.08078716695308685,-0.11494880967906543,-0.09806259136114802,-0.12787406838365964,-0.06413077323564462,-0.10052240480269704,-0.03634807587202106,-0.1379126917038645,-0.12637686975566403,0.09427635105592864,-0.03711267241409847,-0.11763622558542661,-0.03965547467981066,-0.0281526507543666,0.16428995079227857,0.1704777010849544,-0.037205699897770374,-0.06615164144230741,-0.13018435026918138,0.22714489911283767,0.2523278713758503,0.38138255796262194,0.8648553059569427,0.7445791358394283,0.5562100467671242,1.2555174912725175,0.6500109120139054,0.8640863739752344,0.6743912757374346,1.3476945220359735,0.9089581200054714,1.3381725283605712,1.0204822261418616,1.2205530277320318,0.4894436512674604,1.4710249612107873,0.6731835018311229,1.3199247269492065,0.9595087897032499,0.9706220009497234,0.8597191042665925,0.5355249643325806,0.6324822945254189,1.575392987046923,1.256099283695221,0.7155073593769755,0.34513192690376726,1.057410365236657,0.8913039829182837,0.784200227686337,0.6909257375768253,0.9992375991174153,0.6641751046159438,0.7098502665758133
ERR1370397,1,0.05175001546740532,-0.0845596008002758,-0.08210937805207712,-0.10062960229281868,-0.059898948562996726,-0.133268892498953,-0.1040034746485097,-0.08579331210681371,-0.015970028404678618,-0.061687449658555646,-0.07137690271650042,-0.10939823596605233,-0.11464435287884303,-0.1354450530239514,-0.05931132912103619,-0.09554527433855194,-0.026039531587490013,-0.15707861951419286,-0.11049398886305946,0.004560579146657672,-0.0001101536410195487,-0.11259525801454272,-0.043839260403599055,-0.024018423897879466,0.20113287094448293,0.2742130734758185,-0.01502204526747976,-0.0466214402445725,-0.11088918043034417,0.20461711606809072,0.10556866601109505,0.26617216425282614,0.7731720544397831,0.7660824696400336,0.5184727438858577,1.3627432669912065,0.5926461246396814,1.138888201543263,0.7193741391279868,1.1643408121807235,0.9052398247378213,1.1302430725523405,0.8359758055635861,1.2609397635928221,0.45944062660315205,1.3255808683378356,0.6298058348308716,1.1431114072246211,0.842064135840961,1.0266260331762689,0.939110149014076,0.6272043660283089,0.5200364653553281,1.159286454319954,0.9171473490340369,0.6184392592736653,0.2664226692702089,0.804939120716881,0.8515041129929679,0.9016009281788554,0.49145019992387723,0.8220818574939456,0.6523425488599709,0.5370632447302341
ERR1370398,1,-0.04465161935825433,-0.10064475504415375,-0.12047352375728744,-0.1307458696620805,-0.0740032113556351,-0.11054879959140505,-0.10671873137887035,-0.1052929296025208,-0.046451678699148555,-0.07996743199016366,-0.08570291261587824,-0.1383120215364865,-0.11701882258057594,-0.13598846537726267,-0.06789178454450198,-0.12593439647129603,-0.06357190704771451,-0.12348502022879464,-0.07939969482166427,0.030318404947008406,-0.009493355240140642,-0.14842880304370606,-0.006895014217921666,0.001806700336081641,0.06481722210134779,0.17068010941147804,-0.006457269723926272,-0.07344776737902846,-0.13340534908430918,0.20718470215797424,0.10573905493531909,0.06926757576210159,0.5446257921201842,0.5174743458628654,0.43594150990247726,1.0553051914487566,0.5284837081230113,0.7390705135517887,0.4280681163072586,0.7846527876598495,0.6899193674325943,0.7883329605683684,0.5418535045215062,0.7457619916115489,0.29262175410985947,1.0635364382261676,0.4477642040167536,0.7375608938080924,0.5800935870834759,0.8048597660713962,0.5264681854418346,0.239011302324278,0.3863154724240303,1.017579095704215,0.6493474915623665,0.4752264597586223,0.13554332139236586,0.49993500619062353,0.5091934164187738,0.5267937465437821,0.23312857853514807,0.4830334835818836,0.3171489903969424,0.06433562508651189
ERR1370399,1,0.028876331368727342,-0.05279357658166971,-0.12259518355131149,-0.10817736999264785,-0.07448133932692665,-0.10858284482466322,-0.11622690289680447,-0.10672498015420777,-0.07243961255465235,-0.058795309492519925,-0.09172909653612546,-0.09240089676209859,-0.07657797408423253,-0.12322838019047465,-0.09739449034844126,-0.09093993163800665,-0.03872190390913082,-0.11211237045271057,-0.08241937953113977,-0.044790374115109444,-0.00022223378930773054,-0.09638931828417949,-0.07977119161348258,-0.06097600023661341,0.23432438554508345,0.2005438772695405,-0.06359520996920764,0.0008693611182804618,-0.12012929895094462,0.2418407467859132,0.23788923025131226,0.558235663920641,1.0847572801368577,0.9291366551603589,0.6610351061182362,1.7386108125959123,0.7718368172645569,1.3166438138910703,0.9284912326506206,1.6307192527289902,1.0860803808484758,1.677021752510752,1.328511736222676,1.7754828057118826,0.7058397339923042,1.8390464018365102,1.0337037380252565,1.9778148393545831,1.3138876951166563,1.346029479588781,1.3115697758538383,0.9651076261486325,0.9157699133668628,2.0048005368028368,1.595447603080954,0.9343406355806759,0.7361575365066528,1.5573301453675543,1.5841826125979424,1.4411339504378182,1.252854731466089,1.5099072030612402,1.1944756743365101,1.6447703944785255
ERR1370400,1,0.009218670161707061,-0.048853024973401,-0.13268036554966653,-0.11154014244675636,-0.08997302489089114,-0.10022937839052506,-0.10794636866609965,-0.12459981122187205,-0.08328117012778032,-0.06331843370571733,-0.1153171466929572,-0.10815930140337773,-0.09753337682091764,-0.10411007768873658,-0.1267498019484005,-0.09480442991480231,-0.06702509549047266,-0.11009662066187177,-0.07623474336495357,-0.0667105649730989,-0.03709835984877178,-0.1184684620904071,-0.04880466205733163,-0.11216577834316663,0.1339678479624646,0.15251846505062921,-0.09131074974512947,0.028875535420541252,-0.12805727230651037,0.2759771389620645,0.19606339718614305,0.6548140815326146,1.0956807136535645,1.0284995479243142,0.5408170084868159,1.6313253726278032,0.7366982655865806,1.565947134579931,1.124549422945295,1.6172090119549207,1.1355014528547014,1.5073362391974245,1.75828675845904,2.1136418940233335,0.6863463861601693,2.186847581395081,1.3357852947499071,2.3438065946102142,1.7182627149990626,1.39324264294867,1.53808017713683,1.0415499098598957,1.074162523661341,2.244624674320221,1.6876830253750086,1.1619637182780675,0.9755909261958939,2.055269689432212,1.8559141201632363,1.4046560760055269,1.8742348849773407,1.7695950642228127,1.8243320318205016,2.1470275095530917
ERR1370401,1,-0.07883368365998779,-0.08575484396091529,-0.1264651290008,-0.12703077122569084,-0.08591501361557416,-0.10071451961994171,-0.09616670734249055,-0.07118002963917595,-0.04066058627462813,-0.05558769830635616,-0.10697721370628901,-0.1314855869859457,-0.10074256546795368,-0.10157414731968727,-0.062385971524885724,-0.14576784947088786,-0.03464352326201541,-0.10852597334555217,-0.08545845550751048,0.004068617309842791,0.006378541567495891,-0.14801391746316636,0.06517711281776428,-0.01911491687808718,0.09947838634252548,0.028329486293452128,0.040797009864555936,-0.06053948136312621,-0.11273801034050328,0.30087391819272724,0.15641832338379963,0.1574185032929693,0.5606053173542023,0.5109744263546807,0.3946895482284682,0.839115957064288,0.5742962184761252,0.6480027575578008,0.4448941020028932,0.7860757370612451,0.7249961117215987,0.7354729425694261,0.5979270099529198,0.7229519145829337,0.22730316487806185,1.0737180933356285,0.4519196024962834,0.772226523075785,0.5043698932443347,0.6344036119324821,0.41892071311095996,0.06312262692621776,0.42105491140059065,1.0553291259067399,0.6697516473276275,0.42576488320316586,0.09337084740400314,0.3601537235081196,0.29542689078620504,0.3217419742473534,0.1546218278152602,0.3022264114448002,0.23107926547527313,0.09194486428584371
ERR1370402,1,-0.029856465756893158,-0.08163254335522652,-0.08472797420940228,-0.1016422975808382,-0.06332872874502625,-0.13668603875807353,-0.08905982399093253,-0.08122973702847958,-0.0163270788533347,-0.07482563078935657,-0.08738174449120249,-0.10610164063317436,-0.11308171653321811,-0.12104882832084383,-0.05403763747641018,-0.10447377285787038,-0.03676359089357512,-0.1458999067544937,-0.12071723278079714,0.04164055734872818,-0.018838396029812948,-0.12453646771609783,0.021417006850242615,-0.00799450437937464,0.19190545859081404,0.2331598230770656,-0.0003233059708561216,-0.05074297876230308,-0.12621157190629415,0.2594549357891083,0.16391918774960296,0.3512049668601581,0.8190068089004073,0.8590465954371861,0.558530371103968,1.2063538943018233,0.4723235012165138,1.0002541548705526,0.642669141292572,1.1046219202024596,0.8771472019808633,1.0602168196013995,0.7191049057458129,1.1504621367369379,0.4607462141928928,1.3246453237453741,0.5828053397791726,0.9560268201998302,0.7956445147948605,1.0476801469922066,0.8883486294320652,0.45856943992631777,0.4435031552399908,1.2018471849816186,0.9610504444156375,0.5644278414547443,0.23101890885404178,0.6361527155552592,0.615562457059111,0.709750371319907,0.43102141097187996,0.7886034346052578,0.6103303320705891,0.34717477997764945
ERR1370403,1,-0.08370352163910866,-0.12180373179061073,-0.1417235710791179,-0.13373753322022303,-0.10991657046335084,-0.02049405500292778,-0.08803376528833594,0.06359843909740448,-0.009610551409423351,-0.08934773611170906,-0.09368039667606354,-0.11573764149631773,-0.02649481115596635,-0.058476998375096755,-0.041217420782361715,-0.12097015764032092,-0.02673651717071022,-0.06253727099725179,0.07555887236126832,0.10963451117277145,-0.0121909784419196,-0.12484798367534365,0.23894320854118892,0.08537452987262181,0.02067913327898298,-0.0021544056279318674,0.14887877713356698,-0.008314221033028193,-0.07235027690018926,0.25636010829891476,0.21743647009134293,0.0607901502932821,0.28879228234291077,0.2669081028018679,0.4870441561298711,0.7076253571680614,0.5368032509993229,0.3849521726369858,0.29313275111573084,0.8330388074474675,0.4170989255820002,0.6676801528249469,0.46038403255598886,0.39756840706935953,0.11009977012872696,0.7256976668722928,0.30340783298015594,0.5134714847164494,0.398038281926087,0.38740641889827593,0.2593448213218445,0.13104476407170296,0.30410542485437225,0.6932009479829243,0.29832728153892923,0.39104526662932976,-0.024910852845226015,0.30171965594802586,0.24235133241329873,0.28434688677745207,0.15604526922106743,0.25363718079669134,0.05357299212898527,-0.08224649514470782
ERR1370404,1,-0.00875790004751512,-0.04434308279970927,-0.11303451657295227,-0.11199116334319115,-0.06316647785050529,-0.09151420136913657,-0.10205056840953018,-0.12610157579183578,-0.09348102900133069,-0.04025898195270981,-0.12794263607689313,-0.10228385417056936,-0.09063432971015573,-0.10682737893824067,-0.12178551342471369,-0.11678631171318037,-0.09466055501252413,-0.1112220830151013,-0.04318059628297176,-0.07511229307523795,-0.03051901874797685,-0.11247915947543723,-0.041007442133767266,-0.1028878428041935,0.1652703434228897,0.09544204654438156,-0.08245657429298651,0.03530034050345421,-0.125723839870521,0.3538617912147726,0.23708993569016457,0.6435457526573113,1.0766078582299607,0.9364072914634433,0.5732847984348025,1.598297847168786,0.7815066714371953,1.3926039614847727,1.2128422515732902,1.5878805611282587,1.1707291709525245,1.512522609106132,1.7126321036900793,1.9833589468949608,0.6068470861230578,2.1507223900407553,1.2189689044441496,2.231597649199622,1.6083960788590568,1.3723896209682738,1.356311128341726,0.939044149858611,0.9877324317182813,2.2133448805127824,1.6442818471363612,1.1838477339063371,0.8928155563771725,1.8915052371365684,1.6394178122282028,1.39554620214871,1.7369708578501428,1.5873369635748011,1.597335691430739,1.8764790637152535
ERR1370405,1,-0.04516447974102838,-0.04541287903806993,-0.12132363659994942,-0.10879478603601456,-0.08324886791940246,-0.11494314790304218,-0.10822586103209428,-0.10941136947699956,-0.0711082724654781,-0.07892766994025026,-0.09682973527482577,-0.10683844690876347,-0.09063373186758586,-0.1262998596898147,-0.10699930577538908,-0.1112100768036076,-0.049652111650045426,-0.1278043304170881,-0.11464875184797815,-0.04111680867416518,-0.005808522658688682,-0.10823016959641661,-0.04043285548686981,-0.07160649448633194,0.1768055528934513,0.10992326427783285,-0.06958486242885036,-0.02723837411031127,-0.11626630223223142,0.2912463258419718,0.27566293627023697,0.46970475784369875,1.0045641336057867,0.9274355352556866,0.535758094063827,1.431446107370513,0.7543090762836593,1.082439390676362,0.9163057708314487,1.4604079305593456,1.1220899554235595,1.4145409315824509,1.3979619422129221,1.5785129655684744,0.5966101778405053,1.8476113702968828,0.9628778972796032,1.770122782593327,1.2981847056320734,1.0739847219416074,1.0793390550783701,0.6944417756583009,0.8478055649570057,1.8858667526926314,1.4927113928965159,1.0031232716781753,0.6342180193002734,1.3758128391844886,1.2545985228249006,1.0356614014932088,1.1611339135893755,1.230458219934787,1.0865574715925115,1.1982138404356582
ERR1370406,1,0.02020502383155482,-0.058976262408707826,-0.1181480096919196,-0.10325665559087481,-0.07693986913987569,-0.1142171579413116,-0.1270831972360611,-0.0929566105561597,-0.045775381582123895,-0.06330997150923524,-0.08726751571521163,-0.0893146816108908,-0.08717334337000336,-0.11824422808630126,-0.08856605159650956,-0.09498124689395938,-0.015398587898484297,-0.12706552871635982,-0.1042082809144631,-0.028120917667235647,-0.02251889024462019,-0.097384476768119,-0.05689812930566924,-0.07505090002502714,0.2612878837223564,0.2371680097920554,-0.07027394906617701,-0.008028867854071515,-0.11743309561695371,0.22157198190689087,0.2662920488842896,0.5347690028803689,1.0766748780650752,1.015929751098156,0.6491106908236232,1.6724770835467748,0.7905006068093436,1.2133174102221216,0.9436814188957214,1.6443919252072061,1.0397591452513422,1.5763924858931984,1.3968182759625571,1.825498410633632,0.7083125710487366,1.931720981241337,1.026063201682908,1.9134304119007928,1.4312870768564088,1.3149172280515944,1.2501667120626994,0.9115331417747906,0.8600932567247322,2.0658107655388966,1.6634486871106284,0.9792212168020862,0.6279531882277557,1.6221416741609573,1.5548814226474081,1.3730063055242812,1.2698928104447467,1.5041363899196898,1.2996992897242308,1.6475111347224032
ERR1370407,1,-0.0221387733971434,-0.05407102259674242,-0.10780058215771403,-0.10745041391679219,-0.0745917283264654,-0.11792749386014682,-0.09592825067894799,-0.09062010848096438,-0.06384708546102047,-0.061216388429914205,-0.09705825948289462,-0.10016301753265518,-0.08219914404409272,-0.11228682978877,-0.09228630656642574,-0.09700808115303516,-0.05034893495030701,-0.12072876627956118,-0.10209529427811503,-0.02599316250000681,0.0011797025799751282,-0.10552006587386131,-0.027355979063681195,-0.04981529074055808,0.1814791195597536,0.11175667926935214,-0.030779829947277904,-0.027128701929801276,-0.12840462688888823,0.2554657384753227,0.27028910868934225,0.48250083306006025,1.0259888914546795,0.9827167112380266,0.6058039127715996,1.5866454243659973,0.7097149648304496,1.1366475847150599,0.8578289531703506,1.5162420717201062,1.0847279554000124,1.5010258385113306,1.1753765983240945,1.5162802913359232,0.6047165000012943,1.7150861249704445,0.8533783363444465,1.6639461602483476,1.1882377139159612,1.1331567913293839,1.1114568508097105,0.7173593214579991,0.8169118932315281,1.7956467313425881,1.5074045807123184,0.8729987234941551,0.5304116369890315,1.2344454814280783,1.1346669644117355,1.0586073356015342,0.983427172260625,1.2060750446149282,0.9555134175877485,1.0450938274817807
ERR1370408,1,-0.07428307059620108,-0.06575384310313634,-0.12705331189291819,-0.12306658923625946,-0.0912166781324361,-0.11338767595589161,-0.09800538620246309,-0.09971255649413381,-0.0490702534360545,-0.0872130561619997,-0.08852501852171761,-0.12438721795167242,-0.09287128384624209,-0.1252662574074098,-0.05291497494493212,-0.12252062346254076,-0.061912459071858654,-0.1281897234065192,-0.13554788234510592,0.008322137807096754,-0.031377912632056644,-0.12335912297878947,0.013765327632427216,-0.011933972792966025,0.07616768298404557,0.05265828222036362,-0.008936964341306261,-0.04131916045610394,-0.11432095297745296,0.2608865073748997,0.33344140755278723,0.36602440795728136,0.8481045099241393,0.7643244394234249,0.516305147004979,1.1795595288276672,0.6993302789924201,0.7991032866494996,0.6720912105270794,1.3263382368854113,0.8705672717520169,1.2494163385459356,1.2024520231144769,1.241899285598525,0.38844921586236786,1.5438834269131934,0.7036373673805169,1.3154112228325434,0.9638461747339794,0.8293433710932732,0.752039995310562,0.5764339012759072,0.6925729566386768,1.4449522069522314,1.0313560898814882,0.8139627288494792,0.27829976938664913,0.9426000815417085,0.5498316530138254,0.5792322637779372,0.6073624544910022,0.7250119085822787,0.5992438878331866,0.4209126723664148
ERR1370410,1,-0.11049481162003108,-0.1038728558591434,-0.08710558153688908,-0.11754714870559317,-0.0914326783801828,-0.1478398240038327,-0.06307767597692353,-0.08043817191251687,-0.006616074591875076,-0.10762858337589673,-0.0992331366453852,-0.12001220190099307,-0.14891748556068965,-0.056551708706787655,-0.047651226233158796,-0.1317221841641835,-0.03917855875832694,-0.09100253134965897,-0.1348656415939331,0.11912517888205391,-0.0593385568686894,-0.13939739763736725,0.038041556520121436,-0.019645937851497104,0.14574416061597212,0.13516183756291866,0.000642964882510049,-0.12470195123127528,-0.11506595090031624,0.22374745245490754,0.14219462552240916,0.0692490248807839,0.4841585180589131,0.5074560471943447,0.47987597648586544,0.754562013915607,0.485232698065894,0.5058781632355281,0.4309753967182977,0.7525448841708047,0.5819036971245494,0.6499093329267842,0.5035369577152389,0.510304834161486,0.26341967697122265,0.9605636939273349,0.34354597529662506,0.5968809596129826,0.4519700493131365,0.5682243765997035,0.3900241660220282,0.10245622907366071,0.15484971765960967,0.7637452334165573,0.5593022874423436,0.3742109483906201,0.05194665611322437,0.54300036494221,0.24489051715603896,0.3357246563370739,0.08647292373435837,0.3236956149339676,0.2347672235752855,-0.026065906243664876
ERR1370411,1,-0.10531109252146312,-0.10946840047836304,-0.10749169013329915,-0.13456479353564127,-0.09570461791008711,-0.08572107500263623,-0.1071936059743166,-0.03719948870795114,-0.04492065217345953,-0.09363228814410311,-0.11095888274056571,-0.14026920178106853,-0.11163790843316487,-0.07247237634978124,-0.040737811143377,-0.13754585199058056,-0.05069645707096372,-0.09903539078576225,-0.1324905071939741,0.08185138713036265,-0.009399707994556852,-0.14368170819112233,0.17492023749010904,-0.023640827408858707,0.05142224260738918,-0.00709232475076403,0.09888182324357331,-0.06813477212563157,-0.09968015764440809,0.2226270671401705,0.3858371824026108,0.31348449730181266,0.6160033409084592,0.6626459235059363,0.4736890686409814,0.9076683148741722,0.510965146124363,0.4677770204309906,0.47738058652196613,0.9649732947083456,0.6996006891131401,0.8263839100088392,0.5940620961732098,0.6365504834268775,0.3202817088791302,1.0139155616052449,0.41418504289218355,0.8084486073681286,0.6483703436596053,0.621970630117825,0.45998524129390717,0.1586162501147815,0.5719019855771746,1.171568363904953,0.8104815692640841,0.6093442046216556,0.31839044618287254,0.6349714818809714,0.3965525957090514,0.31181798436279806,0.405384073300021,0.51098096413937,0.19130796300513403,0.22097879009587423
ERR1370412,1,-0.11493451440972942,-0.0736956432228908,-0.0808107697271875,-0.10735110276644784,-0.06465995790702957,-0.14015051403215953,0.04442735548530306,-0.06425832637718745,-0.04500131122767925,-0.12003400203372751,-0.10368571749755315,-0.09444510191679001,-0.10577772983482905,0.044783453324011395,-0.050224418352757184,-0.09897476168615478,-0.06476165779999324,-0.04499697791678565,-0.16200689332825796,0.184181914797851,-0.035529268107243946,-0.14777973187821253,0.01490638724395207,-0.026799940637179782,0.11489059293775686,0.1628855336457491,-0.04196727382285254,-0.07846557348966599,-0.07135799740042005,0.29795302024909426,0.15851228737405368,0.21090613704706943,0.5878830584032195,0.5578227500830378,0.37000406427042826,0.6520679593086243,0.515730120241642,0.6781788420464311,0.4270183284367834,0.7357294141714062,0.689989997074008,0.76439311674663,0.5365223850655768,0.5811970957687923,0.15207815117069653,1.1051479277666658,0.4088002010913832,0.6465451243732657,0.37898035028151106,0.6159869038632938,0.36413105417575153,0.13213786057063512,0.09735392714251898,0.927770194198404,0.5672197490930557,0.3227329711828913,0.028177536225744655,0.5630531704851559,0.24586404514099872,0.29006075114011765,0.11675561139626163,0.2943328491279057,0.33246864112360136,0.13067840784788132
ERR1370413,1,-0.02585754477019821,-0.041596989546503337,-0.12505172618797847,-0.10770820613418307,-0.08908809422116194,-0.10019351362383791,-0.11293441183598978,-0.11930107218878609,-0.08530034676992468,-0.07089415538523879,-0.10854813829064369,-0.10464716330170631,-0.08517564912991864,-0.12622956904981816,-0.11510892335458525,-0.10662118551720466,-0.06385977052351725,-0.1191064114017146,-0.09487856753237013,-0.056593677029013634,-0.0007806595947061266,-0.10710934110518013,-0.062451617260064395,-0.08963122059191976,0.1716659287256854,0.09525976755789348,-0.08615638269111514,-0.005039776542357036,-0.11072896420955658,0.293497270239251,0.2821983683554988,0.5684283620544842,1.0775148622092925,0.9236778956837952,0.5684852658637932,1.5547355094126292,0.8325027759586062,1.291347324848175,1.1108081979410989,1.6616197853748287,1.1355414198977607,1.568836869938033,1.5691047587565012,1.8287840400423323,0.6434860612664904,2.0313995769247413,1.0925210693052836,2.080873417002814,1.481706365942955,1.252540409564972,1.2525862561804908,0.8799092652542251,0.9747487186853375,2.158317404133933,1.7252082824707031,1.0850697963365488,0.7350129953452519,1.701927469245025,1.548231418643679,1.3341613858938217,1.5005091343607222,1.5034597771508353,1.3681457761142934,1.6444412640162878
ERR1370415,1,-0.06696585885116033,-0.05899757971721036,-0.11534398687737328,-0.11271220285977636,-0.08721440445099558,-0.12561480834015779,-0.11679483790482793,-0.08702419698238373,-0.06967221014201641,-0.08898981314684663,-0.09222659508564643,-0.11655049877507347,-0.09754794836044312,-0.13706128937857492,-0.0982614980478372,-0.13021608548504965,-0.08339438288073454,-0.14533797545092447,-0.1257521371756281,-0.03587593653771494,0.03264489131314414,-0.12187613493629865,-0.005334287881851196,-0.03533388301730156,0.10595465770789556,0.03715863211878708,-0.030764808479164327,-0.06604099898998227,-0.1306656471320561,0.22702983447483607,0.2743570317647287,0.41940950815166744,0.9042917766741344,0.8750836195956383,0.43743189903242247,1.2632477538926261,0.6322434331689563,0.9609130365507943,0.8436813124322465,1.2266395762562752,0.8310515454837254,1.2140280838523592,1.0337177557604653,1.1150493688349212,0.40649947843381334,1.4781159664105092,0.5392760038375854,1.3160108093704497,0.9749402499624661,0.8810369547988687,0.8449638283678463,0.40404560204063145,0.6277166328259877,1.533445228423391,1.148320455636297,0.6492128957595144,0.3485192861407995,0.9287925426449094,0.7928524299391678,0.7210931096758161,0.5829117324735437,0.8700752598898751,0.5936080909201077,0.6632885150611401
ERR1370416,1,-0.002856238212968622,-0.050296916193994026,-0.12127696722745895,-0.1077513141291482,-0.0912337118227567,-0.0932423568197659,-0.1079269875107067,-0.11801634835345405,-0.08417732208701116,-0.07889228487121207,-0.11005582607218198,-0.1005052604845592,-0.0874335401292358,-0.10867637023329735,-0.12339502237071949,-0.10546702432579227,-0.05795699331377234,-0.11268853289740426,-0.07389471141089286,-0.07651140806930405,-0.006451183663947242,-0.08200829023761409,-0.057493221813014576,-0.10143392932202135,0.1385252919946132,0.1194702573120594,-0.08631467283703387,0.009895305681441511,-0.12042666971683502,0.22148671639817102,0.2276177853345871,0.6603941284120083,1.1525107409272874,1.0172503963112831,0.5532841139606067,1.6870636067220144,0.7717006036213466,1.4453592066253935,1.0345080154282706,1.6965946885091918,1.1254219093493052,1.5931026871715273,1.730779925627368,2.0248758335198676,0.7028767519763538,2.1362079613442932,1.2033230087586813,2.380378416606358,1.596657007932663,1.3406473706875528,1.5276795327663422,1.0184842310845852,1.0322873613664083,2.255503135068076,1.7469929648297173,1.1265010173831667,0.9479812958410808,2.001495827521597,1.8225904878761088,1.5849272651331765,1.7832380277769906,1.7070145553776197,1.66039927543274,2.057640492916107
ERR1370417,1,0.029628532007336617,-0.048822788654693534,-0.11427236880574908,-0.10604326985776424,-0.07441242005942124,-0.10248184357104557,-0.11126488872936793,-0.09172861384493965,-0.07393063591527087,-0.05675032162772758,-0.10934790862458092,-0.08226681194667305,-0.07672061771154404,-0.1148167033014553,-0.09528877872175404,-0.08941408452977027,-0.05190528130957058,-0.09604383632540703,-0.0680730806696894,-0.031485723464616706,-0.026407289185694287,-0.09835536511881011,-0.0694423285978181,-0.07072197965213231,0.24556071178189345,0.17611857397215708,-0.07335042442926872,0.001372992293909192,-0.1255665309727192,0.2042334026523999,0.21547406246619566,0.5960158460906574,1.1228977351316385,1.0222720801830292,0.6474207490682602,1.8112720676830836,0.7520859645945686,1.4941605595605714,0.9871580355933735,1.6791202672091978,1.0712624942617757,1.7218266704252787,1.3517902727637972,1.9084901298795427,0.7530059026820319,1.9335567094385624,1.1010006304298128,2.109090500644275,1.4393553135118313,1.4123316236904688,1.4291720730917794,0.9393025806971959,0.9377929685371262,2.1020207639251436,1.6837331524917059,0.924858784036977,0.7160473093390465,1.68568909487554,1.6851578918950898,1.4767398280756814,1.349321580358914,1.6237070613673754,1.2917139923998289,1.803357754434858
ERR1370418,1,-0.09693234067942415,-0.039275387568133216,-0.09153208469173738,-0.10184890893287957,-0.05013565453035491,-0.1349265490259443,0.04598480782338551,-0.08710636996797153,-0.0036379918456077576,-0.09946392795869283,-0.09562090145690101,-0.04218937935573714,-0.09520010011536735,0.04729980789124966,-0.07373526439602886,-0.09299628915531295,-0.04598509467073849,-0.037091838994196484,-0.1341049282678536,0.17287848676953996,-0.04093967324921063,-0.12853253845657622,0.0012499115296772548,-0.044403569772839546,0.1565165217699749,0.19289195644004004,-0.047984590487820764,-0.08143718647105354,-0.08522990771702357,0.2179538458585739,0.1878169583422797,0.24847849511674472,0.6929371829277703,0.609298841229507,0.5453452914953232,0.9557981299502509,0.6667126595441785,0.7344909124076366,0.5624703999076571,1.0605395851390702,0.6862228778856141,1.0433657403503145,0.815486623772553,0.8129435977274885,0.3230623994022608,1.2999250808331584,0.5183543858251402,1.058012024632522,0.6457190082541534,0.704880597868136,0.4999094435146877,0.30890897448573795,0.20552422026438372,1.1464664212294988,0.9074480938059943,0.46102700595344814,0.1030200752097049,0.9815759594951358,0.5582668108067342,0.6439158072961229,0.3888019153050014,0.6368884465524128,0.4757513196340629,0.5101449361869267
ERR1370419,1,-0.09483654291502067,-0.11177662520536355,-0.11477353210960116,-0.12512806802988052,-0.09823818770902497,-0.11331550163283412,-0.11174597710903202,-0.06016600664172854,-0.037176978907414844,-0.11469127184578351,-0.10644821503332683,-0.14497322482722147,-0.12198206196938242,-0.09934426471590996,-0.03974454131509576,-0.1561611294746399,-0.06110286180462156,-0.11948189032929284,-0.11564790218004159,0.07163621485233307,-0.026738474278577735,-0.14939077837126596,0.10978952076818262,0.008521050746951784,0.060121851840189526,0.024825883696654012,0.06109885711755071,-0.09276632033288479,-0.13205959328583308,0.2478563774909292,0.18009750970772334,0.16337868943810463,0.512036776968411,0.5007398575544357,0.45541437715291977,0.7144992223807743,0.5088586019618171,0.44185549659388407,0.4273532692875181,0.768493940787656,0.582032794531967,0.733158922621182,0.44535945462329046,0.4740338475842561,0.1884746551513672,0.893085184573595,0.30820439755916595,0.572360174464328,0.456259070496474,0.5279851321663175,0.3248660777296339,-0.028548946338040487,0.3111453205347061,0.9451393804379872,0.5918777398765087,0.3599436432123184,0.08036398754588195,0.39561236117567333,0.18255962218557084,0.25976181449368596,0.01360368968120643,0.17478462468300546,0.05401723086833954,-0.025592384593827382
ERR1370420,1,-0.08025239398037749,-0.10733703869794096,-0.11268688419035502,-0.11747916947518076,-0.07062519235270363,-0.07885121953274522,-0.09394344102059092,-0.026757230716092244,-0.030223637287105833,-0.06791614022638116,-0.09598506481519767,-0.13940377533435822,-0.0817087045205491,-0.07568231105272259,-0.03730287349649838,-0.151020242699555,-0.027505325086947,-0.09594691518161978,-0.09369252063333988,0.06719240918755531,-0.019068571073668345,-0.1251218356192112,0.10357658352170672,0.012444689337696348,0.04585596440093858,0.007345235241310937,0.0935878245758691,-0.058904372222189395,-0.10940251712288175,0.2329952163355691,0.1903239871774401,0.20800201169082097,0.546861320734024,0.4976492864745004,0.5336002845849309,0.8055277754153524,0.622128462685006,0.49997258612087797,0.40574740299156736,0.9481633827090263,0.6762758340420467,0.90837219783238,0.6817458271980286,0.5487461308283466,0.28210459649562836,1.011927571180942,0.364521538572652,0.7666121958089727,0.3904302418231964,0.6139422490128449,0.35862493461796213,0.24562075840575354,0.381342986864703,1.0050699668271201,0.7461759346936431,0.4510705747774669,0.1503861147378172,0.6047829240560532,0.4003466559307916,0.4079479164710002,0.2732805966266564,0.4205086763416018,0.2220013639224427,0.13085151995931352
ERR1370421,1,-0.0031820769820894513,-0.04817803440216396,-0.12470469836677824,-0.10876523703336716,-0.09220239247328468,-0.09509501087346248,-0.1108889350933688,-0.11682061159185,-0.08589132504338133,-0.0690610052219459,-0.11420296345438276,-0.10176986988101687,-0.08528265270537563,-0.10633376746305398,-0.11853701870755426,-0.10718113470024296,-0.05238080583512783,-0.10108040955050715,-0.07456614077091217,-0.06468998534338814,-0.007632706314325333,-0.10327339611415352,-0.069045718227114,-0.09405453210430485,0.2227893163050924,0.15234059787222318,-0.08891916672499585,0.010619143423225199,-0.12607865833810397,0.26544222235679626,0.1944809476179736,0.6141261615391288,1.0962411697421754,1.0368165270026242,0.5582469260053975,1.6205149335520608,0.7531143980366843,1.3724172157900674,0.955778643488884,1.619008265834834,1.1144685106618064,1.5862055953059877,1.5491265101092202,1.9333427037511552,0.6855537013283798,2.0401513730841025,1.2226907845054353,2.2074555584362576,1.5578962537859167,1.2868133783340454,1.4310021911348616,0.9969386383891106,0.9532790056296757,2.107783172811781,1.7587759643793106,1.0867946360792433,0.8967409389359611,1.861029221543244,1.7264670463544982,1.4535314100129264,1.6684874423912592,1.6852482371032238,1.5057168794529778,1.9322330781391688
ERR1370422,1,-0.07007841925535883,-0.10094397248966354,-0.09902743409786906,-0.11563484104616302,-0.07086915602641446,-0.11953510610120636,-0.10446729377976485,-0.08438886648842267,-0.012338512177978243,-0.07682506181299686,-0.08130218407937459,-0.1357029527425766,-0.13104024263364927,-0.1315652227827481,-0.0506935128942132,-0.11379831018192428,-0.057689285704067776,-0.1354683233158929,-0.12243515359503883,0.09026017997946058,-0.020457182611737932,-0.13310197527919496,0.03257845235722406,-0.016826740333012173,0.1219762284308672,0.1668591946363449,0.008184886670538358,-0.09664601739495993,-0.1264352649450302,0.22675642371177673,0.28614491543599535,0.23824159907443182,0.6970667221716472,0.712780454329082,0.5665347405842373,1.242336975676673,0.5113304001944405,0.7518440602081162,0.5562598492418017,1.1765135718243462,0.7929659847702298,1.037374791822263,0.7427731135061809,0.9309673479625157,0.4113258272409439,1.2089253049343824,0.5165509028094155,0.8857721513403314,0.7875522428325245,0.8299888265984399,0.7365227341651917,0.40916929074696134,0.5676126024419708,1.1935399919748306,0.9410014269607407,0.6885345939413777,0.3236179474209036,0.7452657478196281,0.6198918590588229,0.6298152136483363,0.5836406504469258,0.8199232539960316,0.49990710616111755,0.22561720199882984
ERR1370423,1,-0.06059362446623189,-0.05635214091411659,-0.133740029164723,-0.11919934781534332,-0.09248397778719664,-0.11702753570196885,-0.1116498735334192,-0.10867374949157238,-0.05752465474818434,-0.08339390491268464,-0.10107198384191309,-0.11361972242593765,-0.08247244358062744,-0.12163448014429637,-0.07419851718337409,-0.10955226993454355,-0.03730788131776665,-0.11666783158268247,-0.11141290568879672,0.010503123381308146,-0.04524268954992294,-0.09064863835062299,-0.018026155552693775,-0.05323692304747445,0.11403437251491207,0.0784914679825306,-0.057200270638402016,-0.025412729675216333,-0.11939678128276553,0.2681440476860319,0.41900947370699476,0.5598555590425219,1.017615260290248,0.8146113609629018,0.6184425417866025,1.4291140990597861,0.7772715272647994,1.0327376604878478,0.8831793751035418,1.7173189334571362,1.0570068934134074,1.6098581041608537,1.5489455038415534,1.6266628333500452,0.6028840376862458,1.8893715245649219,1.022216712789876,1.873615516083581,1.2617812475987844,1.1034955446209227,1.0374184777694089,0.940873120246189,0.9394409592662539,2.055805495807103,1.5899000955479485,1.1134799144097738,0.6765311168772834,1.5676171673195702,1.2644312903285027,1.1469499575240272,1.3326842082398278,1.3329445059810365,1.2036762631365232,1.326028476868357
ERR1370424,1,-0.0827219629926341,-0.10904611434255328,-0.12931017045463836,-0.14724682910101755,-0.09042922966182232,-0.045639777556061745,-0.1032544391761933,-0.016647414437362125,-0.04119300350014653,-0.0936065497142928,-0.07711980864405632,-0.1408772255693163,-0.0927574025200946,-0.09908782025533062,-0.03726867413414376,-0.12837284164769308,-0.0608636595840965,-0.09853984202657427,-0.06274863465556077,0.08107463030942849,-0.012187438218721322,-0.1270875803061894,0.09983062318393163,0.014426999858447484,0.022238126822880337,0.01087960387979235,0.10234373062849045,-0.07458487286099366,-0.09769602492451668,0.2309091484972409,0.2813890427350998,0.1359004176088742,0.45781574664371355,0.489452172602926,0.49394965331469265,0.9432153850793839,0.544372516551188,0.48555577865668703,0.453978599182197,1.0668947805118347,0.5920380621350237,0.865160271525383,0.6100258662232331,0.6326286979019642,0.2122479404455849,0.9147880427938487,0.34619795005502446,0.7144914610045296,0.5899234041571617,0.4878094983952386,0.4137018642255238,0.22084849327802658,0.4828182863337653,0.8962270500404494,0.5546597555179947,0.5367743697549615,0.10571444340582405,0.49175104818173815,0.343118925179754,0.4444349418793406,0.23848864010402135,0.39371811545320917,0.11265281055654798,0.010197901300021581
ERR1370425,1,-0.008421947647418295,-0.04606308415532112,-0.13118910363742284,-0.09868475369044713,-0.09308972815051675,-0.08438775395708424,-0.10569864750972816,-0.1251354031264782,-0.08782657807958978,-0.06748064514249563,-0.10884187317320279,-0.10549386510891574,-0.08909771325332778,-0.11883113679609128,-0.11979329423047602,-0.10199938169015306,-0.043474941714001555,-0.11659237888774701,-0.06477841946096825,-0.08024492780012744,0.017686984368733,-0.09672399743327073,-0.06765173008066735,-0.12075918380703245,0.19205552339553833,0.16700729727745056,-0.08531678025610745,0.04154647650596287,-0.11808816928948675,0.3305613872195993,0.21150414113487517,0.6077221749084336,1.075619952487094,1.0663071061883653,0.5251724145242146,1.6467445466135229,0.7342061991138118,1.4837284364870615,1.130675311599459,1.652701438803758,1.2377654569489616,1.5139026261333908,1.7618398192737783,2.048172749978091,0.6739932357200554,2.141309374145099,1.2595821246504784,2.413705153124673,1.674523192856993,1.238987300012793,1.575263065951211,1.0373671475265707,1.0588780673486846,2.1518213663782393,1.7061798785414015,1.1369223882045065,0.9566798231431416,1.9431751636522157,1.7840001529880933,1.4769172285284315,1.78985419017928,1.7117271226431643,1.7101243234106474,2.0232225315911427
ERR1370426,1,-0.09429223236760922,-0.11022799941045898,-0.05908263900450298,-0.12990918808749743,0.022518363382135118,-0.10274360967533928,-0.04460868638541017,0.06889348423906735,0.05815592354961804,-0.06554894681487765,-0.12247493863105774,-0.0919057662997927,-0.010215477219649724,-0.025775183524404253,-0.059844423085451126,0.04182050164256777,0.03223646006413868,-0.05421458876558712,0.061340742744505405,0.1217150469975812,-0.008923385824475969,-0.12454696638243538,0.39886865339108873,0.0894805874143328,0.12048933425519083,0.12115635935749326,0.11322723808033126,-0.003116643854549953,0.0521151495299169,0.2693645539028304,0.08555690252355166,0.04204849872205939,0.2372858396598271,0.2390061261664544,0.2874018869229725,0.3768208362162113,0.3170922856245722,0.30638204674635616,0.11928788040365491,0.19527375804526464,0.3762845258627619,0.35511241746800287,0.20419642542089736,0.18389206486088888,0.06425659411719867,0.425325346977583,0.13162335992923804,0.18929659176085675,0.11315874489290374,0.4276720104472978,0.03663317207247019,-0.09955731460026332,0.07213147410324641,0.5912285995935755,0.15299293931041444,0.04009977142725672,-0.06028761634869235,0.08592147353504385,0.002695102244615555,0.020902243043695177,-0.10831107891031674,0.020914141487862383,-0.0820451035563435,-0.1193967160901853
ERR1370427,1,-0.1038967448153666,-0.1133031076086419,-0.06302842976791519,-0.1257543654314109,-0.027811271803719655,-0.10238609143665858,-0.061174282538039346,0.0374947576118367,0.011154570217643465,-0.04915452216352735,-0.09347330393003565,-0.10672518610954285,-0.03290993081671851,-0.01777040053691183,-0.04979011123733861,0.0335506158215659,0.022825933194586208,-0.05010940081306866,0.04518354790551322,0.04825211429436292,0.014964172882693154,-0.08074667145098958,0.3784674416695322,0.07463111409119197,0.08459106566650527,0.0945165886410645,0.10639356289591108,-0.033699776977300644,0.029399588122032583,0.2652517140709928,0.2124841000352587,0.1098105567840061,0.2665122002363205,0.2623828819819859,0.25774996301957537,0.2649586855300835,0.3459571043827704,0.3564451379435403,0.12189888634852,0.15516340093953268,0.4076967540064028,0.35352726227470804,0.24421157155718123,0.08495565450617246,-0.0487476906273514,0.45964890558804783,0.16938119967068946,0.08300561990056719,0.003634068848831313,0.3772392262305532,0.03110582780625139,-0.09425148633973938,-0.0030325566019330707,0.565074330994061,0.10869560603584562,0.012882420527083533,-0.07134483408715044,0.07042502764878529,-0.04993498445089374,0.052661840936967304,-0.10109807338033404,-0.0028304276721818106,-0.06492613236020718,-0.08487681725195476
ERR1370428,1,-0.021288426859038218,-0.050330406587038724,-0.10915082054478782,-0.11627621256879397,-0.08589024602302484,-0.11953282941664968,-0.11391391232609749,-0.10020854696631432,-0.045910155799772055,-0.06817623773323638,-0.09290114577327456,-0.10314903062369142,-0.08395380180861269,-0.1181762418044465,-0.0813855220829802,-0.10215167408542973,-0.020804878124701127,-0.1195448168686458,-0.11107600390511964,0.010030136842812811,-0.03535371380192893,-0.11424493390534605,-0.04347006497638566,-0.06463411610041346,0.23187544010579586,0.13244695855038507,-0.0613431766562696,0.00018520992515342577,-0.12880591941731317,0.30667791089841295,0.27635307237505913,0.5706402680703572,1.0643780172935553,0.9611082648126674,0.6439776963421276,1.576664584023612,0.7159430874245507,1.148488604596683,0.784369023184159,1.6196110235261065,1.039064206582095,1.6400831128869737,1.3536301563893045,1.61523078967418,0.7080984147531646,1.858175467433674,1.0137612564223153,1.7878105438181333,1.345884416784559,1.253559224307537,1.0863301674170154,0.7073508038052491,0.8562094100884029,2.062990720782961,1.6899690968649728,0.9903069819722857,0.591710589826107,1.5184366766895567,1.2559845043080193,1.171618990600109,1.1717418634465762,1.4503217935562134,1.1097678723079818,1.4627290958804744
ERR1370429,1,-0.0540862771283303,-0.07809544966689178,-0.10909301042556763,-0.10543692431279592,-0.08361925663692611,-0.11703750118613243,-0.10769957889403615,-0.07016329573733467,-0.06055960308627358,-0.0880541569952454,-0.09142146365983146,-0.1321270199758666,-0.11357043470655169,-0.12207514739462308,-0.06252549508852619,-0.1398456022143364,-0.0746116004884243,-0.12986389334712709,-0.11958406759159905,0.02717857781265463,-0.005521054778780256,-0.13130042276212148,0.009148201772144862,-0.025023083069494793,0.1106260001127209,0.09220655901091439,-0.001183359617633479,-0.059251457053635805,-0.13019938660519464,0.2649260014295578,0.23834425237561976,0.2714209792071155,0.7437211785997663,0.6799194280590329,0.5119776161653655,1.0918408972876412,0.6310759367687362,0.8052351937762329,0.6841095371970108,1.018517215337072,0.8660693924341883,1.0871214547327586,0.7384814460362706,0.8814772324902671,0.3651381422366415,1.2944216727877833,0.5484315492212772,1.0377385499221938,0.7430994175374508,0.8498208778245109,0.6613280573593718,0.2511082871684006,0.49512685356395586,1.40261010825634,1.029122190816062,0.6036823285477502,0.23828509556395666,0.7152371454451766,0.6442843542567321,0.5718210531132562,0.4240567982196808,0.6798576819045203,0.46931447248373714,0.3159520945378712
ERR1370430,1,-0.08177471293934754,-0.12809533812105656,-0.10994017549923488,-0.1295906507543155,-0.0905498777117048,-0.10814754412110363,-0.10051465247358594,-0.04740938012089048,0.01057830240045275,-0.10514466677393232,-0.10745203920773097,-0.1378195583820343,-0.09756262972950935,-0.09717954695224762,-0.049660973250865936,-0.14329348078795842,-0.029284148876156126,-0.11607629060745239,-0.08427501576287406,0.10829443058797292,-0.026064734373773848,-0.14495269475238665,0.13021935735430037,0.03965754860213825,0.10380300892783063,0.09075564358915601,0.053606294627700536,-0.07927840841667992,-0.12830555542937613,0.21839008693184173,0.0889090688100883,0.034113663115671704,0.391295599085944,0.44115737293447765,0.4454754013568163,0.7245572486094066,0.4461423520530973,0.43935822589056833,0.3670062284384455,0.6254945014204297,0.5373602783573526,0.5955608303525618,0.4647360071539879,0.43445339260090676,0.260305362620524,0.8368861338655863,0.24552522440041816,0.4878056954060282,0.44517919873552664,0.5849066714789453,0.37729719700291753,0.030630680599382946,0.2897716664842197,0.8601193938936506,0.5186465127127511,0.33775860257446766,0.07254587256881807,0.30880333775920527,0.21791912216160977,0.2824832296797207,0.00016400936458792006,0.2561639015163694,0.10672434206519808,-0.06824738159775734
ERR1370431,1,-0.04326207496758018,-0.05269792589492032,-0.12352781210626874,-0.11469078436493874,-0.09973667029823576,-0.10533461167610117,-0.11830165237188339,-0.13558105485779898,-0.07852531769978148,-0.07010432771806206,-0.10404267587832042,-0.10881929631744112,-0.0919653419405222,-0.12781144226236002,-0.10690447854410325,-0.10043829453310796,-0.0508377685411168,-0.1184974198362657,-0.08996110848550286,-0.04859605325119836,-0.04014312103390694,-0.09887552487530879,-0.08027035370469093,-0.10118071362376213,0.16710923133151873,0.14159092147435462,-0.0920057078557355,-0.01902471070310899,-0.11704496187823159,0.264463555599962,0.23846392120633805,0.5504618457385472,1.0528700069657393,0.8863351887890271,0.4720420816114971,1.5297860162598746,0.7961445905800376,1.2835762522050314,1.0853644907474518,1.7007416050348962,1.152567290834018,1.4507507500903947,1.6306738747017724,1.966615515095847,0.6613470560738018,2.0744436361960004,1.1326471183981215,2.2277057468891144,1.5329558210713523,1.1334421887461628,1.42792213175978,0.9967614029135022,1.041735409625939,2.1481858662196567,1.5993645595652717,1.1321552103119237,0.923699180994715,1.8689737426383155,1.7942499466506499,1.4087321630546026,1.6787851282528468,1.5801511396254813,1.7147598434239626,1.8983479482786996
ERR1370432,1,-0.09131164536146182,-0.12651339253144606,-0.12690645456314087,-0.11319840313600642,-0.10705129589353289,-0.04429116738694055,-0.054022767447999546,0.11814271605440549,0.07801613823643752,-0.039338632353714535,-0.10335722778524671,-0.056678356868880134,0.026890422084501812,-0.005085659346410206,-0.026121272572449276,-0.13554103832159722,0.05369371495076588,-0.03469742834568024,0.11004070099443197,0.11948760013495173,0.005036282220057079,-0.1386055424809456,0.34845414012670517,0.12859517442328589,0.10391370659427983,0.06397267830158983,0.15175297630152532,0.022808046213218143,-0.09110888200146812,0.25635149436337606,0.09044303585376058,0.027513100632599423,0.19804650438683374,0.18071636131831578,0.3658821252839906,0.4840694804276739,0.4396336669368403,0.2986292099314077,0.18496951035090856,0.4505824212517057,0.4294267695929323,0.42686944880655836,0.21936264634132385,0.22203669377735682,0.06533364584070764,0.5392012423835695,0.22394282051495143,0.2973559136901583,0.17356762662529945,0.36103652071739945,0.1715364714286157,-0.0140080207160541,0.1768169669168336,0.638550666826112,0.1758954950741359,0.24545724157776153,-0.07867326461044806,0.05585803756756442,0.09758469089865685,0.050031613026346476,-0.033804028161934445,0.041686133348516057,-0.007509975561073848,-0.14346068565334594
ERR1370433,1,-0.08062019944190979,-0.10340305524212974,-0.12477216124534607,-0.14110887689249857,-0.0891033195491348,-0.07824802877647537,-0.11283000132867269,-0.049951685326439996,-0.036061410659125874,-0.0824440068432263,-0.07686777678983552,-0.15005316053118026,-0.12398736923933029,-0.11011848731764726,-0.037460182660392354,-0.11093894764780998,-0.06150214493806873,-0.12263993120619229,-0.09351165010593832,0.09901549161544868,-0.03260658362082073,-0.13072143920830318,0.01888680670942579,0.0012200911130223954,0.05598770614181246,0.08922355728490013,0.03260524318154369,-0.06591502537152596,-0.1118945772094386,0.21478267652647837,0.3232052060110228,0.19730506438229764,0.5797866721238408,0.5616195159299033,0.5513971384082522,1.1922064679009574,0.6207157686086637,0.6520569516079766,0.5213040885116372,1.2381939111011369,0.7457220799156598,1.065282472542354,0.8583709331495422,0.9317311506186213,0.3713544947760446,1.2241137922807996,0.5506281750276685,1.015191677691681,0.7360938553299222,0.7478281365973609,0.6225860230624676,0.4308058087314878,0.5984562827008111,1.2575106264225073,0.8756449265139443,0.6768162750772068,0.23976317823066243,0.8093207068741322,0.6326958558389119,0.6481110381760767,0.5622808475579534,0.8072000784533364,0.46598958543368746,0.30968627905739204
ERR1370434,1,-0.07843980213095035,-0.041920851317367384,-0.14921298516648157,-0.09986346853630883,-0.07801328892154354,-0.09658045800668853,-0.11040472698264889,-0.10672338526429874,-0.06977120331222457,-0.004460293799638748,-0.09448421107871192,-0.09808979236653873,-0.09041197717721973,-0.09370486065745354,-0.09209941673491683,-0.08996819811207908,0.0552749474133764,-0.11994005433682885,-0.06841096947235721,-0.022371635905333927,0.016336763011557714,-0.08194047452083655,-0.06454618488039289,-0.11400900781154633,0.1517236525458949,0.27089947781392504,-0.07272413106901306,-0.05453646568847554,-0.1410552422915186,0.20813395082950592,0.20170446378844126,0.30960473311798914,0.8254271165600845,0.8207774082464832,0.25356875732541084,1.3586807336126054,0.4889810974044459,1.2039265632629395,0.7704991293804986,1.1860039510897227,0.8963364022118705,0.8929101058415004,1.3711193555167742,1.7683050275913306,0.6096749848553112,1.6240512356162071,0.8804494830380593,1.7651268584387643,1.1327172028166907,0.7720218300819397,1.338619555745806,0.4828026087156364,0.6656251230410167,1.5145932265690394,1.19191851573331,0.6807548547429698,0.5881751967327935,1.3205013711537634,1.223678552678653,0.6970534106450421,0.9993346014193126,1.3314030596188136,1.1375941330833095,0.9740075767040253
ERR1370435,1,-0.023549776258213178,-0.06313251358057771,-0.11043545816625867,-0.11740247106977872,-0.07400996690349919,-0.1308709273913077,-0.10317338710384709,-0.1006604970565864,-0.033927060198038816,-0.06682514904865197,-0.08442900010517665,-0.11052694863506726,-0.09747648345572608,-0.1317828023540122,-0.09347357427967447,-0.10112077157412257,-0.06662057426625065,-0.13196798307555063,-0.12028577927100871,-0.011854173881667,-0.027435261756181717,-0.1114652558629002,-0.03287842550448009,-0.05185533048851149,0.20873454532452992,0.15087566205433436,-0.049787194501342516,-0.05171348064738725,-0.12380884162017278,0.22521461972168513,0.28964446218950407,0.4514385334083012,0.8864450279091086,0.8530192100442946,0.6250258580382381,1.465226513998849,0.646248566785029,1.1335468427943332,0.8670789684568133,1.5114544233573335,0.9222566389611789,1.545785091817379,1.2135526540556125,1.3855675622554762,0.5368061629789216,1.6603578361682594,0.8569518114839282,1.6772509877170836,1.1615133631442274,1.0856360057867798,1.094599325209856,0.6224214816964897,0.733524752514703,1.7942227497696877,1.461840985076768,0.7914527484348842,0.5072084628045559,1.2870149967327182,1.2234610319137573,1.0306927391460963,1.0520608925393649,1.4132514085088457,0.9535743019410542,1.2634675077029638
ERR1370436,1,-0.016440109349787235,-0.048748580805425136,-0.111557808305536,-0.10953290707298688,-0.08366940117308072,-0.10290894790419511,-0.12241011139537607,-0.1388190303530012,-0.09161916751015399,-0.05748140798615558,-0.10904226026364736,-0.11221737121897084,-0.09942266225282635,-0.09405686786132199,-0.12370640791154333,-0.11450875297720943,-0.0698440529938255,-0.10447390377521515,-0.08178288752346166,-0.08968440443277359,0.0002837441861629486,-0.1158952031816755,-0.03887572990996497,-0.11587858905217477,0.13821457858596528,0.18575490319303103,-0.09667584725788661,0.00845870395590152,-0.1175944624202592,0.28351388020174845,0.20722265435116632,0.599038181294288,1.0623112416693143,1.0010717234441213,0.4886444296155657,1.5727009560380663,0.7643720496978078,1.3748426458665304,1.042353970663888,1.5736460659120763,1.015666195324489,1.381208409156118,1.6034075426203864,1.9252834027366978,0.6405416982514518,2.082997143268585,1.1760221815535001,2.1636831973280226,1.642724939755031,1.207076934831483,1.4090728014707565,0.9262010827660561,0.9862049711602074,2.13828672681536,1.6134019674999374,1.1254180824118,0.8802640991551536,1.9645902727331435,1.789985790848732,1.3782261801617486,1.7276418943490301,1.6699046513863973,1.6847844464438302,2.015145080430167
ERR1370437,1,0.004806243149297578,-0.04267285484820604,-0.10895371437072754,-0.11183722742966243,-0.05947959163625326,-0.10788935855297106,-0.09237320356104257,-0.10584923252463341,-0.0872344108148744,-0.07909832442445415,-0.1108947481427874,-0.10209079446004969,-0.08059875886621219,-0.11761190249983754,-0.11205466504075698,-0.11522659885564021,-0.05825125049367281,-0.12027447311473745,-0.09214923986499864,-0.07888721135844078,0.008562522807291575,-0.10748708913368839,0.0064533161265509465,-0.07241501126970563,0.19270382076501846,0.10238489402191979,-0.07881032442674041,0.003452573370720659,-0.11036857004676547,0.2979345353586333,0.17079769713538034,0.5660982270325933,1.015955904166081,0.9923895421837058,0.6337574826819556,1.5449203210217612,0.70353494750868,1.3306035452655383,0.8601464261966092,1.4920914493767279,1.0953751036099024,1.5698165212358748,1.4183801524341106,1.6415641382336617,0.6741925925016403,1.9430496330106897,1.061446019581386,1.9260387984769685,1.36152412210192,1.28368728607893,1.1541555800608225,0.8061309989009585,0.9031439114894185,1.953663408756256,1.5592407924788338,0.9459157825580665,0.6596986332109996,1.4568507032735007,1.3896809028727668,1.2778141445347242,1.2412284016609192,1.4013415010912078,1.1193516988839423,1.4857865869998932
ERR1370438,1,-0.0733256720206035,-0.06180083325931004,-0.042722576430865696,-0.12101433958326067,0.010640580805816821,-0.10999455126667661,-0.09395651146769524,-0.10116590559482574,-0.0649287919409939,-0.016102976963988373,-0.09796425753406116,-0.1258702435131584,-0.08610815880820155,-0.0976349439338914,-0.0728944827403341,-0.08799111271010977,-0.06390171870589256,-0.09099574307245868,-0.10574711533263326,-0.07223281610224928,0.03649528550782374,-0.13187026338917868,0.09630877737488065,-0.04202078069959368,0.0834754082773413,-0.015114324233893837,-0.01676619216128269,-0.034699206739397984,-0.050644465954974294,0.32820621345724377,0.31755904567294885,0.5039152468421629,0.8597729557326862,0.8322613739541599,0.5529538504779339,1.1677996005330766,0.7855801241738456,0.899891620834491,0.8610302981521402,1.2408684502754892,1.0259897831295217,1.1814895953450884,1.2168173185948814,1.1376945144895996,0.46302572212048937,1.668538010845493,0.8189389083002295,1.4566527690206255,1.095529671226229,0.9820755017655236,0.7008634603449276,0.4755468738398382,0.7071954363158771,1.5811023627008711,1.2707761887993132,0.9424226049865995,0.5171704832464457,0.9872286745480129,0.8172138588103864,0.6870311903102058,0.8014881270272392,0.8336840442248753,0.7279947442667825,0.6071829625538417
ERR1370439,0,-0.005557122640311718,-0.08269030973315239,-0.11430493263261658,-0.12344990564244133,-0.07176995969244412,-0.11547794086592537,-0.08791073887342853,-0.1069954942379679,-0.05684662430680224,-0.06210920081606933,-0.08972817978688649,-0.11954387703112193,-0.10804405329482895,-0.1356377795870815,-0.07667016025100436,-0.12401429404105459,-0.04814586096576282,-0.13214635529688426,-0.10046356337677155,-0.01674349925347737,0.03539874670760972,-0.1354701364678996,-0.051768332719802856,0.00562750015939985,0.09716269852859634,0.1946172256554876,0.023344090075365136,-0.02269674278795719,-0.11329213423388344,0.27493531150477274,0.08331159502267838,0.16865748607753112,0.6847015209496021,0.6645168523703303,0.4830710802759443,1.166609329836709,0.6090088039636612,0.9643768654870135,0.5524565705231258,0.957320718892983,0.8850346612078803,0.8436091180358615,0.6588871282126222,0.9958566869609058,0.3519370817645852,1.0865130904130638,0.503345288336277,0.8643529287406376,0.6002165313277926,1.026629701256752,0.7240468186459371,0.38644129037857056,0.47803252722535816,1.0384651188339507,0.7303445325898272,0.5724248912717614,0.21988752058574132,0.3641254795449121,0.5788861949528966,0.6783330397946494,0.25122270533548935,0.5909252912471337,0.4351195123578821,0.18101949976491077
ERR1370440,1,-0.048781821404450705,-0.05254808986293418,-0.0980149092418807,-0.09827327302524022,-0.06470625511636692,-0.09270015615038574,-0.11512217494393033,-0.12850299051829747,-0.08732399985560083,-0.07547249232551881,-0.1039602697959968,-0.11078273132443428,-0.08438763162121177,-0.11453645762854389,-0.12044546428868282,-0.11487392934837512,-0.06393358457301344,-0.10860324145427772,-0.07654828456829169,-0.08216949452513031,0.020666530089718953,-0.10935496618705136,-0.030418019741773605,-0.08742203350578036,0.1290357363011156,0.10874594588364873,-0.08708014148786399,0.00299760586182986,-0.1077537653701646,0.2715864229415144,0.2653621573533331,0.5715945123561791,1.0561690038167788,0.9543856744255338,0.5201621734138046,1.544903616820063,0.8507273983476418,1.2730720724378313,1.0516753792762756,1.5825682682376023,1.123961865901947,1.4625950317297662,1.5760415558304106,1.7944091579743795,0.6365834261689868,2.07226642913052,1.129937129361289,2.0778247032846724,1.503424659371376,1.161585924880845,1.2887937362704958,0.8706104095493045,0.9846988485327789,2.102530913693564,1.6634631965841566,1.0779173140014922,0.8881041545953069,1.743457742035389,1.5970096737146378,1.3558861166238785,1.5333704969712667,1.5276192490543639,1.407127353229693,1.5784732401371002
ERR1370441,0,-0.099979957166527,-0.12390625742929322,-0.1317210133586611,-0.14750534402472631,-0.10014895136867251,-0.02664051577448845,-0.05558318990681853,0.1290061271616391,0.050753148538725715,-0.05387340113520622,-0.10698771796056203,-0.06797340086528234,0.023743843393666402,0.012451868504285812,-0.016282769186156138,-0.0781109764107636,0.03699054888316563,-0.054188616041626246,0.03568771694387708,0.12510158121585846,-0.03328139654227665,-0.1236241701990366,0.3321108032583392,0.10800203787428993,0.03484415795121874,0.033614415542355607,0.1940024916548282,0.04617742768355778,-0.030030384127582823,0.20070318718041694,0.16917372388499125,-0.0031719250338418143,0.20090877264738083,0.2580924039440496,0.3416985938591616,0.4628122748274888,0.4030493720035468,0.2214004692754575,0.21392825139420374,0.35315616748162676,0.37122551617877825,0.3633196609360831,0.21286996666874206,0.2288575651390212,0.09581336485488075,0.4571850482773568,0.1259970643690654,0.24238808027335576,0.1763708900128092,0.378080105142934,0.07557137363723346,-0.060422107577323914,0.18594471152339662,0.5502320347087724,0.15632750572902815,0.26591390318104197,-0.003789114100592477,0.059078107721039226,0.05097538445677076,0.09143292371715818,-0.06004501915802913,-0.03384832984634808,-0.04022980481386185,-0.12879737466573715
ERR1370442,1,-0.012510448561183043,-0.037503573045666726,-0.12826394183295114,-0.10327945756060737,-0.0775760712900332,-0.09269179323954242,-0.10345376961465393,-0.10534805857709476,-0.07341013230117303,-0.04812126141041517,-0.09645832516252995,-0.09394007681735925,-0.07745512362037386,-0.11134308935808283,-0.09572364446440977,-0.09654656897432037,-0.04150572899795536,-0.10862805587904793,-0.07341546413954347,-0.06895879523030349,0.009486723691225052,-0.07256827796144145,-0.07648896612226963,-0.05995150362806661,0.21402422511684044,0.09019662173730987,-0.07606428040058485,-0.010289261450192757,-0.09762726191963468,0.28253597021102905,0.26213744814906803,0.5900596385555608,1.1287234335073404,0.9768401432250228,0.5873770341277122,1.5974302291870117,0.872004684060812,1.3903076187541177,1.115983017853328,1.7367532814719848,1.214112224323409,1.6913303009101324,1.655201398900577,1.9202020982546466,0.6328190054212298,2.057120233308524,1.1202055726732527,2.1408319090093886,1.4653154888323374,1.2553313033921378,1.3219919417585646,1.075990121279444,0.9814336619206837,2.0950720650809154,1.6781808563641138,1.0891246960631438,0.8493416564805167,1.6753467523625918,1.49918787500688,1.3640874198504858,1.4035311852182661,1.401808840887887,1.3640685193240643,1.6323352541242326
ERR1370443,1,-0.034237961817000596,-0.06090371896113668,-0.1070562441434179,-0.10812232377273696,-0.07356810756027699,-0.11973452381789684,-0.10863477949585233,-0.08741675689816475,-0.04913062376103231,-0.06343023186283452,-0.08276998437941074,-0.1068940960935184,-0.08452201847519193,-0.11776013140167509,-0.06247723561578563,-0.09697401177670274,-0.03611359332821199,-0.13546779858214514,-0.1073833537853456,0.02057314823780741,-0.02136077040008136,-0.09688941815069743,-0.01892685517668724,-0.029374131400670325,0.14659338550908224,0.11865311741296734,-0.04152783295804901,-0.04312963131815195,-0.1168677109692778,0.21435374234403884,0.34769333857444246,0.5194056417260852,1.0449238106874483,0.8826657703944615,0.5967733625854764,1.5014999764306205,0.7284512126020023,1.107675751671195,0.8885731846094131,1.5289308253143514,1.0463947366390909,1.528889583689826,1.2998249031204199,1.527406323168959,0.5498488385762487,1.7109418292197265,0.796470160995211,1.6158197266714913,1.1142541308488165,1.112407767346927,0.9970383777150086,0.8389782567641565,0.7748061503682818,1.7875426496778215,1.3869734129735403,0.8712624753160136,0.43526873604527544,1.2707846723496914,0.9689801441771644,1.0769510184015547,0.8738182399954114,1.1155572129147393,0.8528556829052312,0.8864795331444059
ERR1370445,1,-0.0674722862562963,-0.07774994868252959,-0.11229277508599418,-0.1226222887635231,-0.08117688580283097,-0.120967335999012,-0.12780099734663963,-0.0951854796814067,-0.05214750387572816,-0.08474177893783365,-0.08861284383705684,-0.12336206436157227,-0.10746519746524948,-0.13723033453736985,-0.07565292077405113,-0.1313130541571549,-0.06476179131173662,-0.14114352954285486,-0.12392452751685466,-0.008138901421001979,-0.004074479852403913,-0.1248878820666245,-0.002448513571705137,-0.047005313847746165,0.12509045377373695,0.07253526097961835,-0.030226753825055703,-0.05780886772221753,-0.13213447907141276,0.20819678689752305,0.3531869969197682,0.4370831059558051,0.8518673625907728,0.8236945606768131,0.5685013239937169,1.3177860719817025,0.6743193534868104,0.839269685958113,0.7395235137747866,1.397036124020815,0.8678644137190921,1.2769542591912406,1.0982539015156882,1.1795455941132136,0.4700698160699436,1.5269117236935668,0.729443369699376,1.428018036697592,1.0219437123409338,0.9094460521425519,0.8320420545392803,0.5368959274409073,0.739263368504388,1.6151985547372274,1.2247555255889893,0.8305579934801374,0.4442163769687925,1.0936542914382048,0.9537276614989553,0.7696903795003891,0.7953564077615738,0.9809642945017133,0.7604588690612998,0.8570010465170655
ERR1370446,1,-0.07707322921071734,-0.0950362863285201,-0.11349499757800784,-0.12385507194059235,-0.0838920223925795,-0.11969520737017904,-0.13214129422392165,-0.08942004160157271,-0.017028092140597955,-0.08252364663141114,-0.0672882976276534,-0.12912332053695405,-0.11454229376145772,-0.12648948282003403,-0.04800153164459126,-0.11834042785423142,-0.04329729485990746,-0.13470451533794403,-0.12801340601540037,0.08166918477841786,-0.04091369467122214,-0.12240483558603696,0.0011589016233171736,-0.03820040236626353,0.09790249434964997,0.10558162523167473,-0.0038300946887050357,-0.08342587488836475,-0.12945342063903809,0.17859792709350586,0.3432140201330185,0.2788030888353075,0.7747646429176841,0.7034848140818732,0.5649515230740819,1.235628000327519,0.6446292768897754,0.6734655935849462,0.6006010845303535,1.290146325315748,0.8004347660711834,1.1869093115840639,0.8783506048577172,1.0287651305219956,0.43892348238400053,1.3163990275601722,0.5561149524458285,1.1471743817673996,0.840055661542075,0.8160345655466829,0.7201799516166959,0.44309178420475553,0.5874842596905572,1.345104290746219,1.0462044456175394,0.7374400177172252,0.31776935886591673,0.9640471544116735,0.6773607153445482,0.709678342299802,0.5489822487745967,0.7857046467917306,0.48584099965436117,0.38610486925712656
ERR1370447,1,0.02158599958888122,-0.05073993666363614,-0.11337864186082568,-0.1018651697252478,-0.07204731913017375,-0.10835776278483016,-0.10826121669794832,-0.08959794683115822,-0.057759766932576895,-0.050106034481099675,-0.09871423989534378,-0.09437615690486771,-0.07946490150477205,-0.11827408176447664,-0.0852380119530218,-0.09280515502073935,-0.03809521227542843,-0.12103999725409917,-0.08783282974867948,-0.03410575432436807,-0.0043247853006635395,-0.09512075036764145,-0.07373540475964546,-0.06187001722199576,0.20204421478722775,0.19720060697623662,-0.06313457423155862,-0.014932033206735338,-0.11417872884443828,0.2321211594556059,0.2598759276526315,0.6233522444963455,1.149409334574427,1.024701479290213,0.5885192042748842,1.76628634759358,0.7665211100663457,1.377581293827721,1.0395872933523995,1.725991144510252,1.1550872123667173,1.6743847472327096,1.4528841716902596,1.9116726166435651,0.7034920720117432,1.9375359217104102,1.0209062908376967,2.040378616324493,1.3885656893253326,1.3791292820658003,1.2756796777248383,1.036172785929271,0.9343398911213237,2.020159755434309,1.5431046762636729,0.9347242032443839,0.6728527567216328,1.5696588094745363,1.5715634282678366,1.4311283230781555,1.2383999398776464,1.3988026976585388,1.298031927539601,1.5486400851181574
ERR1370448,1,-0.01717416463153703,-0.06739698856004647,-0.0796565833069118,-0.09354538402320552,-0.07223530739013638,-0.14823830659900392,-0.04415526241064072,-0.0897240090583052,-0.002107455794300352,-0.08296928874083928,-0.07782567718199321,-0.05958894108022962,-0.12123938596674375,0.01692706931914602,-0.08115268205957753,-0.09652444241302353,-0.03801911350871835,-0.09383326875311988,-0.12135112698056869,0.1439729548458542,-0.06361574253865651,-0.10844022780656815,-0.02373425556080682,-0.062436522516821115,0.23824611891593253,0.2723433221025126,-0.059402590351445336,-0.09483050874301366,-0.07488785205142838,0.20274060325963156,0.11397646740078926,0.19397435550178801,0.6500452618513789,0.6685363623712745,0.6236758934600013,1.1674623659678869,0.5604150013199874,0.8951532393693924,0.6217412240138012,1.118253015513931,0.7195275617497308,1.0385933140558856,0.8671017725552831,0.9593508211629731,0.4501595476509205,1.303168499842286,0.5755154469183513,1.1815242458667075,0.825661165373666,0.913023327078138,0.7841225277100291,0.45048715812819345,0.27773275652102064,1.1984668033463615,0.9599984075341906,0.5283065241362367,0.23900628834962845,1.0836697007928575,0.8924395175916808,0.8468652718833515,0.5697083356125014,0.986203168119703,0.6576021044914212,0.7055890794311251
ERR1370449,0,-0.06500061069216047,-0.08186192038868155,-0.07482766240303006,-0.1028534434735775,-0.07784849458507129,-0.15645552958760942,-0.09623817407659122,-0.08501012889402253,0.015232467225619726,-0.0904089906918151,-0.07971817893641335,-0.11462241730519704,-0.11459673675043243,-0.08821545275194305,-0.07144873416317361,-0.1162136278248259,-0.03491398585694177,-0.13055106358868734,-0.1333669466631753,0.0885798590523856,-0.05428521015814373,-0.12227290655885424,0.01072773230927331,-0.044037007859775,0.21453592873045377,0.24222131818532944,-0.05765146336385182,-0.10746544865625245,-0.09234309143253736,0.2096031638128417,0.17516713669257505,0.27107792028359007,0.6707220088158335,0.6780566621039595,0.5264267048665455,1.0274032396929604,0.5068207649247987,0.8285723371165139,0.5881408697792462,1.0840251509632384,0.7253690596137728,1.0450005129511868,0.7697377442382276,0.9676764461078814,0.3658535086682865,1.2505208430811763,0.5609827967626708,0.9380076389227595,0.7431056393044335,0.8465364378477845,0.6868389440434319,0.4668144876403468,0.2381200971347945,1.1354723019259316,0.9393619416015488,0.4842876781310354,0.21144994561161315,0.9254292090024266,0.7564416511782578,0.631775249194886,0.5496429151722363,0.8547833285161427,0.6306366154125759,0.5689010471105576
ERR1370450,1,-0.03460802257593189,-0.05224785288529737,-0.12196378196988787,-0.1261301493006093,-0.08660467321585331,-0.11915467360189982,-0.11070583215249437,-0.10530492716601916,-0.07603394739063722,-0.07732488560889449,-0.10163735119359833,-0.10919462836214475,-0.08591004886797496,-0.1296558047511748,-0.09779634699225426,-0.11094392995749201,-0.07756239962431469,-0.13573387451469898,-0.10231705949575241,-0.04443990811705589,0.005239087556089673,-0.11776856971638543,-0.039454380698901205,-0.04005992339391794,0.10655997480664935,0.07023514487913676,-0.05360387546742069,-0.022990571468004158,-0.125632178570543,0.24244014280182974,0.2694808489509991,0.46448957175016403,0.9695439389241594,0.8092154253806386,0.5680367488946233,1.3888323903083801,0.7212621489805835,1.1578739775078637,0.814395588955709,1.4947838352194853,0.9311377469982419,1.5095196930425507,1.3550929891477739,1.403621084455933,0.5071855442864555,1.7649492250888474,0.8908623648541314,1.6929307239396232,1.1223120774541582,1.1153957503182548,0.9356588817068509,0.6877796330622264,0.7602756183062281,1.8706273564270564,1.417697427528245,0.8648144922086171,0.43203579794083324,1.3233622376407896,1.0868053808808327,0.9953965510108641,0.9443154798022338,1.1430714513574327,0.9318360819348267,1.1130221667034286
ERR1370451,1,-0.06808967675481524,-0.055841668508946896,-0.1293454553399767,-0.10949414116995675,-0.09227808857602733,-0.12435654657227653,-0.11526138016155787,-0.09822137174861771,-0.058529873112482686,-0.08182830257075173,-0.09484182803758553,-0.11821573972702026,-0.09266466035374574,-0.13410299005252974,-0.0893535758368671,-0.10561096907726356,-0.04483590142003128,-0.13230530066149576,-0.11995842547288962,0.018288196995854378,-0.03450057123388563,-0.10676292702555656,-0.02548564864056451,-0.07151196817202228,0.09053302024091993,0.049548880596246035,-0.06432391816217985,-0.04429579499576773,-0.13346079630511148,0.20756931390081132,0.35797081674848286,0.47508292964526583,0.97506301051804,0.8262538430946214,0.4958013743162155,1.3515552133321762,0.7171788854258401,0.9397273893867221,0.8202554059347936,1.454920266355787,0.9937664568424225,1.3227664583495684,1.1530955955386162,1.3816225656441279,0.515347669167178,1.6648439766306962,0.7823023625782558,1.5844444526093346,1.0421854236296244,1.0240952803620271,1.0290833617161428,0.5662798828312329,0.7761508896946907,1.867058059998921,1.3784878253936768,0.8907392344304493,0.5397670684116227,1.230926631816796,1.1414662093988486,0.8131360507437161,0.9972529209085873,1.1418156921863556,0.8778239414095879,0.9784927432026181
ERR1370452,1,-0.016774946690670083,-0.04637291042932442,-0.1400714804019247,-0.10143389606050082,-0.0998458197074277,-0.1155568387891565,-0.11989556213042565,-0.12675650949989045,-0.08657290167840463,-0.06406204934631075,-0.10680741657103811,-0.1068241862314088,-0.09972201128091131,-0.11676110726382051,-0.1129695585529719,-0.10781688110104629,-0.04857145342975855,-0.1254783089139632,-0.09807453139884663,-0.061705207851316245,-0.03424787414925439,-0.11446724672402654,-0.0746025453720774,-0.08792930628572192,0.16618464408176287,0.1790881556059633,-0.09172887102301631,-0.017181249734546458,-0.11931140774062701,0.2178736196032592,0.185942998954228,0.48974794894456863,0.9838475562033376,0.868658763489553,0.4449236978377615,1.5334255631480898,0.7669956791879875,1.373380078801087,0.9445054807833263,1.5603554472327232,0.9817142550434385,1.3427908984678132,1.5467917913837093,1.957191504005875,0.578183474285262,1.9397088504795517,1.0124911240168981,2.02776962518692,1.2712356826024396,1.1091718961085593,1.3404987965311324,0.719708868435451,0.8576308329190526,1.968242347240448,1.493733516761235,0.8162592936839376,0.7388060359018189,1.6498123109340668,1.627267701285226,1.2097059275422777,1.3910550687994276,1.5495887925582272,1.4087396790938718,1.634220459631511
ERR1370453,1,0.03876499884894916,-0.04354490878592644,-0.10687967602695737,-0.10251209645399026,-0.08756156824529171,-0.11429435679955142,-0.1014786238915154,-0.1013278519468648,-0.07612631785949427,-0.05926538139049496,-0.10862742790154048,-0.10061367255236421,-0.0845525711774826,-0.12654906990272657,-0.10392146883532405,-0.10788808982553226,-0.02539317692363901,-0.12288635596632957,-0.08537824220755803,-0.06331307041857924,0.03631669602223805,-0.10989257679986102,-0.04165721099291529,-0.06137580530984061,0.24553925171494484,0.19751870951482228,-0.06211166551137077,0.012084312437634383,-0.12288794560091836,0.30976840587598936,0.22245877342564718,0.5906083881855011,1.0952180900744029,1.012561057029026,0.679402908044202,1.6094908033098494,0.737918844712632,1.3512319539274489,1.0009692385792732,1.5754654285098826,1.1658057618354047,1.6413475658212389,1.4056528575186218,1.8352010734379292,0.7118958298649106,1.9144360672549479,1.1574501395225525,1.987647217299257,1.3881980734212058,1.4319727165358407,1.270110900912966,0.9350690948111671,0.9201619784746852,2.066146216222218,1.670660368033818,0.9724219739437103,0.657742704031989,1.5496468618512154,1.5174155682325363,1.2864841903959001,1.296203485423965,1.568984423897096,1.2676696287734168,1.7104194377149855
ERR1370454,1,0.004474712801831109,-0.04867255674409015,-0.11272675331149783,-0.10508476995996066,-0.07910456322133541,-0.09969509951770306,-0.11356210974710328,-0.0884019463722195,-0.05328127695247531,-0.058356178126164844,-0.10524243435689382,-0.09808082266577653,-0.08380070255537118,-0.10441597451322845,-0.10216915913458381,-0.10732878485162343,-0.03324207377486995,-0.12505753764084407,-0.09619385291755732,-0.04362808274371283,-0.0011242058660302842,-0.09526163286396436,-0.0711547854755606,-0.06649739242025784,0.25247977833662716,0.13537451837744033,-0.06909253265309546,0.0025487334600516726,-0.10735263249703816,0.25960778578051497,0.2892999867243426,0.6118544132581779,1.1445336198168141,1.053081316607339,0.6091848899211202,1.7070361035210746,0.8678514318806785,1.285330857549395,1.1137631280081612,1.719624575360545,1.1293342605765377,1.6296718141862325,1.51377606179033,1.7856430230396134,0.6963893473148346,1.9813188249245286,0.9627600674118314,2.0303497782775333,1.5366619506052561,1.2911510808127267,1.2448005708200591,0.9451450620378766,0.9239249951538763,2.1388617839132036,1.7241873954023634,1.026784400854792,0.6487110644312841,1.6242938765457697,1.5039518475532532,1.4260876859937395,1.3656330704689026,1.447434936250959,1.2613393917147602,1.6841818626437868
ERR1370455,1,-0.08052295978580203,-0.09958298770444733,0.0025546295302254812,-0.10601627613816943,0.09509472203041826,-0.07242664149297136,-0.005906999809667468,0.13935693015810102,0.10058912914246321,0.060816197256956785,-0.11652711193476405,-0.040431998670101166,0.052405279861497026,0.03662597161850759,-0.028352898013378893,0.09552728491170066,0.08063440876347679,-0.01705318795783179,0.06803900216306959,0.0709097318883453,0.025497311460120336,-0.1448106217597212,0.38777861213644166,0.14268288335629872,0.14800185204616614,0.13199302873441152,0.14333725605060213,0.055953542568853924,0.031500877014228275,0.2560989835432598,0.10479083816920008,0.0713261067867279,0.26389352285436224,0.2996924892067909,0.3470861741474697,0.48937071141387734,0.4111034923366138,0.41716018851314274,0.2568465386118208,0.3524137897683041,0.5098526068031788,0.45896810479462147,0.2870847391230719,0.2808047972087349,0.12759431318512984,0.638081225500043,0.1774567716888019,0.3496348597109318,0.22087299896936333,0.5043211834771293,0.16120127056326186,-0.010794304311275482,0.18299150999103272,0.7302844050739493,0.24979169028145926,0.14493751299700566,-0.019798532660518373,0.07144938249673162,0.10453927543546472,0.07663072299744401,-0.08190684446266719,0.07561552098819188,0.04280575790575573,-0.09704771318605968
ERR1370456,1,0.006328086501785687,-0.0643210191545742,-0.10668904440743583,-0.11175678138222013,-0.07094845880887338,-0.11399297915132982,-0.12259569391608238,-0.0892987602523395,-0.05695964715310505,-0.0651444551934089,-0.08307568090302604,-0.09016624971159867,-0.08836698292621545,-0.10665646248630115,-0.08967487035053116,-0.083821104573352,-0.036826549164418666,-0.10551206913909741,-0.09184419939161412,-0.023099486050861224,-0.024344756667103087,-0.10312371501432997,-0.05415315766419683,-0.04329498218638556,0.21707903540560178,0.1487835438123771,-0.06347706820815802,-0.03987729682454041,-0.11842216870614461,0.20726565378052847,0.2924798729696444,0.5165891838925225,1.1203799141304833,0.9566780764809144,0.7175853443997247,1.7600654874529158,0.7993229648896626,1.2080167244587625,0.9468646283660617,1.6666758643197161,1.0102051975471633,1.6612547550882613,1.292842481817518,1.6219470841544015,0.743120551109314,1.7992734184289085,0.9322561919689178,1.8510338919503349,1.321990817785263,1.3332810125180654,1.1809812181496195,0.8429312769855771,0.7931266808882356,2.052705273963511,1.632892553295408,0.9818069604890687,0.6088926911886249,1.5982715700353896,1.4507456868886948,1.4692597048623222,1.1267054730228014,1.4637419155665807,1.0603677441499062,1.4959921496255058
ERR1370458,1,-0.03669532714411616,-0.04952014144510031,-0.12063494324684143,-0.126623700772013,-0.09214034091149058,-0.11911225092730351,-0.10157543878137533,-0.1175320792411055,-0.06342090187328202,-0.06701245864054986,-0.10852136223443917,-0.11562868181083884,-0.08248025478262987,-0.13059459999203682,-0.09602906644743468,-0.12039577003036227,-0.06741719576530159,-0.1339618434597339,-0.11843182472512126,-0.034355663029210906,-0.03757027855941227,-0.11404239093618733,-0.014739582048995154,-0.046293055904763084,0.15687046659045986,0.11221009333218847,-0.062366432177701166,-0.0031356457620859146,-0.11536001041531563,0.29886955874306814,0.25532978560243336,0.47029579324381693,0.9329040385782719,0.824840382273708,0.546192296913692,1.3427698750248445,0.6747122385672161,1.1054590110267912,0.846658815230642,1.3824482562818698,0.911114074821983,1.3332272889092565,1.4059507916016238,1.5011191115315472,0.5449853986501694,1.7678626054631812,0.9609288062368121,1.7209956869482994,1.267800869686263,1.154820129275322,1.0018640873687608,0.60373855621687,0.7558133777763162,1.8486503873552596,1.4218691630022866,0.9514103638274329,0.4434673051748957,1.347379319369793,1.098860461797033,0.8214494202818189,1.137211827295167,1.2949984329087394,0.9418112694152764,1.145058692565986
ERR1370459,1,-0.06222671769293291,-0.03916568987603698,-0.1372613768492426,-0.09904319420456886,-0.0766138474656535,-0.07472541236451694,-0.11073606620941844,-0.08718806451984815,-0.07928331661969423,0.04617615137249231,-0.08906866743096284,-0.08093528901892048,-0.09259612991341523,-0.1150089002081326,-0.08376197911379027,-0.08240820760173458,0.008278471417725086,-0.09265608127628054,-0.08744448210511889,-0.030904597469738553,0.038380460015365055,-0.08239875866898469,-0.09751740204436439,-0.11802701359348637,0.15656035687840944,0.1800287248832839,-0.06949458710317101,-0.017920192863259996,-0.1281625692333494,0.3088399054748671,0.1821836113397564,0.3381468632391521,0.9070067235401699,0.8392501670335021,0.30984947298254284,1.4164244894470488,0.5717707036861351,1.2187499680689402,0.9990928939410618,1.3058346967611993,1.0535124966076441,1.1207726438130652,1.4742351195641927,1.7192330147538866,0.5337045586534909,1.7346661569816726,0.9050523566880396,1.8492184792246138,1.395266514803682,0.8284510102655206,1.3430257503475462,0.6304982719676835,0.8595450967550278,1.7133612717900957,1.4656710784350122,0.8688858257872718,0.6265802628227642,1.4099721035787038,1.3793068730405398,0.9520288804279906,1.3154555261135101,1.452446113739695,1.3392803397561823,1.2312612988586937
ERR1370460,1,-0.017576076622520174,-0.05558452622166702,-0.08395410861287798,-0.10852978857500213,-0.06501553114503622,-0.11312914213963918,-0.11259021437061685,-0.11266138298170907,-0.07345884158608637,-0.08073093515953847,-0.10782784755740847,-0.11491509260875839,-0.09412683307060174,-0.12405065513615098,-0.09401649735601884,-0.11671671856726919,-0.062124682922980616,-0.11934336886874267,-0.10649108760324973,-0.05329471693507263,-0.0023419750588280813,-0.12150866112538747,0.004634896559374673,-0.04612239237342562,0.1854018276291234,0.12225169688463211,-0.07004440259853643,-0.0021231650108737604,-0.10050329778875623,0.3467999207121985,0.27281865583998816,0.5314177326966144,0.956114764724459,0.9144374390265771,0.6162639356085232,1.380503413932664,0.8696888578789574,1.124960577913693,0.9160402587481907,1.3804746509662695,1.0790596221174513,1.4394454509019852,1.3290785630898816,1.5660819400634085,0.6092611913170133,1.8962633854909134,1.0410189500876836,1.813808916934899,1.3435965329408646,1.1596950952495848,0.9634098120898541,0.6832528635859489,0.7606561636286122,1.953689796583993,1.5772299340793066,1.0561050464000021,0.6423529035278729,1.3690736538597517,1.2222041168383189,1.0433876940182276,1.253332539328507,1.3401742620127541,1.0774995780416898,1.2560691774955817
ERR1370461,1,-0.025781277301056043,-0.06475913950375148,-0.11277118431670326,-0.11112453469208308,-0.08763846755027771,-0.12685563734599523,-0.1177148771073137,-0.10130652572427477,-0.036294096282550266,-0.07807493768632412,-0.09140478653301086,-0.11447677548442568,-0.09601146195616041,-0.13406506127544812,-0.07962992062259998,-0.10619722200291497,-0.04886213942830052,-0.14274424420935766,-0.11274775992413717,0.024468722087996348,-0.035632037690707614,-0.11505820495741707,-0.03054997165288244,-0.04668294159429414,0.1997596701341016,0.1793184775326933,-0.0573255602669503,-0.03703734784254006,-0.1261096681867327,0.272885337471962,0.2868840130312102,0.4763862554516111,0.9470167676252979,0.9038903936743736,0.6212247163057327,1.474861123732158,0.6926595217415265,1.0543431438106512,0.8407827831272568,1.4471853441957916,1.0385301602738244,1.4363437103373664,1.2417224693511213,1.5309395949755396,0.6375578205500331,1.7406924435469722,0.9042844069855553,1.6190989017486572,1.2010654934814997,1.20927951165608,1.0366206680025374,0.7300395758024284,0.7562854630606515,1.8710165662424905,1.4557537351335799,0.8758158146270684,0.48120554802673204,1.3018465305545501,1.1622201332024165,0.9606888677392688,1.0408715456724167,1.2911445328167506,0.9999623107058662,1.1739909201860428
ERR1370462,1,-0.05987428314983845,-0.10334091580339841,-0.11602221855095454,-0.11689423024654388,-0.08559950653995786,-0.09915896611554283,-0.10182763928813594,-0.0566320749265807,-0.038982658247862546,-0.09472827320652348,-0.09859604335256986,-0.13409973361662456,-0.10472117736935616,-0.09704119465979082,-0.05248184289251055,-0.1519381638084139,-0.0623428611350911,-0.10658721998333931,-0.08742543469582285,0.02984957503420966,0.0010117034294775554,-0.14191161628280366,0.059880293905735016,0.03846060431429318,0.08333663861932498,0.0816720724105835,0.0485190841635423,-0.05946345713787845,-0.12329918731536184,0.2611698146377291,0.11241077046309199,0.10263511139367308,0.4492068514227867,0.4229473727090018,0.48133564633982523,0.7467967527253287,0.5036512315273285,0.6393642233950751,0.4434988519975117,0.7461004086903164,0.6735827571579388,0.7123922939811435,0.5713396498135158,0.5944628460066659,0.21369769956384385,1.023727310621845,0.38801707523608847,0.6823335393731084,0.4182565962629659,0.6926144255059106,0.4379812679918749,0.13184474568281854,0.322876371975456,0.9455016340528216,0.6554255315235683,0.35284779753003803,0.04203265346586704,0.3556800058909825,0.3129045356597219,0.3648325018584728,0.12085018040878433,0.3427850050585611,0.27417731125439915,0.011031627122844969
ERR1370463,1,-0.029988110464598452,-0.046294000931084156,-0.12800117688519613,-0.11210089442985398,-0.09757994467924748,-0.09491059190726706,-0.10681895911693573,-0.12374459952116013,-0.07444110442884266,-0.07705546436565262,-0.09572394511529378,-0.10438447525458676,-0.08171231146635753,-0.10646694299897977,-0.11453146281253014,-0.09368063629205738,-0.03858236047173185,-0.12720837204584054,-0.10152501790850822,-0.062425589455025535,-0.03951257147959301,-0.10597800423524209,-0.0435635649732181,-0.1001957580447197,0.1854882687330246,0.20697864411132677,-0.10488408497933831,-0.018000583497009108,-0.10055536031723022,0.27789927061114994,0.22119432049138205,0.6181240752339363,1.0765628089596118,1.0771609736340386,0.4521178262574332,1.5990130521490105,0.7277460571910653,1.5225387109177453,1.0763644959245409,1.6626245163913285,1.0888322315045766,1.491927054311548,1.8605730533599854,2.0752785529641966,0.6731928288936615,2.1327583183135306,1.3179947047361307,2.317957043647766,1.7247326161180223,1.191282443702221,1.537096870797021,1.0394205397793226,0.9875104948878288,2.1091935549463545,1.6348743133379944,1.1573833892388004,0.9896396632705416,2.0267434109534537,1.749544878091131,1.3324712025267738,1.800127808536802,1.7512889802455902,1.780104961246252,1.9941814541816711
ERR1370464,1,0.01248217560350895,-0.04260362511766808,-0.11747784380401884,-0.10610524511763028,-0.0776833278526153,-0.11538369487971067,-0.10476471295779836,-0.10860341973602772,-0.07510268538525063,-0.056879651732742786,-0.10121019131370954,-0.09609928194965635,-0.07252776715904474,-0.11532676572512303,-0.10873543497707162,-0.10092765797993966,-0.02816281243160899,-0.1237502960222108,-0.0962896413735247,-0.055133377600993426,-8.801317640713282e-05,-0.10578589833208493,-0.05071193112858704,-0.06210792224322047,0.16236998100898095,0.19692590353744371,-0.06983889281816248,0.01555368656824742,-0.12256642218147006,0.25743642981563297,0.20857363832848413,0.5814987825495856,1.1426211882914816,1.010787000613553,0.5928260758519173,1.7499203511646815,0.7192860570337091,1.3887501039675303,0.9075348132422992,1.5967293767524617,1.1245558841952257,1.6074312645276743,1.4028879534453154,1.8844956564051765,0.6934040699686322,1.9794719122084123,1.173217271055494,2.010992633444922,1.341996363231114,1.3425937561052186,1.3493157582623618,0.8834692622934069,0.9404610448649952,2.0780796791825975,1.5845534993069512,0.974670836435897,0.6858446848179612,1.585588378565652,1.5623754145843642,1.2513828091323376,1.3203921509640557,1.5227774158120155,1.2814440450498037,1.5772555300167628
ERR1370465,1,-0.02267212886363268,-0.07164816079395157,-0.10036065801978111,-0.10702458077243396,-0.07855009048112802,-0.1264001548822437,-0.11187067202159337,-0.0910433435014316,-0.03271884524396488,-0.06899942510894366,-0.0912394578169499,-0.11054462620190211,-0.09681760306869235,-0.1281668921666486,-0.06930291599461011,-0.10701951810291835,-0.029019087087363005,-0.14067352456705912,-0.11929505268510963,0.051817216511283605,-0.01848199431385313,-0.11143362495516028,-0.016512265162808553,-0.03553882360990558,0.19760082236358098,0.12849531216280802,-0.027652493678033352,-0.04889180764023747,-0.13230641611984797,0.2533281935112817,0.22583479647125518,0.3761314270751817,0.8797944379704339,0.8502939423280103,0.6279594350074019,1.4048091769218445,0.6845825208084924,0.9486219132585185,0.7840284210230622,1.3581835132624422,0.9394567544971194,1.3340786836509193,1.0583152325291718,1.24841939711145,0.5643496321780341,1.5483938898625118,0.6971694933516639,1.3773558171732085,1.027825951576233,1.112105819795813,0.9023479340331895,0.4920026324689388,0.6832884890692574,1.644111601901906,1.3272592829806464,0.7530324437788555,0.33451507559844423,1.120673079575811,0.865627758204937,0.8948390356131962,0.6899101225260112,1.036433762737683,0.6840813186551843,0.8114974943122694
ERR1370466,1,0.0014319056645035744,-0.08187625956322465,-0.10589250709329333,-0.11381909091557775,-0.07778498556997095,-0.12013690492936543,-0.10294703487306833,-0.1020663252898625,-0.05042049075875964,-0.07418110008750643,-0.09555669873952866,-0.12721226843340055,-0.10897401134882655,-0.14278353963579452,-0.06756475727472987,-0.1269386804529599,-0.05941398361963885,-0.1307807947908129,-0.09624099525223885,0.03259152173995972,0.00476447120308876,-0.13294533959456853,-0.030638531914779117,-0.011464117893150874,0.1292756854423455,0.2092924594346966,-0.00954439610775028,-0.04665816255978176,-0.1380710005760193,0.24974272080830165,0.05631849808352334,0.165681426014219,0.6562117849077497,0.5885553626077515,0.5171489835317645,1.113425578389849,0.5091836032058511,0.9220706096717289,0.5433417643819537,0.9393729439803532,0.77080608691488,0.8404005286949021,0.6505584429417338,0.9556064547172615,0.3781436713678496,1.1600350474140473,0.5371085346809455,0.9018707594701222,0.6844867914915085,0.9981472007930279,0.7033786305359432,0.3181753951523985,0.4488265280212675,1.1833637803792953,0.8973214631634099,0.4801414784576212,0.1401460353018982,0.6638122933384564,0.6494060780719987,0.6607411136584622,0.35800112251724514,0.7107823661395481,0.4769474459545953,0.3139595863010202
ERR1370467,1,-0.018300778631653105,-0.04720351006835699,-0.129013757620539,-0.10427362046071462,-0.08440414829445737,-0.10560387685628873,-0.11577024736574718,-0.1011922721351896,-0.06989693302395088,-0.06612043295587812,-0.0982036893921239,-0.09652035417301315,-0.08393277653626033,-0.11740557876016412,-0.1153820538893342,-0.10212548695770758,-0.058890031717185466,-0.1100074401391404,-0.09711643399870289,-0.06297483029110092,-0.00721102101462228,-0.10357773942606789,-0.05370322934218815,-0.05662969925573894,0.16188751423864492,0.15930358639785222,-0.08673390438447573,-0.007576667603903583,-0.11248116833823067,0.25452941230365206,0.27884894077266964,0.5484808300222669,1.1421401918466603,0.9991832636296749,0.6061805720840182,1.6113284017358507,0.8706904255918094,1.243396327963897,1.0718238683683532,1.7006765058530229,1.1192061943667275,1.6014390353645598,1.4834900849631854,1.9142870221819197,0.7206062898039818,2.0734964102240547,1.0660878781761443,2.0193433029843226,1.4785824513861112,1.3254225823496069,1.2874118302549635,0.9171301488365445,0.950248133657234,2.160886321749006,1.672895148396492,1.0471438164157527,0.7273307873734406,1.6993544208151954,1.5215652606316976,1.420609945697444,1.4164145929472787,1.5032322193895067,1.3580120844500405,1.6695440028394972
ERR1370468,1,-0.033770258139286725,-0.0722483250179461,-0.11306701281241008,-0.11488969012030534,-0.07625570707023144,-0.13276883640459605,-0.10774559846946172,-0.10629556753805705,-0.02384261174925736,-0.06583670846053533,-0.07198952777045113,-0.1124970790530954,-0.09697087641273226,-0.13645587222916739,-0.08094585899795805,-0.08854725158640317,-0.0502786161378026,-0.14151183196476527,-0.11952670743422848,0.03439724338906152,-0.03442926172699247,-0.10280971734651498,-0.007832775158541543,-0.036223056593111584,0.14267197623848915,0.1906548695904868,-0.040464009158313274,-0.06282925476469765,-0.11855063161679677,0.22203380082334792,0.2895598086927618,0.41689283826521467,0.9115385426474469,0.8056364698069436,0.5703673043421337,1.4056426244122642,0.6199450907962663,1.0197495291275638,0.7900640528116908,1.4907309311841215,0.9245682827063969,1.48356716973441,1.2700408462967192,1.5002899345542704,0.4911397448075669,1.6789986553734966,0.8698873328311103,1.5446463056973048,1.0546271673270635,1.036212953073638,1.0188972598740034,0.7920085564255714,0.7409801962120193,1.661944717168808,1.2955273506896836,0.8325921211923871,0.45817270449229647,1.2408835089632444,1.1931529027476375,0.995182488645826,1.0584269613027573,1.292134395667485,1.070798960913505,1.0586671850511007
ERR1370469,1,-0.017536299170127938,-0.04258557475571122,-0.08881437033414841,-0.1127864138356277,-0.04940830876252481,-0.10413058181958539,-0.10222465451806784,-0.10361022555402347,-0.08933652309601062,-0.07474018846239362,-0.10883383399673871,-0.10474950554115432,-0.08221536182931491,-0.12803466844239406,-0.10816858063584991,-0.12309362007571119,-0.08364782437482583,-0.1290500190641199,-0.09876094166455525,-0.07896453221993786,0.029053610350404466,-0.11496918222733907,0.013343950467450278,-0.05694423828806196,0.16966140057359422,0.04835257147039686,-0.06649523872848866,-0.0014497271539377315,-0.101392090054495,0.3258860574236938,0.22753079129116877,0.5634990121637072,1.0284611476319176,0.9435068080866975,0.5563737100788525,1.4389938797269548,0.7964209213719836,1.232052160160882,0.9611986380602632,1.4260092577231782,1.0946013118539537,1.4355192950793676,1.403383077255317,1.53977711578565,0.5802167600819043,1.8953370602934487,0.9146141984633037,1.8121743244784219,1.3216166198253632,1.204530833022935,1.0161119997501373,0.6629835186260087,0.8821326633915305,1.976975679397583,1.5183669498988561,0.9387432086680617,0.5501031098621232,1.3622547047478812,1.220371044107846,1.0813456113849367,1.1327283126967294,1.221850625638451,1.0115531467433487,1.2706470297915595
ERR1370470,1,0.01548467470066888,-0.052677852899900506,-0.10619310076747622,-0.11951668400849615,-0.07688018679618835,-0.11952111424346056,-0.09967334674937385,-0.10906723939946719,-0.06965732995221126,-0.06762666281844888,-0.10445568923439298,-0.10689642519823142,-0.07529584737494588,-0.12665123213082552,-0.10335472325927444,-0.10727810181145157,-0.0525101383848648,-0.13279924275619642,-0.10415690561889537,-0.030828507484069893,0.03430286954556193,-0.11667218591485705,-0.036182666064373085,-0.03902051278523037,0.18699457443186215,0.2086770651595933,-0.04758097690397075,0.006060259183868766,-0.11701887633119311,0.32706042379140854,0.2142004370689392,0.49274349957704544,0.9917162560990879,0.9102192800492048,0.6338537218315261,1.6077420498643602,0.6670717948249408,1.2022656777075358,0.832586190530232,1.4623749633984906,1.0375350660511427,1.5473527604980128,1.2491599986595767,1.5210429344858443,0.6143364033528737,1.7127091527384306,0.9598512990134103,1.7380617163809282,1.21485664163317,1.2951716759375163,1.0786189617855209,0.7392440395695823,0.8080516734293529,1.831394991704396,1.4635938443908734,0.8602472155221871,0.4999949984651591,1.2474133659686362,1.2504564757858003,1.0517285572631019,1.0607432488884245,1.415798578943525,0.9214408147547927,1.3239849763257163
ERR1370471,1,-0.04019274013782186,-0.045848156192473004,-0.061272713754858286,-0.10425819563014167,0.02063242738534297,-0.10411430556061012,-0.09255844690570873,-0.13116874439375742,-0.08120920899922826,0.028119236763034548,-0.10413192159363202,-0.1087251239057098,-0.09173974953591824,-0.10361077011163745,-0.09520156348922423,-0.0416459646075964,-0.041560727188230624,-0.10355280499373164,-0.1067369753062459,-0.0864842063082116,0.06145131800855909,-0.1207347357911723,0.008273996412754059,-0.11253006649868828,0.12546431805406297,0.1621447822877339,-0.0746945957169893,0.001043386956942933,-0.06458785278456551,0.26615202852657865,0.24133896401950292,0.5320082934839385,0.9818485544196197,0.9929005117820842,0.45103093289903234,1.3740716640438353,0.6830173613769668,1.3530896423118455,1.0438880494662695,1.254457616646375,1.008627610547202,1.1469701794641358,1.5083310774394445,1.7274832778743334,0.6138320708913463,1.8716958479157515,1.0082515967743737,1.8749416598251887,1.442235482590539,1.160414079470294,1.1514071545430593,0.7065929142492158,0.7664386848253864,1.7374125123023987,1.347390087587493,0.9183846030916486,0.6887054847819465,1.3499473599450929,1.2688044746007239,0.9945072542343821,1.1646650774138314,1.2859305952276503,1.1844110446316856,0.9977945525731359
ERR1370472,1,-0.00856922846287489,-0.04218239264030542,-0.11837588676384517,-0.11585544741579465,-0.09868877597286232,-0.1127669446037284,-0.11173850288780939,-0.12803519517183304,-0.08854318356108186,-0.06016877027494567,-0.11051385344139167,-0.10644439794123173,-0.0852864708618394,-0.11649787918265377,-0.11235490183545542,-0.11795701984582203,-0.08067820369199451,-0.13266722445509263,-0.09080431262762952,-0.09013493092996734,-0.04097856794084821,-0.11135977107499327,-0.02346869238785335,-0.07963518372603826,0.13218888800059045,0.12376384756394795,-0.08247915292823953,0.018051193594666465,-0.11951384054762977,0.23472419314618623,0.21547794129167283,0.5668241058509531,1.082119535122599,0.9168325123776283,0.5335750736828361,1.5805972097441554,0.7151693150933299,1.3926475920847483,0.9798201194831303,1.4540876996304308,1.0216283457619804,1.4494427916194712,1.6323273570409842,1.9824333173954594,0.6300489066966942,2.059537397697568,1.2633976531880242,2.112702969993864,1.5258133262395859,1.2782303946358817,1.3112909346818924,0.8793003878423146,0.8900433778762817,2.1175001774515425,1.5316247781738639,1.1156593880483083,0.7647696589784962,1.7622213821325983,1.5872356338160378,1.1331698788063866,1.5270598786217826,1.5945552619440215,1.4561946977462088,1.683509771312986
ERR1370473,1,-0.057110316918364594,-0.07605434874338764,-0.0996175477547305,-0.10170321352779865,-0.09424816231642451,-0.13219733323369706,-0.13387800699898175,-0.0965979088629995,-0.05667825322598219,-0.07549232244491577,-0.09943778945931367,-0.12282521330884524,-0.1039416002375739,-0.14507934876850673,-0.08842156854059015,-0.1133512801357678,-0.04456029755861631,-0.14438300366912568,-0.11853208522578436,0.02845719563109534,-0.02472316793033055,-0.11608773709407874,-0.005411380103656224,-0.054723472467490604,0.1987429190693157,0.09889602927224976,-0.05811627096097384,-0.031202066157545363,-0.12968417895691736,0.2957752485360418,0.1876079567841121,0.45168314528252396,0.9686949673175279,0.8511044079703944,0.7094884163566998,1.4088204417909895,0.7201284457530294,1.0116086723282933,0.8169085796440153,1.4385021395449127,0.8760099783539772,1.3642983457871847,1.109802688338927,1.2832048051059246,0.575199832873685,1.576451280553426,0.757948925452573,1.5645912204469954,1.0503066299217088,1.1224538518914156,0.9572085074947349,0.5954987129662186,0.5664795126233783,1.7033999381320817,1.4239264215741838,0.7664915541453021,0.39918096363544464,1.281743945819991,1.095231352906142,1.0116378430809294,0.8455220705696515,1.241166747042111,0.7947688426772531,1.1225003616086073
ERR1370474,1,0.041998962472592084,-0.07895679439284972,-0.08441950700112752,-0.09816797702972378,-0.061984323364283354,-0.12673544617635862,-0.12124840702329363,-0.08261421801788467,-0.03779830836824009,-0.0565839853869485,-0.06955740441169057,-0.09682531588311706,-0.10166864788958005,-0.133212076233966,-0.046375542879104614,-0.07827625370451383,-0.018477390387228558,-0.1465036060128893,-0.099221773878006,0.0031872959807515144,-0.018041455319949558,-0.09065622490431581,-0.05583064577409199,-0.05813983668174062,0.2353008288357939,0.2563630385058267,-0.030562938457088813,-0.034615936023848395,-0.11866881804806846,0.21398968355996267,0.23051236889192037,0.4127881367291723,0.9844762523259435,0.9209006117390734,0.6170700266957283,1.6727487359728133,0.650066398549825,1.2489644523177827,0.8607711579118457,1.5352645553648472,1.0145566718918937,1.4135707089943546,1.0910726155021362,1.6283400324838502,0.6676109524643314,1.5826402752926307,0.8378994252000537,1.6587617713958025,1.1860467812844686,1.2077800716672624,1.1677766080413545,0.8606613448687962,0.6965170061115974,1.5968674942851067,1.302693288241114,0.8657854848674366,0.5092739735596946,1.2451961423669542,1.2732424327571477,1.1729870310851507,0.8890522335256849,1.3171020852667945,0.9863579523350511,1.1045134365558624
ERR1370475,1,0.054694542927401404,-0.04355817341378757,-0.11884914551462446,-0.09907175174781255,-0.08319428004324436,-0.1061432474691953,-0.10706469576273646,-0.09209503153605121,-0.07114068917664033,-0.05664324188338859,-0.10701387801340648,-0.09228159952908754,-0.07993251058672156,-0.12170233391225338,-0.10258222780456501,-0.1044683775066265,-0.025699321147320524,-0.11589750115360532,-0.09055171627551317,-0.06029254973067769,-0.0002507045865058899,-0.1004070859136326,-0.05931989476084709,-0.0784146918782166,0.2601848617196083,0.2083623217684882,-0.067017807841434,0.008476696442812681,-0.1134824316416468,0.2623246847319284,0.2570740716265781,0.6009417570063046,1.1369040422141552,1.0364539101719856,0.6555017882159778,1.7024950725691659,0.8031020845685687,1.4190866180828638,1.093583491231714,1.6969899547153287,1.1594173349440098,1.6524766241865498,1.5254608033491033,1.98643815943173,0.7233421642865453,2.0355593378522565,1.1114985474518366,2.1087314018181393,1.5333686215536935,1.4726310521364212,1.3459199666976929,0.9637246706656047,0.9498791125203881,2.1646363054003035,1.7364107157502855,0.9693224014980453,0.7035697283489364,1.6440972206848008,1.6165792090552193,1.4232334856476103,1.373398312500545,1.5360694442476546,1.3935763854533434,1.7897171889032637
ERR1370476,1,-0.04003968249474253,-0.09422704737101283,-0.08357234871281045,-0.10341484092974237,-0.06873471476137638,-0.14447439568383352,-0.11791046868477549,-0.08525058893220765,-0.021523783249514445,-0.07400477411491531,-0.07813927424805504,-0.12978651800325938,-0.13194339083773748,-0.14587934208767755,-0.07762457516842655,-0.11112658626266889,-0.052734386175870895,-0.15144697257450648,-0.1292292568832636,0.0651336248431887,-0.009322168571608407,-0.12482381292751857,-0.01405065506696701,-0.03595982066222599,0.1384392657450267,0.17140784433909825,-0.03489800649029868,-0.09752047747107488,-0.1270491959793227,0.2277754247188568,0.07302228960075549,0.15770924570305006,0.6068707010043519,0.5859803099717412,0.4064226771172668,0.9663147245134626,0.48231367766857147,0.7961302176117897,0.5031364858150482,0.9737672241670745,0.7356120560850415,0.9369107271943774,0.6313194813472884,0.8454955390521458,0.3001363540866545,1.1523394510149956,0.4583986465420042,0.8050459825566837,0.6281761250325612,0.773799543934209,0.6067248667989459,0.28212081285060514,0.3314740593944277,0.9854842445680073,0.7873928185020175,0.43941548466682434,0.07027198347662177,0.6397830585816077,0.5201147836633027,0.6019021613257272,0.28382675030401777,0.5723907883678164,0.4238827851201807,0.19810475036501884
ERR1370477,1,-0.036717314539211135,-0.04828994335340602,-0.13800468615123204,-0.10422604531049728,-0.10402850407574858,-0.11321215557732753,-0.12207599835736412,-0.13655334498201097,-0.09476520440408162,-0.07355140495513167,-0.09381851607135364,-0.10830933015261378,-0.09833850259227413,-0.1282420050618904,-0.11649375049663442,-0.1113641940589462,-0.08040642429010145,-0.12497846782207489,-0.10156503512657114,-0.10243616306356021,0.06669344646590096,-0.11193414551338979,-0.03191688656806946,-0.10407731043440956,0.09980268669979912,0.1297895796597004,-0.0763492250116542,-0.02178087378186839,-0.10201897285878658,0.26694376048232826,0.24145660176873207,0.538051653121199,1.0800228672368186,0.9893588737052467,0.5609884390141815,1.5602774353963988,0.7334772561277662,1.2583582230976649,1.0250145973903793,1.5222221155251776,1.0065851594720567,1.4617887660861015,1.57113493340356,1.8637824399130685,0.6678417101502419,2.007060205563903,1.1015188353402274,1.9778042776244027,1.502425979822874,1.1951826129640852,1.333906073655401,0.8800945154258183,0.9172664321959019,2.019852042198181,1.6055785183395659,1.0656950564256735,0.7496539226600102,1.7708639012915748,1.6220066733658314,1.276445399437632,1.4796235689095087,1.4711836789335524,1.50456631396498,1.6363598959786552
ERR1370478,1,-0.07499600228454385,-0.06280345077227269,-0.11014389672449656,-0.12134874346000808,-0.09318123917494502,-0.11355328293783325,-0.12354143017104693,-0.11649514019622334,-0.05910299851426056,-0.07289141017411437,-0.07166436580674988,-0.0965427468929972,-0.08557541189449173,-0.1316402517259121,-0.10800548948879753,-0.09057548489155513,-0.040075187504823716,-0.10839007874684674,-0.07196159580988544,-0.04411023003714425,-0.03340326941439083,-0.07927078687186752,-0.07411409408918448,-0.09365153738430568,0.11685579336647477,0.08495254016348294,-0.07362349038677556,-0.03127607137763074,-0.13128426245280675,0.2044495322874614,0.31295862421393394,0.5393200633781297,1.0018761788960546,0.7902551166646715,0.46972718701830934,1.5132925233670644,0.7365446896957499,1.2009447238274984,1.0084594743592399,1.7257842203336102,1.044494852423668,1.537999723638807,1.6016065582100834,1.8397164195775986,0.584159793066127,2.04669111009155,1.0738841508116042,2.157653843717916,1.382480548960822,0.962065549833434,1.3362834602594376,0.9739086593368224,1.0126545929483004,2.1085006339209422,1.5978277022285121,1.155818953045777,0.9128753947360175,1.7512921861239843,1.8336720860430173,1.2655743759657656,1.576196625828743,1.5897750460675784,1.6769317774368184,1.7802671598536628
ERR1370479,0,-0.10964480627860342,-0.10255108002041068,-0.09460510180464812,-0.11989415829469051,-0.09316622891596385,-0.11568745199058737,-0.014825638184057814,-0.0686239440526281,-0.04139171061771257,-0.11601597975407328,-0.10926574042865209,-0.13013000200901712,-0.12100296813462462,-0.04618040046521595,-0.02355774199323995,-0.08664336161954063,-0.07360277218478066,-0.09361007596765246,-0.13895079693091766,0.09128196697149958,-0.0425658816737788,-0.11579216218420438,0.08662015944719315,-0.008991670395646776,0.06159661018422672,0.17519882959978922,0.04867363880787577,-0.08533425389655999,-0.09207502486450332,0.17971538166914666,0.09631540306976863,0.024316282676798955,0.30239580890962053,0.2894847733633859,0.2940858437546662,0.44280015996524263,0.3515239392540285,0.4576937737209456,0.20374714050974166,0.3928463693175997,0.4400957502158625,0.4107835263213409,0.25661870730774744,0.21210685425571033,0.033284672535955906,0.5946013289836368,0.19199651532939502,0.13173540468726838,0.07376445417425462,0.4711378195456096,0.19685179740190506,-0.006142176687717438,-0.012418593679155623,0.5104403491797191,0.18067707227809088,0.10177531100011297,-0.06585392728447914,0.16541990504733153,-0.001339005439409188,0.15880128102643148,-0.052996712071555,0.08465429821184703,0.06629120026315961,-0.105814947613648
ERR1370480,1,-0.07848589880658048,-0.07278636976012162,-0.10027222361947809,-0.12847178429365158,-0.04582956513123853,-0.11409419748399939,-0.11068258700626236,-0.09142311662435532,-0.07106924935110978,-0.09641562295811516,-0.11007883719035558,-0.13512253787900722,-0.10954864243311542,-0.11469995922275952,-0.07657871694703187,-0.13342247770300933,-0.0586226275190711,-0.11840922571718693,-0.13051801254706724,0.01940958946943283,-0.005558804209743228,-0.14264924292053496,0.05545649038893836,-0.05320471950939724,0.08963441156915256,0.03091310816151755,-0.011513847192483289,-0.05848349244999034,-0.11819078453949519,0.24757404838289535,0.2966450573543885,0.33416184610021965,0.7799294601593699,0.6778998119490487,0.5500483820214868,1.1112541556358337,0.6296529290931565,0.7541245835434113,0.550096013716289,1.1777525381850344,0.8200508185795375,1.1512075449739183,0.8785536092306886,0.9170347569244248,0.37920861152399865,1.3406527636439673,0.6507434967373099,1.2218174294435553,0.7930824841771807,0.8295625107628959,0.6125583813658783,0.26637586631945204,0.6101843869047505,1.4942623914352484,1.1854128944022315,0.6456190156417766,0.3012534361332655,0.9349639766982624,0.6674319560240422,0.5855044722557068,0.5604644790291786,0.8135076058762414,0.4772071912884712,0.6140620069844382
ERR1370481,1,-0.05552694334515503,-0.0719141409333263,-0.10858762796436038,-0.10361925539161478,-0.09014931480799403,-0.12278247731072563,-0.1130698663847787,-0.07008197344839573,-0.05947107050035681,-0.08941144176891871,-0.08805672717945916,-0.12162385561636516,-0.11059048612202917,-0.12784443157059805,-0.062343171531600614,-0.1274137044591563,-0.054742901985134394,-0.13941586869103567,-0.1059717017092875,-0.013165410608053207,0.01215642542644803,-0.1240028515458107,0.00371213789497103,-0.026102330003465925,0.1464923926229988,0.06679557263851166,-0.008926421936069216,-0.06693678974573102,-0.12157121832881655,0.23959510028362274,0.3510564225060599,0.39880950855357306,0.921755425632,0.7947983507599149,0.6185485539691788,1.301454714366368,0.6877773670213563,0.9198810814746788,0.7844648100435734,1.3191428195152963,0.9314596196636558,1.301019270505224,1.0351048452513558,1.1662187682730811,0.4988818291042532,1.5397225188956196,0.6661534873502595,1.3495817556977272,0.9347720571926662,0.9799922970788819,0.8215008739914212,0.49732198885508944,0.6737975111006692,1.5957281461783819,1.230733945965767,0.7846892933760371,0.34058753454259466,1.025062343637858,0.8604827802628279,0.8171611215387072,0.7067991399339267,0.9205314708607537,0.7146794609725475,0.7377723753452301
ERR1370482,1,-0.08595872763544321,-0.08480493591300078,-0.10631996712514333,-0.134999295430524,-0.04888928482042892,-0.11509029726896967,-0.11762772447296552,-0.07379956543445587,-0.06168240161787253,-0.10904787294566631,-0.12005252417709146,-0.1347169777644532,-0.12351238461477416,-0.10658003256789275,-0.05328816667731319,-0.14590383533920562,-0.05406728892454079,-0.12347522218312536,-0.12733159799660956,0.040090999965156825,-0.014602857242737497,-0.14619903798614228,0.09678930789232254,-0.030114505972181047,0.06941938187394824,0.017189957201480865,0.03145505601008024,-0.07976460025903569,-0.1243583932518959,0.1919833336557661,0.2804819196462631,0.26884777125503334,0.6739474279539925,0.5901032015681267,0.5330728378945163,0.9781021220343453,0.5416101709540401,0.6398855852229255,0.4371410065463611,1.0733634483601366,0.6484834658248084,1.0822492369583674,0.729577897382634,0.6757359259894916,0.24716868424522026,1.168138969390254,0.49955435656011105,0.9732448368200234,0.6125996794019427,0.7809347212314606,0.39751190106783596,0.11916399214948926,0.45085892400571276,1.3420149207647358,0.9649603239127568,0.45113093086651396,0.11284156719089619,0.7799865241561618,0.4355839927281652,0.4467841876404626,0.2988420607788222,0.5062465486781937,0.2978902320776667,0.4085372452225004
ERR1370483,1,-0.10224414709955454,-0.10514257582170623,-0.058728892888341634,-0.14517166625176156,-0.0005994864872523717,-0.0599157778280122,0.008570911096675056,0.17820924201181956,0.09587510834847178,-0.01603417471051216,-0.11262352445295878,-0.031065461891038076,0.07110426362071719,0.05358774906822613,-0.06621515218700681,0.08264316192695073,0.09672887516873223,-0.00954035297036171,0.15531845284359796,0.08473384686346565,-0.0058984652693782535,-0.08742713369429111,0.47995596698352266,0.17801791855267116,0.11747555168611663,0.1161699326975005,0.18763613381556102,0.06680131863270487,0.0748416217310088,0.24270648216562613,0.14835360859121596,0.007129842681544167,0.13778661909912313,0.1783763079770974,0.27660241523491486,0.26337356333221706,0.3003960336957659,0.21678890068350093,0.0933692998119763,0.08330768985407692,0.29742095193692614,0.2545603242303644,0.17319971323013306,0.053575213200279644,0.0008168305669512067,0.3007407719269395,0.06342494807073049,0.02809013319866998,-0.016294270886906555,0.3268604104939316,-0.0018958316317626408,-0.08405948323862893,0.006556881059493337,0.43867696608815876,-0.018026810671601976,0.024685344259653772,-0.08520208139504705,-0.02200802874618343,-0.07075811776199512,-0.047246392550213,-0.108788373347904,-0.05315720077071871,-0.10475359484553337,-0.13461846432515553
ERR1370484,1,-0.08407855539449624,-0.10543207504919597,-0.11289887236697334,-0.11994480128799166,-0.09428841461028371,-0.11147193025265421,-0.09847368459616389,-0.07160612727914538,-0.011194503466997827,-0.10262268808271204,-0.10221925058535167,-0.13839443773031235,-0.12924699378865107,-0.11066300634826932,-0.025420903361269405,-0.1392801414643015,-0.05057617436562266,-0.12413987038390976,-0.13185728953352996,0.08734461345842906,-0.027341991346994683,-0.13510695632014955,0.08186871026243482,-0.008016346820763178,0.09781075906149843,0.08077399751969747,0.04719785587596042,-0.08593342762573489,-0.12252469174563885,0.22599286266735621,0.2351711466908455,0.13391167191522463,0.5543451096330371,0.5522228330373764,0.5306103196261185,0.950541866677148,0.5448633923910425,0.4796374865940639,0.44620888360909056,0.9501603075436184,0.6556169302867991,0.9081180414983204,0.636909798852035,0.6502130172614541,0.3385500695024218,1.038108650428642,0.4357194190711847,0.7224388460495642,0.5981183972741876,0.650644240634782,0.49933401654873577,0.11054401631866183,0.4249525336282594,1.0946640755449022,0.7732151246496609,0.5409729878551194,0.11389464578990426,0.5608863905072212,0.37640069904071943,0.4116296472826174,0.22184774811778749,0.42796013610703604,0.23145523880209243,0.04133776894637516
ERR1370485,1,-0.06298543725694929,-0.06558733300438949,-0.11988538397209984,-0.12209383584558964,-0.08316330372222833,-0.13195399474352598,-0.12022787013224193,-0.12179392682654518,-0.020548218861222267,-0.06683383589344365,-0.07312467587845665,-0.10724742763808795,-0.09311589079775981,-0.1316878827554839,-0.09610758788351502,-0.0908789377260421,-0.05722098810864346,-0.10642895767731327,-0.08685513542565916,-0.007306580697851521,-0.08376841566392354,-0.09223871172538825,-0.07410311858568873,-0.07048024982213974,0.13978189762149537,0.1360719187983445,-0.08280085283331573,-0.05350139344643269,-0.11803067209465164,0.175798593887261,0.3822534366377762,0.5517080777457782,1.0840271360107832,0.7867571748793125,0.5483699973140445,1.5147755997521537,0.8102589861622879,1.1675243792789323,1.0006443858146667,1.8101061885910374,0.9816633297928742,1.6555575749703817,1.5811774650854724,1.882154620651688,0.6110601212297168,2.0384768109236444,1.0537082701921463,2.0949810285653387,1.3058635517954826,1.1058225775403636,1.171552271116525,0.986687700397202,0.8964519669700947,2.11440418447767,1.541462195771081,1.1101256012916565,0.7834225829158511,1.799881371004241,1.722549800627998,1.2948702318327767,1.487314982605832,1.5451219890798842,1.6046219473438603,1.746804850442069
ERR1370486,1,-0.08235442345695836,-0.0868273281625339,-0.11532494638647352,-0.11571211474282402,-0.09161238771464143,-0.11296808826071876,-0.11618178337812424,-0.06755349465778895,-0.059872825763055255,-0.09538802717413221,-0.0989207730495504,-0.13693067112139293,-0.12266075025711741,-0.121039087751082,-0.06687599713248867,-0.13232154079845973,-0.071300636444773,-0.13190964396510804,-0.14302857699138777,0.04032577361379351,-0.028434874755995616,-0.13384962720530375,0.03713835562978472,-0.03372263163328171,0.08143542068345207,0.028046152421406338,0.006645067994083677,-0.09062916093638965,-0.1388017918382372,0.20151569374970027,0.2768067078930991,0.2951721123286656,0.7259238266519138,0.6976317518523761,0.44742398602621897,0.9886917812483651,0.5790589419858796,0.6713016682437488,0.6591438768165452,1.02321115561894,0.7783524114638567,0.9653043810810361,0.6332194762570518,0.8173541453933078,0.3407180319939341,1.1978656515212995,0.411857407673129,0.9039595065904515,0.6903607057673591,0.7515158750382918,0.6495310440659523,0.17954656694616591,0.4666015686733382,1.2932927246604646,0.9854279990707125,0.5638256679688182,0.249621858554227,0.7402726262142616,0.5131934766790697,0.49615593041692463,0.34750815268073765,0.5956603416374752,0.29786924166338785,0.2121317663363048
ERR1370487,1,-0.06883504607581667,-0.08169929789645332,-0.12018443324736186,-0.1329453374658312,-0.08791103320462364,-0.0992153859032052,-0.11684281924473387,-0.07769939942019326,-0.05705202044919133,-0.07979485113173723,-0.08834252932241984,-0.133267592638731,-0.10883624851703644,-0.12502630933054856,-0.07196747338665384,-0.12381917876856667,-0.06611716825448509,-0.12158918806484767,-0.10989502069008138,0.0203652379236051,0.003980143793991634,-0.1293903687702758,-0.019029376762253896,-0.021907451429537365,0.07517308528934206,0.04986536183527538,0.009681194006199283,-0.06993910763412714,-0.13040545689208166,0.22313156511102403,0.2710512652993202,0.21410078768219268,0.698344639901604,0.6237026453018188,0.5408355125359127,1.2152682968548365,0.6192922331392765,0.7478188435946193,0.6438525191375187,1.1954767693366324,0.7987576558121613,1.1028638120208467,0.8695732722324985,0.8716688289174012,0.3631993643939495,1.2455427554835166,0.5677797671939645,1.1339575020330293,0.817251096878733,0.7851959552083697,0.7186605311664087,0.40871336843286243,0.6354566627248589,1.3623084159834045,0.9868611922221524,0.6768063753843307,0.24814783469108598,0.8930808720844132,0.66780003373112,0.6637255964534623,0.4729620771748679,0.8143744873149055,0.39621233088629587,0.45025287568569183
ERR1370488,1,-0.00024205565984760012,-0.0426377442532352,-0.1294334711773055,-0.10489896099482264,-0.09885264620450991,-0.10237769150574293,-0.10525536357558199,-0.11799956006663186,-0.08491534570098988,-0.07442904569740806,-0.11086492320256573,-0.09787738855395998,-0.08605287064399038,-0.11659243410187108,-0.11819007719999977,-0.1091798902489245,-0.06350307895003685,-0.13554338259356363,-0.09623632350537394,-0.08155795279890299,-0.009323244648320335,-0.10381137286978108,-0.05557539726474455,-0.10983336876545634,0.16725605566586768,0.16376202606729098,-0.0872580435326589,0.0032336447454456773,-0.11483245289751462,0.2438252376658576,0.22458901682070323,0.5921753219195774,1.0970989960644926,1.0222917454583305,0.5263303422502109,1.670227903340544,0.7155631024922643,1.5431115116391863,1.0994774614061629,1.5893637796065636,1.1435548152242387,1.4944303706288338,1.7137006483972073,2.0564687943884303,0.6598554285509246,2.1120887020868913,1.1833416000008583,2.358970480305808,1.606516239366361,1.288006976779018,1.5135783340249742,0.938911076102938,1.0165378994175367,2.179375614438738,1.5721498280763626,1.0795241743326187,0.8616498027529035,1.89762567622321,1.783548810652324,1.370190292596817,1.6524845617158073,1.630936472011464,1.6676228062382765,1.9812994258744376
ERR1370489,1,-0.07603373458342892,-0.06781697140208312,-0.13061367507491792,-0.12730312932814872,-0.09442988530333553,-0.09302682615816593,-0.09470585454255342,-0.06952669684376035,-0.05733743768983653,-0.08357060447867427,-0.0983786050762449,-0.12084725366107055,-0.10332349767642361,-0.10782769003084727,-0.023309000036013976,-0.12047179668609585,-0.045617300252031,-0.12547484944973672,-0.12641214842109808,0.021316716447472572,-0.01846678288919585,-0.12241188330309731,0.033173849540097375,-0.018221512969051088,0.07960588325347219,0.014974040644509452,0.0077935142908245325,-0.05292946984991431,-0.10810953059366771,0.24122613668441772,0.3792211711406708,0.4210504853565778,0.8656780538814408,0.71890946158341,0.5540912300348282,1.2212130448647909,0.7608224430254528,0.8416014090180397,0.7570737715411399,1.4053854093487774,0.974005115883691,1.2860244044235773,1.1386860896434103,1.258818980306387,0.44008265708440114,1.5486579218746297,0.7161295341460833,1.3727353982560868,0.9089262677090508,0.8785041740962437,0.7586110255547932,0.5794777183660439,0.7168917091829436,1.5595604351588659,1.144285729953221,0.8456164694258145,0.3156642424208777,0.94448201810675,0.625487038067409,0.733432083257607,0.6159175283142498,0.6876105900321688,0.610496751431908,0.44626964948007036
ERR1370490,1,-0.020641603374055455,-0.04484159792108195,-0.12836435197719506,-0.10742541455796786,-0.09769099644784417,-0.10282392081405435,-0.11991941283590027,-0.13075912424496242,-0.09106907770702881,-0.06630113680980035,-0.10872139355966023,-0.10993318339543683,-0.09656966357891049,-0.10625403307910476,-0.1218173589025225,-0.1113578195550612,-0.08289540961517819,-0.11374734421925885,-0.09324742960078376,-0.10166171991399356,0.0008982638163225991,-0.11640534975699016,-0.06490646475659949,-0.11665713361331395,0.11696100038742381,0.15285577305725642,-0.09224093183209854,0.023136760607095703,-0.11421961230891091,0.27117725195629255,0.22189845038311823,0.5772531138999122,1.0655758653218592,1.0642691712294305,0.4985545575618744,1.611983903816768,0.7679883145860263,1.4720040559768677,1.0870231986045837,1.5954885695661818,1.034287462277072,1.436057040201766,1.6861485743096896,1.9566278106399946,0.6536099032631942,2.139894290161984,1.2028126546314784,2.273569562605449,1.6732190740959985,1.2180104447262627,1.445347473025322,0.9086239263415337,0.9735913021223885,2.10902669600078,1.5973033607006073,1.133404131446566,0.9018704082284655,1.9576464934008462,1.7231277823448181,1.3492948796067918,1.6640549451112747,1.640821291932038,1.6247361648295606,1.959020163331713
ERR1370492,0,-0.005174340946333749,-0.04844457363443715,-0.12174397494111742,-0.10966062332902636,-0.08321325374501091,-0.10866696979584438,-0.1158120735947575,-0.10144334552543503,-0.06805524030434233,-0.06849441158452205,-0.10102235206535884,-0.0999611352703401,-0.08417550953371185,-0.12399015549038138,-0.10346879084993686,-0.09790420558835779,-0.049639197698395164,-0.12229461329323905,-0.09819205457876835,-0.06358503842992443,-0.013145683599369866,-0.10318853107414075,-0.07085362449288368,-0.07011226724301066,0.20833677386066743,0.16740842855402402,-0.07929669556740139,-0.007216599071398377,-0.11177170702389308,0.24035598018339702,0.2670599509562765,0.5915850659034082,1.109693932746138,1.0284469372459821,0.5911041530115264,1.6616096326283045,0.7421580542411123,1.331474597964968,0.9907762621130262,1.6298937409051828,1.0334127971104212,1.662677780858108,1.5318469948002271,1.8037171150956834,0.6661171168088913,1.999811105164034,1.0861669033765793,2.026185929775238,1.5079565729413713,1.2586637820516313,1.3099480952535356,0.9514865236622947,0.8894392243985619,2.0939586332866122,1.640576415828296,1.0322008654475212,0.6964803380625588,1.706448498581137,1.5721435961978776,1.3822850604940737,1.3950630681855338,1.515770320381437,1.3536108040383883,1.7402494698762894
ERR1370493,0,-0.05612020966197763,-0.07825039433581489,-0.10650838539004326,-0.11035326761858803,-0.07922763803175517,-0.12115213674093996,-0.10696715542248317,-0.0933681417788778,-0.02932274328278644,-0.0735407474317721,-0.0884653687743204,-0.11745843983122281,-0.10685025900602341,-0.1318840863449233,-0.07304714247584343,-0.12050862397466387,-0.04060592462441751,-0.1376741464648928,-0.13130352087318897,0.04423354832189424,0.0027696628655706134,-0.1269839938197817,-0.014686647270406996,-0.031135535133736476,0.1218913160264492,0.15089057705232076,-0.01299815032897251,-0.06573980102049452,-0.12976823534284318,0.2338829402412687,0.2070905932092241,0.259392968245915,0.7608880576278482,0.7596911319664547,0.4961366504430771,1.222662729876382,0.5789765534656388,0.8122831583023071,0.6549913542611259,1.1305207296141557,0.8672293562974248,1.0964986479708128,0.7809443107939192,1.070106566650793,0.4447917658170419,1.2789749748605703,0.5051229425839016,1.0672897611345564,0.8305546002728599,0.8726028831941741,0.753833602049521,0.3084552383848599,0.5471017477767808,1.2754372752138547,1.044037054691996,0.6029862293175289,0.2667330937193973,0.7989716630961213,0.6055489296891859,0.7146912281002317,0.4209363950150354,0.735081148999078,0.45370705372520853,0.2956675722130707
ERR1370494,1,-0.05179685400798917,-0.05133001998599086,-0.06672385867152895,-0.11783393632088389,-0.03566232400148043,-0.10127836292875665,-0.11289745329746179,-0.10793965416295188,-0.08744824370868239,-0.07656786524291549,-0.09735785265054021,-0.10559348123414176,-0.08988583154444184,-0.11544415620820862,-0.11207348726955908,-0.11186586347009454,-0.08220741112849542,-0.12561121716031007,-0.08978193565937025,-0.08434543173227992,0.047011913997786384,-0.11369719675609044,0.01755231831754957,-0.052826285894427984,0.1557546418293246,0.0029674688620226724,-0.06313883376424201,-0.027083028008096983,-0.0967550997489265,0.2533185492668833,0.2106361503579787,0.5177050536232335,0.953699109344078,0.9514342102920637,0.5030577406287193,1.4116214556353432,0.7393572569957801,1.166426311646189,0.9084295098270688,1.4416998427893435,0.9947729919637952,1.318128377199173,1.2462525623185294,1.354675284985985,0.5081675787057195,1.742442929119404,0.8317970101322446,1.7239283791610174,1.1955142372420855,1.027446092239448,0.9947049702916827,0.6399651680673871,0.7761012081589017,1.742301834481103,1.419394701719284,0.8301450003470693,0.5823041711534772,1.1736250357436282,1.174032302174185,1.0340927764773369,0.9456672200134822,1.113872756915433,0.8854231131928307,1.0558480003050394
ERR1370495,1,-0.055542544761140435,-0.059459030362112184,-0.12204933645469802,-0.12230360880494118,-0.09989923464932612,-0.12119621597230434,-0.11263405252248049,-0.11569532432726451,-0.05631560562843723,-0.08878859984023231,-0.10867707857063838,-0.12045347025351864,-0.08056331572255918,-0.11950757460934776,-0.08384827022174639,-0.11865813517943025,-0.04744465376383492,-0.12266947009733745,-0.1146211146177458,0.030585200658866336,-0.027292504906654358,-0.12214371349130358,0.018767020532063076,-0.05979983874463609,0.13437094379748618,0.11826694224561964,-0.06166956261066454,-0.007295011542737484,-0.12521718442440033,0.2544871313231332,0.3322645681244986,0.45180641141320976,0.8899830803275108,0.7948578622724328,0.6644040048122406,1.440803506544658,0.7360365752662931,0.9642759433814457,0.705073889877115,1.463521383702755,0.9354411491325924,1.4432530754378863,1.2519232410871024,1.3919347655028105,0.6199864580162934,1.7595060426475746,0.9756522838558469,1.6637997994465488,1.1937812715768814,1.113673359155655,0.9244919829070568,0.6137643272855452,0.7344725488552025,1.9406517914363317,1.5223526507616043,0.9828379026481083,0.508550548776319,1.2963965992842401,1.1252372116515679,0.8724738189152309,1.1296720110944338,1.3247550023453576,0.9419432026999337,1.0759655774704047
ERR1370496,1,-0.049973763658532074,-0.03713366695280586,-0.13545663122619903,-0.0904117019048759,-0.08662804335887943,-0.08181590640119143,-0.11162319300430161,-0.10719626024365425,-0.08108577192095774,-0.053485573402472904,-0.0697288957557508,-0.08694547927007079,-0.08859961147287063,-0.08444808549912912,-0.08743389908756528,-0.08748546349150794,-0.011341385277254241,-0.12312831676432065,-0.12724369099097593,-0.09343369624444417,0.0670087928218501,-0.09008312651089259,-0.04842904955148697,-0.07601430220529437,0.1043002690587725,0.154868412230696,-0.04905283597431013,-0.013343136025858777,-0.13187394184725626,0.10573542650256838,0.29156969328011784,0.4853886419108936,0.8792617080200996,1.0332300013729505,0.17848243351493562,1.3154622146061488,0.8166406984840121,1.3497591934033804,1.0807285904884338,1.3897982803838593,1.056366441771388,1.0430042041199548,1.6247901212690132,1.9498917167740208,0.6587870834129197,1.6928369881851333,0.9149819048387664,1.9659840038844518,1.313155242374965,0.8777625209518841,1.4584661828620094,0.697968986417566,0.7245256304740906,1.7268902233668737,1.3214957631259625,0.7363765803830964,0.901586729500975,1.406083635453667,1.2615839200360435,0.8106128445693425,1.1319545251982552,1.1461785957217216,1.19578358504389,1.1697993640388762
ERR1370497,1,-0.035006530582904816,-0.049776485721979825,-0.13533395315919602,-0.12393506297043391,-0.10185257019475102,-0.12626164479713356,-0.09109552853208568,-0.12571931949683599,-0.09147198699481253,-0.07954330729054553,-0.11284369656017848,-0.12174480594694614,-0.08959067992067762,-0.128519437408873,-0.11252627608233265,-0.1178346953487822,-0.08069685407515083,-0.137558742692428,-0.12101754346596343,-0.08520569572491306,-0.03132244838135583,-0.12624522032482283,-0.022545519151857922,-0.07034351996013097,0.10389162706477302,0.0744018591940403,-0.07039622220742915,0.0167617727337139,-0.11540608001606804,0.3769163744790213,0.2596938269478934,0.5483843811920711,1.0105556515710694,0.8971695210784674,0.6096367144158908,1.4623806519167764,0.7305053935519287,1.1918121320860726,0.83162472397089,1.4588264365281378,1.0944715098344855,1.488974580541253,1.560848728221442,1.7014874600406205,0.5853723415306636,1.968498619273305,1.1558894770486015,1.9237795280558723,1.405441750373159,1.2535088064614683,1.096317619085312,0.8477182622466769,0.9013130079422679,1.9899382420948573,1.4165955909660883,1.189728185002293,0.6254703274794987,1.6907719884599959,1.1628098785877228,0.9442222395113536,1.2998645710093635,1.2854468782565422,1.1467969359031744,1.45162454779659
ERR1370498,1,-0.019940617627331188,-0.05103039448814733,-0.10956172006470817,-0.08635313223515238,-0.08224342111498117,-0.10080980426365775,-0.12017797873288925,-0.11739281352077212,-0.09189564130169206,-0.049470466428569386,-0.10700434233461108,-0.10755048705531019,-0.08847732525984091,-0.09397772032701011,-0.12530609960335173,-0.10641616729221173,-0.07670281109000955,-0.10915139620192349,-0.008301030728034675,-0.08438630135996002,0.010511231741734914,-0.1197779979556799,-0.057748625853231976,-0.10444687626191548,0.13429098416652,0.14091821520456246,-0.09669910960032471,0.037053684437913556,-0.1074602124946458,0.34414381640298025,0.19096036042485917,0.5711765241410051,1.0677908488682337,0.9414049685001373,0.4822848726596151,1.6711379864386149,0.7907291001507214,1.600094986813409,1.0608106979301997,1.5376365309847253,1.0930790001792567,1.4785789119611894,1.6928638826523508,1.9714857068445002,0.6613709910639695,2.177592042301382,1.34035020002297,2.369800640004022,1.724436227764402,1.2591130616409438,1.4485652148723602,0.940898020352636,1.0043819418975286,2.2431208746773854,1.7449446760916285,1.2140148622649056,0.9527044434632573,2.0295341770563806,1.7432060262986593,1.398221465093749,1.8786873508776938,1.8226629218884878,1.7587783171662263,2.029637864657811
ERR1370499,1,-0.07649232254230551,-0.08708630236131805,-0.1115347993160997,-0.12205091438123158,-0.08605425033186163,-0.12493865351591792,-0.11218003689178399,-0.06903533850397382,-0.06796114213232483,-0.10325552416699273,-0.10945332635726247,-0.14070992544293404,-0.12808907457760402,-0.12999263405799866,-0.061202087838734896,-0.1364865872476782,-0.08098495911274638,-0.13396363066775457,-0.13642919489315578,0.005664687603712082,-0.024039630378995622,-0.1460735042180334,0.02370081203324454,-0.02796054950782231,0.08734598301816732,0.08279463968106679,-0.001458077026265008,-0.07833141633974654,-0.13731964784009115,0.20519325775759562,0.2507852633882846,0.29109384225947516,0.7010246706860406,0.7147966586053371,0.47496519876377924,1.0400564329964774,0.4581967145204544,0.7732437700033188,0.5391534609454018,0.9550961671130997,0.8090647310018539,0.9586635279868331,0.6514932587742805,0.7876683899334499,0.3223471646862371,1.2169100897320146,0.5397035498172045,0.9146099062636495,0.6831088566354343,0.8374301759260041,0.6018749164151294,0.24004984434161866,0.5454458881701741,1.3399054812533515,0.9660336770383375,0.5675361827015877,0.3302562508199896,0.7125614695250988,0.5633651930838823,0.4932226687669754,0.4713973807437079,0.6910344638994762,0.3929642949785505,0.30214458650776316
ERR1370500,1,-0.08205241071326393,-0.10166424592690808,-0.1311188382761819,-0.14063703588077,-0.10302337977503027,-0.10175550090415138,-0.08399897175175804,-0.03739715473992484,-0.024141401185521057,-0.07004498557320663,-0.08549503982067108,-0.13924200300659453,-0.08660635990755898,-0.07420205484543528,-0.07220100558229856,-0.13066948737416947,-0.04298131914609777,-0.09557777377111572,-0.05751347920990416,0.06079724111727306,-0.010875332568373,-0.13209083729556628,0.06827863625117711,0.021922741617475237,0.07569007788385664,0.030743256211280823,0.05613678367808461,-0.04180681439382689,-0.11682075102414403,0.2868473082780838,0.22892172243778727,0.17043924065572874,0.5325289315411023,0.5207835968051638,0.521032152697444,0.988002483067768,0.5974233469792775,0.5653727895447186,0.5042444542050362,1.0413403564265795,0.6469341057485768,0.9059216994792223,0.7370737487716335,0.7224504830581802,0.24824425365243638,1.121617706226451,0.4823660132076059,0.8396756829960006,0.637171881539481,0.5952979773283005,0.5632536624159131,0.26177859412772314,0.48180633650294374,1.1454614592450005,0.7531907330932361,0.5623097472957203,0.1527052681360926,0.6333605742880276,0.49562155668224606,0.3932114216898169,0.4168982734637601,0.6895909309387207,0.32453129813075066,0.2406361379793712
ERR1370502,1,-0.06287750249196376,-0.08961669195975576,-0.08778248408011027,-0.10070839936711959,-0.07192514357822281,-0.12163990443306309,-0.10787435408149447,-0.07439854381872076,-0.046217672526836395,-0.08287089797002929,-0.09311436436006001,-0.12207267965589251,-0.13010847036327636,-0.11958215492112297,-0.055392678028770855,-0.11702782820378031,-0.04425516618149621,-0.14342247588293894,-0.11498519272676536,0.03439931145736149,0.006650737885917936,-0.11748080913509641,0.021507868809359416,-0.031594150832721164,0.13626429278935706,0.09034668547766549,0.012525832812700952,-0.08261387875037533,-0.11783736731324877,0.24212490235056197,0.2799026497772762,0.34890322600092205,0.795283883277859,0.8162403915609632,0.6152452060154506,1.2395496283258711,0.6269956422703606,0.7665879492248807,0.7395190862672669,1.2071082953895842,0.9083349108695984,1.179039546421596,0.8941578146602426,0.9999249034694263,0.49980610898429795,1.322541564603203,0.5220218098589352,1.0962535185473306,0.8644026645592281,0.9058819168380329,0.7806101739406586,0.3780682182737759,0.5367559881082603,1.389618834214551,1.1509298980236053,0.7193791791796684,0.3135872983506748,0.9096571031425681,0.700394059930529,0.7655273505619594,0.5462192839809826,0.7721799473677363,0.5330804879111903,0.45100383354084833
ERR1370503,1,0.05790856746690614,-0.044876603210078816,-0.11546683205025536,-0.10098475563739027,-0.07381011778488755,-0.11144250351935625,-0.10783708654344082,-0.09761063435247966,-0.06552955874108843,-0.05623982414337141,-0.10071791389158793,-0.09340803777532918,-0.08000686006354434,-0.11284942126699857,-0.09293366010699954,-0.09712205068873507,-0.025919934634917548,-0.1177551836839744,-0.09883415835377361,-0.051538740417787006,0.012134838849306107,-0.10298678066049304,-0.07479050595845495,-0.057662865945271084,0.23112954092877253,0.2469018234738282,-0.056702283510406105,0.006615133390628866,-0.11955998305763517,0.2556823396256992,0.19128837915403502,0.5331150367856026,1.1033469113920416,1.0328030394656318,0.6057806988911969,1.7741328733307975,0.6982950546911785,1.3776433489152364,0.930312057690961,1.5621710663129176,1.121560275554657,1.5967702003461974,1.253381684422493,1.8409065561635154,0.702137905572142,1.7951456410810351,0.994382089802197,1.9616693598883492,1.317218123802117,1.4006925140108382,1.326137900352478,0.9208419471979141,0.9013297568474498,1.8843323865107127,1.5290397070348263,0.87212073802948,0.6428712622395584,1.4493417569569178,1.496093291257109,1.3628763045583452,1.1301220240337508,1.4184700697660446,1.1491978636809759,1.5576008409261703
ERR1370504,1,0.03231853007205895,-0.05189078011816101,-0.1162673681974411,-0.10133774365697588,-0.09025077475234866,-0.10484177891963295,-0.11584960729149836,-0.12688526617629187,-0.09370612170148108,-0.0713596059275525,-0.1169768635715757,-0.10623286238738469,-0.0957190820149013,-0.112002231380237,-0.11548031627067498,-0.11026910965197853,-0.057146239560097456,-0.08399313502013683,-0.039015249573692144,-0.08086521657449859,-0.008438183260815484,-0.10893502764936004,-0.05728191190532276,-0.09976150840520859,0.1722971453730549,0.15190251278025763,-0.09127209069473403,0.027430851677698747,-0.11479437776974269,0.29483810865453314,0.20196439591901644,0.6008729314365026,1.0688450772847449,0.9216184200985091,0.5271662133080619,1.615563941853387,0.8008673701967511,1.4824249339955193,1.1492142719881875,1.6708062192691224,1.1028296904904502,1.5156316179782152,1.594967354621206,1.9935993307403155,0.6244121295000825,2.116848694958857,1.226344251206943,2.2552274763584137,1.5567238447921616,1.225113473217269,1.4011774446283067,0.94085622046675,1.014150018138545,2.1775719012532915,1.6889857479504176,1.035722910293511,0.8895062804222107,1.8781322719795364,1.800321842942919,1.4244519003799982,1.729826206607478,1.7208060893629278,1.675528815814427,2.057216150420053
ERR1370505,0,-0.06702632689848542,-0.0988645540284259,-0.10417489235156349,-0.11956422456673213,-0.02901808651430266,-0.0963812805712223,-0.06860081159642764,0.016879204660654068,0.02918369189969131,0.0012048743665218353,-0.11563646154744285,-0.08816703408956528,-0.020568293386272023,-0.061629699143980234,-0.052762399826731,-0.10243457981518336,0.040111783891916275,-0.06796817907265254,-0.005859521882874625,0.03685383126139641,0.012874433504683631,-0.1257341956453664,0.21258560650598415,0.0351421982049942,0.12743167259863444,0.1110443291919572,0.050242266817284484,-0.02628034499606916,-0.07567415705748967,0.28257433431489126,0.04214225283690861,0.06932607612439565,0.38425418734550476,0.3254607745579311,0.3255189529487065,0.5446986752961364,0.43107477016747,0.5508133843541145,0.2529504650405475,0.3920133622097118,0.58340237396104,0.4188452033059938,0.30050418419497354,0.4450507935668741,0.1612025255869542,0.7482712429815105,0.278522740783436,0.40343968995979856,0.21314285269805364,0.599386280136449,0.34167870440121206,-0.03800027391740254,0.2184051665743547,0.7598075973136085,0.33915735427789123,0.15343470871448517,-0.01828318860914026,0.10465967814837183,0.13600008189678192,0.11710940567510468,-0.049556011866245954,0.11776159570685454,0.08048527262040547,0.0017591310398919241
ERR1370506,1,-0.024106808938086033,-0.04992347762786916,-0.13023717169250762,-0.10964838042855263,-0.08723525164116706,-0.08984308603352734,-0.11139883047768048,-0.11916480585932732,-0.07904641922297222,-0.06095592438110283,-0.09061431725110326,-0.09671234924878393,-0.07498923875391483,-0.11733015453709024,-0.09949818855550673,-0.09006276281018342,-0.028856038498426124,-0.0908285602927208,-0.04565557240441974,-0.057431786720241816,-0.013024970889091492,-0.057747364576373784,-0.09779561683535576,-0.10591774686638798,0.19138010059084212,0.15407873104725564,-0.08762594325734037,0.015806533691440045,-0.12174072329487119,0.21173779666423798,0.2574377240879195,0.5671415158680507,1.131939364331109,0.9947369566985539,0.4961227338228907,1.6760558890444892,0.7792259034301553,1.47378152183124,1.0304252377578191,1.7371522967836686,1.1645764069897788,1.63820766551154,1.6569317818752356,2.0105235236031667,0.6946543838296618,2.082230298646859,1.1964045188256673,2.3361213207244873,1.6636787738118852,1.2410572435972946,1.5017476166997636,1.1200896560081415,1.0399426331610553,2.174546037401472,1.7491616596068655,1.1498530677386694,0.9879221980060849,1.892040956233229,1.8024240524641104,1.5558309483208828,1.7313414897237505,1.6364585307559796,1.676558465297733,1.9408717666353499
ERR1370507,1,-0.009036681481770106,-0.047185693734458516,-0.12900547683238983,-0.11233680509030819,-0.08686247348253216,-0.11909185409811991,-0.10937939338119966,-0.11142655994210925,-0.077144476318998,-0.07618155064327377,-0.11011920656476702,-0.10564296266862325,-0.09546351725501674,-0.11262348680091756,-0.11246265510895423,-0.0983042445565973,-0.009951587899455003,-0.08492376668644804,-0.08690603563029851,-0.06611390944038119,-0.01956068990486009,-0.10903622688991683,-0.026655170002153943,-0.07209903374314308,0.19570739780153548,0.1324764404978071,-0.0738843219753887,0.0052707854525319165,-0.11832828713314873,0.3071843758225441,0.278348676062056,0.6078865783555167,1.1154353341885976,1.0051472796393293,0.6566036737390927,1.6064329062189375,0.7461902052164078,1.2651293958936418,0.9523501907076154,1.645311210969729,1.1045018482421125,1.6980192895446504,1.5157646153654372,1.743809322161334,0.6554422453045845,1.9789766434447043,1.1631775775126048,1.929751734648432,1.3909302651882172,1.365587543829211,1.1645903864077158,0.9255630139793668,0.8863370794237458,2.095999308994838,1.7891611691032137,1.0569260625966959,0.7350103834344607,1.6406801215239935,1.4513977212565286,1.2794172316789627,1.4935305557612861,1.5511795676180296,1.2816953446183885,1.8063157498836517
ERR1370508,1,-0.06633411454302925,-0.0709347315132618,-0.10757323993103844,-0.10535916579621178,-0.0889937768557242,-0.12671126797795296,-0.10517876754914011,-0.07649566286376544,-0.07179656119218894,-0.08479250861065728,-0.09426814025001866,-0.12589423571314132,-0.1157867472086634,-0.11109532415866852,-0.06130285348211016,-0.1169274172612599,-0.05355339816638401,-0.14339371983494079,-0.1256637711610113,0.007200622132846287,-0.029898413590022495,-0.12408498993941716,0.012139720576150077,-0.04590056091547012,0.11410138117415565,0.05488095432519913,-0.04138228802808693,-0.037164789624512196,-0.12658225957836425,0.26200814119407106,0.21693684213927814,0.40687423332461287,0.874088710972241,0.7801245738353048,0.4776917440550668,1.0980531658445085,0.6337501012853214,0.8778366217655795,0.7068352842969554,1.1451918743550777,0.9290764550013202,1.0993128206048692,0.7751844418900353,1.044112873130611,0.40781512962920324,1.450209774675646,0.5721016717808587,1.1546323373913765,0.807688777201942,0.9507690221071243,0.731424430385232,0.29197416294898304,0.5381018692361457,1.5142808865223611,1.1534150370529719,0.6478572562336922,0.3097145748989923,0.8698092314215111,0.6725583951920271,0.6546781286597252,0.4995525287730353,0.7683760736669812,0.5256562940776348,0.5194939609084811
ERR1370509,1,-0.05495239534814443,-0.05072207575930016,-0.12388705701700278,-0.09085948499185699,-0.08699493020373796,-0.08291631970288497,-0.11209593981454548,-0.11938787464584623,-0.07844650719614167,-0.06472852959164552,-0.08726992564541954,-0.10795629942523581,-0.0828794990499903,-0.10694980761036277,-0.10873962105584464,-0.10341049158679587,-0.01710513708115156,-0.1171224652456918,-0.03354320601959314,-0.04603477753698826,0.046577281185558865,-0.09545034968427249,-0.07344843048070158,-0.11299202910491399,0.20645507691161974,0.1912728295262371,-0.09856993999398712,0.006543557458956327,-0.1189208993954318,0.29006530557359966,0.1516759299806186,0.43234591132828165,0.9603088258632592,0.9357037395238876,0.4271517816398825,1.5922919533082418,0.6876508268926825,1.3863658905029297,0.8617105664951461,1.496205810457468,1.0970068834722042,1.3630924112429577,1.5603851223630565,1.7990154113088335,0.6755279004573822,1.9494729648743356,1.1713992548840386,2.241768555981772,1.5924289716141564,1.057405078517539,1.4327297125543867,0.8105257901230029,0.9284885419266564,1.9755993144852775,1.5962200132863862,1.0249233001044817,0.8703624946730477,1.6896080268280846,1.6584609704358237,1.2680961042642593,1.5569696085793632,1.7406075596809387,1.4776747860014439,1.7389710758413588
ERR1370510,1,-0.05148373677262238,-0.04802088665642908,-0.13219271493809565,-0.10579263631786619,-0.09069353618126895,-0.09117837656023246,-0.10796035277391118,-0.13543009545121873,-0.07889967249606603,-0.05259196799514549,-0.10851407423615456,-0.10263506163443838,-0.08692369510286621,-0.1050472960674337,-0.11679439469506699,-0.1010722240566143,-0.04666138842834958,-0.12910356711862342,-0.07770473034387189,-0.06569319830409118,-0.00756381984267916,-0.09381487450030233,-0.05967760511807033,-0.12938341072627477,0.13909303982342994,0.188348046370915,-0.09514891826880298,0.027357367166717137,-0.12659520655870438,0.3012554262365614,0.23854550067335367,0.5170096483613763,1.044603489871536,1.0215663665107317,0.47170011113796917,1.6235760194914681,0.7082876371485847,1.4474889018705912,1.0338227834020342,1.5852332047319837,1.1157883618559157,1.3487388800297464,1.762540997139045,2.0798653417399953,0.6715473713619369,2.1160276234149933,1.3285861728446824,2.379595492567335,1.7052964568138123,1.153707854449749,1.5542979410716466,0.9092643798461982,1.0403258401368345,2.039230397769383,1.6660069299063511,1.182416153273412,0.9612734871251243,1.8764434584549494,1.7195686272212438,1.2666536846331187,1.7190048098564148,1.6994845420122147,1.67292300931045,1.8194054407732827
ERR1370511,1,-0.08716020919382572,-0.04551991281498756,-0.1371226523603712,-0.09501276697431292,-0.09101892302611045,-0.10047237721404859,-0.11587669860039439,-0.12338867251362119,-0.06871106745009976,-0.06652230183993067,-0.0946669408253261,-0.09759139296199594,-0.07757701432066304,-0.12520835096282618,-0.1065058471701507,-0.09760100740407195,-0.008807508141866751,-0.12714667139308794,-0.08256752842238971,-0.009260435721703939,0.021407574947391237,-0.08423776764954839,-0.09172600667391505,-0.11647057267171997,0.1699013002216816,0.17101518916232245,-0.0783207567541727,-0.010664694011211395,-0.13212786402021134,0.3109673804470471,0.3191438072494098,0.4801939108542034,1.0524328984320164,1.0173759662679263,0.43055504906390396,1.5991371965834074,0.8073686962681157,1.222116201051644,1.0891133631978716,1.7017070794744151,1.1959844785077232,1.387555810489825,1.6452435228441442,1.8591849181268896,0.6407195174002221,2.036723956465721,1.1084101561989104,2.0397376332964217,1.6022196933627129,1.0038401990064554,1.3307491668633051,0.8732840285769531,1.063455453408616,2.03943978037153,1.7184464867625917,1.1800842130822795,0.9036453813314438,1.6643465895737921,1.5496870948533927,1.2536843078477042,1.5418230210031783,1.5046368837356567,1.545383528407131,1.5465749044503485
ERR1370512,1,-0.05857215276254075,-0.05030301389550524,-0.11946127031530653,-0.10931095427700452,-0.08637220119791371,-0.08247921895235777,-0.11117420019581914,-0.14135487058332988,-0.07743483608854669,-0.06274108741698521,-0.10328860847013337,-0.10148071976644653,-0.07848373248374887,-0.11122839512037379,-0.10520505815345262,-0.09381658198045832,-0.021149045205675066,-0.1103406546005447,-0.07132404064759612,-0.042548809732709615,0.006379172205924988,-0.08284170659525054,-0.08437477451350008,-0.11564674787223339,0.1336591477905001,0.16113452560135297,-0.09409418294671923,0.017764234649283544,-0.12201784657580513,0.2769087797829083,0.25175776971238,0.4669004316840853,1.0029923080333643,0.9440549878137452,0.422775856086186,1.597685579742704,0.7541570006204503,1.3473243287631445,0.9670090483767646,1.6668900325894356,1.17970843400274,1.4098584934004716,1.7174044134361404,1.9194005067859377,0.6677321142383984,2.058314221245902,1.146514709506716,2.3126403519085477,1.6369198220116752,1.101158941430705,1.4278078079223633,0.9626593555190733,1.1283986866474152,2.118093933377947,1.6770061605742999,1.174617377775056,0.9702398031949997,1.859190424638135,1.7404227331280708,1.3986763805150986,1.7088666430541448,1.6060852365834373,1.6622450756175178,1.8331257275172643
ERR1370513,1,-0.04908918782270381,-0.07857875206640788,-0.10763919353485107,-0.11231779573219162,-0.06727700928292636,-0.129917711019516,-0.10403769782611302,-0.0856444596179894,-0.05847095777945859,-0.07828306486564023,-0.0963382881933025,-0.13783593262944902,-0.10232931801251002,-0.10700754182679313,-0.08524345500128609,-0.14019128041607992,-0.06724163570574351,-0.12387272502694811,-0.11731277007077422,0.01054628672344344,-0.013783457023756844,-0.1401650139263698,0.03474347931998117,-0.02206073754600116,0.08545552726302828,0.062360099383762906,-0.010183737147599459,-0.0631114167294332,-0.10940437045480524,0.2749236098357609,0.10682742643569197,0.18046198040246964,0.6345705911517143,0.5541804305144719,0.3975859156676701,0.8021137586661747,0.5486697442829609,0.7667064095315125,0.5377677240009818,0.7034905590116978,0.7498997056058475,0.7516850073422704,0.540929255474891,0.6818191882755075,0.19531749607995152,1.1179820067648376,0.3844684043100902,0.7893350699118206,0.48481527609484537,0.8103963232466153,0.4503904841840267,0.061293943519038815,0.35212947082306656,1.1662808656692505,0.7310753911733627,0.31694209788526806,0.07264210709503718,0.48617333493062426,0.41101674469453947,0.37572154256382156,0.16925325800132537,0.40633428416081835,0.26528254204562735,0.20484354346990585
ERR1370514,1,-0.07234503661415406,-0.11381624173372984,-0.12161866894790105,-0.09828280125345502,-0.057319650426506996,-0.09439473998333726,-0.04665696615951934,0.06649197212287358,0.03785916171701891,-0.05514787802738803,-0.10931367852858134,-0.08837372809648514,0.008755749623690332,-0.040270184233252494,-0.0558844448200294,-0.11941117783343154,0.019610668665596416,-0.038274445704051425,0.08736219443380833,0.04272027047617095,-0.009586570518357413,-0.14081099310091563,0.26549931722027914,0.15399810618587903,0.11177120357751846,0.11347851689372744,0.08184589122954224,0.01538877428642341,-0.1256770385163171,0.22753320847238814,0.030178140848875046,0.027617785281368663,0.2974932906883104,0.32340000356946674,0.49523845527853283,0.6559231174843652,0.48263014746563776,0.5148020839052541,0.30580836108752657,0.5720231011509895,0.4279699282986777,0.6331434957683086,0.4633341303893498,0.4352869527148349,0.19124544997300422,0.8551972066717488,0.3079686260649136,0.5238675227654832,0.3370189906230995,0.608451244022165,0.351365933993033,0.18679741557155335,0.21896130378757203,0.8124801463314465,0.4103872776031494,0.2755783240843032,0.0007536400641713824,0.25193353343222824,0.29712789399283274,0.27036482840776443,0.13535165786743164,0.3585720126117979,0.18061469069549016,-0.06523284635373525
ERR1370515,1,-0.03898343576916626,-0.08790255151689053,-0.07694569602608681,-0.10855078490983162,-0.06612710441861834,-0.14315129816532135,-0.117305119654962,-0.07886734870927674,-0.042289474712950845,-0.08766630398375648,-0.09254214699779238,-0.12140278784292084,-0.09805437230638095,-0.13016573180045402,-0.06017496223960604,-0.11663921177387238,-0.06054962532860892,-0.14801439004284994,-0.13111659671579087,0.01877996325492859,-0.03427565097808838,-0.13048946218831198,0.012426935136318207,-0.04029824371848788,0.19065350826297486,0.16235375191484178,-0.03082647972873279,-0.06537585971610886,-0.12981699034571648,0.23489741821374213,0.23705552518367767,0.35097830423286985,0.7885302491486073,0.8288637069719178,0.5007507428526878,1.1019082367420197,0.5256755487727267,0.9546693611357894,0.6554331202059984,1.0456315438662256,0.8644106260367802,1.0039223986012595,0.7462832108139992,1.0986908812608038,0.4485647715628147,1.3098201469983906,0.5333296198930059,1.012393478836332,0.7962872556277684,0.9655263868293592,0.7760010063648224,0.42974069129143444,0.42616677071366993,1.2630287515265601,0.9806088602968625,0.5345615638153893,0.32675094583204817,0.8027174355728286,0.6470760910638741,0.5937266307217735,0.46700257807970047,0.7906040889876229,0.5528175176254341,0.4550007922308786
ERR1370516,0,0.010672172797577721,-0.07261886926633972,-0.08374379561947924,-0.09972676860966853,-0.06903505751064845,-0.13081214630178042,-0.12280791465725217,-0.08766273675220353,-0.0032221281102725436,-0.07378498837351799,-0.08394512148307902,-0.10648431522505623,-0.11686253494450025,-0.12552089669874736,-0.07095238153955766,-0.1078479705112321,-0.030039110354014804,-0.1425520277449063,-0.11799534702939647,0.04058434361858027,-0.011627142982823508,-0.11449559937630381,-0.04007408022880554,-0.030483160700116838,0.25496914769921986,0.2386244194848197,-0.04494481374110494,-0.05631675331720284,-0.11822466073291642,0.25881926715373993,0.13727880961128644,0.30939612218311857,0.8549828360389385,0.8107668128795922,0.5809915853398187,1.2856914145605904,0.606178746758295,1.0410218153681075,0.7871238919241088,1.1273952975336994,0.8719529509544373,1.2081618909058827,0.9214328852083001,1.2746809752924102,0.5355330141527312,1.4523140560569507,0.6334965259136099,1.2574988470545836,0.9669055587479046,1.1014150530099869,0.9285135008394718,0.47038320877722334,0.48834156351430075,1.4601357185414858,1.1789092527968543,0.5694858027356011,0.2902604378759861,0.9887452706960695,0.8459773680993489,0.875594973564148,0.5391469895839691,0.9495858252048492,0.6615805085748434,0.7826412341424397
ERR1370517,1,-0.01924697043640273,-0.04265857221824782,-0.12131548885788236,-0.10998950100370816,-0.08990994321980647,-0.12020378134080342,-0.10141199494579009,-0.10645007874284472,-0.07179206037627799,-0.07719840694751058,-0.10538934703384127,-0.1047008064176355,-0.08923175332269498,-0.1229933707841805,-0.09726468047925405,-0.11822775884398393,-0.04473088216036558,-0.13279298746160098,-0.1059680732765368,-0.056795534544757435,-0.022026808134147098,-0.11151159661156791,-0.061723491975239346,-0.054707181240831106,0.1766534713762147,0.07029491450105395,-0.06758593185804784,0.011395461424919111,-0.10750730734850679,0.3083701974579266,0.2739677258900234,0.5416516235896519,1.0580760911107063,0.9162304869719914,0.5474219258342471,1.2949984201363154,0.8415128631251199,1.1858503477913993,1.00773857321058,1.4267459328153305,1.1413245628188764,1.458064719502415,1.4294183209006275,1.6483994179538317,0.5579290656106812,1.8547085245539034,0.967836680156844,1.8150442774806703,1.2789176787648882,1.203606409153768,1.0310061105660029,0.6880195641091892,0.7842896747668939,1.9499605468341283,1.5491963199206762,0.9664762658732278,0.6182702912815979,1.3708160711186272,1.1756846819605147,0.9681489552770343,1.1567122217799937,1.1383455331836427,1.0477347171732359,1.2462103537150793
ERR1370518,1,-0.07590548374823161,-0.038411928207746575,-0.13678916756595885,-0.10099733940192632,-0.07975640666804143,-0.10334041501794543,-0.10165457028363432,-0.13341894958700454,-0.08398947462306491,-0.05937106401792595,-0.08881029300391674,-0.0947778153100184,-0.0843852029315063,-0.12531800621322223,-0.09587793584380831,-0.08879307178514344,0.033056954986282756,-0.14297608179705484,-0.10698973520525865,-0.04693727621010372,0.001081868473972593,-0.10623738861509732,-0.08105937444737979,-0.1312087955219405,0.1649098912520068,0.2180985031383378,-0.08827611418174845,-0.003042035869189671,-0.11874490124838692,0.3373951145580837,0.22576760394232614,0.3545245613370623,0.9275442792900971,0.9302482240434203,0.313098424247333,1.388181869472776,0.6159443962387741,1.261489370039531,0.9355033119874341,1.3712124940939248,1.021892277257783,1.0530079007148743,1.584145907844816,1.8021381406911783,0.5178840498306921,1.8755931577512197,0.9088432991078922,2.0521213667733327,1.3463800206248249,0.9142635283725602,1.355952330998012,0.5445080516593797,0.8460748738476208,1.788822284766606,1.444974419261728,0.8436504208615848,0.7137075662612915,1.521963503743921,1.2836690821817942,0.8457397360886846,1.2024432910340173,1.333845623901912,1.2411489518625396,1.314173983676093
ERR1370519,1,-0.03195711305098874,-0.047836644375430684,-0.07659138419798442,-0.08900302169578415,-0.052945748304149935,-0.0937791416820671,-0.10688668584251511,-0.1129753233066627,-0.08901071372175855,-0.07353915726499897,-0.10310854666334178,-0.10731943789869547,-0.08699419156515173,-0.0939261063135096,-0.11886644391675613,-0.10529685778809446,-0.0689041709826727,-0.0978424921631813,-0.049479040616591065,-0.07897823337199432,0.042329344898462296,-0.10537867514150483,-0.008552637217300279,-0.07388431738529887,0.18590903734522207,0.09769068232604436,-0.09367704349071053,0.003263169334137014,-0.09250171855092049,0.23756184322493418,0.19437267631292343,0.5839132964611053,1.0347569771111012,0.9684545078447887,0.5478734842368534,1.5376999681549413,0.7881516449685607,1.3540482882942473,0.9525524856788772,1.5089047545833247,1.0661996006965637,1.5150495767593384,1.4717060242380415,1.710344489131655,0.6401444561779499,1.960925908227052,1.1960274151393346,2.038286803024156,1.457346829452685,1.1811242359025138,1.2387626724583762,0.827056456889425,0.8602761974824327,2.037290530545371,1.609614942755018,0.983233170317752,0.8498887898666518,1.6440977592553412,1.5853902978290404,1.3192126005887985,1.4713367841073446,1.5939331224986486,1.356479682560478,1.5984369005475725
ERR1370520,1,0.06221975811890194,-0.04190482611634901,-0.1186613067984581,-0.09905946041856493,-0.08140137445713792,-0.1094482546738748,-0.08519354249749865,-0.09363131956862551,-0.06757036217355303,-0.05791249857949359,-0.10496513013328825,-0.09557673068983215,-0.0839182421831148,-0.11580968781241349,-0.09063924852359508,-0.10055151169321366,-0.01957918851569827,-0.12376716786197253,-0.09698204310344798,-0.08376946672797203,0.011005902396781104,-0.09676896328372615,-0.0695795826613903,-0.06673148700169154,0.25232844586883274,0.24408462643623352,-0.04918187261292977,0.04669173996496413,-0.1174961392368589,0.3269105042730059,0.24405752015965326,0.5930349475571087,1.1589632023658072,1.1158379188605718,0.6167091365371432,1.7481098089899336,0.7366750027452197,1.3662737937910217,1.0279452076980047,1.635692285373807,1.2041217950837952,1.6302058191171713,1.4733222110995225,1.9879613359059607,0.6961749579225268,1.9622670384123921,1.1686909411634718,2.057899466582707,1.4828189206974847,1.4001309318201882,1.3260484167507716,0.9871982272182193,0.9399324612958091,1.941724853856223,1.6634577086993627,1.0690842419862747,0.6894856340118817,1.538700707256794,1.4685320790324892,1.2896022264446532,1.3606681248971395,1.4541870121444975,1.3446565420100731,1.6306334882974625
ERR1370521,1,-0.10560072266629764,-0.06613585512552943,-0.08663973079196044,-0.09320131749180811,-0.07618420517870358,-0.12361814720290047,0.0499193620468889,-0.04669384339026043,-0.04386180319956371,-0.10744481613593442,-0.09616851327674729,-0.08560307962553841,-0.11198099649378232,0.059195375868252346,-0.043144838618380685,-0.11920256327305521,-0.03310470549123628,-0.028460829385689328,-0.14365458940821035,0.20597569857324874,-0.04438012492443834,-0.12793426055993354,0.05476472633225577,-0.03885222119944436,0.13186569724764144,0.11188361368009023,-0.011287725663610868,-0.09739630922142949,-0.07456544893128532,0.2312852484839303,0.18795787117310933,0.19282520093422914,0.5772207911525454,0.5277111200349671,0.6309143496411187,0.8886988546167102,0.5483609047119639,0.6320502028933593,0.5627681644899505,1.0379951809133803,0.6194744850841484,0.940916936312403,0.7795953218426023,0.6177100734119969,0.261940776769604,1.170353042793327,0.49598459686551777,0.9585093642984118,0.5546173692813942,0.6478140556386539,0.5035255157521793,0.1894459447690419,0.2211108303495816,1.0970481889588493,0.8313988330108779,0.4654142601149423,0.07427131544266428,0.8479045512420791,0.4428150121654783,0.4445777738999043,0.2938304139035089,0.5928086127553668,0.3567146190575191,0.37351639036621365
ERR1370522,1,-0.07631887522126947,-0.09700753459972995,-0.09108696824737958,-0.1088741384446621,-0.08947888708540372,-0.15027221505131041,-0.09496779048017093,-0.07793861680797168,-0.09311715583316982,-0.0895642941551549,-0.11066361889243126,-0.13034596613475255,-0.08736851917845863,-0.12211105440344129,-0.05280660545187337,-0.03730381493057523,-0.05512886068650654,-0.13836863956281117,-0.09903580322861671,-0.02530969892229353,0.004424274499927249,-0.05374097877315113,0.0417554463659014,-0.0399042261498315,0.12241546669974923,0.10184728567089353,0.08029763400554657,-0.043018540633576255,-0.08753141228641782,0.24840841043208325,0.11557148290531975,0.2696512075407164,0.5917394608259201,0.4233728575387171,0.2669820003211498,0.5312675046069282,0.45683247596025467,0.8803515758897577,0.3369859988202474,0.6578346368457589,0.7286723500915936,0.6027640029788017,0.5925529522023031,0.6776738249962884,0.028980024957231114,0.9530438635265455,0.36358377231018885,0.6071041077375412,0.13651911595038005,0.6646777434008462,0.33017331042460035,0.15693169406482152,0.06257834817681994,0.7533007242849895,0.35506858038050787,0.011630682008607047,0.011527313717773982,0.22812836191483907,0.10322671649711472,0.3758418506809643,0.14102645431246078,0.14630199649504252,0.37788635439106394,0.2236365227560912
ERR1370523,1,-0.10305385717323848,-0.061409913269536834,-0.10262320509978703,-0.10627872603280204,-0.09097169885145766,-0.10983130016497203,-0.1090988963842392,-0.05756566646908011,-0.10975594871810504,-0.11330975725182466,-0.04381346516311169,-0.1210641860961914,-0.12017829716205597,-0.1358053513935634,-0.1277211851307324,-0.09631561926965203,-0.11417978310159274,-0.11942144150712661,-0.06326463126710483,-0.11556668792452131,-0.0166656601109675,-0.07506480919463294,-0.0030208054397787365,-0.03235409328980105,0.1355863149677004,-0.1095815237079348,-0.07047711365989276,0.09616503811308316,-0.11820561492017337,0.0426039206130164,0.3256922736763954,0.6671935585992677,0.9218943848141602,1.0074335879513197,0.15659512100475176,1.1041228366749627,0.7645240275721464,1.5177121449794089,1.2404044270515442,1.2747837121465377,0.9782995709351131,1.1696875654160976,1.5427691276584352,1.555784526680197,0.4266922857080187,1.5793526066201073,0.9509781673550606,1.7564428140010153,1.1926103021417345,0.599091038107872,1.1153206968946117,0.6861661182982581,0.5760010055133274,1.6967150058065141,1.3246713764965534,0.7927920690604618,0.7990946519587722,1.448887797338622,1.0679914121116911,0.601250238184418,1.28449524300439,1.3073813340493612,1.1507412852453334,1.1325907497001546
ERR1370524,1,-0.08606394486767906,-0.11719241525445666,-0.1039749990616526,-0.1095916216394731,-0.09400804713368416,-0.11011708208492824,-0.08638807386159897,-0.05346858607871192,-0.032796508233462064,-0.11106342902140957,-0.09915110894611903,-0.14611080501760756,-0.12649837083050183,-0.10825902702552932,-0.04591157393796103,-0.1535880501781191,-0.06641087255307607,-0.12509075552225113,-0.11678462103009224,0.04093183470623834,-0.008509593882731028,-0.13901995022648148,0.1025149045245988,0.021225002195153917,0.08218328920858246,0.07884536044938224,0.05437747335859707,-0.09069581383040973,-0.12203219014086894,0.2513245663472584,0.13114467582532338,0.09988566541246005,0.45888220093079973,0.5137632467917034,0.4035558044644339,0.7450777441263199,0.4566460517900331,0.5177424390401159,0.48969087856156485,0.5949430220893451,0.6500862994164761,0.6739299233470645,0.4963420650788716,0.4406781904399395,0.2464680293508406,0.8846435621713421,0.24206017037587507,0.4535854128189385,0.4108911537166153,0.5930007951600211,0.427257442381233,0.04475836668695722,0.2913838380149433,0.858694681099483,0.5390812265021461,0.3703136593103409,0.09576346585527062,0.24513889317001616,0.19550239866865532,0.2841244675219059,0.02425325395805495,0.21991246512957982,0.12280202816639628,-0.061741161825401444
ERR1370525,1,-0.0904242896607944,-0.12223113913621221,-0.09879779123834201,-0.10526816746486085,-0.10683764251215118,-0.10473815404943057,-0.11028436278658253,-0.04797796266419547,-0.03185583730893476,-0.10829849780670234,-0.09047119213002068,-0.15408200025558472,-0.12880502587982587,-0.10819483016218458,-0.045888595815215795,-0.14686954872948782,-0.05535059901220458,-0.1215737174664225,-0.10832171461411885,0.12651703719581878,-0.040691496804356575,-0.13769208200808083,0.08227503326322351,0.012656764260360174,0.06778945454529353,0.06077435612678528,0.053550281029726775,-0.10227648830706519,-0.10775078726666314,0.23429564705916814,0.1362246083361762,0.09314087884766716,0.3955790549516678,0.4232743765626635,0.36186305220638004,0.6197509382452283,0.45150102774745654,0.5348878790225301,0.3770480730703899,0.6572867025222097,0.6807716724329761,0.5528998465410301,0.3723851224141462,0.3261638371539967,0.15344999703977788,0.7644570893275419,0.24467458043779647,0.3691279941371509,0.3664465245923826,0.5532045114253249,0.26537812288318363,0.13741723467995012,0.19142980767147882,0.6996760134186063,0.3895781157272203,0.2506150170894606,0.026781614869832993,0.2753151822835207,0.04938316923965301,0.25271119869181086,-0.06617420291461583,0.1600749513932637,0.07291879345263753,-0.04319397785833904
ERR1370526,1,-0.049699935995574505,-0.035938442152525694,-0.13540432176419667,-0.09769978454070431,-0.0905750050608601,-0.08306399253862244,-0.10145133121737412,-0.12429055784429822,-0.0641760618891567,-0.035301048042518754,-0.08996366310332503,-0.09216274853263583,-0.08567541538338576,-0.09864033292979002,-0.10361215046473912,-0.062082157869424136,-0.004345921533448356,-0.12161604181996413,-0.1188209559103208,-0.027794650622776577,0.007209939616067069,-0.08306836123977389,-0.07164029191647257,-0.10148117957370621,0.1578130917623639,0.268726118441139,-0.08876403015373009,-0.05080045061185956,-0.12352560034820012,0.22697510942816734,0.1986599899828434,0.38832172006368637,0.9228115278695311,0.9573056453040668,0.3146027677825519,1.452499657869339,0.5991899903331485,1.2832063713244029,0.9969398762498584,1.4465057333665234,1.062125297529357,1.1047921819346291,1.5878753385373525,1.9968289392335075,0.6168619628463473,1.8101488607270377,0.9506548531353474,1.9646320683615548,1.44743689256055,0.9104481653443405,1.4731411848749434,0.7049261861081634,0.8820074243204934,1.7788781097957067,1.4625535660556384,0.8441630420940263,0.6994933464697429,1.5601714157632418,1.4530012075390135,0.9801026348556791,1.3228064413581575,1.416906677186489,1.4369009302130766,1.3125709146261215
ERR1370527,1,-0.0952976353998695,-0.11904565750488214,-0.13102700880595616,-0.11633557227573224,-0.08940290340355464,-0.07863654834883553,-0.10410832753404975,0.004177067428827286,-0.004253767430782318,-0.04380496059145246,-0.10182786599865981,-0.11193966865539551,-0.08429440217358726,-0.03215851315430233,-0.023999621825558797,-0.13180485261338099,0.010292078767504011,-0.08009025507739612,-0.0093838098858084,0.0909843487398965,-0.01285116480929511,-0.13768131658434868,0.2556312658957073,-0.002243169184241976,0.08252314903906413,-0.025446516062532152,0.15750655698190844,-0.030909454450011253,-0.08938168202127729,0.23328729985015734,0.2654015411223684,0.15975581535271235,0.46996693313121796,0.41544956607478006,0.5114539404000554,0.5258311352559498,0.6220470198563167,0.43614087785993305,0.35683614547763554,0.6949418453233582,0.5916122804794993,0.6480968669056892,0.4852588634405817,0.30189409852027893,0.02197070898754256,0.8387461039237678,0.3664433519755091,0.6413897228028093,0.28949253833187477,0.48727886378765106,0.1961792547787939,-0.08694771783692497,0.21553627401590347,0.8591795478548322,0.6403589142220361,0.2793132375393595,-0.025683675626558915,0.3656098533953939,0.1919839685516698,0.12164167614121522,0.13307708182505198,0.2234320959874562,0.055784759510840685,0.15188475059611456
ERR1370528,1,0.015767131665987626,-0.05050534216154899,-0.10881932558757919,-0.09486312046647072,-0.08140242206198829,-0.10231244444314923,-0.12290181538888387,-0.08342204016766377,-0.05477924259113414,-0.06689943931996822,-0.09535087857927595,-0.1005731565611703,-0.09281223180836864,-0.07779381637062345,-0.09968215746006795,-0.09625413721161229,-0.032953084513012855,-0.11082461582762855,-0.08635312744549342,-0.03233051512922559,-0.018455261098487035,-0.09875999497515815,-0.08018206858209201,-0.06144314791475024,0.24617949289469315,0.15681312658957072,-0.07672720868140459,0.006429517508617469,-0.10659621522894927,0.2905919647642544,0.2791267856955528,0.6720071073089328,1.082342719393117,1.0915549056870597,0.5862254468458039,1.679203701870782,0.9168665728398732,1.355611264705658,1.0373094912086214,1.6747216206443096,1.1618710771607539,1.7450591176748276,1.5352564017687524,1.8093521552426475,0.6834394367677825,1.9883867872745864,1.0395042619534902,2.1070209933178767,1.6009071479950632,1.2968300304242544,1.2189622989722662,1.0095396361180715,0.8649810390280825,2.2022936599595204,1.7987103504793984,1.1059381355132376,0.713453966059855,1.7883784398436546,1.5287500119635038,1.416371075436473,1.4940056247370583,1.4569106503788913,1.3516162341194493,1.8435285985469818
ERR1370529,1,-0.06354887943182673,-0.0373666794039309,-0.1351516129715102,-0.1016453525849751,-0.08181072887964547,-0.07681991273005094,-0.09309743514417537,-0.1292818369609969,-0.06236444940857057,-0.04618166945874691,-0.08461863813655716,-0.09236652004931654,-0.07523284799286298,-0.1031621429803116,-0.09942357153964362,-0.07010414145354714,-0.00034282107039221695,-0.13354966044425964,-0.1062427129862564,-0.03072753468794482,0.009045570024422236,-0.08540671997304473,-0.04588920995593071,-0.10530643484422139,0.16547720533396518,0.24856555461883545,-0.09434741176664829,-0.03529130268309798,-0.12103033704417092,0.26684835606387686,0.2039323683295931,0.44176931945340975,0.9540457858570984,1.0045916587114334,0.3520052337220737,1.5902175647871835,0.6370149910716074,1.3344371595552988,0.9580565584557397,1.5170984318745988,1.0728333507265364,1.254564915384565,1.6949833865676607,1.989704327923911,0.6621841085808617,1.9416877339993204,1.093352319938796,2.132460389818464,1.5567223110369273,0.9855486239705767,1.5092133624213082,0.7520977939878192,1.0012308359146118,1.9000288844108582,1.5118342281452246,0.9394526933985097,0.8265725821256638,1.6653854410563196,1.5224125534296036,1.0475286756243025,1.4395940559250968,1.5415317778076445,1.5268501788377762,1.513642498425075
ERR1370530,1,-0.0038495442464149426,-0.08534042750086103,-0.08474401038672243,-0.10442212862627846,-0.06266732939652034,-0.13278775396091597,-0.11646865946905953,-0.11001034719603402,0.05273905981864248,-0.07934014392750603,-0.07097059275422778,-0.11175561430198806,-0.12090546039066144,-0.12304719750370298,-0.047810014603393416,-0.10666787517922265,-0.042588941752910614,-0.14518268087080546,-0.12184055309210505,0.05937061006469386,-0.04893596789666584,-0.11450864427856036,-0.0163659006357193,-0.04766522188271795,0.3082330357283354,0.3083519877067634,-0.06262591747300965,-0.0845844176198755,-0.12227420349206243,0.237985403410026,0.19605749739067896,0.302952341735363,0.7771403981106622,0.7978200972346323,0.6378168701859457,1.334850651877267,0.5340835888470922,0.9050743880548647,0.7958158243979726,1.1889725024146693,0.7763990036078862,1.262947527691722,0.9545307116849082,1.2225011842591422,0.5270927362143993,1.410937735877399,0.6534728801676205,1.2290877870150976,1.0738524070807867,1.0497154082570757,1.013148006583963,0.5336228178015777,0.49846439915043966,1.520090531025614,1.2683748517717635,0.6671322693250009,0.4073536459888731,1.0811911938445908,1.0594046073300498,0.8843756126505988,0.7707260889666421,1.1987556112664086,0.7555709091081683,1.0067715964147024
ERR1370531,1,-0.08267299272119999,-0.07896596938371658,-0.10433299001306295,-0.09996189017380987,-0.10246714470641953,-0.14297981719885552,-0.09349253986563001,-0.08185214868613652,-0.057275471676673205,-0.088067534246615,-0.09184850699135236,-0.11798187558140073,-0.12187746220401355,-0.09772222808429173,-0.07925627154431172,-0.12341896231685366,-0.023007205687463284,-0.1277707288307803,-0.12535252102783748,0.08231441623398236,-0.036489815052066533,-0.11475830312286105,-0.030123472745929445,-0.048997250252536366,0.17830883339047432,0.10017703872706209,-0.041742861670042784,-0.0671459532209805,-0.11118803120085172,0.24024161483560288,0.27302217377083643,0.3799611021365438,0.8111524329121623,0.7405231414096696,0.6422832251659462,1.2408146347318376,0.7220896690019539,0.8393163851329258,0.7274894658476114,1.3503698483109474,0.8903201456580844,1.221301874944142,1.11533057476793,1.18577743055565,0.5040542793327144,1.554199073131063,0.7281457707285881,1.4802177463259016,0.9160930429186139,0.9060800996209893,0.7935717834958008,0.5442868673375675,0.47890367997544153,1.5872365874903542,1.2524497615439552,0.7404170717511859,0.3305176994098084,1.1990485601127148,0.9349936286785773,0.776804506778717,0.7635292570505824,1.0397686937025614,0.7452601016099963,0.8931689634919167
ERR1370532,1,-0.03899165775094714,-0.04936497598620398,-0.1319073172552245,-0.10254838264414243,-0.0896090716123581,-0.07651152601465583,-0.10792052147111722,-0.12920476070472173,-0.08013277484237083,-0.06235330066244517,-0.09702775414500918,-0.10253045734550272,-0.08395695659731116,-0.11752777599862643,-0.10349635708345366,-0.0966839091187077,-0.028119240288755724,-0.11508822893457753,-0.06379792563218091,-0.07097930195076126,-0.0006823369434901647,-0.06714570069951671,-0.084460887791855,-0.11047859277044024,0.1759694404900074,0.18309811981660978,-0.09383308330351221,0.014524906374780195,-0.11647473435316767,0.24552525846021517,0.24438335001468658,0.5524239274007934,1.0611057446471281,0.9957294825996671,0.477496416707124,1.617265015308346,0.7292591467100594,1.4083056790488107,1.0572130445923125,1.6999586706182785,1.2273577877453394,1.5385497245671493,1.7000384868255682,2.103756619351251,0.6818478618349347,2.089923874075924,1.2046601484928812,2.391976543835231,1.5910070900406157,1.183419446444272,1.5841624013015203,1.0881720360900675,1.0902207951460565,2.0793465801647733,1.6591626384428568,1.155543609389237,0.9645191920655114,1.844184907419341,1.7872191750045334,1.4642882900578635,1.6792625997747694,1.5930754885609661,1.6933171807655267,1.8883427126067025
ERR1370533,1,0.05130218129072871,-0.0435810015935983,-0.10959877180201667,-0.09913359369550433,-0.08251067769846746,-0.10515456773074609,-0.11526886320539884,-0.09684057999402285,-0.08100413205102086,-0.06095809941845281,-0.1053553553564208,-0.095145902463368,-0.08971394478742566,-0.09987111549292292,-0.09466226239289556,-0.10459572090102094,-0.02361868534769331,-0.09852769211907539,-0.07204472579594169,-0.06434112734028272,0.011524442051138197,-0.09451769478619099,-0.07006439327129296,-0.06093526418719973,0.2616109459527901,0.16961658692785672,-0.06800947863874691,0.017052206310576627,-0.13065625301429204,0.2356073914894036,0.18353293250714028,0.66244418493339,1.0791277789643832,1.0759550907782145,0.6732730346598795,1.761389000075204,0.7346928130303111,1.4721993591104234,0.9233672374061176,1.6641228841617703,1.1048980355262756,1.6979498054300035,1.3852429906172412,1.847929801259722,0.7268081051962716,1.875076686963439,1.1006095366818565,2.095787776368005,1.3904646432825498,1.4146532118320465,1.3707036546298437,0.996460593172482,0.9070704962526049,2.066820949316025,1.751261810639075,0.9332314805859434,0.7244866642036608,1.6681803901280676,1.5760306375367301,1.4046204324279512,1.337070426770619,1.5498398345495974,1.222855402622372,1.8950390943459101
ERR1370534,1,-0.03186201976080026,-0.05207224489588823,-0.12570229917764664,-0.10789267851838044,-0.0890541917511395,-0.11293403019330331,-0.12063745342727218,-0.13611849823168345,-0.0908926629261779,-0.08319600511874471,-0.09365634433925152,-0.11082960133041654,-0.09361905644514731,-0.1064821272822363,-0.11260203065882836,-0.11950032825448684,-0.06362715709422316,-0.10406661299722535,-0.011468735124383653,-0.07564306012188483,-0.032789479941129684,-0.1019046346523932,-0.06514966248401574,-0.11151901898639542,0.07131691330245563,0.09956795708941561,-0.0919677277228662,0.014235436783305236,-0.12849928279008185,0.17880662690315927,0.24191806478691952,0.6056946760841778,1.0471724947648389,0.9287664741277695,0.5269897665296283,1.6819145934922355,0.7509669374142375,1.3844629100390844,0.9901229781763894,1.5664330295154028,1.0832922820534026,1.5072697479543942,1.535844943353108,1.887376291943448,0.6192403161632163,2.139669987240008,1.1651580248560225,2.1374257632664273,1.4833225767527307,1.104251236787864,1.4140619839142476,0.8553726992436818,1.009363173374108,2.155290365219116,1.6182867309876852,1.0706750362047128,0.9285911672881672,1.8930671513080597,1.7276328999016966,1.3425654492207937,1.6638968789151736,1.7076382605092866,1.624163822670068,1.7196760731084006
ERR1370535,1,0.10558542289904185,-0.05870957965297358,-0.11306559294462204,-0.10720904065029961,-0.08163790378187384,-0.1037912956838097,-0.11728850831942898,-0.0903210858149188,-0.05946534073778561,-0.06000846438109875,-0.11098258889147214,-0.08339925256690808,-0.07951057409601552,-0.12862023285457067,-0.085674525970327,-0.09158663864114455,-0.03185647712754352,-0.09880980689610754,-0.08785990252259321,-0.048019023811710734,-0.025577668100595474,-0.0964160350018314,-0.03895392747861998,-0.08191525510379247,0.30788761058024,0.2704813799687794,-0.052453130982550125,0.0015322562706257617,-0.12739902096135275,0.225295256291117,0.18482600072664873,0.6061591388923782,1.120117103414876,1.0566873805863517,0.6657763719558716,1.8261661274092538,0.7514481374195644,1.4670393743685313,1.0676971599459648,1.6322674740638052,1.0821649985654014,1.6891388520598412,1.3842037578246422,1.9557855129241943,0.7424870835883277,1.938163974721517,1.1342898607254028,2.1782076912266866,1.4529068833217025,1.4611453584262304,1.4897623871053969,1.0107300877571106,0.9697157687374524,2.0393704495259692,1.6825600995549135,0.9423681816884449,0.770809646163668,1.701836655182498,1.7564186581543513,1.4901124494416373,1.3806008366601807,1.6181053817272186,1.3815281332603522,2.013313284942082
ERR1370536,1,-0.031774066388607025,-0.05363446367638452,-0.10816934066159385,-0.11160989212138313,-0.07600871313895498,-0.12309404263006789,-0.09452225440847022,-0.09112713086817946,-0.05700062188719,-0.06170217014317002,-0.08906677099210876,-0.10021458938717842,-0.08555605581828526,-0.1119287626019546,-0.08721493251089539,-0.10232226178050041,-0.04439885974196451,-0.12403700181416102,-0.11520400916093163,0.005279761872121266,-0.03650854900479317,-0.11169897711702756,-0.025749011763504574,-0.03132169946495976,0.13170611645494187,0.10826994531920978,-0.03676614185263004,-0.009819965210876294,-0.1372939007622855,0.23056361824274063,0.22356392656053817,0.4586509349090712,0.9842398171978337,0.8795698976942471,0.6272326596081257,1.4607084393501282,0.6340792286874992,1.1334194455827986,0.7448201356455684,1.4764485856784242,0.9736420160957745,1.3883704670837946,1.0148042935345853,1.349157663328307,0.6074890313403947,1.6255856361905379,0.7724721836192268,1.4578220077923365,0.9952330674443927,1.1696721123797553,0.9983887363757405,0.5442779293017728,0.701957602586065,1.6753744413810117,1.3464054710098676,0.7630879293595042,0.44515445668782505,1.1001569809658187,0.9595678826527936,0.8561447369200843,0.7401250462446894,1.1502083561250143,0.7256952268736703,0.8220098870141166
ERR1370537,1,-0.07266454312152096,-0.10770329141191073,-0.10451237112283707,-0.12798598089388438,-0.0265284390853984,-0.09085996063160044,-0.0697424483618566,-0.025236295802252635,-0.017933065204748085,-0.0763304488999503,-0.10099125600286893,-0.1330986459340368,-0.07054109179547854,-0.08190423815644213,-0.0647757181099483,-0.11881544121674129,-0.025009499596697942,-0.08743991862450327,-0.050744704103895595,0.033140212829623907,0.027261765939848765,-0.14359493127890996,0.16490727024418966,0.05040168868643897,0.09309324196406774,0.07399081864527293,0.054593604839673,-0.05139516427048615,-0.09733389357903174,0.2657743287937982,0.08144481985696725,0.06896443026406425,0.3634523366178785,0.3456672068153109,0.3896959722042084,0.571722977927753,0.48592553553836687,0.5604019824947629,0.33777319320610594,0.4764456295275262,0.5598620555496642,0.5852086240691798,0.35546380068574635,0.32995450736156534,0.11859786111329283,0.7645476601818311,0.21963459705667837,0.37837157558117596,0.18613706422703608,0.5523158365062305,0.2752520978184683,0.07984114651169096,0.18384632681097304,0.7490757171596799,0.38196552438395365,0.17561535111495427,-0.014710494450160436,0.11012824065983295,0.13151930272579193,0.2121936528544341,-0.005091501932059016,0.1147361118180145,0.10868478300315994,-0.07152649500806417
ERR1370538,1,-0.06939928765807833,-0.052920723999185224,-0.13995226153305598,-0.10244509790624891,-0.0958718927577138,-0.10246675607881375,-0.11513650656810828,-0.12927037264619554,-0.06821124914235302,-0.06375821493566036,-0.09756056432213102,-0.0960677010672433,-0.07538187078067235,-0.12068649780537401,-0.10733679655407156,-0.09104603003444416,-9.078758635691233e-05,-0.11545467696019582,-0.08320440857538156,-0.028545196567262923,0.0009049491158553533,-0.07941140434039491,-0.10147957849715437,-0.1120116479162659,0.153127521276474,0.18468918651342392,-0.0919112017311688,0.00313587041039552,-0.13261538531099046,0.21728161775640079,0.28047287251268116,0.5055785030126572,1.0475202756268638,0.9894699049847466,0.43882694627557484,1.5746798366308212,0.7709938984896455,1.2358215238366808,1.0033665427139826,1.738898274355701,1.1411631192479814,1.4585818664303847,1.6457210832408495,1.9385135152510233,0.6307707098977906,2.0017916464379857,1.1042324134281702,2.1538629957607816,1.5744063556194305,1.0450883505067654,1.4754399103777749,0.979941479329552,1.0496740032519614,2.03930926322937,1.7344830653497152,1.1068254304783685,0.9563519018036979,1.7684435354811805,1.780921040901116,1.3794944818530763,1.6626591895307814,1.5689470682825362,1.6488872234310423,1.7565302423068456
