,label,dim_0,dim_1,dim_2,dim_3,dim_4,dim_5,dim_6,dim_7,dim_8,dim_9,dim_10,dim_11,dim_12,dim_13,dim_14,dim_15,dim_16,dim_17,dim_18,dim_19,dim_20,dim_21,dim_22,dim_23,dim_24,dim_25,dim_26,dim_27,dim_28,dim_29,dim_30,dim_31,dim_32,dim_33,dim_34,dim_35,dim_36,dim_37,dim_38,dim_39,dim_40,dim_41,dim_42,dim_43,dim_44,dim_45,dim_46,dim_47,dim_48,dim_49,dim_50,dim_51,dim_52,dim_53,dim_54,dim_55,dim_56,dim_57,dim_58,dim_59,dim_60,dim_61,dim_62,dim_63
ERR3928932,1,-0.10835866443812847,-0.1272661363085111,-0.08428801114981373,-0.07024052188110848,-0.07788249384611845,-0.10559927920500438,0.08392370119690895,-0.11079992912709713,-0.021505903535095666,-0.1360196645061175,-0.08267804607748985,-0.08457464321206014,-0.10545946285128593,-0.04309515282511711,-0.07097292318940163,-0.1328746024519205,-0.016156159341335297,0.04894605310012897,0.022212150196234386,0.008666117986043295,0.050722513270253934,-0.03740392105343441,-0.11291787323231499,0.047894721229871116,-0.014570956428845724,0.01764031235749523,-0.06164065678603947,0.1411043523500363,0.04568242887035012,-0.07619023012618224,0.24303536241253218,-0.010690735323199382,0.036227953930695854,0.2421695850789547,0.03245468530803919,-0.03174938509861628,0.12717586942017078,0.23888785702486834,0.32192945914963883,0.04306859771410624,0.2784227567414443,0.02366398150722186,0.14595085258285204,0.11764403401563565,0.03185379241282741,0.1366246628264586,0.17610195900003114,0.20866832664857307,0.13483843207359314,0.10618716602524121,0.01243047066964209,0.24167158206303915,0.01507183505843083,-0.041816662065684795,0.010662085066239039,-0.09879802043239276,-0.11688163969665766,-0.008974207720408836,0.012173268788804611,-0.10934111227591832,-0.12404971818129222,-0.03993980027735233,-0.04317533224821091,-0.03750675171613693
ERR3928933,1,-0.10324160506327947,-0.12192619467775027,-0.0768645800029238,-0.08436857645089428,-0.09248109099765618,-0.08023646186726789,0.07412515332301457,-0.11463447908560435,-0.027479422589143116,-0.13977293173472086,-0.08213181793689728,-0.03717953090866407,-0.10380528556803863,-0.010343446085850397,-0.036954463769992195,-0.13722901542981467,-0.025577968607346218,0.04946689082620045,0.028032863823076088,0.08138888205091159,0.06796519535904129,0.003232959657907486,-0.06456265629579623,0.08113509121661384,-0.009097217271725336,0.006433594040572643,-0.027698568999767303,0.18292738714565834,0.029088134566942852,-0.08927996948477812,0.2042543093363444,-0.05331320781260729,0.06699514885743459,0.17962630713979402,-0.02802949460844199,-0.07126603896419208,0.0748044593880574,0.11196792436142762,0.227236534235999,0.01603693763415019,0.24871007849772772,-0.0128861286987861,0.11024671792984009,0.07484305836260319,-0.027432249238093693,0.037163071955243744,0.07794267994662125,0.1715093074987332,0.02789139375090599,0.03598406414190928,-0.02145618572831154,0.16436417121440172,-0.04941569206615289,-0.09315189346671104,-0.013279064248005549,-0.12212338050206502,-0.1287783213580648,-0.06136972519258658,-0.03968017175793648,-0.15696865320205688,-0.1257226187735796,-0.05959387247761091,-0.08169313396016757,-0.05791671263674895
ERR3928934,1,-0.0978535736600558,-0.11752670009930928,-0.06925299142797788,-0.08151697483845055,-0.093545226380229,-0.06745253751675288,0.07793131346503894,-0.11453890303770702,-0.01753284161289533,-0.14018387347459793,-0.07637484992543857,-0.02623889595270157,-0.09368289510409038,0.008570961654186249,-0.029226372639338177,-0.13553158907840648,-0.022815704345703125,0.05330150364898145,0.038143597077578306,0.08882991721232732,0.08231727903087933,0.01839905356367429,-0.05329457949846983,0.09969820361584425,0.002537500113248825,0.0005157940710584322,-0.012579052398602167,0.2190797816341122,0.03563713973077635,-0.09262530164172252,0.205918904626742,-0.06798009729633729,0.06834992269674937,0.15274828299880028,-0.04469742028353115,-0.0812763050198555,0.057730915024876595,0.07554512346784274,0.1854660256455342,-0.006025201330582301,0.22761471942067146,-0.021483276039361954,0.10655810683965683,0.05340420020123323,-0.04065085450808207,0.013610286017258963,0.036757915280759335,0.1489302022382617,0.004898324608802795,0.019418290816247463,-0.04066047336285313,0.15014385369916758,-0.06694253161549568,-0.10956658919652303,-0.02529080460468928,-0.13039779911438623,-0.1335258800536394,-0.07112599443644285,-0.05528013656536738,-0.1575960839788119,-0.12428538563350837,-0.06528839624176423,-0.09900435743232568,-0.07069539868583281
ERR3928935,1,-0.10560009710025042,-0.1019325756157438,-0.06945064105093479,-0.035611170499275126,-0.07378137453148763,-0.08344182713578145,0.06801203017433484,-0.0603122723599275,-0.06345117678089689,-0.12306343515714009,-0.07070486682156722,-0.10433645833594103,-0.052763974138846,-0.11086725008984406,-0.028853302899127204,-0.09659764387955268,-0.06832951804002126,0.04220327983299891,0.1260536792105995,-0.07520372110108535,-0.1472445713977019,-0.10165096074342728,-0.10953078915675481,-0.04040590301156044,-0.08057242880264918,0.04116461239755154,-0.13885374863942465,0.010483216494321823,0.1389416983971993,0.010587712749838829,0.3461138180767496,0.5078258129457632,0.6176089172561964,1.210683931907018,0.8644253586729368,0.30837918911129236,0.843737800916036,0.8483193479478359,1.505939284960429,0.4357081726193428,0.7306884775559107,0.6693087344368299,1.007846647252639,0.8815804899980625,0.5129662503798803,0.6336601686974367,1.1117729792992275,0.9370440654456615,1.058061180015405,1.490870068470637,0.6673373008767763,1.55844376112024,1.1828609704971313,0.9993100936214129,0.8865028694272041,0.680724343440185,0.5793305697540442,0.8542722497756282,1.1089770769079526,0.4054497716327508,0.08842901761333148,1.0415717562039692,1.1227881262699764,0.8637133104105791
ERR3928937,1,-0.11694283535083135,-0.10445457906462252,-0.06824520758042733,-0.06330331577919424,-0.07579278449217479,-0.08977728771666686,0.08434725180268288,-0.10583281765381496,-0.06221872001575927,-0.11610392232735951,-0.08630214142613113,-0.14398778850833574,-0.0965901102560262,-0.13622761517763138,-0.04595067398622632,-0.1121581398571531,-0.03364833630621433,-0.04467837877261142,0.03525258352359136,-0.029506331930557888,-0.009412162005901337,-0.10909604995201032,-0.1087217116728425,-0.09789432088534038,-0.03680994982520739,0.023552441348632176,-0.1239449077596267,0.008840983733534813,0.005363415305813153,-0.027674380068977673,0.2729687901834647,0.18395080665747324,0.28469686458508175,0.5637548565864563,0.26627983649571735,0.08222859539091587,0.40212104221185047,0.6171115059405565,0.8078389863173167,0.18120087931553522,0.41806716471910477,0.27071988210082054,0.30616458505392075,0.39927351102232933,0.24615504872053862,0.3702467605471611,0.48793839166561764,0.5299932782848676,0.5187328886240721,0.6248359854022661,0.15100183337926865,0.6718321156998476,0.564421525845925,0.2576914156476657,0.2300745015963912,0.15639962628483772,0.021189811115618795,0.2883261063446601,0.18565536166230837,0.010276867697636286,-0.048663310085733734,0.2684135014812152,0.31261875418325263,0.2500847727060318
ERR3928938,1,-0.1230909014120698,-0.09506728096554677,-0.09279445248345534,-0.05423762773474058,-0.06832864632209142,-0.11327326918641727,0.11500019704302152,-0.0864184582605958,-0.04294790529335538,-0.1303329182167848,-0.06277264778812726,-0.12073993061979611,-0.07691243787606557,-0.11373840148250262,-0.042586959432810545,-0.10129234039535125,-0.03236514516174793,-0.00820937566459179,0.041895143842945494,-0.08566196387012799,-0.13212358579039574,-0.08760988960663478,-0.13867711182683706,-0.02032487342755,-0.06340869640310605,0.018141566465298336,-0.15433859825134277,0.021199137903749943,0.08720324483389656,-0.04658230495018264,0.3060164973139763,0.2545562299589316,0.27559229483207065,0.8171829432249069,0.5516962843636671,0.15300188648204008,0.5406454751888911,0.6104474825163683,0.9752703085541725,0.2122678260008494,0.49361032992601395,0.3559345238221188,0.5310382908210158,0.5446986773361763,0.3046588934957981,0.31118612084537745,0.6929432849089304,0.610617450127999,0.6257200737794241,0.8425781478484472,0.3123708174874385,0.9216221782068411,0.64295893907547,0.6717300042510033,0.4550140053033829,0.30233433718482655,0.294483616327246,0.4533452220881979,0.6695300365487734,0.13679418029884496,-0.03874511457979679,0.6312223027149836,0.6239786266038815,0.5908103498319784
ERR3928939,1,-0.12165246283014615,-0.11829574592411518,-0.09412809771796067,-0.06984186226812501,-0.07962233852595091,-0.09431040659546852,0.08134489009777705,-0.11741282356282075,-0.0416018379231294,-0.12844249854485193,-0.08963629230856895,-0.05546999226013819,-0.12604379591842493,-0.05197016273935636,-0.03382367454469204,-0.13401224155677482,-0.007601479689280192,0.024493834003806114,0.033729988460739456,0.06166207976639271,0.11944374690453212,-0.0269884392619133,-0.04650562644625703,0.03249400046964487,-0.012554743016759554,0.011784118600189686,-0.07356951013207436,0.1495682168751955,0.025609611223141353,-0.06537623982876539,0.1915850817458704,-0.02367952900628249,0.09958698600530624,0.22467000543353302,0.007196095461646716,-0.05226060872276624,0.11481025582179427,0.22441497289886078,0.2973281219601631,0.062362416026492916,0.25880556522558135,0.019800978247076273,0.11507500459750493,0.09322031870639573,0.01952429736653964,0.1319977374126514,0.09616344327029462,0.20747864618897438,0.10188405836621921,0.1333069453636805,-0.01508806087076664,0.2169704275826613,0.029764794744551182,-0.07472314297532041,-0.02101066370960325,-0.09930372145026922,-0.12684055945525566,-0.05741422437131405,-0.040340048571427665,-0.15452520797650018,-0.12093343337376912,-0.037373628467321396,-0.08459774862664442,-0.016213593694070976
ERR3928940,1,-0.12481109518557787,-0.10233775153756142,-0.08297535746047895,-0.057673133444041014,-0.07256087847054005,-0.09518191466728847,0.06575078641374905,-0.06724282105763753,-0.05186861528394123,-0.13533272594213486,-0.07351856057842572,-0.11622751705969374,-0.06648393782476585,-0.12607206776738167,-0.011227757359544436,-0.10377263339857261,-0.05153631543119749,-0.021027788519859314,0.0871238896312813,-0.06603035951654117,-0.14929258078336716,-0.08133655041456223,-0.12928544450551271,-0.02221682791908582,-0.05497209851940473,0.015961820259690285,-0.1472738633553187,0.009778909385204315,0.10528530219259362,-0.01746621741525208,0.32895234413444996,0.3423316068947315,0.38689721872409183,0.9352032244205475,0.6268743984401226,0.17901915684342384,0.6275816733638445,0.6284898972759644,1.0657695618768532,0.27536907295386,0.5874682913223902,0.39551059777537984,0.6713185490419468,0.679834410858651,0.3449248472849528,0.3994135754182935,0.780810379733642,0.6994440021614233,0.7262391969561577,0.9981169129411379,0.39580829193194705,1.1529497057199478,0.8230863064527512,0.7798535830030838,0.611956017712752,0.36044537524382275,0.38512693904340267,0.5220354196305076,0.8024475860098997,0.1883075013756752,-0.031933263186753415,0.7662764843553305,0.7722626899679502,0.711844839155674
ERR3928941,1,-0.11904639145359397,-0.12338860457142194,-0.08128399370859067,-0.06631853485790391,-0.07860747973124187,-0.09879376832395792,0.09238784884413083,-0.11412136070430279,-0.01885144505649805,-0.13090354204177856,-0.07497254262367885,-0.03571148359333165,-0.11394280955816309,-0.021464901665846508,-0.02411861966053645,-0.13777137780562043,0.03297128714621067,0.05383489870776733,0.062021447656055294,0.08396637998521328,0.16636171409239373,-0.02133421165247758,-0.049150146854420505,0.06638640962773934,-0.00316571444272995,0.02356203148762385,-0.03469343607624372,0.26434434081117314,0.02338104819258054,-0.08920732670230791,0.14321419557866952,-0.03202678759892782,0.07761269062757492,0.11214792852600415,-0.06568955505887668,-0.05816450218359629,0.05310380086302757,0.15778745772937933,0.2764050178229809,0.03379872379203638,0.218477763235569,0.005232952224711577,0.058671735847989716,0.01658320613205433,-0.008873681227366129,0.0809555109590292,0.05610874512543281,0.20028150081634521,-0.009363271296024323,0.07451862283051014,-0.041847643752892814,0.12640820691982904,-0.05064594248930613,-0.1268506646156311,-0.05930345971137285,-0.1208098226537307,-0.1251044903571407,-0.06404680929457147,-0.10850568860769272,-0.15133636072278023,-0.11132456796864669,-0.09217690428098042,-0.0995822623372078,-0.04996887423718969
ERR3928942,1,-0.09393538782993953,-0.10938300689061482,-0.07241714435319106,-0.10469271087398131,-0.09246403848131497,-0.004411915938059489,0.07735095794002216,-0.12012568054099877,-0.06281075906008482,-0.134079464400808,-0.07567601278424263,0.04811842987934748,-0.09415954972306888,-0.02184826135635376,0.036619183917840324,-0.1284785009920597,-0.02019284541408221,0.03340849885717034,0.07976547628641129,0.11315487573544185,0.09051710677643617,0.08068925887346268,-0.011038829572498798,0.1349198832952728,0.005833817025025685,0.010625308961607516,-0.0034871002038319907,0.1985088965545098,0.048567029957969986,-0.09016779841234286,0.20783772381643453,-0.061122351636489235,0.1023760096480449,0.17959708968798319,-0.04366243630647659,-0.08247857602934043,0.03239250183105469,0.017605944769456983,0.14176620969859263,-0.023994052472213905,0.25297591897348565,-0.016144151488939922,0.1418821873764197,0.08330613343665998,-0.03569213425119718,-0.036604584815601506,-0.0122691560536623,0.1559357107616961,-0.02961217612028122,0.012452990437547365,-0.034416754419604935,0.1792026956876119,-0.061443593663473926,-0.07764768445243438,-0.019748144783079624,-0.10481714139071603,-0.11823762953281403,-0.11364043038338423,-0.026684765393535297,-0.15096695721149445,-0.12846359672645727,-0.06409873068332672,-0.07481614438196023,-0.04689929292847713
ERR3928943,1,-0.09051048631469409,-0.11832107479373614,-0.08287429887180527,-0.0930902383600672,-0.0908403651167949,-0.04782225315769514,0.07267007852594058,-0.11089060455560684,-0.04914484607676665,-0.13484072809418043,-0.0848202978571256,-0.02345562477906545,-0.10189739304284255,-0.03615322088201841,-0.022553371886412304,-0.13043490083267292,-0.03180974846084913,0.005010792364676793,0.044689479320368264,0.053071603178977966,0.017180094805856545,0.04016264776388804,-0.06894429462651412,0.15893421601504087,0.012878081450859705,0.03186563254954914,-0.04074730475743612,0.12911316566169262,0.049407981956998505,-0.083692223764956,0.24698108372588953,-0.039475650837024055,0.0667043471088012,0.24790543162574372,0.033240447441736855,-0.023175523926814396,0.0923515601704518,0.11999179733296235,0.2339113736525178,-0.016115826011324923,0.23932492546737194,0.00019021976428727308,0.1475019579132398,0.15896944670627514,-0.006627478947242101,0.0046233488246798515,0.08587665980060895,0.20875581074506044,0.0577998956044515,0.03738900274038315,0.008837637801965078,0.24191910276810327,-0.004949121115108331,-0.014460356285174688,-0.001026589112977187,-0.09147406741976738,-0.08853533243139584,-0.056739673018455505,0.037426511446634926,-0.14355395982662836,-0.1330981763700644,-0.03897370949077109,-0.05982023539642493,0.00023506209254264832
ERR3928944,0,-0.10517359462877114,-0.13076654324928919,-0.10446099067727725,-0.06282912388754387,-0.08407113142311573,-0.1005563052992026,0.07690646375219028,-0.11497940806051095,-0.027683906878034275,-0.12086082249879837,-0.0889155442516009,-0.08848079666495323,-0.12979277720053992,-0.07346419865886371,-0.04332443637152513,-0.1274228406449159,0.012832126580178738,0.03610840443676958,0.07449025226136048,0.05035925284028053,0.15655563275019327,-0.031239628791809082,-0.07201777553806703,0.0741927723089854,0.030682468165953953,-0.005653724384804566,-0.08517801389098167,0.17811701943476996,0.03873944686104854,-0.07393825768182676,0.22072642855346203,-0.009130485045413176,0.06744368125995,0.18592961070438227,-0.052984093490522355,-0.05977351187417904,0.126374289393425,0.20192747532079616,0.24968661616245905,-0.03335496907432874,0.22878403589129448,0.009113787362972895,0.12263244638840358,0.14012851441899934,0.01759892577926318,0.1357235269000133,0.09757031329597037,0.14806836160520712,0.07352776825428009,0.06296243083973725,-0.05735894230504831,0.11574072514971097,0.008451101214935383,-0.10616683928916852,-0.020469919467965763,-0.11309377662837505,-0.11305286052326362,-0.08651143684983253,-0.03437342494726181,-0.1465931236743927,-0.12806624794999757,-0.03278036912282308,-0.10213542442458372,-0.06312198253969352
ERR3928945,0,-0.11154602064440648,-0.12616061295072237,-0.1052772831171751,-0.05926834077884754,-0.07977485687782367,-0.11518436794479688,0.07542842874924342,-0.10938473356266816,-0.06218293930093447,-0.10739552819480498,-0.09136758993069331,-0.09879213199019432,-0.13118149898946285,-0.08846597746014595,-0.05641619488596916,-0.13191751685614386,0.005476395909984906,0.006835008719159911,0.024104201545317967,0.02383896956841151,0.13783675276984772,-0.0502227358520031,-0.08482646717069049,0.044645894318819046,0.00019429142897327742,-0.008734229331215223,-0.11379317939281464,0.11206583802898724,0.013616620873411497,-0.05755738882968823,0.2161176266769568,0.008519741396109263,0.07778383418917656,0.24929032428190112,0.0078107803128659725,-0.023569033791621525,0.1732916117956241,0.28420762593547505,0.3317480819920699,0.002381970485051473,0.25461450560639304,0.04896261651689807,0.11213272313276927,0.22144574423631033,0.049714146802822747,0.1502653400724133,0.14472323221464953,0.20914490365733704,0.14576546696480364,0.1275289754072825,-0.020665161311626434,0.17669102301200232,0.0797148624745508,-0.04617607252051433,-0.009418430582930645,-0.08444786816835403,-0.1027487035219868,-0.05621769682814678,-0.038645096123218536,-0.13935573026537895,-0.12428723896543185,-0.0076543403168519335,-0.0714274374768138,-0.008934447231392065
ERR3928946,0,-0.10656870156526566,-0.08996717802559336,-0.09178625978529453,-0.1001745203199486,-0.0991574265062809,0.0338429706171155,0.08343151087562244,-0.1147053378323714,-0.009900870422522226,-0.13534937798976898,-0.061405811458826065,0.06113007292151451,-0.10396237795551617,-0.011415814359982809,0.06351110960046451,-0.12225505989044905,-0.012215785682201385,0.0667422687013944,0.09972711962958176,0.10675940476357937,0.12419139097134273,0.0819285015265147,0.023664488767584164,0.1819207208851973,0.0023612255851427713,0.009322913984457651,-0.005623890707890193,0.17072081690033278,0.04005844828983148,-0.10193896200507879,0.2091996017843485,-0.05175264862676462,0.06451447928945224,0.1726433945198854,-0.04242622541884581,-0.08468895902236302,0.035998418306310974,0.028680169954895973,0.14616269525140524,-0.03690967530322572,0.19241825677454472,-0.017934211840232212,0.10924315080046654,0.042722305903832115,-0.04901915291945139,-0.03324027949323257,0.058962587267160416,0.11077891538540523,-0.021940965826312702,-0.04536144559582075,-0.07160031671325366,0.10206420595447223,-0.046594315518935524,-0.11296043358743191,-0.03860721240441004,-0.1274307444691658,-0.1159604365626971,-0.11200239695608616,-0.05583672349651655,-0.15962080905834833,-0.12318261340260506,-0.09357564647992452,-0.0584949953481555,-0.07980873699610432
ERR3928947,0,-0.11575124692171812,-0.09683426252255838,-0.10212954692542553,-0.0975547069683671,-0.08752933330833912,-0.03273054274419943,0.08825751145680745,-0.11831324795881908,-0.04362338408827782,-0.14510928466916084,-0.05698716392119726,0.02345742906133334,-0.11541566780457894,-0.05683524161577225,0.017752996335426968,-0.11585315611834328,-0.018281344324350357,-0.006681871910889943,0.0584612259020408,0.06524854650100072,0.01118944538757205,0.038576423500974975,-0.03360560598472754,0.14711756880084673,-0.01680911456545194,0.011140851924816767,-0.07174851683278878,0.08089349543054898,0.03424823346237341,-0.09893505600772794,0.22623215227698287,-0.004247669130563736,0.09958610435326894,0.25350118800997734,0.03930378332734108,-0.0414286715288957,0.10716337834795316,0.13536390103399754,0.2710451402235776,-0.005837518721818924,0.2573921134074529,0.0044548554966847105,0.1748180203139782,0.15249021599690119,0.026546212534109753,-0.0096415967370073,0.12971499375998974,0.23909714135030904,0.07413502410054207,0.049235875407854714,-0.004747567077477773,0.23339596514900526,0.03266707807779312,0.004418304190039635,0.0417660231081148,-0.0762755920489629,-0.04558932090488573,-0.0762515099098285,0.05381192018588384,-0.15348955740531287,-0.12545939659078917,-0.02824404587348302,0.031042496984203655,0.06132037549590071
ERR3928948,0,-0.0918698435028394,-0.11165816926707824,-0.09519672735283773,-0.09136572379308443,-0.08697670325636864,-0.04813979317744573,0.10302507877349854,-0.1174119021743536,0.007943374415238699,-0.14956032360593477,-0.05324110761284828,-0.03274424001574516,-0.1043910493220513,-0.036029731233914696,0.007680943235754967,-0.11591399957736333,0.0014410925408204396,0.029841572667161625,0.07858427629495661,0.05263428017497063,0.02677842074384292,0.026522101213534672,-0.05747340611803035,0.16478502688308558,-0.002196760227282842,-0.013968086335808039,-0.04077879215280215,0.16513294478257498,0.05060205484429995,-0.09965074621140957,0.28643773806591827,-0.014975308130184809,0.040606470157702766,0.2167552332781876,-0.018036306525270145,-0.05464042847355207,0.10815918693939845,0.11128543503582478,0.2037070325265328,-0.051711747888475657,0.24356960008541742,-0.01925594142327706,0.19411162411173186,0.09532488447924455,0.02632809306184451,0.042080520652234554,0.08482656410584848,0.12991500894228616,0.10003470132748286,0.012062248463431994,-0.04459912640353044,0.18486439933379492,-0.005076053241888682,-0.04819047078490257,0.005921805277466774,-0.12000806940098603,-0.0799072499697407,-0.09539919843276341,0.04827658886400362,-0.14251097291707993,-0.13061015432079634,-0.039333382000525795,-0.04223733954131603,-0.03211371321231127
ERR3928949,0,-0.09232960268855095,-0.11632624392708142,-0.08892553951591253,-0.08935920824296772,-0.08820519968867302,-0.04611656814813614,0.10101080189148585,-0.11716597899794579,0.011434265722831091,-0.1431778520345688,-0.06434756020704906,-0.03858875979979833,-0.10549117748936017,-0.04071073606610298,0.005350727277497451,-0.12276806123554707,-0.007157218952973683,0.06342156355579694,0.07545617843667667,0.05359582727154096,0.021647369489073753,0.0227381798128287,-0.0779276682684819,0.1698863449661682,-0.011978091051181158,0.0013428886886686087,-0.04410721051196257,0.13636955494681993,0.04767367926736673,-0.09198427262405555,0.29441168531775475,-0.0017508001377185185,0.03389523054162661,0.22506942607772848,-0.006401371831695239,-0.03255961090326309,0.11608727400501569,0.1294447804490725,0.2225680879006783,-0.045345266815274954,0.23880662272373834,-0.0021723099052906036,0.17175783589482307,0.11813083353141944,0.015566625942786535,0.05876889917999506,0.10260735886792342,0.15970439836382866,0.10317671050628026,0.004057186655700207,-0.01860242399076621,0.18042988702654839,-0.007933672051876783,-0.03441028669476509,-0.00046782319744427997,-0.11571773824592431,-0.092113199022909,-0.07502834623058637,0.054587602615356445,-0.13021397838989893,-0.1252078413963318,-0.05641231251259645,-0.03870121669024229,-0.04062545454750458
ERR3928950,0,-0.0703180655837059,-0.0856681417984267,-0.08873228604594867,-0.09576075780205429,-0.10016375500708818,0.003004215812931458,0.1054663173854351,-0.10573073476552963,0.0311366052677234,-0.11961530521512032,-0.0573995312054952,0.05711019039154053,-0.0973597119251887,0.05185977555811405,0.059982433915138245,-0.12335045449435711,0.06047774230440458,0.12869841318267086,0.16314702481031418,0.14984171589215597,0.22297379622856775,0.06196528673171997,0.055634360488814615,0.22441384817163149,0.008994505275040865,0.02328890034308036,0.019142501056194305,0.27746037021279335,0.0321673775712649,-0.10082069023822744,0.20444973721168935,-0.058146849274635315,0.03610683232545853,0.10347618783513705,-0.11161017930135131,-0.07742245371143024,0.0008061906943718592,0.03543860775729021,0.048795719941457115,-0.07915810914710164,0.1468209425608317,-0.052948119739691414,0.07983949512708932,-0.03141429787501693,-0.057474590837955475,0.014577728434232995,-0.055076707464953266,0.023442091420292854,-0.04430990666151047,-0.05983573695023855,-0.08353755623102188,-0.0022079646587371826,-0.0980290062725544,-0.12939169133702913,-0.08245155960321426,-0.1106042576332887,-0.11372737027704716,-0.11787223350256681,-0.06748814880847931,-0.14496497934063277,-0.11942108099659283,-0.08020263041059177,-0.13621971011161804,-0.09957881194228928
ERR3928951,0,-0.1038263166944186,-0.11465322505682707,-0.09068103910734256,-0.08085506750891606,-0.09595971119900544,0.0009249281138181686,0.03150219842791557,-0.11610289383679628,-0.01696880968908469,-0.1569087008635203,-0.05522642905513445,-0.07580375702430804,-0.11800473742187023,-0.11934234015643597,0.06224220059812069,-0.10857299156486988,-0.00815147782365481,-0.06004243693314493,0.10469428636133671,0.04402424395084381,-0.08057779508332412,0.009734802258511385,-0.06778712601711352,0.10408972762525082,0.02637684221069018,-0.045050601164499916,-0.01910034396375219,0.06399174655477206,0.0929359532892704,-0.03877335429812471,0.30249692709185183,0.09179555500547092,0.21128534773985544,0.3910243696688364,0.21134247506658235,0.020660238961378734,0.37636611610651016,0.13450312886076668,0.4427878636245926,-0.003257675717274348,0.4224630420406659,0.06608680511514346,0.4349007693429788,0.36199411874016124,0.11960859598669533,0.09505669648448627,0.20543382316827774,0.3029967714101076,0.20978637536366782,0.17645957379136235,0.03120373624066512,0.6514626853168011,0.3143691919588794,0.22960779955610633,0.22536228348811468,-0.07475301126639049,0.12957753365238509,-0.012979238604505857,0.34582875420649845,-0.09778221075733502,-0.1254301369190216,0.2255001182978352,0.17618992734545222,0.3416654480000337
ERR3928952,0,-0.10831393115222454,-0.1214904176692168,-0.09806951864932974,-0.06103359597424666,-0.07921947507808606,-0.11159151047468185,0.10997771844267845,-0.1055237924059232,-0.022330781755348045,-0.13329681878288588,-0.07286028439799945,-0.12074776242176692,-0.10307086942096551,-0.073578130453825,-0.04954704580207666,-0.12747582863084972,-0.021072442332903545,0.003870165596405665,0.03477531857788563,-0.012174592663844427,-0.013173981259266535,-0.058551536252101265,-0.12247063809384902,0.0470531927421689,-0.04000628118713697,0.0058520399034023285,-0.11476719379425049,0.06555538376172383,0.04230278513083855,-0.07773002547522385,0.29865043982863426,0.06006985561301311,0.05196810141205788,0.34922953322529793,0.11768800454835097,-0.017612212647994358,0.22015910549089313,0.35072983987629414,0.46994018120070297,0.042535923421382904,0.29458775216092664,0.06006476081286868,0.2167874425649643,0.23734683791796365,0.13994274040063223,0.17375928536057472,0.275141206337139,0.2926075387125214,0.263141634563605,0.1964226725200812,0.050980297227700554,0.35509925583998364,0.13221143993238607,0.06531622384985288,0.046352612475554146,-0.061129460111260414,-0.08065357835342486,0.05120061586300532,0.07842629744360845,-0.047974386562903724,-0.11075900495052338,0.03475227331121763,0.047030216082930565,0.02892835283031066
ERR3928953,0,-0.05691081161300341,-0.10937528661452234,-0.04501743086924156,-0.08559120524053772,-0.09664697883029778,-0.07692844420671463,0.09310224528114001,-0.1006686103840669,-0.04887718831499418,-0.14120198413729668,-0.07747443517049153,-0.028031999866167705,-0.05771260211865107,0.05906744177142779,-0.04502611863426864,-0.10438781417906284,-0.024668332810203236,0.029779250423113506,0.008440430586536726,0.03763371209303538,0.023164319340139627,0.03226084758838018,-0.051405838380257286,0.15875728552540144,0.03927251882851124,0.004667178727686405,-0.021520723899205525,0.14667370356619358,0.0334821492433548,-0.0906928056307758,0.25046249851584435,-0.08892693494757016,0.09622548862049977,0.18568581016734242,0.05021732052167257,-0.009355363746484121,0.040044703831275306,0.11628325656056404,0.22150258099039397,-0.031059715896844864,0.20125921815633774,-0.004572030156850815,0.10041584074497223,0.09800454912086327,0.009461336769163609,-0.03903845200935999,0.014026781854530176,0.19001305600007376,0.08181085189183553,0.07574866650005181,-0.06333210381368796,0.20299252246816954,-0.05232685680190722,0.03287302702665329,-0.03686586829523245,-0.07681424667437871,-0.07077270311613877,-0.023827411855260532,0.016551174223423004,-0.13637758667270342,-0.1281276841958364,-0.029049538696805637,-0.06479510727028052,0.003565896457682053
ERR3928954,0,-0.12475698627531528,-0.11443666617075603,-0.10551428329199553,-0.08687494586532314,-0.08354691229760647,-0.10976750558863084,0.1020128217836221,-0.1130002277592818,-0.05319047051792344,-0.13543882966041565,-0.07859580342968304,-0.036777568981051445,-0.1266661969323953,-0.07476219907402992,-0.018993861973285675,-0.1275591036925713,-0.01140148068467776,-0.028830503424008686,0.004869853301594655,0.05420087153712908,0.021395957252631586,-0.01780274510383606,-0.059968228141466774,0.046892631178100906,-0.0451414721707503,0.011014999200900396,-0.10404966709514459,0.09742723242015927,0.006396143386761348,-0.08470284519717097,0.19073900487273932,0.013849628468354544,0.1164931667347749,0.2969274806479613,0.047244297340512276,-0.03624549632271131,0.1295099969332417,0.2620615717023611,0.34708348537484807,0.040531994154055916,0.27782232997318107,0.020523998886346817,0.16843799501657486,0.15975760451207557,0.046876451621452965,0.040468658320605755,0.11218998053421576,0.2855059119562308,0.13990558000902334,0.14363488803307214,0.021964386105537415,0.26483336711923283,0.08839007901648681,0.06933677662163973,0.048113894338409104,-0.050746226062377296,-0.06737033316555123,-0.027464938660462696,0.018073345224062603,-0.15016202752788863,-0.12634116845826307,0.05505505949258804,0.010148094967007637,0.08990675723180175
ERR3928955,0,-0.1213190817895035,-0.11519804534812768,-0.07974425206581752,-0.06772230627636115,-0.07120625115931034,-0.07340321938196818,0.10020186007022858,-0.10281062684953213,-0.044427633324327566,-0.12689371158679327,-0.08262092620134354,-0.14452450660367808,-0.07487217926730712,-0.13120177512367567,-0.029637979343533516,-0.11323391366750002,-0.03226741154988607,-0.025574749956528347,0.02104640007019043,-0.061927209297815956,-0.06173409894108772,-0.11362422443926334,-0.1181317235653599,-0.0009029010931650797,-0.013840877761443457,-0.0206115519007047,-0.12317930782834689,0.0008003320544958115,0.015421039735277494,-0.04607926153888305,0.2890840078083177,0.2664041059712569,0.20041286324461302,0.6161800175905228,0.32996559391419095,0.06829745943347613,0.5418526902794838,0.551852428043882,0.833352675040563,0.06444721420605977,0.3808448041478793,0.30488280051698285,0.4244014844298363,0.48189106086889905,0.2425849555681149,0.3630460823575656,0.5488545975337425,0.412949874997139,0.53424654652675,0.4787656491001447,0.22708870222171149,0.7094482791920503,0.5276775459448496,0.3508952061335246,0.24260055708388487,-0.01049992690483729,0.13821157130102316,0.2042109603062272,0.31979966241245467,0.03954262907306353,-0.07614920909206073,0.3058091402053833,0.3237415843953689,0.3648924908290307
ERR3928956,0,-0.10430371024024983,-0.10581711928049724,-0.059686968103051186,-0.03590824672331413,-0.06763804114113252,-0.0938254352658987,0.08485659211874008,-0.051128496105472244,-0.05316299902430425,-0.11812894915541013,-0.0772411337432762,-0.11407832436574002,-0.05334501791124543,-0.1067444272339344,-0.039032663917168975,-0.09749144036322832,-0.04096294225504001,0.03232870437204838,0.08247344645981987,-0.03976038657128811,-0.14274300386508307,-0.10609378603597482,-0.10719439635674159,-0.08743008722861607,-0.09352802733580272,-0.014555523172020912,-0.14594359820087752,0.01599998523791631,0.1108980303009351,0.00029182806611061096,0.30418043055882055,0.5192470218365391,0.6149709150195122,1.2077501515547435,0.8072604015469551,0.2344119221282502,0.8018835385640463,0.9559775739908218,1.4943764855464299,0.5122393953303496,0.791322530557712,0.6729016030828158,0.9486906478802363,0.8231486156582832,0.5941762253642082,0.6919585975507895,1.1563915237784386,0.9109500211973985,1.0792975202202797,1.494899642964204,0.6932845897972584,1.569566797465086,1.2311188578605652,1.055075265467167,0.8843763340264559,0.5911420937627554,0.5631411379824082,0.7916626621348163,1.1013456210494041,0.3800795239706834,0.0522039228429397,1.083781252304713,1.1795639010767143,0.8795806666215261
ERR3928957,1,-0.11487155392145117,-0.1122865341603756,-0.08712681491548817,-0.0476938015781343,-0.06847144414981206,-0.09682592935860157,0.07558141400416692,-0.09551120021690924,-0.033405910866955914,-0.14376331865787506,-0.08250324924786885,-0.11883055760214727,-0.07575617389132579,-0.10172044485807419,-0.01798847472916047,-0.1113972080250581,-0.030686145648360252,-0.030996417937179405,0.10056821070611477,-0.07592983171343803,-0.14369350175062814,-0.09058336665232976,-0.13266144304846725,-0.023746283104022343,-0.004434066514174144,-0.0015779839207728703,-0.11919031773383419,0.024917356825123232,0.11897650485237439,-0.037146352929994464,0.3583713000019391,0.17247024302681288,0.14442748297005892,0.6476358075936636,0.40948320056001347,0.07414873751501243,0.4635033495724201,0.47458393933872384,0.7272114219764868,0.135151207447052,0.4873879502216975,0.17089136751989523,0.5082802288234234,0.4653496692577998,0.23642491937304536,0.2996635957000156,0.5321877375245094,0.49354901164770126,0.5072704833000898,0.6238551437854767,0.20363239012658596,0.7874126049379507,0.44797439873218536,0.4281115072468917,0.27420776275297004,0.1037269855539004,0.1202825556198756,0.20662071648985147,0.4853820895465712,0.07633094148089488,-0.10652370968212684,0.39465288321177167,0.3436044796059529,0.41413730817536515
ERR3928958,1,-0.11727029969915748,-0.10759068187326193,-0.08730279778440793,-0.01820187938089172,-0.0643978255490462,-0.07851095497608185,0.09404943883419037,-0.0646423293898503,-0.05583855633934339,-0.12676178912321726,-0.08418471614519756,-0.12090616021305323,-0.07195711322128773,-0.12134951477249463,-0.05118891317397356,-0.11002995849897464,-0.03251508685449759,-0.0053068653990825014,0.08373551877836387,-0.06142718717455864,-0.1271768230944872,-0.09717587133248647,-0.11839459308733542,-0.03328814605871836,-0.0318102998038133,-0.005328798977037271,-0.1460456276933352,0.034101132303476334,0.15564048072944084,-0.023219842463731766,0.2839300259947777,0.20345209911465645,0.25964853540062904,0.7745284338792165,0.46716389060020447,0.09633355758463343,0.48267170414328575,0.5663816289355358,0.8370753191411495,0.16458027561505637,0.4819846451282501,0.30697593837976456,0.5252037458121777,0.5179796181619167,0.19608749294032654,0.3060773325463136,0.594921832283338,0.5894866213202477,0.5366951730102301,0.7842820684115092,0.23279281860838333,0.9024421833455563,0.5574272821346918,0.49763162061572075,0.30971210325757664,0.17683862646420798,0.16161255290110907,0.2758722448100646,0.5129681428273519,0.002220362424850464,-0.11620329196254413,0.5179896528522173,0.4803602776179711,0.49777496481935185
ERR3928959,1,-0.1157168485224247,-0.10944450957079728,-0.10478945355862379,-0.03874387343724569,-0.07255610140661399,-0.12376375310122967,0.09036976099014282,-0.08152387873269618,-0.03390896050647522,-0.12732094526290894,-0.08172270903984706,-0.10686476404468219,-0.100123580545187,-0.08868151406447093,-0.03693827117482821,-0.12407186068594456,-0.019489673276742298,-0.015159249616165956,0.04355938732624054,-0.05839374537269274,-0.07079160772264004,-0.0692282219727834,-0.11797201711063583,0.017633804430564243,-0.0346748319764932,-0.012980988870064417,-0.14119337499141693,0.05535728670656681,0.09619823656976223,-0.04747336342309912,0.26370515301823616,0.09428839075068633,0.09723875299096107,0.503185455997785,0.220802524437507,0.02192552573978901,0.27519724642237026,0.40567257441580296,0.5315165972958008,0.09090183426936467,0.30923863500356674,0.10566177343328793,0.32540803402662277,0.3340317414452632,0.1157159482439359,0.1695253805567821,0.330785978178028,0.37825020278493565,0.34515064861625433,0.45745816330115,0.09958300987879436,0.548064491401116,0.248455923050642,0.19747789825002351,0.10841884401937325,-0.0349490741888682,-0.014377642422914505,0.018841722359259922,0.22105802285174528,-0.10446353008349736,-0.1344588610033194,0.19713301211595535,0.1582315620034933,0.2566532399505377
ERR3928960,1,-0.10585359646938741,-0.10320658174653848,-0.0662943705295523,-0.04151351951683561,-0.07167022675275803,-0.08155658654868603,0.08688510830203693,-0.038108778496583305,-0.06350140966242179,-0.1225820096830527,-0.0768758909155925,-0.10867641152193148,-0.05442206670219699,-0.11445835791528225,-0.05511699085279057,-0.09172955869386594,-0.049721832697590194,0.04730538713435332,0.11571047819840412,-0.07743002225955327,-0.1446018690864245,-0.11262372322380543,-0.11396118625998497,-0.06573421756426494,-0.0811295323073864,0.032889993861317635,-0.13890979439020157,0.03202199066678683,0.16194865728418031,0.003945128992199898,0.27334416347245377,0.48342051605383557,0.5502946029106776,1.1826814115047455,0.8354743719100952,0.3051290280806522,0.7961256777246793,0.8030165657401085,1.4077196965614955,0.37454553693532944,0.644770751396815,0.6842413594325384,0.8869911481936773,0.7481806675593058,0.48035088429848355,0.5759968472023805,1.0864414249857266,0.8589564661184946,0.9784567107756933,1.361317552626133,0.5704199994603792,1.3956702662010987,1.1224874680240948,0.9682014236847559,0.7569102942943573,0.6033556734522184,0.5075925268853704,0.8306166206796964,1.0372068919241428,0.35398779933651287,0.08032294486959775,1.0065073197086651,1.0284570672859747,0.8016008362174034
ERR3928961,1,-0.10873014833002041,-0.09050785625974338,-0.07088097960998614,-0.005442928833266099,-0.0670872467259566,-0.07193229906260967,0.10501102606455485,0.010486641277869543,-0.05110870240847968,-0.118989206229647,-0.04299104275802771,-0.10089741957684357,-0.04450907666857044,-0.11059554573148489,-0.03670510273271551,-0.09851584179947774,-0.029300864785909653,0.0565695445984602,0.12041680930997245,-0.09925017226487398,-0.14889180411895117,-0.11184811902542909,-0.10326893348246813,-0.046246275305747986,-0.07840624327460925,0.04210211026171843,-0.131492231041193,0.023425479729970295,0.18267028778791428,0.003110861095289389,0.3523397433261077,0.5381357371807098,0.5172346582015356,1.2723593215147655,0.946007564663887,0.3371707092349728,0.9434846838315328,0.8588767144829035,1.4494388500849407,0.35563696051637333,0.6766739189624786,0.7390601634979248,0.9132877687613169,0.7410526008655628,0.5264886567989985,0.6434113414337238,1.228126309812069,0.840963188248376,1.0542854170004528,1.3920882816116016,0.6434732203682264,1.4412879856924217,1.1843617285291355,1.1267572368184726,0.7856860986600319,0.6091122801105181,0.5649321787059307,0.8548146501804391,1.1738638890286286,0.47314734508593875,0.1438392773270607,1.0562859401106834,1.0580426504214604,0.8556448848297199
ERR3928962,1,-0.10047042043879628,-0.1034518809368213,-0.06213464696581165,-0.03108476079069078,-0.06483553101619084,-0.08194005986054738,0.05546217039227486,-0.030601423233747482,-0.06399078042401622,-0.12228365677098434,-0.08317066729068756,-0.11230671359226108,-0.0540720682280759,-0.11634327905873458,-0.04772738522539536,-0.10218028041223685,-0.05624139805634817,0.022887760152419407,0.09260320155105244,-0.06400135190536578,-0.14339281370242438,-0.10630552470684052,-0.10833527458210786,-0.056513807425896324,-0.08605169256528218,0.004846282924214999,-0.14701821158329645,0.027773134410381317,0.13142521431048712,0.020057148338916402,0.29658752819523215,0.46803303559621173,0.6246024668216705,1.2060420016447704,0.8285452947020531,0.26512150404353935,0.8020318547884623,0.8721914856384198,1.4744006246328354,0.4948708228766918,0.7507507130503654,0.7183506786823273,0.9232112591465315,0.8291922211647034,0.4583778530359268,0.6513209293286005,1.0744761501749356,0.9549554114540418,1.0194531207283337,1.492546483874321,0.6462311322490374,1.544575681289037,1.167042354742686,0.9924578219652176,0.8723722000916799,0.6383352756965905,0.5092016436780492,0.8380988265077273,1.0763425181309383,0.31799309328198433,0.04116695125897726,1.0361694420377414,1.115832803150018,0.8656802357484897
ERR3928963,1,-0.12721338775008917,-0.10484066357215245,-0.10097087609271209,-0.08478563992927472,-0.07262947410345078,-0.12871905912955603,0.09763362134496371,-0.12554458963374296,-0.043916928581893444,-0.13058292617400488,-0.06662115827202797,-0.08710829603175323,-0.10421754854420821,-0.10626228960851829,-0.029142567267020542,-0.10921796721716721,-0.015065034851431847,-0.05170337234934171,0.03288113884627819,-0.003358069807291031,-0.11383250107367833,-0.06443205972512563,-0.11553373436133067,-0.021886275460322697,-0.06620203206936519,0.0043806325023372965,-0.1460484266281128,0.03975089949866136,0.04144267442946633,-0.06455260639389356,0.22295008708412448,0.14047609890500704,0.2529453883568446,0.644886925816536,0.33265363425016403,0.06834786757826805,0.3640134173134963,0.5137716162328919,0.7737506090585763,0.1819871018330256,0.44436536729335785,0.18861594051122665,0.42335376391808194,0.412929763396581,0.21472619970639548,0.2001069107403358,0.44491808613141376,0.5185397043824196,0.4952082981665929,0.6191276386380196,0.2504211540023486,0.7270639489094416,0.4873323154946168,0.44638121376434964,0.3587931866447131,0.1372305223097404,0.17888467324276766,0.201807901263237,0.4101417572237551,-0.07931139816840489,-0.11139312510689099,0.46000637610753375,0.3979011190434297,0.4796395680556695
ERR3928964,1,-0.10034624580293894,-0.10814051640530427,-0.09386059207220872,-0.07195310217017929,-0.06834204929570357,-0.10208852713306744,0.10131939500570297,-0.11655662829677264,-0.07095356099307537,-0.1346356508632501,-0.06866371259093285,-0.08025769765178363,-0.10119911655783653,-0.07277614623308182,-0.015605748941500982,-0.1281986739486456,-0.025612764060497284,-0.00031075145428379375,0.051212346802155174,-0.045846189061800637,-0.04233711833755175,-0.06910880530873935,-0.11171383837548395,0.05625465698540211,-0.023165055861075718,0.006756647179524104,-0.14030575131376585,0.06490118716222544,0.054081267987688385,-0.06805479060858488,0.3038577064871788,0.03677977931996187,0.10764697194099426,0.3763053889075915,0.21010115121801695,0.10904302696386974,0.3406642073144515,0.39718488914271194,0.4598165287946661,0.0014041326940059662,0.33978736648956936,0.13392593587438265,0.2856983467936516,0.3366687123974164,0.11940372890482347,0.18725361302495003,0.21909432920316854,0.3863419418533643,0.28584160779913265,0.3152836288015048,0.17499904241412878,0.40762048835555714,0.17916188389062881,0.29283014436562854,0.17619943246245384,0.06135360524058342,0.048870987520786,0.2009383887052536,0.3355938109258811,-0.0636183163151145,-0.11582357933123906,0.33545411626497906,0.05519339255988598,0.19395021566500267
ERR3928965,1,-0.12259883123139541,-0.11540128228565057,-0.1003034779181083,-0.08342453876199822,-0.06860360627373059,-0.09705258347094059,0.08558843284845352,-0.11907203557590644,-0.05408022766156743,-0.1366226834555467,-0.0821190836528937,-0.06572388609250386,-0.11251224080721538,-0.10182135179638863,-0.03138800275822481,-0.12285258310536544,-0.02782419075568517,-0.030077170735845964,0.05088241212069988,0.00897970050573349,-0.017367016213635605,-0.020136717706918716,-0.0912311552092433,0.020693097884456318,-0.03933459768692652,0.016170825498799484,-0.11890217537681262,0.07116598170250654,0.06146786920726299,-0.07411242214341958,0.23016349668614566,0.03062676141659419,0.1394218417505423,0.39689382165670395,0.1466036563118299,-0.013171775887409845,0.23213598279592892,0.3239050041884184,0.46496425569057465,0.0736188143491745,0.36280116469909746,0.05122921119133631,0.2792882099747658,0.22665389316777387,0.09119499737183408,0.15769107112040123,0.23164290686448416,0.3482889210184415,0.24201070765654245,0.2687281978627046,0.07865982005993526,0.44021741424997646,0.17082695787151655,0.1449700246254603,0.15407564242680868,-0.008865011235078176,-0.03082771971821785,-0.003645791051288446,0.17134324461221695,-0.14749215791622797,-0.13090730458498,0.14606055120627084,0.09444058189789455,0.1770837086563309
ERR3928966,1,-0.11165699114402135,-0.12261146244903405,-0.09529235865920782,-0.08746629402351876,-0.08162371379633744,-0.0748585673669974,0.08220818017919858,-0.11287004811068375,-0.057324218874176346,-0.14632206658522287,-0.08727117876211803,-0.05443458824326323,-0.10830053500831127,-0.03945425276954969,-0.042187424997488655,-0.12887079160039625,-0.03329513221979141,0.010759603853027025,0.01983085771401723,0.03942990923921267,0.034018432100613914,-0.011256853428979715,-0.07382908246169488,0.08430972788967968,-1.2793888648351034e-05,0.0027482428898413977,-0.06031589776587983,0.1345023731313025,0.027101936439673107,-0.07579604148243864,0.2280209337671598,-0.024110824801027775,0.08319467430313428,0.24447187036275864,0.027684336217741173,-0.05086562658349673,0.12451141327619553,0.1805079832362632,0.3064456481758195,0.011927700291077295,0.27907981413106125,0.009550513699650764,0.14885282640655836,0.1241264979665478,0.00476762776573499,0.05863019513587157,0.08604568646599849,0.23782370487848917,0.1195639098683993,0.08840105930964152,-0.011202325423558554,0.26793841769297916,0.020073731740315754,-0.004141962776581447,0.02029863395728171,-0.07621803383032481,-0.09867647849023342,-0.023952874975899856,0.0037990001340707145,-0.1482346939543883,-0.12627126897374788,-0.02476297567288081,-0.051793815257648625,0.023961331384877365
ERR3928967,1,-0.12067733705043793,-0.1186882642408212,-0.10194663424044847,-0.07885163036795954,-0.07272436593969663,-0.10245402778188388,0.08008068675796191,-0.11219029128551483,-0.05691413333018621,-0.14352640633781752,-0.08746020247538884,-0.09727517903471987,-0.11039000873764356,-0.08386610820889473,-0.04980140800277392,-0.1242548474110663,-0.039432415117820106,-0.020490185357630253,0.01834198087453842,-0.010677214013412595,-0.03128638180593649,-0.05531760056813558,-0.10910657048225403,0.019174234320720036,-0.018081706017255783,-0.004644357909758885,-0.1091432881851991,0.0665825263907512,0.04107142426073551,-0.06301664700731635,0.25580842917164165,0.037904941166440644,0.10971465489516656,0.385637861986955,0.13640599946180978,-0.008750425030787786,0.23097626802821955,0.34068696076671284,0.48506078869104385,0.08762042969465256,0.3577377125620842,0.0673697181046009,0.2448266992966334,0.24136222332405546,0.06781182624399662,0.1487235271682342,0.22449879565586647,0.34386980906128883,0.2675297390669584,0.280782092983524,0.05346347515781721,0.45182222748796147,0.18789237240950266,0.14429226890206337,0.11576152872294188,-0.011980847145120302,-0.043555703635017075,0.056768797260398664,0.1288899121185144,-0.11471767413119476,-0.12639452889561653,0.09707339853048325,0.07755860810478528,0.1601579406609138
ERR3928968,1,-0.11355814686976373,-0.11308323902388413,-0.07250601643075545,-0.0608777585439384,-0.06442932008455197,-0.09969878569245338,0.07895040139555931,-0.10997775072852771,-0.05229748863105973,-0.12343911454081535,-0.07935144690175851,-0.12314578440661232,-0.07510655373334885,-0.12494130184253056,-0.057905014138668776,-0.10351282513389985,-0.04705627759297689,-0.023311534896492958,0.0779086290858686,-0.03279797484477361,-0.14804676175117493,-0.08488526629904906,-0.12083445644627015,-0.05264546349644661,-0.07193152109781902,0.016345279136051733,-0.153879776597023,0.01264780138929685,0.09087149053812027,-0.021890347202618916,0.27043978419775766,0.2878630881508191,0.4893987166384856,0.9525656898816427,0.5878609741727511,0.1510884709035357,0.643573043247064,0.7441034469132622,1.1968398752311866,0.354315052429835,0.6691109538078308,0.44532157108187675,0.6511152299741904,0.6540919362256924,0.3694690813620885,0.4866470027094086,0.797051165252924,0.7389472598830858,0.8115583738933007,1.0831798985600471,0.4358231381823619,1.2496283675233524,0.9337582588195801,0.7152727814391255,0.6728240338464578,0.37750670810540515,0.32841138262301683,0.4949007860074441,0.7264453917741776,0.11196901276707649,-0.06694250709066789,0.7302408913771311,0.8087007428208987,0.6569256732861201
ERR3928969,1,-0.11918940519293149,-0.11414019297808409,-0.07857032244404157,-0.06784287793561816,-0.06400205412258704,-0.10607379426558812,0.07432813569903374,-0.12002901484568913,-0.05055793390298883,-0.12254198640584946,-0.07850728308161099,-0.1182864389071862,-0.08543822976450126,-0.12731936698158583,-0.05901186726987362,-0.10981101356446743,-0.041974255815148354,-0.03747128446896871,0.05658480400840441,-0.01291015992561976,-0.1415338305135568,-0.08070375708242257,-0.12391310930252075,-0.04569026951988538,-0.06751907244324684,0.0053454054771767305,-0.156107181062301,0.02038317856689294,0.07203090935945511,-0.02802568394690752,0.24319366629545888,0.243132121860981,0.4210062511265278,0.8509131173292795,0.509358175098896,0.12260790293415387,0.5734022508064905,0.6824149523551265,1.0989014394581318,0.31878457839290303,0.6331497629483541,0.3949488587677479,0.5752654386063417,0.5793872596696019,0.3196878209710121,0.4279710381136586,0.6717400612930456,0.6960971603790919,0.7155335781474909,0.9725898479421934,0.3802901351203521,1.1235794660945733,0.818704458574454,0.6361407724519571,0.6124472146232923,0.3036106924215953,0.25559898641464923,0.4275933376823862,0.6235376931726933,0.03700783926372727,-0.09140916696439187,0.6388319643835226,0.6980968477825323,0.616924716780583
ERR3928970,1,-0.08743409738720705,-0.0910922484472394,-0.05165022285655141,-0.0031520508540173373,-0.08485131307194631,-0.07522629589463274,0.04818568689127763,-0.0037930657466252646,-0.0737821323176225,-0.11038627413411935,-0.07376812398433685,-0.0880823297581325,-0.04312666094241043,-0.09283108916133642,-0.016020828841040686,-0.08121606909359495,-0.05218820460140705,0.11415441427379847,0.13619966633753697,-0.09202616785963376,-0.13353707020481428,-0.10917108568052451,-0.09567157334337632,-0.0964269619435072,-0.1026442429671685,0.013719359723230204,-0.1054601650685072,-0.00838736817240715,0.1612423174083233,0.0860740349938472,0.3630307999749978,0.7777370298281312,0.7988558088739713,1.4193988939126332,1.0896585062146187,0.4685007606943448,1.1365718021988869,1.1119344631830852,1.9025196880102158,0.5676173827378079,0.8726129308342934,0.942025621732076,1.3788806945085526,0.9592147096991539,0.7939789816737175,0.9379072388013204,1.4909164185325305,1.0993553176522255,1.427385076880455,1.952742410202821,0.9267627149820328,1.8684444576501846,1.6152221287290256,1.3746709004044533,1.1505029338101547,0.9215902979485691,0.8486729813739657,1.2580037939672668,1.47886781518658,0.7388598805603882,0.3648218897481759,1.4260039776563644,1.4515100320180256,1.0186447637776535
ERR3928971,0,-0.06625293443600337,-0.07468316215090454,-0.07734557955215375,-0.0949237106833607,-0.0956760613868634,0.04815945401787758,0.10696298132340114,-0.10994143349428971,0.04017900427182516,-0.12712478823959827,-0.05179532741506895,0.0502030315498511,-0.10011514524618785,0.02983621632059415,0.05058769012490908,-0.11733407278855641,0.031206818918387096,0.1083074733808947,0.1801716759800911,0.128450577147305,0.1734049916267395,0.08432799577713013,0.04608533104571203,0.288432818527023,-0.005840698877970378,0.019748283550143242,0.007202184448639552,0.2500004917383194,0.03880864009261131,-0.10368662156785528,0.22063583259781203,-0.05115417391061783,0.04266648987929026,0.11920410146315892,-0.08912755238513152,-0.07614312196771304,0.0012408060332139332,0.02839717218497147,0.08374039114763339,-0.0756156990925471,0.1500792590280374,-0.04070022081335386,0.10508443601429462,-0.014267370415230593,-0.04313892871141434,-0.011283284053206444,-0.042686006519943476,0.05971220384041468,-0.038063811138272285,-0.05833317727471391,-0.07862547598779202,0.04052110109478235,-0.10442229484518369,-0.11868404162426789,-0.07205959223210812,-0.10772903636097908,-0.1168643484512965,-0.11901121493428946,-0.0559247521062692,-0.1495297613243262,-0.12090811754266421,-0.08727756515145302,-0.12468288155893485,-0.07780022531126936
ERR3928972,0,-0.017100560168425243,0.002388200412193934,-0.006017854747672875,-0.12504970949764052,-0.11760084144771099,0.2390653466184934,0.1199966799467802,-0.10505020742615064,0.10674208588898182,-0.0776165584102273,-0.04062281673153242,0.15059473986426988,-0.02456585814555486,0.14882184440890947,0.21961045016845068,-0.10743319584677617,0.042708282358944416,0.17371518009652695,0.33715941570699215,0.2438004525999228,0.20613174078365168,0.17655710938076177,0.1803019413879762,0.3594044214890649,0.06745782680809498,0.02513999119400978,0.16501850386460623,0.3567693481842677,0.06779391380647819,-0.10623515024781227,0.2172790840268135,-0.0991796354452769,0.08895460977995147,0.08192412819092472,-0.11700332661469777,-0.09810847043991089,-0.0551782101392746,-0.10585553493971626,-0.03517113594959179,-0.12659225861231485,0.11610408624013265,-0.00973546008268992,0.08349847172697385,-0.009830805162588755,-0.09029211103916168,-0.07433924451470375,-0.11945075169205666,0.006429051359494527,-0.1384339388459921,-0.07779773945609729,-0.10073022668560346,0.005226002385218938,-0.1165488672753175,-0.13952537874380747,-0.10210696173210938,-0.1208478348950545,-0.12773707074423632,-0.11278489045798779,-0.053284041583538055,-0.13267172873020172,-0.12720481554667154,-0.06611425429582596,-0.13228856648008028,-0.1253694575279951
ERR3928973,0,-0.06149110943078995,-0.05724517318109671,-0.08681044510255258,-0.10251932824030519,-0.09810319915413857,0.034568731052180134,0.096037191649278,-0.1178386223812898,0.03800735001762708,-0.1220150962471962,-0.04378302271167437,0.05972480649749438,-0.09335355088114738,0.011769846081733704,0.09442813756565253,-0.12472788120309512,0.041621251652638115,0.13235541138177118,0.22923060692846775,0.12494282176097234,0.10934647917747498,0.09028360868493716,0.058668283435205616,0.2314177912970384,0.05663845936457316,-0.01591030415147543,0.024423129856586456,0.22951881059755883,0.08384782324234645,-0.10439585739125808,0.28273899480700493,-0.04543209634721279,0.05571968605120977,0.1433514468371868,-0.07311018308003743,-0.07468467950820923,0.05208157297844688,-0.007498968547830979,0.05379517353139818,-0.10343208846946557,0.2036580586185058,-0.03372526913881302,0.19856551103293896,0.024056369438767433,-0.03838812684019407,0.022483924093345802,-0.018946855328977108,0.03054412469888727,-0.06442299112677574,-0.02948233609398206,-0.07981321463982265,0.036376054088274636,-0.055468082427978516,-0.11426324319715302,-0.01703620965903004,-0.10835032040874164,-0.09054715062181155,-0.12386115578313668,0.09969999144474666,-0.15210693329572678,-0.13624897847572962,-0.03711891919374466,-0.11249383973578612,-0.09531581991662581
ERR3928974,0,-0.08901999021569888,-0.11209546774625778,-0.08099899813532829,-0.07460529403761029,-0.0952526880428195,-0.058275701478123665,0.09762901316086452,-0.11557509439686935,0.06463127955794334,-0.1230628713965416,-0.07552987957994144,-0.005815647542476654,-0.10542836288611095,0.03477215766906738,0.004505773773416877,-0.11775640708704789,0.04758468363434076,0.10174098672966163,0.15392539898554483,0.09784688428044319,0.21380802368124327,0.014123606185118357,-0.015157466831927499,0.161422332127889,0.005144717171788216,0.013522906849781672,-0.0006406257549921671,0.3065875868002574,0.05251775123178959,-0.10382934054359794,0.18966451714125773,-0.06903839608033498,0.03346102808912595,0.09613019383201997,-0.09162069546679656,-0.07680716613928477,-0.0067434983017543955,0.07956472225487232,0.11822066828608513,-0.03234884887933731,0.15566557894150415,-0.030973038946588833,0.04544678842648864,-0.04424777626991272,-0.05943340311447779,0.0402943870673577,-0.01299478734532992,0.06065391004085541,-0.033924824402978025,-0.048182247982670866,-0.08311977858344714,0.0736823429663976,-0.09152304132779439,-0.1196648081143697,-0.08671974654619892,-0.11852487673362096,-0.11679549018541972,-0.09248198630909125,-0.10413658122221629,-0.14637770503759384,-0.11756341656049092,-0.08124872669577599,-0.12242089894910653,-0.09404174766192834
ERR3928975,0,-0.09390379364291827,-0.12134530643622081,-0.07705858970681827,-0.09222870420974989,-0.08972980019946893,-0.05019286088645458,0.06962199384967487,-0.11297055582205455,-0.0318411419672581,-0.13630817706386247,-0.09442462772130966,-0.0016042900582154591,-0.10581311707695325,0.0044686322410901385,-0.008049619694550833,-0.12685604517658552,-0.01619706302881241,0.04348039114847779,0.06764759154369433,0.07384614025553067,0.08041139940420787,0.007076043635606766,-0.04136917026092609,0.11438197533910473,0.019327643016974132,0.0004969343232611815,-0.008622729529937109,0.18831144521633783,0.054444910337527595,-0.08213266922393814,0.21564442043503126,-0.05931504939993223,0.06240744392077128,0.18833413099249205,-0.036557982520510755,-0.0785579855243365,0.039666455859939255,0.0695655041684707,0.14801213036601743,-0.013235372801621756,0.24756436701864004,-0.015774918099244434,0.15279761453469595,0.04465748555958271,-0.037900231778621674,0.03432300935188929,0.006983259071906407,0.13099081659068665,-0.01925097902615865,0.0570183340460062,-0.023942180598775547,0.18650157252947488,-0.050600711877147354,-0.08919332548975945,-0.02570803447936972,-0.11894895633061726,-0.1241157262896498,-0.09708106052130461,-0.025093985100587208,-0.15338393300771713,-0.12924004346132278,-0.04910376357535521,-0.10506947400669257,-0.05477815121412277
ERR3928976,0,-0.09413754567503929,-0.11280106132229169,-0.08415398808817069,-0.0970148725900799,-0.08827574116488297,-0.05109674918154875,0.07682585095365842,-0.10999325290322304,-0.05469430206964413,-0.13861283411582312,-0.0894661471247673,-0.0039378805086016655,-0.10840994274864595,-0.010971148808797201,-0.009758452574412027,-0.12254249056180318,-0.012808719029029211,0.01954734946290652,0.045060525415465236,0.07118350267410278,0.047079555690288544,0.011156694342692694,-0.04355591256171465,0.11372963696097334,0.00042664508024851483,0.003910609520971775,-0.03661250571409861,0.15037928614765406,0.03650735877454281,-0.08627139241434634,0.20623382615546385,-0.03750297613441944,0.08617809787392616,0.21134229004383087,-0.010013026495774588,-0.05861899070441723,0.05881890716652075,0.1259246493379275,0.2037330442108214,-0.007622779657443364,0.2568649711708228,-0.007523215686281522,0.14249143625299135,0.08073565488060315,-0.017239684859911602,0.009221887836853663,0.01754007612665494,0.2047339944789807,0.025387557844320934,0.06445917735497157,-0.006384685635566711,0.21243979036808014,-0.029641852403680485,-0.016928951255977154,-0.008987576235085726,-0.08651769657929738,-0.09472324357678492,-0.08946335478685796,-0.004842122395833333,-0.1545413633187612,-0.13092307560145855,-0.030725387235482533,-0.07258826044077675,0.01875169047464927
ERR3928977,0,-0.09042538329958916,-0.11880587786436081,-0.09237751426796119,-0.09514724595161776,-0.08815607366462548,-0.09025682229548693,0.07279881586631139,-0.11378900830944379,-0.06256300339009613,-0.1420802908639113,-0.08526230106751125,-0.033901184991312526,-0.11016083260377248,-0.033823661506175995,-0.01296182225147883,-0.12501784910758337,-0.029473766684532166,-0.016671483501947176,0.04632203715542952,0.01760542392730713,-0.022367209506531555,-0.0070825491566210985,-0.08501256164163351,0.09504876219822715,0.001833353191614151,-0.010404923930764198,-0.062498083959023155,0.13417802937328815,0.04012186328570048,-0.07237175603707631,0.2212395458482206,-0.01906413398683071,0.08789247817670305,0.2879200304547946,0.07141662326951821,-0.017219525451461475,0.11341368251790603,0.15343547922869524,0.26867064957817394,0.005784559994935989,0.2957334679861863,0.0064600929617881775,0.21556794022520384,0.2061273412158092,0.023544760420918465,0.01329232178007563,0.056986031432946525,0.2792060300707817,0.12689445540308952,0.16423275570074716,0.03715050717194875,0.3263344503939152,0.03958293190225959,0.0807110754152139,0.0578508706142505,-0.054000090807676315,-0.05912896121541659,-0.057702142745256424,0.10109561185042064,-0.1474290390809377,-0.13874755861858526,0.05118501683076223,-0.016118003676335018,0.09868253829578559
ERR3928978,0,-0.10383610427379608,-0.10958486733337243,-0.0865195378040274,-0.08816699132633705,-0.09039757028222084,-0.06212728098034859,0.09337458511193593,-0.11393122871716817,-0.03365690090383092,-0.1374792717397213,-0.06569067637125652,0.027653733889261883,-0.10711936342219512,-0.005415601034959157,0.002864429106314977,-0.12802646836886802,0.022854391485452652,0.05965045311798652,0.0798647366464138,0.09387149537603061,0.145147035519282,0.04351254335294167,0.009440600716819366,0.10039205787082513,-0.010812462617953619,0.01721507745484511,-0.02487688511610031,0.2444996734460195,0.021814257527391117,-0.09323645817736785,0.18109491653740406,-0.05868529838820299,0.09524153669675191,0.1313431019273897,-0.07451898480455081,-0.09023648376266162,-0.0003129430115222931,0.0813442338258028,0.1460079476237297,0.020748067026336987,0.2106431390469273,-0.04043371106187502,0.08641849582393964,-0.010749482768005691,-0.01696544885635376,-0.00019319914281368256,-0.011933932701746622,0.11292961798608303,-0.005345108608404796,0.012535614892840385,-0.06503807504971822,0.1023483391230305,-0.06288490196069081,-0.12109129130840302,-0.05834003072232008,-0.11624073361357053,-0.1281759754444162,-0.10511102201417089,-0.1015196864803632,-0.15246179948250452,-0.11834677432974179,-0.06025586587687334,-0.10772500652819872,-0.07298238947987556
ERR3928979,0,-0.08113156507412593,-0.11840361589565873,-0.08936139848083258,-0.0922229162727793,-0.09016300489505132,-0.03138747873405615,0.09031320984164874,-0.11429091108342011,0.0091705322265625,-0.14646009976665178,-0.05188668891787529,-0.06699672838052113,-0.101357975974679,-0.005763730655113856,-0.017957850669821102,-0.1185556473210454,0.0053481074670950575,0.05473728897050023,0.06718460594614346,0.050194669514894485,0.027495699003338814,0.019613929092884064,-0.07929487619549036,0.1986304378757874,-0.007839132100343704,-0.010050521057564765,-0.04801501892507076,0.15233401705821356,0.028729330748319626,-0.08017002418637276,0.2691376656293869,0.007947522681206465,0.023262398938337963,0.22307349493106207,0.008300432314475378,-0.042415411521991096,0.12247311944762866,0.1314903541157643,0.21082599406751493,-0.037505265325307846,0.20080680648485819,-0.0021704286336898804,0.1480756364762783,0.11088255940315624,0.020317252725362778,0.037538801319897175,0.08176181465387344,0.14260492473840714,0.11435689404606819,0.007097348570823669,-0.028424698238571484,0.16139011333386102,-0.019552137702703476,-0.025440648198127747,-0.00224163755774498,-0.1095954179763794,-0.09643470992644627,-0.05474335110435883,0.0439132551352183,-0.12333406352748473,-0.13101536656419435,-0.043906444683671,-0.07091077541311581,-0.017709783860482275
ERR3928980,0,-0.11022666872789462,-0.1150774247944355,-0.09028844814747572,-0.03205456677824259,-0.07637021411210299,-0.1080805342644453,0.091798085719347,-0.10326565429568291,-0.06526918212572734,-0.11489522581299146,-0.0880094204718868,-0.14160294830799103,-0.10338268304864566,-0.07920252780119579,-0.061955951154232025,-0.12735905684530735,0.018514574505388737,0.016973447054624557,0.018694660005470116,-0.04506737614671389,0.10727942610780399,-0.10322844260372221,-0.09887333674123511,-0.002750461300214132,0.0030159689486026764,-0.0015547797083854675,-0.1428745143736402,0.0648042360941569,0.054826813439528145,-0.035191891404489674,0.2485398712257544,0.10137492418289185,0.0524863259245952,0.32461050649483997,0.11694009850422542,0.018112201243638992,0.3047247839470704,0.4719802603746454,0.4696559359629949,0.03519620870550474,0.2560879538456599,0.13642554730176926,0.19498263796170553,0.2617198054989179,0.1122621726244688,0.30015949811786413,0.2712554006526868,0.2990466983367999,0.2872140381174783,0.3184845211605231,0.046993727485338845,0.26370176672935486,0.20064585904280344,0.03190738459428152,0.0319403912872076,-0.06909940391778946,-0.08362291431209694,0.04270681428412596,0.08528572817643483,-0.08267643426855405,-0.11366416762272517,0.0695134773850441,-0.0035255911449591317,0.050188239042957626
ERR3928981,0,-0.11448654532432556,-0.11461630463600159,-0.08989489544183016,-0.036881666940947376,-0.07428282840798299,-0.09680852045615514,0.09747874364256859,-0.10236283764243126,-0.05481434683315456,-0.11247682571411133,-0.09062997531145811,-0.14541037504871687,-0.10029726692785819,-0.10114643722772598,-0.058937774039804935,-0.1242853415509065,0.01976066951950391,0.012569483369588852,0.006026133894920349,-0.04983816668391228,0.09110189974308014,-0.10909504381318887,-0.09446691302582622,-0.01944759488105774,-0.0011482040087382,0.001840269813934962,-0.1352968206629157,0.058353932884832226,0.04788554087281227,-0.03503263679643472,0.24258972828586897,0.1250811330974102,0.07981363218277693,0.35743923236926395,0.13091932609677315,0.01504358338812987,0.31618931028060615,0.4961462176094453,0.5226980882386366,0.04542857718964418,0.2869664678970973,0.14759533976515135,0.20335455735524496,0.26821176211039227,0.13070044293999672,0.33371463386962813,0.3104434721171856,0.31684134776393574,0.30979680735617876,0.3372736722230911,0.055582091212272644,0.30702807009220123,0.24381925414005914,0.04663922140995661,0.036337511613965034,-0.0715855173766613,-0.06663399701938033,0.06280816035966079,0.08570566618194182,-0.0743560679256916,-0.10951455185810725,0.07680880775054295,0.0483593096335729,0.07072146919866402
ERR3928982,0,-0.07989750802516937,-0.07159192611773808,-0.09069548485179742,-0.09992030107726653,-0.09925252074996631,0.03570160688832402,0.12411617736021678,-0.10854010780652364,-0.010354875276486078,-0.13541619728008905,-0.047368659327427544,0.05748776843150457,-0.09444177523255348,0.03673934688170751,0.04088978717724482,-0.10560160937408607,0.020079283664623897,0.06266980618238449,0.14467833066980043,0.10984634980559349,0.13078396767377853,0.09425042880078156,0.06807533279061317,0.28799380362033844,0.008542375018199285,-0.003154925381143888,-0.02634632835785548,0.1998031735420227,0.015842898438374203,-0.11266303124527137,0.21095002923781672,-0.033013579746087394,0.07261309772729874,0.1650293655693531,-0.04539438150823116,-0.06857429010172685,0.03429794513309995,0.040758502980073295,0.11896816454827785,-0.08115425085028012,0.13664542883634567,-0.041312314569950104,0.13449018200238547,0.02356317743154553,-0.04427958528200785,-0.0644681341946125,-0.027185712630550068,0.10678947220245998,-0.01565699651837349,-0.0431681745685637,-0.06098891297976176,0.052406383057435356,-0.08087208494544029,-0.06504971161484718,-0.05261192936450243,-0.09993719247480233,-0.08551744433740775,-0.11370606472094853,-0.034156826635201774,-0.15202428648869196,-0.12966455146670341,-0.07656494613426428,-0.10773627646267414,-0.012494383845478296
ERR3928983,0,-0.10365693519512813,-0.11241553847988446,-0.09985934585953753,-0.08941187080927193,-0.07914663044114907,-0.06896366427342097,0.08678271993994713,-0.11612211788694064,-0.019406090800960858,-0.15169739971558252,-0.07012241582075755,-0.056005388498306274,-0.11039727739989758,-0.06494295721252759,0.012097075503940383,-0.10922861782213052,0.003826696425676346,-0.013638952436546484,0.053207979227105774,0.03822973618904749,-0.03643548473094901,-0.0016935767683510978,-0.08312295315166314,0.09618495909186701,-0.019311487674713135,-0.008317052231480679,-0.0750432014465332,0.10149662592448294,0.05441176829238733,-0.09334757551550865,0.27023204664389294,0.02654337262113889,0.0894362802306811,0.30803971116741496,0.052596185356378555,-0.021000816797216732,0.17901876925801238,0.2021634088208278,0.3386116164426009,-0.0026440266519784927,0.31841086223721504,0.0072146666546662646,0.2652031381924947,0.1921475057800611,0.0735841488931328,0.09428788147245844,0.16295434286197027,0.24345469304050008,0.18549701819817224,0.1091919019818306,0.019657301406065624,0.3391258257130782,0.09222205402329564,0.08751216034094493,0.08643585195144017,-0.07207213590542476,-0.017233476663629215,-0.03575799334794283,0.17592575401067734,-0.13405011718471846,-0.13742123544216156,0.07025917805731297,0.03212897107005119,0.11395974550396204
ERR3928984,0,-0.09281749526659648,-0.10081746708601713,-0.09542807843536139,-0.09382060868665576,-0.08513234369456768,-0.006717745214700699,0.090227456142505,-0.11331394128501415,-0.004089255817234516,-0.14505196238557497,-0.06042494749029478,-0.010444818685452143,-0.11388451978564262,-0.04574378455678622,0.04557056352496147,-0.11408160192271073,0.016866573443015415,0.025747469315926235,0.09265917539596558,0.08654760693510373,0.04381063487380743,0.03088024506966273,-0.015347446004549662,0.1453080978244543,-0.01554803674419721,-0.017708518852790196,-0.0309220259077847,0.17442671271661916,0.055535064389308296,-0.10427222478513916,0.26470051096597064,-0.009843941157062849,0.08508794754743576,0.22804727017258605,-0.030618066472622257,-0.06672735636432965,0.11194531464328368,0.09361348673701286,0.23512438839922348,-0.0405681241924564,0.28497180094321567,-0.012388944625854492,0.23938983554641405,0.09857994690537453,0.02554640049735705,0.07053157221525908,0.0785040408372879,0.13773148724188408,0.08007215211788814,0.028827277322610218,-0.03200531999270121,0.22400702411929765,0.011677569399277369,-0.03956475667655468,0.03647730561594168,-0.11352221543590228,-0.06578816269272163,-0.1111154779791832,0.09207353089004755,-0.15594654033581415,-0.13427316273252168,0.004296900083621343,-0.03867409440378348,0.001831247005611658
ERR3928985,0,-0.0597512386739254,-0.05759031853328148,-0.08275602478533983,-0.09830856804425518,-0.09422165652116139,0.04799840723474821,0.09611882517735164,-0.10583145481844743,0.03293892710159222,-0.12014272188146909,-0.05596525346239408,0.047844541569550834,-0.10258865946282943,0.004359268893798192,0.13718315462271372,-0.11611551170547803,0.04082133248448372,0.09041805130740006,0.2240072675049305,0.17307899643977484,0.11633528086046378,0.08839259296655655,0.0789719894528389,0.21922813976804414,0.016307545204957325,6.665661931037903e-05,0.03650884578625361,0.2839852791900436,0.07744534499943256,-0.11690382131685813,0.2536248384664456,-0.05550981437166532,0.06051930164297422,0.14007573140164217,-0.09896989166736603,-0.08892717398703098,0.03938214915494124,-0.0031882296316325665,0.07941393988827865,-0.08868548025687535,0.2029670337215066,-0.028763721386591595,0.18278459707895914,0.01992373187871029,-0.02391846850514412,0.04002759326249361,-0.013186623031894365,0.045029532785216965,-0.03291077415148417,-0.04959400494893392,-0.07308149089415868,0.06575815379619598,-0.06808358430862427,-0.11177137583338966,-0.013367450485626856,-0.11187086502710979,-0.10351143684238195,-0.11755503248423338,0.045970906813939415,-0.14738250399629274,-0.1252762166162332,-0.014154563890770078,-0.10677673729757468,-0.1009135361139973
ERR3928986,0,-0.08870194479823112,-0.09885711684910348,-0.09595980184773605,-0.09331436889866988,-0.0818123600135247,-0.024955136080582935,0.09541390587886174,-0.11362367185453574,-0.010226892307400703,-0.14679643139243126,-0.056602795918782554,-0.010972938810785612,-0.11222191341221333,-0.04162256047129631,0.05433585246404012,-0.11171284007529418,0.02587472026546796,0.0183722631384929,0.10109645997484525,0.08167889962593715,0.03326823189854622,0.03900370250145594,-0.021508475455145042,0.15823685129483542,-0.017126329243183136,-0.009416408526400724,-0.043958882335573435,0.16140393602351347,0.06085692159831524,-0.107011685691153,0.25705815603335697,-0.0036849574632166573,0.08047116671999295,0.22193003872719905,-0.02841685339808464,-0.05022865595916907,0.11344854983811577,0.10850730103751023,0.2029084917739965,-0.052932571697359286,0.2697983334461848,-0.02342991530895233,0.24535234769185385,0.10398823643724124,0.032144070913394295,0.059952475130558014,0.05958200121919314,0.14974529668688774,0.07717295115192731,0.024921156155566376,-0.02926756131152312,0.20377822344501814,0.001009448120991389,-0.011709156446158886,0.03673332200075189,-0.10018891592820485,-0.05671489673356215,-0.10750847899665435,0.1184948484102885,-0.15276480466127396,-0.13774321849147478,0.017160629232724506,-0.04687459394335747,0.03214721226443847
ERR3928987,0,-0.06457942475875218,-0.06288719105456646,-0.08801820874214172,-0.09757683340770502,-0.09372531250119209,0.04494498111307621,0.09250136589010556,-0.1099523554245631,0.041458098528285824,-0.12317870929837227,-0.0595908078054587,0.05647261316577593,-0.1060713028612857,0.007116248210271199,0.14581993967294693,-0.11303878761827946,0.032762229442596436,0.09717008704319596,0.22202710310618082,0.17252241191454232,0.14282358810305595,0.0902594563861688,0.07782074188192685,0.20692923913399378,0.010216107591986656,0.0033246654396255813,0.032034438103437424,0.2720295762022336,0.07108115839461486,-0.11445345170795918,0.25505192826191586,-0.05101970707376798,0.06876244023442268,0.15017231615881124,-0.08835538725058238,-0.09179167201121648,0.03788388272126516,-0.00043637678027153015,0.08820629927019279,-0.08739372218648593,0.2114009860282143,-0.025736895700295765,0.1753724173953136,0.021341992542147636,-0.02275272086262703,0.03934037437041601,0.000879547248284022,0.039519667625427246,-0.031217940151691437,-0.043629792829354606,-0.07232399533192317,0.06105326612790426,-0.060317465414603554,-0.11245503412404408,-0.007834443201621374,-0.11479380664726098,-0.10646602527413052,-0.11781890069444974,0.034421647588411965,-0.15092804034550986,-0.1273299977183342,-0.018583135058482487,-0.09858401057620843,-0.10441991360858083
ERR3928988,0,-0.0843765599032243,-0.09459101300065716,-0.0956612794349591,-0.09305394720286131,-0.08251444374521573,-0.013266985615094503,0.09371013691027959,-0.11335938734312852,0.005868184690674146,-0.14421757558981577,-0.054884487142165504,-0.003185043732325236,-0.11652893821398418,-0.0497079702715079,0.06556384017070134,-0.11084957917531331,0.0322815477848053,0.026817232370376587,0.12745050465067229,0.09594915683070819,0.0365221823255221,0.04980787386496862,-0.013461274094879627,0.1770746229837338,-0.018099309255679447,-0.009270019518832365,-0.037714303160707154,0.15756851465751728,0.06661256402730942,-0.10693910896467666,0.2650217693299055,0.0031139537071188292,0.07660220315059026,0.22804807164720842,-0.020168033428490162,-0.04618176445364952,0.12749306805199012,0.10218475572764874,0.19598904252052307,-0.05335645982995629,0.25970060502489406,-0.023946522424618404,0.25381560375293094,0.10243347038825353,0.04256706622739633,0.0723850183809797,0.07067295536398888,0.1358247815320889,0.07993198186159134,0.019989995285868645,-0.026823532457153004,0.20261232927441597,0.015578245123227438,-0.013696408830583096,0.03920366343421241,-0.10065471132596333,-0.0514701638991634,-0.11296040037026008,0.13158011684815088,-0.15483253200848898,-0.13786995535095534,0.02339488019545873,-0.03761837258934975,0.030689708578089874
ERR3928989,0,-0.09323160474499066,-0.10254569184811164,-0.09779786116754015,-0.09059614936510722,-0.08135522591571014,-0.03320593138535818,0.09523731966813405,-0.11320906567076842,-0.00012487731873989105,-0.1478796936571598,-0.058495319137970604,-0.03613269701600075,-0.11566710161666076,-0.05701182410120964,0.05064752201239268,-0.10801260359585285,0.02356478696068128,0.007274842510620753,0.08362764935009181,0.05883032952745756,0.007458306849002838,0.02571696136146784,-0.04825694548587004,0.15742743449906507,-0.029341280460357666,-0.01603371308495601,-0.05381779745221138,0.13301500088224807,0.06013562778631846,-0.09917616657912731,0.2639975024697681,0.03325494502981504,0.07571227972706158,0.2660025259635101,0.013921147755657634,-0.03650485413769881,0.16452010441571474,0.15466001816093922,0.2766483637193839,-0.025626373787720997,0.28399758289257687,-0.008446070598438382,0.2670348472893238,0.1316177248954773,0.06443476987381776,0.09184856650729974,0.12159359827637672,0.17649121396243572,0.15124287580450377,0.05870783385277415,-0.009993772953748703,0.2657380091647307,0.06066332571208477,0.03394221017758051,0.06977277000745137,-0.0970336114987731,-0.038181660075982414,-0.08312625500063102,0.1610038826862971,-0.14741345619161925,-0.1376392145951589,0.03299664333462715,0.004542150845130284,0.0755452886223793
ERR3928990,0,-0.06508481316268444,-0.10607403206328551,-0.08912897637734811,-0.07588563789613545,-0.08039017828802268,-0.102594838788112,0.0906287208199501,-0.10316000133752823,-0.023017140726248424,-0.15075460448861122,-0.06459320336580276,-0.06583542128403981,-0.09081228301511146,-0.008341883619626364,0.011764919385313988,-0.09878794848918915,-0.01154197504123052,-0.016271118074655533,0.04698600759729743,0.007191691547632217,-0.05650900428493818,-0.012022148817777634,-0.09449333534575999,0.12899219120542207,0.039296071976423264,-0.011915546686698994,-0.06733775759736697,0.11408388676742713,0.04715804010629654,-0.09458894344667594,0.3039694121107459,-0.037298557658990227,0.12030988931655884,0.2684328018222004,0.12838130940993628,0.032781388610601425,0.16253776103258133,0.19130207846562067,0.3003412149846554,-0.025561778495709103,0.28863190735379857,0.023065941253056128,0.2479932208855947,0.20167267446716627,0.11032643945266803,0.0653040202644964,0.10249466107537349,0.23773614193002382,0.20829484363396963,0.17802154645323753,-0.023846020301183064,0.3252803621192773,0.012250569959481558,0.14827993139624596,0.05314034161468347,-0.05427334023018678,0.009365870927770933,0.04033254863073429,0.21971715862552324,-0.10100596522291501,-0.13413677737116814,0.12906807785232863,-0.011909266312917074,0.12910062788675228
ERR3928991,0,-0.07405070463816325,-0.09357293198506038,-0.08874867483973503,-0.09449674049392343,-0.08763404997686546,-0.015177288403113684,0.08833849057555199,-0.11339387608071168,-0.02588642140229543,-0.14167124902208647,-0.05427043760816256,0.026040008291602135,-0.10586448180644463,-0.011284522712230682,0.05382774273554484,-0.111663984755675,0.02458137273788452,0.06673306599259377,0.128914725035429,0.08527259156107903,0.08197994902729988,0.060679333905378975,0.01153472096969684,0.18050135780746737,0.003766227513551712,-0.010648405800263086,-0.017444801827271778,0.1890679377441605,0.06872336814800899,-0.1057292316108942,0.27362983487546444,-0.03897966599712769,0.06901054829359055,0.17011072502161065,-0.05800332206611832,-0.04657243502636751,0.07302225629488628,0.04986711964011192,0.12861785168449083,-0.08134595553080241,0.23552151521046957,-0.027992325524489086,0.20566838731368384,0.05279053778698047,-0.011488132178783417,0.03630349412560463,-0.0009752558544278145,0.11357765893141429,0.01233372837305069,-0.01167481237401565,-0.045125029825915895,0.12876800820231438,-0.06096090003848076,-0.06378433636079232,0.011711951345205307,-0.10459285477797191,-0.08327018034954865,-0.11138522159308195,0.10080904513597488,-0.15067070225874582,-0.13398160288731256,-0.021239965533216793,-0.08718437142670155,-0.02939529422049721
ERR3928992,0,-0.08689623574415843,-0.09118039005746444,-0.09129308133075635,-0.09288283189137776,-0.0904369813700517,-0.00497787818312645,0.08468250681956609,-0.11447508012255032,0.02022225223481655,-0.13841220860679945,-0.06273771077394485,0.00010901006559530894,-0.1115312681843837,-0.026080433279275894,0.06728179900286098,-0.11426100445290406,0.017397382607062657,0.05982588852445284,0.14962321581939855,0.11681160082419713,0.07540209591388702,0.04929980511466662,0.02018450976659854,0.1569245345890522,0.014529428134361902,-0.0042264144188569235,0.0032743684326608977,0.2179630839576324,0.07513018883764744,-0.10555911902338266,0.26321749947965145,-0.035022422671318054,0.07164597138762474,0.17257175967097282,-0.05739385634660721,-0.08083298990580563,0.08384829324980576,0.03418996371328831,0.1511069486538569,-0.07070518797263503,0.252760611474514,-0.021687171111504238,0.2167748659849167,0.0524611696600914,0.004804794366161029,0.07235264126211405,0.04256404315431913,0.07302002608776093,0.022519941131273907,-0.00609056248019139,-0.06217805792888006,0.1390793981651465,-0.030824063966671627,-0.08401418927436073,0.017294364670912426,-0.11906464832524459,-0.09261916019022465,-0.1171479041998585,0.07709786047538121,-0.15509222944577536,-0.13486156488458315,0.00015498697757720947,-0.07553955910649772,-0.07036967234065135
ERR3928993,0,-0.0325674240787824,-0.07100342959165573,-0.024246638019879658,-0.1060915357278039,-0.10775434163709481,0.055975414191683136,0.11513448754946391,-0.10290652886033058,0.03573221690021455,-0.11398584170577426,-0.056539578984181084,0.08427643155058225,-0.0600838636358579,0.11946768313646317,0.06827358528971672,-0.10402712536354859,0.03089007645030506,0.14747812071194252,0.16758926709493002,0.16088567301630974,0.21334036936362585,0.12595041344563165,0.0884230515609185,0.28983477999766666,0.051322378839055695,0.02368387145300706,0.0631072831650575,0.2917003193870187,0.032757533714175224,-0.10099151668449242,0.21967887009183565,-0.09345954346160094,0.057129486153523125,0.09926735485593478,-0.10900990944355726,-0.08080663128445546,-0.06817609537392855,-0.031556096471225224,-0.037648871541023254,-0.09623572401081522,0.1243974690635999,-0.04320927212635676,0.07544610338906448,-0.05152620996038119,-0.0815059741338094,-0.059335934619108834,-0.1196061559021473,0.036179520189762115,-0.10308892652392387,-0.06465611467137933,-0.089346577723821,0.00023445983727773032,-0.11940817534923553,-0.1294189654290676,-0.09157566105326016,-0.11535999551415443,-0.12481823128958543,-0.11822102529307206,-0.06513615449269612,-0.14176991706093153,-0.1254273566106955,-0.08635118355353673,-0.12962856516242027,-0.08956143694619338
ERR3928994,0,-0.03901932636896769,-0.05182018193105856,-0.028423432881633442,-0.10764065439191957,-0.11031927727162838,0.10402068123221397,0.11741490413745244,-0.10093316327159603,0.0702678095549345,-0.10319096393262346,-0.05734770620862643,0.11331883942087491,-0.06717459857463837,0.12105797293285529,0.13159401466449103,-0.10738872985045116,0.05015999063228568,0.1754970857873559,0.25030572215716046,0.21222923944393793,0.2588503137230873,0.14313494584833583,0.1338679784288009,0.31438368062178296,0.0395381444444259,0.03903647628612816,0.08113985011974971,0.32827066878477734,0.035284011935194336,-0.10766638722270727,0.2099724461634954,-0.09212107459704082,0.05311666366954645,0.09235360380262136,-0.1326758430028955,-0.09636276277403037,-0.0736620919778943,-0.051908101265629135,-0.05320828780531883,-0.10428223324318726,0.11496821790933609,-0.034262098371982574,0.06320050917565823,-0.06414616045852502,-0.09450062115987141,-0.05500437070926031,-0.1139521412551403,0.01218911757071813,-0.12485148734413087,-0.08614195697009563,-0.09248121455311775,-0.013830073391242573,-0.11937174449364345,-0.1451139785349369,-0.10006468122204144,-0.11682905443012714,-0.1289890892803669,-0.11162056090931098,-0.08604643493890762,-0.1388751727839311,-0.12003433766464393,-0.07991553222139676,-0.13387028935054937,-0.11496711025635402
ERR3928995,0,-0.02098699410756429,-0.027368157481153805,-0.015526880199710527,-0.11238195149538417,-0.11281205962101619,0.13932769124706587,0.12841900872687498,-0.09791109074528019,0.10674872187276681,-0.08960838856485982,-0.047811600069204964,0.1449164835115274,-0.053395225356022515,0.15204867658515772,0.17690519243478775,-0.09924373651544253,0.06812181603163481,0.2042056197921435,0.31501101329922676,0.246163634583354,0.295013003051281,0.17424438680366924,0.16260956165691218,0.3536190881083409,0.04729096032679081,0.038615177695949875,0.10177551194404562,0.36534833007802564,0.03695849639674028,-0.11195521615445614,0.20701599990328154,-0.09297576049963634,0.04373325236762563,0.08172205773492654,-0.13986430006722608,-0.09818227402865887,-0.08772685751318932,-0.06291130185127258,-0.07203127754231294,-0.11477943269225459,0.09632307663559914,-0.04202434172232946,0.05434722391267618,-0.07392881313959758,-0.10310141990582149,-0.05589458843072256,-0.12681172043085098,-0.004496716583768527,-0.13440934444467226,-0.09302460961043835,-0.10057675714294116,-0.029378509148955345,-0.12125980605681737,-0.14763162160913149,-0.10764303260172407,-0.11425316457947095,-0.12728727360566458,-0.10579001251608133,-0.08752926314870517,-0.13235641519228616,-0.11676156272490819,-0.08535880409181118,-0.13266142643988132,-0.1202922190229098
ERR3928996,0,-0.016077827662229538,-0.00775877262155215,-0.020217105746269226,-0.11090088325242202,-0.11165041538576286,0.18387780462702116,0.13178447323540846,-0.09720774755745272,0.11375433827439944,-0.09228817140683532,-0.04603945588072141,0.16152657816807428,-0.039195419599612556,0.1514092804864049,0.21801133702198663,-0.10383546352386475,0.053719254210591316,0.178071399529775,0.32445509110887844,0.2173411324620247,0.29068748901287716,0.17689855551968017,0.16075499231616655,0.3611392496774594,0.049893610800306,0.030926982251306374,0.12575510347960517,0.4007039722055197,0.03794896540542444,-0.1145113855600357,0.2056126445531845,-0.09925854268173377,0.06705576088279486,0.08322802682717641,-0.13116072273502746,-0.10183238858977954,-0.08162100737293561,-0.05324869230389595,-0.047518340249856315,-0.11428947172438104,0.10460134595632553,-0.03874065230290095,0.06044635425011317,-0.0761389434337616,-0.09915233651796977,-0.05554714985191822,-0.11843663454055786,-0.00301091435054938,-0.12387466585884492,-0.09165128817160924,-0.11204655468463898,-0.014457510163386663,-0.11968580695490043,-0.14376860484480858,-0.09932041044036548,-0.1130330500503381,-0.1337309634933869,-0.10316293345143397,-0.08973469585180283,-0.1358226810892423,-0.11366655056675275,-0.08252961064378421,-0.13451041529575983,-0.12328841273362438
ERR3928997,0,-0.02363545447587967,-0.035289424781998,-0.014387003456552824,-0.1125545611915489,-0.11258064831296603,0.13440285250544548,0.13180695287883282,-0.09546615959455569,0.09701936257382233,-0.09235242397213976,-0.045311582585175834,0.13959478214383125,-0.0582159956296285,0.1467486052424647,0.16450168937444687,-0.09841772230962913,0.06657366671909888,0.2003956399857998,0.2984704648454984,0.2478285344938437,0.29884551962216693,0.17396709540237984,0.1661813116321961,0.3595953043550253,0.040470401446024575,0.043362056370824575,0.09239097684621811,0.3516545897970597,0.03067317170401414,-0.11103533705075581,0.2007249885549148,-0.08858843892812729,0.04187556014706691,0.08429239007333915,-0.13874425056080023,-0.09604203204313914,-0.08682708193858464,-0.06108613188068072,-0.07216223701834679,-0.11054639083643754,0.09010260303815205,-0.04484229286511739,0.05153323523700237,-0.07417695596814156,-0.09974146137634914,-0.06336749469240506,-0.12805115431547165,0.0003394065424799919,-0.13202457378307977,-0.09521181446810563,-0.09652852639555931,-0.03714012106259664,-0.12234197681148846,-0.14604860047499338,-0.11178505537100136,-0.1139298789203167,-0.12650203270216784,-0.1079705711454153,-0.09287734950582187,-0.13211237204571566,-0.11739042152961095,-0.08860419876873493,-0.1329047071437041,-0.11540210743745168
ERR3928998,0,-0.02959152062733968,-0.041528768837451935,-0.02251968967417876,-0.11343707602160673,-0.11044879195590813,0.12588765347997347,0.12780026098092398,-0.09888612960154812,0.07004154504587252,-0.09982989480098088,-0.050423032293717064,0.12859005108475685,-0.06333326051632564,0.13044306791077057,0.1534997746348381,-0.1045676392192642,0.056365764719278864,0.1834699328367909,0.27030938615401584,0.21671340242028236,0.27232712010542554,0.1587244893113772,0.15353799735506377,0.33091578135887784,0.031113140285015106,0.03733582142740488,0.08212794239322345,0.33208984540154535,0.032927898690104485,-0.11230871143440406,0.20466793328523636,-0.08640218960742156,0.051259117744242154,0.0861907284706831,-0.13273431298633417,-0.09666831667224567,-0.07575822994112968,-0.05443375247220198,-0.061591083804766335,-0.10281881410628557,0.11377258350451787,-0.0430817777911822,0.07224271694819133,-0.06672753517826398,-0.09321603675683339,-0.055330262829860054,-0.12265576794743538,0.011162366407612959,-0.12808244954794645,-0.08202229688564937,-0.08896345769365628,-0.01866857831676801,-0.12428093453248341,-0.14392438034216562,-0.10065293249984582,-0.1152099072933197,-0.12655841869612536,-0.11090486869215965,-0.07549913227558136,-0.13430853933095932,-0.11990053951740265,-0.08184400821725528,-0.1340462490916252,-0.11136898708840211
ERR3928999,0,-0.04860913008451462,-0.0687473143140475,-0.04802525416016579,-0.10869930560390155,-0.10454226285219193,0.054980076073358454,0.11608319977919261,-0.10162351621935765,0.006057562306523323,-0.11501369501153628,-0.054231145729621254,0.08056326707204182,-0.08793645724654198,0.08211256687839825,0.07712669173876445,-0.10692825044194858,0.04449829117705425,0.12584961081544557,0.18076053261756897,0.15986868987480798,0.1978140026330948,0.12612329283729196,0.08510266741116841,0.28821141893665,0.01570197318991025,0.02691689319908619,0.02430798610051473,0.25413372833281755,0.03133150438467661,-0.10584979706133406,0.20180817817648253,-0.06858426580826442,0.052352262660861015,0.11867933347821236,-0.10227271417776744,-0.08097563466678064,-0.04204585620512565,-0.006274295349915822,-0.019488688558340073,-0.08764721200956653,0.1363298911601305,-0.043915003538131714,0.09039099918057521,-0.02492968427638213,-0.0694434680044651,-0.06401238652567069,-0.10320756987979014,0.05992927278081576,-0.08824681226784985,-0.06270016760875781,-0.07126657975216706,0.0006356369704008102,-0.11668523028492928,-0.10715080176790555,-0.08433937281370163,-0.10630534216761589,-0.11218128663798173,-0.11791828212638696,-0.052325871462623276,-0.14165289824207625,-0.1271089737613996,-0.07575475921233495,-0.13014017480115095,-0.07503611439218123
ERR3929000,0,-0.028817124664783478,-0.037413159695764385,-0.02647868109246095,-0.11247666863103707,-0.11140457540750504,0.13444496877491474,0.12891820694009462,-0.09804291681696971,0.07151065580546856,-0.09939052474995454,-0.049384127060572304,0.13443723693490028,-0.061882310857375465,0.12836207713310918,0.1686153064171473,-0.10357384756207466,0.05503510977723636,0.18345975503325462,0.26327211285630864,0.2146221057822307,0.28008419026931125,0.16476553973431388,0.15543759738405546,0.33371032277743023,0.0273420096685489,0.035616492542127766,0.08462561822185914,0.33660477089385193,0.02644723343352477,-0.11104434542357922,0.20344668999314308,-0.08801674470305443,0.056634985686590276,0.09249743105222781,-0.13055091177132758,-0.09770744542280833,-0.07572130486369133,-0.05492427945137024,-0.05402732392152151,-0.1051102274407943,0.11530662948886554,-0.04170467456181844,0.06593144219368696,-0.06441239764293034,-0.09225217998027802,-0.0631538921346267,-0.11671347854038079,0.011730323235193888,-0.12409963609146264,-0.08773531578481197,-0.09564932063221931,-0.023785009669760864,-0.12197755152980487,-0.14493308340509733,-0.10211520083248615,-0.11624292470514774,-0.12830395127336183,-0.11147553877284129,-0.085896381487449,-0.13640539223949114,-0.11781864427030087,-0.08592573677500089,-0.13504755000273386,-0.11202073190361261
ERR3929001,0,-0.014364246279001236,-0.016497975836197536,-0.003655737265944481,-0.11343889652440946,-0.11496176508565743,0.15497130590180555,0.1336897499859333,-0.09672665068258841,0.1352371977021297,-0.08364883406708638,-0.047764637817939125,0.16172147914767265,-0.042763493955135345,0.16928064784345528,0.1974890058239301,-0.09921107379098733,0.07054635261495908,0.21701902135585746,0.3435559459030628,0.258461885775129,0.3127853373686473,0.18549109436571598,0.18003304861485958,0.35878139982620877,0.05395395588129759,0.04683356359601021,0.12715110710511604,0.39727202616631985,0.03410782913366953,-0.11445704723397891,0.20245269065101942,-0.10404490182797115,0.047676557364563145,0.07835214212536812,-0.14494582389791807,-0.10176396369934082,-0.1008482084920009,-0.06827388579646747,-0.0867688983368377,-0.11671606385304283,0.08917106439669926,-0.04208884388208389,0.048437412828207016,-0.0899236686527729,-0.11158751820524533,-0.054688808197776474,-0.12838261450330415,-0.013612669271727404,-0.14087627890209356,-0.09402640784780185,-0.1024546946088473,-0.029352343330780666,-0.11661716302235921,-0.14801440884669623,-0.10993644160528977,-0.11449580950041612,-0.12817907147109509,-0.10062869545072317,-0.09628374502062798,-0.1315445899963379,-0.11527169619997342,-0.08193426827589671,-0.13064783376952013,-0.12420102922866742
ERR3929002,0,-0.04199166099230448,-0.06286435946822166,-0.02994955579439799,-0.11017696148095031,-0.10828618394831817,0.09085188930233319,0.11705328027407329,-0.10179246682673693,0.0415102361390988,-0.1089947468911608,-0.0567614051202933,0.09809339170654614,-0.06960036605596542,0.10643570373455684,0.10756878803173701,-0.1087585287168622,0.04625246999785304,0.14767245948314667,0.20874543177584806,0.18782872209946314,0.2320991406838099,0.1374700035278996,0.10314881366988023,0.29234321415424347,0.02553718661268552,0.0286720534786582,0.06370963404575984,0.30274626271178323,0.03285447942713896,-0.1068688069159786,0.20608583216865858,-0.08338775423665841,0.05277836509048939,0.10257817715561639,-0.1223940603279819,-0.09393621670703094,-0.06376348001261552,-0.03465291174749533,-0.03937977800766627,-0.09451988246291876,0.1308082416653633,-0.03860719253619512,0.07559278917809327,-0.051910158867637314,-0.08885155866543452,-0.0567657183855772,-0.11199009977281094,0.0355867991844813,-0.11216839589178562,-0.0764133899162213,-0.08265654866894086,-0.00018617324531078339,-0.1211836722989877,-0.1359874370197455,-0.09447798940042655,-0.11710061505436897,-0.12656678693989912,-0.11665001356353362,-0.07589126005768776,-0.1403693618873755,-0.12305512527624766,-0.08166335026423137,-0.13250013006230196,-0.10176968264083068
ERR3929003,0,-0.04513424386580785,-0.044147901237010956,-0.03694630227982998,-0.1087424661188076,-0.10943385648230712,0.10657922271639109,0.13044737908057868,-0.09351136535406113,0.05898272401342789,-0.10130476144452889,-0.05226486797134081,0.1623807487388452,-0.05549648900826772,0.14675770963852605,0.13559633307158947,-0.08478178456425667,0.06208408313492934,0.1747008953243494,0.25195694093902904,0.2543924922744433,0.294016254444917,0.1824772860854864,0.2080381369839112,0.3325910394390424,0.021493588263789814,0.0491697300846378,0.05810681854685148,0.28440567168096703,0.0038724678258101144,-0.10970001543561618,0.1733578824593375,-0.07124661980196834,0.07495635903129975,0.09578430163674057,-0.11691841452072065,-0.08143104861179988,-0.07224972670276959,-0.049357435976465545,-0.02522685006260872,-0.0895460747803251,0.07369869202375412,-0.05484455078840256,0.030297640711069107,-0.05302715922395388,-0.08631469185153644,-0.08820189426963528,-0.1158561585471034,0.019554386846721172,-0.11707982669274013,-0.08492871994773547,-0.07131792604923248,-0.03505338107546171,-0.11034180348118146,-0.12166350707411766,-0.12802077954014143,-0.10937345152099927,-0.12216112948954105,-0.11555797513574362,-0.1142458903292815,-0.12928714354832968,-0.11294794206817944,-0.10809001202384631,-0.1358767542988062,-0.08738772850483656
ERR3929004,0,-0.05523387094338735,-0.059569122890631356,-0.03288556387027105,-0.10271137525948386,-0.10830198725064595,0.08626049757003784,0.11521099135279655,-0.09678933148582776,0.025363437831401825,-0.11059324458862345,-0.05841651434699694,0.13812881583968797,-0.052984035263458885,0.13299407344311476,0.09341465138519804,-0.10201706985632579,0.04343630994359652,0.149940841520826,0.20759495347738266,0.20176853061032793,0.2610861261685689,0.1619349562873443,0.15484648818771043,0.3073159760485093,0.02968921388188998,0.04039186239242554,0.062061487386624016,0.267604174092412,0.006317958856622378,-0.10548292969663937,0.1828628151367108,-0.07995508362849553,0.07968970481306314,0.1001315653945009,-0.10911599422494571,-0.07373991856972377,-0.07088295991222064,-0.0372100913276275,-0.017582370589176815,-0.08389443065971136,0.09314783910910289,-0.048660412430763245,0.03857556295891603,-0.05435146018862724,-0.08698723465204239,-0.08446884186317523,-0.10565407077471416,0.03255137739082178,-0.10581589303910732,-0.08407008710006873,-0.07075987259546916,-0.008196363846460978,-0.10707514981428783,-0.12355706095695496,-0.11788648118575414,-0.11383754511674245,-0.12582615638772646,-0.11978215693185727,-0.107136569917202,-0.13531652092933655,-0.11438197083771229,-0.10817264827589194,-0.13316833910842737,-0.07802589361866315
ERR3929005,0,-0.04273558408021927,-0.030055423577626545,-0.025120221078395844,-0.10739875352010131,-0.11192084724704425,0.15398212894797325,0.12373807157079379,-0.09693950756142537,0.09689680580049753,-0.09341873228549957,-0.0595328522225221,0.18295061153670153,-0.04275375107924143,0.15888797910884023,0.179763692120711,-0.0993674670656522,0.046074745866159596,0.19324770911286274,0.28356626133124035,0.2529504452832043,0.3232881377140681,0.18739218451082706,0.21138511536022028,0.3338959986964862,0.040561070665717125,0.04193577046195666,0.10979625551650922,0.3330965091784795,0.014173711960514387,-0.11258192049960296,0.18704281809429327,-0.09069945973654588,0.07656250707805157,0.08610142519076665,-0.12879819935187697,-0.0955628864467144,-0.0814048983156681,-0.07458308711647987,-0.04165345678726832,-0.10118754456440608,0.07188634326060613,-0.04095099618037542,0.04242808216561874,-0.07156225542227428,-0.1075697975854079,-0.07514779021342595,-0.1098859819273154,-0.007649001704218487,-0.1301217428408563,-0.09383970623215039,-0.08437142024437587,-0.019131669260483857,-0.10942485680182774,-0.14742105330030122,-0.12825890940924486,-0.12119269371032715,-0.13685064762830734,-0.11233625436822574,-0.12025328601400058,-0.1304478676368793,-0.1117891085644563,-0.09594459707538287,-0.13950262715419134,-0.10485504133005936
ERR3929006,0,-0.059429978330930076,-0.0515832764406999,-0.040426623076200485,-0.10535199583197634,-0.10875476337969303,0.0945843815182646,0.12026735891898473,-0.09891839014987151,0.032594746289153896,-0.10935207394262154,-0.05974780395627022,0.1481082191069921,-0.05963839218020439,0.12112228758633137,0.1122822326918443,-0.09707715983192126,0.04167388565838337,0.14690157243361077,0.22180250224967799,0.2256440700342258,0.25853754828373593,0.1641669456536571,0.16730028266708055,0.29197571240365505,0.026055044184128445,0.040764434883991875,0.05329762895901998,0.27289507413903874,0.007476178929209709,-0.11129670271960397,0.17745725833810866,-0.07755501133700211,0.08438846903542678,0.10279980022460222,-0.10967952944338322,-0.08465118582050006,-0.06719574518501759,-0.04280142680120965,-0.009405326098203659,-0.08610614854842424,0.10121776163578033,-0.04247410595417023,0.04721280808250109,-0.04865771904587746,-0.08080707987149556,-0.08626820705831051,-0.10086547738562028,0.032239738230903946,-0.11018185255428155,-0.0818494688719511,-0.07048039635022481,-0.007411931951840718,-0.10469110558430354,-0.12608873719970384,-0.11891903479894002,-0.11586740116278331,-0.1251275297254324,-0.11979534880568583,-0.11053961670647065,-0.13490310994287333,-0.11427086467544238,-0.10163380578160286,-0.13489223519961038,-0.08739903817574184
ERR3929007,0,-0.07495801150798798,-0.0734081572542588,-0.0743633471429348,-0.10278264712542295,-0.10102475186189015,0.02168238613133629,0.10976251463095348,-0.10314810345880687,-0.02680192592864235,-0.12469385828201969,-0.063142579048872,0.09067522920668125,-0.09242675080895424,0.05237229292591413,0.057546193401018776,-0.10424333593497674,0.03175341710448265,0.07420106790959835,0.13546688839172324,0.1467774168898662,0.15152080853780112,0.12427864130586386,0.09558133998264869,0.25768280153473216,0.006186608225107193,0.029267143768568833,-0.015288860847552618,0.18339422717690468,0.011547350014249483,-0.10715935363744696,0.18730496118466058,-0.048515279001245894,0.0896402361492316,0.16104897825668255,-0.04701831874748071,-0.059304563949505486,0.00027930022527774173,0.04111317855616411,0.07011432743941744,-0.06267855890716116,0.1346452496945858,-0.04188185930252075,0.09368909088273843,0.032282861260076366,-0.039626886447270714,-0.0825851820409298,-0.05462994985282421,0.11904466648896535,-0.029840673009554546,-0.0374939851462841,-0.03511465589205424,0.05821196114023527,-0.07743909147878487,-0.03865871578454971,-0.07001797288345794,-0.08648448437452316,-0.07979995947486411,-0.10759927487621705,-0.04827198386192322,-0.14427214860916138,-0.12554397558172545,-0.06854055138925712,-0.10975218440095584,-0.01081965584307909
ERR3929008,0,-0.02406008541584015,-0.012210223823785782,0.001012494166692098,-0.11009717957737546,-0.1144283718119065,0.17672225336233774,0.13734026672318578,-0.09259535061816375,0.15027479369503757,-0.07995922219318648,-0.05243660385409991,0.21382304467260838,-0.01609752078851064,0.20287339854985476,0.2236273686091105,-0.08500560435156028,0.07037452173729737,0.22578028123825788,0.34080937008063,0.3143203780055046,0.36742885162432987,0.20836383352677026,0.25210561354955036,0.34995434309045476,0.04612386475006739,0.05901015425721804,0.1346092048867528,0.3829843954493602,0.010259289915362993,-0.11255864752456546,0.17213283261905113,-0.0943314687659343,0.07156318395088117,0.07810326168934505,-0.1409132250895103,-0.09532874325911204,-0.10306555777788162,-0.08644115862747033,-0.0653265044093132,-0.1034173605342706,0.06484949588775635,-0.04411524906754494,0.018253690252701443,-0.08710831900437672,-0.1110969843963782,-0.07946283494432767,-0.12371069317062695,-0.025295741856098175,-0.13990838204820952,-0.10109490404526393,-0.08389640599489212,-0.028019347538550694,-0.10155053188403447,-0.14578592777252197,-0.1398329883813858,-0.12103571804861228,-0.13558379312356314,-0.10222740191966295,-0.12973505755265555,-0.12542087957262993,-0.10547600748638312,-0.0950228323539098,-0.13559632189571857,-0.11319192033261061
ERR3929009,0,-0.03289008761445681,-0.027853483334183693,-0.013656161104639372,-0.10700788403240342,-0.11371426781018575,0.15464071556925774,0.1228942150870959,-0.09588545995453994,0.11268602909209828,-0.09372498032947381,-0.057341501116752625,0.17966995760798454,-0.03175285955270132,0.17850061863039932,0.17668610562880835,-0.09622682631015778,0.060963510225216545,0.19507935146490732,0.29832594469189644,0.2760050094996889,0.3349706480900447,0.19504319317638874,0.20470435669024786,0.3336649040381114,0.04590320431937774,0.04782923683524132,0.11649389394248526,0.35453920997679234,0.01263310636083285,-0.11230577776829402,0.17592481337487698,-0.09207020203272502,0.06639189614603917,0.08013379325469334,-0.13634968704233566,-0.09083872785170873,-0.0937797911465168,-0.07449303877850373,-0.05206275855501493,-0.0959644007186095,0.07360174506902695,-0.04476698239644369,0.024046273591617744,-0.08167871211965878,-0.1095848319431146,-0.07673281695072849,-0.11357940981785457,-0.013649410606982807,-0.1301498181807498,-0.0987137754758199,-0.0871311475833257,-0.020951966444651287,-0.10304627443353336,-0.14664593959848085,-0.1347409226000309,-0.12263467535376549,-0.13676168707509836,-0.10931799064079921,-0.1274606672426065,-0.13045622470478216,-0.11040018871426582,-0.09809031523764133,-0.13655433927973112,-0.10870785048852365
ERR3929010,0,-0.07203326125939687,-0.06827925393978755,-0.06699497314790885,-0.10215715342201293,-0.10190206331511338,0.0391985597088933,0.11647635822494824,-0.10171006146507959,-0.012081603519618511,-0.1220807412173599,-0.06082460408409437,0.10865030375619729,-0.08551074688633283,0.06617810561632116,0.06894889722267787,-0.09880680746088426,0.03520945250056684,0.08871851737300555,0.1657904883225759,0.17662854554752508,0.18046153709292412,0.12963103658209243,0.1250295595576366,0.26932508560518426,0.011015594005584717,0.034501113928854465,-0.002185815324385961,0.20055369101464748,0.007984022299448649,-0.10948417972152431,0.1901889694854617,-0.05311155195037524,0.08764919017752011,0.14247381128370762,-0.0710473748234411,-0.06946930227180322,-0.02440970887740453,0.013713454827666283,0.04569421708583832,-0.0723478514701128,0.12291550015409787,-0.04341327274839083,0.08137556165456772,0.0045136067395408945,-0.0545404019455115,-0.0870002309481303,-0.07367840556738277,0.09359826023379962,-0.060575101524591446,-0.04985748790204525,-0.041149853418270745,0.030958129131856065,-0.08996244768301646,-0.06519541889429092,-0.08708060563852389,-0.09526562659690778,-0.09547154543300469,-0.1163274273276329,-0.07296885487933953,-0.14078844090302786,-0.1216170887152354,-0.08119524270296097,-0.12025932222604752,-0.03035427847256263
ERR3929011,0,-0.0018179037142544985,0.0457024152080218,0.008272760237256685,-0.11015758252081771,-0.11342182941734791,0.2309238351881504,0.14865645890434584,-0.08655886041621368,0.21384933652977148,-0.05599275231361389,-0.045241319884856544,0.2731798489888509,0.013143140512208143,0.23728694580495358,0.3011018658677737,-0.08085035036007564,0.08555897449453671,0.27081222940857214,0.45979368314146996,0.3650469494362672,0.41695060084263486,0.25572957036395866,0.31279339579244453,0.4097472547243039,0.0620664277424415,0.06622924710003038,0.16967655842502913,0.4432018864899874,0.013815551375349363,-0.12194258254021406,0.1754277814179659,-0.10239261730263631,0.07677432491133611,0.06557403753201167,-0.14686023443937302,-0.09086210156480472,-0.1128356543680032,-0.0942238848656416,-0.07480864304428299,-0.1220283680401432,0.037286143749952316,-0.044305255015691124,0.007494908136626084,-0.10094140035410722,-0.11801053707798322,-0.07504096906632185,-0.12647960086663565,-0.03712863723436991,-0.14213617146015167,-0.10444329244395097,-0.0976439838608106,-0.042617263893286385,-0.09271537512540817,-0.13989035288492838,-0.1403651013970375,-0.11360832303762436,-0.13471654057502747,-0.09158390977730353,-0.1277910191565752,-0.12032601361473401,-0.10030692319075267,-0.09673424623906612,-0.13286173095305762,-0.11600285737464826
ERR3929012,0,-0.08196073397994041,-0.08143963571637869,-0.07994186257322629,-0.10239257453940809,-0.09836120965580146,-0.0013920348137617111,0.10447907323638599,-0.10491698217811063,-0.0389652019366622,-0.12634476335369982,-0.06769474099079768,0.07777030145128568,-0.10164659346143405,0.030571808417638142,0.04387465616067251,-0.10668520955368876,0.023581087589263916,0.04510128373901049,0.12030200213969995,0.13611888885498047,0.11203891411423683,0.10554043514033158,0.06663466182847817,0.22101820384462675,0.00504336878657341,0.03567098577817281,-0.02901812146107356,0.16186794886986414,0.012725265075763067,-0.10477011588712533,0.1787261695911487,-0.048698483034968376,0.10209790368874867,0.18155181244947016,-0.03035746080180009,-0.0521647185087204,0.005830128521968921,0.061887005964914955,0.08873370569199324,-0.046237638220191,0.16315716008345285,-0.033640378465255104,0.10540583667655785,0.05350696792205175,-0.027194617316126823,-0.0788573728253444,-0.03760471443335215,0.1508987743097047,-0.019247351835171383,-0.010480894396702448,-0.013110101222991943,0.08843971788883209,-0.05580321722663939,-0.006906123210986455,-0.050406329333782196,-0.07376642773548762,-0.06537032593041658,-0.10100576654076576,-0.03011818726857503,-0.14480453977982202,-0.12721906478206316,-0.038891421630978584,-0.09111486685772736,0.01369262176255385
ERR3929013,0,-0.06977194299300511,-0.0994287299302717,-0.06269351082543533,-0.10408306944494446,-0.10330964749058087,0.006366589145424466,0.10288167869051297,-0.11062671057879925,-0.03791575940946738,-0.12382296348611514,-0.05917840699354807,0.06004324182868004,-0.09154986590147018,0.032678394267956413,0.049553213020165764,-0.11878523540993531,0.004053294037779172,0.0669856487462918,0.08665578067302704,0.13249409571290016,0.14561504001418749,0.09016755161186059,0.036862044245935977,0.21921062096953392,-0.011578183621168137,0.02074396734436353,-0.0052215394874413805,0.21042507700622082,0.019391136864821117,-0.09275395050644875,0.18869057988437513,-0.05874253010066847,0.06943724552790324,0.15750868742664656,-0.07150304379562537,-0.0779299489998569,-0.009850521106272936,0.025517507077893242,0.07871366540590923,-0.05866125381241242,0.16148112652202448,-0.027275484055280685,0.08274989575147629,0.040399317319194473,-0.04773847386240959,-0.07209223819275697,-0.045444879680871964,0.10748998820781708,-0.029212390383084614,-0.04720137951274713,-0.05367861439784368,0.06384275419016679,-0.08362542713681857,-0.0814669993512022,-0.06320281311248739,-0.10606930125504732,-0.1178647056221962,-0.116007665793101,-0.08107259698833029,-0.1473099117477735,-0.12654398133357367,-0.08637412451207638,-0.10195179050788283,-0.060587569450338684
ERR3929014,0,-0.04022976631919543,-0.0654746176005574,-0.024298506478468578,-0.10779303878856202,-0.11180882590512435,0.09176743356510997,0.11560810108979543,-0.1042437618598342,0.04230301547795534,-0.09568456785442929,-0.053239611287911735,0.13258028589189053,-0.04871941233674685,0.1033130834499995,0.16886302580436072,-0.11291762379308541,0.02486003873248895,0.14539221674203873,0.22419870148102441,0.22089525933067003,0.264778013030688,0.146911410925289,0.121067409714063,0.2970728166401386,0.009914476424455643,0.039373874043424927,0.07934664034595092,0.328487745175759,0.026859280963738758,-0.0997109276552995,0.18334515765309334,-0.08949586190283298,0.06483551114797592,0.10096965241245925,-0.12453741068020463,-0.0976512295504411,-0.06719026962916057,-0.04588553806145986,-0.015397938123593727,-0.09716478238503139,0.10573325306177139,-0.023860034843285877,0.03983263485133648,-0.04160019693275293,-0.08579518149296443,-0.0712794413169225,-0.09492824226617813,0.02275647222995758,-0.10405772179365158,-0.09237222621838252,-0.09462662537892659,0.0036314564446608224,-0.10579152032732964,-0.14180981616179147,-0.1070118574037527,-0.12261766816178958,-0.13871518895030022,-0.10782069154083729,-0.12504795946491262,-0.1371170754233996,-0.11448802053928375,-0.09849069640040398,-0.1308590223391851,-0.11542379918197791
ERR3929015,0,-0.05717814713716507,-0.0866502383214538,-0.051475189005335174,-0.10555431572720408,-0.10687756352126598,0.04785740654915571,0.10575315356254578,-0.10941973018149535,0.005716556062301,-0.1119819510107239,-0.06173969432711601,0.09638312955697377,-0.0757237213353316,0.0630101350446542,0.11669153223435084,-0.12155956029891968,0.00960100069642067,0.12068020179867744,0.16099287569522858,0.16807545523624867,0.22541921337445578,0.11257962750581403,0.07653697052349646,0.24287780250112215,0.0005546224613984426,0.02628839947283268,0.04265598269800345,0.2795211368550857,0.023722988242904346,-0.09435536526143551,0.18436175771057606,-0.074292682732145,0.0728407899538676,0.12077061226591468,-0.10766301304101944,-0.09400430073340733,-0.03850684004525343,-0.025279865910609562,0.020105763028065365,-0.07700538821518421,0.13651137923200926,-0.02531470110019048,0.06849379061410825,-0.01589241748054822,-0.07605436444282532,-0.06144158635288477,-0.07411171837399404,0.054988959493736424,-0.08778855189060171,-0.06643741919348638,-0.07864891737699509,0.02542259419957797,-0.10112230355540912,-0.13476083179314932,-0.08770479168742895,-0.12431879217425983,-0.13712026799718538,-0.1145115705827872,-0.10822255785266559,-0.14113854244351387,-0.12059308774769306,-0.09483084206779797,-0.12280255494018395,-0.10184489019835989
ERR3929016,0,-0.07428470999002457,-0.10566979103411238,-0.06672529689967632,-0.10372642513054113,-0.10294257601102193,0.005620909389108419,0.0939321902891,-0.1104943888882796,-0.02746342495083809,-0.12342371356983979,-0.07098169748981793,0.05341631670792898,-0.09327031299471855,0.03059708575407664,0.052613422740250826,-0.12563741641740003,-0.005052228768666585,0.07792994007468224,0.0961909977098306,0.12811890741189322,0.15205048148830733,0.06606904789805412,0.024497334534923237,0.19811620811621347,-0.0074900177617867785,0.012432797191043695,0.005723218123118083,0.22497459625204405,0.026013091206550598,-0.08844345513110359,0.20035706274211407,-0.05712428021555146,0.06233354161183039,0.160648789567252,-0.07680682744830847,-0.08136938698589802,-0.0027278711398442588,0.016627743452166516,0.09077165213723977,-0.05486284537861744,0.174341914554437,-0.02007489527265231,0.1001851037144661,0.031853128845492996,-0.052537562946478523,-0.038634986927111946,-0.043186730394760765,0.09471001103520393,-0.02905319134394328,-0.04022181654969851,-0.05120293361445268,0.07940732749799888,-0.07956516246000926,-0.10205070876205961,-0.05779421034579476,-0.1181903916100661,-0.12884940765798092,-0.11461101037760575,-0.07390305027365685,-0.148426187535127,-0.1264242877562841,-0.08370742450157802,-0.1070441974637409,-0.08083161277075608
ERR3929017,0,-0.07220459232727687,-0.10285568827142318,-0.06715258893867333,-0.10168557963334024,-0.10278726803759734,0.023107909558651347,0.09487257276972134,-0.11255644882718722,-0.020938117677966755,-0.12234668619930744,-0.0685035561521848,0.053473511089881264,-0.09403750424583752,0.03186694160103798,0.06331355062623818,-0.13018685268859068,-0.005827883879343669,0.09579228920241196,0.10974827998628219,0.12937546831866106,0.17906258503595987,0.07519008219242096,0.031875256448984146,0.21422737340132395,-0.0036707942684491477,0.016505134291946888,0.010314916570981344,0.24429521026710668,0.02819102816283703,-0.0895197403927644,0.20176574774086475,-0.06056410039309412,0.0681816687186559,0.14768772510190806,-0.08477040690680344,-0.08476474260290463,-0.0009556661049524943,0.008571579121053219,0.0808431226760149,-0.06068875687196851,0.15865210816264153,-0.02172073597709338,0.08820092802246411,0.010907496325671673,-0.058591204384962715,-0.03815678646788001,-0.04357818389932314,0.08324217051267624,-0.04373176395893097,-0.049768601233760514,-0.06297521044810613,0.06321650619308154,-0.0860256055990855,-0.11115687247365713,-0.06365575424085061,-0.1206153395275275,-0.13313976116478443,-0.11327240988612175,-0.08629519864916801,-0.1504809707403183,-0.12515219673514366,-0.08947375540932019,-0.11541628837585449,-0.08481205099572738
ERR3929018,0,-0.11746928468346596,-0.11300914610425632,-0.10939236202587684,-0.09083311585709453,-0.07902851390341918,-0.08014549252887566,0.09027443702022235,-0.12366810068488121,-0.05165030838300785,-0.14211801066994667,-0.06894112750887871,-0.036835648119449615,-0.12051599596937497,-0.08624540517727534,-0.007687958578268687,-0.12142227465907733,-0.0326996644337972,-0.017350368201732635,0.027642196665207546,-0.0011609646802147229,-0.03354220247517029,-0.02293401211500168,-0.08562188191960256,0.08055641269311309,-0.03166978061199188,-0.003946016232172648,-0.10822945088148117,0.07903714571148157,0.04062705859541893,-0.070345899866273,0.21872468944638968,0.04064958977202574,0.13983929064124823,0.4136076321204503,0.1390187330543995,-0.03659327824910482,0.20596988902737698,0.24708292012413344,0.4659944996237755,0.06717958798011144,0.35474344342947006,0.05273768740395705,0.32778337101141614,0.256762374813358,0.07587873873611291,0.08503627691728373,0.2266485703488191,0.3399912404517333,0.264572961255908,0.29163265724976856,0.10541801899671555,0.4758037384599447,0.1854873625561595,0.1630239598453045,0.1872066892683506,-0.02652793874343236,0.0035198243955771127,-0.03483059940238794,0.18710524837176004,-0.1403531233469645,-0.13184168127675852,0.10123872011899948,0.13159612317879996,0.22596798185259104
ERR3929019,0,-0.07237167408068974,-0.1004096819087863,-0.07917837984859943,-0.1014283406548202,-0.09941705813010533,-0.01498299449061354,0.10064715147018433,-0.11000118652979533,-0.04190589673817158,-0.12460384393731753,-0.061374432096878685,0.04478567962845167,-0.1035109559694926,0.007187366485595703,0.04567712793747584,-0.11876060130695502,0.003452189266681671,0.05277028741935889,0.08559723446766536,0.12184242034951846,0.12444340686003368,0.07929533844192822,0.028765789718211938,0.21940438821911812,-0.019377174476782482,0.025285915316392977,-0.033500085274378456,0.1836693063378334,0.018570545439918835,-0.09183718760808308,0.19518666497121254,-0.040699964854866266,0.07895434523622195,0.18130383299042782,-0.053609039479245744,-0.06353509426116943,0.016079389490187168,0.05200228001922369,0.1126759300629298,-0.058850289632876716,0.16343689461549124,-0.02439180016517639,0.10145477950572968,0.06994134684403737,-0.02604199821750323,-0.05992963413397471,-0.03325811276833216,0.13968427230914435,-0.0015082284808158875,-0.02807599423249485,-0.03958200787504514,0.08214783668518066,-0.06608572695404291,-0.053108472377061844,-0.04882708129783472,-0.09279391852517922,-0.10639045635859172,-0.11088316111514966,-0.06261972337961197,-0.145345168809096,-0.12715594160060087,-0.07342283493683983,-0.09349669748917222,-0.03383199451491237
ERR3929020,0,-0.05704379826784134,-0.1071771401911974,-0.0504562413940827,-0.09996843974416454,-0.10585671290755272,-0.01222192837546269,0.09602020060022672,-0.11094557214528322,-0.011602545157074928,-0.11523834615945816,-0.06809014827013016,0.059600744396448135,-0.07592527071634929,0.06760822609066963,0.03714722332855066,-0.11823851304749648,-0.00707947959502538,0.10879202901075284,0.09892842670281728,0.14082900246527666,0.19368131458759308,0.08752186596393585,0.0378217271839579,0.22431382661064467,0.0189674012362957,0.015056979842483997,0.025635463496049244,0.2502120149632295,0.030096339682737987,-0.08981252058098714,0.20980365946888924,-0.08090486501653989,0.06520436704158783,0.1333178455630938,-0.09043083091576894,-0.07887932906548183,-0.03339990663031737,-0.006598735849062602,0.040653920421997704,-0.07798559575652082,0.12929471457997957,-0.02857709179321925,0.06987885261575381,-0.0008257923958202203,-0.06869455426931381,-0.05510829854756594,-0.06966305089493592,0.06481714484592278,-0.05398572546740373,-0.057208774921794735,-0.07675192380944888,0.0401559534172217,-0.09715200463930766,-0.11922001466155052,-0.08347411438201864,-0.119939340899388,-0.13489874762793383,-0.1161890837053458,-0.09715059275428455,-0.14615348726511002,-0.12452361732721329,-0.09360745425025623,-0.11901986785233021,-0.09103936236351728
ERR3929021,0,-0.024893411124746006,-0.03931190477063259,-0.014818130061030388,-0.10993762477301061,-0.1126997886846463,0.127987951428319,0.12137945368885994,-0.10374581503371398,0.08928227486709754,-0.08616325445473194,-0.05024529372652372,0.1670720987021923,-0.04082278534770012,0.1329824182127292,0.21880336105823517,-0.11068566422909498,0.03683504609701534,0.18049761342505613,0.27119288593530655,0.24066461669281125,0.308119997382164,0.16263998610277972,0.1550398636609316,0.32463617126146954,0.015516366809606552,0.04436160127321879,0.10716187581419945,0.37208935245871544,0.031687342251340546,-0.10210303620745738,0.18464765697717667,-0.09142431803047657,0.05634310624251763,0.09016377478837967,-0.13299963002403578,-0.09962501873572667,-0.07564947195351124,-0.05100018282731374,-0.0348899873594443,-0.10399908199906349,0.09050476799408595,-0.02925200139482816,0.03090338595211506,-0.05570691575606664,-0.1041989599665006,-0.0681421027208368,-0.10283998213708401,0.008209301779667536,-0.11698252086838086,-0.09502867236733437,-0.09675724307696025,-0.005016740411520004,-0.10397131741046906,-0.14439515521128973,-0.11018000217154622,-0.12127326801419258,-0.14036106442411742,-0.10211433780690034,-0.12530941423028708,-0.13331534216801325,-0.11217489093542099,-0.09673792123794556,-0.13415886089205742,-0.11760850002368291
ERR3929022,0,-0.05036185681819916,-0.0814243423131605,-0.04394904524087906,-0.10479742862905066,-0.10828872335453828,0.06396841102590163,0.10443780074516933,-0.10954698144147794,0.023249164844552677,-0.10736191334823768,-0.06368079036474228,0.09594703217347463,-0.07058944801489513,0.07145815901458263,0.12303696821133296,-0.12213306811948617,0.013753697896997133,0.12481457491715749,0.1763445238272349,0.17950774542987347,0.22925030440092087,0.11318121602137883,0.07533591225122412,0.2574256733059883,0.00604396437605222,0.028235794355471928,0.053650096679727234,0.3016632894674937,0.03141383888820807,-0.09524811804294586,0.19609094907840094,-0.08026141859591007,0.0656042310098807,0.11773002850047003,-0.11402098586161931,-0.09523749351501465,-0.04901730470980207,-0.026719412455956142,0.01607304314772288,-0.08320512560506661,0.13499343767762184,-0.024930258591969807,0.0609434408446153,-0.02672536243335344,-0.07455430179834366,-0.05403862427920103,-0.0749498155588905,0.04203572993477186,-0.08415663645913203,-0.07844225441416104,-0.08659850681821506,0.02882593870162964,-0.10319179793198903,-0.13645382349689802,-0.09349652907500665,-0.124413567284743,-0.13814546540379524,-0.11084855161607265,-0.1108191820482413,-0.14387055238087973,-0.11897792605062325,-0.09243180851141612,-0.1252126314987739,-0.1108030214284857
ERR3929023,0,-0.054956761499245964,-0.06888688003770464,-0.03271470467249552,-0.10438117214168112,-0.10997380750874679,0.07997914605463545,0.12975022941827774,-0.09039508365094662,0.10084167474027102,-0.10926635260693729,-0.0659578467408816,0.15304183835784593,-0.0500273642440637,0.15020538866519928,0.1444862981637319,-0.09332257354011138,0.07277079050739606,0.18906891656418642,0.2173076719045639,0.23781849335258207,0.31694304446379346,0.1268172903607289,0.1484004743397236,0.2663171390692393,0.0194692596172293,0.04004860110580921,0.10785793202618758,0.3697652171055476,0.014113893111546835,-0.09839173887545864,0.152785778666536,-0.08812703688939412,0.026689319560925167,0.0727558508515358,-0.14030785113573074,-0.09574139242370923,-0.07372971344739199,-0.026103067211806774,-0.03971508393685023,-0.07376236375421286,0.07484570890665054,-0.0639260212580363,0.023099254195888836,-0.08063228490451972,-0.10911452521880467,-0.05528484119956071,-0.11720505977670352,0.0005546286702156067,-0.12655028017858663,-0.09352099957565467,-0.08513123169541359,-0.0229025495549043,-0.10767036179701488,-0.14516874526937804,-0.12701070184508959,-0.11549974357088406,-0.12792681778470674,-0.10438325473417838,-0.12947547187407812,-0.12717537581920624,-0.10849709684650104,-0.10152913133303325,-0.14324063062667847,-0.10664431409289439
ERR3929024,0,-0.07404237737258275,-0.08460733247920871,-0.052290117368102074,-0.10151812271215022,-0.10612309599916141,0.044381470109025635,0.11483782902359962,-0.0981497826675574,0.03257296987188359,-0.12363447373112042,-0.06844828650355339,0.10357686008016269,-0.07049177462855975,0.1062672883272171,0.08690043290456136,-0.10797141895939906,0.046147147193551064,0.13955631231268248,0.14286961406469345,0.18227249818543592,0.2577507346868515,0.09102110626796882,0.09427744150161743,0.22079956407348314,0.010549937064448992,0.017636907597382862,0.06259268273909886,0.3158099614083767,0.01067389672001203,-0.09964877901317475,0.15640259541881582,-0.0775846845159928,0.04416924032072226,0.09145112071807186,-0.12079260529329379,-0.09212725361188252,-0.040411445001761116,0.0004983024555258453,0.01800580439157784,-0.05706616428991159,0.11083012570937474,-0.05942176282405853,0.045452987775206566,-0.051403925443689026,-0.08486113448937734,-0.056242515604632594,-0.09009768371470273,0.03273098853727182,-0.09269125045587619,-0.07762239376703899,-0.0802457146346569,-0.0033202040940523148,-0.1045431246360143,-0.13803204149007797,-0.11079354832569759,-0.11767878507574399,-0.13059723377227783,-0.11357478828479846,-0.12289203035955627,-0.13737031444907188,-0.11354896239936352,-0.09972972174485524,-0.14130323504408202,-0.09674141136929393
ERR3929025,0,-0.07545354093114535,-0.11362459821005662,-0.05234357466300329,-0.08425909319582085,-0.09797189384698868,-0.08006807292501132,0.10000444327791531,-0.09748965812226136,-0.03628770882884661,-0.13598783686757088,-0.07982445880770683,0.019228982428709667,-0.07990063230196635,0.07339124754071236,-0.012187170485655466,-0.10771643184125423,0.0015078913420438766,0.0730644129216671,0.025521003330747288,0.0757658729950587,0.12770744288961092,0.018152068679531414,-0.006774224263305466,0.13721150470276675,0.026706102614601452,-0.006724514765664935,-0.0007219811280568441,0.20627025266488394,0.016037713115413983,-0.08347343637918432,0.20175533493359885,-0.08172095008194447,0.05877894970277945,0.1642721666333576,-0.03868801146745682,-0.051524308820565544,0.004913672727222244,0.09638684382662177,0.11804421618580818,-0.021866895258426666,0.1563389158497254,-0.04590487231810888,0.10102033739288648,0.03331069151560465,-0.044020239263772964,-0.04297991438458363,-0.05841887928545475,0.10972825437784195,0.0029120159645875296,0.029811108484864235,-0.04674051019052664,0.09923782758414745,-0.06967193260788918,-0.03351808789496621,-0.07310030423104763,-0.09498690192898114,-0.107957746523122,-0.08185007609426975,-0.05995480095346769,-0.14548915376265845,-0.12490094701449077,-0.06479398968319099,-0.11008332297205925,-0.03642048314213753
ERR3929026,0,-0.08090969920158386,-0.10078749929865201,-0.06553196037809055,-0.09828134765848517,-0.10089608033498128,0.003300935418034593,0.10929279898603757,-0.10131646165003379,0.011340291239321232,-0.12834972453614077,-0.07301948716243108,0.06292674317955971,-0.0941724715133508,0.06436445067326228,0.04324453448255857,-0.11302944955726464,0.03767241661747297,0.107660507162412,0.09430258721113205,0.1486233014923831,0.1981863727172216,0.06238709079722563,0.0501266298815608,0.18650508299469948,-0.0013603667418162029,0.014866593604286512,0.027347543587287266,0.2604767493903637,0.013330582529306412,-0.09294179485489924,0.17177850722024837,-0.059686276906480394,0.03359315978984038,0.12357186836500962,-0.1016863202676177,-0.08855300645033519,-0.020233967651923496,0.03647010004594146,0.05251119534174601,-0.04151883845527967,0.13319994881749153,-0.05672424907485644,0.07946368058522542,-0.02124769240617752,-0.07489895323912303,-0.042503810041428856,-0.07100159985323747,0.05889906858404478,-0.06877016834914684,-0.05976853954295317,-0.061215886225303016,0.031672414392232895,-0.09143358841538429,-0.11604683846235275,-0.0943579412996769,-0.11592146009206772,-0.12810587448378405,-0.11592523536334436,-0.10301826894283295,-0.1409879500667254,-0.11965452879667282,-0.08363600820302963,-0.1336336601525545,-0.07960599878182013
ERR3929027,0,-0.10547465210159619,-0.10455099989970525,-0.09628495139380296,-0.09457839365738134,-0.08897422440350056,-0.09764827974140644,0.09949956585963567,-0.10730622324626893,-0.07012157142162323,-0.134343394699196,-0.07686647648612659,0.02223692120363315,-0.11938467621803284,-0.011732223133246103,0.018872711807489395,-0.12556624909241995,0.010356539239486059,0.01563704355309407,0.03128319078435501,0.056827075158556305,0.06377889961004257,0.00942972395569086,-0.008954868651926517,0.10027344889628391,-0.0288026196261247,0.0033796907713015876,-0.07072227199872334,0.12801462101439634,0.010855816925565401,-0.08230462313319246,0.19123109802603722,-0.015385611293216547,0.08070926275104284,0.23057052493095398,0.003704520563284556,-0.027171327422062557,0.08097306887308757,0.19146127564211687,0.19854283643265566,0.011518513473371664,0.22542974461490908,-0.024488611767689388,0.1409699929257234,0.13095266240028045,-0.008425025890270868,-0.019669330057998497,0.010642711073160172,0.21951053074250618,0.06150496068100134,0.08480965532362461,0.03466792653004328,0.1593389461437861,0.017404403537511826,0.07500279694795609,0.015510644142826399,-0.038989994674921036,-0.05591047462075949,-0.043269750662148,0.01601300636927287,-0.14329138522346815,-0.12806204706430435,0.04368394613265991,-0.044944743936260544,0.06349092659850915
ERR3929028,0,-0.0686338059604168,-0.07562792239089806,-0.041314177215099335,-0.10386068381679554,-0.10884557912747066,0.054569966780642666,0.11822721362113953,-0.09804491139948368,0.05426517858480414,-0.11434932658448815,-0.07432048519452412,0.13370640700062117,-0.05918360004822413,0.13220829035465917,0.13115253299474716,-0.10955342650413513,0.0402238016637663,0.16441363344589868,0.16754423330227533,0.18557480350136757,0.2780899554491043,0.09293883511175711,0.1149915090451638,0.22241978098948798,0.024085018783807755,0.018298552682002384,0.08801769341031711,0.3384890469412009,0.02042621187865734,-0.10105564848830302,0.1715533807873726,-0.0918044460316499,0.03962487323830525,0.08710047944138448,-0.1261811275035143,-0.09565848236282666,-0.05241881931821505,-0.020164193740735453,-0.009499497711658478,-0.06785479529450338,0.10365393509467442,-0.06165310740470886,0.05110113136470318,-0.0627193705489238,-0.09812522927920024,-0.04489157201411823,-0.09991226283212502,0.00829861561457316,-0.11201365602513154,-0.08101841434836388,-0.08291065320372581,-0.005506518607338269,-0.10395535454154015,-0.14523624007900557,-0.11056426353752613,-0.12018282835682233,-0.13302190757046142,-0.10914260676751535,-0.11767491729309161,-0.13434782872597376,-0.11204396064082782,-0.09405101711551349,-0.1437892739971479,-0.10936150249714653
ERR3929029,0,-0.0852354144056638,-0.08850572071969509,-0.07529644419749577,-0.09972782029459874,-0.10112935118377209,0.01969523976246516,0.11046657090385754,-0.10444802837446332,0.012007704780747494,-0.12616228451952338,-0.0754477468629678,0.09185270095864932,-0.09645911306142807,0.06402350465456645,0.09018636494874954,-0.11880275436366598,0.03601222982009252,0.12627148628234863,0.13544313547511896,0.147360905384024,0.24672407656908035,0.061147602275013924,0.08379781370361646,0.18120024849971136,-0.0023943216850360236,0.018661765692134697,0.03123943756024043,0.277402197321256,0.018132212882240612,-0.09433014582221706,0.169656523813804,-0.059710234558830656,0.050774251421292625,0.11899957122902076,-0.10555059385175507,-0.09113215779264768,-0.010892206182082495,0.020364370197057724,0.05571205048666646,-0.03604293738802274,0.1449804107348124,-0.05565005789200465,0.09178398347770174,-0.037370167672634125,-0.07072283575932185,-0.018935521443684895,-0.06933437225719292,0.04391813650727272,-0.07868638758858044,-0.04308543400838971,-0.05558212101459503,0.023654316862424214,-0.0919191303352515,-0.13021666184067726,-0.08664283404747646,-0.11539241919914882,-0.1304551319529613,-0.11290759748468797,-0.09327246497074763,-0.13934887821475664,-0.11595662372807662,-0.0832945965230465,-0.13694574994345507,-0.0901128207333386
ERR3929030,0,-0.07717494169871013,-0.09949879130969445,-0.05189486779272556,-0.09862922535588343,-0.10662934680779775,0.009171165836354097,0.1123585154612859,-0.09808993836243947,0.027731717137309413,-0.12512713484466076,-0.06772814442714055,0.06435570741693179,-0.07979793846607208,0.09441852942109108,0.041910843923687935,-0.10997911108036836,0.04353895164482916,0.12485728164513905,0.10339436330832541,0.15034774504601955,0.2118245189388593,0.06907599559053779,0.04610099115719398,0.21534725402792296,0.009023305649558703,0.01136942207813263,0.04146265362699827,0.27767157554626465,0.016795969257752102,-0.09302919233838718,0.16588649402062097,-0.06995504877219598,0.014952997987469038,0.11393503410120805,-0.11002905449519555,-0.08661468202869098,-0.035043942431608834,0.03018909351279338,0.027111691733201344,-0.055203662564357124,0.10249342521031697,-0.05737626055876414,0.05008037947118282,-0.02774910939236482,-0.08774587512016296,-0.054294418854018055,-0.07496536833544572,0.039451888451973595,-0.07121024437947199,-0.08001270455618699,-0.07901315639416377,0.0011462830007076263,-0.09754862263798714,-0.12505741169055304,-0.11007675194802384,-0.1190987875064214,-0.12665680423378944,-0.1167310755699873,-0.11776424944400787,-0.1426237697402636,-0.1198329155643781,-0.0984990584353606,-0.1395660825073719,-0.09468563956518967
ERR3929031,0,-0.057513086746136345,-0.06670392071828246,-0.03754845509926478,-0.10738343093544245,-0.1103853415697813,0.08533601245532434,0.12423495824138324,-0.09558178794880708,0.08157141593983397,-0.1080588256008923,-0.0680303933719794,0.15588189785679182,-0.055989108979701996,0.14718109431366125,0.1677489479382833,-0.10168769272665183,0.05941117741167545,0.191051055987676,0.20950945963462195,0.21777111664414406,0.32390782982110977,0.11596484109759331,0.1508283686513702,0.2455517773826917,0.016267689876258373,0.026768581631282966,0.09572372026741505,0.3641672662148873,0.015628595526019733,-0.10090411190564434,0.15683946696420512,-0.08322083950042725,0.04042158850158254,0.06951936396459739,-0.13812583684921265,-0.09647462020317714,-0.061968509728709854,-0.027349233413891245,-0.028232534726460774,-0.07255689551432927,0.08866760383049647,-0.06433525681495667,0.04118062617878119,-0.07179467690487702,-0.105286439259847,-0.05333030208324393,-0.11423796912034352,-0.001947738230228424,-0.12751185366262993,-0.08633622775475185,-0.08521318932374318,-0.01618317949275176,-0.10488907620310783,-0.14680059626698494,-0.12175271885159115,-0.11791687769194444,-0.13314216894408068,-0.10538294135282437,-0.12458550371229649,-0.1272592886040608,-0.1107302891711394,-0.099024531741937,-0.1437550187110901,-0.10915779741480947
ERR3929032,0,-0.03802114476760229,-0.03318954166024923,-0.0319196991622448,-0.10548428446054459,-0.11078620702028275,0.11785263151493079,0.13645097985863686,-0.09206046598652999,0.15137974749086425,-0.08951204735785723,-0.06823534021774928,0.21867292250196138,-0.030559915738801163,0.179983830700318,0.23671120405197144,-0.09285082605977853,0.07678889048596223,0.22935883266230425,0.3093613510330518,0.2641822344933947,0.3659832974274953,0.13621702107290426,0.19440483332922062,0.2807037867605686,0.036977411868671574,0.041017837511996426,0.13424968486651778,0.42751455353572965,0.02388295717537403,-0.10982003373404343,0.16609166314204535,-0.09958557908733685,0.04497152008116245,0.06728267638633649,-0.14346047987540564,-0.09256180003285408,-0.08074958870808284,-0.03719957669576009,-0.051467335472504296,-0.09451034478843212,0.07533062994480133,-0.057618942111730576,0.029089135738710564,-0.08371530364577968,-0.11457522337635358,-0.046978392327825226,-0.11899429311354955,-0.019503080906967323,-0.1385677351305882,-0.09361299686133862,-0.08703215171893437,-0.015798597907026608,-0.09875245889027913,-0.14310943086942038,-0.1251266642163197,-0.11177896770338218,-0.1279515561958154,-0.09292378866424163,-0.12021504590908687,-0.12242827316125234,-0.10137762439747651,-0.09197655506432056,-0.1420143482585748,-0.11811877476672332
ERR3929033,1,-0.12863204690317312,-0.11104422093679507,-0.08473781604940693,-0.050458311180894576,-0.07526320529480775,-0.09153019698957603,0.08844177921613057,-0.09780791215598583,-0.015841120077917974,-0.151642224440972,-0.06181891386707624,-0.11626756253341834,-0.0840009804815054,-0.11232260211060445,0.023189911618828773,-0.11210693667332332,-0.018958890189727146,-0.015197757631540298,0.10228772088885307,-0.08377578544119994,-0.13403071276843548,-0.06259153286616008,-0.1349102525661389,0.026969509820143383,-0.001590277999639511,-0.0249373580639561,-0.10670938218633334,0.020259639209446807,0.0751555785536766,-0.044502517053236566,0.36718432046473026,0.2081541915734609,0.15196846860150495,0.5784588009119034,0.3834681011115511,0.08284610044211149,0.48956046253442764,0.4484095945954323,0.7202631545563539,0.07032091667254765,0.42420385653773945,0.13284759844342867,0.49953637396295864,0.46346555339793366,0.20660713377098242,0.2673225828136007,0.4772792576501767,0.4622053802013397,0.4953509436454624,0.5269787088036537,0.13762292824685574,0.7264309177796046,0.4854955629756053,0.3810901840527852,0.2744638432438175,0.011965012177824974,0.1675387341529131,0.19509880368908247,0.4928399696946144,0.04378740023821592,-0.09923665908475716,0.3451610083381335,0.3636988177895546,0.41481252759695053
ERR3929034,1,-0.12478532269597054,-0.11283921791861455,-0.08175140557189782,-0.05021802654179434,-0.07120236195623875,-0.09184185105065505,0.09917078788081805,-0.07140774900714557,-0.0335416094167158,-0.13537636771798134,-0.0680371883014838,-0.13121519361933073,-0.07286269093553226,-0.12563397362828255,-0.0008537597022950649,-0.11838356964290142,-0.04004628568266829,-0.03385820472612977,0.07607016588250796,-0.08840346522629261,-0.12309355723361175,-0.09719030062357585,-0.13127523784836134,-0.006515136609474818,-0.021172455201546352,-0.010222304767618576,-0.13035413498679796,0.0024293859799702964,0.0766400924573342,-0.03834152423466245,0.38431620597839355,0.27581304994722206,0.17595283066233,0.6618373493353525,0.41068169528928894,0.10116348508745432,0.5757441967725754,0.5726635418832302,0.8159413286484778,0.09048604716857274,0.4374496390422185,0.20514714159071445,0.47814796678721905,0.5333433412015438,0.2945442960287134,0.36534567674001056,0.583528491978844,0.51561463996768,0.584253885569827,0.6734467819333076,0.23098383781810602,0.8105011818309625,0.5571094652016958,0.4041719262798627,0.2849539870706697,0.08179679388801257,0.14580965166290602,0.2659217392404874,0.47730663294593495,0.13307498527380326,-0.055191432436307274,0.3668016841014226,0.42728929895868833,0.4241560858984788
ERR3929035,1,-0.12051245756447315,-0.10603454895317554,-0.09223474174117048,-0.0753729382219414,-0.08159051649272442,-0.03683824045583606,0.07698790977398555,-0.11701683327555656,0.008733378102382025,-0.16036138931910196,-0.0484424444536368,-0.08775140826279919,-0.09908917297919591,-0.09804850940903027,0.0600090983013312,-0.10878171895941098,-0.005826160311698914,-0.018093395978212357,0.10991278568205114,-0.04094553552567959,-0.09597605901459853,-0.02965604141354561,-0.10315021686255932,0.1309750385892888,0.01940370847781499,-0.04541522574921449,-0.03616788719470302,0.05531859335800012,0.09719700490434964,-0.06015996883312861,0.3322116540124019,0.12293339505170782,0.10714621050283313,0.3841162676302095,0.1920605165263017,0.009945967545111975,0.3742975890636444,0.20416960989435515,0.43413862337668735,-0.019232649356126785,0.36597226932644844,0.04049214720726013,0.440702635794878,0.32901015752577223,0.08577354291143517,0.12358686017493407,0.24970797697703043,0.30710944595436257,0.22615299373865128,0.18671789020299911,0.021341044455766678,0.5264257540305456,0.2782228464881579,0.20739038661122322,0.15892418898874894,-0.10323298287888368,0.07950914899508159,0.0044870747563739615,0.3497294954334696,-0.06576716403166454,-0.12596736972530684,0.17634237309296927,0.16232089915623268,0.27427934917310876
ERR3929036,1,-0.10775668391336997,-0.10528513432169954,-0.0633097675939401,-0.008823101952051124,-0.06039891640345255,-0.06506931471327941,0.11832109093666077,0.020059024294217426,-0.06052778683078941,-0.1108927099655072,-0.08397598999241988,-0.1135543769535919,-0.04411147783199946,-0.11077651381492615,-0.021784662230250735,-0.09016501271010686,-0.018822793538371723,0.0397174134850502,0.11612873019961019,-0.08022832187513511,-0.14720308035612106,-0.10144119337201118,-0.11282069111863773,-0.038413929442564644,-0.05766671895980835,0.006309281879415114,-0.12800962602098784,0.009436983615159988,0.13749885000288486,-0.0014116262561098363,0.3654635635515054,0.5195658355951309,0.4674093971649806,1.089410791794459,0.7664652491609255,0.24590445527185997,0.8551341245571772,0.8035049894824624,1.2803554758429527,0.27961288889249164,0.6043015991648039,0.6364346990982691,0.7735559257368246,0.7519244064266483,0.4760209172964096,0.6258710181961457,1.019012267390887,0.7873698882758617,0.9024350419640541,1.2056755721569061,0.5244589828653261,1.308060385286808,1.0100414839883645,0.8576967454282567,0.6085157642761866,0.3666206765919924,0.44797024689614773,0.6349944937974215,0.8914183887342612,0.35586194569865864,0.0009642665584882101,0.9007623419165611,0.9086102756361166,0.7747932796676954
ERR3929037,1,-0.11755678647508223,-0.1122892575028042,-0.08712988502035539,-0.06763665362571676,-0.07961258913079898,-0.04352103484173616,0.1094555693368117,-0.11668424991269906,0.008329476540287336,-0.1574834262331327,-0.05118918170531591,-0.10131761245429516,-0.0876371106132865,-0.09548936784267426,0.06525714012483756,-0.10692903337379296,-0.00472612368563811,0.012222347781062126,0.12411725024382274,-0.0679053021594882,-0.11638475395739079,-0.02550476665298144,-0.11980687112857898,0.1138341302673022,0.02571892241636912,-0.03611349811156591,-0.03014461665103833,0.04007809484998385,0.10132329414288203,-0.06551332275072734,0.39062229823321104,0.13876082437733808,0.06266707337150972,0.38658722924689454,0.21500099450349808,0.060240585977832474,0.41014314442873,0.28832812296847504,0.45813235982010764,-0.034051764756441116,0.3695239123577873,0.04175249254330993,0.4302319760123889,0.308072321737806,0.13513354367266098,0.19217185722663999,0.2919202682872613,0.2770335202415784,0.289823442697525,0.18347843550145626,0.06380836417277654,0.469722264756759,0.30753047494605806,0.2294183485209942,0.1701903250068426,-0.08974233580132325,0.08531751111149788,0.07285804177323978,0.4113120399415493,0.017761097600062687,-0.10756603197660297,0.19570016612609228,0.1576899215579033,0.2094106593479713
ERR3929038,1,-0.1042540396253268,-0.08922185733293493,-0.06614454369992018,0.013474876604353389,-0.06567458249628544,-0.07306261360645294,0.08805636192361514,-0.0005385273446639379,-0.03901827735535335,-0.11467540139953296,-0.09591284425308307,-0.11346781719475985,-0.04894716005461911,-0.1212915073459347,-0.002537543186917901,-0.08703814136485259,-0.04623377819856008,-0.003873498489459356,0.10807506367564201,-0.12807167569796243,-0.08186999118576448,-0.1274623361726602,-0.10377462146182855,-0.04913505042592684,-0.049218778808911644,0.0020455109576384225,-0.10856646299362183,-0.005880340933799744,0.1084141602962821,0.010058941940466562,0.46144431332747143,0.48003615780423087,0.2193011405567328,0.9204904139041901,0.6583262160420418,0.23853342095389962,0.8717061008016268,0.8150559806575378,1.1345060989260674,0.2310873344540596,0.5394856507579485,0.4554943187783162,0.7167921798924605,0.6979153280456861,0.4674160180147737,0.6308834962546825,0.9370003044605255,0.5911328827496618,0.8257841318845749,0.9651035343607267,0.40721372080345947,1.1421138122677803,1.0022071848313014,0.6092479030291239,0.3967586112363885,0.28911999116341275,0.23947905811170736,0.49210206388185423,0.7511395464340845,0.3999205317037801,0.05034449572364489,0.4921201852460702,0.6303463031848272,0.42827609181404114
ERR3929039,1,-0.09818945134369035,-0.08701704318324725,-0.06043422035872936,-0.008535007868583003,-0.06432405362526576,-0.07067246393611033,0.07166007782022159,0.04084328313668569,-0.06495121081146256,-0.1133082111676534,-0.09242973818133275,-0.10573688894510269,-0.045398349252839885,-0.11944788446029027,-0.014987339673098177,-0.08684049050013225,-0.05006906700630983,0.029900554567575455,0.11670338548719883,-0.12012630204359691,-0.1134714645644029,-0.12635855687161288,-0.10517208185046911,-0.04617111757397652,-0.06366786112387975,-0.008337692668040594,-0.10813074683149655,-0.004026388128598531,0.13723354848722616,0.03443960263393819,0.42998942732810974,0.5552610941231251,0.39163161255419254,1.0686473945776622,0.8278145268559456,0.3569278431435426,0.967880388100942,0.8657709254572789,1.3302186677853267,0.2553838739792506,0.5959077104926109,0.6749145438273748,0.8707258502642313,0.7717436626553535,0.503934004654487,0.6914627477526665,1.1133026356498401,0.7163009460394582,0.9316186470290025,1.2208042691151302,0.5139935907597343,1.330317643781503,1.1129196385542552,0.8360149394720793,0.5842314258528253,0.44708219915628433,0.45411180953184765,0.7119822033370534,1.0018396154046059,0.45874141280849773,0.06872605780760448,0.7954420025149981,0.8515470388034979,0.6111269804338614
ERR3929040,1,-0.025665250917275746,-0.08965454809367657,-0.05723650318880876,-0.09786702040582895,-0.1044235856582721,-0.0110891650741299,0.09128468732039134,-0.11112062881390254,-0.008709254364172617,-0.1268697939813137,-0.06208477541804314,0.027959630514184635,-0.08512682840228081,0.04696541031201681,0.015498573581377665,-0.09943157616847505,0.00048327740902702015,0.10847890353761613,0.10922514895598094,0.08394891209900379,0.10923701028029124,0.0906859040260315,0.029959441473086674,0.2793949494759242,0.047021694791813694,-0.0173079085846742,-0.0018581909437974293,0.21499120257794857,0.03777442996700605,-0.09554020377496879,0.2730043064802885,-0.07229223288595676,0.12135809659957886,0.11672356629666562,-0.011559738467137018,-0.04017424024641514,0.0062475174975891905,0.03347963591416677,0.05129368044435978,-0.09976806988318761,0.13610190091033778,-0.018014806012312572,0.11404603719711304,0.02490122305850188,-0.01402501513560613,-0.046291833743453026,-0.0948812859132886,0.1065828191737334,-0.0092215562860171,-0.006800173160930474,-0.09702296710262696,0.08838177720705669,-0.11667747609317303,-0.05579082481563091,-0.0640082440028588,-0.09328521601855755,-0.08695006401588519,-0.09631971456110477,-0.0005967319011688232,-0.14772705361247063,-0.13175535450379053,-0.06345870656271775,-0.11564321008821328,-0.03435950415829817
ERR3929041,1,-0.07541331648826599,-0.09067253791727126,-0.08709315086404483,-0.10319625058521827,-0.1002355230351289,-0.01958579694231351,0.08925991381208102,-0.11378552826742332,-0.02959034964442253,-0.13397439569234848,-0.0634014184276263,0.01908850483596325,-0.1184196670850118,-0.02144564315676689,0.028824215133984882,-0.11512607134257753,0.015771962081392605,0.06676936764658119,0.09796718880534172,0.08139195665717125,0.0820010577638944,0.06611982857187589,0.01882168836891651,0.2060058986147245,0.006120260804891586,-0.009818617875377337,-0.04395173490047455,0.17222076188772917,0.026632675901055336,-0.09925390717883904,0.23358284961432219,-0.028133333350221317,0.10548162336150806,0.17600162668774524,-0.026999227702617645,-0.06171253385643164,0.05680053308606148,0.0777396069218715,0.09126859841247399,-0.08240063084910314,0.18262945301830769,-0.029505829016367596,0.16111889109015465,0.06368883761266868,0.0014993672569592793,-0.022634855781992275,-0.04118606944878896,0.13696733862161636,0.011572086562712988,-0.00364398459593455,-0.05680344129602114,0.12604462603727976,-0.06373810706039269,-0.030986342579126358,-0.038943941394488014,-0.08614260802278295,-0.06939802025590325,-0.11073022273679574,0.013710769514242807,-0.1504058986902237,-0.13531370957692465,-0.016247926900784176,-0.09901629636685054,0.0027506503586967788
ERR3929042,1,-0.10426444991026074,-0.10358906288941701,-0.05955314667274555,-0.04088967829011381,-0.07047980402906735,-0.09284763627996047,0.09168583154678345,-0.05049365106970072,-0.05434642929079322,-0.12131349618236224,-0.07940435564766328,-0.11110056727193296,-0.04729410392853121,-0.0995122380554676,-0.023663788044359535,-0.08712178321244816,-0.025900699198246002,0.06486726241807143,0.11072206039292116,-0.07483465783298016,-0.1485748626291752,-0.1009135078638792,-0.11300258835156758,-0.06877391288677852,-0.08397175495823224,-0.0027432997400561967,-0.1252963456014792,0.01454247534275055,0.11179132449130218,0.02924506632067884,0.3226774496336778,0.594080230842034,0.6518492524822553,1.2121890485286713,0.8942195673783621,0.31986912495146197,0.9768135299285253,0.9466124468793472,1.54885030289491,0.4216522251566251,0.8068947692712148,0.7009140600760778,1.0012319882710774,0.8547539313634237,0.6528424099087715,0.7086056421200434,1.2302924270431201,0.9067185452828804,1.1432244889438152,1.4845053901274998,0.7032785440484682,1.6588088174661,1.3093214829762776,1.1412683551510174,0.9376660846173763,0.5873321359589075,0.6804358915736278,0.8710294778769215,1.1963308999935787,0.4970289183159669,0.11079886555671692,1.1969165230790775,1.2063422774275143,0.9096773751080036
ERR3929043,1,-0.11075475268686812,-0.10602506979679067,-0.06728103896602988,-0.04368442211610576,-0.07262911771734555,-0.07086633859823148,0.09479365622003873,-0.0573416892439127,-0.05380035662528826,-0.12136223601798217,-0.07205770040551822,-0.11401657030607264,-0.045758599725862346,-0.12387663622697194,0.029523564172753442,-0.09484556255241235,-0.05454384752859672,-0.03009962725142638,0.11481069400906563,-0.09968184990187486,-0.132579422245423,-0.11100278546412785,-0.11748295743018389,-0.07266938189665477,-0.06688583393891652,0.030756603402551264,-0.10028071299893782,-0.031879725507072486,0.05570379206134627,-0.0022243084385991096,0.442606545984745,0.5158581795791785,0.4188839594523112,0.9777985612551371,0.6797236713270346,0.2212255628158649,0.8260995124777158,0.8537517373139659,1.2158766573605437,0.2731057479977608,0.6385136619210243,0.4435408065716426,0.8042215257883072,0.7355823007722696,0.5438873817523321,0.6259807012975216,0.9298745996008316,0.7492986992001534,0.9363105396429697,1.1343527560432751,0.5200877628910044,1.2345259475211303,1.0438766156633694,0.7402792486051718,0.6054559350013733,0.4333519774178664,0.3618250551323096,0.6183055421958367,0.8120422475039959,0.39039019991954166,0.12359942868351936,0.6902017220854759,0.8024441382537285,0.6504512131214142
ERR3929044,1,-0.11382575969522198,-0.10540676179031531,-0.06615131969253223,-0.03658463685618093,-0.06771766828993957,-0.067929624269406,0.09359535264472167,-0.07793534422914188,-0.05972664116658658,-0.12215766434868176,-0.07581861379245917,-0.11543865610534947,-0.0470849204963694,-0.12276864300171535,0.02696894609834999,-0.09205349270875256,-0.054923334469397865,-0.03125459887087345,0.11866283595251541,-0.09928114401797454,-0.1365256073574225,-0.10747000575065613,-0.11647624662145972,-0.07872494806845982,-0.06711676220099132,0.015587283298373222,-0.09837125971292456,-0.028670516175528366,0.07065901129196088,-0.0017351278414328892,0.4321194651226203,0.4801718244949977,0.42276277889808017,0.9420641163984934,0.6410981168349584,0.22581134596839547,0.7772363970677058,0.8433493413031101,1.212595244248708,0.26158731430768967,0.6461605827013651,0.4545264045397441,0.7748664996276299,0.6905730962753296,0.4966248447696368,0.6053752346585194,0.9164170747001966,0.7360868155956268,0.9099750022093455,1.1329727446039517,0.4802894831324617,1.230714778105418,1.0297779515385628,0.7777168630079055,0.5926901294539372,0.4102744211753209,0.35916835628449917,0.58644198688368,0.8204249702394009,0.3531353467454513,0.10352811341484387,0.694372121244669,0.7907365038990974,0.6456364585707585
ERR3929045,1,-0.1175213442184031,-0.09471827869613965,-0.07403343993549545,-0.052664970979094505,-0.07372426986694336,-0.09487744451810916,0.10352588569124539,-0.07226085600753625,-0.042165844895256065,-0.13151040424903235,-0.06303877073029678,-0.10951812363540132,-0.052129387545088925,-0.10647458583116531,-0.019686290761455894,-0.0892973025329411,-0.04203969116012255,0.03696515162785848,0.10487927616729091,-0.07423474701742332,-0.15350322425365448,-0.08877378391722839,-0.11872515641152859,-0.027928429345289867,-0.057467526445786156,0.022742008169492085,-0.13598164295156798,0.019362868120272953,0.11764178983867168,-0.0067153191193938255,0.3265857435762882,0.48914206846772385,0.5892396382987499,1.1223118503888447,0.7844976435105006,0.2672947123646736,0.8316458861033121,0.7884297128766775,1.3517171802620094,0.3225521221756935,0.7179510295391083,0.5691612859567007,0.8653799618283907,0.7794507592916489,0.5473651637633642,0.546068579579393,1.0538473054766655,0.8544659813245138,1.0009200510879357,1.2964536771178246,0.5791889131069183,1.4848569606741269,1.1137861634294193,1.024477057158947,0.8230205516641339,0.4956793027619521,0.5922482535243034,0.7234078872328004,1.0262072930733364,0.37189865795274574,0.025365648170312245,1.0809259886542957,1.0566548313945532,0.853855162858963
ERR3929046,0,-0.11255813265840213,-0.08769347208241622,-0.09304837509989738,-0.08786194565861176,-0.08782404971619447,-0.0009077565434078375,0.10607598473628362,-0.11339124043782552,0.03454206263025602,-0.13413936272263527,-0.04547714193662008,-0.034928166617949806,-0.1161288892229398,-0.07179783036311467,0.046400606632232666,-0.12623047331968942,0.024417678515116375,0.08826646701587985,0.16831708575288454,0.05002418036262194,0.017376373211542766,0.028649597739179928,-0.028877312162270147,0.22682494157925248,0.028670073797305424,-0.01793646067380905,-0.01782408480842908,0.14648389319578806,0.07114641803006332,-0.09475274073580901,0.27640946457783383,0.043199360060195126,0.01441930482784907,0.21549138131861886,0.0064453740293780966,-0.030727658420801163,0.25377534271683544,0.10041698378821214,0.21862707779897997,-0.08556609856896102,0.20945723354816437,-0.04447003702322642,0.30481360107660294,0.13450206785152355,0.04781895813842615,0.10188007727265358,0.10012746043503284,0.1166864912956953,0.09249807894229889,0.004111937557657559,-0.03356447691718737,0.11093627537290256,0.0825205622240901,-0.02097645898660024,0.05476591798166434,-0.10283639592429002,-0.023776862149437267,-0.10667749214917421,0.1991765983402729,-0.1386656624575456,-0.1461547575891018,0.020608247568209965,-0.04052927903831005,-0.0068994297956426935
ERR3929047,0,-0.07130967949827512,-0.06340029137209058,-0.06948158897284884,-0.10711780632846057,-0.10933065724869569,0.07076355628669262,0.09979805101950963,-0.11335733470817407,0.01177608718474706,-0.13145469998319945,-0.029915185024340946,0.014301996678113937,-0.09628548907736938,0.022169210327168305,0.07386808345715205,-0.1117117606724302,0.042265429782370724,0.07702462902913491,0.13863215440263352,0.08454406633973122,0.027845747768878937,0.0911634440223376,0.013360670457283655,0.2594861090183258,0.05730960021416346,-0.03009257713953654,0.0056051698823769884,0.1695680320262909,0.05958013112346331,-0.09513182348261277,0.25706563020745915,-0.017041363132496674,0.05929777522881826,0.177627711246411,0.001082959274450938,-0.0561203428854545,0.11219899666806062,0.014659852410356203,0.059959822023908295,-0.10477215982973576,0.18487592041492462,-0.027382872998714447,0.21486731556554636,0.09410750990112622,-0.007587114659448464,-0.044045429676771164,-0.020144615322351456,0.11043159073839585,-0.012314796447753906,-0.0497474359969298,-0.07064026097456615,0.10125698645909627,-0.03369865597536167,-0.03451008202197651,-0.02059984455506007,-0.10819946664075057,-0.04369462374597788,-0.11983936900893848,0.11903593689203262,-0.15786776691675186,-0.14524491131305695,-0.01515988384683927,-0.09136699326336384,-0.0030333474278450012
ERR3929048,0,-0.1265969748298327,-0.12478898589809735,-0.07792783404390018,-0.055981524754315615,-0.07835611080129941,-0.053974428524573646,0.09775667140881221,-0.10962487198412418,0.05984114855527878,-0.160053384800752,-0.05461354677875837,-0.11473143907884757,-0.08226403687149286,-0.12006863625720143,0.07095734030008316,-0.10427930640677611,-0.00833860288063685,0.020114076944688957,0.13240613291660944,-0.05009014097352823,-0.10692752959827583,-0.04052618518471718,-0.11275449271003406,0.09718713412682216,0.0254900890092055,-0.030247151230772335,0.0018542464822530746,0.05552046683927377,0.10138649058838685,-0.04960550367832184,0.37400058563798666,0.15420900968213877,0.06780277503033479,0.40448518462168676,0.18060191720724106,0.017626021057367325,0.45113950967788696,0.2500127994765838,0.4479968501254916,-0.0570802396008124,0.36563832188646,0.016987005869547527,0.46671924119194347,0.2934950285901626,0.1580095775425434,0.22683952826385698,0.33110519374410313,0.23004400605956712,0.2946495587627093,0.187471284220616,0.02765844017267227,0.4715834322075049,0.3414289553960164,0.16753576385478178,0.19272166676819324,-0.1203410088395079,0.0837709956491987,0.00824933871626854,0.37616754397943925,-0.00862490882476171,-0.11279294764002164,0.18271193653345108,0.18608336771527925,0.1534855104982853
ERR3929049,0,-0.042211915055910744,-0.03693252126686275,-0.04674324889977773,-0.11477964992324512,-0.11272791959345341,0.12489614387353261,0.09383498628934224,-0.11173067676524322,0.029268749058246613,-0.1115561385328571,-0.03692005202174187,0.05058407659331957,-0.08391204290091991,0.06547011807560921,0.09369372793783744,-0.10910365637391806,0.03911358304321766,0.11358793452382088,0.24884099327027798,0.14026573269317547,0.09425034249822299,0.12991019835074744,0.061959221959114075,0.3216896789769332,0.08465757096807162,-0.01746571684877078,0.07799560980250438,0.24422158052523932,0.0817830537756284,-0.09467506688088179,0.26912940107285976,-0.06779289928575356,0.07815863192081451,0.1236436702311039,-0.051676797990997635,-0.08136093608724575,0.019486601154009502,-0.059351250529289246,0.010352466876308123,-0.12508919835090637,0.16543610642353693,-0.0038162420193354287,0.16242661948005357,0.03096098604146391,-0.0412774421274662,-0.04994030483067036,-0.09469779829184215,0.06393958057742566,-0.0897926955173413,-0.051756343726689615,-0.10515815019607544,0.0629555806517601,-0.10651825073485573,-0.08677706494927406,-0.06243415859838327,-0.11215341587861379,-0.07970726365844409,-0.1270996710906426,0.04843013174831867,-0.15381351858377457,-0.14081828172008196,-0.04048864760746559,-0.12380494363605976,-0.07709967795138557
ERR3929050,0,-0.12012632843106985,-0.11240795844544967,-0.08640269143506885,-0.07558457041159272,-0.07710341302057107,-0.04123403721799453,0.0911766563852628,-0.11309718899428844,0.029088752965132397,-0.15951552242040634,-0.04422669733564059,-0.09568569413386285,-0.09169106045737863,-0.1103929653763771,0.08932868267099063,-0.10927456755113478,-0.006567938253283501,-0.02094223878035943,0.11490112729370594,-0.039361819004019104,-0.09962788664658244,-0.006940471629301707,-0.1080035373258094,0.11903886357322335,0.008749338487784067,-0.036108558143799506,-0.05340167228132486,0.03863324659566084,0.0831536961098512,-0.05851989487806956,0.3359424974769354,0.1653955455403775,0.12267075541118781,0.42993866248677176,0.22345881164073944,0.03154292330145836,0.39793070902427036,0.30244110773007077,0.4233698562020436,-0.03414606675505638,0.35465105312565964,0.034464252491792045,0.44078845903277397,0.33504863145450753,0.17904918578763804,0.15855062225212654,0.3071109317243099,0.31292450552185375,0.2808203051487605,0.20210931884745756,0.07813220835911731,0.5045652575790882,0.3028828340272109,0.24575471257170042,0.18777914655705294,-0.07686402648687363,0.13624156390627226,0.033023624370495476,0.3948106424262126,-0.05697856595118841,-0.12320433681209882,0.2505703270435333,0.19208707419844964,0.3042081914221247
ERR3929051,0,-0.09422923003633817,-0.10258357506245375,-0.09467029199004173,-0.0759598275180906,-0.09578148648142815,-0.07999769303326805,0.10766486823558807,-0.10297103847066562,0.015849373613794644,-0.12128364170591037,-0.07455531135201454,-0.009177745319902897,-0.12595348122219244,-0.012332292894522348,0.0018173108498255413,-0.11652603124578793,0.05252737055222193,0.15345029129336277,0.14149163415034613,0.09813180255393188,0.15438560023903847,-0.004735748904446761,0.032818765845149755,0.1896318318322301,0.016304340834418934,0.0033724351475636163,-0.0488811939333876,0.23409791166583696,0.04871695302426815,-0.0918618580326438,0.2726619311918815,-0.033907651367674894,0.0542785127957662,0.10944267983237903,-0.08713444570700328,-0.08134153361121814,0.04805175308138132,0.09274778142571449,0.1015560884649555,-0.08313015227516492,0.12904725223779678,-0.042351990938186646,0.0835769350330035,0.03093661096257468,0.0055363426605860395,0.05318960205962261,-0.05000634056826433,0.08070983986059825,-0.02015568067630132,-0.03349160961806774,-0.093754177292188,0.014622979797422886,-0.09371741240223248,-0.1255103014409542,-0.06578382601340611,-0.10087609353164832,-0.0935636634627978,-0.10956499228874843,-0.04629799475272497,-0.14447478701670965,-0.11905166630943616,-0.057203589007258415,-0.14069118102391562,-0.12361215706914663
ERR3929052,0,-0.10303127951920033,-0.1170756109058857,-0.10044112925728162,-0.06978078093379736,-0.08636255624393623,-0.10864682495594025,0.09587647144993146,-0.10000654185811679,-0.014341121849914392,-0.14589899654189745,-0.07454698905348778,-0.0902569026996692,-0.10968419816344976,-0.08223351836204529,0.011069559181729952,-0.10379368532449007,-0.03990654647350311,-0.022650267113931477,0.020849200586477917,-0.04135825112462044,-0.05651515147959193,-0.037120754520098366,-0.09804578047866623,0.08307528744141261,0.038359739196797214,-0.03495333840449651,-0.11483242424825828,0.04915539175271988,0.043206132327516876,-0.06311709247529507,0.33775926008820534,0.05437002175798019,0.12461589152614276,0.36262730198601884,0.20428058070441088,0.024848986727495987,0.29221819962064427,0.2595778573304415,0.40282548156877357,-0.022834886486331623,0.25668750889599323,0.04525994509458542,0.30468087395032245,0.28370915943135816,0.16932651214301586,0.13370971692105135,0.2132026944309473,0.25996745005249977,0.3307310516635577,0.26153454176771146,-0.006487016876538594,0.4142187697192033,0.13900940647969642,0.1952968736489614,0.08490963031848271,-0.05116168533762296,0.03964018325010935,0.06366691955675681,0.22367596874634424,-0.07879665742317836,-0.12090630208452542,0.16454469288388887,0.050573750088612236,0.21339565080900988
ERR3929053,0,-0.12348076173414786,-0.12573515189190707,-0.09510281340529521,-0.07623543334193528,-0.07995945649842422,-0.08125837830205758,0.0998998371263345,-0.1087591244528691,0.007043630039940278,-0.1456798849006494,-0.05693809067209562,-0.10507123668988545,-0.10046279647698005,-0.10791705921292305,0.030003665015101433,-0.11639237648341805,-0.021167416125535965,0.016333892786254484,0.04333111892143885,-0.0766485280667742,-0.04423374279091755,-0.03276854753494263,-0.10570129534850518,0.11552685623367627,-0.027041371911764145,-0.031755966444810234,-0.09889784331123035,0.03498514244953791,0.052535723273952804,-0.050163664699842535,0.3258099742233753,0.1502597969568645,0.0804026611149311,0.3825780274346471,0.19852287818988165,0.003482816624455154,0.361314336458842,0.3200471196323633,0.45816614385694265,-0.02294645148018996,0.27082015946507454,0.04816580067078272,0.3237893817325433,0.2785660039323072,0.14782868574062982,0.1865523587912321,0.29916807760794956,0.2618792746216059,0.3241367693990469,0.23485393449664116,0.06275835260748863,0.43565133151908714,0.23091924842447042,0.2132222019135952,0.12535887118428946,-0.07991432305425406,0.06542883875469367,0.029171429264048736,0.2741065447529157,-0.058091726154088974,-0.11093079919616382,0.13537831604480743,0.12365578922132651,0.22751352532456318
ERR3929054,0,-0.09284691823025544,-0.10241713281720877,-0.091456130767862,-0.0887171933427453,-0.083507699581484,-0.07532117950419585,0.11019600927829742,-0.11591710771123569,-0.006019994616508484,-0.14565207188328108,-0.05925199637810389,-0.06360358248154323,-0.1137630312393109,-0.06969655056794484,0.003175418203075727,-0.11656045603255431,-0.008378297711412111,-0.013253794983029366,0.04942497797310352,0.006497032940387726,-0.05574332612256209,-0.04249907657504082,-0.07564235540727775,0.08372948194543521,-0.00047718485196431476,-0.048670670638481774,-0.09017058958609898,0.108030599852403,0.0456563929716746,-0.0778240766376257,0.27449809650230844,0.05343120413211485,0.07130169123411179,0.34537795061866444,0.07073639705777168,-0.03343871080627044,0.2609318556884925,0.23127615839863816,0.40210681905349094,-0.03496211674064398,0.30351754153768223,0.0018079305688540142,0.3498840754230817,0.2156351146598657,0.1467294581234455,0.14391198956097165,0.14880354578296343,0.23203397014488777,0.29529928633322317,0.21495575147370496,0.07278277911245823,0.43048836166659993,0.17979107797145844,0.08306396628419559,0.09920044569298625,-0.07813459231207769,-0.004172309457014005,-0.06607476590822141,0.18043755491574606,-0.13085024462391934,-0.13429231569170952,0.14009930938482285,0.025835330908497173,0.18057700898498297
ERR3929055,0,-0.1197475033501784,-0.11244719102978706,-0.0909144775941968,-0.0815773979605486,-0.08383081046243508,-0.07141547153393428,0.10751267522573471,-0.12183082848787308,0.01814918282131354,-0.1446874737739563,-0.06354602302114169,-0.0372798852622509,-0.11160022703309853,-0.09801075235009193,0.030560604607065518,-0.11981010142092903,-0.00020358587304751077,0.039600697346031666,0.1238594800233841,0.003951338430245717,0.001851262291893363,-0.013314466923475266,-0.03817463060840964,0.11570941284298897,-0.010248777767022451,-0.025406190504630406,-0.06800516446431477,0.0889466144144535,0.06900220550596714,-0.0810060774286588,0.2982609122991562,0.05512155188868443,0.08011320730050404,0.30488089223702747,0.06610492182274659,-0.03944207805519303,0.22952410330375037,0.21646271995268762,0.29797481062511605,-0.047062029441197716,0.25733670716484386,-0.01506816657880942,0.32581861317157745,0.18196844030171633,0.1020805723965168,0.16276456974446774,0.12978539677957693,0.16181423949698606,0.1838634411493937,0.1406256966292858,0.0027863656481107077,0.25415464987357456,0.10070132960875829,0.027313127492864925,0.06943642720580101,-0.0931245641161998,-0.008455201983451843,-0.10406763168672721,0.20023080706596375,-0.15333667894204459,-0.14212456345558167,0.10041815787553787,-0.02292134054005146,0.09657248451064031
ERR3929056,0,-0.1290867906063795,-0.1167433640609185,-0.08608765170599024,-0.07875142432749271,-0.07746196289857228,-0.08854398131370544,0.11216120421886444,-0.1073695154239734,-0.003973211006571849,-0.14701848477125168,-0.05924771601955096,-0.10184955814232428,-0.08914463936040799,-0.12225840489069621,0.04010863291720549,-0.11452632816508412,-0.0168986643354098,-0.02273155314226945,0.08263244798096518,-0.046875362594922386,-0.09399246703833342,-0.03698368246356646,-0.11210512928664684,0.07275740026428441,-0.029258307069540024,-0.011133546940982342,-0.10346126680572827,0.014758987973133722,0.0540109487871329,-0.07673856367667516,0.3312493748962879,0.17629640572704375,0.13903596562643847,0.4939678981900215,0.259756160279115,0.06339979094142716,0.4379465604821841,0.4274841596682866,0.5508603447427353,-0.007711654528975487,0.34236223561068374,0.07623936329036951,0.38462911918759346,0.39673648308962584,0.23480101861059666,0.23224177646140257,0.37980899897714454,0.35348836705088615,0.41885117006798583,0.28483975927035016,0.13055499518911043,0.5194193025430044,0.3605075279871623,0.3129802867770195,0.19600413468045494,-0.039277185375491776,0.15657938799510399,0.09350196551531553,0.35796065504352254,-0.03302010397116343,-0.10772242036182433,0.3088633567094803,0.23806227184832096,0.32958598497013253
ERR3929057,0,-0.1353020997097095,-0.12068339437246323,-0.06772398840015133,-0.045901914282391466,-0.07126162542651097,-0.0914021364102761,0.12967162330945334,-0.11463020431498687,0.017755689254651468,-0.14722191045681635,-0.04616690675417582,-0.10745290853083134,-0.07086922166248162,-0.12646543979644775,0.0367724122479558,-0.11192320877065261,-0.0070527394612630205,-0.012327487270037333,0.108989417552948,-0.07278184903164704,-0.1313722636550665,-0.057041771709918976,-0.11371213399494688,0.026753885050614674,-0.02949194610118866,-0.0317398967842261,-0.06828391924500465,0.024440177405873936,0.10253772884607315,-0.06606309426327546,0.37321468194325763,0.2495543702195088,0.14906938203300038,0.5640967153012753,0.2726717326634874,0.023813520092517138,0.5481990873813629,0.49119791729996604,0.7243602238595486,0.04484396738310655,0.42532514594495296,0.07318221032619476,0.5372544825077057,0.4605735559016466,0.2904997608469178,0.3342278317237894,0.47815836903949577,0.4062912135074536,0.5399133743097385,0.40794865662852925,0.1591561958193779,0.676322748263677,0.4714524131268263,0.3079347213109334,0.24541810511921844,-0.07522876188158989,0.1576588032670164,0.06611109649141629,0.40100344891349476,0.017774519821008045,-0.0983860461662213,0.2740524833401044,0.35368455946445465,0.317022611387074
ERR3929058,1,-0.11296469066292048,-0.12315686047077179,-0.08441367108995716,-0.07458945317193866,-0.08047441393136978,-0.0753549871345361,0.09032195930679639,-0.11836373868087928,-0.01944593347919484,-0.15424537907044092,-0.07548253610730171,-0.09777779504656792,-0.09375511451313893,-0.11626626163100202,0.020849899699290592,-0.119628610710303,-0.016656986127297085,-0.016834205016493797,0.08926606426636378,-0.029975396891434986,-0.11362791433930397,-0.05314916372299194,-0.11944340076297522,0.023461148763696354,-0.008790829529364904,-0.04838493590553602,-0.07832675023625295,0.039056647568941116,0.09143512696027756,-0.0629179176564018,0.32816071684161824,0.1245274469256401,0.10185295188178618,0.43806882699330646,0.21740482623378435,0.04394396394491196,0.4037114419043064,0.3202348531534274,0.5014558484156927,-0.0021997221435109773,0.4239688130716483,0.050006646662950516,0.42949262261390686,0.36319981173922616,0.1657973456506928,0.2519779425735275,0.34214120854934055,0.312312338501215,0.3707550015921394,0.2463620255390803,0.098097229997317,0.5687255946298441,0.38428917651375133,0.2517993717143933,0.2252724813297391,-0.05668776171902815,0.026119553484022617,0.03764272077629963,0.33972641701499623,-0.04460438837607702,-0.12905669088164964,0.2629946445425351,0.15410393724838892,0.26096174865961075
ERR3929059,1,-0.11295357466830562,-0.10048397288968165,-0.07549111234645049,-0.0047831782915939884,-0.06353849172592163,-0.05991226465751728,0.10575732899208863,-0.025264207273721695,-0.06224325303871107,-0.12166441076745589,-0.056426942348480225,-0.11204513472815354,-0.04795899117986361,-0.12234160366157691,-0.05105319029341141,-0.07416073915859063,-0.04748747435708841,0.052011084432403244,0.05904418872281288,-0.09844089423616727,-0.14401185885071754,-0.10978579831620057,-0.11500768642872572,-0.059535919378201164,-0.07527971888581912,0.05608252684275309,-0.12538783686856428,0.02041143799821536,0.12009748863056302,-0.022264454513788223,0.334792119761308,0.420988059292237,0.3870200254023075,1.0049108068148296,0.8045699372887611,0.25820921671887237,0.8599552338322004,0.8134479088087877,1.2996207649509113,0.25942254190643627,0.5824069082736969,0.5993458436181148,0.806877002120018,0.5870182501773039,0.4601664071281751,0.6168205651144186,1.0159143383304279,0.7778463599582514,0.8640518635511398,1.2519370143612225,0.5030540923277537,1.2393128834664822,0.9282695986330509,0.9900391598542532,0.6195260100066662,0.5465689313908418,0.4762861045698325,0.7490395220617453,1.0801830887794495,0.37012730600933236,0.08102235446373622,0.8078577431539694,0.824298806488514,0.7078974383572737
ERR3929060,1,-0.0976686564584573,-0.09879690936456124,-0.10131813461581866,-0.0896415882743895,-0.09392718970775604,-0.02477882181604703,0.10231863086422284,-0.12185631444056828,0.03703675667444865,-0.13173646107316017,-0.057157633205254875,-0.01826811923334996,-0.11911206382016341,-0.03432265172402064,0.030146473397811253,-0.11282810692985852,0.025213147203127544,0.0968445638815562,0.1313919872045517,0.0419885249187549,0.15075490872065225,0.033645388359824814,0.018344135334094364,0.20425833389163017,0.012184729178746542,-0.036341765274604164,-0.027759328484535217,0.17720460891723633,0.0844108338157336,-0.10831097125386198,0.32016172415266436,0.015909427776932716,0.03108065327008565,0.17719939475258192,-0.054337917206188045,-0.06664146420856316,0.11149864069496591,0.07730959759404261,0.18153500696644187,-0.08096314283708732,0.19216019287705421,-0.04134455819924673,0.23775406554341316,0.06877817244579394,0.004502543558677037,0.07525016351913412,0.002721404346326987,0.049588228886326156,0.07301402588685353,-0.0056411052743593855,-0.08195003618796666,0.07291037465135257,-0.025830791642268498,-0.06525102878610294,-0.004783112555742264,-0.11140069551765919,-0.08529749877440433,-0.11808963927129905,0.05958364779750506,-0.14381211499373117,-0.13718955467144647,-0.04040048954387506,-0.08743428772625823,-0.06398951867595315
ERR3929061,1,-0.1163773025230815,-0.10695662535727024,-0.06754918334384759,-0.007248280802741647,-0.06319643805424373,-0.08070695865899324,0.10402827585736911,-0.019166329875588417,-0.060140483711923785,-0.12690369226038456,-0.07261002995073795,-0.11252961525072654,-0.0483359779852132,-0.11975536867976189,-0.01963589945808053,-0.10702380972603957,-0.03704346592227618,0.0005964860320091248,0.10705343323449294,-0.08133544214069843,-0.14164637525876364,-0.11380665687223275,-0.1093090061719219,-0.07147331535816193,-0.06651316583156586,-0.009650312829762697,-0.13292510186632475,0.014963087936242422,0.11718121295173962,-0.021628031507134438,0.3775729089975357,0.44954797873894375,0.35023612653215724,0.981752872467041,0.6345776716868082,0.17258473423620066,0.7598348930478096,0.7800090449551741,1.211472695072492,0.2916022712985675,0.6256541634599367,0.47460561618208885,0.754127454633514,0.7109474052364627,0.4264845134069522,0.5625135203202566,0.916420228468875,0.7613419890403748,0.8464232124388218,1.1489151492714882,0.435560488452514,1.2242965586483479,0.8927769213914871,0.7089651351173719,0.5477946574489275,0.35548589130242664,0.27613730480273563,0.5148847050343951,0.8138704126079878,0.31203241894642514,0.003200780600309372,0.686963198085626,0.7953812790413698,0.6327326508859793
ERR3929062,1,-0.0994047832985719,-0.07053337059915066,-0.09243698604404926,-0.09364501402402918,-0.08704362375040849,0.013088264968246222,0.10504266247153282,-0.11293882504105568,0.03594054592152437,-0.12577757239341736,-0.0542786568403244,0.061193411548932396,-0.10980002081487328,-0.022834844887256622,0.06615126691758633,-0.1267291847616434,0.02800045038263003,0.15338336924711862,0.2540703782190879,0.11448611319065094,0.16530576162040234,0.07346979156136513,0.04400744692732891,0.19357352703809738,0.03219750733114779,0.007449351872007052,0.015316780404342959,0.268134777705806,0.08202762715518475,-0.10738989803940058,0.25659870604674023,-0.03929825375477473,0.055817048996686935,0.12918606276313463,-0.09465083650623758,-0.08577632407347362,0.06045014294795692,0.04931647082169851,0.10912718872229259,-0.09474358148872852,0.21866689870754877,-0.049431045850118004,0.21079697211583456,-0.0016174372285604477,-0.03975874309738477,0.12305154154698054,0.006043949164450169,0.0689243646338582,-0.04354896768927574,0.016956917941570282,-0.071084164083004,0.01366712898015976,-0.060843873769044876,-0.13485674435893694,0.011653616403539976,-0.10840309349199136,-0.09248591059197982,-0.11477126025905211,0.1171054740746816,-0.15068463732798895,-0.13104441513617834,-0.034740813076496124,-0.09386165564258893,-0.10297882898400228
ERR3929063,1,-0.10592285175031672,-0.1064943945966661,-0.059443590541680656,-0.010914435610175133,-0.06454512383788824,-0.05290195749451717,0.05678441748023033,-0.04096041681865851,-0.07948557268052052,-0.126614007477959,-0.08856210337641339,-0.11054590390995145,-0.05172095292558273,-0.12247824668884277,-0.042568380381756775,-0.11144668546815713,-0.06480774159232776,0.007876881708701452,0.11478850761583696,-0.06648041432102521,-0.14098438496390978,-0.10700990508000056,-0.11073909016946952,-0.08109451954563458,-0.06001685683925947,-0.001287394513686498,-0.12178498630722363,0.014486620823542276,0.14594941462079683,0.01603208715096116,0.32209983219703037,0.40735675891240436,0.5513763831307491,1.010291005174319,0.6995938445130984,0.24675044851998487,0.777916299800078,0.7712392024695873,1.3167133952180545,0.3546645405391852,0.702155147989591,0.6025583818554878,0.85677145794034,0.7818353831147155,0.34028369809190434,0.606798897186915,0.9517867856969436,0.8913368731737137,0.8779692097256581,1.3208747978011768,0.46212104490647715,1.3887061228354771,0.9836186630030473,0.8193572759628296,0.6741362164417902,0.5273763736089071,0.37444937756905955,0.6866151122376323,0.9074162729084492,0.2768966406583786,0.02038803944985072,0.8140167271097501,0.9148182136317095,0.7324607294673721
ERR3929064,1,-0.08890896232333034,-0.09035947895608842,-0.04785273689776659,0.0021164949672917524,-0.08416962809860706,-0.0735560377749304,0.04407503828406334,-0.0072030189136664076,-0.07606239459346398,-0.10687559035917123,-0.07036440710847576,-0.08832740682798128,-0.04332829973039528,-0.09162140016754468,-0.023987254620199867,-0.08519776250856619,-0.060900725734730564,0.12040657891581456,0.12957369224750437,-0.08946337938929598,-0.12717867394288382,-0.10893171404798825,-0.09432694967836142,-0.10669477408130963,-0.1030573317160209,-0.0005331148859113455,-0.10401675725976627,-0.018715421358744305,0.1638798527419567,0.08458918674538533,0.34102455600320053,0.7943074762200316,0.8219748536745707,1.4139626274506252,1.1034854650497437,0.45384397854407627,1.1412131786346436,1.1472437530755997,1.9493979911009471,0.60363589025413,0.9234361487130324,0.9777931123971939,1.4039745132128398,0.9765967261046171,0.8158734614650408,0.9496222498516241,1.515744778017203,1.137245165805022,1.466082548101743,2.0099847661331296,0.9592301994562149,1.9261522963643074,1.6418147409955661,1.4201501309871674,1.185666314015786,0.918229882294933,0.8614891873051723,1.278335695154965,1.5187191230555375,0.7761190296150744,0.38612114017208415,1.4643770853678386,1.5086595229804516,1.0579379834234715
ERR3929065,1,-0.09031305939424783,-0.09145352461685737,-0.04926682496443391,0.0022431655476490655,-0.08439695819591482,-0.07421071672191222,0.04148878591756026,-0.012010539571444193,-0.07589066662937209,-0.10792632897694905,-0.07081846015838285,-0.08855991174156468,-0.04341914139998456,-0.09219563162575166,-0.021889953650922205,-0.0867241423111409,-0.06125447681794564,0.11896798340603709,0.13169305064123668,-0.08997194950158398,-0.12721389904618263,-0.1085869949311018,-0.09445452969521284,-0.10657181528707345,-0.10338897878925006,-0.00017852926005919775,-0.10473688691854477,-0.018391889209548633,0.16381353264053664,0.08605215900267164,0.3390928800023782,0.7895436914016803,0.8117056488990784,1.4083469708760579,1.1004222830136616,0.4523222055286169,1.1429931794603665,1.1439645439386368,1.9413046489159267,0.5992251547674338,0.9242041086157163,0.9717684065302213,1.4020211572448413,0.9776649245371422,0.8156192799409231,0.9430051197608312,1.5134652430812519,1.1392438610394795,1.46412759522597,2.0031878485654793,0.9589032381772995,1.9232687652111053,1.635726310312748,1.418756403028965,1.1787242939074833,0.9149400778114796,0.8607231813172499,1.268529464180271,1.5191920983294647,0.772844025438341,0.3827812038362026,1.4573086847861607,1.5043106662730377,1.053346476207177
ERR3929066,1,-0.11093815350128959,-0.09398183909555276,-0.06801104731857777,-0.012588718440383673,-0.07548185158520937,-0.07711633279298742,0.05311745901902517,-0.047228567923108734,-0.05908909337207054,-0.125920453419288,-0.06611664965748787,-0.09717755120558043,-0.04778839834034443,-0.10709070942054193,-0.0011393580643925816,-0.09434089142208298,-0.05572856186578671,0.05973679634431998,0.14863139955559745,-0.08463016245514154,-0.1439062456289927,-0.11038752769430478,-0.10399113160868485,-0.0581317072113355,-0.07154707486430804,0.022237555123865604,-0.11420403110484283,-0.0018924213945865631,0.16915443167090416,0.03304574514428774,0.3583621581395467,0.5526863522827625,0.643173586577177,1.2108304798603058,0.8816549902160963,0.3109160376091798,0.9116407483816147,0.8746291864663363,1.5493783429265022,0.4229881962140401,0.7662305062015852,0.7167282576362292,1.0898784324526787,0.8852231853331128,0.5640947272380193,0.6621640160058936,1.1939663315812747,0.956773467361927,1.0739123870929081,1.5341496244072914,0.6438144867618879,1.6358699711660545,1.2390239213903744,1.1210878516236942,0.8782400637865067,0.672749953965346,0.6721608334531387,0.8976889243349433,1.2182097012797992,0.4857519002010425,0.13313634445269903,1.1498110244671504,1.1850517522543669,0.9082972978552183
ERR3929067,1,-0.11287317708289872,-0.09485036227852106,-0.06879593711346388,-0.008875778798634807,-0.07393545346955459,-0.07597045584892233,0.05095315103729566,-0.05149568865696589,-0.05939980190790569,-0.12643206616242728,-0.06744899849096934,-0.09857449696088831,-0.04862859224279722,-0.10850669940312703,-0.0030283621357132993,-0.09540009498596191,-0.05584397818893194,0.052990649516383805,0.14373494430522746,-0.08393964140365522,-0.1448420671125253,-0.10979119564096133,-0.10436443549891312,-0.048863790929317474,-0.06476058810949326,0.018031274278958637,-0.11682376265525818,-0.0026796534657478333,0.1685996763408184,0.030789658427238464,0.3587512302522858,0.5213429244856039,0.6288730663557848,1.1852407058080037,0.854166254401207,0.28822839446365833,0.8902203192313513,0.853925566499432,1.5181079059839249,0.4092062662045161,0.7617102811733881,0.6834867969155312,1.0530827343463898,0.8811120617513856,0.5376389647523562,0.6400046134367585,1.1589814499020576,0.9463046217958132,1.038767222315073,1.4935570607582729,0.6152743001778921,1.6154066622257233,1.1983887764314811,1.0883429249127705,0.8517455297211806,0.6462822921263675,0.6477497387677431,0.8523369192456206,1.1828390906254451,0.45275112179418403,0.09703340133031209,1.1048676371574402,1.1532359396417935,0.8937957348922888
ERR3929068,1,-0.12480944053580363,-0.10687506602456172,-0.07193260003502171,-0.015853349197035033,-0.06267416973908742,-0.06679022001723449,0.10825644433498383,-0.03594573587179184,-0.04038916144054383,-0.13562182088692984,-0.06500021119912465,-0.11779006058350205,-0.05381529747198025,-0.12100199423730373,0.016422747789571684,-0.10238324974973996,-0.01840130239725113,0.009781974057356516,0.12943481002002954,-0.09874619272401712,-0.1529020182788372,-0.09024060765902202,-0.12423744301001231,-0.01605848843852679,-0.03749512508511543,-0.01740814869602521,-0.11129630419115226,0.0005512535572052002,0.15930184659858546,-0.02399024103457729,0.3549442340930303,0.36012337108453113,0.34584026659528416,0.9061567137638727,0.6006994384030501,0.18598728689054647,0.6466759567459425,0.6754688067982594,1.0351343390842278,0.18694722900787988,0.5420012225707372,0.4268566245834033,0.6837011820947131,0.666606868772457,0.32382802416880924,0.43145613962163526,0.8113046834866205,0.6734161948164304,0.6977504553894202,0.9176726167400678,0.31723498832434416,1.0883729855219524,0.7661966470380625,0.7178141971429189,0.4618516330762456,0.1934936692317327,0.37614822418739396,0.4276403396700819,0.7817477881908417,0.19641814194619656,-0.05964086391031742,0.7398879068593184,0.7216499242931604,0.6778712688634793
ERR3929069,1,-0.12965434712047377,-0.10915769760807355,-0.07126690664639075,-0.023385828438525397,-0.059682429457704224,-0.04979835357517004,0.10883899281422298,-0.060001011937856674,-0.032521750118273,-0.13965286438663801,-0.057300341626008354,-0.11695245249817769,-0.05695163117100795,-0.12263839195171992,0.04609816645582517,-0.10356908508886893,-0.004052137956023216,-0.003944624215364456,0.13184014800935984,-0.10379479732364416,-0.14747058972716331,-0.07230615243315697,-0.12846405245363712,0.020081013441085815,-0.024360645562410355,-0.029529498269160587,-0.09159860759973526,-0.0029536684354146323,0.1405247957445681,-0.03281180591632923,0.35361648350954056,0.3280257855852445,0.3031848520040512,0.8009831632177035,0.5174845070578158,0.16859030847748122,0.6039983878533045,0.6178247984498739,0.9216555279369155,0.11956506967544556,0.5084779361883799,0.3483421529332797,0.658759077390035,0.623876443443199,0.2808694839477539,0.37387988654275733,0.6862664893269539,0.6132564793030421,0.6020133042087158,0.7671014964580536,0.25301591012006003,0.985592837134997,0.6769622179369131,0.6455550926427046,0.39271069783717394,0.0789196714758873,0.3511472586542368,0.3249643013502161,0.7170404133697351,0.1269505627763768,-0.08273497348030408,0.6686942527691523,0.6078519009364148,0.6508179033795992
ERR3929070,1,-0.1198132699355483,-0.10665544339766105,-0.07630132433647911,-0.03530252492055297,-0.07066240720450878,-0.07548057691504557,0.0679911511639754,-0.06280615429083507,-0.05486070710079124,-0.13646116852760315,-0.07912140463789304,-0.1144022971081237,-0.057608384639024734,-0.12165898953874905,-0.02445124074195822,-0.10055344055096309,-0.04528949751208226,0.0033271859089533487,0.11027079525714119,-0.07547399650017421,-0.1564874897400538,-0.09809465768436591,-0.1217197198420763,-0.028795306881268818,-0.03086087976892789,0.011213061089317003,-0.1298061100145181,0.005125183612108231,0.13636104638377824,-0.0001106837298721075,0.34253546595573425,0.3624486215412617,0.4497285646696885,0.9748760461807251,0.6844688902298609,0.20010869298130274,0.728730874756972,0.6924974502374729,1.1442188794414203,0.25428177167971927,0.6583895658453306,0.46622100472450256,0.7415311069538196,0.7261687618835518,0.38039662192265195,0.47769013543923694,0.8760160108407339,0.7515312532583872,0.7952248870084683,1.0911605283617973,0.4270897901927431,1.2757231270273526,0.9125792731841406,0.8367744584878286,0.6180347297340631,0.3790491273005803,0.4451584642132123,0.5544002315727994,0.8750310863057772,0.23721994583805403,-0.048624646539489426,0.85494922225674,0.8114557166894277,0.7382193244993687
ERR3929071,0,-0.11138407560065389,-0.12200759537518024,-0.08336588523040216,-0.0685802948816369,-0.0706936673571666,-0.07759895548224449,0.0941534973680973,-0.11585321525732677,-0.01457743781308333,-0.1557957703868548,-0.06739829480648041,-0.1000763780126969,-0.08720764362563689,-0.07090464358528455,-0.007546182721853256,-0.11889774569620688,-0.03322476396958033,0.019528402015566826,0.09036540767798822,-0.04472325121363004,-0.07788345173078899,-0.04333652501615385,-0.1332085377847155,0.06181740884979566,0.011987128605445227,-0.01040701816479365,-0.04909929074347019,0.08445468839878838,0.11314398050308228,-0.08471327523390453,0.37053656702240306,0.0483829528093338,0.06441063480451703,0.3403796013444662,0.14150129755338034,0.023262344766408205,0.29870502340296906,0.2953454063584407,0.4506946336477995,-0.016377631031597655,0.3921120669692755,0.04238582402467728,0.35100502024094266,0.24667336357136568,0.10235583347578843,0.23562738532200456,0.26936738193035126,0.29627581406384706,0.28604428718487424,0.22669493158658346,0.07338783890008926,0.43054166436195374,0.1272611115127802,0.11331581448515256,0.13365651232500872,-0.06704487015182774,-0.03369757098456224,0.051756229251623154,0.29930589146291214,-0.0028865387042363486,-0.11702495875457923,0.07430065919955571,0.07012518184880416,0.05944705723474423
ERR3929072,0,-0.13560269012426338,-0.12571668050562343,-0.06439914942408602,-0.05745431547984481,-0.06393139188488324,-0.07616947653392951,0.10750109391907851,-0.11956452081600825,-0.052933714973429837,-0.13205418487389883,-0.060156822204589844,-0.1283682075639566,-0.07837780782332023,-0.12743739287058511,0.008515813698371252,-0.1281877520183722,-0.02870194986462593,0.002774056668082873,0.08073822439958651,-0.08935604989528656,-0.07065817092855771,-0.07452744742234547,-0.12768502704178294,-0.010166766742865244,-0.016044513632853825,0.008420967186490694,-0.09130202233791351,0.016858212028940518,0.08442625725486626,-0.0750204852471749,0.35967395827174187,0.2232370302081108,0.16936471251149973,0.4642968674500783,0.22768890640387932,0.05890225494901339,0.5452782611052195,0.5680622955939422,0.8054362547894319,0.07781153172254562,0.4710593664397796,0.16652317601256073,0.4057166936496894,0.37036737861732644,0.29379489955802757,0.4060573992319405,0.5415496913095316,0.4743647687137127,0.5314861504981915,0.4945613667368889,0.18764498581488928,0.5403661020100117,0.46112256310880184,0.2996767597893874,0.28890749129156273,-0.0043988895292083425,0.10239599707225959,0.22157618931184211,0.4200437640150388,0.1210993304848671,-0.05480048432946205,0.2859310805797577,0.3418168829133113,0.2542433322717746
ERR3929073,0,-0.12411305246253808,-0.11596306723852952,-0.09979143893967073,-0.07315413615045448,-0.07565681201716264,-0.08986463397741318,0.1135110395650069,-0.10482780076563358,-0.008207890049864849,-0.12804097309708595,-0.07249740262826283,-0.11545674595981836,-0.11185899873574574,-0.10228817537426949,-0.025299274052182835,-0.11812357356150945,0.001917424922188123,0.014564353972673416,0.0062765128289659815,-0.047712333500385284,0.0506081556280454,-0.060629295806090035,-0.10274644033052027,0.09281073619301121,-0.02007359204192956,-0.020925335586071014,-0.09580574681361516,0.06540433193246524,0.03774834734698137,-0.054184156916259475,0.2926646738002698,0.12155617750249803,0.05506804957985878,0.35761770854393643,0.13789656944572926,-0.010800556590159735,0.33029137303431827,0.3435995647062858,0.48386782221496105,0.00024526193737983704,0.23575087543576956,0.08927757541338603,0.2454678900539875,0.24611704672376314,0.14171055207649866,0.1925417191038529,0.2551905519018571,0.20887707779183984,0.3168231959765156,0.1600986234843731,0.017074119299650192,0.37011882414420444,0.21618406265042722,0.08765385051568349,0.04379173337171475,-0.09273738491659363,-0.026196792721748352,0.0003243638202548027,0.10165453453858693,-0.0887590820590655,-0.1162518138686816,0.04473871241013209,0.07686251029372215,0.09332410804927349
ERR3929074,0,-0.09132243444522221,-0.07759003527462482,-0.09142294464011987,-0.09584585437551141,-0.09239579240481059,0.0075425787751252455,0.09767841920256615,-0.1102435514330864,0.033148483062783875,-0.1213987556596597,-0.060615373154481254,0.061372938255469,-0.10835216442743938,-0.004844633241494496,0.07576791693766911,-0.13264606893062592,0.0173452061911424,0.13529732769044736,0.20959185436367989,0.10367402620613575,0.19517716392874718,0.0835841956237952,0.031118410639464855,0.23041759431362152,0.021062787622213364,0.01255579541126887,0.02175415555636088,0.2733749949062864,0.060868858670194946,-0.10241785490264495,0.24252269975841045,-0.05137810173134009,0.04940376368661722,0.11540033295750618,-0.09279155544936657,-0.0834516038497289,0.04266952537000179,0.020069545755783718,0.06468621579309304,-0.08458784455433488,0.1752059687472259,-0.04469691962003708,0.14563985044757524,0.01096050813794136,-0.062226735055446625,0.044906267896294594,-0.030174091380710404,0.07218683076401551,-0.05215599139531454,-0.03561240000029405,-0.08114061504602432,0.02978009233872096,-0.0931188737352689,-0.13759798680742583,-0.04702494107186794,-0.11129952718814214,-0.11858511964480083,-0.11862144557138284,0.013138468066851297,-0.1487370158235232,-0.12684882804751396,-0.07089292382200559,-0.12203931001325448,-0.10215060676758488
ERR3929075,0,-0.1173812416382134,-0.11039405905952056,-0.07041700882837176,-0.01164783195902904,-0.06447959691286087,-0.04467031732201576,0.10909173699716727,-0.07035592074195544,-0.013259886497204812,-0.1362395758430163,-0.0839831493794918,-0.1195455842340986,-0.055340771252910294,-0.11999424919486046,0.04299921018537134,-0.08899696295460065,-0.03003804509838422,0.010849986225366592,0.1377040712783734,-0.12024793277184169,-0.11677113485833009,-0.10775475312645237,-0.11861830002938707,-0.002320178939650456,-0.029847070574760437,-0.013668183237314224,-0.06621158433457215,0.005747597276543577,0.12947879492033584,-0.03364379145205021,0.465894744421045,0.30002052957812947,0.09458169046168526,0.6590309739112854,0.4265347681939602,0.15269400148342052,0.6823054651419321,0.5972402862583598,0.827167618694754,0.05416039377450943,0.5170277530948321,0.24292132584378123,0.5529605758686861,0.5565654287735621,0.32998824461052817,0.5201770692753295,0.6488770817716917,0.4755495774249236,0.6466676791508993,0.6306392724315325,0.29773149142662686,0.7586941222349802,0.5807031542062759,0.4275211760153373,0.2919029132463038,0.07380614491800468,0.13516516921420893,0.33884644228965044,0.5748853658636411,0.2651800087187439,-0.0044654179364442825,0.41667264699935913,0.3487037184337775,0.3535317573696375
ERR3929076,0,-0.09806712468465169,-0.062399964760212846,-0.08514329418540001,-0.09781134671842058,-0.09013556502759457,0.011294264967242876,0.11120186373591423,-0.11553942350049813,0.02040709803501765,-0.126117255538702,-0.05064596359928449,0.06026671826839447,-0.10562816107024749,-0.03434528410434723,0.07575777545571327,-0.11830337283511956,0.025168322026729584,0.12056249566376209,0.2706605810672045,0.12130393584569295,0.12516955425962806,0.09032142162322998,0.07793882178763549,0.18278051912784576,0.029219629243016243,-0.005255516618490219,0.010325858679910501,0.23419097469498715,0.08298261587818463,-0.12174727705617745,0.2828821428120136,-0.042128546784321465,0.06850224609176318,0.14384254813194275,-0.08962674004336198,-0.07027082021037738,0.05750804177174965,0.021707528581221897,0.09362600867946942,-0.0976130993415912,0.24065043404698372,-0.04613804568847021,0.23849154636263847,0.0010076599816481273,-0.017338626164322097,0.10168264899402857,-0.002525343249241511,0.07852982170879841,-0.05317821602026621,0.012835219502449036,-0.07270794610182445,0.032370579739411674,-0.042404295255740486,-0.1205431694785754,0.025717670718828838,-0.10956324574848016,-0.08515253600974877,-0.11918488269050916,0.12997069706519446,-0.15230674544970194,-0.12966528038183847,-0.002996013189355532,-0.0780597588357826,-0.10238503338769078
ERR3929077,0,-0.09446992600957553,-0.07142752098540465,-0.0837867520749569,-0.09713189715209107,-0.08961248397827148,0.0006181846062342325,0.107234721382459,-0.11581802864869435,0.013152581950028738,-0.13329379074275494,-0.05089029545585314,0.044117355098327,-0.10185819833228986,-0.03457726910710335,0.05485911170641581,-0.11634722538292408,0.025287874042987823,0.09850920302172501,0.2246347088366747,0.1045982235421737,0.09551901478941242,0.08001191417376201,0.044795636708537735,0.175095917036136,0.021323340634504955,-0.0072177378460764885,0.00207253069189998,0.2148433659846584,0.08008537317315738,-0.11710437883933385,0.28260114540656406,-0.037573291609684624,0.07385164499282837,0.1533333957195282,-0.07906647523244222,-0.06567054241895676,0.05447124008787796,0.0438848544533054,0.11007025465369225,-0.08850609418004751,0.2538996798296769,-0.04066715141137441,0.23371347474555174,0.007992157712578773,-0.01016814133618027,0.09148567946006854,0.002192100199560324,0.09402064979076385,-0.0325532096127669,0.01620435466368993,-0.06628762185573578,0.06272025033831596,-0.044329963624477386,-0.108901205783089,0.025258778283993404,-0.11209624260663986,-0.08594674803316593,-0.1231540289397041,0.1267137285321951,-0.15544512371222177,-0.13342531646291414,-0.003765493631362915,-0.07549575002243121,-0.08442862145602703
ERR3929078,0,-0.11388957624634106,-0.10182700779599448,-0.07524843576053779,-0.0463752003852278,-0.08192735848327477,-0.06236677306393782,0.10364758099118869,-0.09518148532758157,-0.0576652664943443,-0.10929805754373471,-0.08846445754170418,-0.14381870006521544,-0.08774246321991086,-0.12468197879691918,-0.04018977330997586,-0.10774142170945804,-0.04664508936305841,-0.03710449882782996,0.032440019150575004,-0.07655149884521961,0.01573715979854266,-0.11962500338753064,-0.09797782202561696,-0.060703604064959414,0.025055907977124054,0.014755360782146454,-0.1113019206871589,0.002695217883835236,0.04665298697849115,-0.036228995149334274,0.36225515728195506,0.17886556312441826,0.2112523994098107,0.5141092588504156,0.249836432437102,0.08658467698842287,0.43834345787763596,0.5871511542548736,0.7135009542107582,0.052822825809319816,0.3799999455610911,0.22203377882639566,0.3536265802880128,0.4048004746437073,0.2464427168791493,0.36188035489370424,0.4103580216566722,0.41225048061460257,0.5506331759194533,0.5105041911204656,0.12032594780127208,0.6268927392860254,0.5269554530580839,0.2620156730214755,0.1715999978284041,0.10064246008793513,0.02218162827193737,0.29823072254657745,0.1968376450240612,0.08761418486634891,-0.03213569972043236,0.28026295453310013,0.2133347373455763,0.2086662519723177
ERR3929079,0,-0.1209217921520273,-0.12089272790277998,-0.09065437037497759,-0.03415311189989249,-0.08325638591001432,-0.06293198838829994,0.09754138253629208,-0.08106266148388386,-0.05504721608789017,-0.12182407826185226,-0.05775076150894165,-0.16031845410664877,-0.09041853838910659,-0.11710837172965209,-0.04727708144734303,-0.1243027001619339,0.04148160914580027,0.03197924544413885,0.040625035762786865,-0.07372249166170756,-0.00020110917588075003,-0.08862120782335599,-0.1068240989310046,0.02107588667422533,-0.00778731827934583,-0.0308338925242424,-0.08856732336183389,0.08033216247955959,0.06012176163494587,-0.07010058561960857,0.3573423319806655,0.12014248811950286,0.10756986091534297,0.3248522859066725,0.12045961121718089,-0.06220038762936989,0.38091933478911716,0.40308689465746284,0.6847317665815353,0.04164049898584684,0.27589014172554016,0.08926183978716533,0.23878606036305428,0.1962782017265757,0.2794478324552377,0.37525111297145486,0.3167829264421016,0.2976952251046896,0.403024955963095,0.2869893206904332,0.0646626961727937,0.3623102183143298,0.19008864524463812,0.05629949768384298,0.11248564968506496,-0.08447611890733242,-0.03770265604058901,0.16790512607743344,0.1026303842663765,0.07729365179936092,-0.05156815735002359,0.1238974208633105,0.10569341853260994,-0.004845838683346908
ERR3929080,0,-0.11762194863210122,-0.12496236649652322,-0.09273167916884024,-0.034150899310285844,-0.08335338750233252,-0.09187595794598262,0.09859012067317963,-0.09031720164542396,-0.04879120892534653,-0.12301578062276046,-0.07902595524986585,-0.1468803733587265,-0.0995309849580129,-0.10460880771279335,-0.04948950341592232,-0.1261345949023962,0.021907734374205273,0.01126604030529658,0.01513989269733429,-0.04606336603562037,0.023389822492996853,-0.09400937954584758,-0.10086921804274122,0.006530190507570903,0.000739868109424909,-0.016296405345201492,-0.11438597490390141,0.057057288785775505,0.05857480193177859,-0.07753379363566637,0.30215850720802945,0.08672487735748291,0.06262980277339618,0.2922872236619393,0.09660946826140086,-0.04617006704211235,0.3076989067097505,0.3950950236370166,0.5440990875164667,0.02622383243093888,0.2819370577732722,0.07751049473881721,0.24156767378250757,0.2320811984439691,0.15748736634850502,0.29506603349000216,0.2932408557583888,0.25484840168307227,0.3022049355010192,0.22167379036545753,0.0094520952552557,0.3199725498755773,0.18243092919389406,0.014239482581615448,0.04141868588825067,-0.10375105092922847,-0.06135523101935784,0.04363330422590176,0.08748468259970348,-0.03494986146688461,-0.1106630265712738,0.07969526574015617,0.055732702215512596,-0.028836981082955997
ERR3929081,0,-0.11667644946525495,-0.12017829685161512,-0.08887610243012507,-0.03083202716273566,-0.07760020438581705,-0.09307389830549558,0.09782247245311737,-0.08538765894869964,-0.05232469403805832,-0.12199758117397626,-0.07899045571684837,-0.14669046799341837,-0.09426363619665305,-0.1153952560077111,-0.049172905584176384,-0.12216409171621005,0.01335922876993815,-0.014986024548610052,0.008745279163122177,-0.06327243521809578,0.011884776254494986,-0.10386901752402385,-0.11204441171139479,-0.02086391905322671,0.004474860926469167,-0.02102341006199519,-0.12530341992775598,0.03168510893980662,0.05170793334643046,-0.06509475464311738,0.31053946788112324,0.11185274894038837,0.07479125385483106,0.36385319537172717,0.15794947650283575,-0.015619449317455292,0.3665110344688098,0.46300998982042074,0.5787660231192907,0.037886992475250736,0.29954352365651477,0.11456994526088238,0.2634071186184883,0.29173742855588597,0.1953434015934666,0.3190440395846963,0.3638746030628681,0.3020721996823947,0.3561926579568535,0.3133840387066205,0.039017089953025184,0.39513730133573216,0.2832483410214384,0.059518502093851566,0.06405656784772873,-0.08045551801721255,-0.047062119313826166,0.07119321636855602,0.11924631583193938,-0.013810373842716217,-0.10927278672655423,0.12392970632451276,0.10734188556671143,0.029448674991726875
ERR3929082,0,-0.09550878653923671,-0.1156695398191611,-0.08805044678350289,-0.08875895764989157,-0.09136315310994784,-0.027096146096785862,0.0811301941672961,-0.1250930850704511,-0.003904290497303009,-0.13062398259838423,-0.09260485569636027,-0.008736663808425268,-0.11109151660154264,-0.022178040196498234,0.0244297004925708,-0.1266389226851364,-0.010230659196774164,0.06544771728416283,0.09850548797597487,0.09095380331079166,0.1611268681784471,0.0170865294833978,-0.02244167619695266,0.12228747783228755,0.002043063131471475,-0.005603436380624771,-0.004762180149555206,0.22953361722951135,0.04214236388603846,-0.08617062798778836,0.24144045480837426,-0.053196932965268694,0.09513562669356664,0.14111136769255003,-0.06714128574337035,-0.08663696298996608,0.0355841809262832,0.057774090518554054,0.15891202570249638,-0.04528014827519655,0.27037301162878674,-0.007414864997069041,0.13201577216386795,0.026367850912113983,-0.039328187704086304,0.07379940214256446,0.021435175091028214,0.11742410498360793,-0.005560631553332011,0.01462193252518773,-0.0651879037419955,0.16062787423531213,-0.07260288049777348,-0.12201403081417084,-0.026206380027967196,-0.12520900244514147,-0.12922925129532814,-0.09691064494351546,-0.013684920966625214,-0.15545807033777237,-0.12530561971167722,-0.055630955224235855,-0.10617361341913541,-0.09423165946403363
ERR3929083,0,-0.10273311162988345,-0.10952740038434665,-0.09369383038332064,-0.0906882892207553,-0.0869715263446172,-0.017104752361774445,0.08810843527317047,-0.12405248855551083,-0.010085487738251686,-0.13910780102014542,-0.08168246472875278,-0.015051793307065964,-0.11283205760022004,-0.04991600289940834,0.01208314299583435,-0.12509785375247398,-0.00943219910065333,0.04869032216568788,0.0898873017479976,0.07215130950013797,0.09608321140209834,0.013172360137104988,-0.025836633207897346,0.12345070081452529,-0.006708358724912007,-0.012329154027005037,-0.021426149023075897,0.19343696472545466,0.04452058983345827,-0.09173369213628273,0.2625454521427552,-0.030001794298489887,0.1010073609650135,0.1745475015292565,-0.03889738147457441,-0.08255905037124951,0.07836709621672829,0.08558961500724156,0.2279488698889812,-0.03932637954130769,0.2952979902426402,-0.000977057342727979,0.18091581761837006,0.05905124250178536,-0.008141408363978067,0.08541012307008107,0.05953247348467509,0.1471778165238599,0.04042060921589533,0.03589072171598673,-0.051187011102835335,0.18721608817577362,-0.03898193687200546,-0.09755748137831688,0.012276887272795042,-0.12221578136086464,-0.10917407398422559,-0.09882387580970924,0.03403977304697037,-0.15744473536809286,-0.12777599257727465,-0.03890586396058401,-0.07341983231405418,-0.0652629438166817
ERR3929084,0,-0.10004880155126254,-0.07974702973539631,-0.09524707371989886,-0.08834381044531862,-0.0907945620516936,0.00559945753775537,0.09220568214853604,-0.11465119446317355,0.02978564550479253,-0.12942013889551163,-0.05270319804549217,0.022911421954631805,-0.11365120857954025,-0.03778477137287458,0.04033723225196203,-0.12846656888723373,0.020883183926343918,0.09165714029222727,0.21327915663520494,0.09411279174188773,0.08387021720409393,0.06922412291169167,-0.010441126922766367,0.18774875067174435,0.03858961413304011,-0.02085499030848344,-0.005160080889860789,0.21290743040541807,0.09215825361510117,-0.11224467613889526,0.29297090508043766,-0.02139865979552269,0.04820638398329417,0.1842004582285881,-0.054551560897380114,-0.06779303184400003,0.13397125527262688,0.09080904504905145,0.18726742888490358,-0.09468565881252289,0.24254793797930083,-0.03143600126107534,0.23112514490882555,0.060978236918648086,-0.019395727043350536,0.11384984975059827,0.08972910046577454,0.07951234964032967,0.02125541865825653,0.009169285496075949,-0.06226659566164017,0.06963952630758286,0.029060117279489834,-0.1012807780255874,0.02729773273070653,-0.11168309797843297,-0.06784988194704056,-0.11631170629213254,0.14665046210090318,-0.15690590689579645,-0.13581525286038718,-0.029299777156362932,-0.039871779580911,-0.08351918744544189
ERR3929085,0,-0.09558100377519925,-0.05641346191987395,-0.09626140259206295,-0.09084368621309598,-0.09157958316306274,0.04183600524750849,0.09250229348738988,-0.11514013508955638,0.031922781839966774,-0.12054882322748502,-0.05088158200184504,0.060830180843671165,-0.11506080875794093,-0.03093176583449046,0.0768903096516927,-0.1260130200535059,0.02396097406744957,0.10869780462235212,0.2531489922354619,0.12008693317572276,0.11853484312693278,0.09772285570700963,0.0325378201281031,0.19869384169578552,0.04738386161625385,-0.02012989204376936,0.013286236673593521,0.25113054147611064,0.09636414175232251,-0.11572401163478692,0.2895157573123773,-0.03351623068253199,0.06695986166596413,0.17576377373188734,-0.06553970308353503,-0.08634292396406333,0.11825849922994773,0.04986927782495817,0.1723596133912603,-0.09983543368677299,0.2533992963532607,-0.03399694959322611,0.23039013954500356,0.05028991214931011,-0.02802277294298013,0.10161088220775127,0.07149016546706359,0.06885156407952309,-0.0032182447612285614,0.008348981539408365,-0.07277599225441615,0.07006045803427696,0.022658138225475948,-0.11507926570872466,0.028925254320104916,-0.10878737891713779,-0.07740310579538345,-0.1154773524031043,0.14119558284680048,-0.15996936957041422,-0.131504458685716,-0.028010803274810314,-0.04131138448913892,-0.09605562756769359
