,label,dim_0,dim_1,dim_2,dim_3,dim_4,dim_5,dim_6,dim_7,dim_8,dim_9,dim_10,dim_11,dim_12,dim_13,dim_14,dim_15,dim_16,dim_17,dim_18,dim_19,dim_20,dim_21,dim_22,dim_23,dim_24,dim_25,dim_26,dim_27,dim_28,dim_29,dim_30,dim_31,dim_32,dim_33,dim_34,dim_35,dim_36,dim_37,dim_38,dim_39,dim_40,dim_41,dim_42,dim_43,dim_44,dim_45,dim_46,dim_47,dim_48,dim_49,dim_50,dim_51,dim_52,dim_53,dim_54,dim_55,dim_56,dim_57,dim_58,dim_59,dim_60,dim_61,dim_62,dim_63
SRS1386884,0,0.22353621758520603,-0.032741984662910305,0.15486931319658956,-0.08234977225462596,-0.10519706706206004,0.35719509919484455,0.3059469565438728,-0.13585440876583257,0.01588491319368283,0.04472645418718457,0.05392187057683865,-0.09035792574286461,-0.10168678779155016,0.19331196571389833,-0.12205120300253232,0.26733711796502274,-0.004762611351907253,0.03747314125454674,-0.14888647943735123,0.1449291310273111,-0.0553594675535957,0.06948003560925524,-0.025421369820833206,0.2155309235677123,-0.11511195156102379,0.10984862099091212,-0.06947183484832446,-0.048439533760150276,0.03982240830858549,-0.001219215492407481,0.4262467895944913,0.19913815763235712,0.15893918819104633,-0.0359193105250597,0.2404974972208341,0.2891624892751376,0.2885570079088211,0.6895767621075114,0.2309759110212326,0.44823115939895314,0.04213801523049673,0.3431345025698344,0.02272551382581393,0.6437983804692825,0.2814909902711709,0.10727021160225074,0.35020539195587236,0.5925885145552456,-0.023636756076787908,0.27417630205551785,0.21288940434654555,0.5899694189429283,0.6915583983063698,0.3543621474721779,0.3146595470607281,0.02644255260626475,0.4748449909190337,0.41089220345020294,0.33324167132377625,0.2390425888200601,0.3086726050823927,0.22952204228689274,0.505555427322785,0.13492672269543013
SRS1386887,0,0.37779167108237743,0.4063284210860729,0.46180138799051446,-0.03606937484194835,-0.09649588043491046,0.45672521119316417,0.5119989345160624,-0.04455004880825678,0.2889934089034796,0.5234947918603817,0.6913539618641759,0.30718349913756055,-0.12602361788352331,0.7025584994504849,-0.029719394942124683,0.5343505603571733,0.3923492127408584,0.2768183449904124,0.028366198142369587,0.45423848057786625,0.282613239561518,0.6803719971018533,-0.12338894667724769,0.5926832078645626,0.009600839267174402,0.032569328943888344,0.0839637741446495,0.01552806111673514,0.16091058744738498,0.3292631283402443,0.5218408231933912,0.20996996046354374,0.06284785829484463,-0.020902949074904125,0.1253352053463459,-0.0034564100205898285,0.05613757980366548,0.4673520624637604,0.08266407499710719,-0.004086750093847513,-0.07624654347697894,0.21866347392400107,-0.16347108036279678,-0.036915445079406105,-0.05247448260585467,-0.08001312706619501,0.15352874745925268,0.3155478152136008,-0.06427933368831873,0.03948466510822376,0.06028540781699121,-0.04248233341301481,0.3509459556080401,0.032051303113500275,0.09073291594783466,-0.11093877566357453,0.15891238550345102,0.05313897070785364,-0.01791262999176979,-0.08669747939954202,-0.1189790655237933,-0.09156250115483999,0.13245456541577974,-0.10931357368826866
SRS1386889,1,0.29882247063020867,0.05481376312673092,0.32458163735767204,-0.11377357629438241,-0.12641054143508276,0.38023649839063484,0.40059845335781574,-0.15011442204316458,0.05812076975901922,0.11288756753007571,0.3011092779537042,-0.04250409950812658,-0.14284804463386536,0.3248882020513217,-0.0944014610722661,0.3008650081853072,0.041683830320835114,-0.0532687488788118,-0.1475498303771019,0.18690025806427002,0.02110796111325423,0.21723634066681066,-0.1021609886859854,0.28273982865115005,-0.09607871621847153,-0.05067622537414233,-0.08519316278398037,-0.05786448282500108,0.022882351962228615,-0.07985573533611993,0.4105865955352783,0.22852716874331236,0.1317970727880796,-0.02867519420882066,0.22282622257868448,0.19695023074746132,0.22119847126305103,0.7789387367665768,0.31745561212301254,0.5285903674860796,0.14895277470350266,0.44763699546456337,0.021296556185310084,0.6992189604789019,0.228994216149052,0.08185936196241528,0.4036964612702529,0.5929555880526701,0.04387566571434339,0.21755176037549973,0.20447994644443193,0.5429800748048971,0.5722821578383446,0.39452275075018406,0.3004475276296337,0.12559701967984438,0.5133911619583765,0.37576469344397384,0.3814927414059639,0.2605949826538563,0.2178194224834442,0.4008544459939003,0.6075422863165537,0.07046689310421546
SRS1386892,0,0.024691203919549782,0.10037388652563095,0.0016103638336062431,-0.09504755516536534,-0.13162675127387047,0.2630144382516543,0.2127991309389472,-0.059634858121474586,0.07002915410945813,0.2230063353975614,0.28777657076716423,0.08852481469511986,-0.14012594148516655,0.3741846699267626,-0.1335070071121057,0.33672212436795235,0.20646952278912067,0.21436499431729317,-0.0873285960406065,0.13527061293522516,0.13960118467609087,0.31930941188087064,-0.10145483165979385,0.29568291765948135,-0.08193928003311157,0.09773480147123337,0.08446462700764339,-0.10254302620887756,0.044866729993373156,0.23097848581771055,0.46231603156775236,0.21840585581958294,0.06771738330523173,0.012129710366328558,0.15998967736959457,0.06672792633374532,0.17436165913629034,0.4835762580235799,0.017234685830771923,0.02107613782087962,-0.07213959315170844,0.17300997426112494,-0.011853635311126709,0.1300671212375164,-0.04093709487157563,-0.00348613690584898,0.18278537690639496,0.5238315102954706,-0.06349921971559525,0.029457089491188526,0.07509404793381691,0.1647411989979446,0.3201467717687289,0.12881150065610805,0.16396775345007578,-0.1127468968431155,0.1816104700167974,0.12515203282237053,0.11773806686202686,0.07127343863248825,-0.04707615574200948,0.06076246779412031,0.1692863783488671,-0.03509403206408024
SRS1386893,1,0.3988586210956176,-0.0014365486179788907,0.45392656543602544,-0.09974911560614903,-0.11239077647527058,0.5029694956416885,0.46958381519652903,-0.1368558413038651,0.1256075333803892,0.13325106787184873,0.13984213210642338,-0.007972242931524912,-0.11887322179973125,0.2917885606487592,-0.07940525002777576,0.29785193999608356,0.12017115950584412,-0.06338735048969586,-0.13620630651712418,0.3011226439848542,-0.04200789604025582,0.19864919052148858,-0.009512504640345773,0.28478709670404595,-0.09188439759115379,0.11428376783927281,-0.0993661197523276,-0.06627699422339599,0.08980518952012062,-0.0726563526938359,0.47805603345235187,0.25198479974642396,0.26939663166801137,0.042132603198600314,0.23857799917459488,0.35669579294820625,0.2931801949938138,0.8361694738268852,0.426363006234169,0.7460553547522674,0.11629224506517251,0.4937975537031889,0.07424074194083612,0.8811405623952547,0.48398420214653015,0.1898848032578826,0.4986532852053642,0.5626973484953245,0.03499055032928785,0.2606915757060051,0.26137642562389374,0.7845878601074219,0.6376571096479893,0.5223884421090285,0.443433690816164,0.2424044709187001,0.5464655198156834,0.479267713924249,0.44186022132635117,0.37230146924654645,0.32733448579286534,0.5801017296810945,0.5394171078999838,0.21606218007703623
SRS1386894,0,0.3990445254991452,0.4054070901086864,0.46245083026587963,0.07824183876315753,0.031000973811993997,0.4817161983810365,0.6332105944554011,0.19787230218450227,0.3268688494960467,0.6007463342199723,0.8060580603778362,0.40666500727335614,0.24819692162175974,1.0751209389418364,0.08627708752950032,0.6014242979387442,0.703081580499808,0.41993191217382747,0.15958213185270628,0.4718118831515312,0.5214720647782087,0.8444440898795923,0.02169780433177948,0.8293954233328501,0.013601474463939667,0.11158010642975569,0.2740310865143935,0.08863324796160062,0.22331838558117548,0.3771274810036023,0.44033978537966806,0.21439517351488271,0.06646035487453143,0.030445776879787445,0.09567708832522233,-0.08219479396939278,0.039510634650165834,0.2547907804449399,-0.020438385506470997,-0.09105509767929713,-0.07302840799093246,0.08904792368412018,-0.14499718323349953,-0.14468117554982504,-0.13089618956049284,-0.10980459954589605,0.036742951100071274,0.1580693138142427,-0.09420337372769912,-0.1099316676457723,-0.03837877962117394,-0.13866924246152243,0.019566549609104793,-0.07118836836889386,0.024295659114917118,-0.10459517315030098,0.07426646475990613,0.012452028691768646,-0.09031074307858944,-0.08276526133219402,-0.1527216968437036,-0.08993111240367095,-0.06472508034979303,-0.13364000370105109
SRS1386895,1,-0.13337619478503862,0.016356818067530792,-0.10868094085405271,-0.12375482792655627,-0.11721938662230968,-0.1263344492763281,-0.016207993884260457,-0.10897789895534515,-0.02313030930235982,-0.07211447320878506,0.3451495400319497,-0.13950081169605255,-0.1294104183713595,0.07494988075147073,-0.10349360853433609,0.09922295498351257,-0.013202548027038574,-0.12712175150712332,-0.11845045164227486,-0.14602497592568398,-0.021228762964407604,-0.09266325877979398,-0.10014794580638409,-0.0732291229069233,-0.10191920616974433,-0.10163911835600932,-0.09401499045391877,-0.0735347424633801,0.007522407919168472,-0.1187337376177311,0.3638311549439095,0.28630198414127034,0.06102515757083893,-0.017713176707426708,0.46165186166763306,0.4273810163140297,0.596132762885342,0.9161157694955667,0.899103170260787,1.1144502243647973,0.40200984353820485,0.6964848252634207,0.6353276198108991,1.3405895506342251,0.8224994490544001,0.8141367768985219,0.42281663231551647,1.4252499515811603,0.12736334092915058,1.029649452616771,0.32457288602987927,1.3973376229405403,1.750305685525139,1.1521312420566876,0.5212999898940325,0.3153039055565993,0.7709482281158367,1.1761918645352125,1.1107809394598007,0.9077016649146875,0.8268867420653502,1.1288850670680404,1.3931030339250963,0.7650705153743426
SRS1386896,1,0.4724832894280553,0.04695154788593451,0.5205976129509509,-0.10051552951335907,-0.09966190749158461,0.6451698082188765,0.5508274215584,-0.13083036492268244,0.17756597821911177,0.18894676739970842,0.2003517939398686,0.04525795578956604,-0.1153429892535011,0.35228126868605614,-0.05397037665049235,0.3988131669660409,0.19630232204993567,-0.013934408004085222,-0.1280589352051417,0.36587704593936604,-0.027346863877028227,0.2868685983121395,-0.0060280800486604376,0.31918123985330266,-0.10641427710652351,0.133017777154843,-0.0941037895778815,-0.04425910860300064,0.10585376496116321,-0.021341589900354545,0.4602963423045973,0.21563666438062987,0.28322013281285763,0.05035198957193643,0.23231341193119684,0.3269074112176895,0.2794290520250797,0.7759788011511167,0.42339551200469333,0.6751930868873993,0.0950848894038548,0.5589085730413595,0.0694005989159147,0.8320048513511816,0.44171401609977085,0.1128062109152476,0.5145044897993406,0.49437109877665836,0.0007413240770498911,0.230315916861097,0.29635267704725266,0.7448392560084661,0.5560890033569498,0.4912866343123217,0.4535581537832816,0.2625762714693944,0.5952313132584095,0.43377374137829366,0.32139739270011586,0.1973980919768413,0.3567308075726032,0.533795298387607,0.5439607252677282,0.1379886521026492
SRS1386898,0,0.3855230995104648,0.5104109371701876,0.5288137005021175,0.09416047918299834,-0.08136333028475444,0.6512070621053377,0.5764007560598353,0.0732687780012687,0.610197342170674,0.8835406426320939,0.7262361447016398,0.4944644918044408,-0.054573517913619675,0.9312596470117569,0.07081225607544184,0.6225269095351299,0.7146529393891493,0.7595840481420358,0.1578257717192173,0.5391755998134613,0.5232917467753092,1.0715461187064648,0.03801960373918215,0.8117851167917252,0.07927489156524341,0.448393822958072,0.3127755280584097,0.08245536188284557,0.25626176487033564,0.7414389755576849,0.5105838843931755,0.3458501224716504,0.17648125564058623,0.0007548779249191284,0.1113015388449033,-0.01621087749178211,-0.0717252924417456,0.31379670773943263,-0.07719045256574948,-0.10806086317946513,-0.07051429649194081,-0.02875990855197112,-0.14800846949219704,-0.1549613984922568,-0.09791372095545132,-0.038961069037516914,0.19087289351349077,0.23686117927233377,-0.08137085661292076,-0.0354008466626207,0.018897291583319504,-0.12061299321552117,0.052957113133743405,-0.07413370286424954,0.006338997433582942,-0.07375528601308663,0.031163689990838368,0.05618300226827463,-0.0377106008430322,-0.06371880943576495,-0.14491389008859792,-0.03863183253755172,-0.054400006464372076,-0.12381456295649211
SRS1386899,1,0.4338384053359429,0.0063287496256331606,0.4555364321762075,-0.10073654741669695,-0.11032228947927554,0.5372625288243095,0.488323633481438,-0.12613116732488075,0.14091660330692926,0.13413880641261736,0.19619444633523622,-0.015413249532381693,-0.11609354801476002,0.33357491530478,-0.06996129887799422,0.35691144938270253,0.14115572969118753,-0.08376221545040607,-0.12178814845780532,0.3232846636868392,-0.03733851574361324,0.18804612507422766,0.038350428299357496,0.26816326410820085,-0.08592065051198006,0.07184778898954391,-0.12534323583046594,-0.05195582037170728,0.059833830843369164,-0.07431831583380699,0.5479174641271433,0.23339412671824297,0.39227219733099145,-0.0025442258144418397,0.25952843576669693,0.40154004469513893,0.30901841322580975,0.8912340303262075,0.5569306214650472,0.960446153456966,0.17655657852689424,0.5942875482141972,0.17536606600818536,1.0787640412648518,0.5826048031449318,0.287738811224699,0.5379026830196381,0.6614097957499325,0.06954621523618698,0.3808518812681238,0.2896889441957076,1.0006413757801056,0.7008841969072819,0.6385659535105029,0.5189918189619979,0.4287030945221583,0.6771900455156962,0.6127263583863775,0.5312643523017565,0.40557281735042733,0.4918802169462045,0.7650356317559878,0.7407529801130295,0.2922546627620856
SRS1386901,0,0.20278606889769435,0.410873394459486,0.25251521294315654,0.07618132171531518,-0.02603826780493061,0.3432493588964765,0.4051317796111107,0.0017232410609722137,0.3485083182652791,0.5795871795465549,0.7129542802770933,0.28756559391816455,0.10962275664011638,0.8532776702195406,-0.04054753047724565,0.5262979740897814,0.5485926643013954,0.5060945699612299,0.15692698769271374,0.361014920907716,0.4877848302324613,0.8203159362698594,0.0038296938873827457,0.6472598786155382,0.09470380159715812,0.20299659172693887,0.18464593837658563,0.06577311704556148,0.20465676113963127,0.4756463870871812,0.3999431945073108,0.2355068325996399,0.0924664872388045,0.04627657433350881,0.12978425870339075,-0.05433510057628155,-0.018547259271144867,0.3111291428407033,-0.035454416647553444,-0.09492343415816624,-0.07367544745405515,0.07002625241875648,-0.15138344342509905,-0.1372512293358644,-0.13387736429770788,-0.08993157868583997,0.048084551468491554,0.17035549879074097,-0.0775356578330199,-0.06684394863744576,0.01838096355398496,-0.12471433108051617,0.08612205957372983,-0.06795707546795408,0.07509230822324753,-0.11852249192694823,0.05784282957514127,0.0785398098329703,-0.061397635067502655,-0.08223834385474522,-0.15634300063053766,-0.0778730627692615,-0.07876918356244762,-0.12328572881718476
SRS1386903,0,-0.10895455566545327,0.013125295440355936,-0.09166854961464803,-0.09463519571969907,-0.13574717690547308,0.011720461150010427,0.04849073855439201,-0.12329543319841225,-0.07834731042385101,0.01004109795515736,0.08819127703706424,-0.03563525776068369,-0.15218598395586014,0.11723111011087894,-0.13667831445733705,0.2068065864344438,0.022470520188411076,0.18535509891808033,-0.10727568591634433,-0.026170437534650166,0.01102590374648571,0.0869646401455005,-0.09551251058777173,0.19692262882987657,-0.11066318318868677,0.10064987652003765,0.0710058646897475,-0.13610706323136887,0.04408525892843803,0.1960957795381546,0.4472642869999011,0.24550648778676987,0.07298782840371132,0.03222470101900399,0.1864381767809391,0.09733513028671344,0.3506050898383061,0.481684638808171,0.08483893051743507,0.04181903352340063,-0.08413452375680208,0.22094551473855972,0.09041011457641919,0.2400270402431488,0.11279480283459027,0.14901802331830064,0.15656469638148943,0.6207893627385298,-0.06479869907100995,0.11282821682592233,0.04310710045198599,0.28680381442730624,0.5765450286368529,0.23111459923287234,0.14509406111513576,-0.10188999275366466,0.13467529819657406,0.3308396053810914,0.11513178547223409,0.21546695660799742,-0.012840022022525469,0.07003268521899979,0.23938001692295074,0.08301534689962864
SRS1386904,1,0.35905372848113376,0.21536520721080402,0.4270969710002343,-0.0751225221902132,-0.10837399036002655,0.47633710379401845,0.44279802155991393,-0.13014527037739754,0.23564565305908522,0.3514711335301399,0.4015319279084603,0.08163200318813324,-0.13530796766281128,0.42933326214551926,-0.06852262715498607,0.3265179818748341,0.21534244902431965,0.1091179537276427,-0.10694365079204242,0.31975972776611644,0.13660727782795826,0.47103244508616626,-0.05439785992105802,0.41705993625024956,-0.0298965220960478,0.13874220040937266,-0.04599581534663836,-0.06116440473124385,0.14214474894106388,0.11495199675361316,0.38332783058285713,0.19945390274127325,0.09998694551177323,0.010635332514842352,0.1638933171828588,0.1279066790981839,0.10033111150066058,0.6087099115053812,0.10441456983486812,0.1987824204067389,-0.038082813223203026,0.23887276028593382,-0.09933936347564061,0.3034618062277635,0.12126640106240909,-0.06193193979561329,0.2902110870927572,0.33474888155857724,-0.04636780001843969,0.06271654864152272,0.13565201809008917,0.1264647034307321,0.29346154257655144,0.24879717004174987,0.18654893462856612,-0.022403919448455174,0.2502046649654706,0.2177510807911555,0.03636771937211355,0.00487945352991422,-0.06488572744031747,-0.013921980125208696,0.11657575890421867,-0.1150967200131466
SRS1386911,0,0.6175843477249146,0.7273424609253804,0.8154295608401299,0.23788812135656676,0.22613434105490646,0.6546242410937945,0.8549419798655435,0.3113950441281001,0.5084428218154547,0.8228244483470917,1.0186051490406196,0.5680997123320898,0.3419691181431214,1.2337030942241352,0.23492715383569399,0.5672962615887324,0.8997054621577263,0.32548487931489944,0.24505982361733913,0.5693136838575205,0.5628975008924803,1.029597779115041,-0.032671854520837464,1.0189909860491753,0.05835354390243689,0.06231917440891266,0.2788870083168149,0.15719246367613474,0.376509473969539,0.47893135600800935,0.4449330549687147,0.17123632629712424,0.016545676936705906,0.02121784786383311,0.07169235994418462,-0.10205217078328133,-0.038759333391984306,0.2164010883619388,0.08609334410478671,-0.08405710380369176,-0.029550699517130852,0.09060931578278542,-0.15859739482402802,-0.1289405453329285,-0.09755075474580129,-0.11426867793003719,0.020137992997964222,0.1713961586356163,-0.04385022694865862,-0.10113760083913803,-0.06437167214850585,-0.13651880621910095,0.09659788555776079,0.009468051760147015,-0.044637891153494515,-0.12006771137627463,0.042589835822582245,-0.019649997353553772,-0.08135485043749213,-0.12258973151134948,-0.14558544754981995,-0.10073358068863551,-0.026978784551223118,-0.11213718975583713
SRS1386915,1,-0.12785553218175968,-0.08354620138804118,-0.09569080049792926,-0.08927969417224328,-0.14242176587382951,-0.13128297279278436,-0.07632104990382989,-0.1277968923871716,-0.041435145462552704,-0.0984016340225935,0.1371152155722181,-0.1519088422258695,-0.128018194809556,0.02767655874292056,-0.11006838952501614,0.07840776195128758,-0.1038232371211052,-0.12397591987003882,-0.13636640583475432,-0.09757280970613162,-0.08514965822299321,-0.114475901859502,-0.09767167347793777,-0.03507452644407749,-0.09617233493675788,-0.05050536679724852,-0.06829584514101346,-0.09213229284311335,-0.0341354471941789,-0.07239623554050922,0.3184472161034743,0.22504207491874695,0.08025089899698894,0.04959593713283539,0.39323336879412335,0.5027602985501289,0.47286537382751703,0.8516435076793035,0.6721552858750025,1.1521972169478734,0.3017940726131201,0.5777784225841364,0.6049812063574791,1.2341982449094455,0.8904954195022583,0.5671616978943348,0.404118402240177,1.3010907731950283,0.06635825087626775,0.8753585955128074,0.3893079285820325,1.219954335441192,1.5150907523930073,0.9239956845606988,0.5291917224725088,0.2945845735569795,0.7850661600629488,1.1024876218289137,0.8907591477036476,0.7973952436198791,0.7228798009455204,0.8689027950167656,1.1324437999476988,0.4387630447745323
SRS1386916,0,0.41283456794917583,0.5797627413024505,0.6237072348594666,0.13943398868044218,-0.05419327380756537,0.5643718866631389,0.60526850198706,0.13823273001859585,0.5557935958107313,0.7564698271453381,0.9322718195617199,0.4948550748328368,0.08514177535350125,1.0509601992865403,0.15557839752485356,0.6551709361374378,0.7526947744190693,0.6012409234729906,0.21706032690902552,0.5870572238539656,0.512615424891313,0.9913445226848125,-0.03575057412187258,0.9754251589377722,0.07392530826230843,0.3420053742205103,0.3143538025518258,0.06915662623941898,0.29139666073024273,0.5934056863188744,0.5795030693213145,0.1830465051655968,0.1241189418360591,-0.02188779537876447,0.06924477716286977,-0.0317399458338817,-0.005990177082518737,0.31006680335849524,-0.05062679015100002,-0.07355697453022003,-0.10705736031134923,0.06999018415808678,-0.1573734556635221,-0.1391290326913198,-0.11337721720337868,-0.11103269706169765,0.13170440246661505,0.16332655772566795,-0.11290061163405578,-0.07010110778113206,-0.0486255536476771,-0.12646676475803056,0.0014756744882712762,-0.0992040855732436,-0.03422384709119797,-0.07664900769790013,0.01708672195672989,0.09304628148674965,-0.06889026798307896,-0.07776167243719101,-0.13866548240184784,-0.09305562855054934,-0.09231152695914109,-0.12022333312779665
SRS1386917,0,0.4185968975846966,0.5715004870047172,0.5633178868641456,0.14788276888430119,-0.028097098072369892,0.5805378866692384,0.6483270488679409,0.1846146465589603,0.54441312327981,0.83220174908638,0.9413300334805778,0.5494232252240181,0.1639330310281366,1.0732385503749053,0.12384005015095075,0.7147868654380242,0.768027446543177,0.658805285114795,0.252317590949436,0.6076731874297062,0.5032389387488365,1.0447888610263665,0.0078611026207606,0.9131759231289228,0.1051809621664385,0.3461807994171977,0.36543532585104305,0.09821227192878723,0.2803755799929301,0.5795679160704216,0.5566958449780941,0.22184967249631882,0.13420574646443129,-0.02301042340695858,0.08238646636406581,-0.05055998762448629,-0.017883652510742348,0.35142574086785316,-0.05556731174389521,-0.07537542283535004,-0.08474085045357545,0.08384061977267265,-0.15402067080140114,-0.1419385535021623,-0.11733979048828284,-0.10261072218418121,0.08180494482318561,0.22630560273925462,-0.09976098934809367,-0.05582878738641739,-0.026046909391880035,-0.11972773727029562,0.0878463846941789,-0.10601834456125896,-0.017419138302405674,-0.09867046525080998,0.08960936839381854,0.0406437652806441,-0.0767692116399606,-0.08770454153818719,-0.1483900174498558,-0.07633742177616416,-0.07362749706953764,-0.11079449423899253
SRS1386919,0,0.6300167379279932,0.6906758286058903,0.8035501145447294,0.19089898901681104,0.14651847506562868,0.7645586201300224,0.9226799023648103,0.33417308144271374,0.6597366854548454,0.935796968328456,1.0071364875572424,0.6442241768042246,0.25170886671791476,1.246267528583606,0.24009325355291367,0.8350804038345814,0.9735022038221359,0.6001434636612734,0.2518328359971444,0.6656387969851494,0.6381625086069107,1.1410306555529435,-0.019378597537676494,1.0532213250796,0.08612809578577678,0.1645380196472009,0.3305205628275871,0.16231106345852217,0.38892089761793613,0.5430811032031974,0.48122943192720413,0.29660046348969143,0.12126341213782628,0.012048296009500822,0.06732967868447304,-0.11486305358509223,-0.0015708111847440402,0.2898643799126148,0.018367696553468704,-0.07623739788929622,-0.04652771229545275,0.105362123499314,-0.16113744924465814,-0.16063779592514038,-0.12387085519731045,-0.1172994797428449,0.015875110402703285,0.18998402853806814,-0.059807922691106796,-0.07582231238484383,-0.05780998679498831,-0.14315669114391008,0.04916526951516668,-0.01333881045381228,-0.029563656076788902,-0.08956528268754482,0.08590404440959294,0.010938328380386034,-0.09493234381079674,-0.08423791266977787,-0.14735163003206253,-0.0950356237590313,-0.05648235293726126,-0.1101000215858221
SRS1386921,0,-0.09895002034803231,-0.010180241738756498,-0.0833536945283413,-0.08264401368796825,-0.1420788218577703,-0.07080352779788275,0.053737483297785126,-0.10380458924919367,-0.08076024614274502,0.02513369886825482,0.08778963051736355,-0.019966967403888702,-0.11723565434416135,0.08319351077079773,-0.11918946231404941,0.10060937951008479,0.030429808422923088,0.12834747477124134,-0.05467268327871958,0.014238441983858744,0.03875486801067988,0.07290334355396529,-0.05879400709333519,0.28478060228129226,-0.09805996157228947,-0.004854844883084297,0.0415227065483729,-0.06669682264328003,-0.05940315127372742,0.07921509460235636,0.28816290696461994,0.20149900888403258,0.018379148095846176,-0.026604238897562027,0.3449537220100562,0.3144848557809989,0.38004180913170177,0.5988262618581454,0.2352533545345068,0.5430017464483777,-0.017502225935459137,0.14167014695703983,0.23933672159910202,0.4991829476008813,0.3018019211788972,0.3813758185133338,0.19571963573495546,0.9714455037998656,-0.06644491913417976,0.5211151751379172,0.21212108495334783,0.6462159516910712,1.046063554783662,0.43157608310381573,0.28288217385609943,-0.09217825958815713,0.43212031076351803,0.7448638118803501,0.44968436782558757,0.4748714764912923,0.4155280018846194,0.32526588067412376,0.5135435837631425,0.27829789494474727
SRS1386922,1,0.5052310985823473,0.711218498647213,0.6176922935992479,0.2681277468800545,0.07169683401783307,0.5718562031785647,0.7440404537095068,0.1871977588161826,0.5342009738087654,0.7647301542262236,0.9890132846000294,0.5576709657907486,0.2094208455334107,1.1231759272826214,0.17808044763902822,0.6484963123997053,0.8351149186491966,0.48028721815596026,0.27382900348554057,0.49295060701357823,0.5889190308904896,1.0685921938469012,-0.008023595126966635,0.9427728280425072,0.10648365691304207,0.17892478530605635,0.33657918746272725,0.2001061669240395,0.3179252902045846,0.573975181983163,0.4922976146141688,0.18936073717971644,0.04409248133500417,-0.0022000890846053758,0.05693212399880091,-0.07148254911104839,-0.012828309088945389,0.18903773929923773,0.0386998907973369,-0.0765812589476506,-0.04889522244532903,0.0663011185824871,-0.1577216237783432,-0.1348885012169679,-0.11075421329587698,-0.1074309884570539,0.07762684548894565,0.13984298209349313,-0.06893161125481129,-0.09109109515945117,-0.050319182531287275,-0.12542814699312052,0.08327407477190718,-0.06300562495986621,-0.04715728014707565,-0.10938505331675212,0.01233630875746409,0.06111486814916134,-0.06912979731957118,-0.10989612030486266,-0.1339995115995407,-0.08616579261918862,-0.05721549658725659,-0.11747615427399676
SRS1386923,0,0.6718313743670782,0.6692965384572744,0.8339557306220134,0.16781273360053697,0.0586668411269784,0.721632182598114,0.9434439670294523,0.24735872820019722,0.6078957741459211,0.8479844853281975,0.9569067352761825,0.5992367565631866,0.14924666689087948,1.2209459302636485,0.2564150889714559,0.8341618701815605,0.9885865102211634,0.5525942059854666,0.22040164222319922,0.6125119399900237,0.6413170831898848,1.0941503973056872,-0.03593455379207929,1.0540543248256047,0.05474920695026716,0.1430044937878847,0.3262075896685322,0.14844906578461328,0.37918928389747936,0.6088667589550217,0.45900603880484897,0.20769180807595453,0.07316795736551285,-0.01757831497040267,0.07258989661931992,-0.09509270389874776,0.01255198506017526,0.19204621886213621,0.00895530249302586,-0.09765018274386723,-0.04850012809038162,0.03899433712164561,-0.16142979512612024,-0.1571778878569603,-0.13034730901320776,-0.10796287500609954,0.0553180401523908,0.16728727022806802,-0.06836728130777676,-0.09098752091328303,-0.04032111136863629,-0.13823903848727545,0.022302960356076557,-0.04659641534090042,-0.03232992130021254,-0.09238052864869435,-0.005659013986587524,0.058591725304722786,-0.06686784327030182,-0.09736657453080018,-0.14901244143644968,-0.08941908925771713,-0.08656025025993586,-0.11490023912241061
SRS1386928,0,0.08104375191032887,0.17403821585079035,0.11953314486891031,-0.10645442952712376,-0.13344003011782965,0.12199070956557989,0.2060648575425148,-0.121564704614381,0.0517509626224637,0.22451645011703172,0.480399323006471,0.045825290183226265,-0.13475137948989868,0.470253873616457,-0.11403133285542329,0.37632467101017636,0.10433642907689016,0.10615110009287794,-0.06924257179101308,0.20421395699183145,0.12306235730648041,0.3609466205040614,-0.14101318642497063,0.3223837098727624,-0.01965503941755742,-0.017913933843374252,0.04888534049193064,-0.0678110842903455,0.07366635277867317,0.05282887009282907,0.4797336409489314,0.28064657747745514,0.02864662930369377,-0.029743267844120663,0.14440559719999632,0.14472133914629617,0.1606131672548751,0.5821267714103063,0.23752257352073988,0.12148546800017357,0.05757166973004738,0.30162854461620253,-0.04834884156783422,0.25366625454626046,0.07254458110158642,-0.01793848102291425,0.21412928650776544,0.44891822066468495,-0.02409898800154527,0.15604691207408905,0.08819060275952022,0.11125692228476207,0.458080668002367,0.16851378635813793,0.1268476564825202,-0.09588417286674182,0.22234132466837764,0.2205891658862432,0.15316996754457554,0.10377893348534901,-0.05273309722542763,-0.0014967274231215317,0.2634172613422076,-0.08928653349479039
SRS1386929,0,0.5205740580956141,0.573986609155933,0.6579070904602607,0.14088007435202599,0.04246971383690834,0.5685199373013651,0.7748706862330437,0.1855348472793897,0.4573818196853002,0.6958615804711977,0.8922795526062449,0.4672827186683814,0.18873487040400505,1.0520088138679664,0.14681210244695345,0.5680370653669039,0.7735947693387667,0.3795069145659606,0.18541693671916923,0.4987895962937425,0.5777162584320953,0.9575702526296178,0.007240754862626393,0.896930206567049,0.03616697217027346,0.10534769296646118,0.30878161949416,0.10994121059775352,0.2620529616251588,0.5140613870074352,0.42326289663712185,0.16897563512126604,0.022170065591732662,0.028376642614603043,0.0854106992483139,-0.09181174263358116,-0.035703182220458984,0.18072905018925667,-0.0043491895000139875,-0.09946190045836072,-0.08034537856777509,0.02015785624583562,-0.1650619978706042,-0.14442700085540613,-0.1226067158083121,-0.11246460676193237,0.02179353404790163,0.11616309359669685,-0.09132422599941492,-0.10128511985143025,-0.038664198480546474,-0.13238197254637876,0.014474561748405298,-0.06612478444973628,-0.033762961626052856,-0.12130901341636975,-0.007913994292418161,0.04866373414794604,-0.07564615085721016,-0.1034789818028609,-0.1454851950208346,-0.09387225781877835,-0.07504447980318218,-0.12224806224306424
SRS1386930,0,0.47430430352687836,0.42195746178428334,0.5637196234116951,-0.05249506149751445,-0.06948227683703105,0.5110662281513214,0.6396457093457381,0.030904681732257206,0.2927445371945699,0.49802429725726444,0.6954680842657884,0.27670218671361607,-0.11252180611093839,0.7767729802678028,-0.00288187712430954,0.47412701323628426,0.5235986635088921,0.17045062275913855,0.017174597829580307,0.4139745620389779,0.36704794069131214,0.677391649534305,-0.13278339058160782,0.6636129102359215,-0.020696782196561497,-0.029375334580739338,0.08281000005081296,0.010675615320603052,0.21374275038639703,0.3057265402749181,0.4900192270676295,0.14725496185322604,-0.010786715894937515,0.012134128560622534,0.11625689702729385,-0.05608314275741577,0.01734711416065693,0.33232989461005974,0.08745739593481024,0.004348227133353551,-0.07605976859728496,0.1364772996554772,-0.16051940619945526,-0.018593157331148785,-0.08803921254972617,-0.10956624477209213,0.09745373002563913,0.16617457568645477,-0.05717568968733152,-0.08897508680820465,0.00038247741758823395,-0.11915370884040992,0.18100252437094846,0.08414033676187198,0.02187602346142133,-0.10767836620410283,0.07450169076522191,0.020316623151302338,-0.04750454744983775,-0.09123524402578671,-0.14859966995815435,-0.10133770977457364,0.051225351790587105,-0.12685989464322725
SRS1386931,0,0.2856145066519578,0.36341329477727413,0.3016391530012091,0.007235286136468251,-0.03196908223132292,0.4379556365311146,0.5688846011956533,0.1183857594927152,0.28638207415739697,0.5657138812045256,0.6391213249104718,0.32441937426726025,0.0951437974969546,0.9572612581153711,0.00555876021583875,0.681550974647204,0.6237731476624807,0.464763764757663,0.12875026448940238,0.38055486635615426,0.46426039685805637,0.7559159211814404,-0.023359868675470352,0.6453333385288715,-0.019035958995421726,0.060149881367882095,0.23008119966834784,-0.027444808433453243,0.2033285980966563,0.3246977908226351,0.4551168716667841,0.2588752557833989,0.03919061397512754,0.05630944420893987,0.10208633666237195,-0.05952409282326698,0.09564373176544905,0.3694077158967654,0.03928207295636336,-0.0280304749806722,-0.10037807126839955,0.08725468690196674,-0.14310913408795992,-0.0703893353541692,-0.11981876442829768,-0.07823903606185922,0.06588470563292503,0.17484680066506067,-0.07719654341538747,-0.10275379692514737,-0.036345055646961555,-0.015122991055250168,0.09614093725879987,-0.06370383237178127,0.016713272780179977,-0.09027450035015742,0.08021246269345284,0.03858880139887333,-0.021672928084929783,-0.05437516809130708,-0.06654853373765945,-0.09121856403847535,0.03632181168844303,-0.1289235514899095
SRS1386932,0,0.58249955996871,0.217988890906175,0.6214524190872908,-0.04080701805651188,0.040646700809399285,0.6342095620930195,0.8133776088555654,0.18399187549948692,0.21674748261769614,0.517573262254397,0.5308638475835323,0.34990690400203067,0.03979116678237915,0.7791047468781471,-0.000715288333594799,0.4868527372988562,0.631915474931399,0.27753709629178047,0.06345076113939285,0.42906229849904776,0.40624627998719615,0.6762993559241295,-0.04294137159983317,0.788240460989376,-0.1006599251801769,0.025106890747944515,0.20040729021032652,0.011802234997351965,0.18176923288653293,0.30841419162849587,0.3228976900378863,0.15006010234355927,-0.03380634617254449,-0.01644556721051534,0.13505145038167635,-0.07393145561218262,0.041429986245930195,0.1781081072986126,0.048221772303804755,-0.0778354643067966,-0.10178714493910472,0.056461973736683525,-0.11695291474461555,-0.04290954768657684,-0.12171211652457714,-0.07933690585196018,0.023193885882695515,0.23622496922810873,-0.09061529611547788,-0.0145358145236969,0.05216048968334993,-0.09246832652327915,0.012977439910173416,0.03206194657832384,0.02564731364448865,-0.10804980620741844,0.04817476620276769,0.0715488667289416,0.04438982034722964,-0.11425811424851418,-0.15664270147681236,-0.051865297059218086,-0.040633682472010456,-0.11765976405392091
SRS1386933,0,0.3124951058998704,0.24344298616051674,0.366193076595664,-0.058245026816924415,-0.08644839872916539,0.3269575585921605,0.42105349401632947,-0.07379583952327569,0.14589980244636536,0.4093898159141342,0.5763764368991057,0.18242417896787325,-0.06701616694529851,0.5391363985836506,-0.06362703799580534,0.2734792021413644,0.33659991311530274,0.1642625369131565,0.02787501209725936,0.3563269128402074,0.30234889561931294,0.6164501341991127,-0.07311901698509853,0.5743610366868476,-0.008904497449596723,-0.012020299832026163,0.07961210608482361,0.021652941747258108,0.08537163523336251,0.2557914766172568,0.40636577100182575,0.18304098770022392,-0.03812060443063577,0.05434932311375936,0.15399353423466286,-0.0753928894797961,-0.05555788924296697,0.3951039651098351,0.0209411745890975,-0.02460303654273351,-0.0868979978064696,0.09808825328946114,-0.16016452759504318,0.04546682288249334,-0.08605827592934172,-0.11298971623182297,0.077442051221927,0.2973283554116885,-0.0817392294605573,-0.0008335523307323456,0.10850539291277528,0.0071920013676087064,0.23152346598605314,0.028040894074365497,0.05489251886804899,-0.12583977977434793,0.09991270800431569,0.09876593574881554,-0.021358467328051727,-0.08428901682297389,-0.15018017838398615,-0.06930652695397536,0.05404683047284683,-0.12137551481525104
SRS1386934,0,0.3792496795455615,-0.012290729830662409,0.38440311630256474,-0.11038721228639285,-0.1383031109968821,0.35284275903056067,0.42180998840679723,-0.14678971841931343,0.004862720767656962,0.17040100942055383,0.21340469270944595,-0.03664457549651464,-0.1259672244389852,0.2658137350032727,-0.11027498915791512,0.15911258260409036,-0.006400776406129201,-0.0551985806475083,-0.1515874738494555,0.23467795923352242,0.047080705873668194,0.29251493924918276,-0.10883012289802234,0.3674813111623128,-0.06564965223272641,-0.009260155260562897,-0.07895320405562718,-0.06413834790388744,0.05123428410540024,-0.0373550516863664,0.4069908360640208,0.2521481824417909,0.07697668795784314,0.08109174954006448,0.23672700176636377,0.11910187949736913,0.10400144064624328,0.6691338668266932,0.19539585212866464,0.34104522814353305,0.03558639685312907,0.2628037743270397,-0.004871301352977753,0.43506254131595296,0.1949024610221386,0.03782322692374388,0.33184137009084225,0.5133081208914518,-0.004807997494935989,0.15763273214300474,0.26112788667281467,0.2885457510904719,0.48528148978948593,0.38979902894546586,0.2617356264963746,0.04568814920882384,0.36774450664718944,0.25207407027482986,0.2191488966345787,0.12002490957578023,0.03440451622009277,0.22003521832327047,0.36489802536865074,-0.06281233827273051
SRS1386936,0,0.2959471217667063,0.3170652923484643,0.4602444836248954,-0.09386094038685162,-0.12181459553539753,0.42636842901508015,0.4728344529867172,-0.028863466034332912,0.22114786381522814,0.39687638574590284,0.6014053809146086,0.20333955809473991,-0.13891757155458132,0.5707942980031172,-0.0258016437292099,0.4929136640081803,0.3127241611170272,0.15222409243384996,-0.024132502575715382,0.35451820989449817,0.2178279422223568,0.5599386574079593,-0.12985126053293547,0.5494086618224779,-0.03776181613405546,0.004818816320039332,0.0627612837900718,0.0029108870464066663,0.16264752391725779,0.19326422922313213,0.5417608637362719,0.24116234201937914,0.055335406213998795,-0.02129751443862915,0.1368107171729207,0.017328213279445965,0.06099001504480839,0.4231094953914483,0.11447603007157643,0.00442957878112793,-0.11265537949899833,0.1948506155361732,-0.1433765615026156,0.06776812424262364,-0.014756756524244944,-0.10739239735994488,0.17408637081583342,0.33327330524722737,-0.05489679328942051,-0.022787204012274742,0.02593087179896732,-0.0949995405972004,0.20314143846432367,0.15320292332520088,0.06112366542220116,-0.0715579129755497,0.10463902602593105,0.0634398190304637,0.01300852932035923,-0.024546300992369652,-0.1329644781847795,-0.08452310723563035,0.07409246762593587,-0.1299767941236496
SRS1386939,0,0.3985361357529958,0.6891249902546406,0.5483153772850832,0.27234485434989136,0.10007777903228998,0.550112921744585,0.6744107914467653,0.32839169694731635,0.6401262575139602,0.8624525765577952,0.9735715736169368,0.5428219363093376,0.278141309817632,1.1599412591507037,0.2989543254176776,0.6927460941175619,0.9084799339373907,0.7195556921263536,0.30645299702882767,0.4887563760081927,0.6685128311316172,1.0931810935338337,0.04154728725552559,0.9901017335553964,0.08291817456483841,0.3212330527603626,0.5006706478695074,0.20579379300276437,0.3210880346596241,0.6233084412912527,0.5680136472607652,0.20528819598257542,0.16657043000062308,-0.00027174378434817,0.04401908069849014,-0.08807338401675224,-0.05050285051887234,0.19430593339105448,-0.018991102774937946,-0.07852473141004641,-0.09023177127043407,0.036754472802082695,-0.1562760646144549,-0.14481265097856522,-0.12086549773812294,-0.11328944750130177,0.06161167720953623,0.10178051050752401,-0.10381857181588809,-0.09794854496916135,-0.08718907771011193,-0.11471284615496795,-0.035790024286446474,-0.07069853755335014,-0.07507493843634923,-0.0829014281431834,-0.0068630849321683245,0.04631408862769604,-0.0865295206507047,-0.05278655048459768,-0.1239295204480489,-0.08171477913856506,-0.08958603845288356,-0.10733105180164178
SRS1386943,0,-0.11983300683399041,-0.06145692306260268,-0.10389829923709233,-0.09230743333076437,-0.14306452001134554,-0.13382116705179214,-0.07551173431177934,-0.12385622908671697,-0.06625982692154746,-0.09361736165980498,0.16001269407570362,-0.14298155903816223,-0.1284633924563726,0.031032102182507515,-0.09333405178040266,0.1428370513021946,-0.08273356035351753,-0.12096244345108668,-0.14302833750844002,-0.10271020419895649,-0.07675361509124438,-0.12172876096641023,-0.08705203731854756,-0.05466744055350622,-0.08919196343049407,-0.07892838368813197,-0.05035214374462763,-0.09255958783129851,-0.03703367834289869,-0.0680986816684405,0.3516848646104336,0.2583782883981864,0.1338708996772766,-0.009033803828060627,0.35661469496941817,0.5300954701378942,0.5906737490246693,0.857425145804882,0.7650241889059544,1.1182142694791157,0.31244838144630194,0.6951448917388916,0.7182506496707598,1.3541818335652351,0.9317632019519806,0.703631731060644,0.43905677770574886,1.4244646467268467,0.10325168694059055,0.9631780212124189,0.3150959884126981,1.443266069361319,1.7089497645696003,0.9192829156915346,0.48769341719647247,0.3131981228167812,0.8464182987809181,1.1809146801630657,0.9730513940254847,0.9043764670689901,0.8153304134805998,1.0560936369001865,1.1882426117857297,0.6457177754491568
SRS1386947,0,0.2299167656650146,0.24985438461105028,0.2469430056711038,-0.07469234491388003,-0.09531161313255627,0.4667014603813489,0.4665056789914767,0.0030493338902791343,0.14299271752436957,0.47767339119066793,0.4545195947090785,0.28173569962382317,-0.03778379907210668,0.6753356829285622,-0.07454437925480306,0.5890725261221329,0.393301813552777,0.4442917636285226,0.020809795707464218,0.37139719755699235,0.340975488225619,0.6172186024487019,-0.004963005582491557,0.546409418185552,-0.034457750618457794,0.10304851333300273,0.19993461233874163,-0.03753996407613158,0.07613243162631989,0.37470614064174396,0.3569171490768592,0.23339097760617733,0.07627257953087489,-0.015152322749296824,0.1387934312224388,-0.0028820130974054337,0.07914866677795847,0.411952277024587,-0.0415068567575266,-0.05134133125344912,-0.08944272870818774,0.08110770210623741,-0.1055046742161115,-0.04604954272508621,-0.0936403622229894,-0.04409907292574644,0.13599207935233912,0.34052138899763423,-0.09164059441536665,-0.026692882180213928,0.04407303438832363,0.05762033350765705,0.15213963637749353,-0.04149919065336386,0.1200918306907018,-0.11696400446817279,0.11770510549346606,0.13201962783932686,0.04463821339110533,-0.015560080180875957,-0.0761638879776001,-0.05656001561631759,0.0192094420393308,-0.13127740658819675
SRS1386951,0,0.5611331968878707,0.4848874472081661,0.6786799548814694,0.07667781319469213,-0.08165536851932605,0.6227295305579901,0.7458399180322886,0.021134034109612305,0.37843485626217443,0.6167985672752062,0.7705050470928351,0.3315872244226436,-0.13791645069917044,0.8211402629191676,0.0889051544169585,0.6465187954405943,0.5228196208675703,0.31565241515636444,0.06486195232719183,0.5213347561657429,0.3756025781234105,0.8278693904479345,-0.12587541714310646,0.6993419180313746,0.04248077670733134,0.06416953851779301,0.12365578797956307,0.12361075977484386,0.25709204996625584,0.4132669835040967,0.5112707316875458,0.1540924869477749,0.07259190703431766,-0.019795226864516735,0.10732160756985347,-0.03982121947531899,0.047944474344452225,0.38021369526783627,0.04595506905267636,0.00472907970348994,-0.08657666419943173,0.15372760655979315,-0.15699776510397592,-0.03191069389382998,-0.06328023659686248,-0.09792803972959518,0.1953614211330811,0.21767300429443517,-0.037372324615716934,-0.034353747963905334,0.032442317654689155,-0.08423286614318688,0.22874217041923353,0.10938778674850862,0.04492798447608948,-0.07992614433169365,0.10426062842210133,0.057613092164198555,-0.0615314661214749,-0.10152252049495776,-0.13532369459668794,-0.10605877358466387,0.0745585560798645,-0.11344835224250953
SRS1386953,0,-0.03366069061060747,0.08019490043322246,-0.03651151332693795,-0.11246674569944541,-0.06408247103293736,0.07157787680625916,0.22244964043299356,-0.01588042142490546,-0.06822551662723224,0.03705864523847898,0.26715710014104843,0.11449051089584827,0.0020624049939215183,0.34082552542289096,-0.09650775394402444,0.2983205805843075,0.2943321891749899,0.11811730017264684,-0.021382129440704983,0.03888222575187683,0.17800498753786087,0.1791424180070559,-0.11035459705938895,0.23037280639012656,-0.09060770319774747,-0.07970607032378514,0.0766150417427222,-0.06876616179943085,0.0728004015982151,0.07087885650495689,0.3584475237876177,0.241206464668115,-0.009913034737110138,0.031688861548900604,0.270981687741975,0.06892477224270503,0.3763903522243102,0.4366160240024328,0.20009135206540427,0.24652131957312426,-0.030411190042893093,0.2316864108045896,0.06654918504257996,0.4078313975284497,0.08607208915054798,0.25996984789768857,0.11826072757442792,0.7151550501585007,-0.046746276008586087,0.241707107052207,0.1492228421072165,0.42541715130209923,0.7428598382199804,0.31852345789472264,0.30433104932308197,-0.1046399859090646,0.3903355598449707,0.47712750484546024,0.4585527057449023,0.3214027962336938,0.19541746812562147,0.17495975736528635,0.4319715142870943,0.12995700351893902
SRS1386954,0,0.14642091250667968,0.12552021366233626,0.14437549685438475,-0.08969263732433319,-0.12668355678518614,0.3205983539422353,0.28307829797267914,-0.08886342495679855,0.07763588304320972,0.2811805835614602,0.2454422718534867,0.11096905916929245,-0.14689169327418009,0.4244765217105548,-0.1185776914159457,0.44062864407896996,0.13824342924635857,0.383605878179272,-0.08292701219518979,0.23442936688661575,0.15603982160488764,0.291331746634872,-0.052281114583214126,0.3313631359487772,-0.06538922153413296,0.06911895424127579,0.08855960021416347,-0.08479996149738629,0.047215755408008896,0.22525272270043692,0.4210233961542447,0.3229582232888788,0.1091602382560571,-0.021488445500532787,0.24618102796375751,0.04419954555730025,0.2181769450350354,0.5776144924263159,0.03403929442477723,0.06640421102444331,-0.10054117068648338,0.17995095578953624,-0.0761699303984642,0.09206659595171611,0.01012746493021647,-0.0033012591302394867,0.1668089727560679,0.4643617197871208,-0.05897112749516964,0.05807878635823727,0.0576231504480044,0.19054574829836687,0.3201715766141812,0.15670416597276926,0.23487727592388788,-0.10031034735341866,0.17601368576288223,0.18203501279155412,0.17449729051440954,0.14938917135198912,0.05100305130084356,0.030253948643803596,0.17870896449312568,-0.05292910027007262
SRS1386955,0,-0.0999652910977602,0.043815710271398224,-0.046188984687129654,-0.06174499914050102,-0.13690812264879546,0.04447272916634878,0.10055505422254403,-0.033770796532432236,-0.018275522937377293,0.10993427162369092,0.1758265489091476,0.12679265439510345,-0.13330606246987978,0.2967570349574089,-0.09509445369864504,0.2929115646208326,0.09316363744437695,0.36643580844004947,-0.06304396564761798,0.12385251621405284,0.13872437427441278,0.1476795505732298,-0.07355553780992825,0.3709888309240341,-0.1050097793340683,0.13078163005411625,0.1562785878777504,-0.10252581536769867,-0.03812878982474407,0.3530621211975813,0.532341324724257,0.29950835804144543,0.12425699333349864,0.044288563231627144,0.3031900612016519,0.15857671721217534,0.47254374468078214,0.6153409058849016,0.11800518362239625,0.27142267922560376,-0.12343709170818329,0.2059335404386123,0.16704152276118597,0.3544533463815848,0.1777951829135418,0.4026515254129966,0.17281475476920605,0.7977355563392242,-0.08844787254929543,0.38714127739270526,0.027438119053840637,0.5161178006480137,0.8792808686072627,0.3305385403024654,0.28333963453769684,-0.09165561820069949,0.33806074410676956,0.5053921199093262,0.3942554754515489,0.4653172343969345,0.31094080954790115,0.3329181026201695,0.44705246451000374,0.3628511540591717
SRS1386956,0,0.4274583763132493,0.46016941716273624,0.5812368802726269,0.09892669320106506,-0.054315553357203804,0.5154008629421393,0.49620500827829045,0.004660159659882386,0.43065650512774784,0.5388329649964968,0.7244223592182001,0.19979467242956161,-0.1236083706219991,0.5376012288033962,0.1518131261691451,0.496898856634895,0.37254250049591064,0.28506976428131264,0.06610958743840456,0.4134871686498324,0.30775722737113637,0.6533259251931062,-0.1043268231054147,0.4724357910454273,0.05247568959991137,0.2492751833051443,0.06572211471696694,0.09278545839091142,0.20086568982029954,0.2988583686140676,0.742090874662002,0.15618341912825903,0.25626274198293686,-0.05535750432560841,0.10556274900833766,0.12206630905469258,0.08738371528064211,0.6102717791994413,0.23703479766845703,0.3713698588932554,0.004241848985354106,0.4397056847810745,0.04601402891178926,0.494968943297863,0.28377427828187746,0.0433322691048185,0.3380253653352459,0.3636520939568679,0.014926969073712826,0.1103465654887259,0.23223316917816797,0.22886106744408607,0.3663508421353375,0.36024975404143333,0.15253338295345506,0.1671259858800719,0.3847028700013955,0.21227302743742862,0.08084012567996979,0.016003404433528583,0.0818514316342771,0.2267115575571855,0.3841591502229373,-0.07654269008586805
SRS1386957,0,-0.06924347796787818,0.013240435471137365,-0.057120416002968945,-0.06987335905432701,-0.14136485879619917,0.2003411278128624,0.14140980194012323,-0.05738509880999724,-0.004184348198274772,0.1591625933845838,0.07305650413036346,0.0791286031405131,-0.12942457695802054,0.2838689982891083,-0.1445602004726728,0.2987338894357284,0.1236128651847442,0.32689927487323683,-0.07463465879360835,0.08488145843148232,0.14077775552868843,0.19765988163029155,-0.004440056470533212,0.2785397271315257,-0.12715994690855345,0.19322430218259493,0.12953502560655275,-0.08831692735354106,-0.00841732540478309,0.30625239526852965,0.39219048619270325,0.22398331513007483,0.04164473215738932,-0.008024542282025019,0.15493174393971762,0.1220487579703331,0.11027167147646348,0.4709070685009162,-0.04393955537428459,0.0013117864727973938,-0.11854060863455136,0.08635328337550163,0.04057949036359787,0.12517622858285904,0.05701868236064911,0.04985388865073522,0.1946426940461,0.5437551935513815,-0.09596971732874711,0.06653360029061635,0.0913309749836723,0.17228019565664,0.2490671103199323,0.03398481663316488,0.10756613810857137,-0.0989236906170845,0.08966598411401112,0.1623585900912682,0.06639522314071655,0.021956964085499447,-0.06621092619995277,0.03518447931855917,0.10455086485793193,0.13178185125192007
SRS1386958,0,-0.01171053759753704,-0.10853893946235378,-0.021667006736000378,-0.061866051672647394,-0.12681339867413044,0.22361804669102034,0.13692215255772075,-0.10965080931782722,-0.10483777057379484,-0.04955244064331055,0.026780860498547554,-0.12716243974864483,-0.11982549851139386,0.10828865505754948,-0.13604152264694372,0.24555877720316252,-0.05046343857732912,0.11577620357275009,-0.13021306321024895,0.01081865280866623,0.013034760331114134,-0.03210113135476907,-0.07500376241902511,0.1240689866244793,-0.14232398693760237,0.1379356044344604,0.004007868468761444,-0.08212980379660924,-0.012110603662828604,0.08007598419984181,0.3019060182074706,0.22590285136053959,0.08888017262021701,-0.01813411442950989,0.2516939702133338,0.3280056035146117,0.4421153298268716,0.6884662806987762,0.1679164714490374,0.5188373929510514,-0.007902871506909529,0.28363894453893107,0.17195959389209747,0.6992010399699211,0.2850874848663807,0.20577299408614635,0.24645358696579933,0.7803913243114948,-0.07854202180169523,0.37563634710386395,0.128225011130174,0.5799593354264895,0.6369507784644762,0.3606939978587131,0.2869307833413283,-0.022722400724887848,0.3510362592836221,0.45816101754705113,0.42879512906074524,0.36669715121388435,0.33466845999161404,0.38638045607755583,0.29705882507065934,0.3436351418495178
SRS1386959,0,0.32795057802771527,0.40056847656766575,0.3687637572487195,-0.03594459407031536,-0.08710660319775343,0.48334915935993195,0.4753722473978996,-0.01757803155730168,0.2722019950548808,0.5237027322873473,0.6736120268081626,0.2776087637369831,-0.07589091050128143,0.795168528954188,-0.04418852444117268,0.5799555076907078,0.504909531523784,0.3837757855653763,0.05650809407234192,0.453578332439065,0.3694211145242055,0.6747121382504702,-0.05662124945471684,0.6582040246576071,0.0048350511739651365,0.08867381982660542,0.14451844990253448,-0.028353679925203323,0.15037399219969907,0.4399508871138096,0.43365831952542067,0.19034760321180025,0.06950304036339124,-0.009942556420962015,0.13104805598656336,-0.02413015440106392,0.009631112217903137,0.37847184141476947,-0.0067109304169813795,-0.07022240509589513,-0.07014653459191322,0.09088350956638654,-0.15014743308226267,-0.09038227672378223,-0.09709992135564487,-0.11453952159111698,0.10214008763432503,0.22792863038678965,-0.06976200112452109,-0.03278499593337377,0.004257868354519208,-0.07664774358272552,0.16766167307893434,-0.06336016083757083,0.10266887148221333,-0.11858048817763726,0.0827784426510334,0.10273084292809169,-0.024958647477130096,-0.07571977314849694,-0.14956779778003693,-0.10613765846937895,-0.04737801989540458,-0.13912816097338995
SRS1386960,0,0.4793649073690176,0.643539484590292,0.6698878364016613,0.21870212877790132,0.0068042051667968435,0.7369170306871334,0.7864343117301663,0.2538001054587464,0.7123758296171824,1.019586940606435,0.9760828446596861,0.6613424569368362,0.11337490566074848,1.174233208100001,0.1929085229833921,0.8892823526014885,0.886787774739787,0.8427052696545919,0.2883235417927305,0.667368638018767,0.6540282148246964,1.142829945931832,0.02987813080350558,1.0953636889656384,0.08709388722976048,0.41453032071391743,0.39434439068039256,0.10437920565406482,0.3019556210686763,0.7414761272569498,0.6016968764985601,0.2573262117803097,0.16955716038743654,-0.003963283573587735,0.055796749889850616,-0.06268927330772082,-0.035687427346905075,0.31928826744357747,-0.06614023447036743,-0.08454406633973122,-0.07157442718744278,0.050768754134575524,-0.1486644595861435,-0.15050106992324194,-0.12922411660353342,-0.08818785597880681,0.08397135697305202,0.12847820079574981,-0.11200054362416267,-0.059712242955962815,-0.03994936868548393,-0.12348249290759365,-0.012296974814186493,-0.12390487268567085,-0.06331917146841685,-0.0905889676262935,0.05517161265015602,0.08955694579829772,-0.060225775154928364,-0.0657636594842188,-0.14219952747225761,-0.07473392691463232,-0.10705064826955397,-0.11162449481586616
SRS1386961,0,0.18211342642704645,0.261293829108278,0.13324785170455775,-0.10165382797519366,-0.11290605800847213,0.3834180993338426,0.27061996205399436,-0.1376589002708594,0.19028350338339806,0.34825827336559695,0.29497374470035237,0.11768119906385739,-0.1270169491569201,0.36731527000665665,-0.11461972817778587,0.38920072093605995,0.15830427780747414,0.2947942816341917,-0.0702940175930659,0.2093563104669253,0.07031157426536083,0.47601028718054295,-0.06099638637776176,0.3821506944174568,-0.05729403346776962,0.15588837613662085,0.11174632733066876,-0.07337511703372002,0.11538297434647878,0.27467377483844757,0.40174719008306664,0.26202861149795353,0.11500867704550426,-0.04364795812095205,0.16111077989141145,0.07264936715364456,0.08116393846770127,0.46616041474044323,0.05800387263298035,-0.041106404115756355,-0.031085083882013958,0.13866218676169714,-0.08309279133876164,0.05763814357730249,0.013987453033526739,-0.009221374057233334,0.26503728578488034,0.5151752571885785,-0.03013452577094237,0.13695166942973933,0.19367151831587157,0.19368915430580577,0.3581879598399003,0.09071558093031247,0.20298050716519356,-0.0951859603325526,0.2003918745322153,0.2182519199947516,0.09774740350743134,-0.06262660554299752,-0.046327595909436546,0.03193303616717458,0.21535158498833576,-0.13750271468112865
SRS1386963,0,-0.09703067721178134,0.05204291269183159,-0.009817790240049362,-0.06670931346404056,-0.14535706490278244,0.010315195967753729,0.09072130173444748,-0.04770132775108019,-0.08105873130261898,0.057891590520739555,0.1049237387875716,0.07242605586846669,-0.14545413168768087,0.23765170822540918,-0.10918034240603447,0.351125235358874,0.08030982129275799,0.3446100354194641,-0.017901530178884666,0.05953634281953176,0.1500636637210846,0.08072432968765497,-0.06757320960362752,0.31094541897376377,-0.10231686383485794,0.1421702802181244,0.10683125179881851,-0.08229569594065349,-0.04495913628488779,0.35678910339872044,0.4754502885043621,0.2511228521664937,0.09099511429667473,-0.029511305193106335,0.2814313806593418,0.23707041020194689,0.4674649095783631,0.6498041227459908,0.16229391346375147,0.31247151891390484,-0.12869751205046973,0.16955777816474438,0.2016287421186765,0.3441357841559996,0.18753377348184586,0.388740130700171,0.17220404651015997,0.8772387094795704,-0.09080311416376692,0.39967408155401546,0.04631068495412668,0.5326538174413145,0.9025093068679174,0.4241584974030654,0.28135259449481964,-0.08953891818722089,0.30621496091286343,0.5034604339549938,0.43132883061965305,0.39931047102436423,0.30094124376773834,0.3482680857802431,0.42313372987943393,0.3672132057448228
SRS1386968,0,0.30033165208684903,0.2231391053646803,0.36243026294202235,-0.044682576709116496,-0.05815190076828003,0.32455623398224515,0.4199104867875576,-0.043129107604424156,0.06109353434294462,0.3442126226921876,0.6134509816765785,0.19825717279066643,-0.009929158414403597,0.6270841620862484,-0.09176069187621276,0.3238741097350915,0.31833469060560066,0.10319997851426403,0.02300263661891222,0.34190667172273,0.28007101143399876,0.6150085708747307,-0.08261717110872269,0.541022234596312,-0.019476615212624893,-0.05660692850748698,0.05838880532731613,0.02707215305417776,0.11602065029243629,0.1757348949710528,0.41661251957217854,0.236172782878081,-0.0156208835542202,0.049138533572355904,0.1907589027347664,-0.06699935346841812,-0.022041118412744254,0.3730891852950056,0.10871751792728901,0.0026971036568284035,-0.07416520826518536,0.12620081131656966,-0.14884248624245325,0.032237487845122814,-0.07924915167192619,-0.08280384074896574,0.09481410558025043,0.3847232349216938,-0.05643609445542097,0.04584011808037758,0.10213962694009145,-0.005200796450177829,0.35582486167550087,0.06148687625924746,0.08684845268726349,-0.12639435411741337,0.14086585491895676,0.11302315195401509,0.05231769662350416,-0.0591791020706296,-0.14291356628139815,-0.04340987435231606,0.12923785656069717,-0.1163368783891201
SRS1386969,0,0.3658734932541847,0.15361247460047403,0.4927738383412361,-0.0994299693653981,-0.12199574088056882,0.4908810804287593,0.5322148801448444,-0.09954806541403134,0.06397366151213646,0.2657000621159871,0.5171186501781145,0.07897511993845303,-0.15172617261608443,0.5443758262942234,-0.04604668573786815,0.39683038338747184,0.19886729307472706,-0.007603802407781283,-0.0900188625479738,0.3611112907528877,0.17289751768112183,0.41789711484064657,-0.13115147687494755,0.48534579823414487,-0.0873648567746083,-0.018341057002544403,-0.03985464697082838,-0.04110346920788288,0.09890242976446946,0.05766858160495758,0.4218789028624694,0.1615081534255296,0.012597175935904184,-0.013345394283533096,0.1490908683432887,0.08894836654265721,0.09235591332738598,0.5178018640726805,0.12969378040907031,0.20976152271032333,-0.013155077894528707,0.2984822479387124,-0.09489274521668752,0.30987128739555675,0.034709710627794266,-0.12441785633563995,0.24725723080337048,0.2997235134243965,-0.055591875687241554,0.013741333037614822,0.09094412671402097,0.05007506161928177,0.24254275610049567,0.2203361882517735,0.11669643634619813,-0.056093608339627586,0.2258830927312374,0.11966664701079328,0.05050383135676384,-0.0102713859329621,-0.08532657319058974,-0.0073507266740004224,0.1090896005431811,-0.11394648905843496
SRS1386971,0,0.35180218145251274,0.4172372352331877,0.49164049824078876,-0.014324398090442022,-0.041704265400767326,0.5318237841129303,0.5865414167443911,0.046482459952433906,0.3559539740284284,0.5880598289271196,0.7291099118689696,0.3460606050988038,0.014915519704421362,0.8894606344401836,0.00952674758931001,0.6082104612141848,0.5876187868416309,0.4399616044635574,0.07560709274063508,0.4948614686727524,0.42646529773871106,0.8162082812438408,-0.05909395582663516,0.7269825761516889,-0.006065404663483302,0.055546688536802925,0.15775366104207933,0.021519288420677185,0.19694162035981813,0.36086205455164116,0.4345148770759503,0.21451879385858774,0.07122839987277985,0.00022172306974728903,0.11976703194280465,-0.06186987645924091,0.008333718404173851,0.3870691234866778,0.017407040266940992,-0.06765923649072647,-0.0976792685687542,0.10939469560980797,-0.16510787357886633,-0.10956867272034287,-0.12345566755781572,-0.09880792225400607,0.08376234024763107,0.2191575529674689,-0.09532634976009528,-0.07367001101374626,0.006069316839178403,-0.12656178325414658,0.12100870038072269,-0.047961788872877754,0.029290056476990383,-0.10503257066011429,0.09060184905926387,0.06774300802499056,-0.027148371019090217,-0.09354787816603978,-0.15057363857825598,-0.10135431618740161,-0.065676165279001,-0.13375402241945267
SRS1386972,1,0.3145754983027776,-0.021947311858336132,0.38617365434765816,-0.12489077138404052,-0.12802842631936073,0.3887510895729065,0.44948032839844626,-0.11457509361207485,0.02313969035943349,0.008843893806139628,0.18385215227802595,-0.0689532496035099,-0.1284614416460196,0.27778004730741185,-0.08604347581664722,0.2663237837453683,0.07015466379622619,-0.08684592507779598,-0.10962358737985294,0.1996253801820179,-0.008137786605705818,0.06497323637207349,-0.08875241254766782,0.23605966567993164,-0.11918306288619836,-0.0029458925127983093,-0.13754616056879362,-0.04208624300857385,0.047637070529162884,-0.10389986056058358,0.4518493463595708,0.18296164010340968,0.19990221162637076,-0.021032632018129032,0.22066134959459305,0.32057597340705496,0.3208656382436554,0.766200354633232,0.48906837264075875,0.7652739423016707,0.08406862740715344,0.49274396523833275,0.06411550318201382,0.9041269272565842,0.3845744878053665,0.2164517119526863,0.36753782342323876,0.5987168575326601,0.061091565837462745,0.3137251778195302,0.17008292628452182,0.6881111090381941,0.692423219482104,0.561447013169527,0.35647018750508624,0.1880322421590487,0.4555330357203881,0.47372393185893696,0.5183042362332344,0.43441796985765296,0.3225648266573747,0.5536285155685619,0.5246944899360338,0.29699328790108365
SRS1386975,0,0.5777127121885618,0.6725529090811809,0.7880924937004844,0.2546799878279368,0.21372168511152267,0.580571171361953,0.847601609925429,0.3377818341056506,0.4750271911422412,0.7901084261635939,1.0519044014314811,0.5584897100925446,0.36981672669450444,1.3085316469271977,0.2598414557675521,0.5906412353118261,0.8792567029595375,0.4093044276038806,0.30617040147384006,0.5882824314758182,0.5807618498802185,1.055570679406325,-0.018565084494184703,0.9811261047919592,0.05768562853336334,0.17821493620673814,0.34937277746697265,0.19145239237695932,0.33863914649312693,0.45966431374351185,0.4698659908026457,0.18959070928394794,0.022797292408843834,0.019011405607064564,0.06799426302313805,-0.09515525648991267,-0.027221899712458253,0.2154522342607379,0.042999213095754385,-0.09308050479739904,-0.06565660114089648,0.07911610479156177,-0.16393782695134482,-0.14683072393139204,-0.07933581992983818,-0.12587159499526024,0.055377399238447346,0.1771445833146572,-0.08033895492553711,-0.07886474827925365,-0.053165762995680176,-0.13100295762221018,0.04173645369398097,0.008996109788616499,-0.062491861482461296,-0.11084970459342003,0.03298767035206159,0.01596221700310707,-0.07739216135814786,-0.11105313974743088,-0.13949952522913614,-0.09778242806593578,-0.034893911331892014,-0.10697501183797915
SRS1386976,0,0.5544022768735886,0.6819511453310648,0.7218794996539751,0.24609427154064178,0.0942547960827748,0.7497344793130954,0.8697587046772242,0.23489603524406752,0.6417020689696074,0.9347556376208862,0.9769218082850178,0.621235145876805,0.14502131069699922,1.2139387506758794,0.23683259139458337,0.7936469875276089,0.9685173134009043,0.74357167010506,0.2779584303498268,0.6406875581791004,0.7386275616784891,1.148754480605324,0.009848273048798243,1.0902107407649357,0.040817933777968086,0.19120104610919952,0.37608743614206713,0.1494593620300293,0.36632303334772587,0.6715466228779405,0.5091349532206854,0.1994630228728056,0.07705506806572278,-0.01256809631983439,0.06622010096907616,-0.07846040278673172,0.001565071443716685,0.24421631917357445,-0.04298815379540125,-0.0961910809079806,-0.07795611893137296,0.07904309779405594,-0.15142989655335745,-0.15346298615137735,-0.1320085475842158,-0.08850365752975146,0.06310577069719632,0.13278191164135933,-0.10295411571860313,-0.09576752657691638,-0.02617139353727301,-0.126328161607186,-0.02034853332831214,-0.08338756704082091,-0.07596764837702115,-0.07477156507472198,0.0263880155980587,0.1092487300435702,-0.05694055433074633,-0.06293096796919902,-0.14116061106324196,-0.0924379751086235,-0.1070117149502039,-0.11030976908902328
SRS1386977,1,0.249086519703269,-0.06120513674492637,0.14562303433194757,-0.0677040043907861,-0.10519054314742486,0.35611457874377567,0.2578671707306057,-0.1292335850497087,0.004573503974825144,0.005436219274997711,-0.04775922497113546,-0.10836788639426231,-0.10205207796146472,0.13918696778515974,-0.11725610634312034,0.13977881458898386,-0.005968845061336954,-0.016189991186062496,-0.13812710220615068,0.1527838402738174,-0.07506371865747496,-0.009788950284322103,0.11115220561623573,0.12973967008292675,-0.09424576411644618,0.1103181391954422,-0.06061840429902077,-0.04971543947855631,0.011601633081833521,-0.06696302800749739,0.35179547740456957,0.306805447054406,0.2570577785372734,-0.021805408876389265,0.3353991334637006,0.42698504713674384,0.3704567067325115,0.8471522331237793,0.3676224996646245,0.8413813579827547,0.17484413708249727,0.49091056113441783,0.19340299939115843,0.9856315621485313,0.5059863912562529,0.2551795206964016,0.554573155939579,0.8291635991384586,0.031596685449282326,0.4067288624743621,0.33650927847096074,1.0413699162503083,0.9306201050058007,0.5959455445408821,0.45933246860901517,0.29028919742753106,0.6356598076721033,0.5798143868645033,0.48364920541644096,0.48666439872855943,0.5691964249126613,0.7285214439034462,0.8067981836696466,0.31959304368744296
SRS1386978,0,0.22345552438249192,0.16990925557911396,0.23448999815930924,-0.10274413134902716,-0.0564974012474219,0.2813124607006709,0.35656170547008514,-0.00037489210565884906,0.03194377012550831,0.2797439880669117,0.4338040848573049,0.189351636916399,-0.013246349059045315,0.5745141692459583,-0.1058167393008868,0.36538294206062955,0.2823817878961563,0.18354363491137823,0.03424963913857937,0.2769512723510464,0.30148592342933017,0.5114445574581623,-0.02360471213857333,0.43891601792226237,-0.032408385227123894,-0.01852655333156387,0.09512105335791905,0.020243292363981407,0.030818996640543144,0.2432883313546578,0.35802654797832173,0.2267822880918781,-0.04084186411152283,0.036958396434783936,0.18895447502533594,-0.04689925039807955,0.008513649304707846,0.3363602540145318,0.03899401860932509,-0.028656463449199993,-0.08205396806200345,0.06801259145140648,-0.12008688723047574,0.001809959610303243,-0.0815341891720891,-0.043554989621043205,0.10439667136718829,0.36377323682730395,-0.08305235455433528,0.021404462556044262,0.1195291094481945,-0.009063965951402983,0.2866840388160199,0.08562965008119743,0.136325570444266,-0.1256287433207035,0.1346973404288292,0.10555265021199982,0.054208253820737205,-0.006462215756376584,-0.10839396963516872,-0.05022407431776325,0.11445444620524843,-0.13793125500281653
SRS1386979,0,0.5425582975149155,0.5815142424156269,0.7050023209303617,0.13987595091263452,-0.014606915414333344,0.5903776362538338,0.7495247262219588,0.10376268438994884,0.5048500175277392,0.669449720531702,0.8857529554516077,0.4331901843349139,-0.05906640691682696,0.9614884629845619,0.1488586922205286,0.5853722939888636,0.7465686127543449,0.39786247924591106,0.1678168031697472,0.531868937027563,0.5292076133191586,0.9272144349912802,-0.10990482723961274,0.8131405760844549,0.07864181324839592,0.0872897244989872,0.20344156927118698,0.12465647545953591,0.31357215251773596,0.5228108868274527,0.5110955859224001,0.16798802465200424,0.030470876023173332,-0.005257126564780871,0.09720431516567866,-0.07721842204531033,-0.008939245094855627,0.28832221186409396,0.050234553714593254,-0.020041242552300293,-0.07214887316028278,0.09160704041520755,-0.16027206058303514,-0.09008507120112579,-0.09267276463409264,-0.1022906427582105,0.138940814572076,0.17723502094546953,-0.0522445614139239,-0.07939320119718711,-0.015380990381042162,-0.12562584752837816,0.1433509326307103,0.04410420140872399,-0.03026201327641805,-0.10133140534162521,0.03895341915388902,0.03746815708776315,-0.06950272868076961,-0.08616498112678528,-0.13449139334261417,-0.09294331756730874,-0.0113243218511343,-0.1159650357440114
SRS1386983,0,-0.08681247942149639,0.002759690706928571,-0.05921316953996817,-0.06002711442609628,-0.14139155546824136,0.029947819809118908,0.13355043220023313,-0.10583760496228933,-0.03557266038842499,0.09464499354362488,0.06650695328911145,0.03682989627122879,-0.1281211612125238,0.18847084045410156,-0.13267558564742407,0.24045036112268767,0.12466786988079548,0.47804681211709976,-0.057922303987046085,0.06395588566859563,0.18641088778773943,0.19388362346217036,-0.0103491828776896,0.27427397420008975,-0.09047604942073424,0.1832466684281826,0.1330268532037735,-0.1053595133125782,-0.006035723490640521,0.29714480011413497,0.3742788626501958,0.27210743352770805,0.05106562624375025,0.023832984268665314,0.2090995286901792,0.08135626434038083,0.10276393514747421,0.4618561028813322,-0.054849253967404366,-0.03794960305094719,-0.11140597363313039,0.06438941384355228,0.05153873562812805,0.033082676430543266,0.032611233492692314,0.05926152132451534,0.11477283419420321,0.48911584603289765,-0.09369137821098168,-0.013606312374273935,0.050014871483047806,0.0627675789097945,0.37414126470685005,0.24146398374189934,0.0813751636693875,-0.11152211017906666,0.13988868426531553,0.2307750197748343,-0.012213324507077536,0.08689526220162709,-0.10940972839792569,0.030743934214115143,0.04763385156790415,-0.05073182905713717
SRS1387018,0,0.3853494053085645,0.26409719170381624,0.4729851248363654,-0.08476222306489944,-0.1031673951074481,0.5049305831392606,0.44587998821710545,-0.12406618086000283,0.25540339613022905,0.3672895067720674,0.44311998412013054,0.11309594948155184,-0.12833626692493758,0.4734247252345085,-0.06303154428799947,0.4997113011777401,0.2172139541556438,0.18334733756879965,-0.055384390677014984,0.35405543508629006,0.14213763239483038,0.4865078863998254,-0.07351162579531471,0.41966640887161094,-0.04623630146185557,0.1929653286933899,-0.033707380294799805,-0.05225021205842495,0.18950546951964498,0.23468456572542587,0.4998437495281299,0.1806234090278546,0.13839358712236086,-0.01616787227491538,0.16050752314428487,0.13179180251124004,0.09016451239585876,0.6092466317738096,0.1357890491684278,0.13080203408996263,-0.05503154173493385,0.25400451322396594,-0.11524717696011066,0.2456972897052765,0.09120999587078889,-0.06352841706636052,0.2726697716861963,0.3125173399845759,-0.0695481492827336,0.07181465936203797,0.16418254561722279,0.06430459519227345,0.33601756145556766,0.19254754685486355,0.16934509140749773,-0.05472473427653313,0.25886819263299304,0.20142987246314684,0.03373034174243609,-0.04579990915954113,-0.04092422717561325,-0.06035907628635565,0.14125356699029604,-0.12638351321220398
SRS1387019,0,0.2043958188345035,0.1344361330072085,0.21928378101438284,-0.08682377201815446,-0.12480337359011173,0.4491082901755969,0.3780815079808235,-0.06233897184332212,0.04372889300187429,0.30743859770397347,0.33921991288661957,0.16575345893700918,-0.1288061843564113,0.5022991535564264,-0.12167480836311977,0.48724334066112834,0.23690822285910448,0.304413181108733,-0.051860460390647255,0.24331804364919662,0.21521624674399695,0.443261727069815,-0.07340875454246998,0.41663230024278164,-0.07712050713598728,0.05712480594714483,0.0916329895456632,-0.059050015484293304,0.07459051255136728,0.24020813032984734,0.3808172357579072,0.24500851426273584,0.08643617605169614,-0.034102274725834526,0.19935446853439012,0.04493866383563727,0.13437588202456632,0.48000966757535934,0.03868703730404377,0.045764955381552376,-0.06020568481956919,0.13967236379782358,-0.0775327521065871,0.0826467623313268,-0.06876909205069144,-0.030812105008711416,0.2176626349488894,0.4564467916886012,-0.06926664861384779,0.057775840163230896,0.11576647187272708,0.1968117809544007,0.21395088483889899,0.09183611162006855,0.16179348031679788,-0.09348332571486632,0.17971591651439667,0.2101237898071607,0.1553767348329226,0.04141166682044665,0.006803835431734721,-0.005741665450235208,0.11762029243012269,-0.1064419982333978
SRS1387021,0,0.14793535508215427,0.2436420905093352,0.22606330458074808,-0.050557407240072884,-0.09235259455939133,0.24241187423467636,0.3502403050661087,-0.04538412392139435,0.10677920706802979,0.32445918396115303,0.5765092670917511,0.18660832196474075,0.0032202483465274176,0.6365908688555161,-0.09445619334777196,0.36762426296869916,0.32336726194868487,0.3269326301912467,0.0278215774645408,0.26904667417208356,0.258870504796505,0.6025683656334877,-0.08307179110124707,0.47527687981103856,-0.02827342351277669,0.014710064977407455,0.1510579981841147,-0.026815419395764668,0.10395308956503868,0.18436862528324127,0.40811366025203216,0.22975719844301543,0.060493714176118374,0.009494381646315256,0.16554801228145757,-0.003115063300356269,0.0852291591775914,0.4292670786380768,0.05492469668388367,-0.04425928244988123,-0.08403770718723536,0.20258293254300952,-0.13910191568235555,0.009561999700963497,-0.09052066877484322,-0.09604223165661097,0.11760235701998074,0.35252202426393825,-0.09773397073149681,-0.016488963117202122,0.03883985864619414,-0.030686030785242718,0.18275894224643707,0.005794344159464042,0.06016100601603588,-0.11078409121061365,0.1707516424357891,0.10592821737130483,0.003437499205271403,-0.03671190266807874,-0.1243271844772001,-0.067698258596162,0.01899662520736456,-0.1327929086983204
SRS1387023,1,0.5513527082900206,0.21300836528340975,0.6686927769333124,-0.0768034936239322,-0.12264238918821017,0.6182152343293031,0.6991951539530419,-0.10493661602959037,0.22739394754171371,0.31393205487014103,0.5156003137429556,0.09640539437532425,-0.14132106552521387,0.5663592927157879,0.016985538726051647,0.48423087131232023,0.29942841331164044,0.05213382219274839,-0.10570096185741325,0.43170873005874455,0.16545698946962753,0.5107264936280748,-0.08783966737488906,0.48779895591239136,-0.06271431967616081,0.030069188525279362,-0.11845209697882335,-0.028739458570877712,0.16936891401807466,0.05623405799269676,0.501821887989839,0.17890696972608566,0.1710604913532734,-0.03827696076283852,0.15820590887839595,0.15375086224715537,0.14284831347564855,0.6441777907311916,0.2956335836400588,0.3468153600891431,-0.004667997360229492,0.34846920147538185,-0.08623721823096275,0.4728481581745048,0.18867760399977365,-0.0031459778547286987,0.35276970981309813,0.32701435560981434,-0.002203896641731262,0.06836198270320892,0.11233896172295015,0.2126850684483846,0.417703037460645,0.37013065939148265,0.19501536960403124,0.0719537577048565,0.3013177352646987,0.23311360677083334,0.1762151631216208,0.05821534153074026,0.009836220492919287,0.1374155463029941,0.2146053376297156,-0.02763800012568633
SRS1387025,1,0.3701063621168335,0.5889141832788786,0.5732638991127411,0.2312244549393654,-0.036214987436930336,0.545466911358138,0.5904660063485304,0.1611743949664136,0.6954677452643713,0.7387893015208343,0.8551928587257862,0.4205815481642882,-0.04657441005110741,0.914351815978686,0.20038003288209438,0.6379705183207989,0.819896842042605,0.7259727269411087,0.21290041223498216,0.4852137606746207,0.6311422238747278,0.9910324107234677,-0.05697268387302756,0.832596463461717,0.11298454366624355,0.49066577292978764,0.33070091779033345,0.13256106339395046,0.28096604843934375,0.6941529408407708,0.599375935892264,0.16632467601448298,0.1527230516076088,-0.03216501325368881,0.07824286197622617,-0.006192274546871583,-0.018163137137889862,0.24456007654468218,-0.07818869439264138,-0.05670116531352202,-0.098536416888237,-0.0160306083659331,-0.1459492233892282,-0.11746062648793061,-0.0973729429145654,-0.11030590922261278,0.1968917722503344,0.07755107091118892,-0.08415954420343041,-0.09900463356946905,-0.04105033973852793,-0.12781707663089037,-0.01866722849566334,-0.04825158944974343,-0.046979278326034546,-0.046886942038933434,-0.040487866227825485,0.1232581518124789,-0.04779575299471617,-0.042727592711647354,-0.12776048574596643,-0.09032351337373257,-0.10017610589663188,-0.12496240219722192
SRS1387026,1,0.41180239493648213,0.34816225804388523,0.5131817975391945,-0.08493254675219457,-0.11306412129973371,0.6262299170096716,0.4791357098147273,-0.11734738573431969,0.28301129428048927,0.4345030232022206,0.4869529480735461,0.19244184220830599,-0.1370777649184068,0.5574840034047762,-0.08847693912684917,0.5725960408647855,0.33063238331427175,0.3388293385505676,-0.0359725629289945,0.3951446954160929,0.1679364206890265,0.5617622056355079,-0.05957317973176638,0.4881354657312234,-0.03048536352192362,0.16321712732315063,-0.0014217222730318706,-0.07460455674057205,0.22717936523258686,0.34700440739591915,0.4472371957575281,0.2339730073387424,0.17124746553599834,-0.048015741320947804,0.18165951843063036,0.08749399811495095,0.08946535394837458,0.5824827700853348,0.06073635071516037,0.011796350590884686,-0.05804985389113426,0.17885531609257063,-0.13303242065012455,0.09953928009296457,0.05748156008000175,-0.05312398821115494,0.2105365383128325,0.3654594806333383,-0.0406541774670283,0.06365055684000254,0.14906104281544685,0.06038125107685725,0.24738743777076402,0.14155325510849556,0.18630805611610413,-0.06964184592167537,0.19890909300496182,0.1578465385052065,0.0681996966401736,-0.07022872691353162,-0.08395533387859662,-0.07132389675825834,0.0970496276083092,-0.14298012418051562
SRS1387027,1,0.35129249344269436,-0.001001814380288124,0.32695459900423884,-0.09887862935041387,-0.1096440168718497,0.43142143699030083,0.4093467127531767,-0.13984916048745313,0.10525318793952465,0.07999170695741971,0.18768594041466713,-0.05073670297861099,-0.12431827932596207,0.3212732933461666,-0.08558562180648248,0.3458759452526768,0.049756779024998345,0.017845986197547365,-0.14680852989355722,0.24754072166979313,-0.0007924120873212814,0.1601997601489226,-0.011615412930647532,0.24205406134327254,-0.10967018140945584,0.04264617835481962,-0.08332658434907596,-0.06377354077994823,0.027742306391398113,-0.055183875684936844,0.4936487674713135,0.2078843405470252,0.21258619551857313,-0.024979900879164536,0.20267964278658232,0.34180291059116524,0.25790131216247875,0.8803635463118553,0.39132312685251236,0.6866438239812851,0.15364360064268112,0.4926808662712574,-0.002729211157808701,0.8592716517547766,0.35868880556275445,0.11581907421350479,0.4396315688888232,0.5217274812360605,0.0074074529111385345,0.2878267827133338,0.2449960201823463,0.7046578756223122,0.6942575524250666,0.46020152047276497,0.36668096979459125,0.1824544637153546,0.5310770173867544,0.4559416522582372,0.4377361908555031,0.3146877425412337,0.3876606874788801,0.4436518627529343,0.6188881074388822,0.22164126858115196
SRS1387028,0,0.11817209251845877,0.32109792654712993,0.20870366940895715,-0.07874357203642528,-0.12469132492939632,0.4186328922708829,0.25812582423289615,-0.06589245796203613,0.21495656855404377,0.37562536758681137,0.41065145283937454,0.19859742869933447,-0.11458123723665874,0.5270407982170582,-0.10184974044871827,0.4731543182084958,0.30977398964265984,0.5017770205934843,0.004352419326702754,0.2686190294722716,0.22188813611865044,0.5196839125516514,-0.0022338272149985037,0.42907167598605156,-0.05679602175951004,0.27679214626550674,0.14221002906560898,-0.08866731946667035,0.11470173050959905,0.36918849498033524,0.3889605609389643,0.1770501664529244,0.15078885480761528,-0.039893614749113716,0.13046096389492354,0.06984514277428389,0.07981632743030787,0.5044930428266525,-0.024267224594950676,-0.04865572787821293,-0.09792815521359444,0.12964298576116562,-0.0898194635907809,-0.035684377110252775,-0.04231445988019308,-0.024122353177517653,0.189962487667799,0.3932116733243068,-0.07865758053958416,-0.011321323613325754,0.13433991000056267,0.06405194041629632,0.13598278537392616,0.06972576677799225,0.14347935964663824,-0.09692702194054921,0.14658927296598753,0.08902839571237564,0.07410125434398651,-0.01416884238521258,-0.08789456294228633,-0.0489820825556914,0.049887553633501135,-0.12227436589697997
SRS1387029,0,0.44415508148570854,0.6056861773152681,0.6393330997476975,0.15785647307833037,0.029719760835481186,0.6366020621110996,0.7052517763028542,0.19089737410346666,0.5729201237360636,0.8651863460739454,0.9732843252519766,0.5278965296844641,0.20009135330716768,1.1586336294809978,0.19302927454312643,0.6974283965925375,0.823841022948424,0.6127787527317802,0.284673939148585,0.6318648414065441,0.5474846599778781,1.0855458428462346,0.01629032241180539,1.0254263455669086,0.07867133058607578,0.3519881886289416,0.3822316490113735,0.09346002402404945,0.29247327366222936,0.6081333039328456,0.574328430617849,0.2052632694443067,0.12695479951798916,-0.01157015236094594,0.08609987422823906,-0.05651095199088255,-0.03908387261132399,0.30464644978443783,-0.05269272128740946,-0.08816726505756378,-0.09365867078304291,0.0761742169658343,-0.15619234989086786,-0.1529924621184667,-0.1275672155121962,-0.11129559949040413,0.0715239259103934,0.1910103646417459,-0.11242589664955933,-0.07654682919383049,-0.05050866290306052,-0.12592352647334337,0.0136541947722435,-0.10579193755984306,-0.05289571235577265,-0.09758504355947177,0.03365286191304525,0.03741723174850146,-0.08966983233888944,-0.0814551142975688,-0.14768007397651672,-0.08546838412682216,-0.09703064213196437,-0.11265144776552916
SRS1387030,0,0.31305476937753457,0.48273013656338054,0.5187488502512375,0.030922013024489086,-0.08948042088498671,0.5587823564807574,0.4401076411207517,0.005033725717415412,0.4208713931341966,0.7643212030331293,0.70458081488808,0.46059485524892807,-0.08558637369424105,0.8839145004749298,0.0498698049535354,0.6451768167316914,0.5026725574086109,0.7111260124947876,0.16770664602518082,0.5561075353374084,0.4494924172759056,0.844918810762465,0.0074690841138362885,0.8121819670001665,0.05936795752495527,0.48661333695054054,0.206030806992203,0.0022965644796689353,0.20282350232203802,0.6983928071955839,0.5091558744510015,0.2569468019840618,0.12594677414745092,-0.04896915455659231,0.08445102535188198,0.04158491641283035,-0.004963746915260951,0.4422498668233554,-0.05911824541787306,-0.0869106724858284,-0.0969187542796135,0.09496044491728146,-0.15598207339644432,-0.12931719919045767,-0.08587773765126865,-0.01936820273598035,0.17379020402828851,0.2503192036723097,-0.10403613746166229,-0.01709983932475249,0.058186021323005356,-0.09977078499893348,0.04735369825114807,-0.062299497270335756,0.042467633883158364,-0.08956087039162715,0.061621601382891335,0.07098725872735183,-0.009921746328473091,-0.09292331213752429,-0.15350856383641562,-0.07502188129971425,-0.08724137025031571,-0.13077988103032112
SRS1387032,1,-0.11944085235397021,-0.08663385082036257,-0.10112165131916602,-0.08855065455039342,-0.13513904934128126,-0.09410421270877123,-0.13770407888417444,-0.09581470054884751,-0.06106255824367205,-0.08607793576084077,0.09931088176866372,-0.1262131631374359,-0.1165895586212476,-0.06651014958818753,-0.09293619768383603,0.14228754366437593,-0.09531720168888569,-0.1085853377978007,-0.15118340775370598,-0.13471046338478723,-0.09025019554731746,-0.13283813698217273,0.0148022569095095,-0.10715235987057288,-0.06526804513608415,-0.01145080259690682,0.03277839937557777,-0.09808795883630712,-0.006986103951931,-0.03509627468883991,0.36671883550782997,0.43408964698513347,0.3250829525059089,0.10604989466567834,0.48678986247008044,0.7185924140115579,0.7713782644520203,1.0636994267503421,1.1002604042490323,1.5514164200673501,0.673243481044968,0.8772964365780354,0.9630322866141796,1.7504014397660892,1.2495260213812192,1.0476154101391633,0.6618465837091208,1.758423740665118,0.24566053443898758,1.312507967154185,0.48653119600688416,2.1443647692600885,2.0401649177074432,1.3035405526558559,0.8233221362655362,0.72538011521101,1.0694286146511633,1.672624558210373,1.3313771275182564,1.2692689932882786,1.3297184730569522,1.804787427186966,1.9429777351518471,0.9921257458627224
SRS1387033,0,0.5508951904873053,0.469571012382706,0.6782692301397523,0.08961587337156136,-0.002951385841394464,0.586484436566631,0.781521438601582,0.16366861388087273,0.4659975195924441,0.7643433871368567,0.8426683796569705,0.45555734137694043,0.13468371890485287,1.0529207719179492,0.109053544079264,0.6067571317156156,0.8180309558908144,0.40951802348718047,0.14893236923186728,0.5719971116632223,0.6037899134680629,1.0179574141899745,-0.030737745265165966,0.8839837002257506,0.006791267544031143,0.13007567698756853,0.20313741080462933,0.07360650816311438,0.23570480787505707,0.5116254853395125,0.46164999327932793,0.2162324022501707,0.041205268974105515,0.026980626707275707,0.11254207510501146,-0.09670637547969818,-0.039775410977502666,0.2124218245347341,-0.00242532758663098,-0.09238246083259583,-0.08786395067969958,-0.005152394374211629,-0.1605436528722445,-0.15562291940053305,-0.126681766162316,-0.10344604775309563,0.06307151541113853,0.1729737582306067,-0.0844138516113162,-0.08103456844886144,-0.02505694640179475,-0.14004502880076566,0.09014910490562518,-0.06574785775349785,-0.03670538837711016,-0.10404850666721661,0.019366886466741562,0.09478764546414216,-0.05211084460218748,-0.10396888696899016,-0.14988225946823755,-0.0787889810744673,-0.08002129569649696,-0.1266785735885302
SRS1387034,1,0.37866899246970814,-0.002416075517733892,0.38889850210398436,-0.11691308642427127,-0.1275926654537519,0.47663556411862373,0.4693198436871171,-0.13926096508900324,0.062861118465662,0.10489564202725887,0.24484068403641382,-0.04844938715298971,-0.12738163520892462,0.3512798460821311,-0.07392715228100617,0.4203834446767966,0.06463897849122684,-0.071113259686778,-0.13469122971097627,0.24417994047204652,-0.0040773553773760796,0.14883669888755927,-0.08223751932382584,0.25931892078369856,-0.11334089701995254,-0.033428660283486046,-0.09499904389182727,-0.04016574906806151,0.03467644394064943,-0.09738785276810329,0.5236353129148483,0.2599274590611458,0.14511651173233986,-0.030547770656994544,0.2378391573826472,0.27369580293695134,0.3657189793884754,0.8157915336390337,0.48113132019837695,0.7185610507925352,0.20184519390265146,0.5849006200830141,0.07006363136072953,0.9358692516883215,0.32522044455011684,0.2231637133906285,0.42674102960154414,0.6507048401981592,0.05941061365107695,0.3581254643698533,0.19656359342237315,0.8497073526183764,0.7787037727733453,0.5253960482465724,0.3409314025193453,0.23760221588114896,0.6088958717882633,0.454470111678044,0.5347712549070517,0.4039345004518206,0.39670004695653915,0.6961572617292404,0.823044997950395,0.30726403929293156
SRS1387039,1,0.017533282128473122,0.11222207980851333,-0.009280715758601824,-0.1020247529571255,-0.09727010068794091,0.34265467214087647,0.150790990019838,-0.13792857403556505,0.16193512144188085,0.22137227281928062,0.13754696771502495,0.038857044031222664,-0.10255874879658222,0.14184229200085005,-0.10649636449913184,0.35775821718076867,0.13574577041435987,0.10709720353285472,-0.10186138997475307,0.03648120785752932,-0.07252653393273552,0.18084976449608803,-0.0732653768112262,0.18285748983422914,-0.09937382613619168,0.2477103148897489,0.07777003198862076,-0.08673097814122836,0.15650747685382763,0.10713982457915942,0.49828710112099844,0.3305222690105438,0.19543548425038657,0.023611057549715042,0.21064294626315436,0.21353500817591944,0.3345489650964737,0.6172633779545625,0.19826915115118027,0.09243367736538251,0.05504189431667328,0.39427486845913035,0.11710508540272713,0.4872078274687131,0.2799323834478855,0.10664258773128192,0.3786321549365918,0.745045884201924,-0.00827337677280108,0.24151662923395634,0.25068829022347927,0.6034671813249588,0.6055104210196683,0.363792648150896,0.30941303198536235,-0.006614072248339653,0.47768135989705723,0.29697200655937195,0.32318974162141484,0.09839556366205215,0.14917478136097392,0.28933424471567076,0.5183448549360037,0.10473860086252292
SRS1387041,1,0.2065813367565473,0.09997239833076794,0.23183657601475716,-0.09572193631902337,-0.11347774788737297,0.3237612086037795,0.20677899724493423,-0.14102683526774248,0.09749261491621534,0.17389573149072626,0.2048516453554233,-0.05173304180304209,-0.10837907530367374,0.24773613115151724,-0.11602043050030868,0.27059881885846454,0.0709949800123771,0.09324673508914809,-0.1428185192247232,0.17717099655419588,0.011487202233790109,0.23295255463259915,-0.047108584394057594,0.2620050398012002,-0.07685973743597667,0.11294919004042943,-0.035283468663692474,-0.07830672649045785,0.055882627765337624,0.08224341180175543,0.4079998843371868,0.23588514110694328,0.12618554569780827,-0.0554898320697248,0.17573913310964903,0.22058077653249106,0.13584639939169088,0.6349770476420721,0.13954770440856615,0.2627724123497804,0.023685780664285023,0.2582677900791168,-0.01773618906736374,0.447879849622647,0.14767085139950117,-0.03331910942991575,0.30604543754210073,0.53814463224262,-0.053752596490085125,0.2188052237033844,0.14750836292902628,0.3466638717800379,0.4922279150535663,0.2618703128149112,0.24408216774463654,-0.023667000234127045,0.3702884155015151,0.3555477565775315,0.13422946507732073,0.11574332043528557,0.047155679281180106,0.05428519410391649,0.21464809526999792,-0.07441517602031429
SRS1387042,1,0.08586024058361848,0.18341771885752678,0.10357019926110904,-0.07278071731949846,-0.10827153913366298,0.27612325673302013,0.19614175520837307,-0.1373914654056231,0.19671976193785667,0.27129856248696643,0.25579839137693244,0.029039349406957626,-0.1319297750790914,0.24447795997063318,-0.12511995558937392,0.28164324909448624,0.14780243315423527,0.33797939866781235,-0.08414794752995174,0.13656673207879066,0.05647858511656523,0.3313487047950427,-0.015527920176585516,0.3331361363331477,-0.06516902928706259,0.21484923859437308,0.056375087200043104,-0.08791433585186799,0.08138668537139893,0.24147168174386024,0.38367708151539165,0.23727868186930814,0.12790957714120546,-0.04178041871637106,0.14899291594823202,0.10778737828756373,0.07269688788801432,0.4597994176050027,0.00425773486495018,-0.013910980274279913,-0.06355093202243249,0.15067277033813298,-0.0848185271024704,0.12035478465259075,0.021332259600361187,-0.0847979901979367,0.17494462803006172,0.3529920745640993,-0.07965304361035426,0.045751627534627914,0.0852630144606034,0.08600772420565288,0.18172945749635497,0.10742072388529778,0.1587976715527475,-0.0782758928835392,0.17086009231085578,0.19405384610096613,-0.0226904209703207,-0.02105579028526942,-0.11142648880680402,-0.0661038172741731,0.023914523733158905,-0.13752064295113087
SRS1387043,1,-0.09934356932838757,0.0945138931274414,0.026802518715461094,-0.04331405026217302,-0.0831718606253465,0.015554102758566538,0.1967767757984499,0.10981897885600726,0.09435982691744964,0.015153776854276657,0.2785707764948408,0.1494353823363781,-0.08951510613163312,0.37801115214824677,-0.05219673924148083,0.34976844613750774,0.457158957918485,0.26857755209008854,0.03753496923794349,0.03685290118058523,0.2831421879430612,0.173661803205808,-0.13179095337788263,0.336549390728275,-0.14852644999821982,0.05993568648894628,0.15449566766619682,-0.08686062507331371,0.03248182497918606,0.20478707614044347,0.5379565556844076,0.1990347895771265,0.012872956693172455,-0.009103779991467794,0.24470702931284904,0.1783271680275599,0.5561094724883636,0.49329445759455365,0.32987890268365544,0.4722741978863875,-0.1462146689494451,0.10193278888861339,0.2548110882441203,0.43677718937397003,0.221940815448761,0.4661880483229955,0.07546614607175191,0.7175892169276873,-0.09131619334220886,0.47745467474063236,0.02388846086493383,0.5528484384218851,0.8574186762173971,0.2202941436941425,0.16045939239362875,-0.02848675847053528,0.24448285872737566,0.5549627107878526,0.460610502709945,0.498940572142601,0.513990598420302,0.40917860964934033,0.43803884523610276,0.4171629138290882
SRS1387044,0,-0.11001055920496583,-0.09110004206498463,-0.05959550788005193,-0.06904310422639053,-0.1519731879234314,-0.0297243216385444,-0.041227356841166816,-0.10400782898068428,-0.12082698444525401,-0.09035910479724407,0.006946576138337453,0.0337748130162557,-0.11550525327523549,0.10721027354399364,-0.12277912038067977,0.25251323357224464,0.00995377947886785,0.28089621601005393,-0.1272450204899845,0.0011417865753173828,0.03214807400945574,0.017590659980972607,-0.043549311657746635,0.23456227810432514,-0.08831890719011426,0.15495019281903902,0.017222543557484944,-0.12135874914626281,-0.0033118960758050284,0.2267423402518034,0.35000144007305306,0.2719641948739688,0.06699778139591217,-0.0227296215792497,0.29029534632960957,0.2089988316098849,0.246369347985213,0.5663740932941437,0.05099216351906458,0.24974578494826952,-0.12525132888307175,0.1293487095584472,0.12597454339265823,0.31345752129952115,0.060506805777549744,0.13671221413339177,0.18947302674253783,0.7721616824467977,-0.03510474545570711,0.3359841712905715,0.1168032909433047,0.38645906653255224,0.579855976626277,0.2916049137711525,0.18358415365219116,-0.08437984436750412,0.22278591245412827,0.41929840048154193,0.22134828567504883,0.16835594177246094,0.057838881853967905,0.08729489861677091,0.14444754272699356,0.24371315476795039
SRS1387051,1,0.0698845605365932,0.1871956524749597,0.1595556860168775,-0.08488719995754461,-0.11613346512118976,0.30610909809668857,0.22648750990629196,-0.10578216146677732,0.08849636434266965,0.2865826264023781,0.35976679250597954,0.1233146833255887,-0.11203294806182384,0.45527323459585506,-0.09184871117273967,0.3900647560755412,0.18761737504974008,0.3072015754878521,-0.02796137457092603,0.24855093657970428,0.1600290760397911,0.4380449838936329,-0.04686653365691503,0.41340709004240733,-0.05832742806524038,0.1488744169473648,0.13821847178041935,-0.047485540310541786,0.04752458135286967,0.24999869242310524,0.3952305590113004,0.17005353420972824,0.043828001866738,-0.05033342416087786,0.08779185265302658,0.04312616431464752,0.02793319181849559,0.4211359607676665,-0.018463825806975365,-0.03855860357483228,-0.06733496580272913,0.12962516521414122,-0.10400887702902158,0.027875399061789114,-0.07057176282008489,-0.09142278507351875,0.185698871811231,0.35990365967154503,-0.08956974271374445,0.0361446018020312,0.09431280940771103,0.07960677271087964,0.16742313032348952,-0.004329228773713112,0.1056222456196944,-0.10302178127070268,0.14531354668239752,0.19541872789462408,0.004751875996589661,-0.05593533689777056,-0.12140356128414471,-0.08746753244971235,0.01977833143124978,-0.14176788926124573
SRS1387053,1,0.2814126405864954,0.08126525953412056,0.3297815751284361,-0.07551238996287186,-0.1349840114514033,0.4938664547322939,0.3973955884575844,-0.08999999860922496,0.030898929651205737,0.19996335605780283,0.2596977725625038,0.04311207061012586,-0.13284672734638056,0.43653332193692523,-0.12243893245855968,0.4528405734648307,0.20800304568062225,0.27518654987215996,-0.10598203850289185,0.2347451957563559,0.18216428036491075,0.32834161166101694,-0.04161199337492386,0.4155313950031996,-0.10819224999674286,0.11724954595168431,0.0020203664898872375,-0.09074513303736846,0.10885419324040413,0.21100938816865286,0.3198727814791103,0.1489884021381537,0.07543607304493587,-0.04621819779276848,0.18110959231853485,0.12414802114168803,0.13257987579951683,0.46274930611252785,0.012310354970395565,0.09881179539176325,-0.06462745492657025,0.10979690030217171,-0.08143205940723419,0.16917901237805685,-0.016881647209326427,-0.05299367321034273,0.18960728185872236,0.3673743096490701,-0.0773133992527922,0.045410060634215675,0.06869040243327618,0.10780399121964972,0.18317932511369386,0.11874129188557465,0.17314464350541434,-0.10367359220981598,0.11387415106097858,0.2136097587645054,0.13796898101766905,0.04547357807556788,-0.050893012434244156,-0.010855188903709253,-0.0013574771583080292,-0.03217168152332306
SRS1387057,1,-0.09780158878614505,-0.08246921841055155,-0.07626422649870317,-0.07727285497821867,-0.13252783504625162,-0.09960553950319688,-0.08877760583224396,-0.10031874602039655,-0.06831573198239009,-0.09290785156190395,0.0516775359865278,-0.12650587285558382,-0.1273518974582354,-0.008819152445842823,-0.09342219463239114,0.10637277830392122,-0.11014146668215592,-0.12481835608681043,-0.14742998406291008,-0.09910727602740128,-0.0636001785363381,-0.10049108082118134,0.0021948995999991894,-0.035851845207313694,-0.03873272736867269,-0.0043146734436353045,-0.010090353588263193,-0.10710202778379123,-0.016516656925280888,-0.075795978307724,0.3275731181104978,0.3802411714568734,0.22721601525942484,0.0033409297466278076,0.410400132338206,0.6626026257872581,0.7111773133898774,1.0047509086628754,0.8064019829034805,1.2787589815755684,0.46193572133779526,0.662096131592989,0.7668539496759573,1.5411134983102481,1.086618348956108,0.8249940741807222,0.5066184528792897,1.5004356888433297,0.1768894468744596,1.1153841900328796,0.38324714700380963,1.5852075864871342,1.7727082967758179,1.0095504348476727,0.5717668682336807,0.45578976161777973,0.823614627122879,1.3472789799173672,0.9863891613980135,1.0982878382007282,1.0336426844199498,1.273676427702109,1.537152737379074,0.7439358358581861
SRS1387059,1,0.17583111797769865,0.12109687676032384,0.14292122206340233,-0.09061548051734765,-0.11465574187847476,0.2621242714424928,0.24827942376335463,-0.14584485068917274,0.1498278590540091,0.2534309420734644,0.23347626812756062,0.013792687406142553,-0.12601771826545397,0.3010853553811709,-0.12189069887002309,0.2895488242308299,0.06659183216591676,0.2371664730211099,-0.11444172852983077,0.20698672284682593,0.046629816914598145,0.3179348974178235,-0.07663280454774697,0.28714207746088505,-0.0590651350406309,0.11873709449234109,0.02719984824458758,-0.08500567947824796,0.03891548855851094,0.13804464569936195,0.42157081079979736,0.29750360020746786,0.08955075591802597,-0.025147368510564167,0.18718321497241655,0.13060942168037096,0.12807895491520563,0.6330304512133201,0.05704150845607122,0.07174878319104512,-0.019192249824603397,0.21509392404307923,-0.07069049123674631,0.17745642612377802,0.058541404704252877,-0.03158670850098133,0.2639949495593707,0.4751919622843464,-0.053257810262342296,0.09086811542510986,0.13804351812480795,0.24509548395872116,0.36200305229673785,0.17527668550610542,0.1889251278480515,-0.05269043892621994,0.28279858713115874,0.17005599041779837,0.07158523103377472,0.03764949230632434,-0.01773977434883515,0.019770469050854445,0.24015771225094795,-0.11022886633872986
SRS1387060,1,0.21957978419959545,0.16571921979387602,0.36429031876226264,-0.11000993102788925,-0.12301146425306797,0.38827676450212795,0.3247915372873346,-0.13116804386178652,0.11842937457064788,0.2771209835773334,0.4253562005857627,0.0366839108367761,-0.14113616943359375,0.3804349973797798,-0.056241242215037346,0.3707067010303338,0.07626890973187983,-0.03815280304600795,-0.09263371986647446,0.2618680956463019,0.05151653662323952,0.33763158818085987,-0.1261279247701168,0.3631849891195695,-0.053410917054861784,0.11321378002564113,0.0021318954726060233,-0.08327123561563592,0.09886167881389459,0.017611388737956684,0.5057980318864187,0.21304321537415186,0.10301294674475987,-0.01342643341437603,0.1350258688131968,0.18488342221826315,0.17693695200917622,0.619199008991321,0.18052612307171026,0.2731286397902295,0.047934699803590775,0.42200523366530734,0.030007748554150265,0.4726525383690993,0.2488918093343576,-0.06523271650075912,0.26375735613207024,0.42871066307028133,-0.019766563549637794,0.06488808492819469,0.1591336354613304,0.17804049824674925,0.3293227156003316,0.31436969122538966,0.19384858260552087,0.008173993478218714,0.3692808225750923,0.20236002405484518,0.10795265932877858,0.09463567814479272,-0.0056650688250859576,0.17448824209471545,0.269376777112484,-0.10643578444917996
SRS1387061,1,-0.10795923198262851,-0.062225788831710815,-0.07991760224103928,-0.07852391751172642,-0.11887503166993459,-0.07732002607857187,-0.11773459916003048,-0.09370871012409528,-0.06349453605556239,-0.07473137990261118,0.05623986975600322,-0.11359701491892338,-0.10636418188611667,-0.0666979537345469,-0.08954155266595383,0.16822724665204683,-0.06393075361847878,-0.09739362758894761,-0.12957947328686714,-0.10705336703297992,-0.08922950054208438,-0.11204324039863423,-0.006046428345143795,-0.0981519374375542,-0.026124748090902965,0.00371476107587417,0.07626079022884369,-0.12598668970167637,-0.02601103236277898,0.006414134365816911,0.38511690745751065,0.41478845477104187,0.3809756636619568,0.17010651391077167,0.516905310874184,0.7847967178871235,0.798239583770434,1.0628732790549595,1.2245888411998749,1.737464149792989,0.8425083185235659,1.0700982622802258,1.1363895026346047,2.0136260290940604,1.4034269005060196,1.1161368464430172,0.7109185370306174,1.8559571746736765,0.3505836563805739,1.3296823627703513,0.49251649156212807,2.2942524949709573,2.0399450063705444,1.2896775702635448,0.8611212323109309,0.9383371143291394,1.339775453011195,1.723632164299488,1.3212164677679539,1.4915172724674146,1.5045368932187557,2.1945890622834363,2.032396218429009,1.0716285643478234
SRS1387063,1,0.5676265874256691,0.4414018852015336,0.6532741338014603,0.055672366792956986,-0.08882737904787064,0.6247889176011086,0.6957362644995252,-0.025225522617499035,0.322325874119997,0.5630367087821165,0.6848660968244076,0.2665116093121469,-0.14579962442318598,0.6163472849875689,0.05008844348291556,0.5714498854552706,0.40574831655249,0.17612773242096105,0.02094299780825774,0.42315834512313205,0.2256528747578462,0.7267956373592218,-0.13179392740130424,0.5869877661267916,0.060972229888041816,0.0682954452931881,0.06341750485201676,0.12833002458016077,0.25167012121528387,0.38587296567857265,0.5031586736440659,0.14958417105178037,0.118794201562802,-0.020572956030567486,0.1325864183406035,0.02061864733695984,0.09782315542300542,0.39472354306296137,0.19515990217526755,0.0688059435536464,-0.051971226930618286,0.25388404354453087,-0.10936122511823972,0.1236322894692421,0.03526506324609121,-0.027941401426990826,0.33193476451560855,0.40860898792743683,0.01987996945778529,0.07973931264132261,0.13927104937223098,0.09498791272441547,0.38461000107539195,0.22061000919590393,0.13767850399017334,-0.04895146501561006,0.2686399817466736,0.07313701634605725,0.023324249933163326,-0.103275657321016,-0.06938900720948975,0.06180736670891444,0.3017189788321654,-0.08877481768528621
SRS1387064,1,0.25076636640975875,0.21428167074918747,0.31790351308882236,-0.07984998387595017,-0.09254120786984761,0.2900144625455141,0.3490479175622265,-0.051449952026208244,0.15034046148260435,0.27597790987541276,0.5043089737494787,0.08697712483505408,-0.13572086300700903,0.4333555760482947,-0.1064655805627505,0.29365219610432786,0.3110390764971574,0.0381500207974265,-0.04598745641609033,0.19136927276849747,0.20777282118797302,0.4759740409887551,-0.12498068312803905,0.47904805776973564,-0.056240479151407875,-0.049981800839304924,-0.03796071745455265,-0.016132628545165062,0.10880735582516839,0.20545702536279956,0.4220895023706059,0.11634451895952225,0.019910821691155434,0.0034293290227651596,0.19861111852029958,-0.008162969102462133,-0.020813018083572388,0.3890686420102914,0.13640676252543926,0.11003885231912136,-0.071540550639232,0.1085968657086293,-0.12575953702131906,0.10407380387187004,-0.04547307019432386,-0.0906589621057113,0.1412187566359838,0.36494387810428935,-0.043392978608608246,0.06006640816728274,0.11087187565863132,-0.0325285941362381,0.34580231457948685,0.143736585509032,0.09950985759496689,-0.11872674338519573,0.08457520270409684,0.16676204775770506,0.07664645401140054,-0.08360115081692736,-0.14004451284805933,-0.05881240560362736,0.06095704156905413,-0.12642698114116988
SRS1387065,1,-0.1150163859128952,-0.01930098794400692,-0.0942571625734369,-0.10442937382807334,-0.15249433616797128,-0.1022609726836284,-0.10474660495917003,-0.11252942184607188,-0.04285749948273102,-0.07624885905534029,0.22959047936213514,-0.12963436419765154,-0.11688329527775447,0.0010076239705085754,-0.08884732549389203,0.1511866624156634,-0.04763539880514145,-0.1375122144818306,-0.13078475619355837,-0.1017981084684531,-0.08584245418508847,-0.12295935122529045,-0.07241317071020603,-0.07081650011241436,-0.0737796959777673,-0.06438407301902771,-0.04273527363936106,-0.11413210195799668,-0.014627955853939056,-0.0863625571752588,0.30577523695925873,0.31440600628654164,0.15388363522167006,0.009890951061000427,0.3956587544331948,0.6018854541083177,0.7315921497841676,0.9248907044529915,1.0143356076441705,1.2602099444096286,0.61689310024182,0.8327688214679559,0.9254950558145841,1.6404456074039142,1.1381699281434219,0.9592695757746696,0.5269323587417603,1.6025760049621265,0.22073948103934526,1.1112934074675043,0.3822294274965922,1.7284665778279305,1.818338967859745,1.075284653653701,0.5191002326707045,0.524398951480786,0.972873012535274,1.3561040212710698,1.1070532848437626,1.1553443303952615,1.0112389363348484,1.5514271054416895,1.5908701370159786,0.8884481303393841
SRS1387066,1,0.18674344631532827,-0.0531012904830277,0.16531542812784514,-0.09952415153384209,-0.11489067102471988,0.3055747303490837,0.25551463725666207,-0.14055264182388783,0.003402130678296089,-0.022797231019164126,0.0979962448279063,-0.11101616670687993,-0.12763875536620617,0.21829447398583093,-0.09860107349231839,0.23429332269976536,-0.03062039039408167,-0.06334008524815242,-0.14748202015956244,0.14169833436608315,-0.06159843225032091,-0.008070662462462982,-0.05832598451524973,0.1368491624792417,-0.11602320025364558,0.00017762059966723123,-0.059466020514567695,-0.0670078241576751,-0.043616936852534614,-0.08942897369464238,0.47865533580382663,0.2503472566604614,0.2335443620880445,-0.04009151924401522,0.21204984188079834,0.387789956604441,0.3371720660070423,0.8774539604783058,0.447243129213651,0.8375906596581141,0.2297730619708697,0.579794549693664,0.11943327138821284,1.0103663665552933,0.4415353685617447,0.2135192764302095,0.4967253729701042,0.7400416627836724,0.036929793655872345,0.41685518870751065,0.27380240232256864,0.9594479041794935,0.9169329752524694,0.49016930380215246,0.42069623495141667,0.2916128416545689,0.6539329017202059,0.5232099145650864,0.5278034893174967,0.4825746232333283,0.5313423338035742,0.7277841748048862,0.9239648059010506,0.33078546247755486
SRS1387068,1,0.2906925942127903,0.19095087672273317,0.3439824307958285,-0.10850537506242593,-0.13213858443001905,0.4383530591924985,0.3785878149792552,-0.12310261776049931,0.15360860029856363,0.30160170917709667,0.4537605866789818,0.021531375745932262,-0.13142139092087746,0.4499514376123746,-0.08535157206157844,0.47680192766711116,0.17618589770669738,0.017691414337605238,-0.1121219470902967,0.23718179389834404,0.05526355095207691,0.3488784581422806,-0.12729795401295027,0.3909635605911414,-0.05896022698531548,0.10738601845999558,-0.01426965743303299,-0.1196775920689106,0.12354696495458484,0.050310311218102775,0.5003350443827609,0.2198788014551004,0.15276181139051914,-0.03937593366329869,0.18134403973817825,0.197003951917092,0.21476339921355247,0.6026220309237639,0.23025100802381834,0.2568927554724117,0.0840680922071139,0.3738318507870038,0.10278687874476115,0.39634666219353676,0.21193340855340162,-0.013531973585486412,0.30768079690945643,0.5313044351836046,-0.038103844970464706,0.13082365691661835,0.13452398171648383,0.28571573210259277,0.38817564273873967,0.29924832719067734,0.21630801384647688,-0.010041593263546625,0.34118128071228665,0.2441917136311531,0.20986324300368628,0.11907146001855533,0.03614074053863684,0.16846880440910658,0.24013979298373064,-0.08450865388537447
SRS1387069,1,0.20725199698548144,0.21906140695015588,0.2819419577717781,-0.08734363441665967,-0.1070585281898578,0.3516013485689958,0.31894752010703087,-0.12385595310479403,0.21326931938529015,0.32205491823454696,0.31583211074272793,0.1171794521311919,-0.11787768515447776,0.3765820497646928,-0.10928250911335151,0.34336602687835693,0.22837908503909907,0.2829581778496504,-0.06643532651166122,0.22322127719720206,0.23226476398607096,0.5169740418593088,-0.011460964878400167,0.44645921761790913,-0.07295549536744754,0.16998782381415367,0.022038133659710486,-0.023120864604910214,0.11227580284078915,0.316141937005644,0.33927830929557484,0.1522077340632677,0.045706539104382195,-0.025084932645161945,0.14298602814475694,0.04117310311024388,-0.025465900699297588,0.42148487890760106,0.009479833766818047,0.021735834578673046,-0.0903847689429919,0.03478947406013807,-0.13865466291705766,-0.0033884557584921518,-0.047311268746852875,-0.06025140608350436,0.18028457090258598,0.2945374418050051,-0.07026349784185489,0.1246039333442847,0.1735677495986844,-0.019385982304811478,0.2506466557582219,0.14234281765917936,0.1498820260167122,-0.10550503060221672,0.07390840130877525,0.24219486862421036,0.03403406341870626,-0.09816309437155724,-0.12888503850748143,-0.07539083249866962,-0.002059193638463815,-0.14895315716663995
SRS1387071,1,0.4860827897985776,0.2831340009967486,0.6598541969433427,-0.0850053404768308,-0.13111360495289168,0.46252918367584545,0.6595201386759678,0.0204118803764383,0.25395791977643967,0.3451701421290636,0.6483586871375641,0.15197806184490523,-0.12467598045865695,0.6506738116343816,-0.0045441157805422945,0.49919270219591755,0.451767032345136,0.04601559787988663,-0.06677012052386999,0.3976127584464848,0.2292954387764136,0.5840934850275517,-0.15518876910209656,0.540103606103609,-0.011830911040306091,-0.08163272899885972,-0.06785073860858877,-0.01272697001695633,0.2542919268210729,0.12135504931211472,0.3838365701958537,0.20557200567175946,0.059371557707587876,0.046995469679435097,0.17626781575381756,0.06759353230396907,0.11174555860149364,0.4530854920546214,0.3284321576356888,0.26811700078542344,-0.07365316276748975,0.30259051236013573,-0.055807208021481834,0.3025067498286565,0.2620777537425359,-0.05398930764446656,0.20066249494751295,0.21646242961287498,-0.005869294827183087,-0.028390444815158844,0.03142403004070123,-0.05401181864241759,0.25178872669736546,0.43799959930280846,0.09400531432280938,0.006235569715499878,0.16370144238074621,0.2187874342004458,0.0848014447838068,0.12244729200998943,-0.029903307557106018,-0.028447604466540117,0.1068003208686908,-0.0906137276518469
SRS1387073,1,-0.06658358018224438,-0.051946723251603544,-0.09292909440894921,-0.07908421320219834,-0.11537102796137333,-0.036327687402566276,0.021660621588428814,-0.13848582034309706,-0.06782803063591321,-0.03737613931298256,-0.036793194711208344,-0.0986423132320245,-0.09285940260936816,0.04429136961698532,-0.12624700367450714,0.13142689565817514,-0.10814632009714842,0.21151251501093307,-0.10710067829738061,-0.01426197091738383,-0.020030792181690533,0.014609667162100473,-0.01668105274438858,0.1943396416803201,-0.10531650111079216,0.07016567140817642,0.028878357882301014,-0.08626820395390193,0.029005842904249828,0.07279793173074722,0.32606310086945695,0.2686435046295325,0.049837308625380196,-0.013816801986346642,0.2913311667119463,0.2134152880559365,0.24306819463769594,0.7171308634181818,0.10186496749520302,0.24063975969329476,0.03353267659743627,0.1940531594057878,0.08962039835751057,0.5082337856292725,0.19546757576366267,0.18894445647795996,0.2302549115071694,0.8743259919186434,-0.013390883803367615,0.3550605705434767,0.2297921453913053,0.5597196829815706,0.875934629390637,0.5332392901182175,0.31552030394474667,-0.04329833326240381,0.3667097647363941,0.56312853222092,0.29926542565226555,0.27325379972656566,0.11585809662938118,0.19158968826135,0.43360112498824793,0.1446882455299298
SRS1387076,0,-0.07576924446038902,-0.05894795246422291,-0.06337192840874195,-0.05355088567982117,-0.12449830646316211,0.022887157353882987,0.09989101439714432,-0.10764612257480621,-0.03388618056972822,0.08039966784417629,0.02614278408388297,-0.022899646311998367,-0.1026303842663765,0.14635063769916692,-0.12082148094971974,0.15603490422169367,-0.025862953315178554,0.28047752504547435,-0.049883023370057344,0.08329591030875842,0.1275853792515894,0.14464179302255312,0.08687086527546246,0.275859134659792,-0.12128325982484967,0.24006807804107666,0.05011056115229925,-0.06860577190915744,-0.033564927677313484,0.3235303560892741,0.2853111062819759,0.19787199694352844,0.007362041059726228,0.06112109373013178,0.24252195159594217,0.179665748650829,0.1231604094306628,0.45510950187842053,-0.029250718653202057,0.09076058864593506,-0.13884840160608292,0.00995901475350062,0.09628128757079442,0.15638895829518637,0.2085063358147939,0.17811785265803337,0.21048866088191667,0.5394627889618278,-0.10339795735975106,0.1813124343752861,0.14544442544380823,0.14208556339144707,0.5202687953909239,0.2827441605428855,0.15677281220753989,-0.11358718853443861,0.1088090892881155,0.26900101949771243,0.07641618248696129,0.18306657547752062,0.02066812167565028,0.08545473745713632,0.14291361765936017,0.08816986158490181
SRS1387079,1,0.4567316882312298,0.17219319939613342,0.5244923084974289,-0.11405265455444653,-0.11301814143856366,0.526158731430769,0.6074785819898049,-0.11797432104746501,0.14891348034143448,0.27652620896697044,0.4933581647152702,0.05627507592240969,-0.1383554550508658,0.5012340371807417,-0.029851942400758464,0.4027777533046901,0.2385104956726233,-0.042877091211266816,-0.12439232443769772,0.35040630648533505,0.11242396011948586,0.40950499040385085,-0.12403923893968265,0.46804983106752235,-0.07807661592960358,-0.0496637595545811,-0.09771888020137946,-0.0432688103367885,0.13522306643426418,-0.007293302565813065,0.5154649217923483,0.21592441387474537,0.11881528224330395,-0.033975870348513126,0.1615799218416214,0.137870820860068,0.17269005401370427,0.622432803735137,0.3431055120502909,0.3148720823228359,0.051554461320241295,0.39235055694977444,-0.04806124294797579,0.5162329139808813,0.15139074499408403,0.017149329806367557,0.31820828715960187,0.462819700439771,0.026862895116209984,0.11319515574723482,0.12042907190819581,0.33084478803599876,0.46734003225962323,0.360276253738751,0.20886742944518724,0.04488210411121448,0.3431915061082691,0.20009277015924454,0.30136437465747196,0.10168808450301488,0.015071262915929159,0.2194790244102478,0.3619011739889781,0.0021000349273284278
SRS1387080,1,0.46862108012040454,0.5604951605200768,0.6544312679519256,0.07355964618424575,0.013959166904290518,0.4369275459709267,0.6470603689861795,0.18284039090697965,0.37966251000761986,0.565112754702568,0.8493110695853829,0.34479978672849637,0.16955701370413104,0.9252920026580492,0.24870382249355316,0.4096632165213426,0.6070810295641422,0.20024577776590982,0.169061705780526,0.4270386832455794,0.3495459221303463,0.7680737636983395,-0.09501639753580093,0.8161067900558313,0.06904283041755359,0.11462848012646039,0.2541089936469992,0.12484102075298627,0.24206636659801006,0.30311431596055627,0.47453570862611133,0.1854213240245978,0.04174607992172241,0.03055163969596227,0.09068009878198306,-0.06767938906947772,-0.009337143351634344,0.17913160100579262,0.10712325324614842,-0.02909023508739968,-0.08859430998563766,0.11572851985692978,-0.14801219726602236,-0.10594740603119135,-0.02754941334327062,-0.12910298506418863,0.08949706206719081,0.14783902217944464,-0.07121016830205917,-0.10695647696654002,-0.04602247600754102,-0.13500867784023285,-0.0035695421199003854,0.16282356406251589,-0.005130353383719921,-0.10365704198678334,-0.012333783010641733,0.006326425199707349,-0.08294365803400676,-0.017484553158283234,-0.11627752333879471,-0.08348986878991127,-0.025228675454854965,-0.11965795916815598
SRS1387082,1,-0.020013942072788875,-0.042397857954104744,-0.07218229328282177,-0.11851086715857188,-0.15000140791138014,-0.0287940613925457,0.03200190079708894,-0.10843511360387008,-0.08796253179510434,-0.08607678239544232,0.2438354417681694,-0.12110114221771558,-0.13396231333414713,0.13818332428733507,-0.11409022348622481,0.19717047301431498,-0.01586888978878657,-0.08446030551567674,-0.11417465594907601,-0.014891301592191061,-0.02566048999627431,-0.09543406342466672,-0.1278734759738048,0.07105264719575644,-0.11593757818142574,-0.1098772007972002,-0.07714084318528573,-0.12234200971821944,-0.023103227217992146,-0.06723587183902661,0.39640195667743683,0.20860305801033974,0.04059221098820368,0.005564677218596141,0.33681811826924485,0.31974822531143826,0.4043156091744701,0.7167103945588073,0.5469057771066824,0.7916727301975092,0.11102226749062538,0.5062063609560331,0.3473205504318078,0.8783441380752871,0.5815787015793225,0.4272907574971517,0.3007706558952729,1.0596296762426693,-0.0036144256591796875,0.6611471523841222,0.28316843695938587,0.8706074506044388,1.1748376761873562,0.7052317621807257,0.3855000113447507,0.10591215019424756,0.5597500006357828,0.7029830540219942,0.7218921581904093,0.5819646678864956,0.4590655753466611,0.5732631099720796,0.7998106467227141,0.26659915906687576
SRS1387083,1,0.10362162503103416,0.11255876471598943,0.1250816142807404,-0.0923587034145991,-0.12359018375476201,0.15128284568587938,0.26348835974931717,-0.0803350197772185,-0.03732328303158283,0.18818520878752074,0.3484550788737882,0.07939258683472872,-0.09736643622939785,0.4171029624218742,-0.13212205469608307,0.3283713646233082,0.14359468035399914,0.17935818992555141,-0.04637813816467921,0.15453973660866419,0.1796940639615059,0.44569430127739906,-0.11113353601346414,0.3857669432957967,-0.04323958481351534,-0.026141436770558357,0.06253524372975032,-0.03080105222761631,0.011332138053451976,0.1178946487295131,0.36895417437578243,0.24710588929398605,0.005375819280743599,0.0065763915578524275,0.14403795699278513,0.03479026878873507,0.08932454713309805,0.45471323902408284,0.08582946223517258,-0.004278754815459251,-0.07660743904610474,0.1265334173416098,-0.08567246422171593,0.06156244516993562,-0.06142392506202062,-0.048529022528479494,0.13921641310056052,0.4437401971469323,-0.0596930542960763,0.04592170752584934,0.09815318323671818,0.021459947029749554,0.3340727562705676,0.08776503459860881,0.09916904817024867,-0.11253738900025685,0.14376940640310445,0.16886202991008759,0.028430082524816196,-0.017305533091227215,-0.11800409605105718,-0.03336939619233211,0.07790347716460626,-0.13392451529701552
SRS1387088,1,-0.1296248733997345,-0.04012866256137689,-0.09898490086197853,-0.11741087740908067,-0.1608983725309372,-0.1462142157057921,-0.026532189299662907,-0.11621044855564833,-0.04867039496699969,-0.06101229041814804,0.36499410526206094,-0.11701621809819092,-0.10210789740085602,0.16244599471489587,-0.0998291914196064,0.17509203342099985,0.026872402677933376,-0.09219594160094857,-0.10750702240814765,-0.06667767589290936,0.00992558648188909,-0.07448238413780928,-0.14150983840227127,-0.011978973944981893,-0.08573683211579919,-0.11165451910346746,0.0190664641559124,-0.13764600828289986,0.0194283165037632,-0.054489839201172195,0.39054038748145103,0.25762757162253064,0.033287921299537025,-0.013160145531098047,0.329687318764627,0.4435154932240645,0.5204331008717418,0.8132048472762108,0.6787815578281879,0.9548822053087255,0.38613040062288445,0.6160851816336314,0.6252976705630621,1.1701071088512738,0.8787874405582746,0.6221952087556323,0.311077816101412,1.2314179167151451,0.0461371640364329,0.8400467957059542,0.26622819403807324,1.190073885023594,1.4539011182884376,0.8658328248808781,0.4184924631069104,0.22981175780296326,0.6987768498559793,0.9607528755053257,0.9126676879823208,0.8655199371278286,0.6884133756781617,0.8908311805377404,0.9892186746001244,0.4662697973350684
SRS1387089,0,-0.1144677569779257,-0.05036270866791407,-0.113272400572896,-0.11607611862321694,-0.13362336407105127,-0.11836765396098296,-0.003985707337657611,-0.14410548160473505,-0.1004157393084218,-0.020941397175192833,0.08722574015458424,-0.06952269375324249,-0.13327387844522795,0.054593296721577644,-0.12503600617249808,0.0791364098743846,-0.053285445707539715,0.08468117502828439,-0.09823983907699585,-0.0021498451630274453,-0.012283006682991982,0.041411795963843666,-0.09406440674016874,0.1861746193220218,-0.06947596526394288,-0.07880644409548647,0.028476597120364506,-0.10238083638250828,-0.044778853033979736,-0.004116110426063339,0.3419172490636508,0.34025623463094234,0.0435574601093928,-0.04131664956609408,0.2833126535018285,0.15197432413697243,0.2576797512980799,0.6791174520427982,0.14551791020979485,0.18517056852579117,0.14485181123018265,0.2833533249795437,0.11617395281791687,0.4462842841943105,0.16051564365625381,0.18796470947563648,0.19339432567358017,0.8357306436325113,-0.0005639450003703436,0.2682044555743535,0.1890268586575985,0.4374633433811444,0.8291328251361847,0.40653017659982044,0.2447141893208027,-0.06590455025434494,0.365790331736207,0.46030231813589734,0.23660217660168806,0.33301085730393726,0.03555099293589592,0.20386178814806044,0.5206025944401821,0.04240667757888635
SRS1387091,1,-0.11524094144503276,-0.08324352279305458,-0.10652955621480942,-0.07328110312422116,-0.11939033741752307,-0.08741227040688197,-0.11983161287692685,-0.09868957971533139,-0.0582715019894143,-0.09798526329298814,0.010215465600291887,-0.1372217983007431,-0.11296502873301506,-0.0685069637062649,-0.0963489565377434,0.17141671230395636,-0.09723035618662834,-0.11446571225921313,-0.14579098547498384,-0.1123203057795763,-0.10593315524359544,-0.13322021222362915,0.019058746596177418,-0.1095188104858001,-0.08858563626805942,0.0288598978271087,-0.012007213508089384,-0.0926270904019475,-0.03197477012872696,-0.031954641143480934,0.4009486635526021,0.34435597745080787,0.31971939528981846,0.14073055299619833,0.49852938724992174,0.6581798139959574,0.651508342474699,0.9448294192552567,1.01470551888148,1.5220009643429269,0.5701933205127716,0.8716171570122242,0.906045767168204,1.6856492161750793,1.1349693325658639,0.8346602556606134,0.6720503841837248,1.5585679621435702,0.20248790209492049,1.1112504942963521,0.47594405213991803,1.9724362914760907,1.7827193265159924,1.2460027188062668,0.8041777051985264,0.7217435898880163,1.118153728544712,1.518651324013869,1.1358945357302825,1.1340311902264755,1.2092981410678476,1.6411527482171853,1.7092208446313937,0.7514373324811459
SRS1387092,1,-0.11469321884214878,-0.07088372701158126,-0.09911620865265529,-0.09510428830981255,-0.14554189518094063,-0.11029242134342591,-0.09707823318118851,-0.11343721983333428,-0.025676462799310684,-0.08012241295849283,0.1887058550491929,-0.13244473934173584,-0.10851855079332988,0.00890374711404244,-0.09352666729440291,0.16213790327310562,-0.09320501486460368,-0.13296076903740564,-0.13882660493254662,-0.11940966422359149,-0.07333847135305405,-0.13189919960374633,-0.0869046114385128,-0.09631814869741599,-0.0905451662838459,-0.05831031252940496,-0.01105041615664959,-0.10067751254731168,-0.03324277698993683,-0.05461415524284045,0.403576682942609,0.31633578753098845,0.14496951519201198,0.012811357931544384,0.41480110213160515,0.5766428131804181,0.648666271318992,0.903681623438994,0.9741448859373728,1.3206209503114223,0.6360260273019472,0.8471656888723373,0.9142337876061598,1.636012243727843,1.1254141926765442,0.9218293304244677,0.5650183303902546,1.5962055809795856,0.1914072334766388,1.1460401161263387,0.42169842806955177,1.7871360679467518,1.8622983681658904,1.0770015865564346,0.6195555875698725,0.550365095337232,1.0845857529590528,1.4253084162871044,1.1503729596734047,1.0978011184682448,1.0355490023891132,1.5541843964407842,1.6246597183247407,0.8279492954413096
SRS1387095,1,0.29789430818830925,0.39601025202622014,0.4677082635462284,0.0773554164916277,-0.0849073939025402,0.44749673704306286,0.44997535459697247,-0.025115361747642357,0.3315455360958974,0.594418236364921,0.6530697178095579,0.29960360874732334,-0.11200486930708091,0.686135164151589,0.04068096727132797,0.5189297144631079,0.44991051219403744,0.4549188166856766,0.0796725950203836,0.4184507628281911,0.34986436118682224,0.7374503678486993,-0.07140068585673968,0.689459674739434,0.04496438677112261,0.2553790944317977,0.18796281268199286,0.02702168809870879,0.19465290723989406,0.4566151263813178,0.5539392723391453,0.2502997961516182,0.12121990478287141,-0.04290290487309297,0.11367694412668546,0.015430365378657976,0.03716156569619974,0.4367524782816569,-0.015500281937420368,-0.04835355654358864,-0.09532221034169197,0.10959964369734128,-0.1567721962928772,-0.04414180045326551,-0.05498807753125826,-0.07293335100015004,0.21644644190867743,0.3706865745286147,-0.07470300421118736,0.02483651538689931,0.007516625026861827,-0.06958801671862602,0.13680989854037762,-0.0050255221625169115,0.06325426946083705,-0.06459496915340424,0.08089085513104995,0.127115897834301,0.01921011010805766,-0.06403762474656105,-0.13943823675314584,-0.027932355801264446,-0.07608003355562687,-0.1272434995820125
SRS1387096,1,0.3603643948833148,0.32203255221247673,0.4479412917668621,-0.020664793749650318,-0.0906555379430453,0.3295552546236043,0.5030507195430497,0.04355743837853273,0.21287579834461212,0.40053574492534,0.5875486632188162,0.1939160836239656,-0.1144668956597646,0.6286227746556202,-0.019624066228667896,0.4995051907996337,0.40701571231087047,0.09975685800115268,0.006438206881284714,0.3029078096151352,0.27017800075312454,0.6256344479819139,-0.1352181335290273,0.47357178541521233,0.025485087806979816,-0.06852623447775841,0.10011515704294045,0.0911331648627917,0.17268924663464227,0.17245605091253915,0.42608886988212663,0.20991570378343263,0.028245148772839457,-0.02812358985344569,0.121033089235425,-0.008652483423550924,0.06788306434949239,0.39032775225738686,0.21912656972805658,0.0615775982538859,-0.07703928835690022,0.22278539836406708,-0.1273558884859085,0.08001726120710373,-0.027515633031725883,-0.053765752663215004,0.20829768851399422,0.371621052424113,0.0034842615326245627,0.008526351302862167,0.052018557830403246,-0.0566646425674359,0.3571854556600253,0.2302820869566252,0.07986338436603546,-0.08107577326397102,0.10398729921629031,0.05211200192570686,0.03281970818837484,-0.05920148454606533,-0.12992744209865728,-0.03527632790307204,0.202028293783466,-0.07569968948761623
SRS1387097,1,0.051651258021593094,-0.08772833148638408,0.030434730928391218,-0.14076265941063562,-0.11806770910819371,0.10479525290429592,0.06671469883682828,-0.13319656501213709,-0.08130343382557233,-0.06722198892384768,0.21497311194737753,-0.10992380107442538,-0.13877283595502377,0.12261293580134709,-0.13275927367309728,0.1420142479861776,-0.05956420674920082,-0.13316571339964867,-0.13230158955169222,-0.053009439880649246,-0.04353275212148825,-0.024311065984268982,-0.1402346653242906,0.08991781249642372,-0.07738135879238446,-0.14860909432172775,-0.06646947376430035,-0.10177134924257795,-0.04216094190875689,-0.12596000793079534,0.38708243146538734,0.2912072359273831,0.028012207398811977,0.02676782353470723,0.39091633011897403,0.2190907746553421,0.35470938504052657,0.7039125996137349,0.5693795618911585,0.6800962102909883,0.2748439970115821,0.5156728761891524,0.3356985455999772,0.7828238060077032,0.3479714480539163,0.45880219464500743,0.3587600775063038,1.096609087040027,0.10873113075892131,0.5597767941653728,0.32529186209042865,0.7861214466392994,1.2156959225734074,0.7663052976131439,0.4143069364751379,0.13217829815888157,0.5951808020472527,0.706269937256972,0.7280767858028412,0.5585420249650875,0.3811246783783038,0.7364805409063896,1.1487757380430896,0.25998782366514206
SRS1387099,0,0.14269694158186516,0.13620578683912754,0.10987334822614987,-0.08925413414059828,-0.1081723856429259,0.21163405229647955,0.25148971875508624,-0.062349023297429085,0.006387510647376378,0.2616777929166953,0.36593484730110504,0.1831853991995255,-0.08314120396971703,0.4687058455310762,-0.11055086553096771,0.3262227078278859,0.19586663506925106,0.22365893066550294,-0.0065418922652800875,0.19916297867894173,0.21290065223972002,0.4505768724096318,-0.04361048216621081,0.39081934839487076,-0.037001832077900566,-0.02004459003607432,0.11627604067325592,-0.01131532279153665,0.03455025050789118,0.16460716693351665,0.38562445947900414,0.2460505006213983,0.022339409838120144,0.0032811140020688376,0.19561932856837908,0.010707947115103403,0.10862761239210765,0.46055660396814346,0.024007355173428852,-0.004406997933983803,-0.06378552193442981,0.13642643640438715,-0.08452056720852852,0.059161623318990074,-0.052401953066388764,-0.0334579505918858,0.1427272967994213,0.4435210091372331,-0.06513903538386027,0.02527257924278577,0.16390884667634964,0.08853119735916455,0.3394730612247561,0.10568509126702945,0.15067970007658005,-0.11623727235322197,0.15576369687914848,0.1718684546649456,0.026244647800922394,0.02504679188132286,-0.09414213337004185,-0.004702401347458363,0.14638430811464787,-0.1321271831790606
SRS1387101,1,0.38736640258381766,0.3137064079443614,0.48400075795749825,-0.042155059054493904,-0.10735088338454564,0.4537532851099968,0.45413573272526264,-0.10203878829876582,0.24201894303162894,0.4477660786360502,0.5733707472681999,0.19019873059975603,-0.1335992452998956,0.5618955766161283,-0.022290587425231934,0.5476305515815815,0.2687581945210695,0.21180570137221366,-0.009597713748613993,0.3796310027440389,0.23179741079608598,0.6034554497649273,-0.10504982247948647,0.49172496298948926,0.024475793509433668,0.105650686348478,0.05535602072874705,-0.02057151139403383,0.16134615739186606,0.29188869148492813,0.5072694855431715,0.22980361396912485,0.06689849744240443,-0.00928352924529463,0.14801276909808317,0.07934343442320824,0.0969390847409765,0.567580584436655,0.119599349796772,0.06428526279826959,-0.06130407750606537,0.2003089189529419,-0.1415046894301971,0.10318581387400627,0.04214913553247849,-0.0032023865496739745,0.2473441442125477,0.37596393500765163,-0.031748524556557335,0.08133502801259358,0.13083965269227824,0.03534749150276184,0.42586989514529705,0.1457153751204411,0.14070151187479496,-0.10641729086637497,0.13411210911969343,0.13184643723070621,0.03570938607056936,-0.02548736830552419,-0.07401357466975848,-0.01500435546040535,0.15257704878846803,-0.10757855356981356
SRS1387102,0,0.4486678360650937,0.5206271067727357,0.5714837396517396,0.08242535094420116,0.0050146182378133135,0.5496292834480604,0.6818527759363254,0.16938016563653946,0.46883122126261395,0.7466814244786898,0.8632417280071726,0.5107486049334208,0.07600307216246922,0.9909230296810468,0.09089740179479122,0.6241963456074396,0.7337343171238899,0.48528563991809887,0.19387841845552126,0.5191275073836247,0.532024280478557,0.9587315997729698,-0.008858144283294678,0.9256001263856888,0.007290775577227275,0.18153384452064833,0.27351581181089085,0.08183981680000822,0.256923274602741,0.5041510878751675,0.549203942840298,0.21475175519784293,0.03252147634824117,0.00043259809414545697,0.08061493560671806,-0.0835831177731355,-0.002943646900045375,0.27828898719356704,-0.026076726615428925,-0.09148050720492999,-0.08290840809543927,0.06693112229307492,-0.1635327935218811,-0.1398221457687517,-0.11590688489377499,-0.10354662872850895,0.07524100411683321,0.21296854068835577,-0.09818600257858634,-0.06330123543739319,0.00937603134661913,-0.13241145573556423,0.07069111553331216,-0.055030846347411476,-0.0002039000391960144,-0.09641283378005028,0.03729760895172755,0.07311287770668666,-0.055619326730569206,-0.10080586808423202,-0.14844655121366182,-0.08020520024001598,-0.0677758955086271,-0.1276725580294927
SRS1387103,1,0.46584454240898293,0.3430939062188069,0.6220924189935128,-0.02158089665075143,-0.10367086871216695,0.5274417897065481,0.5506979804486036,-0.06891320707897346,0.2551615821818511,0.4172151039856544,0.6015387587249279,0.1344256562491258,-0.1406641056140264,0.5844186190515757,0.007543637106815974,0.4838686347939074,0.3113318247099717,0.152031430353721,-0.0255337239553531,0.43038910045288503,0.24818963774790367,0.6087751698990663,-0.09099530180295308,0.5192764575282732,0.0040177057186762495,0.092191727211078,-0.026792137689578038,0.0004094342390696208,0.21670381569614014,0.22427152593930563,0.46955589142938453,0.11916023616989453,0.13005785395701727,-0.03755883748332659,0.15357770646611849,0.09912616045524676,0.07757661243279775,0.5388462425520023,0.13436495140194893,0.2125771977007389,-0.08853981271386147,0.2610291081170241,-0.10590313002467155,0.1986441115538279,0.10227922350168228,-0.07921896129846573,0.2879962989439567,0.25870222846666974,-0.059274726857741676,0.034313108306378126,0.10665988425413768,0.0005347939829031626,0.2900696098804474,0.22259983917077383,0.12253201752901077,-0.03158727909127871,0.19502085695664087,0.19807690382003784,-0.007795551170905431,-0.06583800166845322,-0.05278422551540037,-0.060988424345850945,0.09252436521152656,-0.10753876777986686
SRS1387104,1,0.42484121955931187,0.4980313802758853,0.5941127445548773,0.06757320836186409,-0.07665008430679639,0.4631584584712982,0.6101291527350744,0.03556068055331707,0.39361297711730003,0.5561273892720541,0.8045871319870154,0.30063871790965396,-0.10505263259013493,0.8622594301899275,0.06876382728417714,0.5552803836762905,0.60993575801452,0.30097440878550213,0.10040838601222883,0.4742499565084775,0.44658851623535156,0.8131124171583602,-0.12391550062845151,0.7201855275779963,0.019442393134037655,0.09283959368864696,0.10944244886438052,0.0721105777968963,0.3009259073684613,0.3728554391612609,0.5697711706161499,0.12297655083239079,0.04136132379062474,-0.0299510791276892,0.08179787794748943,-0.008270379155874252,0.014048485706249872,0.41171832010149956,0.09473985930283864,0.05148208141326904,-0.10484340911110242,0.12484319336363114,-0.1576714018980662,0.012326009571552277,-0.06449078489094973,-0.10103252157568932,0.16531008295714855,0.19753270223736763,-0.07167088861266772,-0.040409804011384644,0.0374925322830677,-0.11105372073749702,0.21828859175244966,0.04324228875339031,-0.00293013205130895,-0.08706205834945042,0.0556391179561615,0.08795779244974256,0.002654890219370524,-0.08499352696041267,-0.11963533610105515,-0.11012399010360241,0.02127589037021001,-0.10995275154709816
SRS1387105,0,0.0926318255563577,0.27890391026933986,0.11488137332101662,-0.026290413613120716,-0.09850036352872849,0.3982554627582431,0.383300993591547,0.14300765097141266,0.40593022604783374,0.5526059617598852,0.4188100720445315,0.30972184613347054,-0.02705777684847514,0.7214940326909224,-0.016900214832276106,0.46563884740074474,0.6478417105972767,0.5828363780553142,0.04229654558002949,0.23027273857345185,0.47967228417595226,0.7398301120847464,0.018879348412156105,0.655568445722262,-0.10271614665786426,0.2618163349106908,0.2794435066559042,-0.05534615491827329,0.16471178969368339,0.5059620014702281,0.5362401728828748,0.19709857553243637,0.08436034930249055,0.02954831471045812,0.07783280561367671,-0.042759294311205544,-0.04652587588255604,0.23512042065461478,-0.09713670114676158,-0.11257599170009296,-0.11845672192672889,-0.01459003488222758,-0.08167816946903865,-0.16050111005703607,-0.13358652964234352,-0.09588282803694408,0.0813375972211361,0.10642463081361105,-0.11592051883538564,-0.12998539488762617,-0.04213575770457586,-0.13906476212044558,-0.07115834578871727,-0.12321668863296509,-0.03690168013175329,-0.07169426837936044,-0.009443907688061396,0.09312137278417747,-0.07750462212910254,-0.06622868031263351,-0.14575668051838875,-0.08966866135597229,-0.11524329024056594,-0.12565026152879
SRS1387106,1,-0.09277317362527053,-0.08293815329670906,-0.09058069197150569,-0.09674250427633524,-0.1460153025885423,-0.09100368743141492,-0.04431677609682083,-0.12318382536371549,-0.09020396880805492,-0.10383437884350617,0.15216799018283686,-0.15377692381540933,-0.1293094443778197,0.0706299679974715,-0.11322974227368832,0.15870625525712967,-0.0994729899490873,-0.08009601097243528,-0.13494730492432913,-0.03805666696280241,-0.07230350809792678,-0.14214021464188895,-0.09913749185701211,-0.016957903901735943,-0.10755603729436795,-0.055880967527627945,-0.05790068830053011,-0.10764250997453928,-0.03259300564726194,-0.06467825857301553,0.38488077620665234,0.21672284603118896,0.10307287548979123,0.01055865590024041,0.3017606797317664,0.4419660083949566,0.44988978529969853,0.7819184499482313,0.5882866531610489,0.9137945125500361,0.14009286276996136,0.5517630130052567,0.4507971679170926,1.0210411598285039,0.7734858055288593,0.40690846974030137,0.33621076463411254,1.0911123653252919,0.02579281230767568,0.6894737953941027,0.2848944338038564,0.9925755138198534,1.2830645454426606,0.8205859437584877,0.43809571241339046,0.14723357185721397,0.6055069640278816,0.853262280424436,0.7685682699084282,0.6901402662818631,0.5847974096735319,0.6297621888418993,0.7921769730746746,0.31637355498969555
SRS1387107,1,-0.12376501690596342,-0.07306272971133392,-0.10608680453151464,-0.09597663239886363,-0.14928592989842096,-0.1293387779345115,-0.08546420838683844,-0.12221013319989045,-0.040867384833594166,-0.09490946587175131,0.16863526900609335,-0.14137868955731392,-0.13472378005584082,0.010358069092035294,-0.10469983735432227,0.09026424214243889,-0.08956797420978546,-0.11341603597005208,-0.14489774157603583,-0.12850852062304816,-0.07706845800081889,-0.11813847829277317,-0.08155515789985657,-0.05093665688764304,-0.10209097293166754,-0.024901221816738445,-0.04326385942598184,-0.08756691341598828,-0.023878866185744602,-0.09564155588547389,0.3626206135377288,0.3142212964594364,0.1286119023958842,0.024717030425866444,0.4267302899000545,0.5359062515199184,0.6522112588087717,0.9919615151981512,0.8384083434939384,1.1767608411610126,0.3670577819769581,0.7030422960718473,0.6316426197687784,1.338124414285024,0.9178479723632336,0.7429942928720266,0.46303957506703836,1.4003626825287938,0.12408819794654846,1.0387071669101715,0.2863516292224328,1.4294571193555992,1.7214161483570933,1.0508641091485817,0.5770343268911043,0.3104398312668006,0.7622301479180654,1.2789544848104317,1.073693260550499,0.9350628157456716,0.8551452358563741,1.040609618028005,1.3090078712751467,0.6990998114148775
SRS1387108,0,0.09737947629764676,-0.029441308230161667,0.028217445127665997,-0.12915396504104137,-0.09682333717743556,0.1462163490553697,0.2080590451757113,-0.06963093392550945,-0.07448266260325909,0.04754610980550448,0.19842234758349755,0.057772427797317505,-0.0628009916593631,0.2459410267571608,-0.13359230880935988,0.15976228658109903,0.15647768322378397,-0.005937110011776288,-0.05466515695055326,0.04939017196496328,0.11358587847401698,0.21196354428927103,-0.1115443551292022,0.3129139382120532,-0.09290050932516654,-0.06785759329795837,0.007067510237296422,-0.07654951140284538,-0.04423119345058998,0.06641914540280898,0.3326805494725704,0.2317002514998118,-0.033455471197764076,0.028106745332479477,0.31213147022450966,0.044558047937850155,0.14401798229664564,0.41681085200980306,0.20396659461160502,0.2127525800218185,-0.023351574316620827,0.2008780591810743,0.07483009248971939,0.32080353691708297,0.059756800532341,0.11541886255145073,0.19397286077340445,0.7114760143061479,-0.03621282118062178,0.20584188277522722,0.20313243567943573,0.3186192487676938,0.579238218565782,0.18125396594405174,0.13170644144217172,-0.10072008582452933,0.2478370638564229,0.2932982270916303,0.2555815726518631,0.0916389546667536,-0.035883440325657524,0.15940193211038908,0.4180337643871705,-0.02038535661995411
SRS1387109,0,0.34903336875140667,0.43230414390563965,0.4915351616218686,0.20234577606121698,0.06495094547669093,0.36257080485423404,0.5364808912078539,0.08164045959711075,0.3044522770990928,0.5384445320814848,0.848672304302454,0.35002635046839714,0.15698215427498022,0.8814906667297085,0.023575800471007824,0.45670194923877716,0.6194091439247131,0.2897210655113061,0.2338529840732614,0.40937075794984895,0.4791272987301151,0.8686096332967281,-0.0783958292255799,0.702466455909113,0.06236973901589712,0.06078647760053476,0.14170719186464945,0.1324905256430308,0.25805008721848327,0.3614157438278198,0.4585100846985976,0.19397602944324413,0.031912939002116524,0.0183382344742616,0.1136532937331746,-0.09929237638910611,-0.022907181332508724,0.27918775752186775,0.13494648163517317,-0.03572446728746096,-0.058662270506223045,0.11566206688682239,-0.16246882329384485,-0.063162745287021,-0.08344698573152225,-0.06616219133138657,0.04913368836666147,0.2910270281136036,-0.060971700896819435,-0.0041259850064913435,0.058942543963591255,-0.08495110149184863,0.3100413354113698,-0.03843140074362358,-6.9702315765122575e-06,-0.13163530454039574,0.10046460541586082,0.06368509917714012,0.033765887220700584,-0.12428800389170647,-0.1464764711757501,-0.08318301290273666,0.07906946074217558,-0.09551525053878625
SRS1387110,0,0.06312329228967428,0.138460673391819,0.08999481052160263,-0.07820312927166621,-0.09599615881840388,0.25208814938863117,0.29226725548505783,0.03211832046508789,0.06280417864521344,0.20832867796222368,0.28637873319288093,0.16205064517756304,-0.02789921561876933,0.5268344059586525,-0.07643040906017025,0.343682957192262,0.4062954680994153,0.3605618476867676,0.015887893736362457,0.1365584678327044,0.3479543787737687,0.3963927539686362,0.01538886254032453,0.4550004055102666,-0.09121112991124392,0.10525915647546451,0.13658793658638993,-0.06570996204391122,0.05393292444447676,0.3263558180381854,0.2827618618806203,0.16166036327679953,0.005320924023787181,0.02766069273153941,0.1540186144411564,0.027864377945661545,0.055325983092188835,0.2980453645189603,-0.046900740009732544,-0.007507827132940292,-0.09413191303610802,0.009936639262984196,0.0043938954671223955,0.015833644196391106,-0.04777427390217781,0.041275281459093094,0.08545709525545438,0.3673491341372331,-0.09991341829299927,-0.048623804623881973,0.039980092318728566,-0.009626699611544609,0.1509268432855606,0.07068867282941937,0.09960793455441792,-0.12859371521820626,0.09155615419149399,0.16149466205388308,0.05929498622814814,0.035759921496113144,-0.09853894263505936,0.0028953676422437034,-0.01991316055258115,-0.08533251906434695
SRS1387112,0,0.5754717116554579,0.7279853243380785,0.763113439703981,0.23262567227357067,0.12378507759422064,0.7860957123339176,0.9309386735161146,0.37543171644210815,0.6908291305104891,0.9631002632280191,1.0064401462053258,0.6553766069312891,0.23244222377737364,1.2764801805315074,0.3464035391807556,0.8176274448633194,1.0249124243855476,0.7167049087584019,0.3083014866958062,0.6452986262738705,0.6929691483577093,1.1912109876672428,0.048425414909919105,1.1552369023362796,0.04545150945583979,0.30616948505242664,0.4347737555702527,0.17860206899543604,0.3759488817304373,0.6459368524762491,0.50257308781147,0.2231712006032467,0.09190233548482259,0.017179566901177168,0.016516350209712982,-0.09800851593414943,-0.035954929422587156,0.18699683939727643,-0.009032589693864187,-0.07703709105650584,-0.06749007602532704,0.007126553605000178,-0.15396714707215628,-0.14943397790193558,-0.13122970362504324,-0.10989552406438936,0.01635071138540904,0.07146519915355991,-0.10705451671189319,-0.11175056733191013,-0.07629846967756748,-0.122600255223612,-0.04060071772740533,-0.07217986136674881,-0.0886254534125328,-0.08331663099428017,0.01741636296113332,0.04358149009446303,-0.09289340519656737,-0.06450920614103477,-0.13160901765028635,-0.09153872355818748,-0.10508616020282109,-0.11539029888808727
SRS1387113,1,0.24343567403654257,0.07871949672698975,0.23521177439639965,-0.11787811852991581,-0.11890130800505479,0.2852685663383454,0.3042355552315712,-0.08989982058604558,0.0010220954815546672,0.1963650855856637,0.3704731712738673,0.021621037274599075,-0.10845366368691127,0.40552055835723877,-0.1164191880573829,0.26011611707508564,0.16462577258547148,0.03246490533153216,-0.07945077369610469,0.18084165329734483,0.1173406761760513,0.3696650452911854,-0.13072473462671041,0.31595551533003646,-0.04873044385264317,-0.09235188116629918,0.0120415265361468,-0.08295332943089306,0.018905912525951862,0.011890091622869173,0.3525608469111224,0.23240956788261732,0.054681108643611274,-0.005021004627148311,0.25975328125059605,0.017921557649970055,0.1385660655796528,0.5113011091016233,0.17048132388542095,0.19816432582835355,-0.01950165132681529,0.2485876608019074,-0.0741569884121418,0.2021194969614347,-0.010422403924167156,-0.012913744896650314,0.21957774941499034,0.5596066564321518,-0.007464716909453273,0.11480151986082394,0.1454024420430263,0.22500191753109297,0.3557295460874836,0.22526121015350023,0.19667698629200459,-0.06439382877821724,0.22789921735723814,0.18496221552292505,0.2175585776567459,0.11632767816384633,0.019786107043425243,0.1319686397910118,0.29801477305591106,-0.0918140175441901
SRS1387114,0,0.1864038479203979,0.15029127647479376,0.1313297792027394,-0.1204821274926265,-0.13389965146780014,0.2541334982961416,0.2820644291738669,-0.13194011648495993,-0.013641804456710815,0.14390036556869745,0.3999079143007596,0.0616244642684857,-0.14326128053168455,0.3959084078669548,-0.11377832852303982,0.4425558199485143,0.09627500409260392,0.012101603671908379,-0.10271862987428904,0.1556225766738256,0.017579261523981888,0.291102097563756,-0.13245695643126965,0.3449876302232345,-0.04570923396386206,-0.12234153365716338,0.040510972340901695,-0.06604695195953052,0.02745616187651952,0.023444401721159618,0.3689673167342941,0.30894715525209904,0.10433890173832576,-0.06805490143597126,0.2586899437010288,0.17720101432253918,0.26915373171990115,0.6513354073734566,0.2819142347822587,0.23866974438230196,0.11973061536749204,0.3888821719835202,0.040399727722009025,0.41859519481658936,0.10068225922683875,0.10251399005452792,0.2337675653398037,0.7921893410384655,0.018660637860496838,0.3051661103963852,0.29156907632326085,0.5216523843506972,0.6415054872632027,0.25850310921669006,0.2560643181204796,-0.016402628893653553,0.3830213265803953,0.4115325100719929,0.38870710631211597,0.23369058718283972,0.1504710465669632,0.23921351142538091,0.6652200920507312,-0.02570815198123455
SRS1390031,0,0.46815903795262176,0.5046292456487814,0.5528029923637708,0.043271071587999664,-0.020647794008255005,0.6024184053142866,0.7027031183242798,0.0692381455252568,0.418347538759311,0.701693824181954,0.8224529152115186,0.4430455093582471,-0.008811974277098974,0.9443398995790631,0.02461678410569827,0.6926550036296248,0.6531319618225098,0.4295272994786501,0.11281387228518724,0.5413728896528482,0.4450751686623941,0.9011074121420583,-0.09180509299039841,0.7836927622556686,0.03357257694005966,0.07140105590224266,0.2097984037051598,0.03835811403890451,0.30017198467006284,0.4525911211967468,0.4724238906055689,0.23311268724501133,0.06908543035387993,-0.0066240523010492325,0.10215478949248791,-0.05872953962534666,0.052626132033765316,0.351763017475605,0.0033517409853326776,-0.08903850615024567,-0.06371618931492169,0.1518800569077333,-0.16784391303857168,-0.10714506606260936,-0.10851253491515915,-0.10367384444301327,0.09086878411471844,0.2555749962727229,-0.07476819927493732,-0.026902643342812855,0.0014679009715716045,-0.11156312966098388,0.16312177230914435,-0.04749808150033156,0.02927348141868909,-0.11094692597786586,0.1298018911232551,0.022578511387109756,-0.03510631124178568,-0.11773854183653991,-0.1547609567642212,-0.10840758510554831,0.003427478795250257,-0.11517496220767498
SRS1390032,1,-0.13051064436634383,-0.026195628568530083,-0.09507673264791568,-0.1150664808228612,-0.1457826184729735,-0.13026019930839539,-0.050484932803859316,-0.1283210531497995,-0.04372733055303494,-0.08375540950025122,0.27696488704532385,-0.13713895405332246,-0.11519324220716953,0.02528134686872363,-0.11073089266816775,0.10276276525110006,-0.020386161282658577,-0.13353836815804243,-0.1290951743721962,-0.12965975888073444,-0.07170448359102011,-0.0825705307846268,-0.12042260294159253,-0.08631922071799636,-0.11228629760444164,-0.11399794618288676,-0.0636449083685875,-0.11328449100255966,-0.02417827056099971,-0.10611139827718337,0.3280630521476269,0.2005568047364553,0.022897768300026655,0.016148552919427555,0.39206299434105557,0.43526271109779674,0.48582171633218724,0.7597083548704783,0.8598909576733907,1.0381938534167905,0.4047529771924019,0.6445196134348711,0.7020084410905838,1.215342824657758,0.8463746073345343,0.7285958795497814,0.4382039811462164,1.3914683554321527,0.14306340118249258,0.8990071577330431,0.33380978802839917,1.2515559221307437,1.6005789758637547,0.9349383985002836,0.46387893458207446,0.2679021718601386,0.7384804785251617,1.0556383281946182,0.9847929452856382,0.8020555196950833,0.6821789778769016,1.0675539299845695,1.3279712523023288,0.5135445135335127
SRS1390038,0,0.41534177275995415,0.42965823349853355,0.5193248478074869,0.10743856057524681,-0.02111944044008851,0.3507131723066171,0.5370000849167506,0.058108088870843254,0.32638094838087756,0.5362156679232916,0.7951786071062088,0.3101057248810927,0.0378098264336586,0.7691898494958878,0.04730622245309254,0.36480248098572093,0.5651950364311537,0.19251790891091028,0.1453970254321272,0.39415398488442105,0.37847977752486867,0.795183753905197,-0.10350579333802064,0.678832691318045,0.05645488699277242,0.07682410441339016,0.17016046804686388,0.10520456451922655,0.18977544208367667,0.3552392857770125,0.49656664828459424,0.16765119313883284,0.012884444867571196,0.011779361714919409,0.11533380548159282,-0.07498640070358913,-0.030848425192137558,0.2615814556678136,0.0914787898461024,-0.003898482769727707,-0.0849754090110461,0.10898902018864949,-0.15998619298140207,-0.03539174795150757,-0.051332276314496994,-0.10112400570627263,0.11736635863780975,0.30327823882301647,-0.04344151665767034,-0.02159912356485923,0.022454483434557915,-0.09006544264654319,0.21642019615198174,0.05612878004709879,0.01128478099902471,-0.12853028578683734,0.0561950138459603,0.06979986156026523,-0.0016507208347320557,-0.08326420094817877,-0.1456389216085275,-0.03344921084741751,0.04959810928752025,-0.11123867084582646
SRS1390040,1,0.27189663083602983,0.35391977181037265,0.37657944299280643,-0.06339253190283974,-0.12259015503029029,0.4621635628864169,0.4679798061649005,-0.062139165898164116,0.38058642980953056,0.5967143705735604,0.5217322533329328,0.31343723585208255,-0.15032796810070673,0.5353722414001822,-0.06307877227663994,0.5242322323222955,0.45630864674846333,0.508948507408301,-0.026602032283941906,0.3376196548342705,0.2951536327600479,0.7118141185492277,-0.08014898716161649,0.5618569119154321,-0.011167788257201513,0.28871359055240947,0.11895296536386013,-0.021577318509419758,0.2034470352033774,0.44501056087513763,0.521553018130362,0.383087399105231,0.13671717327088118,-0.015666934351126354,0.1513114913056294,-0.004242668238778909,0.002932108317812284,0.3707019171367089,-0.003765904655059179,-0.09519196053345998,-0.09455569088459015,0.04162696500619253,-0.14504648620883623,-0.0915438449010253,-0.03039594491322835,-0.0663423016667366,0.15031640231609344,0.2991200207422177,-0.04739512285838524,0.010758701711893082,0.02156947471667081,-0.09592202119529247,0.17606069085498652,0.023449014251430828,0.08433785165349643,-0.08555010333657265,0.0548552330583334,0.0528568917264541,0.02511925498644511,-0.05606903632481893,-0.14438058560093245,-0.05152485861132542,0.004318750463426113,-0.14723008622725806
SRS1390043,0,0.3063048121208946,0.5217708324392637,0.4447645004838705,0.03556176337103049,-0.07499377119044463,0.7254402463634809,0.5163024341066679,0.17002465513845286,0.6599174067378044,0.8701502693196138,0.725527590761582,0.5418069437146187,-0.08635403929899137,0.8927239427963892,0.012019120156764984,0.7177218478173018,0.7132498032102982,0.8085563542942206,0.1825698179503282,0.49427212977510254,0.36133853284021217,0.9850789799044529,0.030803197373946507,0.8360470818976561,0.026656756177544594,0.6020339280366898,0.34110846867163974,-0.026867054402828217,0.24508305918425322,0.6621856169076636,0.6134917748471101,0.28762816172093153,0.2071490945915381,-0.005652443195382754,0.09204880148172379,0.017559938753644627,-0.013612344628199935,0.3760542993744214,-0.07278144856293996,-0.10790600068867207,-0.08758421925206979,0.03552974574267864,-0.13986583923300108,-0.15258711576461792,-0.09495023513833682,-0.07656002976000309,0.14602770283818245,0.19743224202344814,-0.09470149657378595,-0.05058042456706365,-0.009733441596229872,-0.1326988935470581,-0.05374038095275561,-0.09884518757462502,0.024592973291873932,-0.08187272275487582,0.05289228508869807,0.06653334759175777,-0.02677647148569425,-0.03750458173453808,-0.1641991212964058,-0.06507641697923343,-0.11425630360220869,-0.13341218357284865
SRS1390044,1,0.5008211396634579,0.5428576786071062,0.6656665444994966,0.14619716194768748,0.06864583926896255,0.5150972518604249,0.7010758916536967,0.1693759181847175,0.41277102132638294,0.6655940283089876,0.8924039832005898,0.44288667291402817,0.17088663205504417,1.0525403740854624,0.13117704012741646,0.5039371705303589,0.7327226648728052,0.27969953790307045,0.2034759457843999,0.5255654205878576,0.4483761158771813,0.9416724965752413,-0.07025489459435146,0.8306466490030289,0.030464481562376022,0.11971970958014329,0.26365201889226836,0.11002477811416611,0.289623755030334,0.4071249521027009,0.4705979600548744,0.1575476167102655,-6.79486741622289e-05,0.0073012324670950575,0.10055149222413699,-0.08447374651829402,-0.005514201708137989,0.22424983885139227,0.0775046485165755,-0.05986835341900587,-0.09605287636319797,0.12973612795273462,-0.16266353925069174,-0.10164731244246165,-0.09083522980411847,-0.12024673695365588,0.07532164889077346,0.2607421651482582,-0.0706371267636617,-0.06167203560471535,-0.017734347532192867,-0.12228276208043098,0.0921078793083628,0.010014038649387658,-0.03413520008325577,-0.11693182215094566,0.0759515818208456,0.022504921381672222,-0.050979473938544594,-0.12102684859807293,-0.15129580348730087,-0.04909254238009453,0.0032509674007693925,-0.11219825781881809
SRS1390045,0,0.4214581723014514,0.3477826484789451,0.5634221360087395,0.0062128046217064066,-0.08665236085653305,0.5925067663192749,0.5631874557584524,-0.07062360318377614,0.3690246743305276,0.524554405361414,0.6056187941382328,0.17721202597022057,-0.14930768062671027,0.5780169169108073,0.05150175467133522,0.46635205422838527,0.35900906038781005,0.2776413775670032,0.048851221799850464,0.47039038377503556,0.1619375062485536,0.6565686979641517,-0.09924936977525552,0.5353209227323532,0.025576285707453888,0.4005505268772443,0.045399261017640434,-0.022771567416687805,0.21681326813995838,0.3066220333178838,0.668145103380084,0.23063508654013276,0.20779558084905148,-0.014275511416296164,0.13982337464888892,0.07736371954282124,0.03859848280747732,0.5512097999453545,0.05526772001758218,0.07952282764017582,-0.0680549256503582,0.24881137224535146,-0.12451333117981751,0.1621015965938568,0.12462324711183707,-0.06281366137166818,0.30884575222929317,0.3036235210796197,-0.058334058771530785,0.027652216143906116,0.0497076155928274,-0.007340682049592336,0.17959125836690268,0.13604348649581274,0.12661931912104288,0.02719749261935552,0.21109342947602272,0.08089187151441972,-0.06130601830470065,-0.003388877958059311,-0.09108764491975307,0.022062393526236217,0.05897820616761843,-0.12542637437582016
SRS1390046,1,0.39257267490029335,0.34382914130886394,0.5733551137770215,-0.014881587276856104,-0.1140578535074989,0.45182254662116367,0.5092279346038898,-0.06532458464304607,0.24431388018031916,0.4523875949283441,0.683042023020486,0.19634298778449497,-0.14304160450895628,0.6874049020310243,0.010672280564904213,0.4471061011912146,0.387803200011452,0.16981502622365952,0.02777501754462719,0.4164313053091367,0.2942168017228444,0.6658484029273192,-0.13812893442809582,0.546658476193746,-0.014130703484018644,0.08759191011389096,0.012186306218306223,-0.0032182253586749234,0.19252579535047212,0.2626882418990135,0.5290639412899812,0.16691062335545817,0.04404032416641712,-0.0023358122756083808,0.12723957498868307,0.062992079804341,0.06629052486581107,0.488859160298792,0.20597824656094113,0.13058646147449812,-0.10574887072046597,0.2442868057017525,-0.14170788725217184,0.1557378446062406,0.07587991158167522,-0.08658968595167,0.2675416513035695,0.27666748967021704,-0.07468048607309659,0.03415092162322253,0.043311327074964844,-0.05520195079346498,0.3084478210657835,0.21833889869352183,0.07667050200204055,-0.06564227119088173,0.13547891502579054,0.12665975792333484,0.005101773887872696,-0.03092261279622714,-0.09862556556860606,-0.07492203017075856,0.0775663685053587,-0.10552415810525417
SRS1390048,0,0.13140671824415526,0.1931120716035366,0.11636259344716866,-0.06661350404222806,0.026892901708682377,0.21292397193610668,0.3310163002461195,0.15555322666962942,0.06549014771978061,0.2104943556090196,0.3736505185564359,0.23594372595349947,0.09473155935605367,0.6775410224994024,-0.03398658211032549,0.48188753550251323,0.4703391467531522,0.2681107210616271,0.05704141677900528,0.13119748483101526,0.2289992831647396,0.444152161013335,-0.04566543300946554,0.481723265722394,-0.06837599786619346,0.010159355898698172,0.19762142406155667,-0.0028904248028993607,0.040696571891506515,0.20818696357309818,0.3825534613182147,0.16638273062805334,0.0006583482027053833,0.015772412220637005,0.19095677509903908,-0.030370637774467468,0.16464896282802025,0.204981392249465,0.07687432016246021,0.020469465603431065,-0.11292100402836998,0.09426280856132507,0.05050314714511236,0.08185465882221858,-0.04708526904384295,0.14990494788313904,0.07272420264780521,0.4911828202505906,-0.08820890014370282,0.026022950808207195,0.020323115090529125,0.09312985340754192,0.34698662782708806,0.09543477029850085,0.11683152119318645,-0.11105361254885793,0.2340930310698847,0.1364378398284316,0.1047884151339531,0.10393925259510677,-0.026952587068080902,0.053065499290823936,0.13425009790807962,-0.08463484918077786
SRS1390051,0,0.4792872415855527,0.6147720309672877,0.5886892210692167,0.12482822686433792,0.07935996974507968,0.5812010755762458,0.7109855196128289,0.10842405756314595,0.5044680759310722,0.7382569915304581,0.9480998145105938,0.45766739174723625,0.17474647130196294,1.0582308572290156,0.09373903189164896,0.6386470943689346,0.7728195327023665,0.45550136019786197,0.22642471951742968,0.576028487024208,0.5259325108490884,1.0452205818146467,-0.05798569445808729,0.9130010902881622,0.08960243128240108,0.1213511588672797,0.2248879907031854,0.08799332628647487,0.30058976262807846,0.539334686473012,0.49376337028418976,0.21736759133636951,0.08171959159274896,0.03293256585796674,0.11917484536146124,-0.09499400512625773,-0.036072288950284324,0.2601730575164159,0.010677076876163483,-0.08866487567623456,-0.05950694903731346,0.08786359926064809,-0.1668443183104197,-0.12747244474788508,-0.12312275388588508,-0.1023040828295052,0.04499500120679537,0.17774082720279694,-0.0801038349357744,-0.07637153441707294,-0.022536007066567738,-0.12691586402555308,0.1382505940273404,-0.08252568449825048,-0.009263029942909876,-0.11691965907812119,0.0703270211815834,0.038005260129769645,-0.05802807087699572,-0.12143592288096745,-0.15400739510854086,-0.08790517908831437,-0.04190433987726768,-0.11182910141845544
SRS1390052,0,-0.009673291778502366,0.04325290210545063,-0.03642239607870579,-0.10297414287924767,-0.1325747879842917,0.1288146103421847,0.0995206745962302,-0.13994474709033966,-0.001115560842057069,0.054384926334023476,0.06127101182937622,0.03902940700451533,-0.11892374853293101,0.14629982163508734,-0.12714305892586708,0.2634774846180032,-0.0002627844611803691,0.1992791419227918,-0.09502952421704929,0.06477590277791023,0.08462575947244962,0.16416004734734693,-0.023151566584904987,0.23550339213882884,-0.08585471209759514,0.07517344877123833,0.047956015914678574,-0.08133311321338017,0.03243367622296015,0.15577088172237077,0.31779855862259865,0.2794728074222803,0.027355541785558064,-0.027143628991325386,0.20326659952600798,0.15268429865439734,0.19557453645393252,0.606665812432766,0.06873793279131253,0.13001325074583292,0.0004480406641960144,0.1726079974323511,0.006787341398497422,0.281399925549825,0.04367399545541654,0.10468501908083756,0.21876722325881323,0.6838969296465317,-0.0400273062599202,0.24021254728237787,0.2894538727899392,0.36022123135626316,0.6030629525581995,0.273997001349926,0.2684555264810721,-0.10268270689994097,0.248583162513872,0.38118302325407666,0.2525068276251356,0.1163803421271344,0.05477324624856313,0.03445806447416544,0.2993818339891732,-0.01246173307299614
SRS1390053,0,0.2272227454620103,0.3086033146828413,0.3277917600547274,-0.04063859209418297,-0.08980551486214002,0.3452458431323369,0.3643484599888325,-0.07383689160148303,0.18986415676772594,0.3919623866677284,0.5848436591525873,0.17904017865657806,-0.09375917290647824,0.6048706285655499,-0.03160868460933367,0.33685974093774956,0.3881419425209363,0.26020887090514105,0.014591988176107407,0.36955154066284496,0.3123564198613167,0.6476655630394816,-0.07073097769171,0.6093294074138006,-0.03261568831900755,0.10960877127945423,0.10896351685126622,-0.020027716954549152,0.11748265630255143,0.31306114482382935,0.44557564752176404,0.11281062290072441,0.00926747297247251,-0.013364041845003763,0.09879379719495773,-0.006620764809971054,-0.024613562350471813,0.34575851261615753,0.005787285277619958,0.015149214615424475,-0.093738520052284,0.053071229408184685,-0.13489451383550963,0.0024018362164497375,-0.06608147065465649,-0.11100251165529092,0.14597157885630926,0.2901149056851864,-0.09405287075787783,0.06164666265249252,0.1230116697649161,-0.004944603890180588,0.15977407495180765,-0.009196352834502855,0.06736653298139572,-0.11526055137316386,0.09377048785487811,0.23130272328853607,0.034486337254444756,-0.1257791951453934,-0.1459385777513186,-0.0893627277885874,-0.03487140312790871,-0.13256046921014786
SRS1390054,0,0.4403722596665223,0.38444253367682296,0.5185924172401428,0.008876986801624298,-0.05491391196846962,0.6218630919853846,0.6903425777951876,0.11831692357858022,0.31927698850631714,0.6460398187239965,0.751378605607897,0.4385862822333972,0.045551846424738564,0.9214126344304532,-0.007817361503839493,0.7520508840680122,0.6408803078035513,0.45592157760014135,0.0916481667663902,0.5023808241821826,0.4518993090217312,0.8383946965138117,-0.03508293100943168,0.7724342197179794,0.012717772275209427,0.07728549465537071,0.21781979439159235,0.014903538239498934,0.21117716476631662,0.38724133123954135,0.3966977335512638,0.2681230994251867,0.026808769752581913,-0.0004585062464078267,0.12258872265617053,-0.06233184536298116,0.06862563236306111,0.34239113330841064,-0.006282351290186246,-0.0761477140088876,-0.09587264557679494,0.089325616757075,-0.15112857272227606,-0.09942581132054329,-0.12612713625033697,-0.10222084075212479,0.06016599231710037,0.2610939412067334,-0.07842316230138142,-0.09163940697908401,0.013077363992730776,-0.06791318580508232,0.06932997703552246,-0.06457723320151369,0.06747990846633911,-0.0973845769961675,0.1143257903556029,0.034842578073342644,0.003313987205425898,-0.07300228780756395,-0.13217946995670596,-0.07615369061628978,-0.026621907949447632,-0.13526696773866811
SRS1390055,0,-0.12273117232446869,0.06595063147445519,-0.07933015562593937,-0.057215495655934014,-0.09547292068600655,-0.002493965129057566,0.14968729267517725,-0.0730190376440684,0.012827135001619657,0.041425892462333046,0.13824823591858149,0.05057801651613166,-0.07635227714975674,0.3097174074500799,-0.1268674861639738,0.28688250854611397,0.18479763561238846,0.3152247952918212,-0.059717013190189995,0.10670247673988342,0.10752085596323013,0.2659802734851837,-0.05868017176787058,0.2910105056750278,-0.033768679946660995,0.053432208796342216,0.16908532629410425,-0.08413925743661821,0.03135496408989032,0.2131082039947311,0.39421821137269336,0.27120887115597725,0.1035688544313113,0.06305280327796936,0.2222477880616983,0.051233142614364624,0.27761059820962447,0.4067204302797715,-0.0017637182027101517,-0.03984081496795019,-0.10062923636481476,0.1303314802547296,0.03553319722414017,0.17025844690700373,0.016839778050780296,0.10835440581043561,0.14638658985495567,0.515731085712711,-0.08445981393257777,0.030067152654131252,0.019269497289011877,0.12177033225695293,0.5124277975410223,0.20508020743727684,0.20594158520301184,-0.10524267299721639,0.19635905077060065,0.3389730229973793,0.08139493813117345,0.1811069759229819,-0.06607304761807124,-0.008367422502487898,0.12567779483894506,-0.05647883874674638
SRS1390056,0,0.24447625565032163,0.18334335957964262,0.21479269303381443,-0.10085929526636998,-0.08968156079451244,0.2305480639139811,0.3249347290645043,-0.11384001250068347,-0.014455847442150116,0.19110323178271452,0.432100269322594,0.10159167895714442,-0.09474050750335057,0.4853657092899084,-0.11374083533883095,0.3719035546916227,0.2188933603465557,0.09430013038218021,-0.015146319443980852,0.20884052415688834,0.18118705165882906,0.43492323951795697,-0.1058453160027663,0.44542108351985615,-0.03148356887201468,-0.1040567085146904,0.05121403063337008,-0.030597740784287453,0.04905766295269132,0.19148309404651323,0.31561577630539733,0.1834229143957297,-0.022974019249280293,-0.028656911104917526,0.21186051983386278,0.006379694367448489,0.03536375115315119,0.4071627234419187,0.16032740225394568,0.06915135231489937,0.010555421312650045,0.14729458279907703,-0.1089289808490624,0.16637593042105436,-0.0667334405394892,-0.07246133254375309,0.15903505745033422,0.4605138281670709,-0.054811968778570495,0.12270347153147061,0.16867888222138086,0.16849947053318223,0.4129801094532013,0.10701744599888723,0.13943794866402945,-0.11182879780729611,0.17696107303102812,0.2948588505387306,0.11532913148403168,-0.0013528143366177876,-0.0641965987936904,-0.04361257733156284,0.1949878972955048,-0.1189612044642369
SRS1390057,1,-0.018937514163553715,0.043428665647904076,-0.024539566909273464,-0.09920352604240179,-0.1368693858385086,0.25940630460778874,0.15017133920143047,-0.11216072738170624,-0.05029996857047081,0.03879991049567858,0.13989602650205293,-0.011898946017026901,-0.14042226846019426,0.23382117102543512,-0.11553969979286194,0.40596971412499744,0.04755094709495703,0.0676559495429198,-0.1223576416571935,0.014489815259973208,-0.013885390013456345,0.0691826877494653,-0.10949006179968516,0.1784335502112905,-0.0998998824506998,-0.01958813037102421,0.04354744156201681,-0.07072748988866806,0.06539422521988551,0.07124583298961322,0.3634377084672451,0.27627478167414665,0.1419874926408132,-0.07314117702965935,0.28304129590590793,0.18263803546627363,0.38188880030065775,0.6094655419389406,0.21155380457639694,0.23250599609067044,0.010784206291039785,0.30720053302745026,0.17363781109452248,0.511636438469092,0.12415955681353807,0.14766858331859112,0.288067443917195,0.9250905203322569,-0.014378171103696028,0.3412074049313863,0.20497111231088638,0.6411896472175916,0.6814169796804587,0.395165894801418,0.28800417731205624,0.0034468372662862143,0.4617482690761487,0.4686115129540364,0.43526681512594223,0.17985601536929607,0.22781969731052717,0.24654801826303205,0.5132599233960112,0.16864068973033378
SRS1390058,0,0.3568845180173715,0.14990397170186043,0.3581618017051369,-0.10006073769181967,-0.10641596528391044,0.47765737896164256,0.3786195960516731,-0.14332034004231295,0.13296805943051973,0.26082120605860837,0.31446343660354614,0.009154773006836573,-0.12500603993733725,0.3799017829199632,-0.1062025601665179,0.3773704889851312,0.10707255732268095,0.06639897466326754,-0.1501241736114025,0.2714589263002078,0.03993040602654219,0.3013703431934118,-0.04160876510043939,0.26989350095391273,-0.05377704626880586,0.05532252788543701,-0.026570941011110943,-0.10400613630190492,0.11934336523214976,0.031225737649947405,0.4004514291882515,0.27000538026914,0.1842947881668806,-0.01337730570230633,0.2390535647670428,0.20532100725298127,0.2583940463761489,0.7064023353159428,0.21510134575267634,0.32464172691106796,0.07719045380751292,0.4274036226173242,0.0082655002673467,0.5426454469561577,0.25244166019062203,0.027721644068757694,0.30819153956448037,0.5489849367489418,-0.03142365626990795,0.1924501322209835,0.2251944704039488,0.42708819545805454,0.4767049024812877,0.33601830682406825,0.3280875106963019,0.04385277318457762,0.42783476412296295,0.33969586963454884,0.25358431537946063,0.18156065170963606,0.20276456822951636,0.27704505156725645,0.3943568927546342,-0.027787926917274792
SRS1390059,0,0.3433116388817628,0.41620063595473766,0.4619521551455061,0.03929710698624452,-0.09427019270757835,0.42203248168031376,0.48977962508797646,-0.027316429341832798,0.340034544467926,0.5611083308855692,0.731825478374958,0.3453173314531644,-0.09541132487356663,0.7636188007891178,0.02317025139927864,0.628259562732031,0.37054963161547977,0.3918173561493556,0.0881658320625623,0.47769808024168015,0.33446073283751804,0.805313034914434,-0.1173391786648305,0.6710179951041937,0.039696864783763885,0.17212330984572569,0.20885833104451498,0.045853324234485626,0.17397149403889975,0.42866665373245877,0.6397302920619646,0.2347454926930368,0.08272374235093594,-0.03871704172343016,0.0991599013408025,0.008650381118059158,0.040947590644160904,0.5077990641196569,0.06195276929065585,-0.015651216730475426,-0.07469299637402098,0.1818254590034485,-0.16182152926921844,-0.06265989659974973,-0.07685441027084987,-0.04531922323318819,0.20340471838911375,0.32870784898598987,-0.057101234793663025,0.038357927735584475,0.06785042110520105,-0.041125111281871796,0.3462361715113123,-0.016308863336841267,0.0625856618086497,-0.109590129305919,0.13729122405250868,0.09174668788909912,0.011292160178224245,-0.08714022145917018,-0.09896726782123248,-0.061317095843454204,0.12413936542967956,-0.11275029617051284
SRS1390060,1,0.5031314976513386,0.3356323925157388,0.5946579997738203,-0.02756616286933422,-0.10125969536602497,0.6331307316819826,0.5810899597903093,-0.10615853158136208,0.3070407828005652,0.4944396950304508,0.6141284791131815,0.17067157415052256,-0.14651172856489816,0.5921602522333463,-0.014546672503153482,0.5116415824741125,0.3375662912925084,0.2592930992444356,-0.033781139800945915,0.47251152743895847,0.22253681672737002,0.6366639798895145,-0.09654803139468034,0.5481220030536255,0.021809072544177372,0.1237961770966649,-0.021284665601948898,-0.04274877843757471,0.19128626259043813,0.27413707443823415,0.45705755800008774,0.22398773037518063,0.146625689851741,-0.011173076927661896,0.16746626049280167,0.0807007495701934,0.07348871883004904,0.5495932797590891,0.09108417605360349,0.11269145334760348,-0.022287850578625996,0.27258634753525257,-0.11728626613815625,0.22984629124403,0.10623190427819888,-0.09992727326850097,0.26873997164269287,0.2920764448742072,-0.048505994180838265,0.03847973048686981,0.08991143479943275,0.01464852069815,0.15164149769892296,0.16260778283079466,0.13099366209159294,-0.033285245299339294,0.24544603688021502,0.13643838992963234,-0.04170421573023001,-0.0541792797545592,-0.06383152212947607,0.013824823622902235,0.026554444649567206,-0.13497125605742136
SRS1390061,0,0.20383357349783182,0.33704987665017444,0.20978834200650454,-0.08308603521436453,-0.11383074491944474,0.242685129866004,0.3014533358315627,-0.08549547009170055,0.14479837783922753,0.3713774364441633,0.5465419427491724,0.17245394891748825,-0.10280984578033288,0.5879480795313915,-0.11181408446282148,0.402033685396115,0.29647692758589983,0.2642987010379632,0.015123860289653143,0.26108016942938167,0.26371393104394275,0.5722184764066091,-0.09170272387564182,0.47506014513783157,0.0053934284175435705,0.03324802592396736,0.13904884892205396,0.0001995128889878591,0.09319346863776445,0.3035942291220029,0.47254280916725594,0.25409090006724,0.016262543698151905,0.01226595789194107,0.1413248631482323,-0.02066442370414734,0.00220391092201074,0.3966703998545806,0.0800320990383625,-0.032653755197922386,-0.07812736680110295,0.1003203121945262,-0.15132503832379976,-0.04787768671909968,-0.08818374387919903,-0.09635855009158452,0.13835312069083253,0.331866018474102,-0.05602246026198069,0.0023646814127763114,0.011642297264188528,-0.04711920892198881,0.32128861732780933,0.029976752974713843,0.0909871341039737,-0.11557440244359896,0.09470878417293231,0.07749516765276591,-0.005587367961804072,-0.05282013863325119,-0.13682468297580877,-0.07187466292331617,0.08784917027999957,-0.1268622949719429
SRS1390062,0,-0.0018324304061631362,0.39626284316182137,0.04362327419221401,-0.025507332136233647,-0.10281117943425973,0.41260797530412674,0.23898106813430786,-0.0063791268815596896,0.47367266441384953,0.6067675889159242,0.501412487278382,0.35039395714799565,-0.11370596351722877,0.6178314288457235,-0.08376622789849837,0.4572782137741645,0.5147750315566858,0.7349975529747704,0.0554550439119339,0.2671577212361929,0.30831727633873623,0.7177310511469841,0.03521144265929858,0.5788150429725647,-0.017609527955452602,0.48738020348052186,0.208580502619346,-0.057212398697932564,0.1361489905975759,0.554012960443894,0.4834225910405318,0.23159518341223398,0.1578465048223734,0.02955523629983266,0.12172897160053253,0.013285824718574682,-0.014180599983471135,0.3326273635029793,-0.08831251412630081,-0.11910643925269444,-0.0722392238676548,0.04865809498975674,-0.07367043445507686,-0.10883274301886559,-0.10650366793076198,-0.06315581500530243,0.11308363468075792,0.24046934427072605,-0.09329701238311827,-0.04444109772642454,0.04188768317302068,-0.09185649796078603,-0.005244688441356023,-0.017191095898548763,0.06795748020522296,-0.11108856213589509,0.09100236246983211,0.079131414492925,-0.02976437471807003,-0.06372071740527947,-0.16169901440540949,-0.07468059379607439,-0.09327146038413048,-0.13631442189216614
SRS1390063,0,0.045984117314219475,0.19313189030314484,0.033742303028702736,-0.10431056019539635,-0.11115095516045888,0.1504551942149798,0.18017526219288507,-0.15398106475671133,0.16677999775856733,0.27832725814854103,0.32663333664337796,0.13726402074098587,-0.13399713610609373,0.2227231909831365,-0.12193563580513,0.35415905217329663,0.13321714972456297,0.28203949828942615,-0.04798927158117294,0.1227719783782959,0.10961321182549,0.3786401903877656,-0.10482172792156537,0.2935087854663531,-0.02684525524576505,0.05661716125905514,0.10592834278941154,-0.03046610082189242,0.09434448927640915,0.18295729532837868,0.48966086376458406,0.3925936239150663,0.06132753565907478,-0.04119791525105635,0.1673900360862414,0.0751736710468928,0.05556246886650721,0.5543249808251858,0.14646598075826964,0.012028003732363382,0.038763673355182014,0.19870550006938478,-0.10041446052491665,0.14355563869078955,0.03259141991535822,0.0721029316385587,0.18496301397681236,0.5480515559514364,0.017831671983003616,0.166807409375906,0.16020501777529716,0.19660100961724916,0.5416203588247299,0.14634457354744276,0.1891833065698544,-0.08200491561243932,0.23761994950473309,0.20472199997554222,0.10815351953109105,0.01356432338555654,-0.05217276451488336,0.05961146120292445,0.361553222561876,-0.11858719494193792
SRS1390064,0,-0.0716447492595762,-0.01872275521357854,-0.05736514246867349,-0.05009004380553961,-0.14618767301241556,0.05994938500225544,0.13518311455845833,-0.08267554206152757,-0.054311865319808326,0.15728302424152693,0.09271407686173916,0.07844788084427516,-0.11713999882340431,0.2678988886376222,-0.11383592089017232,0.2534593584326406,-0.019248740126689274,0.4234023491541545,-0.07501476506392162,0.13215379867081842,0.09825884205444406,0.20373040903359652,-0.0015938247476393979,0.32264029649862397,-0.1045089199518164,0.2022320181131363,0.16720878208676973,-0.09211987381180127,-0.08037856469551723,0.41112614547212917,0.465000750652204,0.34958582868178684,0.13185988118251166,0.03422500193119049,0.2816563118249178,0.17032345632712045,0.31117336203654605,0.5159324072301388,0.008802292558054129,0.12738225609064102,-0.12798223768671355,0.0815486026306947,0.19041352719068527,0.2083567058046659,0.22664392739534378,0.3315105773508549,0.1976371193304658,0.7427768725901842,-0.09286396189903219,0.2736847397560875,0.021996344129244488,0.3566491703192393,0.806743465984861,0.30473719133685034,0.16963782161474228,-0.11258873250335455,0.28005802010496456,0.4304083821674188,0.1676543882737557,0.35258590430021286,0.14610615248481432,0.30341590762448806,0.34641597264756757,0.23208039129773775
SRS1390065,0,0.022010136395692825,0.1996044913927714,0.062077765663464866,-0.08485049257675807,-0.11678554986913998,0.27627891798814136,0.20886901952326298,-0.06677294708788395,0.13455608719959855,0.32084013304362696,0.3686036169528961,0.1773068606853485,-0.11257192057867844,0.4640581284960111,-0.1217472863694032,0.43230829139550525,0.2903815371294816,0.37218601753314334,-0.009489268064498901,0.20427270233631134,0.24893037974834442,0.44683640139798325,-0.04920561549564203,0.4017211360236009,-0.06396243410805862,0.17241664913793406,0.10851712276538213,-0.08935713581740856,0.06720609939657152,0.32215130732705194,0.4090246190316975,0.21129052084870636,0.041186479230721794,-0.018310246368249256,0.12776904801527658,0.043390200628588595,0.04990274691954255,0.4231794973214467,-0.029503836296498775,-0.06790377448002498,-0.09736180305480957,0.08521655574440956,-0.06911604106426239,-0.008822484873235226,-0.09199916943907738,-0.04405182879418135,0.12441476248204708,0.37526602546374005,-0.09707267458240192,0.009050317108631134,0.09399804410835107,0.04176724577943484,0.17986909362177053,0.01216464831183354,0.07902531698346138,-0.11930247241010268,0.12111989967525005,0.14135101375480494,0.038315986593564354,-0.016293593992789585,-0.12175827845931053,-0.06674604878450434,0.005319118810196717,-0.1232986996571223
SRS1390066,0,-0.042283757434537016,0.03061939775943756,-0.06385885862012704,-0.05486103892326355,-0.10260732471942902,0.2755517860253652,0.21534683803717294,-0.03049721134205659,-0.03227372094988823,0.14426093796888986,0.15651142100493112,0.13503224154313406,-0.06878954606751601,0.3440785196920236,-0.04374436351160208,0.2943178440133731,0.2635597152014573,0.4480076234322041,0.014646921306848526,0.16386584813396135,0.2015826776623726,0.23805398431917033,0.008913283546765646,0.3314751914391915,-0.11381101422011852,0.08835565112531185,0.2553127259016037,-0.07947617955505848,-0.03440826199948788,0.24267896637320518,0.3188154598077138,0.2500426185627778,0.04105885078509649,0.0059667254487673444,0.24875687435269356,0.15831361648937067,0.2831633078555266,0.5353386004765829,0.10350631053249042,0.2847225492199262,-0.08400994259864092,0.12793425098061562,0.0874277080098788,0.37129100660483044,0.20177554587523142,0.2737071719020605,0.16061300213914365,0.7275203559547663,-0.09325851453468204,0.28346000363429386,0.11471525145073731,0.47888090771933395,0.6122942032913367,0.18914689476757,0.2755053738753001,-0.08436597022227943,0.32832763902843,0.46669806850453216,0.3488952849681179,0.3357675038278103,0.31878175772726536,0.2612350918352604,0.3100338556493322,0.26094959055384
SRS1390067,0,0.25139288666347664,0.12835442274808884,0.2540430376927058,-0.08967494654158752,-0.1345596288641294,0.36638519664605457,0.32256363425403833,-0.12229837042589982,0.11778446636162698,0.30036994876960915,0.3216134309768677,0.01519906148314476,-0.13228682552774748,0.37042343616485596,-0.1070085618024071,0.2812983952462673,0.15812083582083383,0.08033172724147637,-0.12506624249120554,0.21477306137482324,0.1299971683571736,0.3895964417606592,-0.09572553945084412,0.3956250390037894,-0.06203690295418104,0.0882943617568041,0.04083493662377199,-0.07431645505130291,0.10303123605748017,0.09111491590738297,0.40115984498212737,0.1701608138779799,0.06325126563509305,-0.05040212472279867,0.1667941970129808,0.05235443823039532,0.08127288644512494,0.5077476048221191,0.05188801077504953,0.08637576965459932,-0.015912049760421116,0.1368757321809729,-0.021281321843465168,0.18471503630280495,0.013357122739156088,-0.10482470567027728,0.22828184192379317,0.4496700589855512,-0.06849635827044646,0.05194119488199552,0.15274824442652365,0.10591719547907512,0.27967218061288196,0.14724473531047502,0.1556433066725731,-0.05539125141998132,0.18759595106045404,0.20572256545225778,0.034586253886421524,-0.04423335318764051,-0.10719671628127496,-0.0018876499185959499,0.052372826263308525,-0.14001342467963696
SRS1390068,1,0.35831239571173984,0.4453307846561074,0.5019733281806111,0.055177668730417885,-0.07821134353677432,0.5224843236307303,0.5427633188664913,0.06871500797569752,0.4068881832063198,0.6758098105589548,0.7496489137411118,0.3676333452264468,-0.029128055088222027,0.826274611055851,0.07532866547505061,0.5426271023849646,0.5366670625905196,0.49331283134718734,0.14324801539381346,0.4921382727722327,0.36669057856003445,0.8730899846802155,-0.061594742660721145,0.7558885340889295,0.03746650740504265,0.3051840371141831,0.2804134227335453,0.06225146601597468,0.19453293271362782,0.46688957295070094,0.546615286419789,0.22204060479998589,0.09368834706644218,-0.008569930990537008,0.07718852783242862,-0.032162549595038094,0.008190210287769636,0.28424036378661793,-0.030248297999302547,-0.09890150030454,-0.11410300899296999,0.09680408363540967,-0.16268658389647803,-0.1123212209592263,-0.09180194387833278,-0.1112341359257698,0.13628884156545004,0.24210541447003683,-0.10972929125030835,-0.04477838923533758,-0.03587004511306683,-0.11227930337190628,0.013086888939142227,-0.04656184154252211,-0.005903956790765126,-0.09037601326902707,0.02985517866909504,0.09128476430972417,-0.04858123200635115,-0.06946862985690434,-0.1557915098965168,-0.07048804468164842,-0.07494227184603612,-0.12140343462427457
SRS1390070,0,0.5480102077126503,0.6864798118670782,0.7684954609721899,0.1937481388449669,0.08382332511246204,0.7572442522893349,0.8233506179725131,0.30625744350254536,0.7119302327434222,1.0049456803438563,1.0458690201242764,0.6670671577254931,0.23875695234164596,1.2294327070315678,0.24855122715234756,0.7823227718472481,0.952242357035478,0.6443770087013642,0.3262896779924631,0.7187600381051501,0.6105523134271303,1.181874799542129,0.0076385367040832835,1.123790775736173,0.08162181079387665,0.3608502286175887,0.38754790276288986,0.15663486967484155,0.333312083229733,0.6448017349466681,0.5683486467848221,0.21986265356341997,0.10601979494094849,0.0029359511099755764,0.05668715884288152,-0.07638183857003848,-0.013621293008327484,0.2843615723152955,-0.03174150362610817,-0.06804583594202995,-0.09095969175299008,0.06796326488256454,-0.15045547982056937,-0.14811697229743004,-0.11885222730537255,-0.09404413603867094,0.11347527615725994,0.2053146151204904,-0.10170068739292522,-0.07698951102793217,-0.035796502605080605,-0.12574731620649496,0.057830489124171436,-0.0709700882434845,-0.03630334511399269,-0.08765386790037155,0.09010335430502892,0.0401867131392161,-0.07774196254710357,-0.08348077815026045,-0.14415942753354707,-0.07812059422334035,-0.07332940337558587,-0.11189218113819759
SRS1390071,0,0.5123141783600053,0.5786075585832199,0.7297301907092333,0.22432863215605417,-0.06602325290441513,0.6304546395937601,0.7201899246623119,0.14438773257037005,0.6510820339123408,0.7189299079279104,0.8471560031175613,0.42049771919846535,-0.10789898872220267,0.9158323183655739,0.16744865492607156,0.7873110796014468,0.7513482347130775,0.6855899654328823,0.16402828693389893,0.534176661943396,0.5870809331536293,0.9464684203267097,-0.09339426302661498,0.8024911532799403,0.10128960634271304,0.3043186664581299,0.23362235026434064,0.1494155085335175,0.33560657128691673,0.70114678159977,0.5178394404550394,0.16660904449721178,0.1663945515950521,-0.021947558969259262,0.09539383898178737,-0.021768977283500135,0.02735000941902399,0.28620829340070486,-0.028186052261541288,-0.04101314457754294,-0.07834421222408612,0.007672324155767758,-0.15461943671107292,-0.11975488966951768,-0.07365561525026958,-0.09710800104464094,0.21702073638637862,0.09469901972139876,-0.05935099472602209,-0.05775574563692013,-0.0054552337775627775,-0.12600109446793795,0.05037261644611135,-0.016221315289537113,-0.0064965759714444475,-0.05661146342754364,0.003046604494253794,0.11006052372977138,-0.05896358067790667,-0.07984541760136683,-0.12664185712734857,-0.10267584770917892,-0.08764130280663569,-0.12449575153489907
SRS1390072,0,0.45401357238491374,0.6638845230142275,0.6865992257371545,0.23118364438414574,-0.0018460247665643692,0.7455154383787885,0.7356578633189201,0.2560111340135336,0.7307235275705656,0.9338419623672962,0.9503405764698982,0.5841229967772961,0.10007847535113494,1.1768853310495615,0.2424406719704469,0.8179231857260069,0.9520440126458803,0.8505193740129471,0.29696993172789615,0.6253318010518948,0.689334457895408,1.188730671380957,0.033908202623327575,1.0324767877658207,0.07436512100199859,0.5035677123814821,0.3989178185972075,0.1040806161860625,0.32239622933169204,0.8033871874213219,0.5155013588567575,0.1307684282461802,0.11814767525841792,-0.02337888570036739,0.054822893192370735,-0.04162644843260447,-0.03058453866591056,0.21526272719105086,-0.09938421969612439,-0.0942795326312383,-0.07773234384755294,-0.006051498154799144,-0.14070491244395575,-0.14254772290587425,-0.1228922667602698,-0.07507906605799992,0.11899112164974213,0.08038151295234759,-0.11457028985023499,-0.09676399733871222,-0.055130043998360634,-0.11808416588852803,-0.0630379910968865,-0.12984427313009897,-0.0863282506664594,-0.07763428318624695,0.02096405749519666,0.1376701503371199,-0.04688976580897967,-0.06449792037407558,-0.13343681332965693,-0.07108207481602828,-0.09679985310261448,-0.10885524904976289
SRS1390074,0,0.581767663359642,0.838042613118887,0.7705065899839004,0.27815551590174437,0.16263671855752668,0.8114484027028084,0.9019488021731377,0.31248836118417483,0.7876049428402135,1.0214122170582414,1.0681909574971844,0.6571734224756559,0.2907730682442586,1.3054235546539228,0.3628316451795399,0.7788311714927355,1.1281974638501804,0.70933115730683,0.32067156210541725,0.6630871569116911,0.7389303967356682,1.2132701066633065,0.048312941721330084,1.2047890573740005,0.08322011368970077,0.30465160061915714,0.40140383896262694,0.16398720008631548,0.41014883667230606,0.7422439582781711,0.494145100004971,0.19164393842220306,0.1400874430934588,0.021216144125598174,0.04977041234572729,-0.08637293924887975,-0.053734314938386284,0.19326727464795113,-0.0263386865456899,-0.09524836825827758,-0.04055917076766491,-0.004147441436847051,-0.15057298292716345,-0.15312917903065681,-0.13633863255381584,-0.09777130496998628,0.034705584247907005,0.048495735973119736,-0.09525476892789204,-0.10813477821648121,-0.08141663235922654,-0.11632130527868867,-0.05582024028990418,-0.1106622504691283,-0.08672493199507396,-0.09682989679276943,0.014249568184216818,0.06356404845913251,-0.09454917566229899,-0.0700237072693805,-0.13075892875591913,-0.08084376528859138,-0.11181806152065595,-0.11459191205600898
SRS1390075,1,0.41630448152621585,0.49090785284837085,0.6342535208289822,0.0017957473173737526,-0.04901408528288206,0.5175524627168974,0.6095628713568052,0.1496988491465648,0.40807830293973285,0.5747832631071409,0.8168991332252821,0.34084769400457543,-0.02361199615794855,0.8075784680744013,0.17709060401345292,0.4337314690152804,0.5876078133781751,0.2826164315144221,0.11293073728059728,0.4769468158483505,0.32418574889500934,0.7881122101098299,-0.12318856831795226,0.7602739582459132,0.02500305821498235,0.16749207799633345,0.2187948664650321,0.09010094963014126,0.2781675240645806,0.25847491559882957,0.5667864984522263,0.20153195162614188,0.08105172341068585,0.006252363945047061,0.10144414628545444,-0.037282915941129126,-0.003323805518448353,0.2584174921115239,0.06768044581015904,-0.018922817350054782,-0.12166886714597543,0.11748831098278363,-0.15908832103013992,-0.05242004245519638,-0.04075999495883783,-0.13367043932278952,0.13351250812411308,0.1906563937664032,-0.07472680260737737,-0.09544335057338078,-0.053274300104628004,-0.1434785599509875,-0.033154676823566355,0.12107521978517373,-0.006463147699832916,-0.043632980436086655,0.04748301456371943,0.026104504242539406,-0.08487369616826375,0.007923215627670288,-0.11483366290728252,-0.09906414989382029,-0.051206208455065884,-0.12515710232158503
SRS1390076,1,-0.11305726443727811,-0.010896689568956694,-0.11654533632099628,-0.1186501265813907,-0.15827018022537231,-0.12211982284982999,-0.04303597596784433,-0.12824679631739855,-0.04879220016300678,-0.08560868538916111,0.3298965183397134,-0.1441332995891571,-0.11965743886927764,0.10363417367140453,-0.09320767192790906,0.16673636808991432,-0.030274940033753712,-0.11370483196030061,-0.12899784681697687,-0.09886280198891957,-0.005571657946954171,-0.10631182168920834,-0.1131235296294714,-0.03005588660016656,-0.0855786104996999,-0.10882475227117538,-0.037095459178090096,-0.12489984308679898,0.01867084080974261,-0.07327840601404507,0.3465615225334962,0.2507961106797059,0.07551629096269608,-0.007883328944444656,0.36475103721022606,0.45770152285695076,0.5305023928328106,0.8314069211483002,0.790104071299235,1.0867899457613628,0.48162222529451054,0.6441860074798266,0.68617944419384,1.2784416154026985,0.899492122232914,0.6803747831533352,0.3799584712833166,1.3345082954814036,0.07591570417086284,0.9130466083685557,0.38372596725821495,1.385257711013158,1.5528676205625136,0.9281204094489416,0.5101010873913765,0.32164508756250143,0.7681961966057619,1.1473759810129802,0.9961883847912153,0.862519291539987,0.7730064193407694,1.0791251808404922,1.2394430004060268,0.5016131456941366
SRS1390077,1,-0.1063199123988549,0.0717169251292944,-0.0515293205777804,-0.04949103047450384,-0.13378765791033706,0.022161350895961125,0.15992970392107964,0.0026251375675201416,0.05073096168537935,0.21643078389267126,0.2646410409361124,0.1855025850236416,-0.019897690353294212,0.4493313195804755,-0.10434979945421219,0.35106444110472995,0.2679261102651556,0.4994870039323966,0.02255066391080618,0.14006631076335907,0.2510775824387868,0.4629096704690407,-0.008677054196596146,0.37933312108119327,-0.0167834609746933,0.2157268344114224,0.23608953381578127,-0.04473235458135605,-0.020421552782257397,0.3354606321857621,0.4321395141693453,0.23016778379678726,0.1194005236029625,-0.008825180431207022,0.12360218023726095,-0.005432441209753354,0.02390085665198664,0.3806374991933505,-0.049263783575346075,-0.07500473161538442,-0.11995428738494714,0.02720078080892563,-0.01710910474260648,-0.09638674619297187,-0.07045382695893447,-0.06352080513412754,0.11015820254882176,0.3072130319972833,-0.10224527314615746,-0.04734210452685753,0.026915462066729862,-0.05916231498122215,0.2382647916674614,-0.026727928469578426,0.03171446112294992,-0.10838423607250054,0.04594684283559521,0.10659946190814178,-0.08958282104382913,-0.05716537839422623,-0.1460634544491768,-0.05166723610212406,-0.009981303475797176,-0.1353309036542972
SRS1390079,0,-0.08528207226966818,-0.10149095455805461,-0.0782825336791575,-0.0667373799563696,-0.12910743554433188,0.10961831423143546,0.04221660426507393,-0.11836868897080421,-0.08673403846720855,-0.05722774347911278,-0.0001583689202864965,-0.1425570510327816,-0.10529932876427968,0.07845269391934077,-0.10631026700139046,0.17374078432718912,-0.0938232063005368,0.09837652742862701,-0.1335944595436255,0.01287869984904925,-0.021635140292346478,-0.012406166332463423,-0.06276291484634082,0.1144561655819416,-0.12237075219551723,0.15057056583464146,0.03957070534427961,-0.07468562945723534,-0.03275079342226187,0.0895372034671406,0.3255640175193548,0.2164139524102211,0.11740181098381679,-0.02390357293188572,0.2522046056886514,0.35235958204915124,0.42574075795710087,0.6491618280609449,0.18129695455233255,0.461774880066514,0.058411319429675736,0.29869100032374263,0.37387202431758243,0.6463743448257446,0.30930663148562115,0.22223909323414168,0.35171949172702927,0.8461791488031546,-0.08775490894913673,0.3579609567920367,0.20120426857223114,0.6632420445481936,0.8083587437868118,0.42553496981660527,0.2605687299122413,-0.03853715335329374,0.4706207178533077,0.45149398036301136,0.3999740857010086,0.38139983693448204,0.35225876544912654,0.36114025550584,0.3661522651091218,0.2630720663194855
SRS1390083,0,0.07061473016316692,0.1572222262620926,0.061167209719618164,-0.11030774749815464,-0.12293692057331403,0.14576955263813338,0.17682441572348276,-0.12484825402498245,0.00017871040229996046,0.16412432119250298,0.24729840379829207,0.07816598005592823,-0.1149023895462354,0.29572904482483864,-0.1244753214220206,0.29877695937951404,0.12217689507330458,0.22038030996918678,-0.029927142585317295,0.12683569143215814,0.16173386573791504,0.3078456384440263,-0.07394394860602915,0.3307166447242101,-0.057085972279310226,-0.0387955072025458,0.05192213753859202,-0.049820971519996725,-0.0005955464051415523,0.1619217305754622,0.30304862450187403,0.21952464912707606,-0.0003440653284390767,-0.0379360057413578,0.14814135432243347,0.08065670942111562,0.07813173905014992,0.5973554054896036,0.06937463923046987,0.0998631939291954,-0.033080569157997765,0.14729178231209517,-0.08268062770366669,0.17599794827401638,-0.0006346491475900015,0.02208858619754513,0.15145367659473172,0.5131115773692727,-0.036645909771323204,0.13561356688539186,0.18143927616377672,0.21686230848232904,0.49941464761892956,0.1569527486960093,0.17096563428640366,-0.12046756657461326,0.22401799634099007,0.2948349515597026,0.13238725314537683,0.07091566827148199,-0.0216596523920695,-0.05707129494597515,0.23505540487046042,-0.09969875410509606
SRS1390084,0,0.5514090992510319,0.4192572496831417,0.6564883906394243,0.09676844402808153,-0.0782775729894638,0.5742874778807163,0.649983869244655,-0.021682482523222763,0.4054097930590312,0.54498205644389,0.7257427386939526,0.228774710247914,-0.1386015930523475,0.6723180189728737,0.0900350312391917,0.6728998692706227,0.4061492073039214,0.3298299835296348,0.06669629458338022,0.4710570362706979,0.2746497013916572,0.7102607327202956,-0.11314769896368186,0.5595286960403124,0.07631790389617284,0.17382669573028883,0.07695193712910016,0.05015477227667967,0.24595355537409583,0.41824069370826084,0.6146679247419039,0.19663317517066994,0.1974911083234474,-0.028526655087868374,0.15014240021506944,0.09480657738943894,0.0872267506395777,0.5223378303150336,0.1475374965618054,0.14922884851694107,-0.0684820053478082,0.20781579489509264,-0.10806220335265,0.12864826247096062,0.09082284445563953,-4.2813364416360855e-05,0.2674322923024495,0.2797691486775875,-0.03481283783912659,0.07606512929002444,0.10464077380796273,0.0033489453295866647,0.39559729245956987,0.1433286319176356,0.10778896262248357,-0.03876491698125998,0.22558159412195286,0.13256761617958546,0.014857669671376547,-0.019021862496932346,0.007743878910938899,-0.0008253045380115509,0.14899426077802977,-0.0911456998437643
SRS1390091,1,-0.11911449146767457,0.037805640449126564,-0.08527648666252692,-0.09510291305681069,-0.1148745430012544,0.029753029346466064,0.10175062343478203,-0.08797621106108029,-0.025516065458456676,0.12031696488459905,0.14957664658625922,-0.02765411837026477,-0.1460152268409729,0.2294584202269713,-0.13324797401825586,0.2836916483938694,0.07895594229921699,0.16986172397931418,-0.08397949362794559,-0.0019279283781846364,0.004717284192641576,0.1813677012299498,-0.1292090790811926,0.15472346916794777,-0.12461157143115997,0.04642843392988046,0.08934613068898518,-0.11766547958056132,0.017135706419746082,0.09693840518593788,0.5811469371741017,0.29885583991805714,0.13334586719671884,-0.019740098466475803,0.18004303673903146,0.10497681532676022,0.2437819658468167,0.5872822242478529,0.1754829753190279,0.04958010402818521,-0.06707403187950452,0.2901419885456562,0.0487177063866208,0.20407683278123537,0.09494323966403802,0.053198400884866714,0.2849682383239269,0.6668212860822678,-0.03084485325962305,0.13066045101732016,0.07475876559813817,0.26998354991277057,0.5065993045767149,0.1833055137346188,0.09935444345076878,-0.05683924009402593,0.19091900438070297,0.14394382511576018,0.0901569351553917,0.08390065903464954,-0.008749128629763922,0.08304332910726468,0.3359085830549399,0.15290069952607155
SRS1390092,1,0.0038104734073082605,0.17138604385157427,0.09283339356382687,-0.05592158188422521,-0.04673719281951586,0.2692451585705082,0.3227441441267729,0.13424534692118564,0.17089283714691797,0.21597728955869874,0.3321129546190302,0.21737115706006685,0.10640157262484233,0.6444647762255045,-0.01804979347313444,0.5015318306783835,0.562335970501105,0.45954750043650466,0.06478443943584959,0.14008957636542618,0.36212556809186935,0.3012170276294152,-0.011612856139739355,0.5095006997386614,-0.09112688185026248,0.1094244234263897,0.22920247789200707,-0.09788787551224232,0.04084265852967898,0.3273706034136315,0.344338854153951,0.16631626461942992,0.03501165906588236,0.042656078934669495,0.24398274719715118,0.07764952971289556,0.20593075640499592,0.27498352775971097,0.1490241251885891,0.23584291338920593,-0.12144340574741364,0.05537004272143046,0.11665120720863342,0.1430438682436943,0.030125426749388378,0.23234860878437757,0.05062664672732353,0.5125175652404627,-0.12957912683486938,0.10236453451216221,-0.03534506199260553,0.25490785979976255,0.4062119858960311,0.12220085971057415,0.17109211906790733,-0.08058242748181026,0.18048905084530512,0.38317468265692395,0.2971402786982556,0.37776356500883895,0.22543045381704965,0.1869892713924249,0.1714487706000606,0.029633890837430954
SRS1390093,1,0.09202144962425034,0.16598840182026228,0.09441853562990825,-0.022924473509192467,-0.10030379146337509,0.3301558115830024,0.3808572453757127,0.060326909025510154,0.18382043639818826,0.3736103493720293,0.3661104676624139,0.19970721627275148,-0.0006114374846220016,0.6917367093265057,-0.04509080263475577,0.4769589950640996,0.48699014571805793,0.6084895431995392,0.038891605411966644,0.20614649051761566,0.38935425132513046,0.6182239962120851,0.036484651267528534,0.4686102904379368,-0.021999546714747947,0.19326682637135187,0.23576138416926065,-0.04545923819144567,0.06387980220218499,0.4023402959574014,0.32896268367767334,0.2547952060898145,0.08481016134222348,0.027927696704864502,0.13616552700599036,-0.010379367507994175,0.010849725843096772,0.2640884108841419,-0.0897380771736304,-0.08545027114450932,-0.09083232531944911,-0.02004959558447202,-0.03348636378844579,-0.07037956019242604,-0.0630275858566165,-0.02419775848587354,0.047825747479995094,0.26908539328724146,-0.09518852892021339,-0.11433272312084834,-0.02449934557080269,-0.08486745816965897,0.04452094047640761,-0.014483636245131493,0.05947828789552053,-0.10917643271386623,0.06249577761627734,0.09428638716538747,-0.027426473951588076,-0.004414082815249761,-0.1278556901961565,-0.01737087902923425,-0.040043229858080544,-0.13109052181243896
SRS1390100,1,0.07658002649744351,0.027928706258535385,0.03724482158819834,-0.07495269613961379,0.01789614527175824,0.05558979014555613,0.1706527310113112,0.0001792963594198227,-0.05628538535286983,-0.007970447341601053,0.30325515661388636,0.03365866715709368,0.09826505556702614,0.29660014311472577,-0.09726001027350624,0.015904734066377085,0.2607690791289012,-0.055720649659633636,-0.006770274291435878,-0.03494646334244559,0.08273490021626155,0.08458723438282807,-0.12232802559932072,0.15637871126333872,-0.07725689529130857,-0.09669213369488716,0.010007409999767939,-0.03845249869239827,-0.013064647714296976,-0.07058662921190262,0.2856071287145217,0.232966651111686,-0.07359856118758519,0.03560591240723928,0.3227066621184349,0.046119103829065956,0.26652589812874794,0.35448595881462097,0.34894320151458186,0.2953937038158377,0.07798559280733268,0.2936397433901827,0.2084591363867124,0.45084793244798976,0.16756330364538977,0.2597239973644416,0.22053201158996671,0.809069711714983,0.0015873449544111888,0.24629674442500496,0.17827680675933757,0.337461161116759,0.6756067797541618,0.44000804362197715,0.21972773224115372,-0.04946842541297277,0.46153176203370094,0.33074284344911575,0.44046133508284885,0.23311742829779783,0.012827245648319755,0.3559847269207239,0.5888561446530124,-0.01169182981053988
SRS1390101,0,0.4662112146615982,0.533581937973698,0.6365225662787756,0.045801687985658646,-0.02255207672715187,0.5741948448121548,0.6678751759851972,0.18479817795256773,0.3935211921731631,0.6477223448455334,0.8045285741488138,0.43411677206556004,0.06393964868038893,0.9573364915947119,0.17012123412375027,0.5753063342223564,0.6742091427246729,0.3884791173040867,0.14210585815211138,0.501026368389527,0.38961873048295576,0.8930005061750611,-0.05529942363500595,0.8351500195761522,0.017135966569185257,0.1646111657222112,0.30470276189347106,0.11442736039559047,0.2490592747926712,0.4091969959748288,0.4471895744403203,0.17669840219120184,0.08658769602576892,-0.014824187848716974,0.09101119389136632,-0.07766534139712651,-0.00636614509858191,0.22067738076051077,-0.005005200083057086,-0.08255848940461874,-0.10896903400619824,0.061066498359044395,-0.16739612072706223,-0.13073400718470415,-0.10634840978309512,-0.1292954497039318,0.11035800228516261,0.23947970817486444,-0.0909431924422582,-0.06671939293543498,-0.03462116544445356,-0.1298373987277349,0.017949569039046764,-0.02232420180613796,0.005450030167897542,-0.08294809982180595,0.010484343394637108,0.05796802292267481,-0.0665972667435805,-0.0829434705277284,-0.15246080855528513,-0.08088674830893676,-0.05485773148636023,-0.11691157581905524
SRS1390102,0,0.3545076511800289,0.45311974609891575,0.5162746494946381,0.04102967865765095,-0.05182298272848129,0.5767635355393091,0.6386688103278478,0.14706015090147653,0.4363941972454389,0.6982828552524248,0.7634571334347129,0.4417635848124822,0.06265149513880412,0.9883221263686816,0.029424354434013367,0.702899462232987,0.6710195454458395,0.5444826309879621,0.15019832458347082,0.4989562063322713,0.5005333522955576,0.9298057137057185,-0.0022526715571681657,0.8323944906393687,0.01877416918675105,0.1993355005979538,0.2560820843403538,0.060677326982840896,0.23511906418328485,0.4934797080544134,0.45668766150871914,0.21839182265102863,0.07082440083225568,0.011838860809803009,0.090141957004865,-0.06449335565169652,-0.006670457931856315,0.2909075766801834,-0.04284202679991722,-0.09691211581230164,-0.09929488599300385,0.029492995391289394,-0.14484748368461928,-0.15418175607919693,-0.13021218962967396,-0.10140536352992058,0.06341585144400597,0.172058359409372,-0.0998906483873725,-0.10207679246862729,-0.018234437021116417,-0.1412530029192567,0.049377549439668655,-0.10177173434446256,0.008802549913525581,-0.10727769508957863,0.04176397124926249,0.055644470577438675,-0.06201402501513561,-0.09190992296983798,-0.15944877018531164,-0.08992180166145165,-0.0912021566182375,-0.13116555040081343
SRS1390103,0,0.48600713163614273,0.34636886045336723,0.5259587330122789,-0.05893311960001787,-0.10767442919313908,0.5581137153009573,0.6291346231785914,-0.09651664396127065,0.189064666784058,0.4602370783686638,0.6560607325906554,0.18184543245782456,-0.15242842709024748,0.6675606574863195,-0.026869613056381542,0.6128126954038938,0.35811594625314075,0.15278233215212822,-0.06459159900744756,0.41193019102017087,0.22003756215174994,0.6079295217835655,-0.1293883683780829,0.5139967726233104,-0.014437815795342127,-0.1017049066722393,0.028389185667037964,-0.011712012346833944,0.21808730027017495,0.10401298788686593,0.4196922418971856,0.22549370707323155,0.11360215830306213,-0.06289574752251308,0.15660428752501807,0.059764700941741467,0.21002374527355036,0.5852132298362752,0.20789565580586591,0.11291739096244176,0.024363326529661816,0.3362856162711978,-0.06396749864021938,0.2938189394772053,0.0443711361537377,-0.06538262963294983,0.2347969237404565,0.448835256199042,-0.027635456606124837,0.08527073636651039,0.11172837826112907,0.1475446205586195,0.3232257043321927,0.22198818096270165,0.15530539179841676,0.03213997154186169,0.3259373866021633,0.0993536909421285,0.13781784971555075,-0.03294277874131998,-0.020602851970276486,0.10415780171751976,0.25093420191357535,-0.09450106291721265
SRS1390104,1,-0.09503411579256256,-0.05865580961108208,-0.1098625132193168,-0.10881211546560128,-0.14883558948834738,-0.09649062777558963,-0.039329848562677704,-0.1273559955880046,-0.06125123302141825,-0.09814598225057125,0.18568165600299835,-0.1504546950260798,-0.14336865643660227,0.051273987628519535,-0.110697486748298,0.10450113688906033,-0.10082689983149369,-0.09340490711232026,-0.12968194236358008,-0.11042251562078793,-0.038985819245378174,-0.10992412424335878,-0.10799188042680423,-0.0010690689086914062,-0.12119174174343546,-0.06600570182005565,-0.06105820337931315,-0.09509166941279545,-0.03068344791730245,-0.09260491654276848,0.41508949361741543,0.2480883562626938,0.08348665634791057,0.0263347743699948,0.3734537499646346,0.38697536910573643,0.536497363820672,0.8868933481474718,0.671158030629158,0.9874844911197821,0.21114646581312022,0.6294805544118086,0.41104666143655777,1.1123698602120082,0.6876389930645624,0.5737938657402992,0.3671888895332813,1.1608333413799603,0.035517645378907524,0.788530003434668,0.2670880543688933,1.097197146465381,1.4743768833577633,0.8773818040887514,0.49346623942255974,0.19488858679930368,0.6990697731574377,0.9609597250819206,0.8683362826704979,0.7588326080391804,0.711530115455389,0.8066027515257398,1.1078549691786368,0.5027105212211609
SRS1390106,1,-0.06909100711345673,0.012851598983009657,-0.08839272316011677,-0.11540646851062775,-0.1221534473200639,0.020112058768669765,0.12898831193645796,-0.06406815970937411,-0.10587233863770962,0.037758734077215195,0.1758131405028204,0.02192927524447441,-0.09690164402127266,0.303929326008074,-0.1306384118894736,0.23195762000977993,0.14622657063106695,0.0968779365842541,-0.06743308156728745,0.023524361352125805,0.10123917212088902,0.15492903565367064,-0.09950023827453454,0.2030207651356856,-0.08602022371875744,-0.07003551224867503,0.08962514872352283,-0.08502161192397277,-0.0055903462537874775,0.09413608908653259,0.3742435611784458,0.23672080039978027,0.041494655112425484,0.05314085384209951,0.23837673167387644,0.0853513116016984,0.28530261976023513,0.48841592979927856,0.1480366246153911,0.1674611009657383,-0.059586286544799805,0.19013510528263092,0.07191920777161916,0.3206479226549466,0.07467130819956462,0.14576536789536476,0.1979933318992456,0.7447277543445429,-0.04810043921073278,0.1652337871491909,0.07910232494274776,0.32445627140502137,0.6530502811074257,0.2839379049837589,0.2749769240617752,-0.1017447958389918,0.2690098062157631,0.3799755076567332,0.2779606953263283,0.22746290639042854,0.09819849270085494,0.14377676198879877,0.3524274073230724,0.05019696739812692
SRS1390108,1,0.35527106064061326,0.3958719310661157,0.46980727929621935,-0.03958588962753614,-0.1034255400300026,0.4577869549393654,0.5751216045270363,-0.0830203282336394,0.1899085740248362,0.4502454611162345,0.7629252293457588,0.18078486000498137,-0.11931425581375758,0.7697829343378544,0.03255409126480421,0.6392985979715983,0.46456995823731023,0.19568933670719466,0.02250264088312785,0.3932931845386823,0.21903983627756438,0.7044495937104026,-0.13547750438253084,0.6362270539005598,-0.019150040112435818,-0.03424702771008015,0.029764761527379353,-0.0358292389040192,0.30204576009418815,0.0465579309190313,0.4538620300590992,0.208467124029994,0.04766254243440926,-0.03909115865826607,0.10985746917625268,0.0934071031709512,0.19356239292149743,0.5118044754490256,0.30719090563555557,0.14449772983789444,0.0501400139182806,0.3132437864939372,-0.054674122792979084,0.35707900176445645,0.04942527428890268,-0.04571993462741375,0.1960526624073585,0.33603548879424733,-0.04059043154120445,0.014179935950475434,0.008012205129489303,0.057292758176724114,0.2661788923044999,0.20279991502563158,0.06716614340742429,0.026693474501371384,0.28573986142873764,0.15029012908538184,0.0646379121268789,0.07081590965390205,-0.032334295411904655,0.05209698031346003,0.09104873860875766,-0.04532573729132613
SRS1390110,1,-0.12698893249034882,-0.09309559656927983,-0.10052020195871592,-0.09780962609996398,-0.14970647916197777,-0.10365340486168861,-0.11143318253258865,-0.11759662472953399,-0.025488806578020256,-0.09173551729569833,0.18826682989796004,-0.1326909934480985,-0.1275242678821087,-0.0535574679573377,-0.10037301395398875,0.11773924281199773,-0.09833914910753568,-0.12354136661936839,-0.14590742935736975,-0.1474762869377931,-0.09271995723247528,-0.12329428542094927,-0.07217879593372345,-0.10286535058791439,-0.11428340493390958,-0.061635575257241726,-0.04530542902648449,-0.09057024586945772,-0.017952901621659596,-0.05782423913478851,0.37935938375691575,0.31188339615861577,0.11910880962386727,0.102506664271156,0.4916281948486964,0.5767870408793291,0.6035522567108274,0.9647297697762648,0.9727280959486961,1.4051209079722564,0.6360623948276043,0.7990330507357916,0.8399608973413706,1.576827158530553,1.0833437119921048,0.9251057617366314,0.5378805665920178,1.6021138032277424,0.17968873555461565,1.2216935368875663,0.5415908694267273,1.7902355150630076,1.9269529655575752,1.223401166498661,0.709633095189929,0.5509417417148749,1.0599915720522404,1.5154283518592517,1.2546639535576105,1.0686935825894277,1.1616299127538998,1.5501727666705847,1.8105970310668151,0.769242201000452
SRS1390113,1,0.49173615748683613,0.5941737604637941,0.653775562842687,0.18260128423571587,-0.008304307664123675,0.6614016665456196,0.7423692843876779,0.21917378591994444,0.5772778540849686,0.8698601499199867,0.9296604904035727,0.5820953560372194,0.15899726375937462,1.1524815652519464,0.16855009645223618,0.7553364342699448,0.8442825525999069,0.6114821365724007,0.2414621145774921,0.6054941344385346,0.6047137876351675,1.1303856691035132,0.03296030188600222,0.9699216286341349,0.06917096922794978,0.34755577488491934,0.39578236763676006,0.1483284259835879,0.29374877984325093,0.6453654021024704,0.5221388153731823,0.22130104588965574,0.09089763020165265,0.0068351806451876955,0.07001687462131183,-0.06195615356167158,-0.012317507217327753,0.22170828903714815,-0.03777953485647837,-0.09314816383024056,-0.08972400054335594,0.01372686835626761,-0.1566319763660431,-0.1480769899984201,-0.1209272804359595,-0.09146844502538443,0.10995664944251378,0.17546772273878256,-0.10426182299852371,-0.08883911122878392,-0.046871520190810166,-0.12792710059632859,-0.0047290031022081775,-0.09183687006589025,-0.036869232853253685,-0.08987715095281601,0.002257067710161209,0.06200441966454188,-0.05726626763741175,-0.077742675319314,-0.1423520545164744,-0.05225236155092716,-0.07961420435458422,-0.11670238586763541
SRS1390116,0,0.26551007696737844,0.1710183434188366,0.22968407378842434,-0.1000750632180522,-0.086508609354496,0.2815566807985306,0.36396387467781705,-0.09467340012391408,0.019789656003316242,0.23369703938563666,0.4466644339263439,0.09292369956771533,-0.10063194786198437,0.466475300801297,-0.11385029430190723,0.3106076104256014,0.21431121230125427,0.06580596137791872,-0.045712082336346306,0.23486381272474924,0.18088061393549046,0.4263260445247094,-0.11948493249898699,0.3812108834584554,-0.05694354698061943,-0.09880330413579941,0.013602678974469503,-0.05095656456736227,0.08181501148889463,0.10277922777459025,0.380460128809015,0.1943376095344623,0.0055945081015427904,-0.005189180374145508,0.19894760164121786,0.015395170698563257,0.11809572329123814,0.45184149344762164,0.14398820015291372,0.08867916278541088,0.006057586520910263,0.20284052627782026,-0.09661343973129988,0.18432314693927765,-0.03698035081227621,-0.025429035536944866,0.16302399461468062,0.49518735023836297,-0.039975994577010475,0.10670896340161562,0.16244064892331758,0.1350297356645266,0.39728456859787303,0.12740426883101463,0.14115275939305624,-0.11563566032176216,0.2464095652103424,0.22269321760783592,0.1914061556259791,0.027995650035639603,-0.04047659586649388,-0.009940795600414276,0.2551443896566828,-0.10761282251526912
SRS1390118,1,0.39073900505900383,0.522243739416202,0.567454439898332,0.159864646072189,-0.07450544151167075,0.589903648942709,0.5853650661495825,0.13506359979510307,0.5728052562723557,0.7820818486313025,0.7507977077427009,0.46659455572565395,-0.11107967731853326,0.8018551965554556,0.08926116364697616,0.6501261796802282,0.7311598708232244,0.6485362586875757,0.1491316968264679,0.4912111461162567,0.44356171662608784,0.8961060829460621,-0.07923181898271044,0.7744365744292736,0.08673382985095184,0.5170632327596346,0.2559510540838043,0.08079968796422084,0.26091995975002646,0.6577147773156563,0.6665940107777715,0.2771133240312338,0.17140676577885947,-0.028541315346956253,0.09928636128703754,0.026047854994734127,0.024886440485715866,0.35908139993747074,-0.03802087592581908,-0.0621726925795277,-0.09347520271937053,0.101560993740956,-0.1594627151886622,-0.12326261463264625,-0.048040992890795074,-0.0707154640307029,0.23199694603681564,0.266420125340422,-0.061374858021736145,-0.02905010183652242,-0.014732522269090017,-0.11934442011018594,0.02773798943962902,0.013880803249776363,0.012394696474075317,-0.05672947131097317,0.022921405732631683,0.06327018079658349,0.006709550817807515,-0.05573152626554171,-0.14392628210286298,-0.048552904898921646,-0.06576769380869034,-0.12549875366191068
SRS1390119,1,0.3412765959898631,0.09177388157695532,0.3616970383251707,-0.10966851158688466,-0.12251182707647483,0.4087900146842003,0.3491750977312525,-0.1307318788021803,0.07179257925599813,0.19882828649133444,0.3278368239601453,-0.005851538230975469,-0.11374214105308056,0.30601549226169783,-0.09039036743342876,0.41016070048014325,0.05862433463335037,-0.13999268412590027,-0.1486818790435791,0.16001638708015284,-0.010487814278652271,0.2070660156508287,-0.07963704007367294,0.25000291007260483,-0.07523856312036514,0.001599409927924474,-0.030347893635431927,-0.0886299458021919,0.06961564828331272,-0.07687575928866863,0.42426039460891235,0.27622614420639974,0.194493534664313,0.0093291358401378,0.2783798227707545,0.3482619704057773,0.3724435493350029,0.8016394513348738,0.6166386703650156,0.7928933161698902,0.3079368124405543,0.7297795775036017,0.37639174129193026,0.9724973201130828,0.5577073891957601,0.3008855738832305,0.5502900034189224,0.9266614448279142,0.1120915450155735,0.4984410585214694,0.4247380631665389,0.9535717194279035,0.8648887205248078,0.6755105207363764,0.4337276127189398,0.3398510441184044,0.8082389682531357,0.6511821882547034,0.5943363780776659,0.3944423149029414,0.5156529893477758,0.8736262731254101,1.1345062243441741,0.1973645593971014
SRS1390121,1,0.5321358845879635,0.5027943719178438,0.6255971565842628,0.08252933248877525,-0.016778650383154552,0.6059504201014837,0.727556457122167,0.09672479704022408,0.4213752845923106,0.7244835173090299,0.8233096531281868,0.4588788648446401,0.08340153315414985,1.0341798687974613,0.059181436275442444,0.6523103142778078,0.7304052648444971,0.39381202838073176,0.10469972318969667,0.5604954985125611,0.5310571120741466,0.9292156981925169,-0.05917320027947426,0.8424908816814423,0.02537041778365771,0.058489798568189144,0.1981527751001219,0.06981732447942098,0.2854744140058756,0.48835958026271936,0.44299670145846903,0.18467124179005623,0.046741692970196404,-0.023750194658835728,0.1084540778150161,-0.08111096546053886,0.0006547880669434866,0.26962452195584774,0.0019471667086084683,-0.0904809000591437,-0.06483397384484609,0.0696469098329544,-0.16626406709353128,-0.14091189547131458,-0.13631683960556984,-0.11286725973089536,0.04864107506970564,0.201772910853227,-0.0571075106660525,-0.05850490306814512,0.007309240599473317,-0.13398616077999273,0.12612041955192885,-0.055114849897411965,0.03922879695892334,-0.12035062691817681,0.08358738571405411,0.053709838539361954,-0.054560475051403046,-0.12351941193143527,-0.1596010501186053,-0.0974023723974824,-0.03074282594025135,-0.12087420746684074
SRS1390124,1,-0.08577176975086331,-0.06580017817517121,-0.06683538978298505,-0.09014280575017135,-0.1291371944049994,0.11410507808128993,0.07414981039861838,-0.12170776724815369,-0.10602014015118282,-0.06667605453791718,0.09077328505615394,-0.13719896351297697,-0.12482072164614995,0.08261910950144132,-0.11864375323057175,0.17216994489232698,-0.027761380188167095,-0.09000489860773087,-0.13412057980895042,-0.049544249971707664,-0.042401674979676805,-0.0836962095151345,-0.12596666005750498,0.1363546016315619,-0.14385694389541945,0.007180318236351013,-0.04495976803203424,-0.09042136588444312,-0.01505853608250618,-0.04706067405641079,0.45875357060382765,0.15554953863223395,0.12175906697909038,-0.014229708972076574,0.1774749979376793,0.26151136060555774,0.3528141404191653,0.5804585851728916,0.2547570963700612,0.5214096563868225,0.0872767351878186,0.40051837638020515,0.36231330782175064,0.7446983009576797,0.3573441542685032,0.1421971172094345,0.31638655881397426,0.798120046655337,-0.030100116816659767,0.25867686917384464,0.18319021724164486,0.5303561203181744,0.6509664778908094,0.31529369453589123,0.22798973073561987,0.04653371994694074,0.45920915513609845,0.39855509003003436,0.28705936670303345,0.27590080971519154,0.1704994817264378,0.39843416027724743,0.44957954064011574,0.22689268357741335
SRS1390130,1,0.09394271330287059,-0.0803806025845309,0.06532655035456021,-0.07766466370473306,-0.12725800337890783,0.3067860429485639,0.15967477516581616,-0.12375215565164883,-0.09535125891367595,-0.029483792061607044,0.01873606691757838,-0.11883217034240563,-0.11167672711114089,0.14542738099892935,-0.11975068288544814,0.23714652843773365,-0.007401205579905461,0.07482683534423511,-0.1374790519475937,0.07782226366301377,-0.016364943701773882,-0.014004311834772428,-0.03888900298625231,0.16776751975218454,-0.13654208338509002,0.13240113171438375,-0.04828363160292307,-0.07714995027830203,0.02067735294500987,0.05513964453712106,0.4128439078728358,0.16943494540949663,0.17685532849282026,-0.07057982062300046,0.25081025809049606,0.3034489285200834,0.31921485055742477,0.6769998104621967,0.16802148769299188,0.4492182545363903,-0.04962773869434992,0.25441117646793526,0.20479308813810349,0.6066277126471201,0.24700386449694633,0.17871678954300782,0.3026684174935023,0.7583158475657304,-0.058081610749165215,0.29999741663535434,0.24586893695717058,0.5789687869449457,0.7287905812263489,0.3517827894538641,0.2925074662392338,0.009650851289431253,0.32843220978975296,0.41072700669368106,0.35408465440074605,0.2711645656575759,0.2623470136895776,0.3024384453892708,0.3624041322618723,0.2554756309837103
SRS1390132,1,0.430233604585131,0.31923967351516086,0.502755037198464,-0.07668597809970379,-0.11316858573506276,0.49306733533740044,0.5147307567919294,-0.10653518326580524,0.2123583729068438,0.4298539798085888,0.633221760392189,0.12075936794281006,-0.1476005216439565,0.5989868119359016,-0.041984679798285164,0.4901289738093813,0.2403224604204297,0.11601772081727783,-0.08732730771104495,0.36490128686030704,0.17222687136381865,0.5452485245962938,-0.12540347035974264,0.4299644486357768,0.019671667832881212,0.0279415821035703,0.015267807990312576,-0.054138442811866604,0.15868516825139523,0.12262107525020838,0.47500984867413837,0.24655255675315857,0.1350872696687778,-0.04176179381708304,0.18381377418215075,0.1230885498225689,0.17022560723125935,0.6718576749165853,0.20273090774814287,0.16931597019235292,0.03243191043535868,0.36233851065238315,-0.09389616921544075,0.28220429085195065,0.1273298834760984,-0.043712698544065155,0.2891572567944725,0.4393254555761814,-0.014668478708093366,0.11927075559894244,0.12790414473662773,0.11087143172820409,0.4499577147265275,0.31484147037069005,0.18829678061107794,-0.04110264095167319,0.30249231106912094,0.13366040711601576,0.13101420427362123,0.05483270933230718,0.01954287135352691,0.08313250976304214,0.22883181646466255,-0.06437647653122743
SRS1390133,0,0.5847649537026882,0.583449004838864,0.6504433117806911,0.07967832187811534,-0.0254153764496247,0.6961407226820787,0.8116637965043386,0.15585755184292793,0.5419649941225847,0.7091485808293024,0.8179847138623396,0.4476313628256321,0.008313450962305069,1.0127688460052013,0.0809751480507354,0.81977878510952,0.7630661601821581,0.4282215501492222,0.0913567830187579,0.5187604700525602,0.46305427451928455,0.9757461796204249,-0.08592262553671996,0.9113562405109406,0.042682904129227005,0.06438194587826729,0.22011110186576843,0.06309596697489421,0.32754672318696976,0.545770718017593,0.44624849781394005,0.18929167867948613,0.100005685351789,-0.004198809270747006,0.08872400193164746,-0.06691177189350128,0.04363710340112448,0.2276605119307836,0.02722729618350665,-0.0864183126638333,-0.061942865451176964,0.0728032427529494,-0.16502230862776437,-0.11953448535253604,-0.1307711744060119,-0.11002579874669512,0.07935007568448782,0.18595583364367485,-0.059798953433831535,-0.08886713534593582,-0.022866468876600266,-0.14681818957130113,0.0464143380522728,-0.05531958552698294,0.013881789520382881,-0.08929331103960673,0.041653777162233986,0.06038785104950269,-0.04566037282347679,-0.11250920097033183,-0.15812450150648752,-0.09048752152981858,-0.05900083606441816,-0.11865280941128731
SRS1390134,1,-0.07629542611539364,0.05619065463542938,-0.0236199547847112,-0.06327108790477116,-0.05316867803533872,0.1395561806857586,0.17781424770752588,0.06532345805317163,-0.0018527191132307053,0.2037878055125475,0.19457154721021652,0.18950778618454933,0.0188682588438193,0.3363677952438593,-0.03648234282930692,0.31996735371649265,0.3618108093505725,0.37294050430258113,0.01815176165352265,0.14198412373661995,0.2302419344584147,0.2631422355771065,-0.03852746201058229,0.37246719375252724,-0.10199435303608577,0.08571211031327645,0.2281056046485901,-0.09442813197771709,-0.037447462479273476,0.22899609447146455,0.39738887424270314,0.24757317950328192,0.05004644287206853,-0.007158314188321431,0.2909898820022742,0.13565372924009958,0.34999938619633514,0.4461123912284772,0.18670634863277277,0.3473600496848424,-0.1072955032189687,0.16276881595452627,0.1659796138604482,0.2982354337970416,0.15429792754972974,0.32358072356631357,0.13613281585276127,0.8298238596568505,-0.10770427683989207,0.2894189270834128,0.04736733312408129,0.49677320135136444,0.6825758218765259,0.24027916428167373,0.23560766130685806,-0.07871544236938159,0.32630081350604695,0.45944064607222873,0.382872832318147,0.43638708132008713,0.3477577318747838,0.32490622997283936,0.3076823412751158,0.22414153379698595
SRS1390136,1,0.27849698998034,0.10526765262087186,0.34236392316718894,-0.12012602761387825,-0.1418206418553988,0.3310424064596494,0.29539224443336326,-0.12320511788129807,0.0029188782597581544,0.2210795870050788,0.3786168694496155,0.0321285513540109,-0.14048651854197183,0.47342675427595776,-0.081992132589221,0.44037997210398316,0.11248348994801442,0.02409527823328972,-0.09726612580319245,0.2851989498982827,0.09819945693016052,0.3086964165170987,-0.09466802670309941,0.3806184735149145,-0.06221067967514197,-0.002801621953646342,-0.07957940424482028,-0.1140132478903979,0.1175470114685595,0.05699516522387663,0.3431116926173369,0.19138045174380144,0.09786812712748845,-0.032819949090480804,0.20239893843730292,0.21645481884479523,0.1507274368777871,0.6409672312438488,0.31176014244556427,0.3334122250477473,-0.045231811702251434,0.3306828588247299,0.05335745153327783,0.4558565079544981,0.3285752298931281,0.03167935957511266,0.21839529648423195,0.5168175660073757,-0.051660213619470596,0.24573848520716032,0.19367924332618713,0.30528416236241657,0.5070446295042833,0.36653909149269265,0.255765945961078,0.00738170991341273,0.2937459071787695,0.3508957289159298,0.2734030398229758,0.14238051573435465,0.07125011055419843,0.04975474222252766,0.21539167687296867,-0.060818687391777836
SRS1390138,1,-0.09777862764894962,0.001245467613140742,-0.0964647273843487,-0.12008949307103951,-0.14071008811394373,-0.07362386832634608,0.053664555773139,-0.1214268715120852,-0.022720631832877796,0.04973621852695942,0.08432761797060569,0.03282813293238481,-0.13442218552033106,0.06996111727009217,-0.1374992417792479,0.11835432176788648,-0.004304492846131325,0.1832740195095539,-0.04422629997134209,0.035780188937981926,0.05044372845441103,0.18770196459566554,-0.09602432729055484,0.22004031071749827,-0.04127667580420772,0.019487810010711353,0.0800962249437968,-0.04481062293052673,-0.037051716819405556,0.1185611371571819,0.33050547416011494,0.3059049093474944,-0.018996119499206543,-0.013562896599372229,0.201058612515529,0.08125703533490498,0.08626587688922882,0.575662943844994,0.045746508364876114,0.052917417138814926,-0.020529118676980335,0.07521673416097958,0.017748605459928513,0.1980301241079966,0.012161786357561747,0.1286254394799471,0.14200495493908724,0.6259263517955939,-0.01272114273160696,0.16063234582543373,0.15893595665693283,0.26489238751431304,0.6141024765868982,0.2318392942349116,0.14984575534860292,-0.0885052471421659,0.2455005074540774,0.28218184411525726,0.07303567603230476,0.1132222581654787,-0.0722938518350323,0.024216711210707825,0.3367316899821162,-0.059283782728016376
SRS1390650,0,0.46978999736408394,0.47003212943673134,0.5696604422604045,0.05057409778237343,-0.034131297220786415,0.6588988701502482,0.7382659191886584,0.13525056342283884,0.4877316715816657,0.7275986798728505,0.8376056564350923,0.4645274442931016,0.10053078217121462,1.0620873126511772,0.055356958881020546,0.8027256870021423,0.7541005114714304,0.5676582602706427,0.10257191257551312,0.5750754810869694,0.48267346317879856,0.9421971847768873,-0.06485218492647012,0.8614754130442938,0.04613186170657476,0.0976471807807684,0.2309758240977923,0.01660442166030407,0.27482168811062974,0.49190051201730967,0.4697520633538564,0.2562766056507826,0.18040403351187706,-0.007225640118122101,0.13244823180139065,-0.0781365397075812,0.021949063753709197,0.34844356154402095,0.01443597674369812,-0.05731999377409617,-0.06222944396237532,0.12078697979450226,-0.16202207654714584,-0.15118286510308585,-0.14281725386778513,-0.12018376154204209,0.05553603358566761,0.2138684435437123,-0.07027177947262923,-0.06876774877309799,-0.029307759056488674,-0.12220002834995587,0.08678354695439339,-0.0935643669217825,0.03337354212999344,-0.08784661504129569,0.0934947244822979,0.026512521008650463,-0.046070332949360214,-0.09604325595622261,-0.13475329180558523,-0.0920027041186889,-0.042602891102433205,-0.1207493922362725
SRS1390655,0,0.5766361107428869,0.5014288785556952,0.7172787922124068,0.13189579950024685,0.1081361915760984,0.5415440996487936,0.808222107278804,0.2091958603511254,0.3267407411088546,0.617044801513354,0.8333014277741313,0.40807869533697766,0.14745187371348342,1.011161806061864,0.14931798726320267,0.5179022786517938,0.7040679280956587,0.19205248480041823,0.12194775603711605,0.4632713298002879,0.4562984235429515,0.8190030314581236,-0.07222775245706241,0.8329750423630079,0.0031327021618684134,-0.04319642732540766,0.22549640263120332,0.12357826810330153,0.2878330461680889,0.3285093546534578,0.4050793970624606,0.16418337371821204,-0.017675512470304966,0.021178118884563446,0.09502846685548623,-0.10148897518714269,0.004930055874865502,0.17216244464119276,0.119755568758895,-0.05912023348112901,-0.06265588942915201,0.10884126275777817,-0.15285646046201387,-0.07767791921893756,-0.06509040047725041,-0.12652525678277016,0.060183210376029216,0.19403135031461716,-0.060979931304852165,-0.08978317677974701,-0.018673447659239173,-0.1348071905473868,0.07304857578128576,0.09592683644344409,-0.019288968294858932,-0.11101176962256432,0.04564095133294662,0.009289275854825974,-0.04409506047765414,-0.11356365432341893,-0.1518693963686625,-0.07242159297068913,-0.0025774389505386353,-0.1191660954306523
SRS1390657,0,0.20209267611304918,0.2645140793174505,0.2885184877862533,-0.09552470284203689,-0.11992994447549184,0.33980900049209595,0.33988146235545474,-0.10477900505065918,0.23268671318267783,0.38480904667327803,0.45372828903297585,0.13916096091270447,-0.14192034925023714,0.3936646543443203,-0.11524043418467045,0.34979243328173953,0.31689066098382074,0.25009799872835475,-0.06509927536050479,0.22362778956691423,0.2302283359070619,0.479236035918196,-0.08136665417502324,0.4182173255442952,-0.03717264346778393,0.1198332542553544,0.003130624070763588,-0.04624665776888529,0.15591250856717428,0.27418844602652825,0.5016530333086848,0.2576049938797951,0.07511916694541772,0.008114580065011978,0.1770976185798645,0.023535943900545437,0.016817475979526837,0.47712578624486923,0.0653589479625225,0.04319226865967115,-0.08852928876876831,0.15353454959889254,-0.1467322719593843,0.05376447488864263,0.0039201088560124235,-0.05944951126972834,0.16961844513813654,0.3326617789765199,-0.023695535957813263,0.028963924075166386,0.12005919769095878,-0.02964422106742859,0.3054779941836993,0.16897884321709475,0.13618415221571922,-0.11566043520967166,0.10768759623169899,0.12317190133035183,0.05012168921530247,-0.04138875023151437,-0.12132448330521584,-0.05244930647313595,0.0959022647390763,-0.14161582912007967
SRS1390659,0,0.45809268951416016,0.487500765050451,0.5587891217631599,0.055849913507699966,-0.020526693512996037,0.5715634475151697,0.6811859098573526,0.07958136436839898,0.4649055649836858,0.6607929598540068,0.835953326895833,0.38855324996014434,0.09823686629533768,0.9810672627451519,0.0679078505684932,0.6269871120651563,0.7648999194304148,0.5357226183017095,0.12158139857153098,0.5270042919243375,0.5098799752692381,0.9303892096504569,-0.04379366338253021,0.854572631418705,0.045461731807639204,0.13731582214434943,0.19686226919293404,0.009938788910706839,0.23837718181312084,0.5130753482226282,0.4377610596517722,0.1953794056122812,0.11227250223358472,-0.003314157947897911,0.14309906711181006,-0.07879064201066892,-0.03991476694742838,0.25982620877524215,-0.039141881900529064,-0.07454131791989009,-0.081765482823054,0.028057243674993515,-0.15761990596850714,-0.13093006114164987,-0.1359718032181263,-0.13202526792883873,0.04971792300542196,0.1747913925598065,-0.09713239719470342,-0.08731686944762866,-0.05290301574859768,-0.14154987347622713,-0.006136252855261167,-0.09703724551945925,-0.022922682110220194,-0.0919078712662061,0.010896049439907074,0.09747832361608744,-0.07663169053072731,-0.09736368308464687,-0.1548513025045395,-0.09591611288487911,-0.1173513491327564,-0.11837542429566383
SRS1390660,0,0.5287194270640612,0.6466612586130699,0.8113231606160601,0.23604082564512888,0.036815354988599815,0.8118669213727117,0.8216645129044385,0.24519802257418633,0.7455812096595764,0.9405649155378342,0.9935700688511133,0.5877087886134783,0.16712654381990433,1.2303049477438133,0.305053682376941,0.82913663610816,1.0162697633107503,0.8073520877708992,0.3170786363383134,0.6671305863807598,0.7178699274857839,1.1479053230335314,-0.00032168223212162655,1.1570936342080433,0.07157694424192111,0.3432568833231926,0.3669122372133036,0.1274731190254291,0.39019276201725006,0.7556855219105879,0.5054373467961947,0.17541487825413546,0.1466063012679418,-0.01362704997882247,0.07197596008578937,-0.09029410034418106,-0.0031448441247145333,0.23425220884382725,-0.07840447003642718,-0.08206037245690823,-0.0853328046699365,0.025373223858575027,-0.1435444305340449,-0.14865057791272798,-0.13468316197395325,-0.09188355101893346,0.093953142563502,0.10064629232510924,-0.1081612747317801,-0.10503709129989147,-0.05355483448753754,-0.12104454046736161,-0.0677097865457957,-0.11381587603439887,-0.07908335700631142,-0.06477878460039695,0.028839840243260067,0.1177190790573756,-0.07227833724270265,-0.043388074884812035,-0.13559418295820555,-0.08579701806108157,-0.10061104502528906,-0.10782124971350034
SRS1390663,0,0.4343477711081505,0.37179963414867717,0.5679279376442233,0.015290014445781708,0.01043790578842163,0.3853789207835992,0.6094611655377472,0.1071276105940342,0.16886452957987785,0.47454310953617096,0.7242317013442516,0.31546919140964746,0.08208457690974076,0.8181872113297383,0.059192340821027756,0.4121519650022189,0.48594824473063153,0.14378766963879266,0.08189408294856548,0.390190905580918,0.30368562539418537,0.7387708549698194,-0.10980141822559138,0.6699113479504982,-0.00822383351624012,-0.025324590504169464,0.16937727170685926,0.09004938850800197,0.2062347079239165,0.16051728278398514,0.391333448390166,0.17989852776130041,-0.032914817333221436,0.009160871307055155,0.10946764381757627,-0.05323493806645274,0.055987851694226265,0.2334512695670128,0.1320899265507857,-0.04576001099000374,-0.09905184681216876,0.14170282085736594,-0.1372656294455131,-0.018014440933863323,-0.026786481340726215,-0.10272177743415038,0.08913261815905571,0.33014189451932907,-0.06178927359481653,-0.0554677980641524,0.029489760131885607,-0.0874707152446111,0.1668547218044599,0.0906954687088728,0.008099799354871115,-0.10017071664333344,0.06114125748475393,0.0772025470311443,0.018528019388516743,-0.08309157968809207,-0.14663662761449814,-0.03069574510057767,0.045121813813845314,-0.11494434252381325
SRS1390664,0,0.4583993156750997,0.44749149183432263,0.6744251971443495,0.006226193159818649,-0.01822378858923912,0.40048371255397797,0.6212750496342778,0.2597793365518252,0.2743086914221446,0.49183077613512677,0.7074403030176958,0.32865739489595097,0.1286131525024151,0.8856250693400701,0.27270245800415677,0.5167165125409762,0.538916497801741,0.19425949454307556,0.08664616197347641,0.4385894698401292,0.2247182773426175,0.7034656824544072,-0.1245171253879865,0.6923013602693876,0.02557307543853919,0.08585305760304134,0.2739787887937079,0.15967011358588934,0.2878756672143936,0.18700513367851576,0.42243064458792406,0.23797710860768953,0.06036680440107981,0.01134540264805158,0.10433174421389897,-0.02754608045021693,0.08610927872359753,0.16715837890903154,0.11921268080671628,-0.08955424465239048,-0.07609399532278378,0.08749589510262012,-0.1418729623158773,-0.12136796986063321,-0.009562795360883078,-0.11658682736257713,0.0976712591946125,0.24982718378305435,-0.0038596404095490775,-0.0976010834177335,-0.03437981413056453,-0.1570622126261393,-0.032739266132315,0.22294196921090284,0.035424607495466866,-0.062233744810024895,-0.0054150111973285675,-0.03302569190661112,-0.036701475425312914,0.013903840134541193,-0.09857567632570863,-0.036330655217170715,0.024477818980813026,-0.10085487427810828
SRS1390665,0,0.5074945899347464,0.17747200497736534,0.5241173524409533,-0.07898136942336957,-0.109808216492335,0.5465718836834034,0.5804527030947307,-0.1261004495124022,0.2247963882982731,0.2964738942682743,0.44302915036678314,0.07008426388104756,-0.13096179688970247,0.4674017559736967,-0.04469861090183258,0.4352263795832793,0.21577017133434614,0.04094806592911482,-0.12418052119513352,0.3892334246387084,0.10527639975771308,0.41672933536271256,-0.046646754102160536,0.39433855066696805,-0.04827382322400808,0.07486309359471004,-0.09714518984158833,-0.043729226725796856,0.1002260148525238,0.034677353066702686,0.452921782930692,0.21231262758374214,0.20978975109755993,-0.024045448750257492,0.19640634457270303,0.2115899145913621,0.1376744955778122,0.7373216859996319,0.27556295060397434,0.44090115775664646,0.06061536570390066,0.45153983247776824,-0.029433603088061016,0.5663738997342685,0.2828230907519658,0.014598735763380924,0.3833024837076664,0.42022326091925305,0.013803093073268732,0.14115196590622267,0.19004229099179307,0.33361420097450417,0.45996062457561493,0.36015510745346546,0.24364647269248962,0.1160849966108799,0.44005648978054523,0.29108645518620807,0.171798807879289,0.04878532017270724,0.09328831018259127,0.22534354962408543,0.35635027413566905,-0.04590285383164883
SRS1390667,1,0.289176760862271,0.5253215374735495,0.3621960021555424,0.1289974537988504,0.053556427359580994,0.4720178358256817,0.5595523746063312,0.244691780457894,0.480939914782842,0.7759828067695101,0.8628941894664118,0.5003819540143013,0.24389741942286491,1.092684630304575,0.0898965448141098,0.6670772656798363,0.7853796457250913,0.5583416658143202,0.23157333334287009,0.4882769590864579,0.5694490720828375,0.9714743557075659,0.03453399489323298,0.9091230680545171,0.0017481135825316112,0.1944859977811575,0.3322393788645665,0.11066439592589934,0.23488040765126547,0.5108086969703436,0.5613028643031915,0.20638371321062246,0.13886230004330477,0.025955457240343094,0.07457246383031209,-0.08908310160040855,-0.02058685819307963,0.25017243313292664,-0.026851988087097805,-0.07741327707966168,-0.11106689522663753,0.06345073133707047,-0.15684172262748083,-0.1588961457212766,-0.1353487310310205,-0.12657399599750838,0.03017289098352194,0.14205783108870187,-0.1184827983379364,-0.10542180637518565,-0.06846621694664161,-0.14422215707600117,0.025671978170673054,-0.10502504371106625,-0.07420956715941429,-0.10486068824927013,0.03845295558373133,0.030350183447202046,-0.1179183100660642,-0.10723854973912239,-0.15119072794914246,-0.10072849442561467,-0.08520480493704478,-0.1222451018790404
SRS1390668,0,0.2959414602567752,0.46758513897657394,0.4930455864717563,0.016701587786277134,-0.07251411319399874,0.47280678153038025,0.503004427999258,0.03570449476440748,0.3244290164827059,0.5768436516324679,0.7299640463121856,0.3653586084644,-0.0506208793570598,0.8100465337435404,0.03323619316021601,0.597009677439928,0.5261762974162897,0.3883440997451544,0.11308418897291024,0.45065167049566907,0.3264000527560711,0.7789803786824147,-0.08805111671487491,0.7080589073399702,0.0064021578679482145,0.12970618158578873,0.17607310165961584,0.038157433892289795,0.2166379683961471,0.39684022807826597,0.5037503474547217,0.21242909894014397,0.08728017968436082,-0.03859651585419973,0.08909473195672035,-0.020602046667287748,0.04517682362347841,0.3884129785001278,0.015453339864810308,-0.05374022449056307,-0.11403072470178206,0.1757449097931385,-0.16182726869980493,-0.05438981158658862,-0.10736310489786167,-0.1165858122209708,0.16603952708343664,0.291405754784743,-0.10188708454370499,-0.05069014678398768,-0.016698922961950302,-0.10129190608859062,0.0532882617165645,-0.01776558564354976,0.008743812640508017,-0.0881840077539285,0.09067023980120818,0.04250469927986463,-0.05319405719637871,-0.09614239136377971,-0.1552838496863842,-0.09091551454427342,-0.06758598114053409,-0.1262496616691351
SRS1390669,0,0.3620122770468394,0.5580526255071163,0.37632943503558636,0.2926003548006217,0.14712149649858475,0.44086589477956295,0.6678657730420431,0.2551342708369096,0.4126418357094129,0.7150855275491873,0.8478881443540255,0.4391712124149005,0.34764472022652626,1.1206071687241395,0.10452954859162371,0.6237874254584312,0.8313559889793396,0.5008322273691496,0.2763463466738661,0.39514438062906265,0.6290521596868833,1.0185104434688885,0.049494060377279915,0.8791756878296534,0.08415576939781506,0.1373562403023243,0.3217200180515647,0.16899944034715494,0.27696224798758823,0.5300707221031189,0.3921412566366295,0.22281976540883383,0.03449609906723102,0.08028392245372136,0.05980725958943367,-0.0835194153090318,-0.017193479967924457,0.17324218340218067,-0.008171210686365763,-0.11916841488346108,-0.08348473533987999,0.00867702066898346,-0.1494961678981781,-0.154867272824049,-0.12710652314126492,-0.11569141099850337,-0.021306265145540237,0.10614986593524615,-0.09925456251949072,-0.11007069672147433,-0.0492029013063681,-0.1422303964694341,0.018101356302698452,-0.10692434882124265,-0.029043496896823246,-0.1267638187855482,0.012013917167981466,0.03083241730928421,-0.08753304214527209,-0.1256395075470209,-0.14253896102309227,-0.08277756720781326,-0.09582872223109007,-0.12146934494376183
SRS1390671,0,0.4028916421035926,0.2806422524154186,0.4808932937060793,0.024595150413612526,0.02510058010617892,0.3574508453408877,0.5505951698869467,0.06602291793872912,0.060920322934786476,0.318587231139342,0.6932388407488664,0.19782464454571405,0.09054342098534107,0.7452175651366512,-0.04688717580089966,0.3085019035303655,0.42159077649315196,0.02623912940422694,0.010920541360974312,0.2963616919393341,0.29434460525711376,0.5710329500337442,-0.10130782968675096,0.5719167028243343,-0.015221177910765013,-0.1089248297115167,0.0620539792192479,0.040839068591594696,0.15185385569930077,0.12739125980685154,0.37228158116340637,0.18216339157273373,-0.05234813317656517,0.03529769058028857,0.1760490688805779,-0.08337656160195668,0.03440591630836328,0.27729482188199955,0.1905945179363092,0.004330323077738285,-0.04102358967065811,0.20435196657975516,-0.12603022903203964,0.05990065882603327,-0.03723000983397166,-0.06353996942440669,0.08003704870740573,0.31876134499907494,-0.028611095001300175,-0.03634177396694819,0.050330495461821556,-0.07392272787789504,0.2632088214159012,0.13174921150008836,0.07092599819103877,-0.11514324764721096,0.13924084417521954,0.02498946711421013,0.0854383793969949,-0.06517493835417554,-0.15528320893645287,-0.008742143089572588,0.14809474255889654,-0.1105453862498204
SRS1390672,1,-0.09913749992847443,0.03974181848267714,-0.04953887934486071,-0.08705992003281911,-0.12711202166974545,0.1664755642414093,0.2118540940185388,0.04587354200581709,0.046252316096797585,0.13778197268644968,0.21040713600814342,0.1657516285777092,-0.03150965521732966,0.39971782360225916,-0.08835676778107882,0.44508135815461475,0.2653142651543021,0.35919893874476355,-0.052457322676976524,0.13109142209092775,0.1702928418914477,0.23436152438322702,-0.07655297487508506,0.3276335621873538,-0.10222171060740948,0.0376841239631176,0.223817627876997,-0.1070586380859216,0.006705110892653465,0.2332349910090367,0.47437482808406156,0.30100462834040326,0.14357885097463927,0.06896681090195973,0.27236296857396763,0.03010379367818435,0.42143223620951176,0.4560348577797413,0.13363744970411062,0.22197794169187546,-0.11759946246941884,0.19468073671062788,0.09641462564468384,0.23642960439125696,0.04450438171625137,0.28365091420710087,0.12779998096326986,0.6780869966993729,-0.08418901326755683,0.24034331987301508,-0.005808958162864049,0.4640739659468333,0.600290613869826,0.1513434642304977,0.24956178913513818,-0.07798158253232639,0.28838416530440253,0.4344686906163891,0.26082720669607323,0.26850972697138786,0.2512637374456972,0.2523001581430435,0.37624879522869986,0.20159555599093437
SRS1390674,0,0.17694292465845743,0.08185031389196713,0.23771835677325726,-0.005755657330155373,0.0006539834042390188,0.23011428117752075,0.3359719190824156,0.11146087075273196,0.010514119019110998,0.2935717428723971,0.46858153492212296,0.22931489938249192,0.06642876813809077,0.5551086428264776,-0.06833306917299826,0.17801997065544128,0.3523276795943578,0.12509927495072284,0.10286944545805454,0.21370257095744213,0.3274006921177109,0.5745276678353548,-0.015563379973173141,0.43484740843996406,-0.026861386373639107,-0.025574900209903717,0.16087186088164648,0.09358962501088779,0.031980066715429224,0.16928189372022948,0.3797672589619954,0.26541273140658933,-0.022928362091382343,0.05596111839016279,0.19710679348402968,-0.10470088198781013,-0.031176088998715084,0.25383417929212254,0.07557022490072995,-0.0838370534280936,-0.10064779035747051,0.12820887876053652,-0.09947698811690013,-0.0003555690248807271,-0.09412077907472849,-0.06853122574587663,0.08871131669729948,0.39619816467165947,-0.0479542234291633,-0.010396860539913177,0.05493370940287908,0.015563922623793284,0.24190457661946616,0.04641878635933002,0.005172006785869598,-0.11740813159849495,0.09523955445426206,0.012779079377651215,-0.0600568779433767,-0.11746254004538059,-0.1659757743279139,-0.00486165223022302,0.18233754485845566,-0.11223337054252625
SRS1390675,0,0.28870864716009237,0.20100634482999644,0.3029482153554757,-0.081775836336116,-0.12182105829318364,0.3506393302232027,0.4140341381231944,-0.08563319096962611,0.1131482720375061,0.3476565536111593,0.4389324200650056,0.10796594123045604,-0.1346251585831245,0.5137212003270785,-0.12328610010445118,0.30764763926466304,0.23776527990897497,0.24636356656750044,-0.07306540602197249,0.29698673263192177,0.2405547226468722,0.5421870375672976,-0.09095757043299575,0.47192441827307147,-0.05910547853757938,0.02371860792239507,0.009631114701430002,-0.051725816602508225,0.08322534089287122,0.19928496517241,0.43797300818065804,0.1956836492754519,0.05774279994269212,0.018672260145346325,0.18950637429952621,0.0019852062687277794,0.006182680527369182,0.47508350294083357,0.03889339448263248,0.004956621987124284,-0.08693674703439076,0.10549081799884637,-0.1420273178567489,-0.003515368327498436,-0.04498952813446522,-0.09730543149635196,0.19888520302871862,0.308676864951849,-0.0646064281463623,0.005285786464810371,0.0725478067373236,-0.029941498301923275,0.2545522867391507,0.09014242080350716,0.09447116497904062,-0.12298582820221782,0.09108240778247516,0.11301641290386517,-0.0007927622646093369,-0.05385130333403746,-0.13810655598839125,-0.07521016678462426,0.04686766738692919,-0.1414762499431769
SRS1390676,0,0.6011393380661806,0.607255767720441,0.7225583915909132,0.09679736507435639,0.09123135342573126,0.739499767155697,0.8976172730326653,0.25594084709882736,0.5248634529610475,0.8085651062428951,0.9177701428222159,0.5653793488939604,0.19409586861729622,1.1813174715886514,0.1749346802632014,0.7574528145293394,0.9152603323260943,0.47265275195240974,0.1762804271032413,0.6077791067461172,0.5960422679781914,1.009520158288069,0.0008262606958548228,1.0424739370743434,-0.00030135735869407654,0.09768498192230861,0.26897808847328025,0.08562477305531502,0.33010731839264434,0.4985992896060149,0.41749902876714867,0.20329066862662634,0.028350322196880978,0.011359139035145441,0.07234723214060068,-0.10228460033734639,0.01479577086865902,0.19841000127295652,0.023514154988030594,-0.10482530792554219,-0.05518467724323273,0.05689786374568939,-0.16383846600850424,-0.15764687955379486,-0.13567383711536726,-0.12050227060293157,0.0049417441089948016,0.1267315832277139,-0.0917612921136121,-0.10686302433411281,-0.03635377623140812,-0.13972369860857725,0.01937004861732324,-0.07569062151014805,-0.013246532529592514,-0.10561942805846532,0.0591556578874588,0.023734814176956814,-0.051640582600763686,-0.10652594702939193,-0.15788168087601662,-0.09621155386169751,-0.08839060614506404,-0.12992074837287268
SRS1390678,1,0.21270234696567059,0.19816542665163675,0.27382717033227283,-0.0902901894102494,-0.11131396206716697,0.2764994005362193,0.31324069725815207,-0.11536830291152,0.05391185501745591,0.28188213768104714,0.4484227168917035,0.08584055801232655,-0.12446541773776214,0.47237409744411707,-0.08966363565802264,0.3549933272103469,0.14852651171774292,0.18793333725382885,-0.024937409907579422,0.2790637786189715,0.1414854663113753,0.4553392355640729,-0.09757792841022213,0.48343997697035473,-0.04221685083272556,-0.014228840465269363,0.041054679080843925,-0.02266222727485001,0.04432955260078112,0.19905367121100426,0.4187735522476335,0.19956220717479786,0.05746805233259996,-0.022224581489960354,0.13252385954062143,0.0014621727168560028,0.06308565350870292,0.5030986388834814,0.06377795090277989,0.017703922155002754,-0.07229509390890598,0.18800454928229252,-0.13700387751062712,0.04440355704476436,-0.054482879427572094,-0.0935665937140584,0.1435851063579321,0.3794007593144973,-0.0784776887545983,0.030452550078431766,0.08271301165223122,0.039327296117941536,0.28719977910319966,0.08252005372196436,0.13200126557300487,-0.10727607955535252,0.17712276863555113,0.11893170823653539,0.0074302709350983305,-0.03526628389954567,-0.09823682283361752,-0.06834718445315957,0.08131749384726088,-0.13877397837738195
SRS1390680,1,0.22295204487939677,0.36742249100158614,0.363735131919384,-0.03662579506635666,-0.0950784794986248,0.5117009058594704,0.41317891733100015,-0.030682782642543316,0.40333808461825055,0.6730649233795702,0.6130968978007635,0.3629743829369545,-0.1390023666123549,0.7053366228938103,-0.05676584970206022,0.5378323892752329,0.44454636486868065,0.5255789955457052,0.07770934980362654,0.41906023894747096,0.2927740477025509,0.7328218215455612,-0.05588257499039173,0.6227481452127298,-0.011190881952643394,0.3384864206115405,0.18012798515458903,-0.06476155109703541,0.20834431797266006,0.46063000212113064,0.5892296141634384,0.29186885990202427,0.12689804409941038,0.0018262558927138646,0.1513572690115931,-0.006876986473798752,0.011177781348427137,0.5126891260345777,-0.02448909675392012,-0.0720756823817889,-0.09294493620594342,0.16727637499570847,-0.15061178679267564,-0.09594784358826776,-0.098016906529665,-0.0948006734251976,0.17903477077682814,0.31785149065156776,-0.08727813729395469,-0.0005835692087809244,0.043466300082703434,-0.08874689104656379,0.09248812248309453,-0.015401237023373445,0.05459777762492498,-0.09920861447850864,0.06874753658970197,0.03581647016108036,-0.035480731477340065,-0.04933137819170952,-0.15916185081005096,-0.070040847795705,-0.04763905176271995,-0.14140897368391356
SRS1390683,0,0.44245857807497185,0.5945026567205787,0.5952135631814599,0.13794701298077902,0.004724090298016866,0.6033502233525118,0.6799477164944013,0.13280988919238249,0.5070286778112253,0.830671176003913,0.9664609426011642,0.5249621955056986,0.11675553830961387,1.0812747064046562,0.13671161606907845,0.6204391171534857,0.75018814081947,0.5685871044794718,0.21233890601433814,0.6101775687808791,0.5236875091989835,1.0326099147399266,-0.017086151987314224,0.9475805461406708,0.07615238924821217,0.22469666600227356,0.26956985021630925,0.11486156781514485,0.30042832748343545,0.512502416347464,0.5330936176081499,0.25012203492224216,0.08032925613224506,0.015855270127455395,0.06842817241946857,-0.07284086632231872,-0.025282648702462513,0.34162529682119686,-0.011261030410726866,-0.08300442124406497,-0.08236273129781087,0.09403367092212041,-0.16205703218777975,-0.13561333995312452,-0.11192998910943668,-0.10159128407637279,0.09254004620015621,0.23921461900075278,-0.09840075423320134,-0.027975397184491158,-0.004670937545597553,-0.1208847730110089,0.09648442788360019,-0.06923529133200645,-0.0027510933578014374,-0.110724663361907,0.11173699547847112,0.04664834340413412,-0.04736638441681862,-0.10009971633553505,-0.14933219676216444,-0.07786408035705487,-0.061133225448429585,-0.11461474870642026
SRS1390685,1,0.5135709370175997,0.29608241220315296,0.5056370102489988,0.0028234521547953286,-0.05190427849690119,0.5045107795546452,0.6667797801395258,0.05352656512210766,0.16648095473647118,0.45962564647197723,0.6849360521882772,0.31083201989531517,0.029013281377653282,0.8270026929676533,-0.039817501635601125,0.5591774163767695,0.5587109302481016,0.2132155497868856,0.029588872256378334,0.40407489488522214,0.3716475230952104,0.7202770320388178,-0.08279968239367008,0.6927689500153065,-0.017358999699354172,-0.054505230858922005,0.13073156277338663,0.025907695293426514,0.1799953505396843,0.28115569551785785,0.363402146846056,0.18011277168989182,-0.024646986586352188,-0.013460241258144379,0.13346503178278604,-0.07871655995647113,0.021620578443010647,0.2515701154867808,0.07204428066809972,-0.05555900287193557,-0.04125069951017698,0.09621881196896236,-0.15714407215515772,-0.03793205010394255,-0.12152290732289354,-0.12314267953236897,0.057607460767030716,0.281979039311409,-0.060039714987700186,-0.04798550655444463,0.020057143022616703,-0.08094286918640137,0.12171219165126483,-0.026429345986495417,0.04334661861260732,-0.11557570348183314,0.11183689379443724,0.0472544493774573,0.02365142231186231,-0.11153701816995938,-0.14863226811091104,-0.05469150344530741,0.023760905178884666,-0.1304972656071186
SRS1390686,0,0.052058739277223744,0.13097150872151056,-0.01240018413712581,-0.0834918268956244,-0.09177595749497414,0.12936317610243955,0.23554795732100806,-0.06623310844103496,-0.023683869279921055,0.23560145994027457,0.4454825234909852,0.10512437112629414,-0.015420195336143175,0.4635155666619539,-0.12632979514698187,0.30239089392125607,0.23493034454683462,0.15763312756704786,-0.0007205104921013117,0.12911543995141983,0.16331918413440386,0.4433135566844915,-0.10545217680434386,0.31620167071620625,-0.006489679838220279,-0.03834601414079467,0.10271511599421501,-0.048342169572909675,0.05679305891195933,0.10054509434849024,0.3831399803360303,0.2654696082075437,0.03136454025904337,0.016665322085221607,0.1655212634553512,0.008003083368142446,0.1519543807953596,0.4334135726094246,0.12865602395807704,0.0007019204397996267,-0.03061560293038686,0.24614554985115925,-0.059209371296068035,0.15109825786203146,-0.049197432274619736,-0.05873771974196037,0.1415340182526658,0.4920779230693976,-0.06217171251773834,0.03973402952154478,0.08753062536319096,0.11592263169586658,0.2854639178452392,0.07317050158356626,0.1150314137339592,-0.09206366973133602,0.24285445362329483,0.10446910684307416,0.07156731560826302,0.02354097335288922,-0.10375085158739239,0.05136705539189279,0.23071206671496233,-0.11840184964239597
SRS1390687,1,-0.10582754388451576,-0.036423265313108764,-0.11951731114337842,-0.11724191221098106,-0.15141767635941505,-0.08318720882137616,-0.04732704348862171,-0.12266328356539209,-0.044975629076361656,-0.09186519558231036,0.28736219989756745,-0.14163848757743835,-0.13534768794973692,0.059599953237921,-0.10185798288633426,0.17844950780272484,-0.06719415324429671,-0.12184600469966729,-0.1332436166703701,-0.1310249244173368,-0.05125288820515076,-0.1165322344750166,-0.07547022091845672,-0.05751023441553116,-0.10467785845200221,-0.07750551247348388,-0.060211947187781334,-0.07970869603256385,0.007358761504292488,-0.0918247364461422,0.3791254172101617,0.3396061720947425,0.16600491354862848,-0.015341758262366056,0.46345120295882225,0.4815601669251919,0.6644848619277278,0.9486234312256178,0.9289074763655663,1.1657404067615669,0.41362118860706687,0.7544137885173162,0.6929231807589531,1.3858884125947952,0.9050562630097071,0.7910357688864073,0.4623600309714675,1.4797110284368198,0.16257628363867602,1.0597224334875743,0.37001401372253895,1.5872756366928418,1.709304766729474,1.1172905539472897,0.6043409816920757,0.42509867033610743,0.8528942341605822,1.2595960547526677,1.1641323988636334,0.9402921137710413,0.9282546912630399,1.2615344909330208,1.4890581294894218,0.7540438280751308
SRS1390688,0,-0.0968911989281575,0.08188915873567264,-0.053898013507326446,-0.09203561519583066,-0.14900500078996023,0.09274675448735555,0.13726873695850372,-0.05712147429585457,-0.08822494683166344,0.017638595774769783,0.2642147019505501,0.014471475034952164,-0.13932567462325096,0.37264721366227604,-0.12476290265719096,0.3961188830435276,0.0364504565562432,0.26173186758630135,-0.06345532462000847,0.018471434712409973,0.07293372601270676,0.25108832648644847,-0.11177367996424437,0.2575102833410104,-0.0871100885172685,0.01808047542969386,0.06395933280388515,-0.08410775909821193,-0.02026123491426309,0.2188464825352033,0.5406702160835266,0.27497360296547413,0.12395249276111524,-0.02387591451406479,0.17838113258282343,0.13239888846874237,0.26748680757979554,0.545707855373621,0.14454873216648897,0.04654140584170818,-0.10851385780066873,0.24840129911899567,0.05062337468067805,0.09826738759875298,-0.031987132815023266,0.09704028628766537,0.24960375344380736,0.5537491552531719,-0.052582224210103355,0.048906824085861444,0.025632162267963093,0.19010781807204089,0.5755264560381571,0.23245735776921114,0.15488320092360178,-0.09325776994228363,0.25809864948193234,0.1327550100783507,0.10835899536808331,0.14021694054827094,0.027927445868651073,0.06918184078919391,0.26646550248066586,0.012714063748717308
SRS1390692,1,-0.08965682269384463,-0.10359018296003342,-0.11529227842887242,-0.10196017411847909,-0.126965361336867,-0.12322734420498212,-0.018203789368271828,-0.14694626877705255,-0.08176815859042108,-0.027641655256350834,0.004328375061353047,-0.11985790977875392,-0.12575202931960425,-0.0032570622861385345,-0.12847509483496347,0.08319979906082153,-0.14656864603360495,0.004357879360516866,-0.1504314405222734,-0.00679211566845576,-0.04400174133479595,-0.01636130331705014,-0.09219103523840506,0.06348074972629547,-0.08981114781151216,-0.05793781951069832,0.04484086732069651,-0.08350071931878726,-0.03727435258527597,-0.03804309340193868,0.41803185641765594,0.33352170263727504,0.09473588317632675,0.04410852367679278,0.29140083864331245,0.20123344411452612,0.28358276716123026,0.7487661521881819,0.2608347324033578,0.3556431134541829,0.08493854602177937,0.3449927667776744,0.20496909692883492,0.524165540933609,0.2704054230513672,0.3224870537718137,0.335913257052501,0.8855786062777042,0.0334273266295592,0.3611413021571934,0.3823590852941076,0.5417819991707802,1.020508985966444,0.4725061555703481,0.27751562868555385,0.014662654759983221,0.4130363116661708,0.39720145612955093,0.3346323296427727,0.3289288580417633,0.20708239544183016,0.37118210073094815,0.7415003087371588,0.09697308825949828
SRS1390693,0,0.37734267860651016,0.6290905068162829,0.5604914464056492,0.2823596348365148,0.04849395466347536,0.5648784513274828,0.6283580145488182,0.22448261951406798,0.6675690847138563,0.8808932198832432,0.875147258862853,0.5110331438481808,0.12312139322360356,1.0705002440760534,0.24679390837748846,0.6860780213028193,0.9155145237843195,0.7623371295630932,0.30372259952127934,0.5346093019470572,0.6524287164211273,1.135957047343254,0.007607446362574895,0.9620703011751175,0.11753429224093755,0.4174308429161708,0.4590054606863608,0.15287544143696627,0.3103119305645426,0.7332869932676355,0.5012849246462187,0.197611752897501,0.14736576254169145,-0.022065522770086925,0.056979929407437645,-0.024294324219226837,-0.031966429048528276,0.2320905514061451,-0.06697479262948036,-0.10386282733331124,-0.08199577281872432,0.0015647696952025096,-0.15103470658262572,-0.14258573576807976,-0.12227122361461322,-0.08375460902849834,0.1351482750227054,0.17992067337036133,-0.09790116176009178,-0.07031230287005504,-0.05423061487575372,-0.11604034683356683,-0.03855979584235077,-0.10804831993300468,-0.05685596168041229,-0.06857012840919197,-0.012441718329985937,0.09244619108115633,-0.03781418936947981,-0.05631977909555038,-0.13185745726029077,-0.061384911028047405,-0.10321740588794152,-0.10845904145389795
SRS1390697,1,0.16581038913379112,0.14999690155188242,0.20999989037712416,-0.09093702801813681,-0.1089217020586754,0.23032521456480026,0.23890704785784087,-0.14323623478412628,0.07162356252471606,0.22730000456795096,0.3266165927052498,0.006345744555195172,-0.11866219900548458,0.4306594555576642,-0.10726021975278854,0.37408976008494693,0.004975549876689911,0.1515119360992685,-0.10133764644463857,0.18134227395057678,0.03382919356226921,0.38825972688694793,-0.05525252471367518,0.28142821229994297,-0.03614874308307966,0.024387439130805433,0.08399144187569618,-0.04680227115750313,0.07176230599482854,0.05913203954696655,0.32809247511128586,0.270309600358208,0.1175012191136678,-0.05475406457359592,0.184562087059021,0.19489584552745023,0.16942607425153255,0.732531301677227,0.2173337049316615,0.16934090356032053,0.07366451434791088,0.23239141427135715,-0.0187021866440773,0.3195740580558777,0.09061057306826115,0.05286862452824911,0.3176767253316939,0.6217997049291929,0.016016044343511265,0.29765409231185913,0.2508298382163048,0.37697625676325214,0.6185570284724236,0.24160603837420544,0.225499246812736,-0.017232803627848625,0.3235604674555361,0.36883509159088135,0.2365141212940216,0.108355396737655,0.09576543079068263,0.08743362532307704,0.3807974251297613,-0.06317478449394305
SRS1390698,1,0.3955743554979563,0.3696346965928872,0.5101832362512747,0.008603681344538927,-0.0841581051548322,0.4159906320273876,0.5263589434325695,0.026771436134974163,0.2208584900945425,0.494749719897906,0.7210220520695051,0.2860571462661028,-0.037481906513373055,0.7509142711448172,0.0022494023044904075,0.45196496571103734,0.47792363663514453,0.18787798533837,0.08682300072784226,0.4189019401868184,0.291726337124904,0.7282524735977253,-0.10326647789527972,0.6164839757451167,0.021736344943443935,0.05387792301674684,0.1158536821603775,0.06237797811627388,0.16033295852442583,0.2996726483106613,0.47153318921724957,0.2092411033809185,0.06647774080435435,-0.02684216263393561,0.15619774535298347,-0.04929785461475452,0.009329394126931826,0.3037240219612916,0.0976285847524802,-0.015059416958441338,-0.09537761534253757,0.1593077319363753,-0.15014485518137613,-0.03693028042713801,-0.0751075657705466,-0.10851563885807991,0.1437274261067311,0.38003528242309886,-0.04411547134319941,0.0055868737399578094,0.03879407420754433,-0.04377876967191696,0.22968080950280031,0.05311603657901287,0.06612536186973254,-0.12106082277993362,0.09605355312426885,0.09161945556600888,-0.008662221332391104,-0.10635215230286121,-0.15540635958313942,-0.030048788835604984,0.04196528531610966,-0.11941033601760864
SRS1390699,1,0.08693137889107068,0.23011937427024046,0.09976111973325412,-0.03171410349508127,-0.08055980938176314,0.16899818368256092,0.24859636773665747,-0.06131375705202421,0.09150730756421883,0.2755857836455107,0.5456031995515028,0.1712035797536373,-0.03735950402915478,0.48906431657572585,-0.09992624198397,0.3657542373985052,0.2847604959582289,0.250282224578162,0.0292477086186409,0.18545508633057275,0.18597142957150936,0.5212708883530771,-0.10483995712517451,0.33108180699249107,0.004795085017879804,0.0002924675742785136,0.15252396976575255,0.0055517082413037615,0.08015131205320358,0.17451132088899612,0.46787916605050367,0.25673792138695717,0.08918344446768363,-0.019531436264514923,0.18073581407467523,-0.006569600353638331,0.12216392469902833,0.43328941861788434,0.11080545994142692,-0.005751289427280426,-0.016614581147829693,0.23361729457974434,-0.10784532463488479,0.026978346208731335,-0.04578966026504835,-0.05237552523612976,0.14628142739335695,0.4331657327711582,-0.026118335934976738,0.05740965095659097,0.11137548089027405,0.0452874464293321,0.3402326392630736,0.04207940399646759,0.12405142188072205,-0.1165082744943599,0.23762219552493966,0.14913548653324446,0.07887955754995346,-0.033289989146093525,-0.10199515583614509,-0.009695231759299835,0.18661714966098467,-0.11917290650308132
SRS1390700,0,0.27812341957663494,0.38549218388895196,0.4387443096687396,0.007304036368926366,-0.113160388233761,0.4765397310256958,0.47462473313013714,0.021134094179918368,0.288504460050414,0.5451213493943214,0.6515601562956969,0.356627927472194,-0.08024360635317862,0.7790159732103348,-0.040383064188063145,0.7003250742952029,0.3918455494567752,0.4117742187033097,0.11304305711140235,0.41717715188860893,0.352020725607872,0.7501863539218903,-0.040066683354477085,0.715438294224441,0.008783720433712006,0.20305936007450023,0.18470466509461403,0.03136839841802915,0.13817123944560686,0.5015964495639006,0.5063146598016223,0.20201333612203598,0.07949884980916977,-0.04768588642279307,0.09041494751969974,0.03183976747095585,0.026828675298020244,0.3848208660880725,-0.032788919284939766,-0.08624609435598056,-0.11067476309835911,0.06361987565954526,-0.15089753518501917,-0.12297068412105243,-0.10146878908077876,-0.09001515495280425,0.15766841483612856,0.2711155377328396,-0.08747243353476127,-0.03531349339755252,0.02390319760888815,-0.09424739517271519,0.15953197702765465,-0.057916273440544806,0.07099047551552455,-0.11151029138515393,0.07600991055369377,0.12835084460675716,-0.035236962139606476,-0.11615913764884074,-0.15671873837709427,-0.0793025647290051,-0.049446184343347944,-0.13763520866632462
SRS1390702,1,0.5345116555690765,0.48747439061601955,0.6645191898569465,0.0847263199587663,0.09013183539112408,0.5854594884440303,0.7749720482776562,0.25531480833888054,0.4176551153262456,0.6810302895804247,0.8495053847630819,0.44676395505666733,0.19365940615534782,1.0753139266744256,0.1603031332294146,0.6056144163012505,0.7712221816182137,0.32642991468310356,0.15724870065848032,0.5360467887173096,0.45344288150469464,0.8998285060127577,-0.05007449289162954,0.8710560177763303,0.0005294506748517355,0.07310441136360168,0.27226764895021915,0.08069574336210887,0.25868851070602733,0.37344923118750256,0.48340745487560827,0.22321166785938354,0.04440642955402533,0.016382262110710144,0.11253715741137664,-0.10583752890427907,-0.020648202237983544,0.18937194409469763,0.04370551183819771,-0.09361861739307642,-0.07816124707460403,0.08048395936687787,-0.16930411010980606,-0.1489932176967462,-0.10189007346828778,-0.14517475912968317,0.02892577772339185,0.1983097456395626,-0.07359414547681808,-0.09179264803727467,-0.05131876592834791,-0.15032982702056566,0.02507494514187177,0.0020346308204655847,-0.030060339719057083,-0.09824648747841518,0.04838155458370844,0.0024721374114354453,-0.07761131444325049,-0.10789322232206662,-0.1572900985678037,-0.07037742311755817,-0.04399437829852104,-0.12058766931295395
SRS1390704,0,0.6029612645506859,0.5690527688711882,0.7570480704307556,0.09289135535558064,0.09164207863310973,0.6465730381508669,0.8384409956634045,0.14232713946451744,0.3757786490023136,0.6806208317478498,0.877128609145681,0.4499526433646679,0.09067865088582039,1.0739657369752724,0.12084833905100822,0.6566282791706423,0.7794756342967352,0.3395515556136767,0.1454425669120004,0.5016767520767947,0.5215468180055419,0.9503583926707506,-0.07007805506388347,0.8796056161324183,0.008147979776064554,-0.05141817374775807,0.1980883851647377,0.1219986192882061,0.34020285680890083,0.4624207813370352,0.36614802728096646,0.13704788498580456,-0.004156419076025486,-0.03620042931288481,0.11652099868903558,-0.08185684184233348,0.01975201132396857,0.243085599426801,0.08683029251794021,-0.06569867456952731,-0.0706964780886968,0.10906424994270007,-0.15937824050585428,-0.06535917893052101,-0.11142853833734989,-0.1128182456207772,0.07788977399468422,0.25785139699776966,-0.06929691508412361,-0.029201341482500236,0.03682328357050816,-0.1094340222577254,0.11111045069992542,0.016761459410190582,0.029495452841122944,-0.10464419921239217,0.06719007218877475,0.07489660320182641,-0.009118334700663885,-0.14027986923853555,-0.16366546352704367,-0.09246296683947246,-0.04319339680174986,-0.11468618176877499
SRS1390706,0,0.16040083424498638,0.3135624434798956,0.13904968897501627,-0.06162062380462885,-0.1054869561145703,0.1752598254630963,0.2285353516538938,-0.1084619980926315,0.22513608060156307,0.3670788233478864,0.48606698339184123,0.15739334498842558,-0.13999703153967857,0.4097104488561551,-0.06742023785288136,0.35775311291217804,0.19805247895419598,0.31850558146834373,-0.038000574645896755,0.2418720150987307,0.3119560902317365,0.5251778370390335,-0.11183064430952072,0.5264144554967061,-0.01600506032506625,0.07660872302949429,0.13333138078451157,-0.004315175116062164,0.10978593537583947,0.24400938923160234,0.5102067689100901,0.21089143678545952,0.036078374832868576,-0.051732540441056095,0.09610325346390407,0.02841787909468015,0.08398006033773224,0.5092212744057178,0.05384650640189648,0.03861384900907675,0.023354200025399525,0.2744640020343165,-0.12794209644198418,0.13735573987166086,-0.018760081380605698,-0.0691557473813494,0.15347355604171753,0.36502983669439953,-0.06486920764048894,0.06493901507928967,0.1525615950425466,0.08339999802410603,0.30185948537352186,0.023557260632514954,0.10852669427792232,-0.09867497781912486,0.18914181739091873,0.1889960579574108,0.01605967804789543,-0.08625399693846703,-0.0820162328115354,-0.01967442051197092,0.1661290250873814,-0.12171773177882035
SRS1390708,0,0.31501373648643494,0.4048088702062766,0.4940954198439916,0.036937727282444634,-0.08495783526450396,0.38009767793118954,0.5084925244251887,0.056470988395934306,0.34573910385370255,0.5932662231304372,0.7733131013810635,0.3785872335235278,0.0587572418153286,0.8545922936561207,0.005023268672327201,0.5390809249753753,0.5564346710840861,0.39363327001531917,0.1228145429243644,0.47099817109604675,0.38617510845263797,0.8643984172182778,-0.08991826201478641,0.7168902568519115,0.05269783486922582,0.1383312065154314,0.20747932295004526,0.052754430721203484,0.22053843612472215,0.3424360975623131,0.518194451307257,0.24484705490370592,0.059943221509456635,0.005054226766029994,0.10990091413259506,-0.05903111180911461,-0.005451781830439965,0.36382530877987546,0.05589519068598747,-0.03977681261797746,-0.10865554089347522,0.11825553700327873,-0.16358820100625357,-0.08954490845402081,-0.0946911374727885,-0.10258535295724869,0.08238239974404375,0.2682290238638719,-0.08845116943120956,-0.03496749699115753,-0.004509506747126579,-0.10039900739987691,0.1768042209247748,-0.053925866493955255,-0.01991293082634608,-0.10651939486463864,0.08742055048545201,0.03910769956807295,-0.04044029085586468,-0.0829179510474205,-0.1333947544141362,-0.07575092588861783,0.011329890849689642,-0.11248298548161983
SRS1390710,0,0.2887096131841342,0.041160174955924354,0.32319857490559417,-0.11095121254523595,-0.13378801196813583,0.45585918923219043,0.5168244056403637,-0.10469499478737514,0.04637407014767329,0.14394346283127865,0.34654198090235394,0.00011759623885154724,-0.13798104599118233,0.4172963223730524,-0.0790310127971073,0.4043333052347104,0.13700083425889412,0.0693230563774705,-0.13100633521874747,0.2769326940178871,0.09415226678053538,0.2680464497146507,-0.13461187978585562,0.35768742207437754,-0.10327660540739696,-0.02829305889705817,-0.009650684893131256,-0.05199323625614246,0.04520627545813719,0.0016604810953140259,0.4978965198000272,0.19421584904193878,0.12230014645804961,-0.035147782415151596,0.14462422206997871,0.13590051171680292,0.17895902522529164,0.567733117689689,0.16848106837520996,0.2596721164882183,0.010900303721427917,0.3127614265928666,-0.04691361356526613,0.3956080302596092,0.01621324693163236,-0.062085453110436596,0.24517020784939328,0.390985369682312,-0.05996978282928467,0.07055891615649064,0.07992357015609741,0.29884106790026027,0.4066434496392806,0.15851622695724168,0.1943733145793279,0.0313729594151179,0.2932292139157653,0.12344349548220634,0.19209972105454654,0.09600089179972808,0.09596832407017548,0.17233690929909548,0.2361747200290362,0.008904725080356002
SRS1390712,0,0.499901353692015,0.6150111850583926,0.6430482765038809,0.1278413161635399,0.04652160033583641,0.6584328499933084,0.756906881618003,0.10906362409392993,0.5000189455846945,0.7983942357823253,0.9543120830009381,0.4743758402764797,0.16256523535897335,1.0927597139185916,0.1567088266213735,0.6083337813615799,0.7851091871658961,0.5008898644397656,0.20802830376972756,0.5847770186762015,0.5403981556495031,1.0444077886641026,-0.01010030476997296,0.9752467175324758,0.06382110094030698,0.1256951242685318,0.24277059795955816,0.09259274508804083,0.3241218614081542,0.515028786767895,0.4440226225803296,0.17614391446113586,0.07323166124600296,0.003091211120287577,0.09714260200659434,-0.08151786774396896,-0.04052401085694631,0.2631326876580715,-0.001638464940090974,-0.06422063770393531,-0.076158011953036,0.06874698773026466,-0.16352146367232004,-0.12118117759625117,-0.129899845769008,-0.1071354909023891,0.08213937903443973,0.1728680326292912,-0.09470963353912036,-0.06336979195475578,-0.014174032180259625,-0.12511061690747738,0.04852972567702333,-0.06763304925213258,-0.017616644501686096,-0.10911243641749024,0.07232117280364037,0.07905342988669872,-0.06719940869758527,-0.10330993263050914,-0.1526303837696711,-0.08352304870883624,-0.09477400748680036,-0.11662121396511793
SRS1390713,0,0.38720689589778584,0.539929147499303,0.5068396385759115,0.16060366729895273,-0.04003098731239637,0.5424138223752379,0.632622425754865,0.16866259897748628,0.5187859448293844,0.780713020513455,0.8588344417512417,0.5297938287258148,0.04113703158994516,1.0114432436724503,0.10291828153034051,0.64536502212286,0.7373238652944565,0.5863790166719506,0.23099317650000253,0.536384609217445,0.5617889701388776,1.0272498996928334,-0.0023076540480057397,0.909896177550157,0.04866818090279897,0.3236912072946628,0.3415690812592705,0.12872899820407233,0.2612123967458804,0.6072962560380498,0.567577545249757,0.18049373726050058,0.050453837495297194,0.009503732124964396,0.04513316601514816,-0.06572877367337544,-0.042083172127604485,0.23711389103179195,-0.04111804564793905,-0.08043778253098328,-0.08982055013378461,0.061934519559144974,-0.15908590952555338,-0.14243385816613832,-0.1283267897864183,-0.10330199547267209,0.07507127895951271,0.13683926314115524,-0.11349050452311833,-0.07806881548215945,-0.03169769778226813,-0.12578820002575716,0.01888232460866372,-0.09207329611914854,-0.05209244787693024,-0.10734863951802254,0.03191698342561722,0.05469467180470625,-0.06371697162588437,-0.10490013317515452,-0.14602186592916647,-0.08750579754511516,-0.06742309716840585,-0.11776816472411156
SRS1390714,1,0.4324446103225152,0.4993643523581947,0.6012060157954693,0.0934234360853831,-0.02935848291963339,0.5500776156162223,0.6392055849234263,0.16823854794104895,0.48290308316548664,0.6339798532426357,0.8377879007409016,0.4189152754843235,0.08525408897548914,0.9922178958853086,0.17412538329760233,0.6486517675220966,0.6759330021838347,0.40027230108777684,0.19264620542526245,0.5248151111106077,0.43666391509274644,0.9049018633862337,-0.08209986115495364,0.8545477595180273,0.017785474037130673,0.2152498997747898,0.28318875283002853,0.08031724362323682,0.2241803944731752,0.44635844758401316,0.548401071379582,0.15421088695681343,0.10231338441371918,-0.026846684515476227,0.09720867375532787,-0.045974813401699066,0.026731858029961586,0.2143073733896017,-0.007201372956236203,-0.060819696014126144,-0.12043512364228566,0.07692676906784375,-0.163526880244414,-0.14346876119573912,-0.11148833739571273,-0.12489446625113487,0.10677667458852132,0.1863162281612555,-0.10389274545013905,-0.10013509293397267,-0.04855734948068857,-0.1365663136045138,0.018649554035315912,-0.06592425471171737,-0.03245384246110916,-0.08795108025272687,-0.003980482618014018,0.09291469181577365,-0.09063288941979408,-0.0756986824174722,-0.1387181542813778,-0.07920519231508176,-0.07717796539266904,-0.12214063790937264
SRS1390715,0,0.5298633401592573,0.5501429831298689,0.6618677321821451,0.06517994279662769,0.04402167287965616,0.5784392257531484,0.7778913838167986,0.14950181543827057,0.44194839351500076,0.6532899426917235,0.8158174719040593,0.4402693423132102,0.10404980617264907,0.9937027587244908,0.14806555584073067,0.5493803347150484,0.7795281807581583,0.33274435500303906,0.13258253441502652,0.47804303870846826,0.5538380121191343,0.9225795653959116,-0.032598731418450676,0.8607570106784502,-0.006051290780305862,-0.004406612366437912,0.21236972138285637,0.10483652104934056,0.3012495959798495,0.4566747086743514,0.36557742580771446,0.0843198848888278,-0.005021904905637105,-0.016005863746007282,0.11307958265145619,-0.07211982520918052,-0.048267751932144165,0.15207990749816722,-0.012631533667445183,-0.07582428539171815,-0.08445349087317784,0.009966643915201226,-0.16529091695944467,-0.11583663212756316,-0.12958122914036116,-0.11407677953441937,0.06434435506040852,0.13908487806717554,-0.09396237724771102,-0.05579364470516642,0.03153961400190989,-0.12432157931228478,0.05741743526111046,-0.04479036604364713,-0.01677422598004341,-0.11901869252324104,0.029426304002602894,0.1351807489991188,-0.035359710454940796,-0.12276025923589866,-0.16017326215902963,-0.10393870063126087,-0.09278551799555619,-0.12432350156207879
SRS1390716,0,0.35500408336520195,0.4747509895823896,0.5476551443959276,0.07409283518791199,0.005621442416061957,0.4677969155212243,0.5370990571876367,0.004035322616497676,0.39339319337159395,0.5754163016875585,0.760271160552899,0.37635360782345134,-0.08700088318437338,0.7316794532040755,0.042205153964459896,0.521822102367878,0.6398282870650291,0.36453424642483395,0.12298269321521123,0.41577353825171787,0.46776124710838,0.8132304412623247,-0.05315302064021429,0.71299834176898,0.0011833012104034424,0.08496749649445216,0.13347625515113273,0.058790328757216535,0.2557018514101704,0.4661160632967949,0.46058123962332803,0.19754628154138723,0.009214171130831042,-0.01655281459291776,0.12560213233033815,-0.06973105296492577,-0.07948139309883118,0.25325630108515423,0.024858519434928894,-0.06511683637897174,-0.07356209928790729,0.05822348843018214,-0.16629656652609506,-0.07114757038652897,-0.10383643892904122,-0.08842089772224426,0.10604715254157782,0.26748871182401973,-0.09597749449312687,0.0470037671426932,0.0357350210348765,-0.10743452787088852,0.1875159995009502,-0.01701777211079995,0.014402159800132116,-0.1271592409660419,0.07009180014332135,0.1088177499671777,0.025507491392393906,-0.12812562317897877,-0.14940081909298897,-0.0763501338660717,-0.05533280658225218,-0.12304578473170598
SRS1390717,1,0.36326459298531216,0.184047299126784,0.40386742384483415,-0.12205324446161588,-0.0935652107000351,0.33533122887214023,0.5311594642698765,-0.04361217344800631,-0.04209155092636744,0.2245433789988359,0.650257796049118,0.04847491656740507,-0.08915806270670146,0.6888941737512747,-0.06815223426868518,0.5576360474030176,0.2760447541562219,-5.00542422135671e-05,-0.05771708379810055,0.2489567988862594,0.19477750609318414,0.4090232150629163,-0.13578791047135988,0.4554811591903369,-0.0349454420308272,-0.15505023176471391,-0.048375003039836884,-0.0612596208229661,0.2309712115675211,-0.04462246596813202,0.3520079745600621,0.24130869780977568,0.006403309603532155,-0.059098295867443085,0.23593029814461866,0.1262104818597436,0.2837412940959136,0.5415268540382385,0.5517071324090163,0.3506532410780589,0.1383605784115692,0.4577389086286227,0.0793101848103106,0.5358021296560764,0.1934726332159092,0.1594654805958271,0.2225582872827848,0.6044533842553695,0.0022317785769701004,0.23909831109146276,0.15507753814260164,0.43587206055720645,0.6444561816751957,0.47332415853937465,0.25534258720775443,0.1012367329870661,0.31515287266423303,0.36714686701695126,0.5008575543761253,0.22990821364025274,0.16812616462508836,0.2452805650730928,0.47247438070674735,0.06505370512604713
SRS1390719,1,-0.07210911290409665,0.17361029827346405,-0.0911529657120506,-0.09604783914983273,-0.10968124245603879,0.24287649368246397,0.06325441723068555,-0.1454975170393785,0.18526281664768854,0.21060988617440066,0.1639600247144699,0.05511169756452242,-0.12618148202697435,0.1900304208199183,-0.1249231534699599,0.33336752901474637,0.11618026182986796,0.30073466648658115,-0.08227313806613286,0.07518347414831321,0.00024299556389451027,0.18592115864157677,-0.05249926820397377,0.20799972241123518,-0.08623528418441613,0.2334503817061583,0.12354376415411632,-0.11677852148811023,0.1147543154656887,0.25504514543960494,0.48638522159308195,0.3187646070340027,0.1272377111017704,-0.01895672765870889,0.18047416334350905,0.13301920580367246,0.17771648212025562,0.5639609843492508,0.0380349843762815,-0.011817983351647854,-0.01936933894952138,0.24256854131817818,-0.012061434177060923,0.26879215488831204,0.07111458216483395,-0.009675978993376097,0.2518787520627181,0.5783052183687687,-0.05222903657704592,0.10243441102405389,0.15199280871699253,0.3061692801614602,0.3871011671920617,0.19820730946958065,0.22016813357671103,-0.08643263019621372,0.24370749977727732,0.240564384808143,0.14107654119531313,0.06841673453648885,-0.0340902271370093,0.018817679723724723,0.20624845971663794,-0.03706240653991699
SRS1390720,1,0.07786806486546993,0.0536385178565979,0.01851217510799567,-0.10818585598220427,-0.11782733537256718,0.18739045411348343,0.13867586090539893,-0.15031016742189726,0.005644725014766057,0.08353499074776967,0.14485503981510797,-0.03983685374259949,-0.11543773797651131,0.1661076508462429,-0.12792712015410265,0.3181142744918664,-0.017182843759655952,0.05709986621513963,-0.14202290152510008,0.02675582468509674,-0.05002830317243934,0.11789250498016675,-0.06749848291898768,0.20088557743777832,-0.07854507615168889,-0.027450470874706905,0.02236218253771464,-0.07582044477264087,0.07286172111829121,-0.011846768048902353,0.372036670645078,0.37991602967182797,0.1278445521990458,-0.04852111761768659,0.29820943375428516,0.1677846908569336,0.26907459801683825,0.7250866654018561,0.2632807393868764,0.25248731176058453,0.1381105581919352,0.3224653652869165,0.0668620044986407,0.4977828934788704,0.21214105964948735,0.2553403073300918,0.26375286529461545,0.8222955353558064,0.057296582808097206,0.41047240669528645,0.2487370322148005,0.5376734584569931,0.8720693526168665,0.40575803567965824,0.3392852679826319,-0.02993708724776904,0.4285680279135704,0.5947774822513262,0.4138261675834656,0.28784311935305595,0.20720025338232517,0.1817426859245946,0.5935260956175625,0.03461072780191898
SRS1390721,0,-0.07018588855862617,0.009587811927000681,-0.055763697562118374,-0.06283586410184701,-0.11402142055643101,0.09632517335315545,0.07805681539078553,-0.12088173006971677,-0.008089507619539896,0.07348520103065918,0.03371770121157169,0.0029620310912529626,-0.13195784017443657,0.17560959483186403,-0.0867261840030551,0.28911113180220127,0.00040989120801289874,0.40338057403763133,-0.10435393949349721,0.09411223481098811,-0.003459391805032889,0.07370021597792704,-0.04411574763556322,0.25430278666317463,-0.08488494188835223,0.22633103157083193,0.1507222813864549,-0.09946513300140698,-0.005013457809885343,0.18301297972599664,0.3803291569153468,0.3592947793658823,0.166102501253287,-0.06863829741875331,0.28344801254570484,0.214985275020202,0.3472486923759182,0.6989553111294905,0.018692367438537378,0.13977726424733797,-0.05965365096926689,0.15858384718497595,0.12789042045672736,0.3551097909609477,0.17059232791264853,0.19863073693219727,0.21020575240254402,0.891825637469689,-0.03529089572839439,0.2952300664037466,0.10784633457660675,0.5867426674813032,0.7158108918617169,0.4181151706725359,0.3067846857011318,-0.0412915733953317,0.3027241999904315,0.5370612305899461,0.28526899715264636,0.29359351595242816,0.1754037526746591,0.24650600086897612,0.339614521091183,0.20274478880067667
SRS1390722,1,-0.13355344533920288,-0.03113019745796919,-0.10709929140284657,-0.11573111141721408,-0.1318679436420401,-0.11041563097387552,-0.061105869400004544,-0.1248250010733803,-0.032825774513185024,-0.08399993740022182,0.27731069674094516,-0.13419426853458086,-0.11693014080325763,0.03552277386188507,-0.10788560379296541,0.10877077809224527,-0.03667079013151427,-0.1314506453151504,-0.13874236245950064,-0.1419131432970365,-0.06305626748750608,-0.10368879116140306,-0.08392494296034177,-0.08602716610766947,-0.12156449444591999,-0.08909574244171381,-0.06975654015938441,-0.07420108839869499,-0.0023785699158906937,-0.1091286027804017,0.3882950994496544,0.3002830458184083,0.04941255350907644,0.03909917858739694,0.48733730365832645,0.4725214367111524,0.6456347942973176,0.9206293436388174,1.032223679125309,1.20785653591156,0.47614998494585353,0.7744968893627325,0.7471790437897047,1.4543100868662198,0.892833930750688,0.8629124547975758,0.5302039993306001,1.5454039378091693,0.20120751205831766,1.1301751012603443,0.38444481619323295,1.6151489429175854,1.8720576943984877,1.1808636635541916,0.5905400440096855,0.48683543503284454,0.9671417235707244,1.3176822861035664,1.17120307435592,0.9288074138263861,0.9525700360536575,1.3923152337471645,1.7202140092849731,0.8207848643263181
SRS1390723,0,0.453791447604696,0.5583947369207939,0.636497066821903,0.11777657270431519,-0.03510556804637114,0.7226590265830358,0.6967461047073206,0.19415063473085561,0.6348630835612615,0.8624482862651348,0.8683218813190857,0.5420452319085598,0.05520244408398867,1.06131843275701,0.11822175793349743,0.785264198978742,0.8151705985267957,0.6212412724271417,0.20422714886566004,0.5849450699364146,0.5666941230495771,1.0639329155286152,-0.023662039389212925,0.9711899980902672,0.042456142604351044,0.33923607886147994,0.33310596520702046,0.06832773114244144,0.30521934603651363,0.6561921363075575,0.5680643133819103,0.1842682013909022,0.1424239551027616,-0.00033099701007207233,0.08158943802118301,-0.06020416816075643,-0.020983656247456867,0.2735048957789938,-0.06475015481313069,-0.08446532612045606,-0.09221573546528816,0.04342256238063177,-0.15797110895315805,-0.15331205974022546,-0.13661076625188193,-0.0973483370617032,0.12054971853892009,0.16430901363492012,-0.10759913673003514,-0.09196902066469193,-0.03913029752826939,-0.13229531422257423,-0.015109436896940073,-0.11949699806670348,-0.04632829378048579,-0.07773518562316895,0.0010507528980573018,0.08023976658781369,-0.06824948266148567,-0.0825931957612435,-0.14603190372387567,-0.08221544542660315,-0.09796750421325366,-0.11632197474439938
SRS1390724,1,-0.12379583157598972,-0.06046193030973276,-0.10175776698937018,-0.10229070764034986,-0.15429076676567396,-0.11928420979529619,-0.11034718606000145,-0.1160038597881794,-0.04346919277062019,-0.08160044082129995,0.2080953399029871,-0.13033155724406242,-0.1326350743571917,-0.01167719935377439,-0.09482010407373309,0.10659944638609886,-0.09973152851065,-0.13086827720204988,-0.1506510799129804,-0.14304946238795915,-0.08625671391685803,-0.11458089016377926,-0.08284630874792735,-0.06941793827960889,-0.10731864596406619,-0.07215733795116346,-0.020874641835689545,-0.08066897342602412,-0.026419784873723984,-0.08493829828997453,0.3676378956685464,0.33013126129905385,0.17997406423091888,0.03002704307436943,0.48263012804090977,0.5456043581167856,0.7256291676312685,0.9995494559407234,1.0000526358683903,1.2931439261883497,0.5180707847078642,0.8385824573536714,0.8151933426658312,1.5061473026871681,1.0214289873838425,0.902001891285181,0.5762881158540646,1.5970249734818935,0.209184680134058,1.1700294986367226,0.44362430088222027,1.7514764045675595,1.9114043427010377,1.2020404636859894,0.6380378707932929,0.5406251934667429,1.0221519867579143,1.419060803949833,1.1559400608142216,1.0594208544741075,1.0923856273293495,1.4663118763516347,1.804542822142442,0.853289229174455
SRS1390727,1,0.4093429098526637,0.4721449085821708,0.5504283873985211,0.05137373507022858,-0.046761335184176765,0.5658410986264547,0.6470025032758713,0.09111994504928589,0.39567821100354195,0.7543454381326834,0.8315154239535332,0.4855867773294449,0.057440077885985374,0.9704099670052528,0.041577354073524475,0.6855682438860337,0.6611180518132945,0.5458641834557056,0.16105968815584978,0.5849429932422936,0.5481002690891424,0.9054260862370332,-0.003789603399733702,0.831569900115331,0.04065452143549919,0.17188096791505814,0.22767773953576884,0.059732078264156975,0.21490487921983004,0.47299293195828795,0.45864294469356537,0.245760554758211,0.036467726031939186,-0.02278430014848709,0.09698624225954215,-0.03765907262762388,-0.0010390557678571592,0.380881500740846,-0.02668421467145284,-0.08930628001689911,-0.09716218834122022,0.08593733484546344,-0.1587433541814486,-0.13885931375746927,-0.11111214353392522,-0.07850097864866257,0.09198613278567791,0.2387822177261114,-0.09460030247767766,-0.04257927089929581,0.06373052516331275,-0.11873155583937962,0.14773808543880781,-0.05895013750220338,0.018868048054476578,-0.12165459105744958,0.08912264307339986,0.0609498443081975,-0.02991544082760811,-0.10854613656798999,-0.15766804416974387,-0.09144647015879552,-0.06064859715600809,-0.12939657270908356
SRS1390728,1,0.31952519590655964,0.27150718433161575,0.3936055538554986,-0.09135701631506284,-0.05332639689246813,0.5182939966519674,0.5476802208771309,0.07823738952477773,0.15320675199230513,0.47135969686011475,0.6116608877976736,0.29657163595159847,0.006591445455948512,0.7418700469036897,-0.02159125544130802,0.5815183278173208,0.4594469591975212,0.29511629200230044,0.02624805582066377,0.38224788941442966,0.2606833005944888,0.6191525751880059,-0.07514825090765953,0.6331137654682001,-0.049942182997862496,0.013714457551638285,0.1735648283114036,-0.010968852788209915,0.11978730062643687,0.22258996435751519,0.44838275636235875,0.25106025983889896,0.05896518069008986,-0.005680290361245473,0.15377244974176088,-0.06417115901907285,0.0727353934198618,0.33815326541662216,0.05593414899582664,-0.03228769451379776,-0.09688870360453923,0.15608681986729303,-0.14653784098724523,-0.04819679260253906,-0.11555361188948154,-0.09904588487309714,0.10158410668373108,0.37582917759815854,-0.07182220307489236,-0.01460878768314918,-0.005657074352105458,0.004281152039766312,0.1055206557114919,0.02791020474008595,0.08938725541035335,-0.07201144223411877,0.17134135557959476,0.020905128486144047,0.03870139177888632,-0.022756985078255337,-0.0818652833501498,-0.020677505061030388,0.05486046802252531,-0.1283140660574039
SRS1390729,0,0.3024890686695774,0.1474746186286211,0.3336403602734208,-0.10037947787592809,-0.1119676132996877,0.284714891264836,0.3847665625313918,-0.04772998268405596,-0.012238148599863052,0.21732177461187044,0.5232936628162861,0.1417575360586246,-0.05893889554621031,0.5625064714501301,-0.12211652224262555,0.385984502111872,0.21889026214679083,0.011150849362214407,-0.029250262926022213,0.2781351755062739,0.2080646219352881,0.4628823945919673,-0.13317846631010374,0.4365755406518777,-0.01301818216840426,-0.09379684428373973,0.012883901596069336,-0.024296164512634277,0.05328837471703688,0.08550866693258286,0.38311320915818214,0.21133348407844701,-0.026577369620402653,0.01922975853085518,0.21744372509419918,0.012031097585956255,0.07404050789773464,0.42972517758607864,0.21348577675720057,0.11725247899691264,-0.004985495160023372,0.20284105464816093,-0.1044031591930737,0.14554777493079504,-0.050829958791534104,0.01528865285217762,0.16677352413535118,0.442958383820951,-0.030537881888449192,0.08036017914613088,0.14743343042209744,0.07655160315334797,0.44557756930589676,0.14496465772390366,0.13041268537441889,-0.11511207185685635,0.1758959318200747,0.14849729711810747,0.18062633275985718,0.07207449673054118,-0.06746942674120267,-0.0034361891448497772,0.2583118259596328,-0.09397162993748982
SRS1390730,0,0.4496470903977752,0.3484138324856758,0.5719356201589108,-0.014765822251016894,-0.10760782410701115,0.5527006480842829,0.6059238140781721,-0.04935075839360555,0.26414624756822985,0.4945021669069926,0.6264717268447081,0.22283348565300307,-0.14665386949976286,0.6475084082533916,0.006556664127856493,0.5080319922029352,0.39041665320595104,0.19418816734105349,0.001002354547381401,0.42899642139673233,0.33115725591778755,0.674253194903334,-0.12773149056981006,0.6457462354252735,-0.029682524502277374,0.07388882959882419,0.04825756326317787,0.021959046833217144,0.2015342948337396,0.3500696166108052,0.4789873907963435,0.13128321912760535,0.01917942240834236,-0.008082158863544464,0.10592986519138019,-0.0023023063937822976,0.062302347272634506,0.36787743323172134,0.05234721481489638,0.02261859675248464,-0.09870968510707219,0.13075254671275616,-0.1571637156109015,0.05141049871842066,-0.03198440931737423,-0.11542548487583797,0.17327676434069872,0.20366555949052176,-0.0787275843322277,-0.020699897160132725,0.0445271140585343,-0.07585082575678825,0.13864028919488192,0.09660647809505463,0.06472165882587433,-0.0892733708024025,0.10176743598033984,0.1306270807981491,-0.04385947436094284,-0.09004301701982816,-0.13737907633185387,-0.09323295950889587,-0.005287912363807361,-0.13952595119675001
SRS1390731,0,0.412781675006651,0.4361376067002614,0.5498021272942424,0.04169761079053084,-0.07192060475548108,0.5000777567426363,0.5726989880204201,0.005931515246629715,0.33872074509660405,0.6166447782889009,0.7991169032951196,0.3733832221478224,-0.013458649317423502,0.8515089632322391,0.037386612656215824,0.568292114418,0.5608397321775556,0.3593405419960618,0.11573152678708236,0.5267638868341843,0.40225672846039134,0.9031646524866422,-0.09417319173614185,0.7331920849780241,0.04939545691013336,0.10808751576890548,0.1627484212319056,0.0628821961581707,0.23248359002172947,0.42049997734526795,0.5157100232124018,0.23427096645658216,0.06903191438565652,-0.016757223289459944,0.15751323973139128,-0.0522830563907822,0.0005419421941041946,0.3895955557624499,0.061686052630345024,-0.03153941097358862,-0.0851708563665549,0.12511222064495087,-0.1552705056965351,-0.044596780091524124,-0.09698810280921559,-0.09954383534689744,0.14655430801212788,0.3505587838590145,-0.07162783046563466,0.03472328919451684,0.07049627229571342,-0.033067415157953896,0.2770646611849467,-0.01249845310424765,0.042695436626672745,-0.10831215067688997,0.09350506806125243,0.09637910624345143,-0.003077301507194837,-0.10755989421159029,-0.1364773983756701,-0.05242670948306719,0.0060980866352717085,-0.10921583821376164
SRS1390734,0,0.4346992177888751,0.5048821067903191,0.6334619304786125,0.10452012283106644,-0.07557566215594609,0.6173984333872795,0.632265309492747,0.07535472263892491,0.4348523892307033,0.7266673874109983,0.8379524650517851,0.5170070404807726,-0.00813718264301618,0.9625553339719772,0.10390450494984786,0.711943426479896,0.6381945833563805,0.6291843793199708,0.20450464760263762,0.6304820608347654,0.42247218266129494,0.9195687795678774,-0.03712000511586666,0.8246338628232479,0.05324577043453852,0.2506677322089672,0.3597392048686743,0.06930016539990902,0.23160881642252207,0.5725946627014006,0.5200843090812365,0.21083757653832436,0.1204226507494847,-0.04786672218081852,0.10414388900001843,0.006670402983824412,0.049843757723768554,0.4791925127307574,-0.030632204686601956,-0.03975571319460869,-0.09753867735465367,0.16781908397873244,-0.15501061702768007,-0.13693979157445332,-0.09622167547543843,-0.059735143246750035,0.14762639611338577,0.3075505072871844,-0.07906822084138791,-0.04034271277487278,0.04306454646090666,-0.10480791330337524,0.1610648112061123,-0.05035854441424211,0.030672704180081684,-0.06805016348759334,0.09103744104504585,0.03834898148973783,-0.06288558493057887,-0.10519944238088404,-0.14409374445676804,-0.07587386450419824,-0.01735681384646644,-0.11435712004701297
SRS1390738,0,-0.06286454324920972,-0.11668229599793752,-0.07913209622104962,-0.10844503715634346,-0.15500221773982048,-0.017612810091425974,-0.027680109875897568,-0.12805961134533086,-0.14623714114228883,-0.0871694680924217,0.10939946894844373,-0.04547964657346407,-0.13456105813384056,0.12971949204802513,-0.12412306542197864,0.3566570853193601,-0.04915889756133159,0.0017123914634188016,-0.13905760397513708,-0.020821659515301388,-0.00974419837196668,-0.09905409067869186,-0.10335950534014653,0.026987692651649315,-0.1232354361563921,-0.051311878487467766,0.007205893596013387,-0.10522476459542911,0.026565254510690767,-0.004898743626351158,0.4109013533840577,0.3224988936757048,0.13752435644467673,-0.046443416426579155,0.29994581639766693,0.32583122824629146,0.48154142398076755,0.7545696819821993,0.4694644945363204,0.5775478469828764,0.04269669810310006,0.46460769946376484,0.38024070858955383,0.7711565842231115,0.5570030938833952,0.3736469376211365,0.27713608741760254,1.0982760911186535,0.022101998329162598,0.602296364804109,0.2351284089187781,0.8128631878644228,1.1842790686835845,0.7146665646384159,0.4140516072511673,0.12345822652180989,0.4473070402940114,0.7481787291665872,0.7507651392370462,0.4753732929627101,0.4787912095586459,0.48998634416602727,0.7290613489846388,0.2856775124867757
SRS1390739,0,-0.1104668965563178,0.041203668961922325,-0.0394115149974823,-0.06372837660213311,-0.12531690672039986,0.06660603452473879,0.07748970203101635,-0.08471005223691463,-0.047686130506917834,0.13787339286257824,0.1298794586521884,0.08918920035163562,-0.11429701993862788,0.2526835910975933,-0.0930406980526944,0.22303021706951162,0.17901388121147951,0.35958458483219147,-0.00037276744842529297,0.10604145502050717,0.2414249653617541,0.1263522901572287,0.004375030597050984,0.3405834560592969,-0.0844512665644288,0.12830220069736242,0.1110356276233991,-0.1064335120220979,-0.008557884022593498,0.291171387458841,0.34478293855985004,0.2603764397402604,0.013998042171200117,-0.010078929364681244,0.2846669827898343,0.1796962097287178,0.28884208885331947,0.5358760766685009,0.04616087426741918,0.25517375646935153,-0.11198087238396208,0.11694724050660928,0.14084230115016302,0.3159869660933812,0.14326397453745207,0.2774813200036685,0.14702890937527022,0.7518863100558519,-0.07979022959868114,0.27875204135974246,0.08157439591983955,0.4128827316065629,0.6565561055516204,0.34032359533011913,0.26656246930360794,-0.10437507589813322,0.22933558374643326,0.49905609091122943,0.36192825250327587,0.3678666924436887,0.19057732075452805,0.2569237221032381,0.24436943403755626,0.25440944731235504
SRS1390740,1,0.310771466853718,0.37451036274433136,0.4427635216464599,0.009790116300185522,-0.09228171656529109,0.4410139825195074,0.3949228373045723,-0.08241224785645802,0.32126916230966646,0.5101528459539016,0.5919617619365454,0.16155414655804634,-0.12227598826090495,0.6179256973167261,-0.016177355001370113,0.3808656285206477,0.3298026705160737,0.4043297494451205,0.04390386771410704,0.3983653411269188,0.2626908707122008,0.7027847188680122,-0.041073222644627094,0.5656199958175421,0.02830856790145238,0.31247446065147716,0.08632166435321172,0.0012631819893916447,0.18278491807480654,0.4152692953745524,0.4260847953458627,0.12976501882076263,0.12855240081747374,-0.042656359573205314,0.12717410176992416,0.04438537793854872,0.017047442495822906,0.42735174919168156,-0.019296124577522278,0.028398862574249506,-0.10171481097737949,0.10924486815929413,-0.14865069339672723,0.022941064089536667,-0.02974674974878629,-0.08844058246662219,0.18532991882724068,0.2442810262242953,-0.09679306775797158,0.0027913876498738923,0.07980636817713578,-0.029329001903533936,0.10923044135173161,0.051265074561039604,0.049603948990503945,-0.08362436915437381,0.09219127769271533,0.16798855736851692,-0.0495287918796142,-0.09171274801095326,-0.11954847226540248,-0.09647969963649909,-0.05372953352828821,-0.1205655795832475
SRS1390741,0,0.3200326890995105,0.41588523300985497,0.42964132751027745,-0.042151509473721184,-0.07080762398739655,0.5549793367584547,0.5133080339680115,0.07082508744982381,0.39050956815481186,0.6460954441378514,0.6981342020444572,0.39020876338084537,-0.07252877516051133,0.7646094840019941,0.007761641715963681,0.5970313275853792,0.6397072995702425,0.4423228496064742,0.08503879668811958,0.4146362679700057,0.41423816916843254,0.7466530160357555,-0.0657685895760854,0.7828036434948444,-0.059011642510692276,0.12744967398854593,0.1729123384381334,-0.043486480290691056,0.25991848452637595,0.4269550152433415,0.5996500452359518,0.20216556762655577,0.07988131907768548,-0.03067021816968918,0.08735372001926105,-0.054079982141653694,-0.0025269165635108948,0.35786293757458526,-0.030975010246038437,-0.06790948535005252,-0.0926583930850029,0.14671434462070465,-0.1523643136024475,-0.08546491215626399,-0.13688113478322825,-0.12971767969429493,0.08599710122992595,0.20300459240873656,-0.11208234416941802,-0.0710306962331136,0.006726944198211034,-0.12257947276035945,-0.024645972376068432,-0.06548628707726796,0.0036650622884432473,-0.04854934010654688,0.060302856688698135,0.04579120626052221,-0.05524514243006706,-0.07895992572108905,-0.16123221317927042,-0.10908548068255186,-0.08886143441001575,-0.13814905906716982
SRS1390746,0,0.41086383412281674,0.4957407203813394,0.5230224896222353,0.024988262603680294,0.03945608840634426,0.5379078686237335,0.6929179461052021,0.24412010982632637,0.46512999137242633,0.7170864989360174,0.7203489281237125,0.454955584059159,0.08466060211261113,1.039709337676565,0.1452781210343043,0.6449225464214882,0.8033698598543803,0.3702601417899132,0.17814860058327517,0.4274998567998409,0.46969859053691226,0.8912094888898233,-0.04764573834836483,0.9195662438869476,-0.06151508415738741,0.13070201377073923,0.29738625868534047,0.023258352031310398,0.2907264729340871,0.4612294690062602,0.5819805887682984,0.17976382995645204,0.06204305123537779,0.01526077650487423,0.06217129280169805,-0.07457965488235156,0.022393316651384037,0.19548090050617853,0.0035593186815579734,-0.09260202571749687,-0.07417974372704823,0.07658109813928604,-0.14792897552251816,-0.16020734359820685,-0.13163592914740244,-0.122022722226878,0.06176383048295975,0.1851302149395148,-0.0791418304045995,-0.10629871239264806,-0.04906273198624452,-0.14396891432503858,0.005853790168960889,-0.031242954234282177,-0.028007251520951588,-0.07900787672648828,0.004948211212952931,0.029554991672436397,-0.07981933653354645,-0.09426637242237727,-0.15190285195906958,-0.06674145472546418,-0.062438298210812114,-0.13270273059606552
