,label,dim_0,dim_1,dim_2,dim_3,dim_4,dim_5,dim_6,dim_7,dim_8,dim_9,dim_10,dim_11,dim_12,dim_13,dim_14,dim_15,dim_16,dim_17,dim_18,dim_19,dim_20,dim_21,dim_22,dim_23,dim_24,dim_25,dim_26,dim_27,dim_28,dim_29,dim_30,dim_31,dim_32,dim_33,dim_34,dim_35,dim_36,dim_37,dim_38,dim_39,dim_40,dim_41,dim_42,dim_43,dim_44,dim_45,dim_46,dim_47,dim_48,dim_49,dim_50,dim_51,dim_52,dim_53,dim_54,dim_55,dim_56,dim_57,dim_58,dim_59,dim_60,dim_61,dim_62,dim_63
ERR1746341,1,-0.058662456061158864,0.24732276371547154,0.41716841076101574,0.024777265531676158,0.48109673682068077,0.02060074039867946,0.8084517163889748,0.10388210602104664,0.9900442957878113,0.3801165393420628,0.4289400598832539,0.9123888686299324,0.44985586617674145,0.4990208436335836,0.6121520487857717,0.16796862786369665,0.7966553036655698,0.1335209874170167,0.6116768361202308,0.38191796679581913,0.9587271703141076,0.2710266751902444,0.8599287214289818,0.22073119107101644,0.7934132782476289,0.4800979197025299,0.33036188568387714,0.08352702310574907,0.4424498843561326,0.03747372222798211,0.43806720844336916,0.3648909426161221,0.02026077892099108,-0.028038766767297472,0.24002030278955186,-0.03199921801154103,-0.1298005868281637,0.055589434291635244,-0.12424774467945099,0.022132939526012967,0.04553675651550293,-0.11402841657400131,-0.0636609582413387,-0.06521805971195656,-0.10561552324465343,-0.12736661093575613,-0.12214567884802818,0.05567921777921064,-0.013220859957592828,-0.11892994120717049,-0.14516729329313552,-0.045014609183583944,-0.12297389549868447,-0.11121153731697372,-0.12197140551039151,0.055361480618427904,-0.022149261619363512,-0.07549047363655907,-0.09940979975674834,-0.10743617825210094,-0.08562037621491722,-0.10347939974495343,-0.07325089563216482,-0.047680954981063096
ERR1746342,1,-0.12075047753751278,0.033862797277314324,0.17934651992150716,-0.11247859642441783,0.2139866282897336,-0.08736058085092477,0.18868309365851538,-0.10012960380741528,0.6066075786948204,0.06254239939153194,0.16802293807268143,0.5299202264951808,0.1583357240472521,0.17811228235119156,0.2615161958549704,0.05494510196149349,0.45673234068921637,-0.060910318578992574,0.24043809782181466,0.19795038125344686,0.5829393670761159,0.02597455440887383,0.5296697595289775,0.06851539867264884,0.4235541308298707,0.2359087062733514,0.1458861649568592,-0.0142721419355699,0.2070754970024739,-0.03612639794924429,0.34037479226078304,0.31772943612720284,0.04815737158060074,-0.019171356090477536,0.2962481400796345,0.14170110438551223,0.037890655653817315,0.04268476819353444,-0.1061600712793214,0.304742337337562,0.21603288395064218,0.0884606848870005,0.04997097487960543,-0.05705042346380651,-0.04380909114011696,-0.09345122373529843,-0.07637058228387364,0.07738260738551617,0.035994885223252435,-0.08757401470627103,0.007028380142790931,-0.017644034432513372,-0.12287424504756927,-0.019009676362786974,-0.14347791246005467,0.2016644229048065,0.05424433946609497,-0.11224998959473201,-0.11433603867356266,-0.12591105699539185,-0.12474903663886446,-0.1003451475075313,-0.09656919379319463,-0.11560971130217824
ERR1746343,1,-0.12028802558779716,-0.057545977511576245,0.0950747983796256,-0.11263182479888201,0.06135147597108569,-0.1158569511026144,-0.02640817474041666,-0.12707276668931758,0.392734058201313,-0.04695285590631621,0.08328106227730002,0.35000607850296156,0.04440530948340893,0.05637384405625718,0.05553306160228593,-0.012087700090238027,0.3545006572135857,-0.10589555650949478,0.13316274221454347,0.1098337886588914,0.3415916455643518,-0.013238882912056786,0.3392439569745745,-0.03545691392251423,0.27695062437227796,0.10234163994235652,0.04664939908044679,-0.05822583447609629,0.11326862632163934,-0.047589877886431556,0.25816212142152445,0.39040293065564974,0.1332878481064524,0.044544783154768605,0.3403063246182033,0.20208394953182765,0.18207666144839355,0.049700415027993064,-0.03248278237879276,0.40224866742002113,0.3355370398078646,0.22868689468928746,0.11228087810533387,-0.01578800060919353,0.04447249536003385,-0.04803883656859398,0.005241307829107557,0.1627055358673845,0.1142211662871497,-0.019162330643406937,0.19604404882660934,0.07550771002258573,-0.11349668925894159,0.03761117479630879,-0.10596871482474464,0.28729538140552385,0.10602915393454689,-0.09814409598974246,-0.08369559581790652,-0.1208202535552638,-0.1153995373419353,-0.056813017066035955,-0.10373432508536748,-0.12173755134322814
ERR1746344,1,-0.02776668220758438,0.31656537311417715,0.37124201548951014,0.026625051961413453,0.4858235088842256,0.01442411754812513,0.8220907960619245,0.25035386851855684,1.0267318966133254,0.41743957943149973,0.41755996325186323,0.8407701519983155,0.4692712873220444,0.5652051019881453,0.5670916278447423,0.24862708949616977,0.8552826642990112,0.15755606016942433,0.5392451371465411,0.36839999205299784,0.9848704210349492,0.29723672941327095,0.9858312821015716,0.24790620803833008,0.8421244557414737,0.6509240051465375,0.3564623278964843,0.11098679181720529,0.5113003099603313,0.06675890167909009,0.5159232605780874,0.3540462508265461,0.022572500365121023,-0.02474744830812727,0.2186402835484062,0.004582940467766353,-0.1440174292240824,0.07629277131387166,-0.12573993525334767,-0.0026966152446610586,0.08006232710821289,-0.11141727811523847,-0.0682412465768201,-0.06108301977760026,-0.10083968724523272,-0.12338855756180626,-0.12322969169222883,0.054039394216878076,0.022442751697131565,-0.11458826650466238,-0.14853811796222413,-0.07213390937873296,-0.12480983350958143,-0.10966627216631812,-0.11927636712789536,0.03141778747418097,-0.011990348143236977,-0.08448310289531946,-0.11180820346011647,-0.10431195915277515,-0.08370657398232392,-0.09942153029675994,-0.0800403663306497,-0.04849444243258664
ERR1746345,1,-0.01729856271828924,0.3223308154514858,0.3585837408900261,0.041551411151885986,0.4824289179274014,0.011407767555543355,0.7788962210927691,0.3041384954537664,1.0081057261143411,0.4395073047905628,0.42572676283972605,0.8237145755972181,0.4684266969561577,0.5788203850388527,0.5441766477056912,0.2646987467472042,0.8597048542329243,0.1430471826876913,0.5227805668754237,0.37589985451528,0.9685184165303197,0.27717419447643415,1.0063637138477393,0.2683068976870605,0.8268355471747262,0.6952798723110131,0.3515851457736322,0.10531986398356301,0.5178927550358432,0.061996769692216604,0.529227821954659,0.36958442628383636,0.019245066813060215,-0.022830385448677198,0.23191077927393572,0.010586667273725783,-0.1383140433047499,0.08037748294217247,-0.12431518733501434,-0.0176511641059603,0.0683038589320079,-0.11686985992959567,-0.07104167661496572,-0.060874149935053926,-0.10222422650882176,-0.1254870252949851,-0.12141582436327424,0.0697877247418676,0.025584031428609575,-0.11301116538899285,-0.15395199826785497,-0.074371587485075,-0.12807907536625862,-0.10727014647064996,-0.11915507007922445,0.004370031870036785,0.005667334156376975,-0.08579742921782392,-0.11774949486633497,-0.10808580674763237,-0.08495406666770577,-0.10271522429372583,-0.0825567069446801,-0.04805994240034904
ERR1746346,1,-0.035412899617637904,0.29881913108485086,0.36281356907316614,0.013285954482853413,0.463257009429591,0.011428240154470717,0.8012547897441047,0.22523656700338637,0.9987909155232566,0.4025683520095689,0.40991299812282833,0.8264108023473195,0.44845427359853474,0.5407089239784649,0.5568556923951421,0.24110467731952667,0.8435449153184891,0.15900288947990962,0.5249862657593829,0.36058676136391504,0.9501631834677288,0.29191004059144426,0.9577280723356775,0.24857835365193232,0.8278558062655585,0.6287427464766162,0.34504155282463345,0.10813856204705578,0.5040811129978725,0.06704109757473427,0.495861964566367,0.3541302888521126,0.020684330591133664,-0.02641786741358893,0.21918115272585834,-0.0010922998189926147,-0.13897144049406052,0.08022291426147733,-0.1257252341934613,-0.0018640788538115366,0.06685167072074753,-0.10811864757644278,-0.0647068095526525,-0.06135630690758782,-0.10045324372393745,-0.12346464980925832,-0.12446996602895004,0.053697040038449426,0.031003151088953018,-0.11217250834618296,-0.14814517327717372,-0.07319948449730873,-0.12329056539705821,-0.11045645914107029,-0.12096512158002172,0.04408664721995592,-0.009267521756035941,-0.0846526480412909,-0.11225090165888625,-0.10719196538307837,-0.08480389476088541,-0.10013497447861093,-0.08101640807165365,-0.050688545618738444
ERR1746347,1,-0.054417986422777176,0.24292259344032832,0.3152018878608942,-0.016449474596551487,0.3831261033192277,0.01032425365909668,0.7365582691771644,0.14634393155574799,0.9049801805189678,0.35062944729413303,0.385561255472047,0.7678950269307409,0.3855681312935693,0.5202866864523717,0.5075740995151656,0.17830384895205498,0.8205809359039579,0.14798520957784994,0.5487785115838051,0.3587590184594904,0.8157744051090309,0.337708835623094,0.8494154633122629,0.18463663863284246,0.8430164264781135,0.5720328773771014,0.3178843038954905,0.10872944431113345,0.4697456242782729,0.07466173704181399,0.41867598252637045,0.38748372878347126,0.001419444169316973,-0.020492533487933024,0.2038096556706088,-0.0348811075091362,-0.1073374365057264,0.058508830943277905,-0.12089837901294231,0.008767919881003243,0.04121964265193258,-0.08854274983916964,-0.06181221614990916,-0.044805837978076725,-0.09087324781077248,-0.11465585694116141,-0.12449577184660095,0.049654933490923474,0.07513573446444102,-0.10625846683979034,-0.13365234860352107,-0.07681213984532016,-0.11391107897673335,-0.12220498322442706,-0.12679107061454228,0.09610203214521919,-0.03536692341523511,-0.09563584426151854,-0.10036747480210449,-0.1019985710403749,-0.08638961945793458,-0.1027340620223965,-0.08015758517597403,-0.05971169312085424
ERR1746348,1,-0.10205146550600018,0.08086628839373589,0.29136720752077444,-0.07700011772768837,0.2429747565516404,-0.04418008588254452,0.4880962808217321,-0.028817567974328995,0.7338028821562018,0.21571919641324452,0.28924667090177536,0.726004659996501,0.3267215575490679,0.3678465187549591,0.36121163836547304,0.06054793431290558,0.6725070242370877,0.08680348563939333,0.43526565549629076,0.3301614315382072,0.5815808448408332,0.30530309889997753,0.5621867265020098,0.07109019426362854,0.7123228002871785,0.3718861884304455,0.26381479523011614,0.07588959644947733,0.41967968749148504,0.042532045926366537,0.3599880869899477,0.48336378165653776,0.032914466091564724,-0.03896157017775944,0.25713670360190527,0.01083351086292948,-0.017313960207892314,0.03986069081085069,-0.09637942165136337,0.1150058965597834,0.09660072358591217,-0.044147610664367676,0.004028522010360446,0.012884939480240323,-0.06377851058329854,-0.08773536767278399,-0.11311702819408051,0.09505230507680348,0.042763197528464456,-0.08611904403993062,-0.08384115047686334,-0.035835093552512784,-0.11949590912887029,-0.10569008400281225,-0.13579925149679184,0.16187396592327527,0.03706595833812441,-0.08199479464175445,-0.09201885626784392,-0.12025900397981916,-0.05828092174072351,-0.11083254304581455,-0.08489069445723933,-0.07758913242391177
ERR1746349,1,-0.0869571790099144,0.22060023035321916,0.3679256354059492,-0.003913700148197157,0.44201061874628067,-0.008896231385213988,0.6879860716206687,0.10848650445197043,0.9314520806074142,0.32557053012507303,0.3772188989179475,0.8139018778290067,0.4101769285542624,0.4441029232278067,0.5602172698293414,0.12980809302202292,0.7479896736996514,0.09089194238185883,0.5077244735189846,0.32482150197029114,0.8876208662986755,0.20068229202713286,0.8248230302706361,0.22513454939637864,0.7397432997822762,0.4888151873435293,0.31681232195114717,0.064811253121921,0.4132749870685594,0.02225334942340851,0.43588700145483017,0.35014332006020205,0.01016351261309215,-0.027255274089319364,0.2465709282883576,-0.004524323557104383,-0.12089490511321596,0.06479971004383904,-0.12511295239840234,0.05288361332246235,0.06509701375450407,-0.11278952738004071,-0.045329047100884576,-0.07187402906960674,-0.11174090313059944,-0.13238066860607692,-0.12231213067259107,0.052003879632268636,-0.020049137196370533,-0.11575127020478249,-0.1466106708560671,-0.05516396090388298,-0.1271248422563076,-0.0990336744913033,-0.12984307589275496,0.054575385858437846,0.0037140540246452603,-0.08363922126591206,-0.10830349554972989,-0.11498091609350272,-0.09316343474867088,-0.10458256730011531,-0.07667961598573518,-0.05545979831367731
ERR1746350,1,-0.10309276669951421,0.12635347034249986,0.31810811448044013,-0.0584794564970902,0.3477954787834148,-0.016633592545986176,0.5316998767001289,-0.022983531966539367,0.7958345817668098,0.21854278684726783,0.31744734783257755,0.7113416245473283,0.31799122052533285,0.3370934394853456,0.43672690487333704,0.07967269008180924,0.6683424264192581,0.06182384251483849,0.4614837946636336,0.2951924540102482,0.6858065554073879,0.19776604537452971,0.6587784034865243,0.14772776620728628,0.6503301592809814,0.38738960347005297,0.23224054010851042,0.03223806872431721,0.3521568125912121,0.03185390202062471,0.3397555872797966,0.3520313139472689,0.00668113146509443,0.00024806282349995205,0.24495665303298406,-0.002200441701071603,-0.06291992257216147,0.040001200778143745,-0.1177229124254414,0.08433982144509043,0.04261920361646584,-0.0933883147580283,-0.04558148408042533,-0.05161978091512408,-0.09124611211674553,-0.11735335411503911,-0.12316360723759447,0.06465917346732956,0.01674789935350418,-0.10502850583621434,-0.11949874034949712,-0.05761141489659037,-0.12500935101083346,-0.10039612211819206,-0.14138432166406087,0.10314002639747091,-0.007558503321238926,-0.09676529706588813,-0.10376926218824727,-0.11905634935413088,-0.10000335558184556,-0.11163020719374929,-0.08091136006571885,-0.07112911875758852
ERR1746351,1,-0.11074143169181687,0.08984866631882531,0.21238502487540245,-0.07458354716488559,0.24337272558893477,-0.046517656317778995,0.41829223318823744,0.006473028234073094,0.6710969816361155,0.23655894411993877,0.25723627928112236,0.5370271471994263,0.23858380783349276,0.38100372520940645,0.3818875971649374,0.026134167398725237,0.6088031306862831,0.02173186732189996,0.41870297524811967,0.2341423151748521,0.6358748703662839,0.1897798968212945,0.6081494313797781,0.08899521614824023,0.6583011033279556,0.3836173675954342,0.2314474760953869,0.030788074380585125,0.3311699054070881,0.020824475479977473,0.31301227837268797,0.3302240627152579,-0.02604530645268304,0.008958901012582439,0.2413181427067944,0.029761930661542074,-0.010682903762374605,0.05420049226709774,-0.10120472205536706,0.06946203538349696,0.05854476296475956,-0.06877717907939639,-0.037997366062232425,-0.03888665286025831,-0.09134558056082044,-0.1251764322764107,-0.0974054110369512,0.07164341424192701,0.06727312824555806,-0.06859686598181725,-0.07827662942664963,-0.08706920860069138,-0.1256608066282102,-0.07843339922172683,-0.14965657144784927,0.11050948074885777,-0.012542035364146744,-0.11172725180430072,-0.10996075799422604,-0.11790830908077103,-0.10485142868544374,-0.10383226908743382,-0.07904239408006626,-0.0884359058524881
ERR1746352,1,-0.10879877795066152,0.16237558105162211,0.29355398688598405,-0.046483387372323444,0.3396827582203384,-0.020365266794604913,0.5948582674775805,0.02057005972268858,0.8099694846730147,0.25047141978783266,0.32674939025725636,0.7213731738073486,0.3285262095076697,0.3853799466575895,0.499813704884478,0.08448669351803671,0.6814798563718796,0.07368973270058632,0.4626532399228641,0.2870586807174342,0.7436561733484268,0.21773601536239898,0.6894927040806839,0.15438865923455783,0.7166189817445618,0.40514631995132994,0.2789949138781854,0.06151756950254951,0.3820376417466572,0.0277443500568292,0.3579989043729646,0.3506687581539154,-0.0025928254638399395,-0.033366331564528603,0.23718248839889253,-0.004134121750082288,-0.08729262393899262,0.044626981019973755,-0.11874067344303642,0.09303648450544902,0.06135484469788415,-0.0865102367741721,-0.03263140230306557,-0.05166443004938109,-0.10168166777917317,-0.12614254387361662,-0.11618335944201265,0.05035478515284402,0.011893165963036674,-0.10226603331310409,-0.1193306137408529,-0.058993619467530935,-0.12238850497773715,-0.10261373521227922,-0.1398945621081761,0.102451297521059,-0.018523603810795715,-0.09670136948781353,-0.10328946987699185,-0.11545208735125405,-0.09765955366726432,-0.10825505320514951,-0.07941028577209051,-0.07139156705566815
ERR1746353,1,-0.0920331600521292,0.2567529167447771,0.36403688469103407,0.005662430609975543,0.503034276089498,0.007151882164180279,0.7557561823299953,0.1232995901788984,0.9623702046062265,0.3253671494977815,0.3789789362677506,0.8525334737662759,0.4090980461665562,0.5074119988296714,0.5990400016307831,0.1323186575568148,0.7408505827188492,0.10351592568414551,0.5487422786120858,0.3296984295759882,0.9424037507602147,0.23569576761552266,0.8846392034153853,0.23278698351766383,0.786912410386971,0.500260743711676,0.345076034111636,0.09407631866633892,0.42598190531134605,0.019904901938779012,0.4477942298565592,0.3608975373208523,-0.0009700783661433629,-0.03156653419137001,0.23366783452885492,-0.0025418560419763836,-0.12432176619768143,0.03722653604511704,-0.1169232636956232,0.06646247208118439,0.08256300538778305,-0.1070067435503006,-0.042103171082479615,-0.0644517479730504,-0.11592897985662733,-0.13432330851043975,-0.11645853333175182,0.03528254984744957,-0.023865171309028353,-0.1206030999975545,-0.1461736559867859,-0.055528933980635235,-0.1279878823884896,-0.09872976085171103,-0.12792400217482022,0.05036759562790394,-0.018699554460389272,-0.090670191416783,-0.1068366451321968,-0.10962375679186412,-0.0888809039523559,-0.09990111804966416,-0.07151292464862179,-0.05381512801562037
ERR1746354,1,-0.08777459817273277,0.2026911973953247,0.3537281480218683,-0.02036246657371521,0.4227432691093002,0.010710492197956358,0.6979375651904515,0.07540121235485588,0.9023823919040816,0.3148523521210466,0.3842346061553274,0.8032441048749855,0.37525060240711483,0.465484262577125,0.552772516650813,0.11035404786733645,0.738630833370345,0.1088181377521583,0.5569426704730306,0.32212131151131224,0.8460937546832221,0.25960678713662283,0.8044103591237217,0.19468756578862667,0.7600310572556087,0.4535240767457123,0.31562344304152895,0.08901091332414321,0.40358961187303066,0.02790041161434991,0.39214728346892763,0.35850599301712854,-0.0057785095913069585,-0.024830698434795653,0.22718425347868884,-0.02637247315474919,-0.10634242902909007,0.03824927977153233,-0.11835328489542007,0.054975327636514394,0.05055635103157589,-0.1017311257975442,-0.04784323700836727,-0.058315029401066046,-0.11145710732255663,-0.13278729042836598,-0.12010594510606357,0.03554280529663499,0.009256171860865183,-0.1150298145200525,-0.1355968319943973,-0.052455042355826924,-0.12359386735728808,-0.10788434178435377,-0.13186177345258848,0.07207233964332513,-0.025819273931639537,-0.09127023669758014,-0.10183975353304829,-0.11181630486888545,-0.09325499925762415,-0.10533778768564973,-0.07374202215578407,-0.05960004962980747
ERR1746355,1,-0.12292829914284605,0.05179148340331657,0.22184573167136737,-0.11104130079703671,0.20276637268917902,-0.05481259950569698,0.3170214167663029,-0.11650696849184376,0.6249493466956275,0.10983120397265468,0.24500389317316668,0.5291307533958128,0.1880421724968723,0.21434221203838075,0.2771617280585425,0.010666025270308768,0.525538971381528,0.012739289551973343,0.3490150471750115,0.20090156846812793,0.4679974275142221,0.1621902393443244,0.4636658344949995,0.007475404867104122,0.543982666518007,0.24974347637700184,0.16681598552635737,0.021302495950034687,0.2651020054306303,0.01599969980972154,0.2598345769303186,0.3919482891048704,0.025162190731082643,0.0060510171045150074,0.27240700487579617,0.028997711837291718,0.06485218714390482,0.02359666781766074,-0.09772119298577309,0.18281806153910501,0.08694088547157922,0.01046492691550936,0.016081643290817738,-0.016153798837746893,-0.022501781582832336,-0.07446411012538842,-0.09619223432881492,0.03287170960434845,0.05797473341226578,-0.05894805384533746,-0.012517644491578852,-0.027489552008254186,-0.11483003624847957,-0.08700581852878843,-0.1468971339719636,0.17736581077666155,0.00014036734189305986,-0.09629576639937502,-0.09382399836821216,-0.11542238108813763,-0.10867754742503166,-0.09813899972609111,-0.08914305502548814,-0.10823942135487284
ERR1746356,1,-0.12268959105546985,0.09678067586251668,0.2267317505819457,-0.09813122371477741,0.22417747601866722,-0.06495581673724311,0.37021589605137706,-0.10215531449232783,0.6820272539875337,0.14319110555308207,0.2656151271824326,0.5493736695498228,0.2294252441663827,0.2428880621279989,0.33784378532852444,0.04634136546935354,0.5453126811023269,-0.001978623015539987,0.3592933272676809,0.22213332780769893,0.5891134494117328,0.1293263350214277,0.5104468895920685,0.052855590624468665,0.5920277110167912,0.29819437329258236,0.20101594319567084,0.020204089315874234,0.27372283807822634,0.009556245058774948,0.31977262028626036,0.3656002474682672,0.0005769809441907066,-0.009579999106270927,0.2903012643967356,0.051672915795019696,0.01041267067193985,0.04652015385883195,-0.10449646200452532,0.17861423002822058,0.09853413701057434,0.002754853240081242,0.01235458574124745,-0.051875210367143154,-0.048777635874492783,-0.09570058541638511,-0.10095052088477782,0.03888191282749176,0.03064506926706859,-0.059512214469058175,-0.05707480093198163,-0.053650864000831334,-0.1134551257959434,-0.09489787875541619,-0.1497893322791372,0.16016551552872574,-0.012565141809838158,-0.09905553343040603,-0.0982086439284363,-0.11102136580406555,-0.10980408479060445,-0.11285775021782943,-0.08525098853611521,-0.09389218262263707
ERR1746357,1,-0.1144051445381982,0.0833542559828077,0.25140787341765,-0.10245313788098949,0.23882512375712395,-0.0503272818667548,0.3729138318449259,-0.10420580953359604,0.7036655466737491,0.16405904399497168,0.27966337624405113,0.5643883160581546,0.23164995812944003,0.2509066792471068,0.3543433802468436,0.0352581078685554,0.5685565699157971,0.015744566917419434,0.3562143327934401,0.2228969500533172,0.5888595538479942,0.13552320642130716,0.5155102115656648,0.05450260532753808,0.5869380384683609,0.30335808971098494,0.19473161747945206,0.014226590416261129,0.26846051355823874,0.014304943914924349,0.3117696163909776,0.35197398172957556,0.011418050487658806,-0.001392011663743428,0.29116406983562876,0.031064643391541073,0.007500068417617253,0.0544617303780147,-0.10898746017898832,0.1665581273181098,0.08094868981944663,-0.0027568499956812176,0.0057719677154506955,-0.05655499294932399,-0.036983302661350796,-0.08880515715905599,-0.10336390756336707,0.03444703242608479,0.03600491264036724,-0.06737466688667025,-0.06431474624228681,-0.05013803179774966,-0.11545864652310099,-0.08891316130757332,-0.14964593201875687,0.16515591314860753,-0.007911090872117452,-0.09822476389152664,-0.10032972666834082,-0.11707893838839871,-0.10820419846900872,-0.10516211922679629,-0.08334270482217628,-0.0919826759823731
ERR1746358,1,-0.12066230470580715,0.048262275755405426,0.2166506727891309,-0.11820041122181076,0.21880116845880235,-0.05936959824923958,0.32696917014462606,-0.0958544814160892,0.6419956300274602,0.15092266404203006,0.25531479263944284,0.5364833527377674,0.22118149810869778,0.25815210172108244,0.3008672504552773,0.010121319176895278,0.5526280679873058,-0.005702036832060132,0.3169020377099514,0.20837819097297533,0.5316725602107388,0.1447498175714697,0.5011501290968486,0.04104758266891752,0.5761280134320259,0.29538818980966297,0.17912841854350908,0.026297588167446,0.2801199658175132,0.017696838825941086,0.31180345533149584,0.36331699043512344,0.012830849204744612,0.0024564040026494433,0.27422510885766577,0.04458302419100489,0.037115535565785,0.028402074506240233,-0.10176021818603788,0.15771597304514476,0.0949888788163662,0.014831919755254473,0.015574370311307055,-0.029288227802940776,-0.03430683485099247,-0.0805589711027486,-0.09900359463478837,0.04413381378565516,0.0372977288705962,-0.057502824280943186,-0.03311485837080649,-0.03949428349733353,-0.12008508933441979,-0.08269555228097099,-0.14778735169342586,0.16122947127691337,0.0018545293382235936,-0.09872017827417169,-0.09970460087060928,-0.11995369302374977,-0.11000290060681957,-0.10049286005752427,-0.08929531203050699,-0.1052230176116739
ERR1746359,1,-0.10087467863091401,0.06762182459767375,0.27025193188871655,-0.08824956942615765,0.23763640224933624,-0.057488283408539634,0.30329904292843174,-0.09609821970973696,0.7009423284658364,0.16498333002839768,0.25928838710699764,0.647184665531053,0.2428404444030353,0.2514320750321661,0.30863556172698736,0.03760539660496371,0.5889304660792861,-0.023288261145353317,0.33860469293514533,0.29007500622953686,0.6151365341086473,0.09730215157781329,0.5268559926854712,0.09456946275063924,0.5894036037581307,0.29100541664021357,0.20414013335747377,-0.008496813209993499,0.28669368316020283,-0.000548031713281359,0.3226531416709934,0.4074775033763477,0.012417128442653589,0.011256441473960876,0.3283876468028341,0.09042824139552456,0.0005997938237019948,0.03440769123179572,-0.1044832393527031,0.18160432417477881,0.10524666542187333,-0.020367540419101715,0.0009719873113291604,-0.06956333494079965,-0.07069590155567441,-0.09639963507652283,-0.11063228810339101,0.08386605286172458,-0.014714862086943217,-0.06822456206594195,-0.0756819477038724,-0.0443161091867036,-0.1203557944723538,-0.05095330838646207,-0.1435770062463624,0.1724353153258562,0.030495266829218184,-0.09558847307094506,-0.10385181342384645,-0.11718600615859032,-0.11078398262283631,-0.11495659686625004,-0.08584950135887734,-0.07776443021638053
ERR1746360,1,-0.10681271393384252,0.0002643104110445295,0.18632970989814826,-0.10882553790829011,0.1436048662289977,-0.06551087062273707,0.09032425750046968,-0.1351566825594221,0.5230902632964509,-0.02800587218786989,0.1816084235906601,0.45918359447802815,0.057211725041270256,0.06741974077054433,0.12126913580245205,0.009928284479039056,0.4263532449092184,-0.043391600251197815,0.29437816409128054,0.16914792066173895,0.3134145417383739,0.03822722392422812,0.36299379808562143,-0.04989236327154296,0.3071204535663128,0.061603585191603215,0.1024798787465053,-0.03668753377028874,0.14907163315053498,-0.012283505073615484,0.192008376121521,0.47395273697163376,0.10034103691577911,0.04288968766507294,0.3258612794535501,0.15467622290764535,0.23286791145801544,-0.01807383188445653,-0.0490373612514564,0.354448603200061,0.19953849725425243,0.12917152476230903,0.09846685866692237,-0.005175221179212842,0.050528425191129954,-0.013515765645674296,-0.08295153826475143,0.0549072939902544,0.05922430381178856,-0.012901807736073221,0.09722627380064555,0.060079937534672875,-0.12250300869345665,-0.022785179316997528,-0.12578832038811275,0.2885074349386351,0.07581140739577157,-0.10211084397243601,-0.07750753925314971,-0.084237917725529,-0.093436927800732,-0.0755151566118002,-0.0994957567059568,-0.13795479706355504
ERR1746361,1,-0.10686383981789861,-0.052520557173660824,0.006183803081512451,-0.09356193550463233,0.004481601927961622,-0.10290379476334367,-0.10449356585741043,-0.09906989389232226,0.251602300043617,-0.14632242279393332,-0.005409380154950278,0.27665515350443975,-0.10551839029150349,0.05049591192177364,-0.04713510003473077,0.026870627222316607,0.14559178533298628,-0.14990699078355516,0.11196178730045046,0.162924235952752,0.2527577388006778,-0.029260734362261637,0.17964667826890945,-0.05621259233781269,-0.005889412547860827,-0.049686123217855184,0.006772622466087341,-0.10516228899359703,0.03476280363559324,-0.06844837326622967,0.10635819685246263,0.4146244983587946,0.30837243063641445,0.19082659482955933,0.4680661218506949,0.6124519375818116,0.5388711637684277,0.15765990476523126,0.2440323308110237,0.6505467296311898,0.8190034101051944,0.5204247401228973,0.41638606786727905,0.04575630224176815,0.39492422874484745,0.122542765257614,0.18722572922706604,0.3430453432457788,0.26691490943942753,0.09638269884245736,0.4150132973279272,0.3119156283459493,-0.09824625189815249,0.24262721224554948,0.05425066447683743,0.5472074768372944,0.41918189717190607,-0.06019955075212887,0.05753019292439733,0.07467150315642357,-0.04509092441626957,0.0384052928004946,-0.15489262342453003,-0.07472182171685356
ERR1746362,1,-0.12245179606335503,-0.07122194766998291,-0.00915334586586271,-0.10954489385975259,0.10754555038043431,-0.109087701354708,-0.06680928383554731,-0.09845124950100269,0.25262012439114706,-0.12088432339286166,-0.022296114691666195,0.31582305154630114,-0.07807019193257604,0.06931334414652415,-0.06376923115125724,0.062318740146500726,0.17850213604313986,-0.13442551238196238,0.13892324747783796,0.11961747972028595,0.2527146302163601,0.00955268953527723,0.23637546013508523,-0.015536131071192878,0.0101889967918396,-0.03295110112854412,0.04874762041228158,-0.08043803753597396,0.0634084256099803,-0.10500933163400207,0.23885627835988998,0.44164191292864935,0.20432330880846297,0.1605930615748678,0.45365747809410095,0.3638906755617687,0.42244790946798666,0.12637809185045107,0.1473294741341046,0.6155920177698135,0.6960192402558667,0.37733101369147853,0.26419693550893236,-0.05910457191722734,0.2363542222550937,0.07884330315781492,0.07148278504610062,0.2388350692178522,0.17600665424418235,0.04218359078679766,0.2842907894934927,0.14062963000365666,-0.09398100631577629,0.18583644713674272,-0.003421714263302939,0.31409309804439545,0.49004170085702625,-0.08275431341358594,0.03518313701663699,-0.010352796209709985,-0.03486089089087078,0.04583757157836642,-0.14056220544236048,0.0006676433341843742
ERR1746363,1,-0.11182855069637299,-0.1078052685729095,0.03317987333450999,-0.09590364580175706,-0.05832696280309132,-0.09682670102587768,-0.11719664399112974,-0.06815872501049723,0.18251444292919977,-0.12661768975002424,-0.049574750874723704,0.1747372608099665,-0.11984123449240412,-0.012929617294243403,-0.11030669510364532,0.039660051465034485,0.16896662541798182,-0.14215818420052528,0.10534453485161066,0.0557808844106538,0.08771128699715648,-0.008697687515190669,0.09672200493514538,-0.10384729823895864,-0.07346571130411965,-0.07434376355792795,-0.01152013401900019,-0.06800660810300282,0.044029955053702,-0.09421894805771965,0.4029321332595178,0.6078536063432693,0.410629004240036,0.4287277034350804,0.5375845921891076,0.3537158726581505,0.5031106354934829,0.12958546368671314,0.3872435712920768,0.6107533531529563,0.7357128826635224,0.5746476905686515,0.2826471807701247,0.05966825836471149,0.27573111706546377,0.0783521586230823,0.19202600871878012,0.3497438511944243,0.23253929768023746,0.0689847357571125,0.4889261871576309,0.3270637085661292,-0.08719968582902636,0.33697872289589476,0.14088395237922668,0.4346772599965334,0.5802389346728367,-0.05491937404232366,0.14241312444210052,0.022509171872765625,0.037389891488211494,0.2814926286893232,-0.08943856880068779,0.07763170025178365
ERR1746364,1,-0.13387587719729968,-0.03503238409757614,0.08782267676932472,-0.11703936596001897,0.06828866686139788,-0.13435132375785283,0.024130888815437044,-0.08240749068292123,0.29881351654018673,-0.021092147699424198,0.029148124158382416,0.3387101095701967,0.03634189189012561,0.12368689410920654,0.04955209099820682,0.008021751418709755,0.2947317010590008,-0.06575807396854673,0.12410949543118477,0.11267145723104477,0.39169701827423914,0.027680082778845514,0.39806471445730757,0.007078076047556741,0.2559644889884761,0.12612640698041236,0.059600643547517915,0.003207267927271979,0.22136708508644784,-0.08184178279978889,0.3691488467156887,0.43837423090423855,0.1129250546385135,0.13195779813187464,0.3199819326400757,0.245139017701149,0.16008200496435165,0.10461342654057912,0.03438343606623156,0.3728103201304163,0.3634134201066835,0.24863356884036744,0.06902850845030375,-0.006384681910276413,-0.00541968856539045,-0.0756613651423582,0.06337888565446649,0.20407390807356154,0.09780873225203582,-0.04708267482263701,0.17157587675111635,0.04572529611842973,-0.09907438606023788,0.12067179508241159,-0.09089930355548859,0.18796829227358103,0.2135086857846805,-0.11305875570646354,-0.026407021496977125,-0.121742525271007,-0.10161691425102097,-0.02136992769581931,-0.10915725571768624,-0.052456725920949666
ERR1746365,1,-0.1051696240901947,-0.11265309101768903,-0.00886022299528122,-0.10027962510607072,-0.028599451695169722,-0.10458292652453695,-0.11583312387977328,-0.0814364520566804,0.17411193145172937,-0.12223195710352489,-0.051768637661423,0.12465606204101018,-0.10477195094738688,0.047096402517386844,-0.12188541942409106,-0.028772973588534763,0.1819142350660903,-0.13924237872873033,0.10170461397085871,0.05932383345706122,0.20912256251488412,0.057368142530322075,0.18352793795721872,-0.12185059361425894,-0.03589778925691332,-0.04079214270625796,0.024159271802221025,-0.0964362525514194,0.0029869843274354935,-0.10129628277250699,0.30880436833415714,0.48375529795885086,0.35720416052000864,0.33217852136918474,0.38303981934274944,0.429508170911244,0.49153369053133894,0.09147388062306813,0.29213859513401985,0.5671887642570904,0.6730530711689166,0.4404118311192308,0.19264816067048482,0.07531543202432138,0.33558142983487677,0.06686572012092386,0.1594846887247903,0.3100641151624067,0.3241313823631832,-0.007977808160441262,0.4468446783721447,0.21285098205719674,-0.11024677487356323,0.30211832161460606,0.13138595835438796,0.35645370750821065,0.4385246528046472,-0.02160885078566415,0.11186018266848155,-0.05149487618889127,-0.03728304843285254,0.3646197132766247,-0.13116586953401566,0.05274419167212078
ERR1746367,1,-0.11984526153121676,-0.1215801052749157,-0.02789322712591716,-0.10486299225262233,0.02003665268421173,-0.07644736420895372,-0.12181801881108965,-0.07896464584129197,0.13518565786736353,-0.11204248613544873,-0.050489552319049835,0.11463897888149534,-0.11919165083340236,0.015917639647211348,-0.10488812252879143,-0.019664920334305083,0.11050571368208953,-0.14687142734016692,0.07265880331397057,0.04520477248089654,0.14813959704978125,0.044660116146717756,0.13902099829699313,-0.11691335828176566,-0.026962158403226306,-0.06429796612688474,0.028070059205804552,-0.06796011035995823,0.010753701574036054,-0.10207494986908776,0.3330037078953215,0.4560343607195786,0.30590264233095305,0.2943996361323765,0.368391039116042,0.33654471061059404,0.6041521435337407,0.06107142780508314,0.26747923344373703,0.5798611082136631,0.5678095033259264,0.46893496811389923,0.1972571164369583,0.09989916586450168,0.3610980420240334,0.12826623368476117,0.15886638247008836,0.2618752696684429,0.29178887818540844,-0.029239877792341367,0.49838543417198317,0.25038138930020587,-0.10533486945288521,0.3591118621240769,0.14786177620823895,0.32878934192870346,0.5163816844246217,-0.007733997356678758,0.1746128142944404,-0.005324212035962513,-0.008398188011986869,0.48803636484912466,-0.1308023019560746,0.1176992016179221
ERR1746368,1,-0.0686831261430468,0.24593096332890646,0.4133876157658441,0.024932299873658588,0.48892473855188917,0.01797225060207503,0.7707160924162183,0.09134559466370515,0.9724147596529552,0.3612291137022631,0.4108715546982629,0.8893578299321234,0.4340364507266453,0.4860301305140768,0.6021571047604084,0.16079365568501608,0.785743921995163,0.11412298040730613,0.6100061791283744,0.37343633121677805,0.9617137919579234,0.24211233322109496,0.854593343234488,0.2095122866199485,0.7632537239364215,0.4728794257555689,0.31887768262198996,0.07618952303060464,0.4189472584319966,0.029306954571178982,0.431754184620721,0.35621409863233566,0.018123904509203776,-0.022412347474268506,0.23900581523776054,-0.024658738103296076,-0.12449955567717552,0.05320229594196592,-0.1228846428649766,0.025071996663297926,0.05146548790591104,-0.11722164547869138,-0.06895829364657402,-0.07090025654594813,-0.10523031332663127,-0.1275458825486047,-0.12148838410420078,0.05926261789032391,-0.011769024921315057,-0.12197506055235863,-0.14660498925617763,-0.048744723200798035,-0.12284191165651594,-0.1067086939832994,-0.1244940310716629,0.0466411709120231,-0.0257950382573264,-0.0783737131527492,-0.1003315286112151,-0.10722210364682334,-0.08530008613264986,-0.10401452332735062,-0.07182681621634401,-0.04737414459564856
ERR1746369,1,-0.1289731881448201,-0.05139190810067313,0.04662987802709852,-0.11707792710512877,0.07952451360012804,-0.11891978021178927,-0.0561171897820064,-0.11140915405537401,0.2869816156370299,-0.10186457474316869,0.017107032372483184,0.3331353946455887,-0.025489353707858493,0.06252319578613554,0.006681387745110052,0.029110705479979515,0.25693871293749126,-0.13170211762189865,0.17298725034509385,0.17652238320027078,0.33490305872900145,-0.015708976558276584,0.25776370827640804,-0.04267323536000082,0.08956133361373629,-0.01645559079146811,0.035266686763082235,-0.07480626446860177,0.1140073442033359,-0.07160733959504537,0.1600574658119253,0.3565054650285414,0.20258050518376486,0.10083425151450294,0.36940779217651915,0.34173756784626413,0.3314921725541353,0.0020116599542754038,0.06906141021421977,0.39616355459604946,0.4167119022458792,0.2759815050022943,0.16311088097946985,-0.04141378056790147,0.1428400150367192,0.004674515553883144,0.02021108940243721,0.2241590651018279,0.1434755711151021,-0.027562860399484634,0.23597507498094014,0.05781485293326633,-0.10437126244817461,0.11625859939626285,-0.06590652572257179,0.35787835717201233,0.25562602148524355,-0.0928939740572657,-0.028159423332129205,-0.057097495666572025,-0.12054252305201121,0.0033301115036010742,-0.12671242654323578,-0.0756310203245708
ERR1746370,1,-0.11134572114263262,-0.04099129965262754,-0.004608570465019771,-0.1010485069294061,0.02472696453332901,-0.11299906404955047,-0.0907453064407621,-0.09685748496225902,0.2480257126901831,-0.13907886615821294,0.004283486117076661,0.2945822020327406,-0.10327702494604248,0.0665518833058221,-0.05108315923384258,0.02837555855512619,0.18525962331997498,-0.15550087605203902,0.13463686912187509,0.15446972527674266,0.2716530290033136,-0.026153549551963806,0.22062237773622786,-0.05958373485399144,0.02988273331097194,-0.05014785272734506,-0.004433001724204847,-0.1060933034334864,0.04260121744924358,-0.06294112359838826,0.100656765380076,0.3958055057695934,0.27701198076829314,0.17250920299972808,0.4973893527473722,0.5459539805139814,0.48736837825604845,0.12828235434634344,0.2098599374294281,0.6127524359949997,0.7783360899026904,0.5106325077691248,0.3941900823265314,0.016663016086178168,0.4027722658855574,0.07259986656052726,0.204812421596476,0.33916323419128147,0.25954675687743084,0.062437589812491624,0.38264685975653784,0.22502002811857633,-0.10136916594845909,0.24277006462216377,0.04608913904095451,0.5215032121964863,0.39386833033391405,-0.039911976882389615,0.012817080531801497,0.019330963093255247,-0.08067161589860916,0.07625727621572358,-0.14668131406818116,-0.06577331679207939
ERR1746371,1,-0.11541344544717244,-0.061446411801236014,0.025796088789190565,-0.10654586207653795,0.05550054035016468,-0.09047406592539378,-0.09413571868624006,-0.1041652640061719,0.31775082275271416,-0.12141447727169309,0.015953197543110167,0.360971530101129,-0.05850101209112576,0.051579334906169345,-0.035030358870114596,0.039232491116438596,0.1973917589057237,-0.14566645744655812,0.12659791590912,0.19948809860008104,0.2678188979625702,-0.029645666480064392,0.23698835500649043,-0.034778207008327754,0.012656363525560923,-0.03298823229436364,0.004692673683166504,-0.10135327332786151,0.08318713959306479,-0.07203889159219605,0.09040162875317037,0.39380492323211264,0.28767208222831997,0.15588631268058503,0.40159801713057924,0.539820946753025,0.46804726576166494,0.04837031875337873,0.1458028932767255,0.5454167313873768,0.6456769417439189,0.4153565021364817,0.30519049029265133,-0.025401246334825243,0.24775597240243638,0.11910246445664338,0.03036527069551604,0.28299864168678013,0.15087066351303033,0.05985903314181736,0.3283505971942629,0.19546273137841905,-0.10633039261613574,0.14584784076682158,-0.013520574729357446,0.48048983407872065,0.38994900775807245,-0.09744042730224985,0.024693729622023448,0.02457377820142678,-0.0818488821387291,0.013051540457776614,-0.13749467049326217,-0.09794457895415169
ERR1746372,1,-0.09828632032232625,-0.06530052769396986,-0.03583141629184995,-0.07859091008348125,-0.0018621012568473816,-0.11882976469184671,-0.10821867202009473,-0.08331568003632128,0.1638635072324957,-0.13682108798197337,-0.008796815627387591,0.1855254460658346,-0.09348159868802343,0.018086649477481842,-0.09638515646968569,-0.006956569052168301,0.10550785384007863,-0.1415897575872285,0.16943092750651495,0.08725040831736156,0.23677581122943334,0.007982317358255386,0.16193303252969468,-0.12470313693795886,-0.043395646448646276,-0.06818342235471521,0.04623927282435553,-0.10764067407165255,0.01061895170382091,-0.07122671575884201,0.29617527925542425,0.5433684630053384,0.3789867396865572,0.264711198796119,0.5238140246697834,0.39671355181573226,0.4439232245619808,0.17007996940187045,0.3743899656193597,0.6432747143719878,0.7974593309419495,0.6198051550558635,0.3953912194286074,0.12091088241764478,0.43370877685291426,0.03352235896246774,0.24425638360636576,0.32334994950464796,0.2933621544923101,0.05383577776540603,0.5041334225929209,0.371438631521804,-0.07559019007853099,0.23388115529503142,0.14072406983801297,0.46351748518645763,0.42901335656642914,-0.0076258875030492035,0.08456704951822758,0.02378427323752216,-0.006393769755959511,0.20167252408074482,-0.12138515231864792,0.046766166176114767
ERR1746373,1,-0.12231924597706113,0.06791684184489506,0.23847810019339835,-0.10653997957706451,0.16274981839316233,-0.04813516326248646,0.366275603217738,-0.09691814226763588,0.6652010429118361,0.1522021410720689,0.25219897872635294,0.5421605365616935,0.20720173232257366,0.23861220159700938,0.30253550729581286,0.042596347097839625,0.5710518658161163,0.08802738359996251,0.36464014436517445,0.222947537366833,0.46822543481331586,0.23456349489944323,0.48258371225425173,-0.012010096439293452,0.6231583846466882,0.2668176623327391,0.1633418324802603,0.04098659580839532,0.35169343863214764,0.04746693479163306,0.2580923028290272,0.41645291660513195,0.041523075596030266,-0.0061300138809851235,0.23938183805772237,0.03615553783518927,0.047490948012896946,0.024369639477559497,-0.0954162741878203,0.14026638386504992,0.055445010640791485,-0.01893966645002365,0.010080404579639435,0.01664303319661745,-0.02288163879087993,-0.08049324261290687,-0.10758567348654781,0.058162876537867954,0.08529535095606532,-0.03901528926300151,-0.04209934228232929,-0.05084294745964663,-0.108173775353602,-0.11875562572718731,-0.1403870220695223,0.21212161367709217,-0.005224523001483509,-0.07533989394349712,-0.08614117851746934,-0.09350818927798953,-0.08878277747758798,-0.10593222294534956,-0.09182303292410714,-0.10410548480493682
ERR1746374,1,-0.1199356381382261,0.03416549281350204,0.21942632858242309,-0.10433236456343106,0.13145446990217483,-0.057105542825801034,0.28584405833057,-0.1111145189830235,0.6328825711139611,0.13322291203907557,0.2169539874552616,0.5048623574631554,0.18773802376485296,0.17390222528151103,0.24894353640930994,0.01114397362938949,0.5500343112008912,0.042077714311225076,0.297643140490566,0.21116691614900315,0.4123647628085954,0.1710545121292983,0.45048071976218906,-0.02812753271843706,0.5552513280085155,0.24772052746266127,0.12930211211953843,-0.002171072709773268,0.293995093022074,0.044477609651429315,0.22502900008112192,0.41769938064473017,0.04060381913690695,0.007913866213389806,0.2387675822579435,0.06195817781346185,0.06200127729347774,0.026565164859805788,-0.09458474947937898,0.16216968638556345,0.06484457584364074,-0.013353673475129264,0.003217194229364395,0.00973238782691104,-0.012335332376616341,-0.06953720216240201,-0.1041898231155106,0.07210448277848107,0.0659145468047687,-0.020292939950845072,-0.02314221752541406,-0.04953002291066306,-0.11120405314224106,-0.11144999215113265,-0.14164199573653086,0.21337678389889853,-0.003925765199320657,-0.08305939978786878,-0.08943486187074866,-0.09896053905997958,-0.09698378081832613,-0.10752807770456586,-0.0918072630385203,-0.10782536491751671
ERR1746375,1,-0.11864053191883224,0.05058035573789051,0.17927976644464902,-0.10960376023181848,0.1641455122402736,-0.06791961219693933,0.26241553468363626,-0.09718067305428642,0.6061053523527724,0.14063446130603552,0.20228161702730826,0.48173542214291437,0.2227683442511729,0.20480814363275254,0.27392456574099405,-0.004668591810124261,0.5190818102232048,-0.011172176471778325,0.2751967938882964,0.21380418964794703,0.4745910241534667,0.1393629823412214,0.4776471432830606,0.0012289051498685563,0.5516530850103923,0.2593978952084269,0.12474371013896805,-0.005590428465179035,0.2518456836364099,0.017088429470147406,0.26049633004835676,0.37085612756865366,0.01585589028296194,0.006809829601219722,0.22706655025415654,0.06760511015142713,0.060702741146087646,0.01135083128299032,-0.10488988033362798,0.19236179228339875,0.10195586617503848,0.019659599023205892,0.008696007076650858,0.0014689357153006963,-0.02281107859952109,-0.08855056230510984,-0.10241541409465883,0.05945995769330433,0.04529113109622683,-0.050185839512518475,-0.012346405935074602,-0.04432296007871628,-0.12122292390891484,-0.08972406826381173,-0.1456441432237625,0.16330186517110892,-0.006942701126847949,-0.08844094031623431,-0.09502202152673687,-0.11706501032624926,-0.11615121683904103,-0.0973885293517794,-0.0897877337411046,-0.10810617942895208
ERR1746376,1,-0.115671413817576,0.022155252418347766,0.18512656752552306,-0.1114896224545581,0.13194174000195094,-0.06542248598166875,0.2076148060815675,-0.10663084951894623,0.5842096826859883,0.11938993020781449,0.18484790037785256,0.45097048208117485,0.18243164782013213,0.17464234892811095,0.24211841076612473,-0.024520036365304674,0.5060025581956974,-0.026649752498737404,0.264585708667125,0.19603282798613822,0.4165020752698183,0.11976079110588346,0.4432542270847729,-0.019360861075775965,0.5085904502442905,0.23335210672978843,0.11366025784185954,-0.02268867114824908,0.2384723210707307,0.011454209685325623,0.2410108255488532,0.3761643778000559,0.025209697229521617,0.03553664471421923,0.25033531178321156,0.07179616178785052,0.10582885944417544,0.017657080282723264,-0.09105328310813222,0.2055238809968744,0.1039241339479174,0.0369236096739769,0.004054614209703037,-0.0019226358937365668,-0.008837704147611345,-0.07627946085163526,-0.09455717674323491,0.07633413480860847,0.05227008781262806,-0.031349487602710724,0.021063552903277532,-0.03776511549949646,-0.11951961634414536,-0.08581261097320489,-0.14263323162283217,0.1738783379218408,0.006533783993550709,-0.09239504167011806,-0.08679126841681344,-0.11616402491927147,-0.11450378224253654,-0.09386827796697617,-0.0890081844159535,-0.11286600040537971
ERR1746377,1,-0.11259205479707037,-0.004688184708356857,0.18769494257867336,-0.11622405930289201,0.09321991194571767,-0.0664351461455226,0.16586336653147424,-0.12013616732188634,0.5739982891827822,0.09955106622406415,0.17589899711310863,0.43948512178446564,0.16202049968498095,0.13297375504459655,0.1863359771668911,-0.031040871515870094,0.48814620453465196,-0.011896524578332901,0.2128034814127854,0.18600318474428995,0.3428067901570882,0.11318253938640867,0.40831937960215975,-0.04034166410565376,0.479841342994145,0.20617909037641116,0.0942815441106047,-0.03109096615974392,0.24464502904031957,0.024118636335645403,0.22426704822906426,0.4237435587814876,0.049513001394058974,0.029453898114817485,0.24385069576757296,0.10732151780809675,0.13057865415300643,0.020055682348486568,-0.08855547436646052,0.2291233499667474,0.11021366801911167,0.05933299979993275,0.02727817983499595,0.02326834574341774,0.026351477418627058,-0.04690860956907272,-0.09340904120888029,0.08975808615131038,0.07007698102721147,0.000807319235588823,0.04376178168292556,-0.008240583751882826,-0.11811284880552973,-0.08706340832369668,-0.13787133885281427,0.2191255454506193,0.030474270028727397,-0.07999595361096519,-0.08369876178247589,-0.10932028559701783,-0.10552188221897398,-0.09446449843900544,-0.09321288697953735,-0.12218417865889412
ERR1746378,1,-0.1155960642998772,0.07207303707088743,0.2674794282232012,-0.09286232159606048,0.23480018055332558,-0.04853310648884092,0.37528164631554056,-0.07544464937278203,0.7419306411008749,0.1826616432517767,0.260956236826522,0.6060123419655221,0.25130132692200796,0.22736928931304387,0.33816451153584887,0.03442170497562204,0.619196528834956,0.019070263353309462,0.3378923037754638,0.2566443085670471,0.5601024963626904,0.13769993079560144,0.5583489675607,0.049935915640422275,0.5918673117245946,0.33144696542461005,0.1755383594759873,-0.016744398245854036,0.30593837185629774,0.03008419248674597,0.26858087948390413,0.3467214394892965,0.012052181043795176,-0.0020115295691149576,0.25955135907445637,0.06757962597267968,-0.015022709433521544,0.045730129948684146,-0.11620643096310752,0.1553236139672143,0.06947728752025537,-0.03874606852020536,-0.00435510224529675,-0.04555724973657301,-0.04879369247438652,-0.08785201822008405,-0.11402462050318718,0.0756473746150732,0.014142735728195735,-0.0532753552709307,-0.08985378007803645,-0.07875472732952662,-0.11695463316781181,-0.11330055219254323,-0.14813111403158732,0.1643872300961188,0.0010579175182751247,-0.09001846691327435,-0.09804765920021705,-0.11012853841696467,-0.10725651681423187,-0.11497947068086692,-0.08728351457310575,-0.08287741030965533
ERR1746379,1,-0.12660150123494013,0.028096652988876616,0.2052702802632536,-0.11321616279227394,0.11136898824146815,-0.055212731805763075,0.25724238263709204,-0.1314460310719109,0.6023581592100007,0.08779028696673256,0.20552939043513366,0.4879646971821785,0.15116317250898906,0.16508948377200536,0.21086583605834416,0.0074653189097132,0.5197380951472691,0.05571921169757843,0.289735737655844,0.1945914700627327,0.34090723203761236,0.19048664505992616,0.40049754083156586,-0.05274803617170879,0.5400625573737281,0.2085660065391234,0.1176751357104097,0.008048384051237787,0.2955000610756023,0.048839467976774485,0.21992660100970948,0.4760857751326902,0.07163017083491598,0.010511636467916625,0.24320446247501032,0.08021472181592669,0.11370363725083214,0.011758194238479649,-0.06567167277847018,0.19338527960436686,0.07051176364932742,0.01929544976779393,0.028711344514574324,0.04681075138172933,0.020126432180404663,-0.046047389906431944,-0.09429934827078666,0.07811185557927404,0.09806655134473528,-0.008110274427703448,0.009554034365074975,-0.008672825992107391,-0.10803649787391935,-0.10964572722358364,-0.13023939595690795,0.26705848884635736,0.017225729900279214,-0.06668093161923545,-0.08182490643646036,-0.08755714552743095,-0.07884210135255541,-0.09827002031462533,-0.09390571706795267,-0.11931117650653635
ERR1746380,1,-0.11748942626374108,0.03209291079214641,0.20198529612805163,-0.10924128709094864,0.11240188990320478,-0.05402056047958987,0.2822212034038135,-0.10007077029773168,0.5944320442421096,0.1354672004069601,0.21401546150445938,0.48268445155450274,0.16958921083382197,0.21758424597127096,0.23881718409912928,0.007460624245660645,0.5436885048236165,0.04936811647244862,0.3006421508533614,0.2022339871951512,0.39505818033857004,0.2099356884136796,0.4286830701998302,-0.0428988368782614,0.5969902926257679,0.23531759290822915,0.13287752095077718,0.018662802209811553,0.3127776299204145,0.040445158524172645,0.22352322057953902,0.4388070638690676,0.048057851514645984,0.008013546100950666,0.23892943800560065,0.06029649078845978,0.08914257798876081,0.011830358233835016,-0.0876175258308649,0.155629962682724,0.06786666916949409,0.008042026843343462,0.013154034635850362,0.030898682240928923,-0.003545439669064113,-0.06859398792896952,-0.10144735393779618,0.06914252521736282,0.10693512058683804,-0.016865886115868176,-0.005823985806533268,-0.0346291113112654,-0.10780548889722143,-0.10629342503047415,-0.13292663704071725,0.2271567052230239,-0.0024872374321733203,-0.0704156437090465,-0.08373406662472657,-0.09316156378814153,-0.09491342439183167,-0.08725487440824509,-0.09123901796660253,-0.11234075709113053
ERR1746381,1,-0.0955260352098516,0.13444832739021098,0.2333461046218872,-0.07502552148486887,0.2615458220243454,-0.038690345627920966,0.46873595618775915,-0.030319544885839735,0.7243747040629387,0.2620367466339043,0.29525880655273795,0.6121782490185329,0.2738628839807851,0.37844395637512207,0.41021227836608887,0.04872567525931767,0.6690785916788238,0.01837129784481866,0.423294369663511,0.28246794108833584,0.680474033812061,0.19337777172248544,0.635871026132788,0.06288519927433558,0.7167797152485166,0.37301592874739853,0.23961565111364638,0.045707647422594685,0.3019519690424204,0.00956556387245655,0.33780539887292044,0.38031445762940813,0.005935347505978176,-0.01755203173628875,0.22197227818625315,0.009100577660969325,-0.046278620803994794,0.05858620894806726,-0.10391718787806374,0.1011909863778523,0.07879276387393475,-0.024898618459701538,-0.0068537768508706775,-0.0428284984747214,-0.0691535377076694,-0.1120016882528684,-0.11013121876333441,0.03708387931276645,0.05730358404772622,-0.07512489919151578,-0.07946205085941724,-0.05995831745011466,-0.11443971895745822,-0.10497839908514704,-0.14243317927633012,0.13588418339246086,-0.040963832288980484,-0.10010039087917123,-0.1015504589304328,-0.11530212605638164,-0.10338264943233558,-0.10455633540238653,-0.07883449524108853,-0.0797494575381279
ERR1746382,1,-0.09934220675911222,0.17687832989862987,0.22189399147672312,-0.04608057638896363,0.33057884871959686,-0.05005500146320888,0.46793274827567594,0.015648327634802887,0.7754572970526559,0.297889984611954,0.2819279993751219,0.6307663576943534,0.29754522336380823,0.42318742509399143,0.4730663501790592,0.07137055695056915,0.6270386669784784,0.01589087929044451,0.4635586507086243,0.260887653699943,0.8308499402233532,0.15715648446764266,0.7277852083955493,0.12619540414639882,0.732042958693845,0.40828688868454527,0.2823986429721117,0.05590376231287207,0.32070787330823286,0.003188885615340301,0.4188136985259397,0.33870129393679754,-0.017720928149563924,-0.024795016007763997,0.23212330415844917,0.0286906792649201,-0.06299475394189358,0.05796385689505509,-0.10372208591018404,0.11050569266080856,0.11020370253494807,-0.05045833757945469,-0.008989387324878148,-0.06465933205825942,-0.09752266534737178,-0.13462008003677642,-0.10035869984754495,0.0529467019119433,0.04234905687293836,-0.08884096305285182,-0.09114318474062852,-0.06960427069238254,-0.12633015108960016,-0.07651679603649038,-0.14029290952852794,0.11774604508121099,-0.021586459171625653,-0.11197990099234241,-0.11406024033203721,-0.11374371498823166,-0.10506759238030229,-0.10868232191673347,-0.07914665211657328,-0.07807839901319572
ERR1746383,1,-0.1126149445772171,0.1404526395989316,0.22865870861070497,-0.0862273781593623,0.24643906099455698,-0.0587078577705792,0.44511939053024563,-0.07060502682413373,0.7365730979612896,0.2137725300022534,0.26453525692756685,0.6001705951722605,0.2551682953323637,0.33013779670000076,0.38251486527068274,0.06584133394062519,0.5861962448273387,0.013745707060609545,0.40115270637241857,0.2623912127954619,0.7000991662165948,0.17924612600888526,0.6185925102659634,0.067508479314191,0.6676563961165292,0.32508389545338495,0.22911352637623036,0.039841163238244395,0.3243039787880012,0.005277835364852633,0.3709318627204214,0.36235226105366436,0.00803156356726374,-0.02383478677698544,0.2395229967577117,0.06955146310584885,-0.03850601613521576,0.05185463598796299,-0.1049535082919257,0.1728362771017211,0.09496239679200309,-0.003332350935254778,0.0007653550377913884,-0.04461927558960659,-0.07030015545231956,-0.10510396904179028,-0.10679926370669689,0.04556785656937531,0.033589152353150506,-0.06674173341265746,-0.0834181449775185,-0.060114468314817975,-0.11485468383346285,-0.10471209743159957,-0.14419212937355042,0.15878406619387014,-0.020777832184519087,-0.10101467078285557,-0.10443053268162268,-0.10483634977468423,-0.10951213206031493,-0.11674396321177483,-0.08571166585066489,-0.08567224576004914
ERR1746384,1,-0.11853667055921895,0.08035782192434583,0.24764609443289892,-0.1064209977963141,0.23673590272665024,-0.051324424683116376,0.3778747349445309,-0.10567951308829444,0.6894828967217889,0.15823285467922688,0.2826598829456738,0.563678441303117,0.2241455992417676,0.2533474734851292,0.3421734156353133,0.03867481183260679,0.5568115175036448,0.023197348628725325,0.36796544971210615,0.22165709946836745,0.5695784097271306,0.15341875382832118,0.5109701475926808,0.046825179031917026,0.5893481895327568,0.29248950098242077,0.1977169034736497,0.02645673110548939,0.2790915570887072,0.01875852420926094,0.3130596546190126,0.36306225082703997,0.010498920721667153,0.0007520489660756928,0.2898118458688259,0.023989674236093248,0.02196349629334041,0.042646653950214386,-0.10843267132128988,0.16358906030654907,0.07998490905655282,-0.0029374052371297565,0.006367017381957599,-0.044419799000024796,-0.034219631126948764,-0.08955748326012067,-0.10493315290659666,0.028149144990103587,0.041907251945563724,-0.06805059739521571,-0.05526085437408516,-0.04495886127863612,-0.11488195136189461,-0.0882311917043158,-0.14984523398535593,0.1649109763758523,-0.005355406020368848,-0.09750493163509029,-0.09757394170654672,-0.11678565586251873,-0.10858670861593314,-0.104786395494427,-0.08517612227504807,-0.09601381846836635
ERR1746385,1,-0.08109091834298202,0.21826245742184774,0.26853707645620617,-0.03872224994535957,0.3406778595277241,-0.047132360083716254,0.5363406389951706,0.1214195287653378,0.848286224263055,0.3008178268958415,0.3055501974054745,0.6816521707390036,0.33883530433688847,0.4456345444279058,0.4046246132680348,0.1117970637444939,0.6700993265424456,0.05152181110211781,0.4123132683868919,0.31018233937876566,0.8261110319622925,0.19646850334746496,0.8312023194240672,0.2002043809209551,0.7149607507245881,0.5215310858828681,0.2961461896608983,0.0667659802628415,0.42076448031834196,0.011141049010413033,0.46836706889527185,0.3457612758834979,-0.02427272605044501,-0.024994960853031704,0.22587501098002707,0.07584631416414465,-0.09471719499145236,0.06669121182390622,-0.11575936818761486,0.11753132620028087,0.08985842657940728,-0.08348238468170166,-0.03704957664012909,-0.05200039089790413,-0.11321007566792625,-0.12928568146058492,-0.1137119632746492,0.06798185833862849,-0.0019750802644661497,-0.0925957008398005,-0.12794712877699307,-0.08128330962998527,-0.12904233911207744,-0.09809768791975719,-0.14093235667262757,0.060090543436152596,0.023828781742070402,-0.10480678733438253,-0.12112075835466385,-0.11582556340311255,-0.10262078805161375,-0.11636378350002426,-0.08663847620066788,-0.07091151936245817
ERR1746387,1,-0.10027446996952806,0.15767466489757812,0.2659453350518431,-0.06598381724740777,0.31837916360901936,-0.04942394260849271,0.4794393650123051,-0.018691414168902805,0.796854591329715,0.25112356139080866,0.27512810565531254,0.6628820566194398,0.29546023852058817,0.36721090972423553,0.4248934526528631,0.08114233080829893,0.6367229052952358,0.015371501445770264,0.4306128980325801,0.2779339833983353,0.7930212146602571,0.16033339939479316,0.6942426583596638,0.09838890922921044,0.6772417074867657,0.37306116947105955,0.26164010699306217,0.03741649884198393,0.31835555631135193,-0.0023071864353758948,0.40098160824605394,0.3422228183065142,0.01045382475214345,-0.024318178317376545,0.24313907431704657,0.05244665592908859,-0.07087135740688869,0.04856326218162264,-0.11131906296525683,0.15174697765282222,0.11633164648498807,-0.04052792489528656,-0.009281137159892492,-0.05762999850724425,-0.09102823372398104,-0.1220566060926233,-0.11386302086923804,0.04331718465047223,0.015610264880316598,-0.09633924492767879,-0.09696814577494349,-0.055061910833631246,-0.12346427728022848,-0.09238614807171482,-0.13893758079835347,0.1280205219185778,-0.020439264497586658,-0.10159002483955451,-0.10704936220177583,-0.11326775353934083,-0.10706090647727251,-0.10934838971921376,-0.08203173285749342,-0.07508107061897006
ERR1746388,1,-0.1084925787789481,0.1397394495350974,0.23097366876234965,-0.0708195682881134,0.29509735479950905,-0.052544575184583664,0.4385105348857386,-0.027754647923367366,0.7173946789864983,0.23265973584992544,0.26630648790991734,0.6122536707137313,0.2563073901193483,0.3778816695724215,0.4157275216920035,0.07528231851756573,0.6266475266643933,0.008372411131858826,0.44600662269762587,0.2552523485251835,0.7410639926259007,0.16845706850290298,0.6605409852096013,0.08218579100711006,0.6767863503524235,0.3561359963246754,0.25354587845504284,0.045390301783170016,0.3025989358512951,0.0019260792593870843,0.36604789538042887,0.34050506885562626,0.0020782649517059326,-0.024270371666976383,0.24270794620471342,0.025500769593885968,-0.04413628185700093,0.044141962592090876,-0.1005195187670844,0.13047674085412705,0.10144050738641194,-0.037470671747412,-0.013766442026410784,-0.052519548152174265,-0.08555466362408229,-0.12126553590808596,-0.10543309498046126,0.043229133422885625,0.055656093039682934,-0.09202574619225093,-0.08256279304623604,-0.063435291073152,-0.12148950355393547,-0.08287134021520615,-0.14118020130055292,0.12464124671117004,-0.037330244933920245,-0.11074984579214028,-0.10738033867840256,-0.11464814043470792,-0.10492184638444867,-0.10905513300427369,-0.07759143442048558,-0.08123521932533809
ERR1746389,1,-0.12677499066506112,0.03172572422772646,0.11240140721201897,-0.08525008335709572,0.3139694035053253,-0.0798696197037186,0.16738346006189073,-0.04441252404025623,0.45493837386103614,0.011399610766342707,0.09584182075091771,0.4223290139842512,0.13785200832145555,0.2576026740883078,0.31115281156131197,0.07532445554222379,0.30083379043000086,-0.010739135955061232,0.3196261471935681,0.11048436856695584,0.7222984667335238,0.1357086801103183,0.5314578701342855,0.043343695146696906,0.39625084759401424,0.15886865330061742,0.1465316962982927,0.0542410926095077,0.2648788775716509,-0.07077502645552158,0.34499456540548373,0.27790568043876973,0.02067915829164641,-0.024070091545581818,0.3278189812387739,0.1577292180487088,0.08997722289391927,0.08874495460518769,-0.07208616672349828,0.23141716407345875,0.3197120087487357,0.08874752266066414,0.03590398160408118,-0.05730080258633409,-0.00021223404577800205,-0.1257013702499015,0.017601173371076584,0.0809018574655056,0.16244405029075487,-0.11120884652648654,0.03911089577845165,-0.08327429715011801,-0.12200808897614479,0.08431140799075365,-0.1275400406281863,0.11840208406959261,0.0676304314817701,-0.10994826390274934,-0.06254220394683736,-0.11933835968375206,-0.12555714430553572,-0.0288718475827149,-0.08469012033726488,-0.09453498306018966
ERR1746390,1,-0.09863000762249742,0.32850995659828186,0.33273021930030416,0.0534325602597424,0.5720239712723664,0.006507255136966705,0.6650977076164314,0.19714938716164657,0.9749117642641068,0.33044177839266403,0.329232464411429,0.7517686587359224,0.40623481784548077,0.6036411547102034,0.6737136681165014,0.18247333381857192,0.6166843601635524,0.09748165841613497,0.5880252784118056,0.2717967336731298,1.1418944086347307,0.22297922734703338,0.9476325273114655,0.24571180130754197,0.798459656270487,0.5065621701734406,0.397895054093429,0.14411339509700025,0.41045827189061257,-0.03975059624229159,0.5610451378992626,0.2972845903464726,-0.026722092181444168,-0.050507016479969025,0.2804360227393253,0.05759787266807897,-0.09732097360704627,0.09241352190396615,-0.10198295787475738,0.08657661718981606,0.14052828135234968,-0.05652311923248427,0.014137620339170098,-0.09200656533773456,-0.10773902492863792,-0.13849703009639466,-0.08552893025002309,0.04009507370314428,0.012275919850383486,-0.11103721362139497,-0.13772751284497126,-0.06481771862932614,-0.1147092091185706,-0.07067591899872891,-0.13365367374249867,0.07785608705931477,-0.004092140655432429,-0.1046496793694262,-0.11624628754465707,-0.10181623923459224,-0.09097088394420487,-0.08711948498551335,-0.0629195905224021,-0.06042876759810107
ERR1746391,1,-0.11372614332607814,0.2559435910412243,0.2575347806726183,0.003225884533354214,0.4868464006909302,-0.010755592158862523,0.5288347122924668,0.10849765155996595,0.8381490020879677,0.2689577722256737,0.22889888605901174,0.6641031872880246,0.3305846754727619,0.5206147163574185,0.5886420107313565,0.14451332629791327,0.5298845022916794,0.07616528655801501,0.5412181977714811,0.21378466486930847,1.0552642026117869,0.20675904942410334,0.8008056841790676,0.18183621444872447,0.7215567877782243,0.3893628306686878,0.3486137528504644,0.13229275441595487,0.37503733379500254,-0.038239510996001105,0.5134719099317279,0.2808536964335612,-0.0236271039715835,-0.04391937596457345,0.29122193051236017,0.06500289589166641,-0.05026896297931671,0.08782535990966218,-0.10157863689320427,0.12657249506030763,0.18283073284796306,-0.021983215851443156,0.02051205765123346,-0.07928619819826313,-0.0801866560110024,-0.14276560928140367,-0.07300573813595942,0.05784180414463792,0.05329327657818794,-0.11187537892588548,-0.09877868741750717,-0.08166070761425155,-0.12054934139762606,-0.03269510825962892,-0.13693926483392715,0.09381490207410284,0.0036090660308088574,-0.11890555266290903,-0.11623844584184033,-0.10675857083073684,-0.10186450642400555,-0.08560444840363093,-0.06982395185955934,-0.07253376500947135
ERR1746392,1,-0.05920092122895377,0.3779736427324159,0.44549834941114697,0.13423089789492743,0.6598907762340137,0.056358543158109696,0.9493696136134011,0.23960901903254644,1.1231015548110008,0.42204379263733116,0.43811950193984167,0.96033502849085,0.5212189278432301,0.6574953267616885,0.7474476162876401,0.19896614218928985,0.7908107191324234,0.14391157350369863,0.7138095178774425,0.38930672726460863,1.1709202623793058,0.28256435905184063,1.0487503409385681,0.31280008384159635,0.8721269273332187,0.6112859121390751,0.4131788244204862,0.13933832783784186,0.44302962188209805,0.005608259567192623,0.522463399384703,0.3693809573139463,0.00015698479754584177,-0.044022604290928156,0.23969391972890922,-0.029861609318426678,-0.14679732386554992,0.05568821655054178,-0.11267905575888497,0.004037647375038692,0.09320979725037302,-0.1255065809403147,-0.04028576931783131,-0.0722726790201185,-0.11753606476954051,-0.13484166243246623,-0.10547772169645343,0.03857894614338875,-0.03811323509684631,-0.12219690158963203,-0.14679632974522455,-0.028867101296782494,-0.12974967062473297,-0.1008989926693695,-0.10920346900820732,-0.00723497463124139,-0.019813781870262965,-0.07579643465578556,-0.10526586418771851,-0.09922145327020969,-0.07573633996902832,-0.09582367978457894,-0.06363382610808392,-0.04274704147662435
ERR1746393,1,-0.06667817490441459,0.37288491427898407,0.412726486766977,0.12611216812261514,0.651625565120152,0.04595388365643365,0.8633371250970023,0.23335640265473298,1.1005788365645068,0.41149927356413435,0.4036304969340563,0.8955133780837059,0.4946154611451285,0.6236957545791354,0.7314212034855571,0.1733711292701108,0.7475414339985166,0.1284957549401692,0.6804599990802151,0.36014032683202196,1.1562316359153815,0.23840751392500742,1.02382516009467,0.31113307923078537,0.8374558772359576,0.5978577647890363,0.4137601612934044,0.13732426400695527,0.43072577299816267,0.002717768507344382,0.5486466991049903,0.34445797013384954,-0.0003922241074698312,-0.0497269406914711,0.23923493229917117,-0.020252545763339316,-0.136232606534447,0.0625737224306379,-0.11867648256676537,0.01342803452696119,0.11397306780729975,-0.12927826068231038,-0.029060914048126767,-0.07511981004582984,-0.12097285208957535,-0.1399210031543459,-0.10544988672648158,0.04594909010588059,-0.04685167010341372,-0.12155983437384878,-0.14755813883883612,-0.04090031263019357,-0.13444371308599198,-0.08348108428929533,-0.11440389922686986,-0.0031749720219522715,-0.012146481978041785,-0.08051165818635907,-0.11362478785615947,-0.10318165951009307,-0.08012595130795878,-0.09853782850716795,-0.06777162212944988,-0.04854185466787645
ERR1746394,1,-0.06852214943085398,0.3372138036148889,0.412522805588586,0.12861556985548564,0.6329483677233968,0.023796774979148592,0.8088984106268201,0.20816052385738917,1.0592284106782504,0.3684624135494232,0.35929370764642954,0.9123434043888535,0.4893120580485889,0.5732550860515663,0.6865250510828835,0.17097277247479983,0.6923789169107165,0.1182057908070939,0.6418384672807795,0.34707679599523544,1.1556230618485384,0.21966061102492468,0.9921013649020877,0.2900035173765251,0.7807480309690747,0.514002616916384,0.37999834386365755,0.11138973252049514,0.4266277067363262,-0.0009010189345904759,0.5190345964261464,0.3136082866362163,0.0054412707686424255,-0.046184384397097995,0.2375655323266983,0.013500199786254339,-0.13333454887781823,0.04004549541111503,-0.12668135549340928,0.035797376717839925,0.13317020450319564,-0.13603528163262776,-0.038076981369938166,-0.07561216732886221,-0.12101627992732185,-0.13905041984149388,-0.10604515778166908,0.06265597471169063,-0.04628174432686397,-0.12210633605718613,-0.14136059156485967,-0.04993264696427754,-0.1394663474389485,-0.07318131406126278,-0.11679942267281669,-0.006045627274683544,0.0030721516481467654,-0.08307925558515958,-0.11349818749087197,-0.10119088659329074,-0.08442667635556843,-0.099271065688559,-0.07238147406938619,-0.05007318167814186
ERR1746395,1,-0.06902334679450307,0.3399179716195379,0.4124005532690457,0.11088703772319215,0.6266238859721592,0.03602535165347425,0.8507615838732038,0.20477113566760505,1.0463902609688895,0.37870074728769915,0.4017819421631949,0.9162639411432403,0.4975898861885071,0.6119870692491531,0.717883434678827,0.17845822631248406,0.7471844639096942,0.12235093096803341,0.6657681302832705,0.37375433104378836,1.131273769906589,0.25292035937309265,0.9986413004142898,0.29875953069755007,0.8170392832585743,0.5598336692367282,0.3720431258635862,0.12235772024307932,0.4210459366440773,-0.003443501889705658,0.49171468509095057,0.3446364126700376,0.007397136517933437,-0.04901107294218881,0.23471624350973538,-0.021713477160249437,-0.1391404601080077,0.047034848747508864,-0.11838395148515701,0.017459858741079057,0.09565834381750651,-0.13220961391925812,-0.04133254928248269,-0.07212780632211693,-0.11498862292085375,-0.13650500774383545,-0.10756672200347696,0.05042492012892451,-0.03823469632438251,-0.12499508847083364,-0.14372634249074118,-0.034535714026008336,-0.1345109843782016,-0.09376592401947294,-0.11504200100898743,-0.00351846736988851,-0.017329045704432895,-0.0841154647724969,-0.10870467680173793,-0.10187649314424821,-0.07880211561652166,-0.09847449937037059,-0.06538641653189968,-0.048231783722128184
ERR1746396,1,-0.09222908637353353,0.2840546582426344,0.380789401275771,0.05979411929313626,0.5276368228452546,0.018138217872806957,0.7983502234731402,0.12722300591745547,0.9671306322727885,0.3446353892130511,0.3985946564269917,0.8720939558531556,0.41496485684599194,0.5371713839205248,0.634189920766013,0.15327050936009204,0.7362006881407329,0.12017092348209449,0.6444348676928452,0.33582036356840816,0.9725947789847851,0.254824127469744,0.8905642309359142,0.24401165598205157,0.8384305047137397,0.530754128737109,0.3640424006485513,0.12929284599210536,0.4212059913469212,0.009514729359320231,0.43626472673245836,0.34954318191323963,-0.01630400972706931,-0.04360151823077883,0.24923491457177857,-0.03090430250657456,-0.1256202438047954,0.04905730911663601,-0.1107589965686202,0.04348849505186081,0.07676639035344124,-0.119850381942732,-0.03818347730806896,-0.06715225739338036,-0.12339610180684499,-0.13842437203441346,-0.10498863272368908,0.055124099499412944,-0.01293348680649485,-0.12355142778583936,-0.13581648149660655,-0.04747667243438108,-0.12750601076654025,-0.10395834721358758,-0.12243000737258367,0.024860469424831017,-0.02346787921019963,-0.08775953881974731,-0.10471517423034779,-0.10626915948731559,-0.08572274872234889,-0.10685224192483085,-0.07018020179488563,-0.05375928032611098
ERR1746397,1,-0.051825915064130514,0.3517901918717793,0.4353521466255188,0.1202656344643661,0.6442089687500682,0.04269805597141385,0.9245448751108987,0.23038777715659567,1.10172110583101,0.4141415152698755,0.4333966017833778,0.9579601426209722,0.5138238327843803,0.632067180105618,0.7308082282543182,0.18964064440556935,0.7997448039906365,0.13741376623511314,0.6790836405541215,0.3825941527528422,1.1313409943665778,0.26376009413174223,1.019460637654577,0.3044808730483055,0.8548694795795849,0.5896390974521637,0.39270553684660364,0.12221904232033662,0.44329365342855453,0.007629049675805228,0.5045268972005162,0.3638607380645616,0.0079074108174869,-0.039663451058523994,0.23775853935096944,-0.0292707019086395,-0.14660308829375676,0.04508703015744686,-0.11698113914046969,0.009449621396405357,0.09528225021702903,-0.12763681369168417,-0.04512915973152433,-0.07481619406358472,-0.11318889792476382,-0.1344801847423826,-0.10886123876220413,0.045528428362948556,-0.041500043123960495,-0.12597121165267058,-0.14526670639004027,-0.03397176414728165,-0.1332943301115717,-0.09983012472678508,-0.11240042692848615,-0.006925585846017514,-0.02148731957588877,-0.07462326789806996,-0.10613907419610769,-0.10125575374279704,-0.07824365601741842,-0.09459396983895983,-0.06552770732170236,-0.04343249874987772
ERR1746398,1,-0.04261527104037149,0.37314436797584805,0.4496658050588199,0.14953863474407367,0.6688183854733195,0.03239636655364718,0.9230044058391026,0.2608712962994884,1.1179769145590919,0.4099865203523742,0.4269892999104091,0.9632293528744152,0.5366540774703026,0.632047061409269,0.7494760006666183,0.20077797158488206,0.8007322251796722,0.13606518294130052,0.6599010758634124,0.3886062183550426,1.173895212156432,0.2601673645632608,1.0535582389150346,0.3289343959518841,0.8385266427482877,0.5968643320458276,0.394054615604026,0.12096896528133325,0.45979843395096914,0.0013827223862920488,0.5203067266515323,0.3585470957415445,0.012195962880338942,-0.05183687061071396,0.24348271904247148,-0.006113451506410327,-0.1493751640830721,0.042698283679783344,-0.11423366836139134,0.011279558496815818,0.11419274019343513,-0.13397817420107977,-0.04277240112423897,-0.07584409059823624,-0.11263330653309822,-0.13404186708586557,-0.10479843982362322,0.05830093286931515,-0.05699167240943227,-0.12465209407465798,-0.14784176009041922,-0.028370429894753864,-0.13391513377428055,-0.0884366839724992,-0.10984453346048083,-0.014319814575303878,-0.008258284734828132,-0.07036462406228695,-0.11134518079260099,-0.10174247941800527,-0.07514551145556782,-0.09581211595130819,-0.06653241372051914,-0.04308323495622192
ERR1746399,1,-0.08479372624840055,0.33025180229118895,0.34246263021071044,0.08739968469100338,0.5659692697227001,0.04053103285176413,0.7645601992096219,0.18909657410612063,0.9900134796542781,0.37808075015033993,0.37155832616346224,0.7992346946682248,0.40711618507547037,0.6018688242350306,0.6396332542811122,0.14765213403318608,0.6803382776145425,0.11231046169996262,0.6533233603196484,0.3079851397446224,1.0660936098013605,0.2272104849772794,0.9818363381283624,0.28018648496695925,0.8260140142270497,0.5581459445612771,0.40455672464200426,0.1429118671055351,0.4168386940977403,-0.006204493343830109,0.5208330516304288,0.332047775387764,-0.025598838925361633,-0.04390955822808402,0.23275185802153178,-0.02340010876235153,-0.11392847821116447,0.06606187216155897,-0.11339844151266984,0.025741368532180786,0.1002879696232932,-0.11446406053645271,-0.021454794066292898,-0.07063772778825037,-0.13026633858680725,-0.14525425114801951,-0.09457753944609847,0.03776282471205507,-0.016109230795076916,-0.11150046810507774,-0.13564092612692288,-0.06704644353262015,-0.13286391273140907,-0.08083602440144334,-0.1252518966794014,0.021831371555370942,-0.009000140109232493,-0.10349294383610998,-0.11356902458438915,-0.10532431198017937,-0.09173282651629831,-0.10622465158147472,-0.0709807891564976,-0.06280710907386881
ERR1746400,1,-0.10321422440132924,-0.0838339879576649,-0.12661640798406942,-0.07552187357630048,-0.15151268988847733,-0.1328434640807765,-0.11128286219068936,-0.09763257391750813,-0.06238823916230883,-0.13218517175742558,-0.10050346915210996,-0.05740239364760263,-0.13093634442027127,0.026208037776606425,-0.13690229239208357,0.0018385760486125946,0.00928192851798875,-0.1287587923663003,-0.06685516238212585,0.03745176004511969,-0.03687155353171485,0.020122528076171875,-0.003129655761378152,-0.11801412382296153,-0.08445914781519345,-0.06865567181791578,-0.008377346875412124,-0.11452785027878624,0.063308804162911,-0.08617912871497017,0.34230300251926693,0.5639279843973262,0.5094449991094214,0.4555650847365281,0.6017160000545638,0.884285708623273,0.7816818553422179,0.36236767896584104,0.7562876428876605,0.8754129516226905,1.1513468069689614,0.9415161620293345,0.8501014999513116,0.3290188637162958,0.7885370637689318,0.49342687161905424,0.5079308439578328,0.8325859563691276,0.5709502909864698,0.2844866248113768,0.7489805285419736,0.8777633170996394,0.008380928209849767,0.6634161749056408,0.3780387815620218,0.9531023363981929,0.7653681093028614,0.28024917415210177,0.32464479907814947,0.3169592501861708,0.3143604818199362,0.45809273874121054,0.03860524722508022,0.4510775288300855
ERR1746401,1,-0.10228602401912212,-0.00947573222219944,0.10169266270739692,-0.10443159937858582,0.02051524498632976,-0.13329034059175424,-0.04140293385301318,-0.0876818900661809,0.36239318017448696,-0.13000664966447012,0.08596873616001435,0.3330389428883791,-0.02905354569000857,0.11616311541625432,-0.0066587552428245544,0.11043278234345573,0.28668644013149397,-0.10901173842804772,0.18019612772124155,0.16218502606664384,0.33548128232359886,0.0012040681072643825,0.2825097819524152,-0.040237746600593836,0.09630598447152547,0.005258035446916308,0.045506240001746585,-0.10203455707856587,0.15361451251166208,-0.07866142477308001,0.22998755079294955,0.43631648804460255,0.23331388405391149,0.15816013089248113,0.5367084635155541,0.40340652210371836,0.28641528356820345,0.10643057525157928,0.17575726152530738,0.4975233312164034,0.6332143861800432,0.36954048595258165,0.21517070276396616,-0.06232178610350404,0.17398834521217005,0.0014870094933680125,0.09924736193248204,0.23447367841643946,0.22088073087590082,-0.026143202824251994,0.2520568560409759,0.1153978378112827,-0.07336663641035557,0.1899387932249478,-0.058928322579179494,0.36738675619874683,0.1875110992363521,-0.07117496005126409,-0.0712110096854823,-0.0821817394878183,-0.10895559451143656,-0.00480333183492933,-0.12159595106329237,-0.1032261039529528
ERR1746402,1,-0.1282842228455203,0.10055795099054064,0.21708941832184792,-0.03851660673639604,0.28698486355798586,-0.08856940375907081,0.3117206479821886,0.0579723846167326,0.6259965923215661,0.1813641603803262,0.19658838771283627,0.5303553257669721,0.18168783294303076,0.31070891288774355,0.28293289776359287,0.08305249443011624,0.5736134967633656,0.012595431080886297,0.33492990636399816,0.2133219050509589,0.7004191013319152,0.09052647650241852,0.6383760936026063,0.07721613028219768,0.5527637377381325,0.336257133100714,0.2217646770711456,0.03347318406615939,0.32983762824109625,-0.035932870847838264,0.34473385236092974,0.2920534742463912,0.01933132910302707,-0.008922647418720382,0.2579271372939859,0.10082131996750832,-0.02689675534410136,0.02780778333544731,-0.08988122269511223,0.1427656603710992,0.19530470030648367,-0.07257786971916046,-0.01890128312100257,-0.07080850071672883,-0.11466276619051184,-0.12973451614379883,-0.04891311803034374,0.15612344057964428,0.0526837312749454,-0.0748995840549469,-0.0601373878972871,-0.09866349452308246,-0.11771083037768092,-0.033515125912215026,-0.15051966586283275,0.08445587647812706,0.039125225107584684,-0.1238835391455463,-0.11802915536931582,-0.12095939155135836,-0.11328244475381714,-0.12474066178713526,-0.09454929615770068,-0.08872284314462117
ERR1746403,1,-0.11092259495386056,-0.062404967312301905,-0.11398598551750183,-0.0991537445890052,-0.13940374553203583,-0.14025879039296082,-0.10909000145537513,-0.10875022890312332,-0.0047215377645833155,-0.14346770197153091,-0.06548676905887467,0.04260486151490893,-0.13041261051382338,0.05457052056278501,-0.11861456824200493,0.03664145618677139,0.07815265549080712,-0.11714045011571475,-0.03555348530478243,0.06426726494516645,0.055631015981946676,0.013741519834314073,0.06824894888060433,-0.11757999126400266,-0.009008506046874183,-0.059941468494279046,0.01796241636787142,-0.08924752314175878,0.06521993236882347,-0.09849208014618073,0.21365007172737802,0.551474316311734,0.38965094422123264,0.30149615363500615,0.5441928026931626,0.6418420964452837,0.6163539567164013,0.256592544061797,0.47533523238130976,0.6712811823402133,0.8789159716772181,0.7134637374963079,0.5809103391532388,0.16487877709524973,0.5868223426597459,0.23908327453370606,0.3530197621190122,0.5714396046740668,0.4533852634153196,0.1778375112584659,0.5285516221608434,0.5372152291238308,-0.00718403235077858,0.3920036157859223,0.17671623347061022,0.6976399389760835,0.536322974732944,0.14849319202559336,0.0831784728382315,0.10419539817874986,0.05024101904460362,0.23413101796592986,-0.10834329708346299,0.15790935552545957
ERR1746404,1,-0.11035243874149663,-0.011005387242351259,0.17983532510697842,-0.11765805073082447,0.027118403996740068,-0.0705227738778506,0.08421708004815238,-0.14924543776682445,0.48287399312747376,0.01774819621018001,0.16191729477473668,0.36385151584233555,0.07432954226221357,0.06457714204277311,0.12062436155974865,-0.026907920837402344,0.41312545857259203,0.027793020009994507,0.250685059598514,0.14479089634759085,0.20544933208397456,0.12617252979959762,0.310621226472514,-0.09268541753824268,0.39309962200266974,0.08947376667388848,0.068246337252536,-0.008350516802498273,0.24070513887064798,0.025745220482349396,0.21406600311664598,0.5213781840034893,0.11611238361469337,0.06377416104078293,0.3167772889137268,0.08687150478363037,0.2528298475912639,-0.0020709934511354993,-0.014034262193100793,0.2856129883771895,0.12093442572014672,0.10290003035749708,0.05869129353335926,0.0709341365311827,0.08722063047545296,-0.010985151066311769,-0.0727403914289815,0.10335390163319451,0.11722029319831304,0.007775237567589751,0.1476836151310376,0.09006445322717939,-0.11202872810619217,-0.036447608444307535,-0.10645231232047081,0.2909561459507261,0.07159134985080787,-0.059340670704841614,-0.07762409746646881,-0.08966684847005776,-0.06579378566571645,-0.04509732819029263,-0.09130630016859088,-0.13616000541618892
ERR1746405,1,-0.12272959488577076,0.04307226996336665,0.20243611479444162,-0.11666496736662728,0.23169381490775517,-0.05427864087479455,0.22513491660356522,-0.12898471525737218,0.5325747307922158,0.08124020003846713,0.24024903348514012,0.5264689122725811,0.1376304834016732,0.15701483775462424,0.27032322755881716,0.018836097259606634,0.4586067207689796,-0.005977942608296871,0.35654922149011065,0.2248913927802018,0.3894198036619595,0.14567832968064717,0.4320417248776981,0.028181150555610657,0.4784216234194381,0.19151614074196135,0.14845177637679235,0.013533565348812513,0.2258615598880819,-0.019273119512945414,0.238343941579972,0.38229142342294964,0.039792071761829514,0.01052424920323704,0.31826524809002876,0.016803236678242683,0.18582116280283248,-0.029973102467400686,-0.08863512533051628,0.19195518855537688,0.11663465314943876,0.061892769166401455,0.0558262685579913,-0.010285549664071627,0.024991467595100403,-0.04705344446535621,-0.08363671973347664,0.022674326119678363,0.07346574536391667,-0.06580854207277298,0.014354310929775238,-0.004691040708816477,-0.11637674165623528,-0.04801564025027411,-0.14691055033888137,0.19243833875017508,0.021590610699994222,-0.08835678627448422,-0.09129192467246737,-0.11622569284268788,-0.11812964454293251,-0.06892233554806028,-0.08348891019288983,-0.11563875951937266
ERR1746406,1,-0.11814896150359086,0.009018546236412866,0.20041824451514653,-0.11447414835648877,0.0890974828175136,-0.0859799621892827,0.17511381687862532,-0.14787291841847555,0.5309834587387741,0.04214542465550559,0.1851911230811051,0.4743509255349636,0.11235869276736464,0.1157997686948095,0.20964161732367106,-0.001993499729516251,0.47338976870690075,-0.005606597954673427,0.26840328371950556,0.19078201640929496,0.34653978262628826,0.12361385779721397,0.3922733707087381,-0.03557830277298178,0.4511639465178762,0.1330251358449459,0.10891885682940483,-0.009205625791634833,0.24990408228976385,0.0035083144903182983,0.2177684030362538,0.4432517694575446,0.07179564450468336,0.00586054686989103,0.30564924968140467,0.09040991323334831,0.15831454736845835,0.0075769610702991486,-0.07370988465845585,0.27325903304985594,0.13256097877664225,0.06836844874279839,0.036757129541781196,0.012022897867219788,0.02626841195992061,-0.04594092816114426,-0.08793278011892523,0.08749340634260859,0.05626931946192469,-0.037022905690329413,0.03133655958143728,0.011703574231692724,-0.11539357953837939,-0.05558287698243346,-0.13751171209982463,0.2493444135678666,0.04593472981027195,-0.08300755891416754,-0.08980501177055496,-0.10130270437470504,-0.10774376403008189,-0.10102747700044087,-0.0910923390516213,-0.12267351469823293
ERR1746407,1,-0.12117955341402974,0.04633706648434911,0.24334202919687545,-0.09308687790430017,0.14973454177379608,-0.09268053780708994,0.2754604670086077,-0.10863120694245611,0.6251228930694717,0.13320800928132875,0.23156363809747355,0.5797516798068371,0.19495857932737895,0.19492162657635553,0.2989138119987079,0.02063780916588647,0.5281938846622195,-0.0006251718316759382,0.3401617354580334,0.22411817791206495,0.5434195707951274,0.12122920794146401,0.4762934007282768,0.05152104262794767,0.552880951336452,0.23814556741022638,0.18673796685678618,0.009158811531960964,0.29658111929893494,-0.013547029878411974,0.30333688988217283,0.39793191850185394,0.011897871936006206,-0.010218937482152666,0.3379781703863825,0.07794103864580393,0.03727387503853866,0.03955786994525364,-0.09582957412515368,0.22062026390007564,0.12472478646252837,-0.025763838418892453,0.005291368679276535,-0.03902061762554305,-0.07947426715067454,-0.10231211515409606,-0.08422225208154746,0.11250393731253487,0.008387220757348197,-0.07423768937587738,-0.050072864163666964,-0.02214149705001286,-0.12029522710612842,-0.061803591304591725,-0.14893994799682073,0.161156796717218,0.02188555257661002,-0.10086822004190513,-0.1141630005357521,-0.1189017365021365,-0.10175889331315245,-0.12331980413624219,-0.088074678621654,-0.0928762988852603
ERR1746408,1,-0.10872186933244977,-0.02754549416048186,0.17986870663506643,-0.11686362006834575,-0.0061266762869698664,-0.07661598335419383,0.08260716418070453,-0.1526465948138918,0.4974273413951908,0.02050936355122498,0.1424158811569214,0.3737268330795424,0.07419432194105216,0.08054312212126595,0.08925232929842812,-0.030862066096493175,0.4058732736323561,0.02990823132651193,0.1936813002186162,0.15310540529234068,0.22203518809484585,0.1341487861105374,0.3074378866170134,-0.08828566745588821,0.4249820240906307,0.10462020550455366,0.07575881161860057,-0.020146512692528113,0.2528246784848826,0.02771368303469249,0.21629879031596438,0.5440929542694773,0.10843997701470341,0.06537124634321247,0.3344939909875393,0.15708715867783343,0.2430487424135208,0.031005249491759708,-0.011892283335328102,0.28829495302800623,0.12321206288678306,0.11478904741150993,0.06662512251308986,0.07125139236450195,0.09435376205614635,0.0015019404568842479,-0.056845166853496006,0.1337859212487404,0.12184702498572213,0.056565884234649796,0.13285220680492266,0.07336267057274069,-0.11078063877565521,-0.03692257617201124,-0.10480397194623947,0.3248537448900087,0.07237992342561483,-0.052473899509225576,-0.08090744433658463,-0.08186002228675145,-0.04661619769675391,-0.07261821308306285,-0.09132441013519253,-0.13411391420023783
ERR1746409,1,-0.12280185839959554,0.03349023179284164,0.21188796790582792,-0.09448321616011006,0.14636652597359248,-0.0798750656789967,0.26541466053043095,-0.10253766026081783,0.6003050234700952,0.12432603378381048,0.21036823679293906,0.5249778053257614,0.19504803924688272,0.20653676986694336,0.26896531347717556,0.017184417694807053,0.5111754334398678,-0.007171723459448133,0.3398080968431064,0.2101146121110235,0.5273720479703375,0.15370950741427286,0.46548858284950256,0.01375742575951985,0.5217664103422847,0.23089326237927058,0.16476399574561842,0.007821913276399885,0.29721863966967377,-0.010657867682831628,0.29094601422548294,0.38382907318217413,0.042949464970401356,-0.020554144866764545,0.2775623095887048,0.05776102016014712,0.02910652437380382,0.017964313605001996,-0.09984542110136577,0.20864232735974447,0.11481329639043127,-0.006840282785040992,-0.006048746407032013,-0.010295369795390539,-0.0598704961261579,-0.09241833750690732,-0.09642662560301167,0.07717858574220113,0.03753816762140819,-0.07322712122861828,-0.019008171395398676,-0.01791385454790933,-0.1185682410640376,-0.08191408695919174,-0.14352724168981826,0.1489324779914958,0.010821276477405004,-0.09776978826682482,-0.10156179312616587,-0.10909351333975792,-0.10538473805146557,-0.11287816241383553,-0.08786416825439249,-0.09833477224622454
ERR1746410,1,-0.06913613687668528,0.28095568290778566,0.342688795711313,0.04261309555814868,0.4966576487890312,0.007184807477252824,0.7984704034669059,0.21121336466499738,0.9896429095949445,0.38656031004419283,0.38806215514029774,0.823941670358181,0.4717271125742367,0.572305042296648,0.6073714388268334,0.15520389484507696,0.7810596440519605,0.11333298310637474,0.5796527809330395,0.35671149513551165,0.9750801175832748,0.27436468430927824,0.9326016972107547,0.24138033177171433,0.8074628604309899,0.5762505536632878,0.36703217934284893,0.09175512274461133,0.4424920691443341,0.027957049863679067,0.47476155843053547,0.3741714408887284,0.0012780981404440744,-0.038528063999755044,0.20562741426484926,-0.016604482595409666,-0.1365826278924942,0.05289756809361279,-0.11986143248421806,0.023343258670398166,0.0871475338935852,-0.11460142263344356,-0.053201639226504734,-0.06261027467969273,-0.11103074997663498,-0.1338996131505285,-0.11320152719105993,0.03769694874063134,-0.023609349770205363,-0.12029833240168435,-0.1449252494743892,-0.05934227736932891,-0.13008224644831248,-0.10442021509100284,-0.12435705001865115,0.00810785817780665,-0.009976953268051147,-0.08677348587661982,-0.10796876943537168,-0.10646713392010757,-0.08687867769705397,-0.10057974912758384,-0.07223402838488775,-0.050850755268973966
ERR1746411,1,-0.06790183085416045,0.2728480345436505,0.32175641054553644,0.042064458797020574,0.503847705865545,-0.008095929665224893,0.7108160853385925,0.23715896904468536,0.952432457357645,0.3810803437871592,0.35943565451140913,0.7824012956448964,0.4641079285315105,0.5836329939109939,0.6051906453711646,0.14052760840526649,0.764288163610867,0.09954624356968063,0.5472611862101725,0.3378427044621536,0.9827534652182034,0.23353118555886404,0.9338455737701484,0.25676997218813213,0.7931708789297512,0.5673371963202953,0.36944903140621527,0.09075176423149449,0.4348179368036134,0.003674218697207315,0.5057471628699984,0.35173162658299717,-0.0024699813553265165,-0.047057054936885834,0.22557172259049757,0.010724323668650218,-0.12890093667166574,0.05717035253266139,-0.11788249468164784,0.030955095376287187,0.10875656775065831,-0.11672302548374448,-0.028195699942963465,-0.07093754161282309,-0.11404847566570554,-0.14009970532996313,-0.10501374623605184,0.06431938069207328,-0.030735005225454057,-0.11934230955583709,-0.14373464988810675,-0.06009672635367939,-0.1324059303317751,-0.0944759170524776,-0.12632574353899276,0.010285806742363743,0.014808917684214455,-0.09143132929291044,-0.1156253128179482,-0.11262850303735052,-0.08957990372021284,-0.10312822447823626,-0.07450448673418057,-0.05549858443971191
ERR1746412,1,-0.05449380323989317,0.3071240101541792,0.3478559819715364,0.06584212649613619,0.5328860881605318,-0.0012819088463272368,0.7784664162567684,0.273935398885182,1.0243488614048277,0.40180349935378346,0.38192672229238916,0.8268779771668571,0.5057252613561494,0.5992279949464968,0.6151308587619236,0.1696644247110401,0.7790409582001823,0.10596959692026887,0.537117890481438,0.3598364618207727,1.0289404434817178,0.25362549402884077,0.9844794613974435,0.26343452877232004,0.8066369859235627,0.6012432192053113,0.37569571446095196,0.09107749882553305,0.45274976461327504,0.01496019959449768,0.5249992023621287,0.3553460064743246,0.003259352275303432,-0.047157088560717444,0.2168272640556097,0.014532484114170074,-0.13838166743516922,0.0613092027737626,-0.1197987539427621,0.03369486331939697,0.12095862627029419,-0.1193537749350071,-0.03784192247050149,-0.07146390441006847,-0.11109180642025811,-0.1386177742055484,-0.10737449329878603,0.05852994854961123,-0.0501356167452676,-0.11813017060714108,-0.14450217889887945,-0.05782953809414591,-0.13363022676536015,-0.09634025295131973,-0.12289990005748612,-0.0035625417450709,0.00982697680592537,-0.08167339049811874,-0.11518741565357361,-0.10819063960973706,-0.08782226269665573,-0.10031275211700372,-0.07535452335806829,-0.05082750812705074
ERR1746413,1,-0.06085155129299632,0.26494190309728893,0.3235430871801717,0.035054468150649755,0.49118692401264397,-0.008313131385615893,0.7147821315697261,0.23774141632020473,0.976547224181039,0.38229877608163015,0.3652786684521873,0.7825230008789471,0.4644619645550847,0.5601142328232527,0.5729037427476474,0.1488008876996381,0.7580837671245847,0.08793976051466805,0.5256253584687199,0.3467858960585935,0.9765906929969788,0.2241721185190337,0.9346683344670704,0.2323685155383178,0.7814203277230263,0.5679817056017262,0.3565269149839878,0.08096929000956672,0.43074502889066935,0.013009749352931976,0.5015643568975585,0.3598749472626618,-0.00015574800116675242,-0.04213746211358479,0.22456216492823192,0.01892597334725516,-0.13063380015747889,0.05538368454602148,-0.12242228644234794,0.03902475322995867,0.12160550802946091,-0.11367492005228996,-0.036961477249860764,-0.0693993200215378,-0.11506859851734978,-0.13844114967754909,-0.10845398344099522,0.055832650512456894,-0.03979106566735676,-0.11920949603830065,-0.13967487961053848,-0.06514666442360197,-0.13045496387141092,-0.09678181014688951,-0.1261852623096534,0.002242415012525661,0.004337327820914132,-0.0858931267367942,-0.11497931501695088,-0.11083514762244054,-0.09068495560703534,-0.1033178037032485,-0.07601144025102258,-0.05305453270141568
ERR1746414,1,-0.05611030917082514,0.28138541749545504,0.33310847729444504,0.03649693554533379,0.5258709885612396,0.008615631077970778,0.773214829819543,0.24946070489074504,0.9776968338659832,0.39241438678332735,0.3849898329270737,0.8111675158143044,0.471493162214756,0.6082806544644492,0.6234652038131442,0.15866417357964174,0.7908066936901638,0.11233944219670125,0.5740146897733212,0.3561708448188646,1.0038871339389257,0.2735254956143243,0.9585497256900583,0.25922127733273165,0.8129831573792866,0.5845322864396232,0.3681145954677569,0.10060851009828704,0.4436093010673566,0.02036519135747637,0.4841647009764399,0.37326662787901504,0.000999948808125087,-0.03843210744006293,0.20474924998623983,-0.01821270372186388,-0.13816680652754648,0.049079681879707744,-0.12018628950629916,0.013751877205712455,0.09047825102295194,-0.11681116345737662,-0.05088978686503002,-0.06198674200900963,-0.10764443980795997,-0.13675459793635777,-0.11131408823920148,0.05053364671766758,-0.0164166268493448,-0.1237266766173499,-0.14504240666116988,-0.05854206745113645,-0.1304728633591107,-0.10131636887256588,-0.12388972033347402,0.0038334618522120373,-0.009054720401763916,-0.08954166155308485,-0.10987996702481594,-0.10848969527121101,-0.08557506198329586,-0.09452815473611866,-0.07006516275993947,-0.050865922522331984
ERR1746415,1,-0.06101794061916215,0.28132753499916624,0.3684725048286574,0.06398116078759943,0.5453048241989953,0.012825429971729006,0.8080402782985142,0.23839361912437848,1.0131112400974547,0.3920814682330404,0.39988596524511066,0.8641970971865314,0.490505042885031,0.5914755016565323,0.6279321259685925,0.1674826815724373,0.769979253411293,0.11775144987872668,0.5868494038337043,0.3614687275673662,1.024580493569374,0.27156906042780193,0.9711610738720212,0.273676486552826,0.8059696980885097,0.5748626504625592,0.37937265847410473,0.10365138921354498,0.45085356863481657,0.01923730117934091,0.4904118339930262,0.36744327949626104,0.006473138928413391,-0.045112108545643945,0.21269181264298304,-0.010793137763227736,-0.1436216203229768,0.044708691271288056,-0.12081639309014593,0.03230243389095579,0.10219821440322059,-0.12255460981811796,-0.04929330040301595,-0.06630368480857994,-0.114678113588265,-0.13644395555768693,-0.11000762214618069,0.04947886562773159,-0.04110854970557349,-0.12533546345574514,-0.14751190266438893,-0.05646048991807869,-0.13299079026494706,-0.09893044766171702,-0.12105905637145042,-0.0023325287537383182,-0.005198487213679722,-0.08443086208509547,-0.110000303214682,-0.10716159043035337,-0.08616692060604692,-0.09844900614448956,-0.07197355657782671,-0.049479314259120395
ERR1746416,1,-0.07454087372337069,0.2818595256124224,0.3161105066537857,0.06380648298987321,0.5191725402006081,-0.01891055703163147,0.6577080530779702,0.2903168848050492,0.9539231514292104,0.3841625920363835,0.34547459094652105,0.7314729866172586,0.48185490178210394,0.6006319565432412,0.6097002806408065,0.14208865378584182,0.7136577617909227,0.09695315254586083,0.5244624157037053,0.3181986207408564,1.0323857297854764,0.19909421354532242,0.9539721097264972,0.2700700525726591,0.7732153790337699,0.5824495367705822,0.36809180464063374,0.08986710224832807,0.45161378170762745,-0.0026291427867753164,0.5469871610403061,0.33112649034176556,-0.005203305610588619,-0.051944930106401443,0.23775073313819511,0.034347301082951684,-0.11686740549547332,0.061556310792054446,-0.12045783443110329,0.026734404265880585,0.14487973494189127,-0.11620232196790832,-0.02203123377902167,-0.07714516696121011,-0.1166705632848399,-0.14029519153492792,-0.09615917463919946,0.07563507077949387,-0.04860673898032734,-0.11850643849798612,-0.14190359200750077,-0.07034852089626449,-0.13106763948287284,-0.0743334932651903,-0.12759326611246383,-0.0017022550372140749,0.03109195562345641,-0.09325322256024395,-0.12050352874211967,-0.10806282370218209,-0.09056367605392422,-0.1041803430499775,-0.07576663452865821,-0.057646626074399264
ERR1746417,1,-0.0720785338697689,0.2964399350540979,0.3128661803369011,0.023319670198751346,0.502894925219672,-0.00621008121275476,0.7376169775213514,0.18431737540023668,0.968292868563107,0.37120252954108374,0.3803455967988287,0.7798321321606636,0.42461488395929337,0.5888199061155319,0.6065067914979798,0.13515694772026368,0.7420568615198135,0.08434784784913063,0.5904178230890206,0.34326108757938656,1.0110815720898765,0.23974346848470823,0.9364640281668731,0.25030896067619324,0.8239786656839507,0.5687922601188932,0.3708332199603319,0.09367933603269714,0.4180174618959427,0.003106858049120222,0.5002091910157885,0.3776363216872726,-0.01963173278740474,-0.04356857229556356,0.23882643026965006,0.005584959472928729,-0.11572029175502914,0.056374563702515194,-0.10885189959247198,0.03539914957114628,0.0924905144742557,-0.09695870748588017,-0.026027126237750053,-0.0740022181333708,-0.11277110768215996,-0.1353298340524946,-0.10584489442408085,0.020665999501943588,-0.01652232131787709,-0.11645157049809184,-0.13990571243422373,-0.053656068231378286,-0.12353854732854026,-0.09797668450378946,-0.12934882459895952,0.03994772446873997,-0.019572578902755464,-0.0940957155876926,-0.11393765729319837,-0.10811472750668015,-0.08809287057790373,-0.10059496547494616,-0.06801278857580785,-0.05323715361633471
ERR1746418,1,-0.08151886718613761,0.26137580829007284,0.34208886538233074,0.03007610607892275,0.50392282408263,-0.013283029198646545,0.7167231674705233,0.1226883674306529,0.9236852319112846,0.33145494599427494,0.37040713695543154,0.7942699848541191,0.4272053140614714,0.5102374138576644,0.6069986639278275,0.14303500058927707,0.7040152379444667,0.08899712988308497,0.5752864394869123,0.3124708996287414,0.9697620453579086,0.24710119728531157,0.8893055074981281,0.2753532768360206,0.7570858214582715,0.4981383638722556,0.34325528357710156,0.07699339437697615,0.4270426899726902,0.0007737853697368077,0.45367624184914995,0.35765065385826994,-0.011307493916579656,-0.0543705980692591,0.24118281315479959,0.0005603728017636708,-0.11683091813964504,0.05395671485790184,-0.10489227542919773,0.052140380655016215,0.08552417797701699,-0.11422713979014329,-0.04479691492659705,-0.07850205662128117,-0.10920918307134084,-0.13200983192239488,-0.10659232549369335,0.03102632745036057,-0.026981557586363385,-0.12380484065839223,-0.1430493045066084,-0.040961415107761114,-0.12431734427809715,-0.10234378185123205,-0.12690621241927147,0.03556666948965618,-0.01844087934919766,-0.09092442544975451,-0.11966949202386397,-0.10811075781072889,-0.08706629109968032,-0.10539588718009847,-0.06896354880882427,-0.05205438631985869
ERR1746419,1,-0.040866029049668996,0.386285451906068,0.4261740030986922,0.09655449991779667,0.6729400322905609,0.03929681171263967,0.9556540080479213,0.2546645365655422,1.1457959631724017,0.4400043285318783,0.4482540913990566,0.9505535906979016,0.5412293395825795,0.6580250284501484,0.716088320527758,0.20317316849416653,0.8191632905176708,0.13454892805644444,0.6663391526256289,0.4001794292458466,1.18126822582313,0.2787589452096394,1.0707327372261457,0.30305795477969305,0.8736024903399604,0.6393254995346069,0.42884921388966696,0.11254114178674561,0.4620664476283959,0.013740260686193193,0.5679177130971637,0.4077522988830294,0.006259606352874211,-0.04389233514666557,0.24239053098218782,-0.013133826798626356,-0.1469581052660942,0.06553869002631732,-0.10542320353644234,0.003804419721875872,0.10417034689869199,-0.10814878630584904,-0.04401688064847674,-0.08001391276983279,-0.10700019555432456,-0.1325632706284523,-0.10564441872494561,0.008059889610324587,-0.04996767267584801,-0.12249977514147758,-0.14976132022483007,-0.028011554586035863,-0.12204043034996305,-0.10524120667417135,-0.11382987669536046,0.024405292850652977,-0.02580925210246018,-0.06614281223820788,-0.11027377887096788,-0.09858000863875661,-0.07765408367517271,-0.09273418438221727,-0.06451341822061554,-0.03919258653851492
ERR1746421,1,-0.10450417069452149,0.19217493491513388,0.37494881078600883,-0.022279015609196255,0.4857304769435099,-0.026132098266056607,0.6549618797642844,-0.010532608987497432,0.9169200246355363,0.21891593214656627,0.3567453178444079,0.9005433044263295,0.4095576511962073,0.37639717225517544,0.49953309659446987,0.13155802725149052,0.6450738949435098,0.06468321116907257,0.5317368507385254,0.3621286600828171,0.8593630173376628,0.20022303291729518,0.7842649040477616,0.19591699061649187,0.6739343606999942,0.41490621252783705,0.283774051283087,0.06318479776382446,0.3681951452578817,0.00369930054460253,0.42012711614370346,0.3913050614563482,0.007796712685376406,-0.03010157948093755,0.2522201271993773,0.005677834286221436,-0.08375916151063782,-0.006111080492181438,-0.12720925893102372,0.12774307812963212,0.112473121711186,-0.09510855376720428,-0.04195600322314671,-0.05894629198259541,-0.1018822831766946,-0.12146627211144992,-0.12044808481420789,0.016233878476279124,-0.05254364173327174,-0.13466452275003707,-0.13233770323651178,-0.03235613661152976,-0.12649102189711162,-0.08678028226963111,-0.1316215619444847,0.05434455190386091,0.0022325340126241955,-0.08176478477460998,-0.10480135675918843,-0.11863520475370544,-0.09709880620773349,-0.10492412825780255,-0.07743952478215631,-0.05657382469092097
ERR1746422,1,-0.10148735424237591,0.19982283349548066,0.25515337235161234,-0.025669720955193043,0.41777744250638144,-0.03044780663081578,0.5447159542569092,0.08434837910213641,0.8143631666898727,0.2618943254596421,0.3140672290963786,0.6617569388555629,0.32542461615854074,0.474041858954089,0.5207915646689278,0.10092489847115108,0.6253787555864879,0.057274624705314636,0.5408160999151213,0.2701442784496716,0.898653153862272,0.18894618536744798,0.8298596997878381,0.22583899700215884,0.7135205896837371,0.454626555953707,0.3030493709125689,0.08045018517545291,0.37043433636426926,-0.0054755136370658875,0.4272133617528847,0.3196620228035109,-0.03792032173701695,-0.04353366353149925,0.22055968695453235,0.01380861976316997,-0.0800172644002097,0.05108940335256713,-0.10681828696812902,0.0990605599113873,0.09847517843757357,-0.08544864292655673,-0.03254127289567675,-0.07167821703478694,-0.11061835501875196,-0.13845976442098618,-0.10030442050525121,0.03117456366973264,0.017973381161157573,-0.11403165225471769,-0.1220169071374195,-0.061736904616866796,-0.12325316667556763,-0.07503285977457251,-0.14121735308851516,0.057472923038793464,-0.01599221570151193,-0.11333861521312169,-0.12229023361578584,-0.1135474547211613,-0.09961720602586865,-0.10884305941207069,-0.07197423823111292,-0.07020134505416666
ERR1746423,1,-0.08446027631206172,0.2442183026245662,0.2959890481350677,-0.006100201979279518,0.44498601609042715,-0.007319106055157525,0.6709951119763511,0.13627106663105742,0.9539570723261152,0.32570625615439247,0.3664969099419458,0.7554163038730621,0.4040251448750496,0.5019729375573141,0.5287481088723455,0.11534513160586357,0.706664189696312,0.06689757747309548,0.5195982240672622,0.3249684955392565,0.9118936987859863,0.21174839245421545,0.8545046427420208,0.21583192263330733,0.7686306376542363,0.5348443303789411,0.3349365686465587,0.06920792428510529,0.3984852651400225,0.004888319543429783,0.4610585080725806,0.37163054810038637,-0.01555682293006352,-0.030102373766047612,0.2395871760589736,0.005578351340123585,-0.11923024524003267,0.056762045382389,-0.12534675214971816,0.054379041705812724,0.08667902116264616,-0.09075642590011869,-0.033674225477235656,-0.061948472168296576,-0.11204968392848969,-0.13571108664785111,-0.11460688311074461,0.02110347996598908,-0.017258140657629286,-0.11363449000886508,-0.12921916640230588,-0.053327397044215887,-0.1271249380494867,-0.10175024179209556,-0.13212117978504725,0.03858576309201973,-0.01454932349068778,-0.08567954879254103,-0.11221110674419574,-0.11294900865427085,-0.09419347838099514,-0.10445550935609,-0.0733584597972887,-0.055494194983371666
ERR1746424,1,-0.11900545230933599,0.03167008116309132,0.23042580698217666,-0.08413066275949989,0.2759052557604654,-0.04986646877867835,0.27217559090682436,-0.10262350312301091,0.6169025522789785,0.12326847123248237,0.21456704042585834,0.6087007382884622,0.18124735834343092,0.1716161753450121,0.27398950287273954,0.04458342359534332,0.4735179091138499,-0.028416759201458523,0.4045036950015596,0.24891327215092524,0.5690695877586093,0.07677776898656573,0.5348970544125352,0.06086016872099468,0.46874540352395605,0.2163767803992544,0.2060933243483305,0.01296560955233872,0.2225858502455854,-0.03482927169118609,0.30684746455933365,0.3709906893117087,0.007271690028054374,-0.0012749188712665013,0.26246121525764465,0.012857301160693169,0.04059828019567898,-0.004422704522897091,-0.1156526431441307,0.1885436251759529,0.099525744627629,-0.04907989821263722,0.004872404038906097,-0.053287217526563575,-0.08549852030617851,-0.1153218921806131,-0.10607056229907487,0.04963866913957255,-0.015257933576192175,-0.10494499760014671,-0.03065084240266255,-0.039589746722153256,-0.12747117451259068,-0.0530904507530587,-0.14940881090504782,0.1368760306920324,0.04951044278485434,-0.10887308392141547,-0.1012763284545924,-0.131901353597641,-0.11806813121906348,-0.11478066417787756,-0.09135172236710787,-0.09830510829176221
ERR1746425,1,-0.10744142838354621,0.17249743001801626,0.2861689390348537,-0.028725266456604004,0.40821338657821926,-0.019054785404088243,0.5743004700967244,0.0508951119014195,0.8733003852622849,0.27130542801959173,0.3285860786480563,0.7191181076424462,0.35364279417054995,0.4096107367160065,0.4933030584028789,0.09231472148426942,0.654667854309082,0.05603936208145959,0.5107178331485817,0.28737955912947655,0.8843104381646428,0.18341815524867602,0.7721681759825775,0.16695594042539597,0.7128930698548045,0.4418700842985085,0.2824383727274835,0.05983749630727938,0.35831560673458235,0.0005561501852103642,0.41100363646234783,0.33966870605945587,-0.00652871813092913,-0.028487867542675564,0.2328660168818065,-0.00287864197577749,-0.09230289874332291,0.028021657983312513,-0.13015868674431527,0.07978722133806773,0.10401676595211029,-0.09321778054748263,-0.03837182159934725,-0.06163676335875477,-0.11037155240774155,-0.1317668684891292,-0.11201558581420354,0.034273041146142144,-0.021706790264163698,-0.11916019980396543,-0.1245195809751749,-0.06388984620571136,-0.12633747075285232,-0.09337099987481322,-0.1379197814634868,0.05448323667847684,-0.018700557627848217,-0.09280113889170545,-0.1081983234533774,-0.11134254240563937,-0.09751189925840922,-0.10650982042508465,-0.07568549492862076,-0.06110134933676038
ERR1746426,1,-0.05314670130610466,0.2341888951403754,0.3161070913608585,-0.021269902054752623,0.3698387418740562,0.008725495909207634,0.7289393951318094,0.13645298739096948,0.9024313954370362,0.34757032059133053,0.3794609137943813,0.771642091018813,0.38284396699496676,0.5062011725136212,0.488288549972432,0.18086905454817628,0.8188499765736716,0.15278441472245113,0.5309738471571889,0.3591175281575748,0.7871961146593094,0.3395359045160668,0.8291163997990745,0.17312916368246078,0.8468738602740424,0.5642475709319115,0.31181579681911636,0.1088004471468074,0.4781886637210846,0.08209046402147838,0.4128873880420412,0.39791667993579594,0.005057439208030701,-0.021428837840046202,0.20743840839713812,-0.027063251606055667,-0.10144383886030742,0.05880844220519066,-0.11883910978212953,0.015670010021754673,0.04196507164410183,-0.08335795892136437,-0.056283539693270414,-0.03657374412952257,-0.08652385643550328,-0.11246443805950028,-0.125209439811962,0.049931633685316355,0.07879052311182022,-0.09926148956375462,-0.13143622875213623,-0.07792226318269968,-0.11282666080764361,-0.12410344088649643,-0.12725284748843738,0.10621768375858665,-0.033374352912817686,-0.09270549326070718,-0.10032933172104615,-0.10301662263061319,-0.08681001574067133,-0.1043235289731196,-0.08282907582387063,-0.06101520798568215
ERR1746427,1,-0.10050025396049023,-0.0829469511019332,0.0004961650286402021,-0.09627253928088716,-0.04914354559566293,-0.14123079712901795,-0.06152201497129032,-0.07433796361354846,0.07934846409729548,-0.1223483681678772,-0.03486726113728115,0.1042514219880104,-0.08930009550281934,0.09964854935450214,-0.09578951873949595,0.03482639044523239,0.17132468202284404,-0.12178417349579311,0.115453482738563,0.09721755236387253,0.22769436240196228,0.025743500662169287,0.2647358240293605,-0.12569754623941012,0.059653550918613164,-0.02414288983813354,-0.019467884940760478,-0.111394252628088,0.13068316371313163,-0.09616591142756599,0.1608222210779786,0.36432963869135293,0.316925283854029,0.33873481090579716,0.4775765304054533,0.5097010050501142,0.5388519891670772,0.1313477467213358,0.36938920244574547,0.7026908067720277,0.876569678740842,0.4968926991735186,0.28310359083116055,0.314503014087677,0.39610167699200766,0.1468084537025009,0.21187175916773932,0.630126171878406,0.44024727759616716,0.055557403181280406,0.43774852475949694,0.19478072678404196,-0.10182775876351766,0.4396986375961985,0.16960876727742807,0.3380509444645473,0.6159724146127701,0.21451384840267046,0.21241001412272453,-0.0721782094665936,-0.060744728410749564,0.3224202868129526,-0.1428167958344732,0.1103009714611939
ERR1746428,1,-0.11773060661341463,0.153630653662341,0.3019598944644843,-0.05269377093229975,0.38743847821440014,-0.011499717831611633,0.5610293980155673,-0.059820769886885374,0.8083881863525936,0.19478986904557263,0.3196141002699733,0.7527516202202865,0.28370475875479834,0.3264670063342367,0.4254864369119917,0.06798418185540608,0.5979764603876642,0.025540762713977268,0.5592827956591334,0.30475280806422234,0.7047944524425215,0.18265325682503836,0.6131125417138849,0.09074639528989792,0.6474742804254804,0.32933503608884557,0.28855774737894535,0.06073835997709206,0.27893769315310885,-0.012829156858580453,0.3181197281394686,0.3858503317460418,0.015534130058118276,-0.021520787850022316,0.2599582171865872,-0.01690372292484556,-0.029500900634697506,-0.0031400309609515326,-0.11804053240588733,0.1411993397133691,0.08932227322033473,-0.05458295132432665,0.005751727947166988,-0.048517462298540134,-0.09200394579342433,-0.11405354711626257,-0.11275078875145741,-0.0010173831667218889,-0.010024861565658025,-0.1111463052885873,-0.07347227885786976,-0.042147756687232425,-0.1213173610823495,-0.09611962941874351,-0.1389638621892248,0.11226128121571881,-0.03904882712023599,-0.09402057195880584,-0.09307418550763812,-0.117478591256908,-0.10704572512102979,-0.10964282894773143,-0.08205137852512832,-0.07525188422628812
ERR1746429,1,-0.11676642910710403,0.13465742500764982,0.28243873205168973,-0.05693494581750461,0.37263959114040646,-0.0230919463293893,0.5164292944329125,-0.04935040431363242,0.7830091187996524,0.18089444642620428,0.2839283695086903,0.7170533919124864,0.274189688797508,0.3246941566467285,0.38750411782945904,0.0685972347855568,0.5905291290421572,0.006437712482043675,0.522668892783778,0.28882415486233576,0.7021620121917554,0.15354812677417481,0.6062735180769648,0.09818351588078908,0.5997054443827697,0.3179603266263647,0.274435586429068,0.04564821666904858,0.276425964864237,-0.024693433195352554,0.33484491067273275,0.3745723926861371,0.013682589999267034,-0.016468983675752367,0.25610174451555523,0.010557782570166247,-0.03322312821234975,-0.005635546487090843,-0.11737336590886116,0.14357325115374156,0.10409467028720039,-0.05391360180718558,0.011343469044991903,-0.05072727220665131,-0.09420830756425858,-0.11742448939808778,-0.11153182919536318,0.023047217300959995,-0.017636986715453013,-0.10725425902221884,-0.07159925624728203,-0.049675642379692624,-0.12603115077529634,-0.09689078679574388,-0.1404856996876853,0.11116467675726328,-0.023955322802066803,-0.09881460799702577,-0.10240126474361334,-0.11884743507419314,-0.11168537727956261,-0.11049098415034157,-0.08571991151464838,-0.07994411406772477
ERR1746430,1,-0.09235703998378345,0.22072155986513411,0.36453977919050623,0.011757960409990378,0.4861779667969261,0.0074965570654187885,0.7261574821812766,0.03168158306341086,0.9472725253020015,0.275952319215451,0.3563408580209528,0.8644429509128843,0.395724532859666,0.4288330503872463,0.5447313868041549,0.1094359787447112,0.7085663974285126,0.04661675675639084,0.5963098200570259,0.3438611477613449,0.8934928140203867,0.190353485090392,0.768623239759888,0.16222396067210607,0.7032989061304501,0.4240846740347998,0.31958124839833807,0.059725994909448285,0.3207092309104545,-0.014981436942304884,0.395286853824343,0.3786875440606049,0.011274491037641252,-0.03115374062742506,0.2380200188074793,-0.01072339660355023,-0.10925599081175667,0.02216935225130458,-0.12142989066030298,0.0813225656747818,0.10222874581813812,-0.09623741039208003,-0.01439768900828702,-0.06898348958098463,-0.10646448390824455,-0.13028192520141602,-0.11884805001318455,0.010868839653474944,-0.05541648928608213,-0.12657026680452482,-0.11915565122451101,-0.044173693018300195,-0.12666497485978262,-0.1080353290640882,-0.13180459237524442,0.07000895286910236,-0.03532400437896805,-0.08249800359564168,-0.09693039953708649,-0.11598571057298354,-0.09644236568627614,-0.11010482055800301,-0.07719955979181188,-0.056267241681260724
ERR1746431,1,-0.08447987373386111,0.21396982350519725,0.3727541480745588,0.029104300575064763,0.4926476627588272,0.022998740630490438,0.7528787297861916,0.03851489203849009,0.9474750342113631,0.30092492673013893,0.360628640545266,0.8752813339233398,0.41070687238659176,0.45472858367221697,0.5559036170265504,0.1094927407268967,0.7153822407126427,0.05804901809564659,0.6262723935235824,0.3513626360467502,0.912226884492806,0.2179496447954859,0.7863955258258751,0.14205498833741462,0.7365235633083752,0.4248657056263515,0.32875613548925947,0.06529253455145019,0.33375261777213644,-0.007943839366946901,0.3791534293975149,0.37618111446499825,0.022295187626566206,-0.02698030322790146,0.23160697892308235,-0.03379126372081893,-0.117192911782435,0.01874782344592469,-0.12186689794595752,0.06448033452033997,0.10032446788890022,-0.10494062836681094,-0.03338809524263654,-0.06138760829344392,-0.10390745635543551,-0.12761578389576503,-0.11892954739076751,0.006931277890024441,-0.041843221123729436,-0.1284493106816496,-0.11433918295162064,-0.04583059677055904,-0.12670185736247472,-0.10650022687124354,-0.12954536080360413,0.0506278468320878,-0.053233585719551356,-0.08476613754672664,-0.09415795580883111,-0.11213085374661855,-0.09204581619373389,-0.10676297891352858,-0.07466481186150174,-0.053304493826414855
ERR1746432,1,-0.11441125757327038,0.1488694085606507,0.2843237131434892,-0.03205864264496735,0.3884765952825546,-0.006266291652406965,0.5776088110038212,-0.04083340575120279,0.7866480425000191,0.22293131319539888,0.3081425047878708,0.7450249721961362,0.29634158007268396,0.3608191002692495,0.4232281393238476,0.05669315851160458,0.6351907471460956,0.0256118220942361,0.5931416350815978,0.30878025559442385,0.706331180342074,0.202245439269713,0.616823498159647,0.0761969227875982,0.6790736754025731,0.3329306114464998,0.3005876051528113,0.06790527701377869,0.28248822449573446,-0.01025196151541812,0.3050686206136431,0.3859144522409354,0.01251785350697381,-0.014578832579510552,0.24806411830442293,-0.039499646318810325,-0.0415480871285711,-0.006224835025412696,-0.10991090961865016,0.10291228549821037,0.0944734758564404,-0.06778905327830996,-0.006146066156881196,-0.047560140024870634,-0.09770554623433522,-0.12348949483462743,-0.11128560586699418,0.01730330607720784,0.005478081958634513,-0.1120317695396287,-0.06632552508796964,-0.04760869752083506,-0.12028285328830991,-0.09683475590177945,-0.13628824640597617,0.1008876206885491,-0.05053733941167593,-0.09943753454302039,-0.0942113687550383,-0.11588495623852525,-0.10433686325060469,-0.10506999189965427,-0.07995312790652472,-0.0728979344878878
ERR1746433,1,-0.06139893723385675,0.04711303647075381,0.27368551173380445,0.09459789084004504,0.36338663420506884,-0.07540427494261946,0.3970064904008593,0.1552035233804158,0.7037126507077899,0.26744150849325315,0.24414393758135183,0.6929320740912642,0.42491668249879566,0.41813212826049756,0.40030382786478313,-0.009442078481827463,0.6647564108882632,-0.06153920399291175,0.43645439243742395,0.2760199388223035,0.8583862408995628,0.041153493736471446,0.6234101921852145,0.14823111359562194,0.48150279000401497,0.28164266475609373,0.1729575007089547,-0.08672512735107116,0.29003094668899265,-0.03351538309029171,0.26318581721612383,0.3095529124340309,0.0887393413909844,-0.04380146414041519,0.24376084868397033,0.10719778202474117,-0.10344573482871056,0.043875260810766904,-0.07370779530278274,0.09590481860297066,0.25133741966315676,-0.11189135270459312,-0.0028345614139522824,-0.10747020219319633,-0.08763964687074934,-0.05949455286775317,-0.10186265621866498,0.19135296664067677,-0.05265859188511968,-0.09654237463005952,-0.0582798570394516,-0.07560294760125023,-0.11055059238736119,-0.0539794670683997,-0.11663861359868731,0.08212301560810634,-0.016662569982664927,-0.10517954107906137,-0.12968867285443203,-0.12395241217953819,-0.10350670169905893,-0.11733803951314517,-0.09714200028351375,-0.07819215580821037
ERR1746435,1,-0.11748212788786207,0.16606135772807257,0.15195016962076938,-0.042828363233378956,0.28396346632923397,-0.08734062486993414,0.3344390963071159,0.06894793254988534,0.7095678352883884,0.18610927249704087,0.18858173955231905,0.5175845154694149,0.3001923789935453,0.38347389043441843,0.3588221158300127,0.06862859640802656,0.495960264599749,0.002423918672970363,0.3466238686814904,0.24153442521180427,0.8029305211135319,0.0815688254577773,0.6913236933095115,0.13810528708355768,0.5802522019616195,0.3866821601986885,0.21875771421140858,0.017544935324362347,0.29337762242981363,-0.044670372137001584,0.42002382768051966,0.30336653713935186,0.010712317457156522,-0.05441159794905356,0.23959395289421082,0.13464015748883998,-0.05082978163928991,0.06076139584183693,-0.11218175717762538,0.17284720816782542,0.17587134933897428,-0.011146519865308489,-0.003550826438835689,-0.05925877990999392,-0.08699522699628558,-0.13646528869867325,-0.08321656882097679,0.07604325030531202,0.014089307614735194,-0.08247190458340421,-0.06763651381645884,-0.07725328792418752,-0.12558667095644133,-0.0565475558729044,-0.1381549590400287,0.0794589567397322,0.020822087036711828,-0.12106976312186037,-0.12308594611074243,-0.10988712071308068,-0.11281281703018717,-0.1135626169187682,-0.08836670519251909,-0.08807621683393206
ERR1746436,1,-0.11628489196300507,0.1356049222605569,0.25546570654426304,-0.07480939610728196,0.25750516248600824,-0.055475037544965744,0.44734300673007965,-0.037652191306863515,0.7537819418523993,0.2152894985462938,0.2769555287169559,0.6107601741594928,0.27084166396941456,0.3098435125180653,0.3675333485007286,0.07755425652222973,0.5894513875246048,0.040948353707790375,0.4019622728228569,0.2583640989448343,0.664341983252338,0.1879748489175524,0.6187503231423241,0.10276590181248528,0.6449683702417782,0.3693596529109137,0.22479464220149176,0.029648473486304283,0.3574541924255235,0.017058018328888074,0.33306837401219774,0.3350582793354988,0.0017241548214639937,-0.023729864241821424,0.26190962123551537,0.06562246435454913,-0.052722559842680185,0.05061559698411396,-0.1088221903358187,0.13543679778065001,0.06714769772120885,-0.0652859743152346,-0.021958411804267337,-0.041364092379808426,-0.08978792386395591,-0.11243832031530994,-0.10831029234187943,0.06257787879024233,0.023593641817569733,-0.06852636100458247,-0.10668335682047266,-0.07666075176426343,-0.12040316047413009,-0.10784425360283681,-0.14652461132832936,0.12549721782228776,-0.012777575424739293,-0.09513315829514925,-0.10952428043154734,-0.11019761514450822,-0.10352428457034486,-0.1212737847651754,-0.08741197961249522,-0.07816497635628496
ERR1746437,1,-0.131910361881767,0.14331491717270442,0.2486946710518428,-0.0710903105459043,0.25167594850063324,-0.06182882509061268,0.4641610426562173,-0.03442673438361713,0.7561359634356839,0.1745886864207153,0.26565658301115036,0.616122554987669,0.2748236940907581,0.289403178862163,0.35333472383873804,0.08021796787423748,0.5732200252158302,0.05292961161051478,0.39913746022752356,0.2512243783899716,0.6458374843267458,0.2000144970204149,0.6060131229460239,0.09240870922803879,0.6331424936652184,0.36262176824467524,0.20636990080986703,0.018044206712927138,0.3672007939645222,0.023589526303112507,0.3337462070797171,0.3377604665500777,0.006666681596211025,-0.023652173578739166,0.2445528477962528,0.07848629621522767,-0.0425901072365897,0.040200785866805484,-0.11140228142695767,0.134161148752485,0.05962558303560529,-0.06589622263397489,-0.027664501752172197,-0.02578608744910785,-0.09445302827017647,-0.10406900676233428,-0.10980825605137008,0.05714610644749233,0.01675225794315338,-0.06887941062450409,-0.10631797954972301,-0.08883589665804591,-0.11818380015236991,-0.1126880230648177,-0.14572193899324962,0.13106847887060472,-0.011184996260063989,-0.09292213725192207,-0.10359955080119627,-0.10012036561965942,-0.10107012199504035,-0.1233498068260295,-0.0914144281996414,-0.07832142311547484
ERR1746438,1,-0.11639662911849362,0.19432298413344792,0.3060022149501102,0.027757269962291633,0.4142141882247025,-0.02980476138847215,0.580692972455706,0.1142266182495015,0.8685679457017353,0.26061137127024786,0.34167441486247946,0.6908061334065029,0.35961572932345526,0.4486276198710714,0.5286112725734711,0.13123556625630176,0.6342751426356179,0.10269840380975179,0.45318543458623545,0.288159789783614,0.8284912226455552,0.16079895411218917,0.8079087283196194,0.1423849298485688,0.7057511306234768,0.5251113814967019,0.27042254991829395,0.020824056917003224,0.3427983836403915,0.008209880973611559,0.445986481649535,0.3096774350851774,-0.009858162275382451,-0.04243666359356472,0.22492172602298005,0.061703282807554514,-0.09776291570493154,0.044192703174693246,-0.1165978971070477,0.08858623036316463,0.08757722590650831,-0.10536128495420728,-0.05373745518071311,-0.04779523038970573,-0.12390431442431041,-0.12089342111721635,-0.11667176548923765,0.0658476890197822,-0.01550291052886418,-0.09434668932642255,-0.13238734858376638,-0.08813174707548958,-0.12530857164944922,-0.11048494864787374,-0.13267455462898528,0.04166553814762405,-0.0011892302760056087,-0.1072197827909674,-0.11371358101522284,-0.11202815720545393,-0.10323345967169319,-0.10475222526916436,-0.09202685381751508,-0.07138098962605
ERR1746439,1,-0.10193096021456378,0.19803470160279954,0.2714786737758134,-0.035676916262933185,0.37827651841299875,-0.021876769406454905,0.5732437585081372,0.10256658005943921,0.8434702147330556,0.2745843471160957,0.32297450037939207,0.6853429621883801,0.3294111657887697,0.46744085954768316,0.46693700764860424,0.11490169832749027,0.659657067486218,0.07558901129024369,0.5002409388710346,0.2938688801867621,0.7871241995266506,0.22752242854663304,0.7743744788957494,0.17080558942896978,0.7198091383491244,0.48027337555374416,0.2786413098552397,0.05028185261679547,0.3915570399590901,0.016274422939334596,0.40138536053044455,0.33268499267952784,-0.009390472301415034,-0.02037200704216957,0.22223426667707308,0.019417491874524524,-0.08820214814373425,0.025947172926472768,-0.11757133289107255,0.054718000548226495,0.05692314888749804,-0.10052398698670524,-0.0570383934038026,-0.04372565022536686,-0.10756250151566096,-0.12712616633091653,-0.11770073750189372,0.04921355098485947,0.025369530277592794,-0.09852051828056574,-0.12892723509243556,-0.07687514222093991,-0.12576685366886003,-0.10503758104251963,-0.1374784665448325,0.062446293221520524,-0.0189016264464174,-0.10441813591335501,-0.10949914027670664,-0.10683964059821197,-0.09818223211914301,-0.10835791778351579,-0.0800192233540916,-0.0662593599408865
ERR1746440,1,-0.12593103892036847,0.15712700198803628,0.18951657840183803,-0.0033448774899755207,0.26979303253548487,-0.08020654294107642,0.36346826010516714,-0.025654560487185205,0.6812138115721089,0.18908876606396266,0.21412905092750276,0.569573238492012,0.27985961203064236,0.3116532995232514,0.37722068492855343,0.07202283133353506,0.4813160127294915,0.006102666258811951,0.44552447460591793,0.2361388722700732,0.7841199080326727,0.09326623912368502,0.6546715572476387,0.14683269815785543,0.668678991496563,0.35447366322789875,0.25383200083992313,0.047308818836297305,0.30213811887162073,-0.0255048753959792,0.4198776165638784,0.3464461298925536,-0.025736146739550998,-0.05270057703767504,0.31630261135952814,0.09703384659120015,-0.025566632726362774,0.07626963273755141,-0.0998900415641921,0.22468034949685847,0.1603637688926288,-0.017876704888684408,0.012081197329929896,-0.0684186786945377,-0.10716592733349119,-0.13821281492710114,-0.057113666885665486,0.1293735961828913,-0.00407497797693525,-0.06501440514278199,-0.055202070091451914,-0.06306221815092224,-0.12080595056925501,-0.046673831662961414,-0.1353830716439656,0.11918623665613788,0.018917219979422435,-0.10938307802592005,-0.12078374783907618,-0.10962635385138648,-0.11196570650541357,-0.12698634501014436,-0.0896195922312992,-0.0844857921557767
ERR1746441,1,-0.0960286267633949,0.3039539520229612,0.3969078053321157,0.08366558328270912,0.5709521733224392,0.016761086215930327,0.8000607171228954,0.08958021764244352,1.0445604036961282,0.3298879688871758,0.4004297192607607,0.8933335787483624,0.45244145819119047,0.5011753039434552,0.6071124257785934,0.1604574641013252,0.6800714624779565,0.0989219139197043,0.6354432127139132,0.3475973244224276,1.051767392882279,0.22839136740991048,0.971770416945219,0.24342868503715312,0.8293575277285916,0.515481310231345,0.3715384879282543,0.09845186716743878,0.41228377393313814,0.004483926509107862,0.4861086149300848,0.3764893573575786,-0.0015303098729678563,-0.04475480105195727,0.2328363662319524,0.015142548297132765,-0.13517209993941443,0.0445212238867368,-0.1151765694043466,0.07886019136224474,0.10376480221748352,-0.11776296282187104,-0.04452433649982725,-0.07549764272490782,-0.12460984662175179,-0.13363029807806015,-0.11249603623790401,0.01731302961707115,-0.06068523387823786,-0.11984365300408431,-0.14499420672655106,-0.05143457864012037,-0.12377891157354627,-0.09914060549012252,-0.12489557000143188,0.03742533767529364,-0.030025226729256765,-0.07808884313063962,-0.1051748454171632,-0.100214473637087,-0.08617579398144569,-0.10632447778646435,-0.072028263480336,-0.04835542930024011
ERR1746442,1,-0.0976210908432092,0.29062667063304354,0.3897822030952999,0.075439435296825,0.538542025323425,0.014232684991189412,0.7881297277552741,0.0760120903807027,1.0058074503072671,0.33230871175016674,0.38672657896365437,0.9058044951941285,0.442682646214962,0.4768372212669679,0.6104887436543193,0.15236253690506732,0.7061122762305396,0.08466882704358016,0.6097070013305971,0.3533859801079546,1.0104965131197656,0.18715689118419374,0.9045548513531685,0.22601450979709625,0.8154013981776578,0.48410346252577646,0.3670621077929224,0.09546075495226043,0.39613465539046694,0.0029098428785800934,0.46770703473261427,0.38202262204140425,-0.006856966231550489,-0.05781375403915133,0.2493655745472227,0.01557400796030249,-0.13168986993176596,0.058648765685835054,-0.11332488964710917,0.08115471793072564,0.1024080142378807,-0.1166867862588593,-0.03093717380293778,-0.07980393734760582,-0.12484936575804438,-0.13622863164969853,-0.10937989822455815,0.028348750301769803,-0.06485105625220708,-0.11416912438081843,-0.1449765477861677,-0.05399781305875097,-0.12129938176700047,-0.10049519035965204,-0.12425031991941589,0.04482396043437932,-0.017457086592912674,-0.07310544340206045,-0.1042485123699797,-0.10576720522450549,-0.08719413953700236,-0.10760075678782803,-0.07526272580227149,-0.05034054642809289
ERR1746443,1,-0.12035369633563928,0.16479821822472981,0.21857316020343984,-0.03374251403978893,0.32010875748736517,-0.01619933918118477,0.5518253041165215,-0.02060226005102907,0.7499811750437532,0.23636504069768957,0.3098419170294489,0.6819528096488544,0.2847506299939206,0.38867718407085966,0.39092532438891275,0.0773657779541931,0.5888264647551945,0.05286420349563871,0.5881590311016355,0.31321000094924656,0.6986536721565894,0.2646917221801622,0.6811958969171558,0.09475986499871526,0.7924835000719342,0.4032207152673176,0.3053775600024632,0.0984365257567593,0.3229512296883123,0.004511616059712001,0.33975754039628164,0.4196106583944389,-0.029535003006458282,-0.018311435988705074,0.2236602178641728,-0.017176851630210876,-0.0493197108485869,0.008128893694707326,-0.10091595671006612,0.11834243312478065,0.07929063801254545,-0.06569061534745353,-0.022333602820123945,-0.02649551929373826,-0.10287049625601087,-0.12963238039187022,-0.10737432552767652,0.025449907141072408,0.03344240837863514,-0.08548757134537611,-0.07931588643363544,-0.0565741453319788,-0.11232540650027138,-0.09308777549969298,-0.13506963742630823,0.10824523008029376,-0.05344310509307044,-0.09789676006351199,-0.09383556632591146,-0.10853413665401083,-0.10315840119229895,-0.10617810141827379,-0.0774874468001404,-0.07201748394540378
ERR1746444,1,-0.08647542180759567,-0.0915167113499982,-0.053595175966620445,-0.07504985062405467,-0.12524723261594772,-0.0864869084741388,-0.08863347343036107,-0.10492155434829849,0.025424532858388766,-0.12602180615067482,-0.07896016644580024,-0.06033288900341306,-0.13933277981621878,0.012897392734885216,-0.12593928618090494,-0.02685872252498354,0.12871003736342704,-0.1382146988596235,0.03214315843901464,-0.06976331344672612,0.00842067040503025,-0.011236734688282013,0.08478480471032006,-0.13576676696538925,-0.06831322663596698,-0.10060890444687434,0.020337319799831936,-0.019178100462470735,-0.05214385003117578,-0.07276570690529686,0.35030627383717466,0.5223475072000708,0.519285289304597,0.4273273714685014,0.5006946421095303,0.8896996634347099,0.96490749503885,0.3669730281191213,0.8042262260402951,1.0133847402674812,1.2612968236207962,0.9605859459510872,0.7111021876335144,0.5859694299953324,0.7663747468697173,0.5255952319795532,0.6264115794827896,0.8039519488811493,0.8059270759778363,0.36133419296571184,0.7881085904581207,0.9262268780065435,-0.07232605325823117,0.7938766394342694,0.773813573377473,0.7704872446400779,1.015874241079603,0.3767785355448723,0.29782217820840223,0.26313957112974357,0.3627345636487007,0.6860247227762427,-0.04539357152368341,0.4461553969553539
ERR1746445,1,-0.08690958975681237,-0.11217625598822321,-0.06539982557296753,-0.07801002849425588,-0.10642454134566444,-0.09320271094994885,-0.12127017336232322,-0.07039417326450348,0.012348333639757974,-0.1348294679607664,-0.10015068389475346,-0.053180014448506494,-0.15515829196998052,0.018970596471003125,-0.15235020433153426,-0.09616488590836525,0.05555118162218215,-0.14907692479235785,-0.0008364585893494743,-0.01745622285774776,0.053131401006664546,0.021163367799350193,0.09620765277317592,-0.15154134269271577,-0.09805443377367087,-0.04364076256752014,0.007784030799354825,-0.13868593743869237,-0.08362437904413257,-0.11198637893955622,0.4664635413459369,0.4623196119708674,0.43473003312413183,0.4854320122062096,0.3941187230604036,0.7746779951266944,0.8485533137406621,0.22096863708325795,0.6096426152757236,0.9005937533719199,1.018115250127656,0.6238085301592946,0.41979826454605373,0.3184037847178323,0.5865982589977128,0.3527604990771839,0.33330306836536955,0.5299212134310177,0.5797509402036667,0.06955473058457885,0.7413454353809357,0.5025123485497066,-0.10554591247013637,0.5050054751336575,0.44786254023866995,0.46845120431057047,0.8009457247597831,0.10624640687767949,0.3011446212019239,0.03623175009020737,0.1687344397817339,0.7961798587015697,-0.12918016101632798,0.3837239774210112
ERR1746446,1,-0.11740318978471416,-0.06756682002118655,0.06389059339250837,-0.11512334099305528,-0.011370840881552016,-0.13329348766377994,-0.08701130215610776,-0.1186223817723138,0.3323234835905688,-0.0932718494108745,0.00388631277850696,0.28245418492172447,0.00856420663850648,0.05010240205696651,-0.048267582564481666,-0.009732572361826897,0.26401945097105844,-0.1063400028007371,0.1181539563196046,0.1446853673883847,0.3366013467311859,-0.02133446293217795,0.3105539360216686,-0.037484388266290934,0.13563814679426806,0.14305747193949564,0.020759031176567078,-0.09777881684047836,0.10802684937204633,-0.08809605773006167,0.3866178058087826,0.5098038076290062,0.18925696315376886,0.21105256570237024,0.4441222037587847,0.37045769499880926,0.2493650136249406,0.15949032229504415,0.08391370837177549,0.5634526535868645,0.5445796001170363,0.39074102150542395,0.16592767728226526,-0.015345488408846515,0.07131382024713925,-0.012522392507110323,0.09835957842213768,0.2626826422555106,0.14927080805812562,0.0258017113166196,0.2749499955347606,0.1717348630939211,-0.09285945977483477,0.1316115531538214,-0.0451884354863848,0.4041119249803679,0.2499672078660556,-0.0955179040985448,-0.03361773331250463,-0.10334434732794762,-0.06326122528740338,-0.05787048874689,-0.09228328562208585,-0.09475170927388328
ERR1746447,1,-0.030862445277827128,0.3822143184287207,0.37399457714387346,0.08666910843125411,0.5575003219502312,0.016930525856358663,0.8116840209279742,0.34466474609715597,1.103323528809207,0.41040123094405445,0.4093533626624516,0.8598124012351036,0.4698577799967357,0.6396370444978986,0.5704594616379056,0.236423880394016,0.7792063908917564,0.14236715861729213,0.5828679773424353,0.37423108890652657,1.0593643369419234,0.2994274411882673,1.1151423007249832,0.3216021273817335,0.8366832711866924,0.6851617566176823,0.41734740670238224,0.14913304708898067,0.5273953306355647,0.028625925204583576,0.5788684955665043,0.36493884878499167,-0.01779256122452872,-0.028084516525268555,0.23062232615692274,0.04980265349149704,-0.13733768995319093,0.07004102214705199,-0.12178793868848256,0.03421171967472349,0.10164762767297882,-0.1243191132588046,-0.0656392223068646,-0.06000427284743637,-0.1171509072716747,-0.13636991062334605,-0.11579818797430821,0.06950475980660745,-0.022874696978500912,-0.1139242233974593,-0.15007843290056502,-0.06688916204231125,-0.13006712176970073,-0.08863944563615535,-0.11964386062962669,-0.009534030420971768,0.030575451041970934,-0.09092215415356415,-0.11963940371892282,-0.10478803954486336,-0.0875222410873643,-0.10270064403968197,-0.076720770223931,-0.049388517293014696
ERR1746448,1,-0.10134276947272676,-0.12413006116236959,0.010287161384310042,-0.10743272597236293,-0.08804080129734107,-0.12683424672910146,-0.1290506741830281,-0.10733497023050274,0.18107504450849124,-0.1326387439455305,-0.06515815321888242,0.15077793491738184,-0.07501595068190779,0.021334159587110792,-0.12320923273052488,-0.07402765165482249,0.17981662069048202,-0.13427095487713814,0.07246436497994832,0.09002997007753168,0.23321445073400224,-0.03117381568465914,0.18771573368992125,-0.11805355548858643,0.01975270946110998,0.011993588613612311,0.007244029414973089,-0.1304182835987636,0.016320919085826193,-0.10552882509572166,0.33090437429824043,0.48499023919326384,0.21442655686821258,0.36756246257573366,0.4010996179921286,0.5025232093674796,0.424962883282985,0.15851822695029633,0.16604429855942726,0.6445740695510592,0.6844446978398732,0.4002844952046871,0.2145385273865291,0.024984958980764662,0.2381507804883378,0.0975554638675281,0.10729745030403137,0.308390628014292,0.30290391136493,0.06274746251957757,0.4473463861005647,0.22896260315818445,-0.09364357537456922,0.2491936289838382,0.061622664598481994,0.4152145151581083,0.40117390879562925,-0.07662871672904917,0.033856019244662354,-0.09064094828707832,0.02394676793898855,0.16404180654457637,-0.11125539163393634,0.014715258032083511
ERR1746449,1,-0.10096490482932755,-0.09947033678846699,-0.12640515342354774,-0.0702094951910632,-0.12742353124277933,-0.12266814495835986,-0.10831218798245702,-0.09010618978313037,-0.08228952836777483,-0.13941356273634092,-0.1285098328122071,-0.10580674239567348,-0.14661833750350134,-0.01831363806767123,-0.14651103956358774,-0.06611146671431405,-0.0638759724263634,-0.12979272912655557,-0.0630073994398117,-0.05214235186576843,-0.0011346499834741866,0.011537790298461914,-0.04458665634904589,-0.13399430790117808,-0.12173506191798619,-0.08428417299208897,0.03331405030829566,-0.11094449886253901,-0.06804916794810976,-0.08755595170493637,0.565272076853684,0.6363552840692657,0.5681132567780358,0.6245754190853664,0.5693517508251327,0.8733197312269892,1.022904953786305,0.3375388857509409,0.7571739298956734,0.9919434977429253,1.2359799125364848,0.9904429601239306,0.6862849465438298,0.4268129229146455,0.8297916209059102,0.5486170436654773,0.5056183250354869,0.7600145473011902,0.7009663198675428,0.26908644448433605,0.9089324272104672,0.9202030577829906,-0.05052836877959115,0.7215016910008022,0.6676864198275975,0.8263704542602811,0.9961056326116834,0.23453015009207384,0.40496413436319145,0.2620366657418864,0.48098859403814587,0.755170675127634,0.06288829020091466,0.6348828481776374
ERR1746450,1,-0.09737610018679074,-0.10569720262927669,-0.04822407050856522,-0.07804306410253048,-0.09882238450726229,-0.08988713366644722,-0.09844306084726538,-0.07873850954430443,0.06446826138666698,-0.1087704449892044,-0.07244249007531575,-0.031073019972869327,-0.154242143034935,0.048659779131412506,-0.15317157549517496,-0.04482851816075189,0.13115449941584043,-0.13390286479677474,0.05531325510569981,-0.02538356983235904,0.06600320818168777,0.04354712899242129,0.15344961466533796,-0.15184409597090312,-0.07497262795056615,-0.020607694185205867,0.024148400340761458,-0.13023963357721055,-0.05295489941324506,-0.11221827779497419,0.39968083798885345,0.48340671935251783,0.5230496610913958,0.44304871772016796,0.46019238433135407,0.7977737188339233,0.8015567798699651,0.28140269386182937,0.6569855042866298,0.8812588123338563,1.022851079170193,0.6811810646738324,0.46401700164590565,0.2810006184237344,0.5548110582998821,0.36841085446732386,0.33898234899554935,0.6470486351421901,0.5005509401006358,0.1492840445467404,0.6885933048490968,0.5382847275052752,-0.09149358208690371,0.5145640278767262,0.41210807274494854,0.5330164366002593,0.8127625201429639,0.0979296203170504,0.27929040629948887,0.06744032918608614,0.1381469587130206,0.6644544693242226,-0.136193043419293,0.3734368144401482
ERR1746451,1,-0.08654839252786976,-0.08661461169166225,-0.06893888874245542,-0.07568965765780636,-0.13265234125511988,-0.08983148102249418,-0.09103954450360366,-0.10431227939469474,0.006047009889568601,-0.12854544818401337,-0.08867220261267253,-0.08708099062953677,-0.1362320493374552,-0.01636314664834312,-0.11738600049700056,-0.020999821169035777,0.10043670902294773,-0.13671226905924933,0.036788779710020335,-0.06842266927872385,-0.01881135521190507,-0.025063479585306987,0.04351086488791874,-0.13297030329704285,-0.08892165550163814,-0.10585421217339379,0.028303796691553935,-0.0066431233925478795,-0.06330898354229118,-0.06916728083576475,0.37573727486389025,0.5331707085881915,0.557412822331701,0.4645251366975052,0.5104153773614338,0.920256936124393,0.9869644013898713,0.3783106936940125,0.8856491063322339,1.030410076890673,1.2686181919915336,1.0014678686857224,0.774918865944658,0.6096002390342099,0.8097161480358669,0.5833500948335443,0.6459371958460126,0.8629939002650124,0.8182937013251441,0.40354445044483456,0.8279983103275299,1.0313095929367202,-0.05766870540433696,0.8394809897456851,0.8267059922218323,0.8564374830041613,1.0798351551805223,0.4032400521848883,0.31809641500668867,0.3411112619297845,0.4854824777160372,0.7279240945354104,0.020381630531379154,0.5630873984524182
ERR1746452,1,-0.08350878235484872,-0.08721921646169253,-0.025232309076402868,-0.0827103647336896,-0.11697090630020414,-0.09244947720851217,-0.0791170916387013,-0.1086133165018899,0.06449687427708081,-0.12319024386150497,-0.06359162128397397,-7.002055644989014e-05,-0.1497221291065216,0.023408169858157635,-0.11502837230052267,-0.008876570101295198,0.19030266946979932,-0.13087454438209534,0.07025374897888728,-0.04283210049782481,0.05630813805120332,-0.011459503855024065,0.1305640126977648,-0.14706721369709289,-0.04480522658143725,-0.07590953367097038,0.028028343405042375,-0.05675757037741797,-0.046933743370962996,-0.08796435062374387,0.3029353033219065,0.467177987364786,0.4733458161354065,0.3720913071717535,0.49123215462480274,0.8555375752704484,0.8265608346887997,0.3358621969819069,0.6963671020099095,0.9518754482269287,1.1471532306500845,0.833792778264199,0.6586570643952915,0.4526065071778638,0.6529899702540466,0.44125172602278845,0.5081892418675125,0.7028371691703796,0.7033982292882034,0.3277550073606627,0.6569413776908603,0.7846411636897496,-0.06721799900489193,0.6836555216993604,0.5442500944648471,0.7191620958702905,0.8667738607951573,0.27012794464826584,0.18996952048369817,0.20549426773296936,0.2439019065350294,0.4796694202481636,-0.10987552494875022,0.2863812010203089
ERR1746453,1,-0.08371933842343944,-0.09272044311676707,-0.0023308038445455687,-0.08399665778103683,-0.10539254027285747,-0.08624635902898652,-0.08171609496431691,-0.10348013096622058,0.11372626705893449,-0.12034379850540843,-0.0512440199298518,0.027988777296351536,-0.1492291752781187,0.019113767093845775,-0.13481674662658147,-0.009365411209208625,0.2033777479082346,-0.13257158707295144,0.06160700001886913,-0.032495491206645966,0.033778901611055644,-0.02201983332633972,0.1667881586721965,-0.14149792811700276,-0.04621421332870211,-0.07658844015427999,0.010092192462512426,-0.05478322133421898,-0.03599187172949314,-0.07628783690077919,0.3027048949152231,0.47816854768565725,0.48495965557438986,0.3566348286611693,0.4828109155808176,0.8098689631692001,0.8177975096872875,0.2835386521848185,0.6392238246543067,0.9403178329978671,1.1180076109511512,0.825839727850897,0.6173067933746746,0.4383598140307835,0.6484001827027116,0.43511792591639925,0.48823971168271135,0.652767824275153,0.6502469144761562,0.32125786266156603,0.6556934267282486,0.7782375546438354,-0.085146535720144,0.6187514790466854,0.514944042478289,0.7051701907600675,0.8739964408533913,0.23864538967609406,0.19681154963161265,0.16715221679104225,0.2326269205659628,0.5147143703486238,-0.11053485159728942,0.26984955051115583
ERR1746454,1,-0.09722735094172615,-0.08860174965645586,0.01958579570055008,-0.0977616120528962,-0.025834189993994578,-0.06993492586272103,-0.07717064980949674,-0.09987070624317441,0.14292440244129725,-0.11165903748146125,-0.03755757957696915,0.06928530548300062,-0.15086031811577932,0.042656823460544856,-0.11843799826289926,0.022824095828192576,0.24653141621300684,-0.14498271260942733,0.1592149372611727,0.007622583636215755,0.12461490663034576,-0.00938364224774497,0.20919147027390345,-0.15096523932048253,-0.020457643483366286,-0.0793061764644725,0.025551089218684604,-0.05421663182122367,-0.03605389754687037,-0.06742111699921745,0.2537000040922846,0.42503514885902405,0.4147052126271384,0.2975250855088234,0.45451624797923224,0.621819951305432,0.6533369549683162,0.21914263954386115,0.5768737601382392,0.8232039867767266,0.9618448096194437,0.594184857394014,0.47854207190019743,0.32043007761240005,0.47962614468165804,0.25334633567503523,0.3630883438246591,0.5093379409185478,0.5784876101783344,0.15602141192981175,0.5568283476999828,0.5406303831509182,-0.09975083162342864,0.4919465017904128,0.32778295981032507,0.5711100974253246,0.7629638761281967,0.11236190915639911,0.13944225119692938,0.10866163138832365,0.08763530690755163,0.4275864155164787,-0.1573773654443877,0.12222507808889661
ERR1746455,1,-0.09428508100765091,-0.09350459437285151,-0.07821885895516191,-0.07101541271965418,-0.10546792883958135,-0.07885665127209254,-0.08462940395942756,-0.09959998380924974,-0.009868330189159938,-0.12341190768139702,-0.0960329712501594,-0.09718837376151766,-0.13633892578738077,0.016988386533090045,-0.13191918177264078,-0.051627195839371,0.09580279487584319,-0.13457898795604706,0.027520335146359036,-0.08264492558581489,0.025868346648556844,0.026800595756087984,0.0878668874502182,-0.13308958815676825,-0.06934059198413577,-0.1100735499390534,0.04553509397166116,-0.005032687581011227,-0.05602250141756875,-0.05919390970042774,0.3521498255431652,0.48602003258253845,0.5391088160020965,0.4392997029104403,0.5101375409535,0.9142398546848979,1.0574402601591177,0.37084716292364256,0.8292876130768231,0.9942234307527542,1.3120761236974172,0.9243581907025405,0.7020054629870823,0.59840498651777,0.7811296433210373,0.5272816925176552,0.630149952002934,0.8199918898088592,0.843480476311275,0.36263698658772875,0.8308199404605797,0.8885185290127993,-0.07424122254763331,0.8362864750836577,0.8412147483655384,0.7282294976924147,1.0297650801283973,0.4155509945537363,0.33107604033180643,0.27742492460778784,0.35112900180476053,0.7390573439853532,-0.04121369096849646,0.5486967010157449
ERR1746456,1,-0.09180287857140813,-0.09469088725745678,-0.02442055368529899,-0.08359086257405579,-0.08243370322244507,-0.09289394585149628,-0.07675315013953618,-0.10526300860302788,0.0642955441560064,-0.11990759388676711,-0.05215174811226981,0.018949273441519057,-0.15486274659633636,0.05623833675469671,-0.1309766790696553,-0.040879416678633006,0.20031848017658507,-0.14021991725478852,0.06268791109323502,-0.0632274906550135,0.07170526736548968,0.005812123950038638,0.18653895546283042,-0.14930262203727449,-0.01376710832118988,-0.07507384887763432,0.02178812026977539,-0.06715275347232819,-0.04425139319417732,-0.0799208517585482,0.2705082655718018,0.452774243163211,0.41814544796943665,0.3441155653979097,0.44575149565935135,0.7671310920268297,0.8365444147161075,0.28516844127859386,0.601983483348574,0.9222317572150912,1.1260673414383615,0.7638138037707124,0.5650951851691518,0.44847186654806137,0.5816716716757843,0.37992746595825466,0.47744794136711527,0.597931255187307,0.7183198226349694,0.2719438927514212,0.6482862936598914,0.671094285590308,-0.09336671446050916,0.5836884107972894,0.5103539515818868,0.5974201496158328,0.8102330288716725,0.24588779360055923,0.18740424963678898,0.1274752686066287,0.13965848607144185,0.5360141997890813,-0.14171469105141504,0.22633166504757746
ERR1746457,1,-0.07933219309364047,0.12857153160231455,0.2140538160290037,-0.053203570656478405,0.3288656994700432,-0.05434226989746094,0.4472885320761374,0.12154997219996792,0.7379682830401829,0.30173321294465233,0.28175767936876844,0.551395118768726,0.32533971113818033,0.426038601568767,0.42594781517982483,0.043353062123060226,0.6874168909021786,-0.011656742010797774,0.38559354549007757,0.24321831629744597,0.7641529407618302,0.12285379426819938,0.7192848045378923,0.15155565525804246,0.635575247662408,0.46301019604184795,0.22013605066708156,-0.014321612460272653,0.30260472744703293,-0.0015514535563332693,0.3757587747116174,0.32574981610689846,-0.007049039006233215,-0.01713023175086294,0.2231779620051384,0.03369175137153694,-0.08153049940509456,0.04667312292648213,-0.11668670496770314,0.05661420524120331,0.08341246843338013,-0.0914462102310998,-0.034531549151454656,-0.07155681720801763,-0.09555100330284663,-0.12883335232202495,-0.11367823496194822,0.06355329769264374,0.015054879443986076,-0.09599711054137774,-0.08718766511550971,-0.09610752229179655,-0.13534538447856903,-0.09191095935446876,-0.143447930259364,0.06370242405682802,-0.031092308461666107,-0.1145867428609303,-0.12594389243583595,-0.1242311533008303,-0.1066803579617824,-0.1058351636997291,-0.08993383633371975,-0.08840950977589403
ERR1746458,1,-0.09917039071608867,-0.11366057741854872,-0.08779220815215792,-0.10232460126280785,-0.11132596226941262,-0.14213618210383824,-0.12765933253935405,-0.11254067931856428,-0.03039777119244848,-0.1497941698346819,-0.10434585064649582,0.017763865579451834,-0.1401504118527685,0.01592643984726497,-0.13887305557727814,-0.09729023131408862,0.073114562779665,-0.13550160080194473,-0.07407620742118784,0.012734761195523399,0.06829955748149327,-0.015828370515789305,0.0860538123441594,-0.13079078601939337,-0.08494772389531136,0.008272114076784678,-0.061184562742710114,-0.13532562394227302,-0.03843529469200543,-0.12399231323174068,0.3298770359584263,0.5203121042078627,0.3598060395036425,0.43857120935406,0.5333273921694074,0.7039531229862145,0.6423543939100844,0.30254005481089863,0.4066951099250998,0.9077493750623294,0.9825848330344472,0.7763387222907373,0.47673486625509603,0.122123281072293,0.5704584659210273,0.2887877949646541,0.3929393377288112,0.5155482169772897,0.5205988019172635,0.19155121275356837,0.6128037231309074,0.4958758992808206,-0.038655893611056466,0.5049801255975451,0.26074359459536417,0.6672878158943993,0.603752716843571,0.11247982537107808,0.24107704098735536,0.03810904973319599,0.18546042378459657,0.3499441125563213,-0.09799739718437195,0.30174181716782705
ERR1746459,1,-0.09509190917015076,0.17987902462482452,0.32108069663601263,-0.03482346183487347,0.33825777617416214,-0.009342024901083537,0.6785318021263395,0.03882019893665399,0.8574778724993978,0.30460662714072634,0.3545899572116988,0.7619691384690148,0.33099639628614697,0.42048218314136776,0.48638822457620073,0.11757845697658402,0.7122398785182408,0.09812019605721746,0.5336269736289978,0.31738769741994993,0.7541819991809982,0.2998403214982578,0.7116809646998133,0.137715129713927,0.782272722039904,0.453624965356929,0.30435233297092573,0.07476074142115456,0.4364400644387518,0.04632193232620401,0.3594256139227322,0.3779166968805449,-0.008434232856546129,-0.02756935783794948,0.23823299924177782,-0.006758415273257664,-0.08694536771093096,0.054798372089862823,-0.10870558502418655,0.07216968440583774,0.04415501654148102,-0.09132058279854911,-0.05111154727637768,-0.03913953734029617,-0.0961431935429573,-0.1182704975030252,-0.11904708349278995,0.054569305053779056,0.03413439382399831,-0.09212903542044971,-0.12415030492203576,-0.07277054845222405,-0.11235392306532178,-0.11904362165036478,-0.1350471547671727,0.09351856467713203,-0.03584369897310223,-0.08995011568601642,-0.0977017477686916,-0.09851529209741525,-0.08966477268508502,-0.114024604005473,-0.08054178105833541,-0.0607572676880019
ERR1746460,1,-0.10313121495502335,0.18043833332402365,0.3184089884161949,-0.04403544070997408,0.3318944105080196,-0.02010143202330385,0.6552124640771321,0.016179437316688045,0.8595036949430194,0.29672917883311,0.3472482455628259,0.7421466474022184,0.32955811864563395,0.3858195117541722,0.4766839157257761,0.11764966723109994,0.6902122242110116,0.08605563188237804,0.5146302080580166,0.3036951422691345,0.7532688198345048,0.2728519407766206,0.7041959076055458,0.1385319440492562,0.7559075472610337,0.4393062841679369,0.28775041550397873,0.06465292269630092,0.43720311032874243,0.041080499200948646,0.3745272883347103,0.3600649173770632,-0.00634795320885522,-0.028513777468885695,0.24502073348100697,0.007756472698279789,-0.08169243058988027,0.058703549206256866,-0.11015963022197996,0.07047675816076142,0.040612272918224335,-0.08738737446921212,-0.04597077651747635,-0.04457012191414833,-0.09688278606959752,-0.11684706541044372,-0.11820777638682298,0.04868566085185323,0.025535439806325094,-0.0867447161248752,-0.12724462577274867,-0.07360945349293095,-0.11222367041877337,-0.11828159717177707,-0.1370707702423845,0.09741414038996611,-0.030390446739537374,-0.08872034826448985,-0.10116720818249243,-0.09769614413380623,-0.09090577598129,-0.11696210370532104,-0.08140695778586503,-0.061297472034181864
ERR1746461,1,-0.09521816218537944,0.1836415763412203,0.2944700898868697,-0.038626628262656074,0.30782310252210926,-0.014511216598163759,0.6582130172422954,0.05805025406048766,0.84488097684724,0.3064856252499989,0.35202694311738014,0.7259343724165644,0.31594554441315786,0.4462656155228615,0.4644289421183722,0.10263584341321673,0.7178034739834922,0.09760561851518494,0.5387597395373243,0.3085083780544145,0.7177962666111333,0.29999001217739923,0.6956946147339684,0.12897797620722226,0.7936146259307861,0.4627519478755338,0.31006554061813013,0.0790342575471316,0.43881945312023163,0.04157843959650823,0.3552132781062807,0.39459535160235,-0.00631791353225708,-0.023171337587492808,0.23702562946294034,-0.007259751004832131,-0.0706536988062518,0.04761079911674772,-0.10913777883563723,0.07388068575944219,0.04375317692756653,-0.07854584498064858,-0.04686248701597963,-0.02862696855195931,-0.09314695107085365,-0.11723422897713524,-0.11745757589648877,0.04297719470092228,0.05423025148255484,-0.07663806986861996,-0.1154977059257882,-0.0759589346125722,-0.10964549811823028,-0.12063432346829879,-0.1371318485055651,0.10209999705797859,-0.043027088046073914,-0.09187283965625934,-0.09547226264008454,-0.09505107998847961,-0.09119150188884564,-0.11476275697350502,-0.08092927363135718,-0.06352301527346883
ERR1746462,1,-0.0979655957115548,0.14268359967640468,0.21526721918157168,-0.051541436197502274,0.27150168429527965,-0.030866537243127823,0.5703102741390467,0.041557969259364266,0.7320510864789996,0.298753838453974,0.31683358762945446,0.6278888806700706,0.2679988099927349,0.4373647464173181,0.4026407604771001,0.04788809349494321,0.6505292781761715,0.043993202703339715,0.4943731596161212,0.27952473717076437,0.6735651874249535,0.26264445164373945,0.6608053378960383,0.09844317819390978,0.7577752556119647,0.44019751104393173,0.2852428437742804,0.06078563071787357,0.3613611598099981,0.029052709894520894,0.3037682566791773,0.3760130820529802,-0.03235986882022449,-0.004732631146907806,0.2167026651690581,-0.019040833094290326,-0.0493421188688704,0.04644806895937238,-0.09534620174339839,0.05500549689999649,0.0360443868807384,-0.07037028244563512,-0.05473048665693828,-0.03871686078075852,-0.0932961595909936,-0.13095020236713545,-0.10139449832162686,0.03553310661975827,0.05315607147557395,-0.0701627569007022,-0.08306948848933514,-0.08703620439129216,-0.11638313585094043,-0.10303707666961211,-0.14343051718814032,0.0886991967314056,-0.051811140562806814,-0.1058538995151009,-0.10510849912783929,-0.10067923154149737,-0.09737878612109593,-0.11144213192164898,-0.07783970000621464,-0.07639141434005328
ERR1746463,1,-0.08872389894843634,0.22053220655236924,0.2525992190764685,-0.025372464209794998,0.3289347302966884,-0.020147515194756643,0.6359615007947598,0.09208465926349163,0.8082070302750383,0.3371737812246595,0.34038323696170536,0.6656509563326836,0.3143551099513258,0.4915238680051906,0.4912518390587398,0.08263169761214938,0.6932577128921237,0.061862019555909295,0.5509536109332528,0.2920479008129665,0.7969176194497517,0.26349489763379097,0.7471467501350811,0.16326025341238296,0.797860711812973,0.4883881847241095,0.32706427361283985,0.07358132462416377,0.3931772751467569,0.033795548823296225,0.39343241575573173,0.3704445404665811,-0.04182467609643936,-0.011062466672488622,0.2377212896410908,-0.020977510937622616,-0.06428404019347259,0.08556263361658369,-0.0877079303775515,0.03221990966371128,0.03379895644528525,-0.08803340686219079,-0.05319172729338918,-0.06089240781563733,-0.10610806516238622,-0.13731537120682852,-0.10482161239321743,0.04490744748285839,0.04270201016749654,-0.06930009609953101,-0.11250766313501767,-0.08732120799166816,-0.11781408850635801,-0.09927813302991646,-0.14130424708127975,0.07808181956144315,-0.03982786408492497,-0.1061931284410613,-0.10608297107475144,-0.09592075539486748,-0.09245230576821736,-0.11527482579861369,-0.07479421897525233,-0.06598768968667303
ERR1746464,1,-0.10523463102955637,0.2007765599659511,0.3090797056044851,-0.046958023948328834,0.317886484653822,-0.005574172678669649,0.6493283339909145,0.01637915681515421,0.8427219465374947,0.28888493669884546,0.36189120316079687,0.7255496893610273,0.3131713771394321,0.43896906077861786,0.4733802175947598,0.10391549739454474,0.6718917467764446,0.11595491373113223,0.5314473387386117,0.3037951375756945,0.7549840584397316,0.3235307346497263,0.7263261883386544,0.10336307170135635,0.782879427075386,0.41524155757256914,0.30748861336282324,0.11851884650864772,0.40883107483386993,0.051537230876939635,0.38964104439531055,0.38443309334771975,-0.008323874856744493,-0.018690389714070728,0.22977642502103532,-0.005414604076317379,-0.06378549869571414,0.03480410150119236,-0.112447304385049,0.09741933909910065,0.05363161436149052,-0.06742275932005473,-0.046076632503952296,-0.03008518697294806,-0.09125397886548724,-0.12932080243315017,-0.12144346528553537,0.014227149209805898,0.026203388082129613,-0.08562269347852894,-0.10784020088613033,-0.07425529642828874,-0.11457932953323637,-0.12053474504500628,-0.13961276518447058,0.11324913433886,-0.03500470687036535,-0.09816312563738652,-0.09362455131486058,-0.09859835516129221,-0.09812133865697044,-0.11011869673218046,-0.08295908545343471,-0.0752332519207682
ERR1746465,1,-0.08757692575454712,0.2380331861121314,0.3006897291966847,0.0013125216854470117,0.41777581789730384,-0.016071465531630174,0.6618081331253052,0.15171936367239272,0.9032718768077237,0.342120999204261,0.35681099763938356,0.7290208084242684,0.3711371222244842,0.4967203214764595,0.5132183283567429,0.12679287817861354,0.7241348986114774,0.08301413165671485,0.5056111849844456,0.3078297259552138,0.9040307221668107,0.2229852538023676,0.8651881776750088,0.19087044256074087,0.7770355120301247,0.5154900691871133,0.3173530237483127,0.08968219826264041,0.4219901870403971,0.0339522659778595,0.4702317735978535,0.3482849182827132,-0.011995550777230943,-0.025349231702940806,0.21922170796564647,0.019904452775205885,-0.10286577471664973,0.050283760364566533,-0.12034750111134988,0.05545541537659509,0.08156229555606842,-0.1036173083952495,-0.057826487214437554,-0.05801627592050603,-0.11652780430657524,-0.13682320501123155,-0.11757507960179023,0.0481858067214489,-0.014472471284014838,-0.09924182961029666,-0.13724809352840697,-0.08424272547875132,-0.12887625662343843,-0.1022673197356718,-0.13510513412100927,0.03846361740891423,-0.01605034353477614,-0.10200332344642707,-0.1130998902621546,-0.10677352680691651,-0.09545392875692674,-0.10684862546622753,-0.0803802015392908,-0.06294584127941302
ERR1746466,1,-0.1183618504021849,0.16901957456554687,0.2820464074611664,-0.043995582881117504,0.2761357312223741,-0.04173562143530164,0.4867300550852503,0.002338418470961707,0.7835087318505559,0.2502051389643124,0.27828160946124364,0.6891195082238742,0.27472876970257076,0.34242531444345203,0.39944957276540144,0.07929346657225064,0.6060293252979007,0.05311205450977598,0.4025083467630403,0.28194489383271765,0.7250066625752619,0.1714254692196846,0.6712490729987621,0.1186310106090137,0.705946147441864,0.3907610667603357,0.2742541384484087,0.0602009877828615,0.3803520202636719,0.029279937701565877,0.43037921589400085,0.3786261262638228,-0.014034820454461234,-0.025052039617938653,0.26286935061216354,0.07237538083323411,-0.034247148249830515,0.062095340873513906,-0.10521259903907776,0.16317740881017276,0.08366204904658454,-0.06193117584500994,-0.02478742226958275,-0.04757855945665922,-0.10445083571331841,-0.12917200795241765,-0.11051617615989276,0.08848901651799679,-0.02358502894639969,-0.06275990286043712,-0.09977705776691437,-0.07695260058556284,-0.12306746414729527,-0.09668037129033889,-0.1436517515352794,0.12302645295858383,0.022536678505795344,-0.10057371588689941,-0.1047730842339141,-0.10751606816692012,-0.09892190247774124,-0.1229644665228469,-0.088946199476985,-0.07749243719237191
ERR1746467,1,-0.08622468010123287,0.2682213272367205,0.33117723864104065,0.021996333130768368,0.42951895403010504,0.01110681997878211,0.7194536456039974,0.1408240401319095,0.9547127442700523,0.3448855956750257,0.3706044756940433,0.7952590967927661,0.38504865007208927,0.527084946100201,0.533243117587907,0.15032977956746305,0.7041780565466199,0.11283072829246521,0.5529497446758407,0.3192848962332521,0.955452890268394,0.2955625153013638,0.9012457764308367,0.17948052659630775,0.8233943358063698,0.5047504699655941,0.3558855165860483,0.12342643791011401,0.4378661901823112,0.036509397838796885,0.483533647443567,0.35250790204320637,-0.013900774930204664,-0.034471223396914344,0.21582071403307573,0.015943465488297597,-0.11514850060588547,0.05022620675819261,-0.12183343592498984,0.0776311776467732,0.08582628252250808,-0.10615631192922592,-0.05814101440565927,-0.051248421460124,-0.11806874935116086,-0.13768555862562998,-0.11964202120101877,0.03446840814181736,-0.015687482697623118,-0.10286198543118578,-0.13209075214607374,-0.07936100528708526,-0.126687225486551,-0.11022374170300152,-0.1311840590621744,0.042056357354990075,-0.01998291856476239,-0.10105306901303786,-0.10555714375472494,-0.10100801661610603,-0.09537739912047982,-0.10626438712435109,-0.08084896165278874,-0.061602971383503506
ERR1746468,1,-0.11414973184998546,0.14254005359751837,0.2954313476969089,-0.06132796699447291,0.3066626052771296,-0.029617213244949068,0.5344331434794835,-0.028123328728335246,0.7610407828220299,0.2076096422970295,0.30691491147237165,0.676002604088613,0.282415758818388,0.32422961188214167,0.4065291179077966,0.07583708169737033,0.6302337901932853,0.06586491476212229,0.4907422491482326,0.2733496885214533,0.650631305362497,0.23406036411012923,0.6593007040875298,0.09885500903640475,0.6732538683073861,0.38550831590379986,0.24960875564387866,0.054793271768305986,0.346796096435615,0.022408148872533014,0.3072610039796148,0.3609666983996119,0.005819588367428098,-0.020141564309597015,0.2208779128268361,0.00048396683165005276,-0.06046093947121075,0.02394982214484896,-0.11575836741498538,0.11939163825341634,0.054894192942551205,-0.07774727152926582,-0.034258301236799786,-0.03391580090724996,-0.09491966558354241,-0.11571662537088352,-0.11771448754838534,0.01729799434542656,0.03120087193591254,-0.09526308852114848,-0.10594477265008859,-0.06678607900227819,-0.11570460030010768,-0.10828876428838287,-0.14279351277010782,0.11088792640449745,-0.03907422335552318,-0.09623120831591743,-0.09895410109311342,-0.11101813015661069,-0.10110985833619322,-0.11545095486300332,-0.083526610912356,-0.07679426696683679
ERR1746469,1,-0.12743079675627605,0.10797099928770747,0.2816029454448393,-0.081457665722285,0.2406189494899341,-0.04297392229948725,0.45161843086991993,-0.08983301371335983,0.6978242876274245,0.1479156014642545,0.2802606387329953,0.6154506935604981,0.22224603699786322,0.25473291107586454,0.36010116764477323,0.05441793320434434,0.5749293693474361,0.06267389734940869,0.4334242365189961,0.23549162170716695,0.5560761131346226,0.21767134591937065,0.571159512336765,0.06426751294306346,0.6286539169294494,0.32869817316532135,0.2112205752304622,0.049469929720674245,0.3306201957166195,0.028414297848939896,0.2707650757261685,0.35854399310691015,0.01362095879656928,-0.019004084702048982,0.23030647449195385,0.020443942663925036,-0.015903838511024202,0.0343489870429039,-0.10378167246069227,0.15667397582105227,0.054339976981282234,-0.055062560098511834,-0.02088789056454386,-0.021903910541108677,-0.08124566450715065,-0.10477221491081375,-0.1052190964775426,0.027095442371709005,0.04101857862302235,-0.07890926993318967,-0.08744977996684611,-0.0682456296469484,-0.11397378838488034,-0.10284396753247295,-0.14734306718621934,0.14846708798514946,-0.028995608112641742,-0.09333735145628452,-0.10010354267433286,-0.11226513011414292,-0.10325963209782328,-0.11793077071862561,-0.08867879261794899,-0.08976900577545166
ERR1746470,1,-0.1225680350991232,0.09794360558901515,0.27544864107455524,-0.08263736085167953,0.2294906484229224,-0.04640180833770761,0.4262247905135155,-0.08752544117825371,0.6868940038340432,0.15982496525560105,0.27928037981369663,0.6241168430341142,0.21392006440354244,0.2538890263863972,0.35776799491473604,0.0464870332341109,0.5890976360866002,0.056786915624148344,0.42569597544414656,0.24474434767450606,0.5344710421881506,0.20320838862763985,0.5630549317491906,0.06604829537017005,0.6430913390857833,0.32565333960311754,0.21033331326075963,0.04235359028513942,0.33471278633390156,0.02811577171087265,0.2688080692397697,0.3726889544299671,0.009910258863653456,-0.019553250333826457,0.2487353735736438,0.031107748193400248,-0.004950237593480519,0.035561609481062205,-0.10019308115754809,0.16810871767146246,0.06171524551297937,-0.04613659105130604,-0.012683000415563583,-0.025914352919374193,-0.07432043179869652,-0.10139187159282821,-0.10604359236146722,0.038335917783635,0.04194024418081556,-0.06803294430885996,-0.08488804853654333,-0.06231467133121831,-0.11440125852823257,-0.10242293575512511,-0.14812953983034408,0.1559867938714368,-0.023402693016188487,-0.09261637473745006,-0.10056865275172251,-0.11437951720186643,-0.10228968358465604,-0.11824160521583897,-0.08777048751445753,-0.08918471581169538
ERR1746471,1,-0.12278761528432369,0.11479635323796954,0.2831335573324135,-0.07260742394386657,0.24686693879110472,-0.04313975918505873,0.4566518696291106,-0.0690235612647874,0.7013716458209923,0.170908372849226,0.29541501303070355,0.6225570339177336,0.2334026669019035,0.2726935488837106,0.38713997708899633,0.061698613688349724,0.6039302902562278,0.0611746132573379,0.4457739389368466,0.24500173223870142,0.5710687378554472,0.2093184899006571,0.5752458572387695,0.07427262301955904,0.6517077109643391,0.348734764116151,0.21712709554204984,0.03436570667794773,0.3427397555538586,0.03196543189031737,0.26782178905393395,0.36320115466203007,-0.0004255859447377069,-0.02242171365235533,0.2594189425664289,0.028497097215482166,-0.025558669652257646,0.049966001084872654,-0.10160796982901436,0.13696942371981485,0.051763483456202915,-0.06622200246368136,-0.02344963327050209,-0.041907677027796,-0.09136136834110532,-0.10777124017477036,-0.10331118206626602,0.047398844467742104,0.0431333173598562,-0.06503114423581532,-0.09875725356063672,-0.07689838430711202,-0.1099891723798854,-0.10216192262513298,-0.146326305610793,0.14581195451319218,-0.03418042830058506,-0.09539558618728604,-0.10057105835793274,-0.1115094138908067,-0.10102924491677966,-0.12258780694433621,-0.08563718129880726,-0.08208519965410233
ERR1746472,1,-0.12386220168056232,0.14813692016260965,0.299942926636764,-0.07283083092936847,0.29102853925100397,-0.037052941508591175,0.506993476833616,-0.0694838815501758,0.7501096877136401,0.1818984770881278,0.30909085127391983,0.6620000736521823,0.2579991061772619,0.29115185141563416,0.40840152331760954,0.07466307894459792,0.6231846511363983,0.06151279427909425,0.4442300189818655,0.25543475417154177,0.6227008874661156,0.2119240744837693,0.6174370512100202,0.10046201412166868,0.6828839576670102,0.3752133622765541,0.22430508690220968,0.04379508976957628,0.343972239111151,0.03517200744577816,0.29478660970926285,0.35998889564403463,-5.136323826653617e-05,-0.018905655979844078,0.2609892061778477,0.037496650857584815,-0.04307225878749575,0.05189282021352223,-0.10024834317820412,0.13024148238556726,0.054405586261834414,-0.05833218778882708,-0.0198845597250121,-0.04568558445732508,-0.09072916209697723,-0.10720884320991379,-0.10719077262495245,0.038473286266837804,0.035537545170102804,-0.0669448913208076,-0.11319797432848386,-0.07713089776890618,-0.10924491472542286,-0.10857652420444149,-0.14601816077317512,0.15169269438566907,-0.03445299714803696,-0.09055773727595806,-0.09745716516460691,-0.10764241963624954,-0.10122700993503843,-0.12073388881981373,-0.08468852800849293,-0.0781542036150183
ERR1746473,1,-0.1325919231665986,0.1424783936568669,0.30202442035079,-0.06803666790282088,0.2923492363521031,-0.03354518860578537,0.5255442687443325,-0.07078800350427628,0.7283568611102444,0.16905511569763934,0.3097301295492798,0.6640550781573568,0.23821715957352094,0.3065003454685211,0.41180492298943655,0.08588988618326507,0.6009598416941506,0.08373246455032911,0.507835536130837,0.24742720967956952,0.6017412064330918,0.2453651111572981,0.6073063878076417,0.07841426453420094,0.7055136231439454,0.3750029908759253,0.2482097614556551,0.07339909446558782,0.36345900701625006,0.038730859224285395,0.288253676412361,0.3541987586234297,-0.009490343875118665,-0.02057396514075143,0.2676359713077545,0.011559572603021349,-0.0325193777680397,0.038627032190561295,-0.09310074256999153,0.130596679768392,0.049770104831882885,-0.0714588537812233,-0.026264861758266176,-0.03471696406735906,-0.1030897828085082,-0.11182114029569286,-0.10274973059339183,0.04653919009225709,0.04748889324920518,-0.08120720833539963,-0.09929217354095142,-0.07314937614968844,-0.1086634908403669,-0.10551109118387103,-0.1454347020813397,0.14214025757142476,-0.03360260969826153,-0.0913566215229886,-0.09416880658162492,-0.10666772962680884,-0.0998269503137895,-0.12136324069329671,-0.08514475523095046,-0.08058997323470456
ERR1746474,1,-0.11631295763488327,0.19092576950788498,0.3142789248377085,-0.0529095357550042,0.32580602834267275,-0.030640990672899143,0.6094190499612263,-0.0030502831297261374,0.8217227176896164,0.24362048932484218,0.3305971058351653,0.7078998599733625,0.3256846017071179,0.36768554151058197,0.4531112824167524,0.10053082262831074,0.67775844676154,0.08757588214107923,0.4836745709180832,0.2874143698385784,0.7190617030220372,0.2541738290871893,0.6887955697519439,0.12746205127664975,0.7273363417812756,0.43242200570447104,0.26135461192045895,0.06811224496258157,0.3949673692030566,0.03753253870776722,0.36548335211617605,0.36580928042531013,0.0061989884291376385,-0.030221635209662572,0.24094281611698015,0.020036677164690837,-0.07937411897416626,0.046579944235937934,-0.1142318919301033,0.09751183752502714,0.05690339420522962,-0.0741426061306681,-0.0335115622729063,-0.03987825718442244,-0.09969735039131981,-0.11177165008016995,-0.11749501579574176,0.03154423141053745,0.027704354375600815,-0.086438813912017,-0.12361518612929753,-0.07799119795007366,-0.11065472502793584,-0.11647900100797415,-0.13921801426580974,0.1127770982815751,-0.0349464808324618,-0.09209418749170643,-0.09983414045668074,-0.10528430489024945,-0.09452209528535604,-0.11768313869833946,-0.08500333258416504,-0.0680577534117869
ERR1746475,1,-0.12786323370944178,0.13272824883460999,0.2964149310386607,-0.0755864843460066,0.28480055396045956,-0.027753873595169613,0.5377908774784633,-0.07424596484218325,0.7539970342602048,0.17268496858222143,0.31287369823881556,0.6678231252091271,0.25745772011578083,0.30739871731826235,0.38488141713397844,0.08205112488940358,0.6190288854496819,0.10083128591733319,0.4910031126013824,0.27131584712437223,0.5792489516814905,0.2765235049383981,0.5787545064730304,0.06358776188322476,0.6902945946369853,0.3672315222876413,0.23978295283658163,0.06509241807673659,0.37730825373104643,0.04522566018360002,0.29104311232055935,0.39851224422454834,0.013327415500368391,-0.022051905947072164,0.24242471903562546,0.009433630853891373,-0.02968186406152589,0.028633365673678263,-0.10494656168988772,0.12378714340073722,0.050516211560794284,-0.05131365678140095,-0.016287818284971372,-0.012382351660302706,-0.08011324384382792,-0.0935548756803785,-0.11476104174341474,0.028690044369016374,0.05820187447326524,-0.07445367106369563,-0.09168205223977566,-0.06627749492015157,-0.10552204240645681,-0.11949160851405136,-0.14107982175690786,0.1627881590809141,-0.035891210926430564,-0.08318137883075646,-0.0867717501574329,-0.10293012085769858,-0.09768096357584,-0.12169009047959532,-0.08959046104324184,-0.08138473331928253
ERR1746476,1,-0.10370857321790286,-0.04418715342347111,0.01145162114075252,-0.06827436507280384,0.09558603380407606,-0.085209561179259,-0.041632402156080515,-0.07606868286217962,0.23222459852695465,-0.1106821953185967,0.024117823956268176,0.3396264035254717,-0.06780154870024749,0.04960135902677264,-0.05685861834457943,0.015714725479483604,0.16510703973472118,-0.14587341195770673,0.2464998641184398,0.1096907907298633,0.3213746228388378,0.012374210570539747,0.2343087744499956,-0.11279377288052014,0.008980157119887216,-0.05665244215301105,0.061340659856796265,-0.08079644186156136,0.019145665424210683,-0.05862093124804752,0.2134916228907449,0.4808941291911261,0.31298367998429705,0.17197728476354054,0.5116670067821231,0.297858889247956,0.3556566818484238,0.10271709811474596,0.25556876936129164,0.5663635597697326,0.720424513409463,0.4551911199731486,0.310904824840171,0.07239251796688352,0.3133988396397659,-0.032949788229806085,0.21413794771901198,0.24795081822334655,0.2423089189188821,-0.004240944981575012,0.3829372950962612,0.2467336565522211,-0.09178214307342257,0.2024555950026427,0.08083596532898289,0.3569178283214569,0.35587248631886076,-0.033270301829491346,0.030866272215332304,-0.03993421047925949,-0.07574961148202419,0.21387987291174276,-0.13521665441138403,-0.01730903663805553
ERR1746477,1,-0.10224072715001446,-0.07197241385334305,-0.000857718288898468,-0.09485712434564318,0.0015449534569467818,-0.12716848296778543,-0.07923938227551323,-0.08607973264796394,0.18068046867847443,-0.13543314806052617,-0.007725489018152335,0.1922613818730627,-0.05152224962200437,0.0164407810994557,-0.09640801059348243,-0.053274589989866526,0.19643685115235193,-0.1434054598212242,0.17501294080700194,0.04957320301660469,0.2651767504534551,0.03586979429902775,0.25733640337628977,-0.1316582847918783,0.047824816179594824,-0.01662700224135603,0.0016608600105558122,-0.09843275722648416,0.03092267776706389,-0.06255978585353919,0.26621212916714804,0.48837882173912867,0.3198405397789819,0.20153152410473144,0.3679636951003756,0.31903872000319616,0.3773560088967705,0.09589789754578046,0.1868915855884552,0.5410636099321502,0.6009192583816392,0.4104113538882562,0.18599723066602433,0.0847595137144838,0.23760031216910907,0.003178920064653669,0.1151825338602066,0.20175778973914152,0.27188299489872797,0.002612576133937442,0.44146598037332296,0.14603091064574464,-0.10987348854541779,0.16673577497048037,0.0830267108976841,0.3076197026031358,0.33594568792198387,-0.06915905379823276,0.042990517669490406,-0.08545165389244046,-0.06535084811704499,0.28332299419811796,-0.12267077128802027,0.02188777072089059
ERR1746478,1,-0.09825736177819115,-0.06904138305357524,-0.02541100127356393,-0.0886276610461729,-0.03083673651729311,-0.12744817031281336,-0.09454624275011676,-0.0952188250251181,0.1963769746611693,-0.12353761893297945,-0.01217565416092319,0.24831264253173554,-0.07602875280593123,0.0017647966742515564,-0.07083329079406601,-0.010353481663124902,0.13912794845444815,-0.12499212194234133,0.1713989810752017,0.1263761892914772,0.28460162771599634,-0.01511390507221222,0.20794859528541565,-0.09256866042103086,-0.00884051900357008,-0.048601576792342324,0.05328656679817608,-0.06706505777713444,0.015970764415604726,-0.07776505539992026,0.3296721259664212,0.5828471537014204,0.3221571956362043,0.2801828975872403,0.4953275578362601,0.3187504267053945,0.33132687317473547,0.15717823590551103,0.27199148390042993,0.5696929171681404,0.6410491977419172,0.5639194601348468,0.32865751321826664,0.08038694877177477,0.32672981412283014,-0.02319882748582001,0.22676092592467154,0.29650494516161935,0.2631253536258425,0.02214531440820013,0.4239129663578102,0.3205022029578686,-0.06469318164246422,0.18116294486182077,0.058144309158836095,0.46627029457262587,0.4102788269519806,-0.02975152406309332,0.04454074188002518,-0.010641475873334067,0.03075617871114186,0.09131591394543648,-0.08851257073027748,0.019591586930411204
ERR1746479,1,-0.11406896742326873,-0.03402912510292871,0.03927271280969892,-0.1023060812481812,0.020598794732775007,-0.14583096440349305,-0.013881804155451911,-0.10298109267439161,0.28037734010389875,-0.11020473550472941,0.039226310194603035,0.3659446010632174,-0.00852614055786814,0.05020929127931595,-0.0423582431727222,0.003698839672974178,0.24089667380654387,-0.10507147093968731,0.2108585654890963,0.11718069389462471,0.36658443244440214,3.255903720855713e-05,0.3161864484261189,-0.05855101240532739,0.14996865644518817,0.0180280969611236,0.04873477827225413,-0.03283756997968469,0.11306297512991088,-0.06891646768365588,0.30833205367837635,0.505586818924972,0.22927940690091678,0.17783971343721663,0.4457823910883495,0.2488614810364587,0.2331220390541213,0.09933477480496679,0.0941805017313787,0.44921787296022686,0.43260778513337883,0.3958376816340855,0.2069200724363327,0.032823841752750535,0.1274884691728013,-0.0679419535611357,0.12471679850880589,0.17492071060197695,0.16941723280719348,-0.010054748505353928,0.2610484633062567,0.14260718865053995,-0.09786559960671834,0.13161933462002448,-0.03783997760287353,0.3428168584193502,0.2377306634028043,-0.0811800375979926,-0.044348156079649925,-0.0833274775317737,-0.054223677941731045,0.02561875805258751,-0.09777400043926068,-0.03882763854094914
ERR1746480,1,-0.11297531745263509,-0.021886310407093594,0.09138617664575577,-0.06889940439058202,0.10071363459740366,-0.1039570643832641,0.03650085548205035,-0.0927482545375824,0.35267268334116253,-0.10144964179822377,0.0821673401764461,0.4398375261974122,0.011510579314615046,0.04122777496065412,-0.001902330866349595,0.03591650405100414,0.2643303562487875,-0.1162019425204822,0.3300431285585676,0.13451976255912865,0.35712189360388685,0.01896873169711658,0.3185976351212178,-0.06612021715513297,0.1298112448837076,0.0014740750193595886,0.06740607747009822,-0.023465263391179696,0.09054634932960783,-0.062298050948551724,0.24751068837940693,0.4807383102098746,0.21944433184606688,0.1435253002813884,0.4240845377956118,0.12638759473338723,0.20639284061534063,0.037324514772210805,0.1001787254852908,0.3942710845065968,0.36156051153583185,0.25614030339888166,0.16485959770424025,0.005818602895098073,0.08372849545308522,-0.08295914876673903,0.05814028052347047,0.14094677514263562,0.1108500784529107,-0.061294583337647576,0.23190334545714514,0.12767630815505981,-0.09891379784260478,0.07562665149037327,-0.050094328820705414,0.26475894664015087,0.2519337290099689,-0.11296654173306056,-0.045377353472369056,-0.0925806388258934,-0.06689182402832168,0.07862396218947001,-0.10526999565107482,-0.06332500012857574
ERR1746481,1,-0.12376428927694048,0.0001276699560029166,0.15106198085205896,-0.07250768046027847,0.2334086543747357,-0.10140514187514782,0.09810328403753894,-0.09566138205783707,0.4034613349608013,-0.060166960182998865,0.12843078800610133,0.4372195212968758,0.09664524133716311,0.10453461429902486,0.13477578546319688,-0.006983356018151555,0.3834905443446977,-0.10966839322022029,0.3556786658508437,0.16066947419728553,0.4826947477247034,0.0580910678420748,0.4774115873234613,-0.030776099967105047,0.2648888890232359,0.10041724571159907,0.05745012539305857,-0.056192503975970406,0.1367438193410635,-0.04043762172971453,0.23116785527340003,0.3284156327135861,0.09550770265715462,0.014045036264828272,0.3051758962018149,0.06941420691353935,0.15370495058596134,0.005932930324758802,-0.04462529080254691,0.27945022923605783,0.25844079681805204,0.022911288908549717,0.01069424647305693,-0.0591686125844717,-0.028540010963167464,-0.07543684568788324,-0.03332647894109998,0.08855944339718137,0.068792105785438,-0.09290302810924393,0.09158024803868361,-0.07216462067195348,-0.12276168912649155,0.05654906973774944,-0.10771160679204124,0.10613100017820086,0.057131113218409676,-0.13999315457684652,-0.07254937929766518,-0.1299192841563906,-0.13856098907334463,0.01893763563462666,-0.09352124681962388,-0.09952372418982643
ERR1746482,1,-0.10016052371689252,-0.08542144165507384,-0.024507938751152585,-0.09202971548906394,-0.013696550258568354,-0.11990517377853394,-0.08316562005451747,-0.0737117167030062,0.09651082168732371,-0.13641350609915598,-0.02331834180014474,0.11636590319020408,-0.09425910003483295,0.01673042667763574,-0.1042527396764074,-0.06848562774913651,0.154992869922093,-0.1545140434588705,0.1598896703549794,0.00841661456174084,0.2194264837141548,0.04135737142392567,0.24251886723296984,-0.14037124067544937,0.013476030634982246,-0.0561053210071155,-0.004116560665092298,-0.1193820419056075,-0.01006818183564714,-0.06187462168080466,0.2245759176356452,0.4360683166554996,0.34202598846916643,0.2127090564795903,0.3850352806704385,0.44273278170398306,0.517407729689564,0.1256787586077865,0.29001020320824217,0.6691155713051558,0.7997284414512771,0.47725406821284977,0.29595504102430176,0.1392807172877448,0.36069924011826515,0.05904913267918995,0.23991540659751212,0.2773603131728513,0.3662306261914117,0.043830726628324816,0.5315894837092076,0.18537566039179051,-0.11483464230384145,0.2680865909372057,0.19335705494242056,0.3435843831726483,0.41299096175602507,-0.016450709530285428,0.08658787022743906,-0.04768534590091024,-0.07664868554898671,0.3803551218339375,-0.14940260989325388,0.078551080743117
ERR1746483,1,-0.10336754171709929,-0.09522901994309255,-0.1291379460266658,-0.07602449985487121,-0.12637490885598318,-0.13905362146241323,-0.12236741185188293,-0.089459911520992,-0.08410960329430443,-0.14575311009372985,-0.13779631736023085,-0.06800018676689693,-0.15566833849464143,-0.04768390793885503,-0.1466058279786791,-0.02827680137540613,-0.08450664047683988,-0.1427379505974906,-0.10974862260211792,0.01638093271425792,-0.0373376373733793,-0.04687923618725368,-0.05739527275519712,-0.11378707976213523,-0.13239003824336187,-0.06710405541317803,-0.023323050567081997,-0.12434129483465638,-0.034963423652308326,-0.11069595707314354,0.4883467230413641,0.6233074462839535,0.48179554460304125,0.614511856010982,0.5628973543643951,0.8727578563349587,0.8846163161631141,0.3916208637612207,0.6775714329310826,0.9518030732870102,1.06762380705082,1.0377203896641731,0.7490797053490367,0.2860300039672958,0.8711102019463267,0.4951359060193811,0.4340775204556329,0.6475051151854652,0.5300305070621627,0.19329087329762323,0.8532523347863129,0.8445343162332263,-0.057764431195599694,0.6221873728292329,0.48255971872380804,0.9914553346378463,0.9144831573607267,0.15503828254129207,0.38609766374741283,0.36614737074290005,0.5242472498544625,0.5387721311833177,0.09471944293805531,0.48197729140520096
ERR1746484,1,-0.12054128093378884,-0.05159123135464532,0.1473788321018219,-0.1034232017451099,0.23555148818663188,-0.09031237711730812,0.02434390952943691,-0.0813993840877499,0.39285593905619215,-0.02473245474642941,0.08761026923145566,0.3772172015160322,0.09687446323888642,0.14329922731433595,0.15295844338834286,-0.01170700415968895,0.36307897525174276,-0.09911530518106051,0.26945909804531504,0.1872942096420697,0.4488998736654009,0.06635745614767075,0.4369871009673391,-0.01760847440787724,0.24621889740228653,0.11457978022683944,0.06509746058977076,-0.05747158133557865,0.1134857268230657,-0.054818790938173025,0.2913195099016385,0.332549049618787,0.08487422950565815,0.025729181511061534,0.30599542387894224,0.11160798769976411,0.1773936084604689,-0.0015744370009217943,-0.038767773125852854,0.2716576276080949,0.22676120911325728,0.057972771780831475,0.022283176625413553,-0.042009485619408746,0.008535608649253845,-0.07507493426757199,-0.03647759077804429,0.10032600909471512,0.08962233258145196,-0.10815661081245967,0.13377301607813155,-0.03429263723748071,-0.12485089738454137,0.09366192016750574,-0.11418547321643148,0.12479804509452411,0.10770842539412635,-0.1137162886027779,-0.038565569557249546,-0.12860413853611266,-0.13942319314394677,0.04740351864269802,-0.09595717170408793,-0.07841281167098454
ERR1746485,1,-0.07553093135356903,0.22331968588488443,0.4243849643639156,0.05396678924028363,0.521990159692775,0.050468266010284424,0.8623462489673069,0.11357680282422475,0.9538151824048587,0.3279302828013897,0.43345614096948076,0.9061284448419299,0.41931096996579853,0.5447524759386267,0.6404369973710605,0.19407647954566137,0.7349616885185242,0.07159472842301641,0.5576173683096256,0.35469994800431387,0.9489802505288806,0.32305663398333956,0.814755744699921,0.2190866129738944,0.7277371297989573,0.533778257135834,0.4040024110249111,0.09267243982425757,0.40689560857468415,0.020438032490866526,0.4096952719347818,0.35870872757264544,-0.02130685108048575,-0.04171164972441537,0.2211952805519104,-0.03499734029173851,-0.12754749080964498,0.02385509865624564,-0.11187089673642601,0.04985410826546805,0.05563013894217355,-0.11768431056823049,-0.058712280222347805,-0.057155206466891935,-0.10143988685948509,-0.14315009436437062,-0.11457996868661471,0.018196670870695795,-0.014271535511527742,-0.12353892092193876,-0.12417339985924107,-0.04800530842372349,-0.12580248819930212,-0.11628936962889773,-0.1290416909115655,0.021035252255387604,-0.02561564530645098,-0.08624496031552553,-0.10454527315284524,-0.11780740839562245,-0.09557014756969043,-0.08762913942337036,-0.07380698934762872,-0.060846756611551554
ERR1746486,1,-0.07439169926302773,0.23259770657335008,0.4366741882903235,0.05177322069981268,0.5260936176138264,0.026723220678312436,0.8692238628864288,0.10126848665199109,0.9796601714832442,0.3502723372408322,0.43409114863191334,0.9397716032607215,0.4623357483318874,0.508585956745914,0.6485988306147712,0.18722914571740798,0.7600616578544889,0.09402110001870564,0.5582166406592088,0.37335367341126713,0.9653533026576042,0.28568449722869055,0.8301697219056743,0.24035779439977237,0.7442266164081437,0.5173961466976574,0.3649911823283349,0.07241172157227993,0.4192787539213896,0.027031322675091878,0.4288892501166889,0.3581355847418308,-0.0005661270448139735,-0.03916070397411074,0.23480253666639328,-0.0275202782026359,-0.13678650025810515,0.04928676464727947,-0.1187705285847187,0.0478863673550742,0.063083858362266,-0.1228746979364327,-0.060494299445833476,-0.06879251150946532,-0.09818013544593539,-0.13801885076931544,-0.11761795995490891,0.032829663317118375,-0.03463037897433553,-0.12366411781736783,-0.13739964898143495,-0.04196761654956,-0.12783329508134297,-0.11114703185324158,-0.12343120841043335,0.021639659335570677,-0.012363131557192122,-0.07276937977543899,-0.10362577817535826,-0.11738022337002414,-0.09118755055325371,-0.09415732350732599,-0.0750340153421608,-0.05214368112917457
ERR1746487,1,-0.033613444439002445,0.313618466258049,0.4665075625692095,0.1142796237420823,0.6198569365910122,0.06252345402858087,0.9947433599403926,0.21673431886093958,1.0936005062290601,0.43632892253143446,0.4810206325990813,0.9558705708810261,0.5205349177122116,0.619867283318724,0.6935611484306199,0.25107867802892414,0.8323024064302444,0.12554698011704854,0.623436841581549,0.3955917512731893,1.1003439213548387,0.31447771404470715,0.9822017369525773,0.2692499501364572,0.8153324829680579,0.6221690837826047,0.42237840805734905,0.09624381602874824,0.466624816813107,0.03675199406487601,0.5089536287954876,0.3865753763488361,0.02373658333505903,-0.03452559507318905,0.24160616232880525,-0.025287231962595667,-0.15365729587418692,0.06363398422087942,-0.11417347991040774,-0.016727711473192488,0.06650824844837189,-0.1220554815871375,-0.06699313170143537,-0.07296167367271014,-0.1007506794163159,-0.13662475986140116,-0.1136251302169902,0.012077182531356812,-0.02833720509495054,-0.11772874689527921,-0.14478745737246104,-0.04203706394348826,-0.1260118931531906,-0.10808864794671535,-0.11516762631280082,-0.001843225909397006,-0.02642309931772096,-0.06395283660718373,-0.10541797060120318,-0.1087290607392788,-0.08350030509089786,-0.09069078282586165,-0.06985533325184536,-0.044652736080544334
ERR1746488,1,0.0031495498759405954,0.3327148322548185,0.4475968535989523,0.17167189477809838,0.6162321789722357,0.09391287075621742,1.0103017474923814,0.2830782947795732,1.1012400324855531,0.5038862845727375,0.5151242230619703,0.9171183950134686,0.49031168861048563,0.7236424184271267,0.7391673667090279,0.26029902457126547,0.8832050263881683,0.0936569222914321,0.6274264103599957,0.3992350085505417,1.1462899574211665,0.3753924433674131,0.9922120549849102,0.2403102660152529,0.8653012365102768,0.6824609304645232,0.49202216203723637,0.09824046732059546,0.47244295637522427,0.05341905408671924,0.5322381779551506,0.41176242913518635,0.04015304786818368,-0.025882849203688756,0.269690836447158,-0.04285432185445513,-0.14032471712146485,0.10244884874139513,-0.10641976698700871,-0.06326530873775482,0.04639049592827048,-0.11913761456630059,-0.07673963052885872,-0.06898214694644723,-0.0937788396009377,-0.1381460502743721,-0.11366669461131096,0.0219838661806924,-0.005588726273604802,-0.109892338514328,-0.1378533590052809,-0.055079645344189236,-0.12845088062541826,-0.10861759246992213,-0.120633778827531,0.009084215371071227,-0.039360174643141885,-0.07204413440610681,-0.10210815155213433,-0.10419705244047302,-0.08510705323091575,-0.07764164278549808,-0.06657304258884064,-0.04421644884028605
ERR1746489,1,-0.07466985391719001,0.2780290458883558,0.4286001207573073,0.055199550464749336,0.5140099210132446,0.022550650739244053,0.8661697975226811,0.142460612314088,1.011970260313579,0.37704153305717875,0.4403062377657209,0.8889655969770891,0.45075560893331257,0.5186653787802372,0.6121571010776928,0.20721460346664702,0.7769871928862163,0.1286356427839824,0.5792048797011375,0.358822550624609,0.9850205576845578,0.277512717459883,0.9053404325885432,0.23860271434698785,0.8099420379315104,0.560739781175341,0.3599465796723962,0.09135276731103659,0.4573016752089773,0.03512580267020634,0.4669439675552504,0.35638718360236715,0.0076518143926348,-0.035131211791719706,0.2391112060951335,-0.006172296724149159,-0.1377314818756921,0.06501509994268417,-0.12140331736632756,0.023252110396112715,0.06755759779896055,-0.11846545764378139,-0.06342369823583535,-0.0692314613677029,-0.11115142383745738,-0.13433191073792322,-0.11688613585595574,0.033771530259400606,-0.022436484694480896,-0.11471356078982353,-0.1492110033120428,-0.056139112051044195,-0.12266640737652779,-0.11257120729091444,-0.12286942611847605,0.0205021960261677,-0.017818506274904524,-0.06982387229800224,-0.10588859294408134,-0.10949673051280635,-0.08705145706023489,-0.10272333318633693,-0.07680989421455056,-0.04909223411232233
ERR1746490,1,-0.06372910525117602,0.30651572133813587,0.44776291293757303,0.08133098562913281,0.5736818835139275,0.036127829125949314,0.8953063530581338,0.18625766464642116,1.0605689180748803,0.40032788099987165,0.45887139226709095,0.9222872863922801,0.47918717563152313,0.554625114692109,0.639287246125085,0.2244880883289235,0.7913019614560264,0.12300377126250948,0.5915135560291154,0.3686375064509256,1.042705429451806,0.2743211867553847,0.9625786186328956,0.2590088966701712,0.8162078921283994,0.5964850240520069,0.3898466782910483,0.09190895967185497,0.4609679489263466,0.03377291560173035,0.5017416136605399,0.3667694469581225,0.013833795275006975,-0.030861277133226395,0.24613116894449508,-0.0019948233052023818,-0.14136173682553427,0.06724284323198455,-0.1204257532954216,0.0065210312604904175,0.07759495611701693,-0.11965333191411835,-0.06545027318809714,-0.07465125377556044,-0.1105218306183815,-0.13669731680835998,-0.117844038775989,0.028179189722452844,-0.03628072515130043,-0.11783458611794881,-0.15276846076760972,-0.05066475697926113,-0.12639424417700088,-0.10793901208255972,-0.12017881763832909,0.006587410345673561,-0.014520376388515745,-0.06327809699411903,-0.10725795311321105,-0.10822813066520862,-0.0865912956318685,-0.09822909573891334,-0.07390397024573758,-0.04550600424408913
ERR1746491,1,-0.0793289520910808,0.21800450342042105,0.39535451041800634,0.01468123309314251,0.45800572553915636,-0.0019148570884551322,0.7771301439830235,0.10962447683726038,0.9264382177165577,0.32205717425261227,0.4009002702576773,0.8430681774126632,0.4218007666724069,0.483643860157047,0.5533575559301036,0.1811621936836413,0.7392235717603138,0.10032839753798076,0.537725387939385,0.3390755020081997,0.8937549564455237,0.2849741301366261,0.837939857638308,0.22004503650324686,0.7351046938981328,0.5094331902052674,0.3311299363683377,0.07395272036748272,0.4354249666045819,0.029318544481481825,0.4271983632019588,0.34367298441273825,0.006861962378025055,-0.0314778062914099,0.22343948749559267,-0.005338932254484722,-0.12845773569175176,0.051461359219891686,-0.12562738092882292,0.04381368309259415,0.06411725069795336,-0.1140183572258268,-0.06321262167434075,-0.055538859351405075,-0.10164675116539001,-0.13411610467093332,-0.11882343595581395,0.03673911440585341,-0.008555518729346139,-0.11957428710801261,-0.13982968192015374,-0.05494667110698564,-0.12607523798942566,-0.11374454127092447,-0.12694258455719268,0.024395754826920375,-0.01909769991678851,-0.08523030778659242,-0.1079188281936305,-0.1146648617993508,-0.09191962211791958,-0.10417116486600467,-0.07786298104162727,-0.05557557261948075
ERR1746492,1,-0.0484247441802706,0.2943475587027414,0.47314256748982836,0.08807193926934685,0.5876692192895072,0.02906742399292333,0.9474882355758122,0.18332951622349875,1.0426907326493944,0.40773557126522064,0.46560936527592794,0.9651217141321727,0.5196683279105595,0.5669237614742347,0.6831717139908245,0.21008509876472609,0.816899374127388,0.14169012116534369,0.6236762223499162,0.39716444643480436,1.036314104284559,0.29841659856694086,0.9546234288385936,0.28219551273754667,0.8227115347981453,0.5686689083065305,0.3722685096519334,0.09844949894717761,0.4749596333131194,0.027751971568380083,0.4542743127260889,0.36490422513868126,0.005741466368947711,-0.03652025652783258,0.2336176335811615,-0.02468630764633417,-0.14632559567689896,0.058718693043504445,-0.11585628081645284,0.017280477498258864,0.07411003006356102,-0.12470998082842145,-0.06489068908350808,-0.06929502709369574,-0.10640344023704529,-0.13345841424805777,-0.11253640281834773,0.03372247251016753,-0.04183989763259888,-0.12366169052464622,-0.15105124882289342,-0.03416349100215094,-0.12449478996651513,-0.11227729391040546,-0.11531920837504524,-0.013498939939641528,-0.013711987329380853,-0.060924510205430646,-0.10163136614885714,-0.10865161860627788,-0.08260277246258088,-0.09914592560380697,-0.0708954585050898,-0.043834938135530264
ERR1746493,1,-0.099037427721279,0.26395675220659803,0.3815605470112392,-0.005788364314607212,0.3747638663543122,0.02272299730351993,0.6805040559598378,0.053089502932769914,0.9184671289154461,0.28708988188632895,0.36688484091843876,0.7277477202670914,0.3537894961025034,0.41782160103321075,0.4907317345163652,0.21898104277040278,0.7052813576800483,0.18662553067718232,0.5559955356376511,0.29245697600500925,0.8614593840071133,0.3050235520516123,0.8356169617867896,0.19187768868037633,0.7806817804064069,0.4973535825099264,0.32130487017067416,0.1410412159083145,0.46957103482314516,0.06434721047324794,0.46555215226752417,0.32602083150829586,0.013007196996893202,-0.037075646221637726,0.2314834033272096,0.02943794003554753,-0.0854387493538005,0.06744535214134625,-0.11008487854685102,0.05362190625497273,0.043520869953291755,-0.10342220323426383,-0.05100901584540095,-0.050647800671868026,-0.11416246209825788,-0.12402844961200442,-0.12152564492342728,0.06973754029188838,0.05054529383778572,-0.087864532135427,-0.13671535679272243,-0.08988006546029023,-0.11783374260578837,-0.11031953854087208,-0.1297906855387347,0.10972746814201985,-0.0037559115194848607,-0.09154886818890061,-0.11138251769755568,-0.10784241982868739,-0.0889862644086991,-0.12287089654377528,-0.0914097174037514,-0.07069038466683455
ERR1746494,1,-0.09807192614035946,0.2741792361651148,0.38983200969440596,-0.0057886204948382715,0.3812947076346193,0.029622556375605718,0.7092755532690457,0.05582451753850494,0.9377585127949715,0.3041141621901521,0.37999045848846436,0.7486687685762133,0.35685357664312634,0.43448071075337275,0.5073951078312737,0.2206911277025938,0.7175922649247306,0.19474258167403086,0.560944738132613,0.3017986645655973,0.865544878212469,0.31254880662475315,0.8364080472716263,0.19840471845652377,0.7993791507823127,0.5083357351166862,0.32903468078334946,0.14720775918768986,0.4772081673145294,0.06672103995723384,0.46776621682303293,0.33664397469588686,0.01839485445192882,-0.03375561109610966,0.2354310435642089,0.021536992064544132,-0.08827884867787361,0.06805144250392914,-0.1112708869789328,0.04512693626540048,0.042145394320998876,-0.09903693731342043,-0.0506156717560121,-0.05165523920939969,-0.1105755301458495,-0.12308284214564733,-0.12259934144094586,0.06497912137170456,0.05572325603238174,-0.08665927153612886,-0.13437226521117346,-0.08900420966425113,-0.11679259155477796,-0.11195982821352247,-0.12915712116020067,0.11249475966074637,-0.006506870500743389,-0.08963020531726736,-0.10906116491449731,-0.10654148831963539,-0.08829317201993295,-0.1212537017251764,-0.09047591840083312,-0.0694341819201197
ERR1746495,1,-0.08121952740475535,0.3317169376782009,0.4003969909889357,0.0466594115964004,0.478431015674557,0.05232369686876025,0.8266814606530326,0.18416547775268555,1.019139215350151,0.3718351564769234,0.4203744339091437,0.7916527188249997,0.4241672764931406,0.5392100388583329,0.6012096298592431,0.24025859577315195,0.7897060396415847,0.20174195298126765,0.6240435765523996,0.3177516311407089,0.9868311142282826,0.31809842054333004,0.9704196330692086,0.24714032081621035,0.8396106575216565,0.5913145826031853,0.37338159419596195,0.15503626236958162,0.5063065066933632,0.0546522784445967,0.5170758579458509,0.3350070651088442,0.02203872161252158,-0.04439930617809296,0.2190232996695808,0.0034555335130010334,-0.12614206517381327,0.06763182367597308,-0.11807219737342425,0.010131268629005976,0.05630983891231673,-0.11199470183679036,-0.06280964533133167,-0.0654752626516191,-0.11861081421375275,-0.12956550291606359,-0.11738176810156022,0.045359550310032706,0.031198207288980484,-0.1024725293474538,-0.14593182184866496,-0.07793290953018836,-0.12083513768655914,-0.10607344944894846,-0.12025225694690432,0.04806883007820163,-0.01864559363041605,-0.08897190900253397,-0.11160465013901037,-0.10169424515749727,-0.0848598839449031,-0.11314761665250574,-0.08315776568737679,-0.05914507620036602
ERR1746496,1,-0.08223586141996618,0.3203330487012863,0.40809969949935165,0.05926598235964775,0.4603205787550126,0.06678362190723419,0.7679816463163921,0.14904941405568803,0.9933039365070206,0.35219696949103046,0.3924338924033301,0.7720314583608082,0.3850432951003313,0.5061145404989864,0.5896253607102803,0.23796266317367554,0.7590277237551553,0.19874125133667672,0.6286688282021454,0.2996362764388323,0.9729390456341207,0.3006594798394612,0.9442986750176975,0.2370513009705714,0.8377540473427091,0.5733830844983459,0.37803127403770176,0.15797781704791955,0.48615034988948275,0.05076352799577372,0.5231621488928795,0.3228935849453722,0.012454735381262643,-0.04318491688796452,0.24394375032612256,0.02394199584211622,-0.1091404418860163,0.08074511853711945,-0.11499041212456566,0.023650155535766056,0.06186299026012421,-0.11739109456539154,-0.05853801979018109,-0.0687910740130714,-0.12673707559172595,-0.1332391564335142,-0.11790482633348022,0.08553427630769354,0.02891080773302487,-0.10105355083942413,-0.14437703681843622,-0.08568490988441876,-0.12513877557856695,-0.10258558267794017,-0.12441070271389824,0.059147617779672146,0.00014219433069229126,-0.09491639477866036,-0.11281334435833353,-0.10698974904205118,-0.08833456372043916,-0.11769277482692685,-0.08800572811326544,-0.0659176813704627
ERR1746497,1,-0.07672706432640553,0.29424763364451273,0.34590270263808115,0.012754648923873901,0.4102231679218156,0.03195711012397494,0.7633473660264697,0.16637804252760752,0.9500740692019463,0.351682498918048,0.37515784800052643,0.749242687863963,0.3849822155066899,0.5129680495176997,0.5297677618052278,0.22714072731988771,0.7765131677900042,0.18564353297863687,0.5769015720912388,0.31876880303025246,0.9079489417989473,0.33688440759267124,0.9004712801958833,0.2110618363533701,0.832529858819076,0.587003159735884,0.3509050388155239,0.137600484171084,0.493815866964204,0.06416493062196034,0.49395266068833216,0.3400100554738726,0.014483729643481118,-0.032448611089161465,0.21549980555261886,0.008917211421898432,-0.10957174003124237,0.06487036709274564,-0.11862537690571376,0.01793514085667474,0.04498464986681938,-0.10361134793077197,-0.06419644079038075,-0.04787753715312907,-0.10945819637605123,-0.12628872053963797,-0.12276133256299156,0.05942923469202859,0.05636965776128428,-0.09696120263210364,-0.13473965653351375,-0.09085425787738391,-0.12057869189551898,-0.11393009008107972,-0.12459678309304374,0.07643141171761922,-0.02206727276955332,-0.09384629329932588,-0.10980201033609253,-0.10286293631153447,-0.08733589774263757,-0.11557513621768781,-0.08653485597044762,-0.06400166066097361
ERR1746498,1,-0.08686323876359633,0.2738170198031834,0.3461110128888062,-0.0037032474896737506,0.38326550062213627,0.030259506340371445,0.762866983456271,0.11590892608676638,0.9301261827349663,0.3259853262986456,0.3767650734101023,0.7542313869510379,0.3623139443142073,0.47926265533481327,0.5139670584883008,0.21998072947774613,0.7607037680489677,0.19999104738235474,0.6012661707188401,0.3185642303100654,0.8457248258803572,0.3514047802558967,0.8512952736179743,0.18029991111585073,0.8399023945842471,0.5523248016834259,0.3363609489585672,0.14139179925301246,0.483622140118054,0.06863087894661087,0.45722941628524233,0.35149539687803816,0.01242617198399135,-0.029893032142094204,0.2111737672239542,-0.007191479206085205,-0.09770490442003522,0.05179619363376072,-0.11789128929376602,0.022704404379640306,0.038766072264739444,-0.09574891413961138,-0.05819018743932247,-0.036342934846678485,-0.10802208738667625,-0.12129380394305501,-0.12354960498799171,0.05379322936226215,0.07086757304412979,-0.09476893129093307,-0.1265997774899006,-0.08970606752804347,-0.11470710326518331,-0.11999248823849484,-0.12470707669854164,0.09810389777911561,-0.028307760400431498,-0.09105271979102067,-0.1027433322077351,-0.10083806714309114,-0.08709611703774758,-0.11974633751170975,-0.08775438261883599,-0.06674545205065183
ERR1746499,1,-0.1134513361113412,-0.07251712999173573,-0.0028085149824619293,-0.11480939574539661,0.059192683547735214,-0.07282180764845439,-0.09399676442678485,-0.09642265524183001,0.19446706984724318,-0.11041220097935625,-0.005493254799927984,0.2459146078409893,-0.0968847865504878,0.04585135302373341,-0.023764955145972117,0.011472667678650137,0.18608360843999044,-0.13028238234775408,0.21980030302490508,0.002319398469158581,0.2459282555750438,0.020656166332108632,0.22037762084177562,-0.10545822346050825,0.05650556353586061,-0.07248356858534473,0.08016359646405492,0.03697006830147335,-0.013999127915927343,-0.10942257134177323,0.30576746059315546,0.4599711298942566,0.24889029136725835,0.1649043613246509,0.38627458470208303,0.24597738337303912,0.5574579441121646,0.058391096868685315,0.14647112573896134,0.4378103789474283,0.41474756385598865,0.39653956464358736,0.27381431790334837,0.05388902846191611,0.3014339655637741,0.07799081956701619,0.1073970307729074,0.16147462717656577,0.2607070894113609,-0.038417842771325796,0.3410364458603518,0.1414974511467985,-0.1058620432657855,0.19735440398965562,0.03800806895430599,0.31631883659533094,0.36609003227204084,-0.06351890707654613,0.045751332704510005,-0.005899154714175633,-0.058652877009340694,0.3350227858339037,-0.14363875878708704,0.022035475288118635
ERR1746500,1,-0.11868781995560442,0.031064176399792944,0.20389751717448235,-0.09911553029503141,0.19840794588838304,-0.06331437107707773,0.24610170056777342,-0.12575651652046613,0.6063581854104996,0.06818552528108869,0.23397057822772435,0.5231491614665303,0.17548102220254286,0.14911929358329093,0.2624527631061418,0.0015791170299053192,0.49126370660295443,-0.00857220749769892,0.3433019407093525,0.20733514268483436,0.46727536249506685,0.11722609187875475,0.48562212394816534,0.027780034712382724,0.44707925404821125,0.21149326541594096,0.12131201475858688,-0.010761879916701998,0.22366646890129363,-0.0071365321055054665,0.2305493764579296,0.3705424570611545,0.05183871276676655,-0.012120945645230157,0.28503787198237013,0.02521238835262401,0.05696862084524972,0.032698789345366616,-0.10013375910265106,0.22222260705062322,0.10599051868276936,0.00995216625077384,0.016705489052193507,-0.020285469878997122,-0.03628735563584736,-0.07467849286539215,-0.09019711147993803,0.013936943773712431,0.03720130292432649,-0.06413400386060987,-0.00425531981246812,-0.014305044896900654,-0.12536008762461798,-0.07027227404926505,-0.1492664771420615,0.15040027908980846,0.009254529007843562,-0.10526761838368007,-0.10581306368112564,-0.12455301359295845,-0.11395233151103769,-0.10889039654284716,-0.08889727826629366,-0.11001893665109362
ERR1746501,1,-0.10612478932099682,-0.09294928317623478,-0.0730282302413668,-0.1080600627298866,-0.03560217469930649,-0.09902499868933644,-0.14022655997957503,-0.09801782933729035,0.1080970327769007,-0.14139136778456823,-0.04997390588479383,0.09362530468830041,-0.12212165338652474,-0.02359928084271295,-0.0997866519859859,-0.015268983053309577,0.07108213220323835,-0.14294153239045823,0.12141742716942515,-0.0010699555277824402,0.12769557961395808,-0.011214852333068848,0.13013586109238012,-0.12722961977124214,-0.04428433533757925,-0.0784293490328959,0.03774000544633184,-0.02406113195632185,-0.02299494283007724,-0.09524875387017216,0.34600201674870085,0.5483440384268761,0.32770893829209463,0.29237997185971054,0.4330990899886404,0.345456755853125,0.6371779926121235,0.09420465092573847,0.3145719628248896,0.5381925978830883,0.5870473456702062,0.5877697856298515,0.3499802907130548,0.12907156933631217,0.41721053421497345,0.10643775894173554,0.21705366697694575,0.2670160468135561,0.3189085902912276,0.060859661017145426,0.5587632589574371,0.31710857312594143,-0.08445303833910398,0.28771618540797916,0.14137423357793263,0.43908725931708303,0.4378665323768343,-0.04276284242847136,0.10202471180153745,0.015313919633626938,0.030602421079363142,0.4173979072698525,-0.13403866586408444,0.12093090053115572
ERR1746502,1,-0.10555904970637389,-0.10439015339527812,-0.08826405767883573,-0.10827569131340299,-0.07574095683438438,-0.10311212084655251,-0.13956008851528168,-0.10178907428468977,0.04162429379565375,-0.14328263380697795,-0.08344961702823639,0.06090779083647898,-0.14199763323579515,-0.04020847167287554,-0.09901848648275648,-0.034709371094192774,0.028380639851093292,-0.1434612316744668,0.05577292772276061,-0.02399430956159319,0.05933564901351929,-0.025920786495719637,0.0988043477492673,-0.13005858340433665,-0.0626348392771823,-0.07520721636579505,0.027436610710408007,-0.02181694097816944,-0.03998785015262131,-0.10769096070102283,0.4196856575352805,0.5703241974115372,0.3572119399905205,0.35457929436649593,0.45024519679801805,0.4078983520822866,0.683363502579076,0.11225968978500792,0.39215359198195593,0.6138048725468772,0.6311589078977704,0.6926778259886694,0.4049924154366766,0.18075776525906154,0.4875562531607492,0.18453795675720489,0.2663283423919763,0.3084187592778887,0.39555795064994265,0.09698832992996488,0.6187042987772396,0.4165132072355066,-0.06706572004726954,0.36336484604648184,0.2209219208785466,0.5116516899849687,0.5270202926227024,-0.012084165854113442,0.15136132974709784,0.04212681683046477,0.13000088717256272,0.5019705504445093,-0.1038641801902226,0.2204143926501274
ERR1746503,1,-0.10575752519071102,-0.08926569231386695,-0.018155777028628757,-0.10815008596650191,-0.04920826479792595,-0.12834248851452554,-0.12465009652078152,-0.10041153637160148,0.20118138087647303,-0.13867890515497752,-0.022798584108906134,0.16640643775463104,-0.11704822303727269,0.003717350108282907,-0.10331347052540098,-0.007292734192950385,0.1562532697405134,-0.12914141440497978,0.1175655763197158,0.042727913707494736,0.14663709114704812,-0.016227150602000102,0.18818246573209763,-0.11390602695090431,-0.014290761734758104,-0.03829532116651535,0.02885032944115145,-0.043594934578452794,0.016805553010531833,-0.09700896085372993,0.373730655759573,0.5521558826523167,0.2839175760746002,0.3069072387048176,0.4718630164861679,0.3669604850666864,0.5477955022028514,0.09856201923685148,0.28408967490707127,0.5158087238669395,0.5806728892826608,0.5849058989967618,0.3310937924044473,0.09344787330233625,0.3346881483282362,0.10508322981851441,0.17036378756165504,0.2406897238854851,0.27482900449207853,0.05535817305956568,0.4662419259548187,0.2903373582022531,-0.08229720911809377,0.2665754354425839,0.07347456951226507,0.4363222316439663,0.43545303626784254,-0.058465005098176856,0.07276013387101037,-0.016878720372915268,0.02573261463216373,0.3027560380952699,-0.11260789100612913,0.037992117660386224
ERR1746504,1,-0.1080905616815601,-0.11044913344085217,-0.0950115897825786,-0.10594170620398861,-0.07103616105658668,-0.10801530443131924,-0.13797845904316222,-0.08825396254126515,0.025313061262880052,-0.1344408392906189,-0.09147802367806435,0.04611130777214255,-0.13858869884695327,-0.05043305456638336,-0.10098884467567716,-0.05091024576021092,0.04183352738618851,-0.14178043284586497,0.06781374397022384,-0.054051495024136136,0.09010848615850721,-0.021029889583587646,0.07519998561058726,-0.12435972318053246,-0.05730428120919636,-0.09890845151884216,0.023406144763742174,-0.016053072043827603,-0.03748018081699099,-0.09078158677688666,0.43480456141488893,0.5612191589815276,0.3590664288827351,0.3359845184854099,0.4724549629858562,0.4035507845027106,0.7919242578957763,0.1359615655882018,0.34035237113546046,0.6261629249368396,0.6351887051548276,0.7064333971855896,0.4063417589558022,0.19247152736144407,0.5049056251134191,0.19126127287745476,0.250885578670672,0.3164752514234611,0.38847438458885464,0.06576886267534324,0.6384578341884273,0.36569521576166153,-0.08374465044055666,0.4126047758119447,0.23790712175624712,0.5186238578919854,0.5544978710157531,0.00011021537440163749,0.1895141378045082,0.029734691471925805,0.14066813673291886,0.5553041965301547,-0.10909497418573924,0.25581856817007065
ERR1746505,1,-0.10790345658149038,-0.10264025149600846,-0.14255852571555547,-0.09014611371925899,-0.10733192014907088,-0.09363322172846113,-0.13394584772842272,-0.09183663089892694,-0.06736343141113009,-0.13099796591060503,-0.13227351648466928,-0.0850878357887268,-0.14218494934695108,-0.09533619774239403,-0.12404562506292548,-0.09178772169564452,-0.04148208775690624,-0.15449114463159017,0.007805367133447102,-0.0812891349196434,-0.07775298319756985,-0.031065404415130615,-0.050672357103654316,-0.13872417381831578,-0.13147019009504998,-0.13439173251390457,0.016511335436786925,-0.014333228979791914,-0.10866391924875123,-0.08915454574993678,0.4460889335189547,0.6107207414294992,0.4984541306538241,0.44138164698545423,0.4995975334729467,0.5432684549263546,1.0189846700855665,0.1829211955357875,0.5719080652509417,0.7640198745897838,0.8457446236695562,0.8937709193144526,0.6366317676646369,0.38657085384641376,0.7414908661906209,0.4512026959231922,0.41826338533844265,0.4908263630100659,0.5785598286560604,0.13531780136483057,0.8518718807026744,0.6535304071647781,-0.05828052546296801,0.54061155925904,0.5229444791163717,0.7142931964730711,0.8221415440951075,0.0787595904299191,0.2990692337708814,0.2411871555128268,0.42176118173769545,0.861711357321058,0.02733654315982546,0.5226672972951617
ERR1746506,1,-0.13168250702853715,-0.013732238007443292,0.20881189246262824,-0.10841424630156585,0.18908678314515523,-0.04387310253722327,0.12156158100281443,-0.13443980472428457,0.5072783743297415,-0.05321965685912541,0.18385398813656398,0.4951921665508832,0.03787502327135631,0.029586735048464367,0.07210636085697583,0.0585166301046099,0.3689319970352309,-0.016805978757994517,0.43300863781145643,0.16985866267766273,0.23547167464026383,0.06655885172741753,0.3187238265361105,-0.07839230730730508,0.27997119245784624,0.07891544520056673,0.14219009477112973,0.008599054400942155,0.18319667822548322,-0.03197456171203937,0.2393217647581228,0.5272901236478772,0.13228142155068262,0.06137625766651971,0.3791000270949943,0.08898366615176201,0.23410771787166595,-0.03571295525346484,0.006236419347780091,0.30070686446768896,0.15632650681904384,0.07684792046036039,0.09987186991410064,0.012519408017396927,0.01615334834371294,-0.014952105869139944,-0.06054814114967095,0.07941371308905738,0.05549528715865953,-0.043660814740828106,0.12954515857355936,0.1422944175345557,-0.11656795654978071,-0.04199860644127641,-0.12848358175584249,0.2688605237220015,0.14467004367283412,-0.08237343654036522,-0.07425765001348086,-0.08299532160162926,-0.05311085975595883,-0.013535239334617342,-0.09200888645968266,-0.12989348705325807
ERR1746507,1,-0.1024655971143927,-0.0744054668716022,-0.025661689894539968,-0.118026572146586,0.011914652373109545,-0.06485329302293914,-0.06467048610959734,-0.0948593313805759,0.12573811997260367,-0.12425666355660983,-0.019047968422195742,0.23272735731942312,-0.10889996056045805,0.053571084780352454,-0.03220018797687122,0.010218202003410884,0.1176427464400019,-0.12574398105165788,0.20643733069300652,0.013240853590624673,0.2666061243840626,0.02331754645066602,0.2780310532876423,-0.10564630505229745,0.09191531847630229,-0.03105578917477812,0.0936316070812089,0.03887545849595751,0.012402986309358053,-0.10335124017936843,0.31533115011240753,0.48265632135527475,0.24609827675989696,0.16564619062202318,0.3513008462531226,0.24896211709295,0.49619279908282415,0.05965872547988381,0.1493736995118005,0.45478347609085695,0.4384723534541471,0.41288014714206966,0.2497204185596534,0.0835995894989797,0.30251922990594593,0.04455758285309587,0.13233487201588495,0.16879584799919808,0.2716789884226663,-0.00923989447099822,0.3806248658469745,0.13343790705714906,-0.10278186893888883,0.21258631880794251,0.06636921342994485,0.314330239381109,0.38740158586629797,-0.07194421920991902,0.02454670625073569,-0.01840578019618988,-0.0343694378222738,0.311843997665814,-0.14377575580562865,0.0674287708742278
ERR1746508,1,-0.12662231709275926,-0.032134072322930606,0.16033799201250076,-0.11588432693055697,0.07633297783987862,-0.06344908369438988,0.08843465495322432,-0.13682505381958826,0.43065593977059635,-0.07828348555735179,0.1346984931400844,0.4082597387688501,-0.006540280367646899,-0.005168809688517025,0.015500127138303859,0.025015787620629584,0.3376033691955464,0.0051076146108763555,0.3383501629744257,0.11455748549529485,0.11818526365927287,0.06831709827695574,0.23530039084809168,-0.11516143434814044,0.2621713021237935,0.04508402730737414,0.10756428646189826,0.016699761152267456,0.1722307162625449,-0.013307402176516396,0.230272114276886,0.5981401364718165,0.186503472804491,0.09433995187282562,0.37066925396876677,0.17100402606385096,0.35121877810784746,-0.029031333114419664,0.04982554593256542,0.34798191700662884,0.18635475103344237,0.2096372294638838,0.1739227915448802,0.08445140386798553,0.12543095674897944,0.04424921077276979,-0.03154885768890381,0.09520841682595867,0.09922088097248759,0.035125979488449435,0.2439492531120777,0.208881747509752,-0.11549623257347516,-0.027008826977440288,-0.08661592804959842,0.36632490903139114,0.20818854868412018,-0.038508575941835134,-0.04930036335385272,-0.03716406332595008,0.0031599487577165875,0.03637000785342285,-0.07319957303947636,-0.10790888725646905
ERR1746510,1,-0.10115200197989387,-0.12160489894449711,-0.09691689163446426,-0.10043182144207614,-0.13934437185525894,-0.14281665001596724,-0.14434031077793666,-0.11267340289694923,-0.005445707057203565,-0.15789593969072616,-0.10462000646761485,0.00926076461161886,-0.11633842544896263,-0.024103522300720215,-0.11755633567060743,-0.06609212447490011,0.02874574437737465,-0.11939737520047597,-0.04102904702137623,0.07658882279481206,0.12504356886659349,-0.05969035146491868,0.09959111575569425,-0.10978313269359725,-0.0573003888130188,-0.032588040456175804,-0.04528233887893813,-0.14770252683332988,0.008238937971847398,-0.10836315527558327,0.35920407090868267,0.5498940707849604,0.35028207514967236,0.41341901144811083,0.43662040467773167,0.7070196132574763,0.6500009010945048,0.2970256865955889,0.31890464414443287,0.825224155826228,0.8493050166538784,0.7505139612725803,0.40840811814580646,0.16087554914078542,0.4871628883161715,0.2394727644111429,0.24178669175931386,0.47534618846007753,0.5125092842749187,0.15403386631182261,0.6108487275029931,0.43213361288819996,-0.07030523089425904,0.4267806136714561,0.1901491688830512,0.7151186703039067,0.5183702026094709,0.06601177076143878,0.19092636542128666,0.017190098762512207,0.14152856490441731,0.2447070431496416,-0.11477861446993691,0.11131513225180763
ERR1746512,1,-0.10275009380919593,-0.07989715252603803,-0.020137297255652293,-0.10853248528603997,-0.06842420010694436,-0.15310537389346532,-0.09715392972741808,-0.1275422333606652,0.16596793516405992,-0.12160735005246741,-0.01807969542486327,0.18827776185103826,-0.06092083241258349,0.05726376282317298,-0.005013850783663136,-0.000627995069537844,0.22124159123216355,-0.0982404574751854,0.06548158930880683,0.10630376317671367,0.3025153321879251,-0.03539413586258888,0.20490598532238177,-0.04003879866961922,0.13236223267657415,-0.003005080989428929,0.007450962040041175,-0.09703134638922555,0.11495253975902285,-0.08312711319220918,0.2606678770056793,0.4746464878054602,0.17385430953332356,0.14046232295887812,0.4241914727858135,0.5016161778143474,0.3714748988194125,0.14833760101880347,0.06384095790729459,0.5591548314051968,0.4634492354733603,0.5128118519538215,0.20664659242278763,0.033067542261310985,0.21613420492836408,0.0616757475904056,0.07765354748283114,0.2983894007546561,0.34694630971976687,0.08266848432166236,0.2802064801965441,0.15304117117609298,-0.0795382974403245,0.23832740687898227,-0.013442797320229667,0.5536946494664464,0.206182171191488,-0.033376094818647416,-0.02747130500418799,-0.06674829431410347,-0.08488508466897267,-0.032091379165649414,-0.14026115515402385,-0.0858398186308997
ERR1746513,1,-0.11397546157240868,-0.020491079028163637,0.07939607224294118,-0.09785516520163842,0.08403019181319646,-0.1435570227248328,0.02280313548232828,-0.09928741612072502,0.36029782784836634,-0.05067640409937927,0.06453457368271691,0.34043217935998527,0.05135829320975712,0.1282202441777502,0.12561918050050735,0.039123035701257844,0.3538033427404506,-0.05170261221272605,0.1652975928570543,0.15280014223286084,0.47103412449359894,-0.00689706951379776,0.3684007610593523,0.0415876316172736,0.2856069841821279,0.13175886164286307,0.07601241601098861,-0.04264239115374429,0.21716849026935442,-0.06627149560621806,0.3477374466934374,0.405351202752042,0.08728748786130122,0.04919534495898655,0.3745585637433188,0.32100491704685347,0.171881160565785,0.09883034761462893,-0.02817490670297827,0.3848643002233335,0.30683547178549425,0.26709747527326855,0.09398581087589264,-0.03656239541513579,0.015704710568700517,-0.04861518953527723,0.015918851430927004,0.2046296607170786,0.20166049578360148,-0.023674690297671726,0.09451887543712344,0.02231788688472339,-0.09949737361499242,0.1271841595215457,-0.11194220611027308,0.3539912035422666,0.1256037609917777,-0.09676289638238293,-0.10117088018783502,-0.11336988902517728,-0.11709278635680676,-0.100804118173463,-0.1143219071839537,-0.10557338914700917
ERR1746514,1,-0.10576281284115144,-0.08975917845964432,-0.07133789254086358,-0.1033932760890041,-0.08042133047378489,-0.15348865304674422,-0.10949247649737767,-0.11478994706911701,0.10168157092162541,-0.13184301289064543,-0.04449189826846123,0.1580781957932881,-0.09404937284333366,0.08105722389050893,-0.05657481189285006,0.0008153409830161504,0.14833189866372518,-0.1077944406840418,0.06801315130931991,0.08640303249870028,0.2897673121520451,-0.02723899164370128,0.20128246822527476,-0.07576456692601953,0.11356255199228014,-0.022624840693814412,0.01676074947629656,-0.11454821311469589,0.08934705890715122,-0.09099885714905602,0.23864310507945316,0.4988761081227234,0.20479979711983884,0.1772404866559165,0.40021819302013945,0.5294354665758354,0.45524346668805393,0.15118327736854553,0.11639901277210031,0.5529970569269997,0.5629252025059291,0.4846405621085848,0.2333207247512681,0.04067242544676576,0.30464491301349234,0.053105459947671206,0.12171922411237444,0.3147534057497978,0.3997233659029007,0.054630408329623084,0.355056103851114,0.19506153304662024,-0.07948029041290283,0.26426575758627485,0.04176456694092069,0.5474897899797985,0.24256603685872896,0.01605248782860664,-0.009129791387489863,-0.05090881644615105,-0.06375956828040737,0.07500104819025312,-0.15122036742312567,-0.018891280250889913
ERR1746515,1,-0.13701097613998822,0.07725723150984518,0.22675215506127902,-0.09575645359499114,0.22284430584737233,-0.04971770702728203,0.39727863163820337,-0.1075151115655899,0.655999847820827,0.1325495738003935,0.27477938894714626,0.5862514711251217,0.18798452535910265,0.2490104011126927,0.33471985906362534,0.04257075861096382,0.5529605724981853,0.031060612627438138,0.38427333746637615,0.2326453376029219,0.4863535107703813,0.16589922138622828,0.5265833408172641,0.0408755572778838,0.6241223737597466,0.31142319100243704,0.20337617663400515,0.05858209063964231,0.296661185632859,0.00819962312068258,0.2470442514334406,0.37825448491743635,0.007388875420604434,-0.03187278046139649,0.24624257341825537,0.04219787195324898,0.015604121344430106,0.017808255340371813,-0.09897509164043836,0.17237801743405207,0.07336159256686058,-0.019320191017218998,0.03331836712147508,-0.02947020045082484,-0.05879373209817069,-0.09674214145966939,-0.09412999540966537,0.0488698918904577,0.03976689385516303,-0.0514765882066318,-0.056219620896237235,-0.05023334767403347,-0.11146634364766735,-0.10614545709852662,-0.1514324045607022,0.19699988288006612,-0.005104747201715197,-0.09675004679177489,-0.09907874198896545,-0.11341961047479085,-0.1114075303609882,-0.1096221539857132,-0.08896641765854188,-0.09785973333886691
ERR1746516,1,-0.13795561822397368,0.04325256177357265,0.18973800114222936,-0.10919286496937275,0.1621768016900335,-0.058701703058821816,0.3104607897943684,-0.13551268513713563,0.5796603983534234,0.07880951464176178,0.239290858485869,0.509150070803506,0.1261717120983771,0.19190862349101476,0.2510596141219139,0.029073759547567794,0.4916589494262423,0.03177207389048168,0.3651352343814714,0.19746412496481622,0.381065195692437,0.16697525765214646,0.4491209387779236,-0.012724688010556357,0.5649528897234372,0.24722948856651783,0.17965335079601832,0.042861921313617914,0.27331406875912634,0.018036885985306332,0.2018849485154663,0.41532319464853834,0.02939268494290965,-0.01336411094026906,0.25619732023083736,0.059743047558835576,0.07835275520171438,0.010897365531751088,-0.07834993515695844,0.2130090668797493,0.07413558289408684,0.011749072798660823,0.05076859039919717,0.0012051214996193136,-0.025902639542307173,-0.07132744150502342,-0.0794882002768905,0.05756526706474168,0.07777607547385353,-0.016344339453748295,-0.001251680510384696,-0.027004126459360123,-0.10910545183079583,-0.09586630089740668,-0.14649648432220733,0.24054374173283577,0.014280839557094234,-0.08698534619595323,-0.0940558056214026,-0.1007145241435085,-0.11059895397296973,-0.10104441017444644,-0.09475317091814109,-0.11509481711047036
ERR1746517,1,-0.13709300330707005,0.045734742390257974,0.18968531915119716,-0.10522034152277879,0.1708927803805896,-0.06633859659944262,0.305375086409705,-0.13008542678185872,0.5964341738394329,0.0880031841141837,0.2431161611207894,0.5242913592872875,0.13952726617987668,0.19958604446479253,0.2797652302043779,0.03791663383266756,0.4929502106138638,0.004813247493335179,0.3328977855188506,0.2070341972368104,0.45295565096395357,0.12699191165821894,0.4799777840463711,0.03142520785331726,0.5701968148350716,0.2768479000244822,0.1822084848369871,0.049894792160817554,0.27293217747605275,-0.004638522331203733,0.2377856488206557,0.3698642945715359,0.009090953639575414,-0.026933171919413974,0.27955749950238634,0.08192142365234238,0.04694635687129838,0.030349483447415487,-0.08749699273279735,0.21575053994144713,0.0843072235584259,0.002278920795236315,0.054747733154467175,-0.029850492253899574,-0.04806893425328391,-0.08796555109854255,-0.07521348020860127,0.07459370419383049,0.047290092068059106,-0.0282185503414699,-0.026704045278685435,-0.04214500156896455,-0.11332333992634501,-0.09055014353777681,-0.1547832904117448,0.2216994491006647,0.026221695755209242,-0.09521509973066193,-0.10342061333358288,-0.11279349188719477,-0.11475958302617073,-0.1108817921818367,-0.09318304101803473,-0.10807912264551435
ERR1746518,1,-0.13594886820231164,0.046063427946397235,0.18773773631879262,-0.11104625090956688,0.17686680917228972,-0.06180659654949393,0.30407736769744326,-0.13135138686214173,0.5974813752940723,0.08235440030694008,0.2334290127536016,0.5172145250918609,0.13944867931838548,0.18432872529540742,0.2655697986483574,0.03381592088512012,0.4883212016097137,0.009904161095619202,0.3313740300280707,0.20645745417901448,0.4233510520841394,0.13519978310380662,0.46601015222924097,0.018133878707885742,0.5483465833323342,0.2592516371182033,0.17477821824806078,0.03850301395037344,0.2693991394979613,0.007496739072459084,0.2371336274913379,0.39207167284829275,0.021432057954370975,-0.01788548646228654,0.2737986333668232,0.09206502605229616,0.07004014881593841,0.02177613095513412,-0.0867325525198664,0.2146030068397522,0.09119328111410141,0.02437517898423331,0.05721069872379303,-0.019410852010228803,-0.02866672830922263,-0.07364078664353915,-0.07822576903605036,0.06748188020927566,0.05226475851876395,-0.015632750732558116,-0.016537707831178392,-0.03296010994485447,-0.11228040605783463,-0.09392277803272009,-0.15195053496531077,0.23712627935622418,0.021758052919592177,-0.0928428013409887,-0.0990786526152598,-0.10826141759753227,-0.11300247934247766,-0.10551939365853157,-0.09315608867577144,-0.11230275673525673
ERR1746519,1,-0.13936958461999893,0.08539496042898723,0.23419628771288054,-0.10065321890371186,0.24892037681170873,-0.03694081346371344,0.4281010655686259,-0.11042697089059013,0.6701248003435987,0.12644665847931588,0.2770850953945358,0.6220957690051624,0.17789351354752267,0.24403061824185507,0.3259130503450121,0.04681840778461525,0.5416938981839589,0.05045514766659055,0.42939374822058846,0.2414262986608914,0.4753548971244267,0.1832816834960665,0.5357897302934101,0.04552727831261499,0.6277690050857407,0.31045318820646833,0.22869243047067098,0.06934550750468459,0.29892161594969885,0.008812826658998216,0.2587499128920691,0.3954613613230841,0.010030886956623622,-0.02289324307015964,0.2497136616813285,0.0252884038324867,0.025244546655033315,0.008333645428397827,-0.098747654152768,0.17811916874987738,0.07104081341198512,-0.020534082182816098,0.03984561349664416,-0.02413059661297926,-0.062135745372091024,-0.09314713234614048,-0.09589806292206049,0.04525578820279667,0.03949886454003198,-0.061575595289468765,-0.04837466989244733,-0.040396126985017745,-0.1125134187085288,-0.1048700877997492,-0.15000788015978678,0.20583122549578547,0.009064900023596627,-0.09439600485243968,-0.09420811411525522,-0.11368492298892566,-0.11046508699655533,-0.10998989748103279,-0.09201246097550861,-0.10057244449853897
ERR1746520,1,-0.1394717757190977,0.053925624915531704,0.2158974206873349,-0.1095675200756107,0.21030102457318986,-0.0464431851037911,0.35215567690985544,-0.12944663954632624,0.617812842130661,0.08996084279247693,0.25130229124001097,0.5519292061882359,0.1447990784155471,0.19837761031729834,0.2790581392390387,0.03625579683908394,0.5096899207149234,0.043222451848643165,0.3926032938595329,0.21001252478786878,0.4020499604355012,0.17165184819272586,0.47588156030646395,0.0041531409536089215,0.5707169781838145,0.2609990996508194,0.19103657454252243,0.04779171850532293,0.27797363858137814,0.016000527356352125,0.22019095718860626,0.39670077179159435,0.0177503733762673,-0.007887332567146845,0.24946526304951736,0.03470809119088309,0.06839016878179141,0.0008285551198891231,-0.08744437146067087,0.19424439700586454,0.0689924636057445,-0.004509774701935905,0.04194445056574685,-0.011984356679022312,-0.040213552968842645,-0.07742401611592088,-0.08874323538371495,0.04631381016224623,0.05636477044650486,-0.04428790456482342,-0.02420557928936822,-0.03653903678059578,-0.11130595473306519,-0.09897548139893583,-0.14865049506936753,0.22085333086683281,0.01510083515729223,-0.0916296203753778,-0.09215045454246658,-0.10770779588658895,-0.1117337133203234,-0.10387868001790983,-0.09361462175313916,-0.11068816642676081
ERR1746521,1,-0.13849679912839616,0.04052698825086866,0.18042246092643058,-0.11403615054275308,0.16678060804094588,-0.05602764976876123,0.29770525145743576,-0.1322795312319483,0.5695499607494899,0.07495244485991341,0.22012319016669477,0.505741050200803,0.12435249671606081,0.18317878978060825,0.23415342292615346,0.014853919989296369,0.47586665568607195,0.02065069893641131,0.3387750078524862,0.19128981392298425,0.37724767572113443,0.16090924824987138,0.44721104204654694,-0.01319005127464022,0.5446603042738778,0.24026430384921177,0.16701920330524445,0.04419332955564771,0.273418525633003,0.006253057292529515,0.21369248628616333,0.41070457867213656,0.03854627530381549,-0.010914667110357965,0.2525066784583032,0.07646919733711652,0.08517472605620112,0.0027001984417438507,-0.07823462385152068,0.21300027785556658,0.08852440624364785,0.02795561615909849,0.054487231852752824,0.007981379582945789,-0.024384756173406328,-0.0674727021583489,-0.07699633097009999,0.05464201633419309,0.06655678791659218,-0.026772102607148036,0.01096045970916748,-0.023489458486437798,-0.11284966154822282,-0.09067006083205342,-0.14559103016342437,0.23602357187441417,0.030219303710120066,-0.08710832255227226,-0.09419764179204192,-0.103667950324182,-0.11282674223184586,-0.09243962727487087,-0.09547473077795335,-0.11730119000588145
ERR1746522,1,-0.13975875079631805,0.03306150010653904,0.1614627848778452,-0.11450166068971157,0.14539562378610885,-0.06731423788837024,0.27018273967717377,-0.133033991924354,0.5402501699115548,0.06588307980980192,0.19148440213341797,0.4783380412097488,0.11480557379711952,0.16485412205968583,0.21541236553873336,0.011243596140827452,0.4592970923653671,0.006970706794943128,0.31485705077648163,0.1795930154621601,0.3650761177497251,0.14683794443096435,0.42851017841270994,-0.023431329588804926,0.5192310331123215,0.23089105556053774,0.15546051945005143,0.03740574698895216,0.26086800322393955,0.00470193794795445,0.21626827786011354,0.40460448392799925,0.043539129995874,-0.010048260380114828,0.24847376692507947,0.0860544177038329,0.09430703786867005,0.007674312751208033,-0.07337370993835586,0.2347996969308172,0.09920232184231281,0.03410943065370832,0.055218154032315524,0.009103194743927037,-0.02005626048360552,-0.07060298855815615,-0.07013143625642572,0.06299473345279694,0.0676970151918275,-0.021149554955107824,0.026542256453207562,-0.021016875548022135,-0.11382953423474516,-0.08652465770553265,-0.14452579617500305,0.24315019084938935,0.0432387249810355,-0.08767844284219402,-0.09480132827801364,-0.10394744116014668,-0.11498924371387277,-0.08909425405519349,-0.09708452743611165,-0.12008152050631386
ERR1746523,1,-0.13986185459153994,0.10486846363970212,0.22159005169357573,-0.09068614962909903,0.2464628326041358,-0.05263522107686315,0.42512685539466993,-0.09820559620857239,0.6730937170650577,0.14911484545362846,0.2770957893558911,0.5974416035626616,0.1901993759508644,0.26727626259837833,0.3639342508145741,0.05634009552055171,0.5461885311773845,0.026853727442877635,0.4036652543249407,0.2235167154244014,0.5559297204017639,0.15557498005884035,0.5604598586048398,0.05868619467530932,0.6499111354351044,0.3387259447148868,0.231465859072549,0.07259744791580099,0.2967280024396522,-0.00353221595287323,0.2814285749835627,0.35208371920245035,-0.007334618962236813,-0.03564129743192877,0.25453169936580317,0.051267173141241074,0.0003875697563801493,0.018554513209632466,-0.10213621067149299,0.17258024641445704,0.08326760027557611,-0.021491159285817827,0.03200129832008055,-0.04506972279133541,-0.07846347295812198,-0.1086696381015437,-0.0882689922249743,0.05458059534430504,0.029316642454692295,-0.06451522186398506,-0.07160353128399168,-0.06261772928493363,-0.1124556732497045,-0.1030983283583607,-0.15138550954205648,0.1790497095457145,-0.008986394320215498,-0.09900992709611144,-0.10216307626771075,-0.11308342218399048,-0.11251825679625783,-0.11268449082438435,-0.08725025192169207,-0.09438508749008179
ERR1746524,1,-0.12476220381047044,0.11298166268638202,0.2751301920839718,-0.09699219558387995,0.305003595006253,-0.04787499670471464,0.4748385569878987,-0.10243575381381172,0.7654622021530356,0.17167093179055623,0.3127993076507534,0.690838615742645,0.266221715935639,0.2700061649084091,0.42328450083732605,0.06354056245514325,0.6305169111915997,0.018814441348825182,0.3875755231295313,0.2850808080817972,0.6365435958972999,0.1431034654378891,0.5975119921245745,0.10515080179486956,0.6287267910582679,0.3183302714356354,0.23804431142551558,0.0345954205840826,0.3096246702064361,-0.006404742864625794,0.3336009979248047,0.36101302078792025,0.0241861098578998,-0.04208869593484061,0.28361700697236564,0.051097089025591104,-0.013321650613631521,0.05568118067458272,-0.1200438838984285,0.17689733845846994,0.10473527014255524,0.009885320173842567,0.04235523673040526,-0.05110586354775088,-0.059189693736178536,-0.09406730346381664,-0.1091601268521377,0.028572550309555873,-0.00828609402690615,-0.06560928108436721,-0.09782376865457211,-0.03839237615466118,-0.11806577390858106,-0.09874482239995684,-0.14839107117482594,0.16746991952615126,-0.0026925323264939444,-0.08694108482450247,-0.09958255876387868,-0.11870579581175532,-0.10513206824128117,-0.11252401423241411,-0.08123770322916764,-0.08125716341393334
ERR1746525,1,-0.02411611221863755,0.2421865857073239,0.2852566625390734,0.02318953842456852,0.5392355736611145,-0.032122294551559856,0.5924635130379882,0.2780716565570661,0.9168473993028913,0.38846404956919806,0.3235229448348816,0.7284794675984553,0.4129875440682684,0.577743090290044,0.5667426681944302,0.11816417452480112,0.7863793112337589,0.06031652859279087,0.5011212054107871,0.32655442958431585,0.9806283212133816,0.13629406637379102,0.9348992242344788,0.24325053819588252,0.7400185721261161,0.533222381557737,0.34955072828701567,0.04946084826120308,0.4158630528088127,-0.0014918819069862366,0.5323838527713504,0.3594181558915547,-0.007932634225913457,-0.023409315584493533,0.28036012553742956,0.0753484841968332,-0.09171826924596514,0.05893243756145239,-0.10955765337816306,0.016469785145350864,0.13674924203327724,-0.10350017143147332,-0.018427636740463122,-0.08494676607993565,-0.11372528438057218,-0.1366366147994995,-0.1081212977213519,0.0846942306629249,-0.01273549348115921,-0.11496877084885325,-0.13651554499353682,-0.07434853804962975,-0.12814630514809064,-0.0678523031196424,-0.13129803857633046,0.0449656720738858,0.029387544840574265,-0.09818821533450059,-0.12136118672788143,-0.11494495293923787,-0.09375334401348871,-0.09844621430550303,-0.07571059728174337,-0.05729232196296964
ERR1746526,1,-0.06194988398679665,0.33791747050625937,0.3370131775736809,0.06199528622840132,0.5782492618475642,0.006610632474933352,0.7762129306793213,0.2600149307399988,1.0417742883520467,0.37219915060060366,0.3747789277029889,0.8081321915877717,0.4562892051679747,0.5938784916486058,0.613699982208865,0.17788806797138282,0.7494685628584453,0.10604541695543698,0.5753695411341531,0.3397079243191651,1.0720472857356071,0.2143957678760801,1.0017397941223212,0.2647459900804928,0.8201607348663467,0.6145916538579124,0.38092126165117535,0.10970777512661048,0.44736200637583223,0.010516832981790816,0.5358150856835502,0.34293366010699955,-0.005936971732548305,-0.04913962525980813,0.24953457174290503,0.05029103000249181,-0.13353025487491063,0.05693949040557657,-0.11309127030628068,0.03636046499013901,0.11709163497601237,-0.11336497164198331,-0.03301837029201644,-0.07540086530415076,-0.11926175334623881,-0.14077646285295486,-0.10295961118702378,0.05330142857772963,-0.029598338263375417,-0.10950435112629618,-0.14603846945932933,-0.06791020956422601,-0.13017960424934114,-0.09122596774250269,-0.12290761566587857,0.025702520706025616,-0.008882284164428711,-0.08994172353829656,-0.11716634803451598,-0.10716038529894181,-0.08466503752528556,-0.09982245854501214,-0.07471967661487204,-0.053352815099060535
ERR1746527,1,-0.05349845173103469,0.24790825162615096,0.25981958316905157,-0.004827608753527913,0.41293601292584625,-0.01777307316660881,0.6722802370786667,0.21618657718811715,0.9137276379125459,0.3538356508527483,0.3453172360147749,0.7207458306636129,0.40001727354579736,0.569346754678658,0.503670868064676,0.12017102699194636,0.7496586239763668,0.06712270634514945,0.511627837483372,0.34281992859074045,0.8712749129959515,0.2527324621166502,0.8621496763080359,0.20473057829907962,0.8001700927104268,0.5783601794724486,0.3273021340802578,0.06429012518908296,0.43038187282426016,0.01698831468820572,0.4523325264453888,0.37282681252275196,-0.013327443173953466,-0.02541116252541542,0.24463010180209363,0.02043696173599788,-0.1111545083778245,0.05632292612322739,-0.11778263634602938,0.03645934058087213,0.07326987917934145,-0.0921307961855616,-0.04310427765761103,-0.04879618529230356,-0.10146171173879079,-0.1297257680978094,-0.11196302995085716,0.03901436658842223,0.01701384942446436,-0.09740295354276896,-0.12522234129054205,-0.07326297089457512,-0.12494293813194547,-0.10711083178674537,-0.1323058477469853,0.039401448564603925,-0.022922809634889876,-0.09870536306074687,-0.11093203191246305,-0.10814478514449936,-0.09259217059505838,-0.10158605501055717,-0.07636495879186052,-0.05706908407488039
ERR1746528,1,-0.07572314025102449,0.2644308166844504,0.31801406506981167,0.004761699587106705,0.4865274006234748,-0.017592227352516993,0.6991330768380847,0.19163614032523973,0.9731309680002076,0.3320840428184186,0.3435027354529926,0.7929344539131437,0.4174249140279634,0.5224618459386485,0.538291967340878,0.1535278827484165,0.7064636456114906,0.08223585119204861,0.5264468815709863,0.3287413498120649,0.9520194722073418,0.21601874381303787,0.9014771676489285,0.22336800023913383,0.7650364126477923,0.560612680124385,0.3373262746525662,0.08502441165702683,0.42215493015412775,0.008233536567006792,0.4794983704175268,0.3503470298435007,-0.001474155911377498,-0.03634131699800491,0.25065471950386253,0.051549737474748066,-0.12804447087858403,0.03862166724034718,-0.12096966004797391,0.0639912411570549,0.10157900303602219,-0.10459055006504059,-0.038380105181464126,-0.05999524512195161,-0.11246187452759061,-0.13366188960415976,-0.1127217100667102,0.045193557760545185,-0.023771573922463825,-0.11536171766264099,-0.13643373655421392,-0.0672968743102891,-0.1296348816582135,-0.10006756511782962,-0.12857824989727565,0.03607754981411355,-0.0029815025627613068,-0.09415345106806074,-0.1135616236965039,-0.10929248628339597,-0.09216231480240822,-0.10223597979971341,-0.07769232468646285,-0.05459775482969625
ERR1746529,1,-0.08852046435432774,0.26583725959062576,0.2973431685407247,0.0006860652208290828,0.46117926335760523,-0.023663351578371867,0.6720700178827558,0.1672778981072562,0.9330754626010146,0.3245776407420635,0.33338372801829663,0.762477063706943,0.39662377536296844,0.4926405783210482,0.5380832999944687,0.12742464723331587,0.7040376216173172,0.07244757429829665,0.4977884605260832,0.31765239047152655,0.9207598726664271,0.19326456636190414,0.8653017864562571,0.22434574897800172,0.765724917607648,0.5535604155489376,0.33465284149029423,0.07586025686136313,0.4106785325067384,0.01026581653526851,0.47245748873267857,0.34313479704516275,-0.016070773558957235,-0.04266252900872912,0.25909885860580417,0.04892346901553018,-0.11307395728571075,0.05335532820650509,-0.11707209646036583,0.07650241362197059,0.09778306952544621,-0.09663005918264389,-0.021099420530455455,-0.06498331363712039,-0.11754343126501356,-0.13765119761228561,-0.10608372424862214,0.061733294278383255,-0.029675691787685667,-0.10667961569769042,-0.1349136307835579,-0.07177976572087832,-0.12998918816447258,-0.09610850071268422,-0.13209666897143638,0.051193904663835256,0.005603922797100884,-0.09298856064145054,-0.1154644847182291,-0.11504556983709335,-0.09495120289336358,-0.10591051527964217,-0.0798464781338615,-0.05977101544184344
ERR1746530,1,-0.08767411219222206,0.24663836189678737,0.3408833087555,-0.020166339219680855,0.38130555408341543,0.0028531653141336782,0.7124299428292683,0.09020375633346182,0.9337665023548263,0.32211355306208134,0.37307654321193695,0.7675462684461049,0.37527136504650116,0.4677953134690012,0.4845217091164419,0.18607686460018158,0.7414937317371368,0.15173477995475487,0.5536208472081593,0.3332864152533667,0.8366769703903368,0.3183093342397894,0.8336864353290626,0.17515777836420707,0.7891178684575217,0.52044620684215,0.3042182286403009,0.10085087229630776,0.4565680261169161,0.05634551282439913,0.4437194743326732,0.3702556607978685,0.012528129986354284,-0.010487281850406103,0.22449682160679782,0.00012606063059398105,-0.10918756893702916,0.06525002632822309,-0.12391485327056476,0.04831672140530178,0.04954522582037108,-0.0907438759292875,-0.055965958429234366,-0.039966260615204065,-0.10366211299385343,-0.11715203576854297,-0.12685226376301476,0.029430512198554686,0.03719343723995345,-0.1003666485526732,-0.13019790660057748,-0.08445856986301285,-0.11770820138709885,-0.11918357997533999,-0.13190460205078125,0.08982344563784343,-0.02158720312373979,-0.08708289505115577,-0.09766110159190637,-0.09989180382607239,-0.09067810725952898,-0.10983919472034488,-0.0842295285588729,-0.05814925993659666
ERR1746531,1,-0.07718337806207794,0.2863673120737076,0.3547898695937225,0.014451878045552544,0.42617559153586626,0.0011699109205177852,0.760456770658493,0.16034950528826034,0.982658496924809,0.3676960428378412,0.39571610518864225,0.7937277151005608,0.42121713714940207,0.5100116123046193,0.520950219460896,0.21833298222294875,0.7605257034301758,0.15169299393892288,0.5632714961788484,0.3473977345441069,0.9093851593456098,0.3248777299055031,0.897857706461634,0.22204884753695556,0.8257159441709518,0.5825367197394371,0.32805658584194525,0.09947185404598713,0.48892717169863836,0.0545908340385982,0.48292442836931776,0.3701841054218156,0.013281347496168954,-0.009063229496989931,0.2314087231643498,-0.0010009929537773132,-0.1212851173643555,0.07235346521650042,-0.1254971974662372,0.023323602974414825,0.06239241947020803,-0.10311886295676231,-0.0660202002951077,-0.04594009510973202,-0.1094033271074295,-0.12162612910781588,-0.12618237441139563,0.04774220760113427,0.01895913135792528,-0.10418885946273804,-0.14229473258767808,-0.08275857088821274,-0.12237649410963058,-0.11288175208028406,-0.12754341693861143,0.0538519023185862,-0.011768579483032227,-0.0843577180057764,-0.1017224374559841,-0.09557805628615565,-0.08801200546856437,-0.10812063608318567,-0.08163625470479019,-0.050014901773205826
ERR1746532,1,-0.05203393633876528,0.3305246127503259,0.3986514231988362,0.05047899750726564,0.5031361356377602,0.026680504637105123,0.852226299898965,0.20403389313391276,1.0455851863537515,0.41163276987416403,0.4418397332940783,0.8597790066684995,0.4635089955159596,0.5658605396747589,0.602368702845914,0.2531777000320809,0.8262285590171814,0.17333408764430455,0.6127931193581649,0.37927610746451784,1.002478620835713,0.33086630063397543,0.979746589171035,0.24949164528931891,0.8633835124117988,0.6215629896947316,0.35755765065550804,0.11461576114275626,0.5109640109751906,0.056254182543073385,0.49898852088621687,0.3790032642760447,0.025468585746628896,-0.01856707887990134,0.22980961160750926,-0.006150055676698685,-0.13997428278837884,0.08056576230696269,-0.12310397305658885,-0.010720320045948029,0.06444831618240901,-0.10917017396007266,-0.07040954354618277,-0.06283841727833663,-0.10907125153711864,-0.12128490954637527,-0.12173779534974269,0.0426264362675803,0.018557185839329447,-0.11321121001882213,-0.14871432206460408,-0.07102023783539023,-0.11987071590764183,-0.11183870117279834,-0.119345273822546,0.036156076073114364,-0.019226834177970886,-0.07611202288951192,-0.0996533440359469,-0.09508561941662005,-0.08217874827927776,-0.10127922732915197,-0.07484635569354785,-0.04174082852633936
ERR1746533,1,-0.04162966938955443,0.31812532033239094,0.3588803932070732,0.042339229357561896,0.4527549320565803,0.031689572014978955,0.8022186436823436,0.2509731746145657,0.9907589150326592,0.3860382065176964,0.4167387719665255,0.7802310415676662,0.41307744277375086,0.5734118708143277,0.5346655207020896,0.26785123547805206,0.8340515728507724,0.17317509704402514,0.6130696332880429,0.35488616435655523,0.9419460839458874,0.34361107760508147,0.9697892708437783,0.2310308420232364,0.8430086182696479,0.668045897302883,0.3626215213111469,0.128421993127891,0.5124441481062344,0.06864582002162933,0.4826138455952917,0.3734104396509273,-0.0031880438327789307,-0.01695391003574644,0.21628370242459433,0.0029173653040613446,-0.1250158984746252,0.08354769700339862,-0.11195640166157059,-0.013690725501094545,0.03651951306632587,-0.11067760496267251,-0.07391826808452606,-0.0629870178444045,-0.10735794582537242,-0.12198497354984283,-0.1226430704950222,0.06657712108322553,0.06472045396055494,-0.11044541160975184,-0.1418647106204714,-0.08506523272288698,-0.11789858341217041,-0.11876951266978202,-0.12268579964126859,0.05742714194847005,-0.02153716129916055,-0.090520950433399,-0.10798821874362018,-0.09801704037402358,-0.08449572910155569,-0.10810074529477529,-0.08075040864891239,-0.05238430029047387
ERR1746534,1,-0.0410802098257201,0.30343031883239746,0.3527658044227532,0.027440403409335495,0.4283769126715405,0.030292133135454997,0.8047165444919041,0.2112399243882724,0.9716599956154823,0.38316473577703747,0.42058283729212625,0.7814997721995626,0.4191783645323345,0.5665845487798963,0.5272137160812106,0.26201721879520584,0.8306739351579121,0.1858807723703129,0.6188390547675746,0.3598355430045298,0.9088469616004399,0.374399609797235,0.9393615525748048,0.20972523093223572,0.8439675228936332,0.6362791348780904,0.34663801906364305,0.13421413927738154,0.506855767752443,0.07214819945927177,0.45811771920749117,0.3793456682137081,0.006444679839270455,-0.014181716101510184,0.20562166294881276,-0.01700607580798013,-0.12824181680168426,0.07410793378949165,-0.11477433198264667,-0.015733310686690465,0.032427153417042325,-0.10792048807655062,-0.07573376037180424,-0.05278061302046159,-0.10167006828955241,-0.11936243676713534,-0.12390036508440971,0.05446293205022812,0.07978150168699878,-0.11107097033943449,-0.13484289443918637,-0.08280087940927063,-0.11525159861360278,-0.12060998677874782,-0.12138618156313896,0.06796613242477179,-0.032539832804884226,-0.09186446267579283,-0.10337804733509463,-0.0958694928724851,-0.08420406707695552,-0.10714221745729446,-0.08043054790635194,-0.0542775441759399
ERR1746535,1,-0.06689831960414137,0.2523455875260489,0.32083919112171444,-0.011171896010637283,0.4126354306936264,0.0139866459316441,0.7372618338891438,0.16909066747341836,0.9082391123686518,0.3544278516034995,0.3916269104395594,0.7636288679204881,0.3828030026384762,0.5593768573765244,0.48831719372953686,0.1872403235839946,0.7685914146048682,0.1341634009565626,0.6146099142996329,0.3720292257411139,0.8472107164561749,0.34065666209374157,0.8724528515179243,0.19956966117024422,0.8404211604169437,0.590422378054687,0.3580812487219061,0.12773986679634877,0.47499094903469086,0.0509742870926857,0.485555285853999,0.4177682729704039,-0.01905580290726253,-0.015538810619286128,0.2375727141542094,-0.041817846042769294,-0.0963183268904686,0.041733120168958394,-0.11465831219019103,0.012266021221876144,0.04046042476381574,-0.08909470587968826,-0.06005167748246874,-0.04397164088939982,-0.10345661480511938,-0.1194785088300705,-0.12132674801562514,0.04794982661093984,0.06903270073235035,-0.10696882648127419,-0.13008620283965552,-0.06997776816466025,-0.11810085124203137,-0.1167676948742675,-0.12736251843827112,0.08013286115601659,-0.016466778037803515,-0.10181078993316207,-0.09750768582203559,-0.10414510193680014,-0.09288553960089173,-0.10744810343853065,-0.07866818250788908,-0.06282002505447183
ERR1746536,1,-0.06330399734101125,0.2717834200177874,0.31525512472061173,-0.002083036025786506,0.4133925060076373,0.005992414695875985,0.7214347336973462,0.17722784408501216,0.9568218759128025,0.3514212290091174,0.3726806030026637,0.7478441276720592,0.40968379378318787,0.5703477039933205,0.504400722682476,0.1525407907153879,0.7374931573867798,0.10984246938356332,0.5637981359447751,0.36002164067966597,0.8984529024788311,0.3003109576446669,0.8892694977777345,0.19802195578813553,0.8271604127117566,0.5732117678437915,0.3692979621035712,0.11326006946286984,0.43467035463878084,0.036437093413301876,0.4887883535453251,0.39851956495216917,-0.018403327890804837,-0.020673178136348724,0.24244171540652001,-0.0016817280224391393,-0.11403878565345492,0.06915568028177534,-0.11561672396159597,0.04530381517750876,0.07829950111252922,-0.08219699029411588,-0.047216321740831645,-0.05477143029150154,-0.10938132660729545,-0.12764415464230947,-0.11712767849011081,0.014431849787277835,0.017048193407910212,-0.10026447634611811,-0.1319194994866848,-0.07278104299413306,-0.11964263767004013,-0.109353645056087,-0.12975619892988885,0.05970062920823693,-0.0199424432856696,-0.09132352863837566,-0.10076404589095286,-0.10411782948566335,-0.09379769249686173,-0.10727886403245586,-0.0760109511819402,-0.05710794257798365
ERR1746537,1,-0.09976717989359583,-0.09520629553922585,0.05680001686726298,-0.0978033539972135,-0.07699468146477427,-0.09624113515019417,-0.1095543775175299,-0.11176516488194466,0.27594996988773346,-0.148407766861575,0.007838712339954717,0.10565936352525439,-0.09139338987214225,-0.027633747485067164,-0.13766854256391525,-0.0438575984111854,0.24728822548474585,-0.108319953083992,0.07552140312535423,0.006800931479249682,0.07676339149475098,0.028862820406045233,0.22393946030310222,-0.1481455819947379,0.06319949243749891,-0.023183499595948627,-0.005896997238908496,-0.07823801479701485,0.09788734093308449,-0.0416733409677233,0.3274369862462793,0.5371607266632574,0.336093653525625,0.30334520659276415,0.36540316896779196,0.37803233840635847,0.5095034699354853,0.06474729097265351,0.27789533736982514,0.5097454844840935,0.4638346917927265,0.45140371897390913,0.2408498339354992,0.1069667129735795,0.2782511849488531,0.2029503042410527,0.056295525548713546,0.24705913237163,0.24094528279134206,0.13558112510613032,0.4555439885173525,0.3128179471407618,-0.11222836268799645,0.15696131996810436,0.08327881725771087,0.44709580072334837,0.3906965447323663,-0.034652375749179294,0.03272196344499077,0.0015049534184592111,0.05576451974255698,0.23346171687756265,-0.09261378379804748,-0.003002579723085676
ERR1746538,1,-0.07787731130208288,-0.09635100101253816,0.00963121052232704,-0.07874366680958442,-0.10200200788676739,-0.09486313802855355,-0.1208739975201232,-0.0882102454613362,0.2038078412546643,-0.15513082593679428,-0.06842012703418732,-0.018035392676080977,-0.12747686303087644,-0.062803253531456,-0.13744774141481944,-0.07298614483858858,0.16749686109168188,-0.04846716033560889,-0.03874955964939935,-0.06032812276056835,-0.08067543538553375,-0.06071518361568451,0.04463472496718168,-0.13878736751420157,-0.04188048041292599,-0.10286536001201187,-0.034291662009699006,-0.04168294791764181,0.04963568278721401,-0.01652056191648756,0.4578372047149709,0.6388738386865173,0.46000163895743235,0.5191897388015475,0.4372625468032701,0.7310511714645794,0.9501729948180062,0.14022914533104217,0.5868526952607291,0.901631198823452,0.9002413387809481,0.8702150753566197,0.6271396670490503,0.4304498838526862,0.5462943853012153,0.5735634214111737,0.3595914247312716,0.5071660535676139,0.5079094504139253,0.40313488245010376,0.912782572209835,0.7703556317802784,-0.09545718772070748,0.4111648420138018,0.4565847111599786,0.7602572595434529,0.8453644695026534,0.10735984572342464,0.23201256351811544,0.3143859745136329,0.4009505020720618,0.44890032708644867,0.010848721755402429,0.3380545111639159
ERR1746539,1,-0.08477265653865677,-0.09755979638014521,0.05103741852300508,-0.08518873920132007,-0.09704301399844033,-0.09707616429243769,-0.12889681809714862,-0.10524377040565014,0.2555184911138245,-0.15496073876108443,-0.012283091034208025,0.10113895258733205,-0.09773660930139678,-0.05892582557031086,-0.12948014374290193,-0.0500344027365957,0.2320650786693607,-0.0547025166451931,0.015812827008111135,0.00265796748655183,-0.020958412970815386,-0.047196654336793084,0.11422258562275342,-0.14416982446398055,0.013047371325748307,-0.05605621210166386,-0.030334968652044023,-0.06684161988752228,0.05265519229163017,-0.040711878665855954,0.36123696461852106,0.6417059483272689,0.4016153450523104,0.3494471309822984,0.39405915779726847,0.5568146247948919,0.7112401894160679,0.07534014752932958,0.3671213909983635,0.6990416912095887,0.613239228193249,0.6594466109360967,0.39798368141055107,0.21898356106664454,0.39990787846701487,0.36899638269096613,0.10512033264551844,0.35023838920252665,0.3026879599118339,0.2552708664110729,0.6430651864835194,0.4841854072042874,-0.10079363849945366,0.21179486119321414,0.18041250854730606,0.5882489808968135,0.5657524360077721,0.00131766710962568,0.06693558714219502,0.11142066280756678,0.17531446846468107,0.27265745188508717,-0.054611283753599436,0.0650893763772079
ERR1746540,1,-0.0950837614280837,-0.11903530039957591,0.04643148237041065,-0.10692644491791725,-0.11266569261040006,-0.11352043375622348,-0.07806023795689855,-0.13012037479451724,0.26714225858449936,-0.10815384292176791,0.006776704053793635,0.13785448537341186,-0.058802057589803426,-0.024639506957360675,-0.07683034906429904,-0.03803107302103724,0.2388782575726509,-0.06499822331326348,0.01219112319605691,0.04699482236589704,0.03001688846520015,0.037648778940950124,0.1385177501610347,-0.1228126622736454,0.15012782652463233,-0.011222265128578459,0.024618567765823433,-0.009245991972940308,0.1571163386106491,-0.025717500065054213,0.2938976712258799,0.5757425831896918,0.2553912776389292,0.16458208486437798,0.35408921965530943,0.3217011982841151,0.500227906874248,0.05936063826084137,0.1915050031883376,0.43809813048158375,0.3562995394957917,0.4935782455972263,0.256425497255155,0.16367573956293718,0.25084072298237253,0.1948917114308902,0.05147700171385493,0.2481309212744236,0.21153517865708896,0.0993210319429636,0.42269123239176615,0.33698718569108416,-0.10095671138593129,0.15398762514814734,-0.0033312348116721424,0.4946450527225222,0.3635153908814703,-0.014628845400043897,-0.0027633665927818845,-0.00777822094304221,0.07063038168208939,0.1184503265789577,-0.07768305916605252,-0.04498100759727614
ERR1746541,1,-0.10759223465408597,-0.043819354847073555,0.15676120508994376,-0.11398668667035443,0.04114582469420774,-0.10699755113039698,-0.007847723151956285,-0.1406386590429715,0.46426080433385714,-0.10166370496153831,0.13484111428260803,0.3972464118685041,0.018540485728798167,0.05961666256189346,0.029046844158853804,-0.004063610785773822,0.3939248215673225,-0.08058382570743561,0.15178939593689783,0.12508869064705713,0.2764190509915352,0.017739859808768545,0.36562140924589975,-0.05840698749359165,0.2684065772752677,0.09581258573702403,0.03443828624274049,-0.06805281301162072,0.16443451148058688,-0.015551609652382987,0.21013882383704185,0.44155590661934446,0.14346489416701452,0.060563228492225916,0.3478720315865108,0.2547043434211186,0.25447453026260647,0.029244583632264818,-0.011665834313524621,0.43867509812116623,0.27732041837381466,0.24239236009972437,0.11461476156754154,-0.004439703920590026,0.07504173048904964,0.02479489772979702,-0.0312875360250473,0.15116271589483535,0.08489052345976233,0.05096320275749479,0.13795115812016384,0.07386554777622223,-0.1172139181622437,0.023062412227903093,-0.1099822638290269,0.32787564982260975,0.12852564001721994,-0.10679147578775883,-0.09018280077725649,-0.08531942857163292,-0.09574483228581292,-0.058459467121532986,-0.10133858184729304,-0.1387755966612271
ERR1746542,1,-0.11764005039419446,-0.031195914572370902,0.047297951366220205,-0.11137937022639173,0.18490077129432134,-0.08650535238640648,-0.042210951256233135,-0.0991369493172637,0.3717310146561691,-0.08052985476596015,0.09114221802779607,0.4430624439514109,-0.0630875863134861,0.0872041689498084,-0.020609287744654075,0.06860550652657237,0.2757049011332648,-0.12709307777030127,0.27261839913470404,0.12196925388915199,0.3430981188763066,-0.025093620909111842,0.35151016286441256,-0.03771466894873551,0.16505253740719386,0.03978251240083149,0.07466070566858564,-0.05404081302029746,0.06874325977904457,-0.07501888807330813,0.2331871540684785,0.414350991469941,0.1741403660603932,0.10762025309460503,0.5110662047352109,0.2541993334889412,0.3640862101955073,0.041951963411910195,0.0326536696936403,0.45885640994778704,0.47864061115043505,0.2675905866282327,0.2214071165238108,-0.056689640773194175,0.12832273755754744,0.0014662529741014754,0.03894707919763667,0.11361155685569559,0.16543003278119223,0.013264585818563188,0.22952734838638986,0.09668512961694173,-0.10981725808233023,0.1421895475525941,-0.05282770481426269,0.3222054583685739,0.20920795321996724,-0.11332308387916003,-0.07494527121473636,-0.08212243446281978,-0.10168644040822983,0.09996431640216283,-0.11848263069987297,-0.0952785781451634
ERR1746543,1,-0.10220276258353676,0.20138935531888688,0.317381209560803,-0.03401952050626278,0.33307446060436113,-0.01721901074051857,0.6004848054477147,0.030148826938654696,0.846970681633268,0.30378263763019014,0.3447207457252911,0.727590445961271,0.3417265702571188,0.4098718858190945,0.475084440450051,0.10055785227034773,0.6967373022011348,0.08301899156400136,0.4866187960973808,0.3068574603114809,0.7979338094592094,0.23329458705016545,0.7400293461978436,0.1345234481351716,0.7537508383393288,0.4244106411933899,0.2952010487871511,0.08180295769125223,0.39524054740156445,0.04304453730583191,0.4335402729255812,0.3708046115934849,-0.00473090899842126,-0.02353286716554846,0.2504211664199829,0.01426989265850612,-0.07368015710796628,0.06732668195452009,-0.11625749404941287,0.0898157347525869,0.05994923732110432,-0.0789949255330222,-0.042284250259399414,-0.05425169279000589,-0.1004965528845787,-0.13098784961870738,-0.12168229131826333,0.04216463038963931,-0.007136512015547071,-0.083190321523164,-0.12366338925702232,-0.07788663357496262,-0.11984054744243622,-0.11349356147859778,-0.14038319247109549,0.09510924028498786,-0.006820438163621085,-0.0947235921131713,-0.09844210783817939,-0.10685210196035248,-0.09726856236479112,-0.1128880690251078,-0.0825864323082247,-0.06676824337669782
ERR1746544,1,-0.03386454497064863,0.30870951286384035,0.36634756518261774,0.05150310908045087,0.5622908632836437,0.02371054728116308,0.866196870803833,0.2570308398987566,1.0226281216101987,0.428729988102402,0.44550149674926487,0.8487218080886773,0.47985551612717764,0.6513348796537944,0.6715994349547795,0.16649337405604975,0.8634157947131565,0.12139734200068883,0.6385984388845307,0.3750114068388939,1.025490179657936,0.2851650246552059,0.9694978051951954,0.27450032957962583,0.8533725919468063,0.619697208915438,0.38211178819515873,0.10844941277589117,0.45848768710025717,0.03194620886019298,0.483070293707507,0.40315450222364496,0.017433249524661472,-0.03733288337077413,0.23013675289361604,-0.02412324651543583,-0.14461585879325867,0.0471903852054051,-0.10603654836969716,-0.026095807552337646,0.06951259928090232,-0.11299865493284804,-0.05914268270134926,-0.0707734724772828,-0.10670102281229836,-0.12806139992816107,-0.10609151196799108,0.04565926641225815,0.013520171067544393,-0.1260533896940095,-0.14838156529835292,-0.04409995675086975,-0.12364062028271812,-0.10468125280125865,-0.11710537065352712,0.01154135335569403,-0.03993212165577071,-0.08514908142387867,-0.10736695148183831,-0.1009244385308453,-0.07527078541793994,-0.09414598851331643,-0.06498036730252872,-0.044374652938651185
ERR1746545,1,-0.09869806415268353,-0.06774436655853476,0.017675339643444334,-0.09380910891507353,0.031194486788340976,-0.11589521382536207,-0.10491427087358066,-0.09668225848249026,0.2632166976109147,-0.15045237328324998,0.0007714014500379562,0.2840993585331099,-0.09329268762043544,0.023879215121269226,-0.11206108305071082,0.010285976209810801,0.1366490860070501,-0.1223394257083003,0.17820088325866631,0.1041893328406981,0.2244371133191245,-0.047486030629702976,0.26629959472588133,-0.08455684421850103,0.0602193647729499,0.02768849807658366,0.01602163485118321,-0.11072855229888644,0.03524779634816306,-0.08821288975221771,0.2707991174289158,0.4730057551392487,0.23756169421332224,0.21633115730115346,0.47435010969638824,0.555591515132359,0.43984805047512054,0.16663674690893718,0.18915497724499022,0.75667847267219,0.8064970629555839,0.4612710438668728,0.4050176388451031,0.054506909368293624,0.2567317028130804,0.1422338012073721,0.14531055561799025,0.2737118804029056,0.25969099146979197,0.16402781435421535,0.4629016060914312,0.34495604251112255,-0.10765229325209345,0.20928298575537546,0.06459842326252588,0.4493503267211573,0.4913170494671379,-0.07875759394041129,0.03292350364582879,0.00902528315782547,0.01624841775212969,0.1182461508682796,-0.12991095866475785,-0.055436206715447564
ERR1746546,1,-0.11435419214623314,-0.03207934594580105,0.125618150723832,-0.10098025508757148,0.2430017345717975,-0.07591597682663373,-0.008076541657958711,-0.10197739915124007,0.44131143178258625,-0.08760826928274972,0.08471609545605523,0.529910894376891,-0.020344325474330356,0.08588040939399175,0.012493216565677099,0.07228737018470253,0.2970961497298309,-0.11101068769182477,0.3148049297077315,0.172556894166129,0.33474042426262585,-0.029654742617692267,0.38894171374184744,-0.016861293464899063,0.14362116903066635,0.050345154745238166,0.059606073956404416,-0.08151567727327347,0.08373365431491818,-0.07185666475977216,0.25072965558086124,0.41332877799868584,0.1556913341794695,0.08504785490887505,0.42868123948574066,0.27795148215123583,0.31814476421901156,0.03023597225546837,0.02039670412029539,0.4848307562725885,0.4984161750014339,0.16084671978439605,0.19649359796728408,-0.07358288711735181,0.10277462431362697,0.027412067034414837,-0.020073110769901956,0.10485165087240082,0.11264416043247495,0.00044551776123366186,0.18108440163944448,0.1198220175823995,-0.12371117408786501,0.08994476324213403,-0.09195338828223092,0.29228825947003706,0.26759663969278336,-0.13118690890925272,-0.06990588057254042,-0.06035625508853367,-0.10373545384832791,0.021820337644645145,-0.11576514558068343,-0.11568133346736431
ERR1746547,1,-0.1250441489475114,0.046134314366749356,0.21520903067929403,-0.10006364647831235,0.3136217679296221,-0.08117571978696755,0.20090945969734872,-0.08802449949351805,0.6286375969648361,0.05785394672836576,0.20636482217482158,0.6233915169058102,0.2018276516880308,0.20774892132197106,0.22836799174547195,0.031907117260353904,0.49471596096243176,-0.06378131679126195,0.3496113283825772,0.25388421384351595,0.5677722777639117,0.04567720741033554,0.588947923055717,0.12166761074747358,0.4331456265811409,0.3014482281037739,0.12235575169324875,-0.05224216316959688,0.22106648782002075,-0.03632747275488717,0.35909420737464515,0.37342910644864397,0.03031515476426908,0.030244800661291395,0.29535346584660666,0.09639965742826462,0.04932489139693124,-0.0004940240510872432,-0.10818362768207278,0.2206498198211193,0.17131858372262546,-0.010189272995506014,0.0006137852157865252,-0.06702414421098572,-0.08108791283198766,-0.07706444870148386,-0.10111438349953719,0.053633266793830056,-0.005368971398898533,-0.088292813094865,-0.029423650886331285,-0.05620388580220086,-0.12957946211099625,-0.026844151318073273,-0.14294654982430594,0.11616830820483821,0.05564308166503906,-0.12095177386488233,-0.11813005013391376,-0.13111782872251102,-0.12236964649387769,-0.09311592525669507,-0.0885021375226123,-0.09118973091244698
ERR1746548,1,-0.0981053514406085,0.17210203834942409,0.2909789410020624,-0.0435851767127003,0.38478501407163485,-0.016279056136097227,0.6189461776188442,0.011916957828881485,0.8728277571499348,0.2740862827215876,0.31652464664408136,0.7594991283757346,0.3630115719778197,0.38076917614255634,0.4501053914427757,0.07312734371849469,0.6767542575086866,0.05375714812959943,0.5175107999571732,0.3131781385413238,0.7938142115516322,0.2081755974463054,0.7311189472675323,0.14274231238024576,0.70137955141919,0.4065009004303387,0.2745835491056953,0.06631099179919277,0.344142096383231,0.013461814395018987,0.41042193344661165,0.3828414050596101,0.023608424833842685,-0.03082639617579324,0.2189013117126056,-0.013867791209902083,-0.08392532502434083,0.016180323969040598,-0.12885852716863155,0.09079885163477489,0.09483401264463152,-0.06923763879707881,-0.024795640792165483,-0.0398813780796315,-0.09592462331056595,-0.12576404426779067,-0.12219881399401597,0.010244432437632765,-0.017958967813423703,-0.10999543006931033,-0.10385014276419367,-0.04583438539079258,-0.12792645767331123,-0.10713158028998546,-0.1348145790398121,0.08804274802761418,-0.02498324607898082,-0.09375991619059018,-0.10589792739067759,-0.11517928540706635,-0.10162868756534797,-0.11182622851005622,-0.08397376304492354,-0.07065567773367677
ERR1746549,1,-0.08754925443125623,0.21898067423275538,0.30708775765794727,-0.010109360762206572,0.41741588259381907,-0.013947324029036931,0.6461443815912519,0.07766771795494216,0.933135876165969,0.30425433362168924,0.33340768835374285,0.7388133161834308,0.3990882762840816,0.44951039659125464,0.4883040242961475,0.10503323156652707,0.6816224211028644,0.06117577850818634,0.5373001990041563,0.31581423963819233,0.9063783053840909,0.19024405415569032,0.8225842679717711,0.175573824771813,0.7373165573392596,0.470028000750712,0.3055832842364907,0.07812646976006883,0.36443737601595266,-0.00178402555840356,0.4715763511402266,0.3743559020970549,0.012054970221860068,-0.03544835959162031,0.24185380446059362,0.005030511745384761,-0.10524615033396653,0.047618235860552104,-0.12954231245177134,0.07347414536135537,0.12155936126198087,-0.08483422228268214,-0.023921249168259755,-0.05258803641689675,-0.11049820482730865,-0.13375053341899598,-0.11705226637423038,0.021928577550819943,-0.02840666366474969,-0.1122140469295638,-0.11245251353830099,-0.04915022903255054,-0.12845091628176825,-0.1002614704359855,-0.13167147498045648,0.054129223871443956,-0.013358309332813536,-0.09088352236098476,-0.10989367988492761,-0.11392952209072453,-0.09766769848231759,-0.11123789500977312,-0.07992674211605585,-0.06191032220210348
ERR1746550,1,-0.088664460927248,0.21436830077852523,0.34069307893514633,0.003164159134030342,0.4666597499911274,0.008239179450486387,0.6940170654228756,0.052430708410351405,0.9378472241972174,0.3157383421702044,0.3388250160164067,0.8165048371468272,0.4052191195743425,0.4214889533551676,0.5319985236440387,0.11133692200694766,0.7146641165018082,0.07639856796179499,0.5634081215996828,0.3151365928351879,0.9161114894918033,0.19703938173396246,0.8295908831059933,0.1806635826027819,0.7421864122152328,0.4481938042278801,0.29995580443314146,0.07717910342450653,0.35800930112600327,0.013531416654586792,0.44168432695525034,0.36385150466646465,0.018770680895873477,-0.03132331397916589,0.22001617082527705,-0.022075717470475605,-0.10992836652855788,0.029704716056585312,-0.12584377505949565,0.0667014792561531,0.10471839670624052,-0.10333558704171862,-0.03990839561447501,-0.06167717610618898,-0.11209128690617425,-0.13465746172836848,-0.12050737307540008,0.015466461822922741,-0.033265254859413416,-0.1250008616064276,-0.12527604587376118,-0.046420341091496606,-0.13060043698975018,-0.10023014194199018,-0.12953249365091324,0.052160472076918395,-0.029419208211558207,-0.09083771745541266,-0.11094050335564784,-0.11405162539865289,-0.09431157021650247,-0.10749611631035805,-0.07735580882789302,-0.0608404033950397
ERR1746551,1,-0.11123709114534515,0.20130826107093266,0.32504381691770895,0.003594646429909127,0.43989298762088375,-0.019796294725633094,0.5873411084924426,0.03676440007984638,0.9213793288384166,0.2583531577672277,0.31958602275699377,0.7787369659968785,0.37530830981475966,0.36529021337628365,0.4645516925624439,0.11449569463729858,0.6340725996664592,0.03925259092024395,0.4896367679217032,0.28000497658337864,0.9172613607453448,0.12000226442302976,0.8137671806450401,0.17733123898506165,0.6897445502025741,0.4382630426968847,0.28618371060916353,0.07035945395806006,0.37494855374097824,0.002174919205052512,0.4812726601958275,0.3344779293984175,0.016161208706242696,-0.04097345604428223,0.2570082311119352,0.0490202967609678,-0.10671258930649076,0.04691146527017866,-0.12389566908989634,0.11359877352203641,0.15148522066218512,-0.08958241449935096,-0.024818815823112215,-0.06894643802661449,-0.12192327529191971,-0.1359067357012204,-0.10751916681017194,0.05414926526801927,-0.05493703378098352,-0.11095789234553065,-0.11267416498490743,-0.05670947155782154,-0.13050324948770659,-0.08661308073039566,-0.13222937073026383,0.060300528071820736,0.01077919639647007,-0.08736490697732993,-0.11801360115142805,-0.11394922674766608,-0.09998814901337028,-0.11407667957246304,-0.08682878726228539,-0.06442482290523392
ERR1746552,1,-0.10494638942847294,0.23066740589482443,0.34475767772112575,0.016808514283703908,0.47218873844082865,-0.006167130810873849,0.7044549073491778,0.06270663493445941,0.9606753577079091,0.2909082578761237,0.34537976581071106,0.8270397383187499,0.40493700600096155,0.41920511211667744,0.5212176814675331,0.13162703679076262,0.6807510533503124,0.07360385996954781,0.5418889012985996,0.3092131976570402,0.946720289332526,0.1810720499072756,0.862814513833395,0.20088849695665495,0.7422994172998837,0.4699110117341791,0.30891270084040506,0.08616223133036069,0.3982947285154036,0.010288379554237639,0.4738650896719524,0.3412952084493424,0.01652642445904868,-0.04050362229879413,0.23700363721166337,0.01170291006565094,-0.12030820069568497,0.043943225273064206,-0.1275519191154412,0.08150076121091843,0.12111275004489082,-0.10197723444019045,-0.03662892118362444,-0.06459390428582472,-0.11690325396401542,-0.13293644998754775,-0.11426785308867693,0.032853942288576424,-0.0517009688275201,-0.1188681460916996,-0.13198448611157282,-0.05449985446674483,-0.12949557176658086,-0.09477394912391901,-0.12893933749624661,0.05209713775132384,-0.0060469284653663635,-0.08456041584057468,-0.11215439418862973,-0.1096361433821065,-0.0942560791570161,-0.10789299703070096,-0.08006829780892336,-0.057203719658511024
ERR1746553,1,-0.10027995239943266,0.20213646973882402,0.31707662450415747,0.01396985401931618,0.42970484787864344,-0.027542722012315477,0.6450340407235282,0.06777610603187766,0.9048677885106632,0.29611586273780893,0.3283455390483141,0.7893230031643595,0.4145116923110826,0.4018324009541954,0.4997632684452193,0.11165639811328479,0.6918119596583503,0.047248074518782754,0.5014899902577911,0.31058680000049727,0.9007935955056122,0.161189503967762,0.8154020964034966,0.18840304522642068,0.7222329676151276,0.46071046218276024,0.2757624446281365,0.053025887214711735,0.3771341743745974,0.00848581429038729,0.44586424210241865,0.34067977006946293,0.013179694967610496,-0.034767872520855496,0.24014676362276077,0.011075431747095925,-0.11816223763993808,0.047253348997661045,-0.12853130911077773,0.074571464742933,0.11999104491301946,-0.10740844798939568,-0.038424933196178505,-0.06661304525498833,-0.10880185131515775,-0.1306805940611022,-0.11584821290203504,0.0457437735583101,-0.05092974113566535,-0.1160070151090622,-0.12573358150465147,-0.055581339235816686,-0.12914884143642016,-0.10207681557429689,-0.1305825055709907,0.04214866313018969,0.0007629990577697754,-0.08604668612991061,-0.11296998097428254,-0.11195242644420692,-0.09597711830532976,-0.108925372628229,-0.08148739185915994,-0.05888493691704103
ERR1746554,1,-0.09395902963089091,0.23380771492208755,0.3189238365739584,-0.0010953216946550778,0.4232050185757024,-0.011939712933131627,0.6785826895918164,0.11982855110961411,0.8933643485818591,0.3265120227422033,0.3528893786881651,0.7585071229508945,0.3874833205980914,0.44231911642210825,0.5148845368197986,0.14177489653229713,0.7462583077805383,0.09019084594079427,0.5027592788849559,0.3047298256840025,0.8637527504137584,0.19319777297122137,0.8517734227435929,0.2068287759487118,0.7702365166374615,0.533972965819495,0.2878809951777969,0.07730241612132106,0.4088366510612624,0.02667503378220967,0.440848460154874,0.34717874761138645,0.014058053493499756,-0.033708110983882635,0.23179194331169128,0.004394652588026864,-0.11698485564972673,0.06411051643746239,-0.12311286239751748,0.035363201584134786,0.0732707998582295,-0.11330011061259679,-0.047868735023907254,-0.05892484388979418,-0.1163181375179972,-0.13240308527435576,-0.1123926652861493,0.057977737060614994,-0.008505424750702721,-0.10727193312985557,-0.14156902262142726,-0.07335318199225835,-0.12850872427225113,-0.10327862196468882,-0.13133575288312777,0.04100206407851407,-0.0031637230089732577,-0.09067069280094334,-0.11547054742862072,-0.1141582860478333,-0.091441507052098,-0.11238879657217435,-0.0815659378921347,-0.06164355442992279
ERR1746555,1,-0.08544695224346859,0.20558762976101466,0.30431292418922695,0.0006986229813524655,0.4206875512110336,-0.013177536427974701,0.6399790048599243,0.07766621187329292,0.9203957452305725,0.3151358068758522,0.3292607196739742,0.7683853656053543,0.4120281312082495,0.429267699697188,0.4920255190559796,0.097232921315091,0.6976358741521835,0.04621320537158421,0.5134620022560868,0.3133859166077205,0.9100830576249531,0.17825003394058772,0.8132287223956415,0.18480092579764978,0.7167535530669349,0.45253803208470345,0.2810494146708931,0.05806372607392924,0.35465831708695206,0.0068424854959760395,0.4380038710577147,0.34952473853315624,0.017372830637863705,-0.02579963273767914,0.2264224173767226,-0.012725950883967536,-0.11489599544022765,0.03838384470769337,-0.13240702343838556,0.06232351703303201,0.10912903291838509,-0.10254155418702535,-0.038962889495970945,-0.05752518214285374,-0.10569359468562263,-0.13515678899628775,-0.11960795069379467,0.029880101925560405,-0.03871579042502812,-0.11719021094696862,-0.11669575955186572,-0.056069658270903995,-0.1330793457371848,-0.09912205154874495,-0.13025679758616857,0.038272552857441564,-0.023255488702229092,-0.08978407909827572,-0.1146606704486268,-0.11292688974312373,-0.09735326295984643,-0.10706619226506778,-0.08056423542854775,-0.061214957918439596
ERR1746556,1,-0.11621059903076716,0.08463418829653944,0.22085181676915713,-0.09603448282411721,0.34870126178222044,-0.06296901644340583,0.3458847499319485,-0.05620223376899958,0.6716657243336418,0.15139184885525278,0.234849397691765,0.6705397915627275,0.2494460301739829,0.24545605720153876,0.30069321181092945,0.06984044654693987,0.492804405944688,-0.02602556667157582,0.40427082244838985,0.3146348547722612,0.6500681809016636,0.09185029406632696,0.5856196760599103,0.09625680425337382,0.4669372710798468,0.29472836865378277,0.1963974029224898,0.02065024950674602,0.22892806814707,-0.030225453632218496,0.338442753468241,0.38244262018374037,0.015357086168868201,-0.010711972202573503,0.26813307085207533,0.041143616129245074,0.026644772983023098,-0.015784751091684614,-0.11510457178311688,0.1785729985151972,0.15542633086442947,-0.031002861048494066,0.01098635047674179,-0.05875701164560659,-0.07357775313513619,-0.11211864570421833,-0.10308661180481847,0.02898569218814373,-0.008843922189303808,-0.1235200645668166,-0.031780678246702464,-0.0457998625934124,-0.12698144252811158,-0.039443633652159145,-0.14279378737722123,0.10470966249704361,0.07641384431294032,-0.1088236216455698,-0.11440813306087096,-0.1291639618575573,-0.1202746821301324,-0.09852302713053566,-0.09044648660346866,-0.09190947775329862
ERR1746557,1,-0.10752059199980327,0.06968934248600687,0.28911528310605455,-0.09800875053874084,0.2109859096152442,-0.034983678587845395,0.34565055769469055,-0.13270097172686032,0.6857715194512691,0.14395458608799214,0.29349436790549327,0.5945063472858497,0.20269912161997386,0.2052918438400541,0.3300141165299075,0.034818855446896384,0.5878402388521603,0.07446199895015784,0.40562975193773,0.2585495412349701,0.4459911989646831,0.19786630145141057,0.4494206415755408,-0.009871258400380611,0.5728375911712646,0.19785105623304844,0.1681025347539357,0.02982390798362238,0.28919760031359537,0.044449347470487864,0.2383991288287299,0.44682768412998747,0.04746431591255324,0.009695730837328094,0.28679451554281904,0.011114372206585748,0.0655208293880735,0.004931615931647164,-0.09443616813846997,0.1692544985562563,0.055511594883033206,-0.014707793082509722,0.004187991044351033,-0.01749225253505366,-0.0013724597437041147,-0.06459430285862514,-0.1165154366088765,0.05083191767334938,0.04956228818212237,-0.06575899624398776,-0.03707742637821606,-0.021731782172407423,-0.10475902525441987,-0.09607001886303936,-0.1419203622000558,0.22050622970397984,-0.007185744387762887,-0.08446017413267068,-0.0808207036129066,-0.10135108658245631,-0.09741639984505517,-0.10445976084364313,-0.08701535863136607,-0.10219277973685946
ERR1746558,1,-0.12133412169558662,0.01437918416091374,0.16655930610639708,-0.1249503099492618,0.09710326790809631,-0.0885739613856588,0.17323299989636456,-0.1504988819360733,0.5296065703566585,0.03367656682218824,0.16658166955624307,0.45783679080860956,0.09313521427767617,0.10027688635247094,0.143377813909735,-0.0025285258889198303,0.43640914133616854,-0.029892779886722565,0.21084181751523698,0.15846573880740575,0.3551299136930278,0.11527228887592043,0.3783215582370758,-0.047216225415468216,0.4354234960462366,0.12706293265468308,0.1141167442713465,-0.007082138609673295,0.2336800125028406,0.009334293859345573,0.25441296824387144,0.4477725513279438,0.08291070090074625,0.034819344856909344,0.2743138883795057,0.15728578716516495,0.167340770895992,0.005168826984507697,-0.061962708830833435,0.3183574535484825,0.13435662497899362,0.14990107342600822,0.06015749581690345,0.037612121286136765,0.06307382455893926,-0.03921289050153324,-0.06906538882425853,0.07161674222775868,0.0639145201338189,0.0020224076828786303,0.08612642011472157,0.035645091507051675,-0.11900084199649948,-0.054553699014442306,-0.12176834046840668,0.2787257193454674,0.06949484028986522,-0.07925675223980631,-0.0782803198588746,-0.08122228431914534,-0.0881826893559524,-0.07733720594218799,-0.09844819456338882,-0.13246551102825574
ERR1746559,1,-0.12672437334965383,0.0782825302864824,0.2578151614538261,-0.10964792062129293,0.22399997817618506,-0.058150503784418106,0.374908236520631,-0.12323027689542089,0.6725565407957349,0.12620394823274442,0.246063125452825,0.6069757885166577,0.18956768326461315,0.20187655836343765,0.3155414174710001,0.053613969523991854,0.5298608126384872,-0.0018730770264353072,0.3380423012588705,0.226993554936988,0.5443050113639661,0.16973857847707613,0.5141908324190548,0.028432226606777737,0.5457851013966969,0.23824408224650792,0.22767886173512256,0.029344023471432074,0.28970872344715254,0.004206154495477676,0.3198198402034385,0.38712174871138166,0.03561240221772875,-0.010181576545749391,0.25572238037628786,0.0629193556628057,0.0273196429147252,0.0144264032798154,-0.09690600633621216,0.2506501866238458,0.0960720633821828,0.029205085443598882,0.020608384694371904,-0.023110636909093176,-0.0368062960250037,-0.10045630923871483,-0.10798911337873765,0.02230078407696315,0.012073724397591181,-0.06123446886028562,-0.028330926384244646,-0.03067946434020996,-0.11924253031611443,-0.08875671002481665,-0.14540989164795196,0.19316855445504189,0.0065372298870767865,-0.09534600856048721,-0.09199599003685373,-0.10650797334632703,-0.11078694968351296,-0.10831782115357262,-0.0932461643325431,-0.10629605874419212
ERR1746560,1,-0.11653161554464272,0.041927757007735114,0.19888750995908464,-0.11767324033592429,0.11557146906852722,-0.08483149177793946,0.19725355026977404,-0.13591959327459335,0.6037357971072197,0.09922897662701351,0.1691108505640711,0.4806006965892656,0.15213589050940104,0.1465814443571227,0.1959440495286669,0.010078878008893557,0.47897250418152126,-0.03759668341704777,0.22574956848153047,0.18999396583863667,0.4669513830116817,0.09650053296770368,0.4350873849221638,0.0035532319119998385,0.4858218670955726,0.1961035007344825,0.15549712485101605,-0.01411371332194124,0.2544648253491947,-0.004716423473187855,0.31018712371587753,0.40537665358611513,0.04519046789833477,0.023269761885915483,0.2831395997532776,0.15644173922815494,0.0810486865895135,0.04024956641452653,-0.08185448603970664,0.302386114107711,0.12133205599716998,0.10150427078562123,0.04599130339920521,-0.014895076996513776,0.0028022612844194683,-0.062154805553810935,-0.0887250964130674,0.07748794928193092,0.039245392861110825,-0.009415996393987111,0.011791601910122804,-0.000333511403628758,-0.1190645657479763,-0.0713524382029261,-0.1388837918639183,0.24691421778074332,0.031309565263135095,-0.0913264634353774,-0.09105892549268901,-0.09449636769880142,-0.10729289374181203,-0.11489298128123794,-0.09712247816579682,-0.11775466640080724
ERR1746561,1,0.036935766892773766,0.4983694715691464,0.4514304463352476,0.19447566768420593,0.7692572357399123,0.10072521838758673,1.0259635959352766,0.472279350248365,1.2857349727834975,0.565835557079741,0.5376349495989936,0.9814167874200004,0.5914995255214828,0.7936034133391721,0.7625943411673818,0.3212950511702469,0.918099794536829,0.18518614236797606,0.6595778348190444,0.4246322177350521,1.2652099430561066,0.3159860649279186,1.2967618150370461,0.4228084662130901,0.8990507902843612,0.8180355536086219,0.47734989851181,0.14426679430263384,0.5802903076899903,0.04755256404834134,0.6567454604165894,0.42625998705625534,0.05137866351287812,-0.02859558324728693,0.21711715536990336,-0.01231789797644264,-0.16041508955614908,0.08722264745405742,-0.1202657584633146,-0.06674084493092128,0.11427332095003553,-0.13177916407585144,-0.06794493871607951,-0.08364211155899934,-0.1041978970170021,-0.12609633590493882,-0.115242391359061,0.03147543753896441,-0.05398137654576983,-0.12576043446149146,-0.14799361995288304,-0.03322503183569227,-0.14423456894499914,-0.07686483377723821,-0.10384546060647283,-0.03798380149860999,0.006634443998336792,-0.06224981376102993,-0.12076999443317098,-0.10393624220575605,-0.07582963918269213,-0.08850131290299552,-0.06615508664565693,-0.04009946009942463
ERR1746562,1,0.0457080432346889,0.49185057769396473,0.4729451196534293,0.19866750801780395,0.7695190672363553,0.09626518875094396,1.0570770076342992,0.46663782792165875,1.3050667952213968,0.5490014205819794,0.5462779956204551,1.0219611270087106,0.6103738482509341,0.796508247831038,0.7514389316950526,0.33591056508677347,0.9160223730972835,0.18775913757937296,0.6476990516696658,0.4366040692797729,1.268188672406333,0.3306488330875124,1.3094239554234914,0.4322809321539743,0.8940258813755853,0.8059390293700355,0.47880767924445017,0.14732289846454347,0.5887776754264321,0.046356912702322006,0.6555703442011561,0.43026870489120483,0.05543808392914278,-0.030472640480313982,0.21589144771652563,-0.007639968568193061,-0.16120673290320806,0.07988511398434639,-0.12227088000093188,-0.055701516036476405,0.11785486293956637,-0.13041552581957408,-0.06830686078007732,-0.08265263786805528,-0.10281638082649026,-0.12599446411643708,-0.1135218698265297,0.029581928359610692,-0.061977030975478034,-0.12340851979596275,-0.14677604394299643,-0.029537642108542577,-0.14469611112560546,-0.0763756609189191,-0.10058406580771719,-0.03503043996170163,0.0077439067619187495,-0.05775755783542991,-0.12029167418534469,-0.1044175689374762,-0.0762136059014925,-0.08812707130398069,-0.06722237864076826,-0.038275764523340125
ERR1746563,1,0.02996977312224252,0.4745534575943436,0.4668061690671103,0.19930622141276086,0.7669918632933072,0.08224401037607874,0.9914799332618713,0.4838397779635021,1.2714536637067795,0.5526821554438877,0.5293973221310547,0.9668071951184954,0.6061330352510724,0.7834504906620298,0.7699088720338685,0.3120062274060079,0.907054782978126,0.17785306594201497,0.6250714861920902,0.40219008417001795,1.2681474770818437,0.29969118375863346,1.3003083020448685,0.40657674627644674,0.8737245457512992,0.7686474408422198,0.48446713600839886,0.14401463153106825,0.5772691975746836,0.02941965471420969,0.6725513402904783,0.4154600628784725,0.04726977287126439,-0.03794067565883909,0.2274502462574414,0.0063689300524336955,-0.15565883474690573,0.09136233585221427,-0.12035199041877474,-0.06142396054097584,0.144453514367342,-0.1329759018761771,-0.05299765084471021,-0.08886804827488959,-0.10625540611467191,-0.1250746250152588,-0.1136413605085441,0.03839657083153725,-0.07105218166751522,-0.12588597621236527,-0.14914747327566147,-0.031662258718694956,-0.14030913369996206,-0.06169580442032644,-0.10557935919080462,-0.0335176528231906,0.015040067157575063,-0.0582850349268743,-0.12396828743762203,-0.10537908166380865,-0.07719424854232264,-0.08694140174027,-0.0665900812683893,-0.03984502054351781
ERR1746564,1,0.0019652449658938815,0.3629537671804428,0.34892245648162706,0.08584319001861981,0.5626559821622712,0.02043122106364795,0.8596135803631374,0.3784981667995453,1.083169807280813,0.4752872533031872,0.46423352509737015,0.8377420774527958,0.4964442955596106,0.6873125987393516,0.6126967572740146,0.27028395102492403,0.8644728383847645,0.13138106598385743,0.5590313619800976,0.3944652335984366,1.0685759729572706,0.30462747705834253,1.1054827315466744,0.3355792611837387,0.8462859253798213,0.7322432100772858,0.4015769527426788,0.10896726218717438,0.5468155113714082,0.04120230408651488,0.5642552482230323,0.39296520182064604,0.027850043028593063,-0.022725600749254227,0.2215338592151446,0.00671133106308324,-0.14930377261979239,0.07784466611753617,-0.12432791718414851,-0.04215868775333677,0.08834434859454632,-0.12479646078177861,-0.07279369567653962,-0.06865766228708838,-0.10124732553958893,-0.12724828932966506,-0.11502900865993329,0.046917048415967395,-0.0010185396032673971,-0.12136802396603993,-0.1512797623872757,-0.05931760956134115,-0.1346745224935668,-0.08815384762627738,-0.1152550248163087,-0.01827085786499083,-0.0018086156674793788,-0.08588779451591629,-0.12042235280387104,-0.1073514868372253,-0.08286300361422556,-0.09053923535559859,-0.07160869394595336,-0.04311424946146352
ERR1746565,1,-0.0010187508804457529,0.44326414593628477,0.4308893765722002,0.1638939008116722,0.7192911843636206,0.08325756447655815,0.9534092630658831,0.4058516813508634,1.240360571869782,0.4928297647940261,0.48756773131234304,0.9378422329734478,0.548924232167857,0.7265259591596467,0.7103950615440097,0.2752067297697067,0.8624902101499694,0.17323243405137742,0.6331437826156616,0.3850176563220365,1.1991063569273268,0.27534458466938566,1.2563136560576302,0.3880640066095761,0.8749016693660191,0.748751876609666,0.4602271669677326,0.14786624695573533,0.5510709849685165,0.031107987144163678,0.6389333669628415,0.3936501741409302,0.029024430151496614,-0.03779335107122149,0.21531360197280133,0.004487125469105584,-0.1539291249854224,0.07748512604406901,-0.12033260932990483,-0.03193785888808114,0.1238866283425263,-0.1344265001160758,-0.050664237035172324,-0.08258964061470968,-0.11457092075475625,-0.1337265478713172,-0.1132042218398835,0.03913772478699684,-0.06175223046115467,-0.12617510397519385,-0.15107597517115728,-0.04363038071564266,-0.14154115532125747,-0.06955043499224953,-0.10952334318842206,-0.017228473476799473,0.014695689082145691,-0.07160368854446071,-0.12120484391094319,-0.10481865617579647,-0.08113803401855486,-0.09410594456962176,-0.07117477692164746,-0.047270350623875856
ERR1746566,1,0.008445281003202711,0.4181174763611385,0.37902861141732763,0.11671481654047966,0.6644332286502633,0.08524151997906822,0.9261828107493264,0.371224561174001,1.1425012318151337,0.5054053190563407,0.45565965133053915,0.8950890781623977,0.495106109551021,0.7566756222929273,0.6808141938277653,0.23858218573565995,0.8645835423043796,0.15676942926698498,0.6625958814152649,0.4033861892031772,1.137333699635097,0.31660135303224834,1.169372710798468,0.360138227897031,0.8932005943996566,0.7443571793181556,0.44423690331833704,0.14999613059418543,0.517346762652908,0.046176952975136895,0.5969049142939704,0.4185718351176807,0.012398449970143182,-0.021173899195023944,0.19648060335644654,-0.031699559717838256,-0.14718343636819295,0.06227812011327062,-0.1175514640552657,-0.03958224718059812,0.0875803240175758,-0.12768874264189176,-0.070279257904206,-0.06553024259795036,-0.1079002075961658,-0.13770522709403718,-0.1155545162037015,0.036743487630571635,-0.007299182404364858,-0.12817606862102235,-0.14393725778375352,-0.05019460379012993,-0.14138446748256683,-0.09110804979822465,-0.11499582976102829,-0.014161496157092708,-0.012383776583841868,-0.0919996346347034,-0.1161211608809286,-0.10484117987964835,-0.08167218696326017,-0.09396758090172495,-0.06746623843875048,-0.04964878050876515
ERR1746567,1,-0.07070371721472059,0.2999705799988338,0.37886532821825575,0.05494034254141817,0.5267928697701011,0.012924330175987311,0.7834706051009042,0.1788237424833434,1.015400370316846,0.3770490608045033,0.40462278574705124,0.8739653410656112,0.45319407912237303,0.5459598731249571,0.6051220723560878,0.1599250180380685,0.7657324480158942,0.10052682193262237,0.5991274469665119,0.37453534666981014,0.9875925587756293,0.24295690123523986,0.9451694105352674,0.2719488037484033,0.8059080690145493,0.5466139247374875,0.37447101466490756,0.08740180903779608,0.4611896931060723,0.014639050832816533,0.4996577022331102,0.36968495989484446,-0.0027178142751966205,-0.03576971776783466,0.23120266465204103,-0.007211688905954361,-0.1289941200188228,0.06388738112790245,-0.12251100635954312,0.030158679400171553,0.0838519451873643,-0.12058320508471557,-0.045329351776412556,-0.06949959665403835,-0.11634081921407155,-0.13652583743844712,-0.11478797160089016,0.06996100662010056,-0.0422004514506885,-0.11679329111107759,-0.14813348650932312,-0.04997379598873002,-0.12563198059797287,-0.1008336935857577,-0.12459111373339381,0.024218272783660462,0.022196823997156962,-0.0751762121383633,-0.10520439738008593,-0.10621879169983524,-0.0906574631642018,-0.10654024207698447,-0.0758777366427239,-0.04396659654698202
ERR1746568,1,-0.08171252879713263,0.3606778659990856,0.3691467711968081,0.08144839886309845,0.5825597245379218,0.008791814425161906,0.8070693463087082,0.2199362689363105,1.0428587746407305,0.3734273168125323,0.4083801710179874,0.8542861436892834,0.4707818403840065,0.6022222020796367,0.6545292703168732,0.16988277195819787,0.7504560457808631,0.1090387228344168,0.6157555761081832,0.3476160205900669,1.1041304203016418,0.23465952277183533,1.012730394090925,0.27916087902018,0.8298586085438728,0.5807039099080222,0.40075456883226124,0.11430160914148603,0.45790102442593444,0.00041722186974116733,0.5316170815910611,0.3524380781288658,-0.011620572635105677,-0.053153137011187415,0.22241901925631932,0.013685108827693122,-0.13359369337558746,0.06543421074249116,-0.11349120257156235,0.030257069638797214,0.11737627748932157,-0.11399019276723266,-0.03565488596047674,-0.07878532975779048,-0.12172927600996834,-0.136447440300669,-0.09997738445443767,0.03704064525663853,-0.040195733308792114,-0.11747670013989721,-0.14903390088251658,-0.050664192863873074,-0.12100506573915482,-0.09727958606423012,-0.12222636224968093,0.005634695540980569,0.0017983987927436829,-0.08117359743586608,-0.11246115441567131,-0.09971798663692814,-0.08364672553060311,-0.10140585087771926,-0.06804967533597457,-0.04561961322490658
ERR1746569,1,-0.04196310469082424,0.3764842471906117,0.44801330140658785,0.11114479807604637,0.6575671870793615,0.05711784014212234,0.9585809069020408,0.25417790402259144,1.133534988122327,0.44077828087444815,0.4767237518514906,0.9980262049606868,0.5153969781739371,0.6583215839096478,0.7168339820844787,0.21466234007052012,0.8321390918322972,0.14810097643307277,0.6824752188154629,0.40144965797662735,1.1359360388347082,0.2988131025007793,1.0758934787341528,0.32432786162410465,0.8732915510024343,0.6219087945563453,0.426146681287459,0.12404474775706019,0.5038016063294241,0.02349784012351717,0.5306374217782702,0.3965267962110894,0.009377544479710715,-0.03812732920050621,0.22435209647353208,-0.016252034210733006,-0.15189047370638167,0.057280510331371,-0.11357349689517703,-0.002937750092574528,0.08690628888351577,-0.12195919347660882,-0.06470358744263649,-0.07277235428669623,-0.11456688759582383,-0.1320135337965829,-0.10992441160072174,0.04811266703265054,-0.03484386897512844,-0.12329868227243423,-0.15397595507758005,-0.03436413673417909,-0.12484669791800636,-0.10439435568904239,-0.11199301215154785,-0.0072440828662365675,-0.005186527435268674,-0.06586014572530985,-0.10238045307674579,-0.09433426707983017,-0.07901285349258355,-0.0962464442210538,-0.06606836123267255,-0.03615839273801872
ERR1746570,1,-0.07529719759310995,0.3798225394317082,0.41349211015871595,0.09009884743552123,0.6272604384991739,0.0378769976752145,0.8866173795291356,0.21521065650241716,1.1027072157178606,0.3923311154025474,0.43296893898929867,0.9361589338098254,0.4858558624982834,0.6089723812682288,0.68661360761949,0.18672598073525087,0.7747042306831905,0.12769687761153495,0.6616894017372813,0.3579662064356463,1.1223749816417694,0.25393182252134594,1.0422362035938673,0.29833988073681084,0.8525346842195306,0.603437432221004,0.42424152525407927,0.13038768033896173,0.46993932048124926,0.017439200409821103,0.539684363773891,0.36112320902092115,-0.010389249239649092,-0.046990007162094116,0.21240268727498396,-0.0065512653174144885,-0.14380574758563722,0.06043657899967262,-0.11073014512658119,0.02281287525381361,0.09821082864488874,-0.1179885348039014,-0.04469604364463261,-0.0782188046390989,-0.12417126872709819,-0.1357734352350235,-0.1056769262733204,0.038857604776109965,-0.04211699856179101,-0.12056457251310349,-0.15365916064807347,-0.04669983871281147,-0.1227693994130407,-0.10388054708684129,-0.11802281119993754,0.006223287799262575,-0.0070339467908654895,-0.07707635439666254,-0.10764953617139586,-0.09753852523863316,-0.08222699025645852,-0.10111674985715322,-0.06846490874886513,-0.043015825296086926
ERR1746571,1,-0.10846063414854663,-0.06942346332860845,-0.008793415235621589,-0.08625083563051053,-0.11040112322994641,-0.11869654591594424,-0.05276862319026675,-0.09800827237112182,0.13728523866406508,-0.12210146763495036,-0.038740839809179306,0.12076457164117269,-0.12459471831763429,0.06730141437479428,-0.11793861857482366,-0.024079762399196625,0.16444751593683446,-0.12101047592503685,0.054740567824670246,0.12708400934934616,0.15645061592970574,0.003920965961047581,0.16238613552039688,-0.11464231780597142,-0.0019793675414153506,0.024463455325790813,0.004827506840229034,-0.1260111667215824,0.01866763989840235,-0.10959514416754246,0.25361355104749755,0.4078353602173073,0.40695158019661903,0.4172513708472252,0.49809606799057554,0.887945328439985,0.5204469761145967,0.25833951575415476,0.5075858937842506,0.9088231389011655,0.9778202154806682,0.7093156573495695,0.626061267485576,0.17612311377057008,0.5433031740997519,0.37002765600170406,0.3183280921408108,0.5575374620301383,0.4318425716566188,0.21183594901646888,0.5348366051912308,0.5436582815434251,-0.05178492675934519,0.3625596647616476,0.1898183777396168,0.7811081877776554,0.6058290057948658,0.09718138724565506,0.11667294401143279,0.1228755462382521,0.12129636122179883,0.21036977959530695,-0.10682307183742523,0.14252926356026105
ERR1746572,1,-0.10419229524476188,0.17665105100188935,0.41644289610641344,0.056377305915313106,0.49160090780683924,0.025214889219829013,0.719602746622903,-0.06429278917078461,0.8577825661216464,0.2285458142203944,0.38848029422972885,0.9001803110752787,0.3691118721451078,0.33575136214494705,0.5818116973553386,0.11257813791079181,0.6337831318378448,0.08113972789474896,0.6689594515732357,0.3224787898361683,0.861603997115578,0.19725326794598783,0.7010429387113878,0.1447998114994594,0.6661614903381893,0.31816017414842335,0.2875821255147457,0.08807646669447422,0.31650629613016334,-0.025703149182455882,0.2978270117725645,0.3474117304597582,0.009670474699565343,-0.045938272561345785,0.2558344186150602,-0.038500651717185974,-0.07318669078605515,-0.0025617947269763264,-0.11550729721784592,0.10377777687140874,0.08014234687600817,-0.1086624264717102,-0.026118900094713484,-0.0730135098897985,-0.12398457207850047,-0.12400278715150696,-0.10574496191527162,-0.004705072181033236,-0.028280062867062434,-0.14028072303959302,-0.1109541928329106,-0.018740343196051463,-0.12114741972514562,-0.08052518857376915,-0.13038897407906397,0.039440885884687304,-0.04832090490630695,-0.08443866191165787,-0.08877597842365503,-0.1162744981369802,-0.09300545815910612,-0.11282733135989734,-0.06898418952810711,-0.05849510723991053
ERR1746573,1,-0.033168243510382514,0.3627235208238874,0.40482010905231747,0.10046401433646679,0.6126189553844077,0.054561831057071686,0.9180006597723279,0.27696013477231773,1.1186448229210717,0.42749722035867826,0.42786591393607004,0.939119496515819,0.5166188127228192,0.6369351467915944,0.646232008934021,0.21646858964647567,0.8194347449711391,0.13929235276633076,0.657352655593838,0.3950075012232576,1.083041759473937,0.2958911955356598,1.0672944922532355,0.31357533591134207,0.8494735370789256,0.6435977752719607,0.41255965935332434,0.12125788562531982,0.4824788382809077,0.026705270367009298,0.5512836926749775,0.40255511339221683,0.020047194191387722,-0.03652644902467728,0.2246856958206211,-0.019758150513683046,-0.15128405605043685,0.06539971594299589,-0.11952332726546697,-0.0051623306104115075,0.09035821259021759,-0.126347510942391,-0.054005413715328486,-0.06827710966380048,-0.11185722585235323,-0.1338235161134175,-0.11422564601525664,0.04280161006110055,-0.03452921179788453,-0.11953593045473099,-0.14487751679761068,-0.04181276847209249,-0.13580928210701262,-0.09381217745664928,-0.11174311595303672,0.0010140727806304181,-0.006150534642594201,-0.0792906569050891,-0.10825625110218036,-0.10479134946529355,-0.08443557184987835,-0.10042147098907403,-0.07192063398958583,-0.04359040615547981
ERR1746574,1,-0.07664173894694873,0.23548036813735962,0.2535793406090566,-0.03085889747100217,0.40426899971706526,-0.02598885872534343,0.594231298991612,0.1299715605730723,0.8961271542523589,0.3074464368234788,0.3121811074337789,0.6854921760303634,0.35847871218408855,0.4605678349201168,0.48207227353538784,0.10290916769632272,0.6987378586615834,0.04366133149181094,0.45673330168106724,0.29523679135101183,0.8664737732095611,0.15308292795504844,0.8337850629218987,0.20677464136055537,0.7223293025578771,0.5349504074880055,0.3153419521238123,0.07101132587662765,0.3590781305517469,0.0071103328040667945,0.46946112172944204,0.33791841313775095,-0.004866867193153926,-0.04306229802646807,0.23902270463960512,0.05292032499398504,-0.10526289152247566,0.06892273042883192,-0.11584780471665519,0.1037360280752182,0.11774674909455436,-0.0665624248129981,-0.004222090755190168,-0.06435733820710864,-0.11004634414400373,-0.13997738382646016,-0.10933081433176994,0.0535613340990884,-0.027948235826832906,-0.09308081812092237,-0.11096844263374805,-0.06728302580969674,-0.13216315529176167,-0.08912318771971124,-0.13353235540645464,0.07126163924112916,-0.010788859001227788,-0.0953332212687071,-0.12241725131337132,-0.12043409901005882,-0.10042773885652423,-0.1102552158491952,-0.08585922732683164,-0.0724015450105071
ERR1746575,1,-0.040512915035443645,0.3910704723426274,0.3722185480541417,0.12933948316744395,0.6572647789227111,0.03207587557179587,0.8261472199644361,0.33694373739750255,1.1268704203622681,0.44423132110387087,0.38599814900330137,0.8622541390692017,0.5142398899687188,0.6371043973735401,0.6561181119510106,0.2020735022212778,0.7660100215247699,0.12340584397315979,0.6117686443030834,0.35786450867141995,1.160788618028164,0.199342385998794,1.109626435807773,0.33677771793944494,0.7971169129014015,0.6374254056385585,0.416725219892604,0.11280641491924014,0.4612249335540192,0.01144814012306077,0.6000863537192345,0.3507572625364576,0.012716659477778844,-0.04784660999264036,0.2197603221450533,0.02121661603450775,-0.13661450466939382,0.06462211747254644,-0.12241101052079882,0.011083163321018219,0.13645155727863312,-0.13682804788861955,-0.03196978569030762,-0.08719860576093197,-0.11661556948508535,-0.14262158849409648,-0.10737315139600209,0.05040424816044314,-0.06816659867763519,-0.11667476674275738,-0.14390980026551656,-0.05459573971373694,-0.13992272530283248,-0.06253927393949457,-0.116947738719838,-0.012844935591731752,0.022028586428080286,-0.08171485444264752,-0.12107395527086087,-0.10489854482667786,-0.08947639173961111,-0.09898014087229967,-0.07844763490304883,-0.05391038515205894
ERR1746576,1,-0.014196537435054779,0.38281167830739704,0.3791454461004053,0.11931145191192627,0.6423942573102457,0.03631658745663507,0.8711849578789302,0.3456409538297781,1.1352360440152032,0.45904432077492985,0.41190019782100407,0.8838654208396163,0.5293401618088994,0.6584950195891517,0.6541619939463479,0.21031980562422956,0.8171776831150055,0.1292730901124222,0.6138587008629527,0.38180228056652205,1.1348252530608858,0.2445963876588004,1.1185646344508444,0.3364563414028713,0.8170620277523994,0.6476243223462786,0.4191496819257736,0.10974006434636456,0.48131106421351433,0.015616903347628457,0.5851060013685908,0.3844563045672008,0.02141706645488739,-0.03808170982769558,0.21785477655274527,0.0007040790681328092,-0.1480222259249006,0.07047541971717562,-0.12158767027514321,-0.009875684976577759,0.11820603907108307,-0.13458589145115443,-0.04285387162651334,-0.07854768168181181,-0.11184256843158177,-0.13906346687248775,-0.11094888632318803,0.045210392347403934,-0.05249381437897682,-0.11886971763202123,-0.145757257938385,-0.04836375692061016,-0.1407700510961669,-0.07368895158703838,-0.1144615810896669,-0.015597590145521931,0.012989983494792665,-0.07948880030640534,-0.11756532729071166,-0.10630407237580844,-0.08698095288127661,-0.098852808454207,-0.07424792831963194,-0.04810593530003514
ERR1746577,1,-0.023763694933482578,0.37239570915699005,0.39487880574805395,0.12286419341606754,0.6296811061246055,0.03923018915312631,0.9022363679749625,0.31465069044913563,1.1274913549423218,0.4526806005409786,0.42782582342624664,0.9196587109139988,0.527776552098138,0.6460355967283249,0.6564994954637119,0.21684425457247666,0.8253298039947238,0.12823442595877818,0.6276557272566217,0.3936215399631432,1.1065330505371094,0.2635004052094051,1.0918601815189635,0.33991996358547893,0.8293818778225354,0.6599445704902921,0.4129022849457605,0.10621850485248226,0.4822320126529251,0.017827638557979038,0.5511168890765735,0.3909700395805495,0.021224787192685262,-0.04194084448473794,0.2174239116055625,-0.006281186693481037,-0.15261412731238774,0.06599653578762497,-0.12090404544557844,-0.004222841135093144,0.10535247890012604,-0.13286045300109045,-0.05230981430837086,-0.07409847817117614,-0.10881507290261132,-0.13726759169782912,-0.11146435939839908,0.046792273808802874,-0.048365307705742974,-0.12014395796826907,-0.14699936232396535,-0.04279848401035581,-0.13904379840408052,-0.08826520360474076,-0.11233080497809819,-0.020809490932151675,0.004710121878555843,-0.0756529379369957,-0.11418395713969533,-0.10630950571170875,-0.0842403502070478,-0.09998645287539278,-0.07256372655891548,-0.0445935261834945
ERR1746578,1,-0.007522062531539372,0.4046237362282617,0.447853222489357,0.1439731042566044,0.7016590892204216,0.07442011258431844,0.981138812644141,0.32851916764463696,1.1869811458247048,0.4794565849006176,0.4706668385437557,0.99864508371268,0.5527331062725612,0.6860597979809556,0.7087724113038608,0.23284029268792697,0.870546647480556,0.15001886125121797,0.6672114320099354,0.41421242537243025,1.1703616082668304,0.2752305971724646,1.1537484718220574,0.3600884803703853,0.864171893468925,0.6884340069123677,0.4331270871417863,0.12365303853792804,0.4920656300548996,0.0250544473528862,0.5796776158469064,0.41947479439633234,0.029310188123158047,-0.04141991479056222,0.22393045893737248,-0.021340298699215055,-0.15779164646353042,0.07034503774983543,-0.11540789263589042,-0.021007066326481954,0.10170685074159078,-0.1308962223785264,-0.05306800774165562,-0.08128087827935815,-0.11206338661057609,-0.1348619982600212,-0.11143833185945239,0.04089799363698278,-0.05502822409783091,-0.12301493702190262,-0.15017496262277877,-0.027892593294382095,-0.13758747279644012,-0.08902471319639257,-0.10719814896583557,-0.014232345673787807,0.0036380397421973093,-0.06133445764758757,-0.11192587684906487,-0.10384821692215544,-0.08175496138366205,-0.09635748168719667,-0.06940109409957326,-0.04073501577866929
ERR1746579,1,-0.03195683445249285,0.3906788485390799,0.4112745225429535,0.09840348176658154,0.6476011888257095,0.045683388731309345,0.9570687072617667,0.2981070852173226,1.1375420434134347,0.4496980711285557,0.44531272777489256,0.9446869167898383,0.5353874510952404,0.6631855432476316,0.6972034286175456,0.21372016101876007,0.8403399437665939,0.14380642345973424,0.6480045605983052,0.39965948675359997,1.1199163219758443,0.2838238679936954,1.1042209193110466,0.33106433653405737,0.8659495445234435,0.6829859231199537,0.4215057034577642,0.11455046332308225,0.4634735142546041,0.015071604933057512,0.5394379975540298,0.40521063655614853,0.019407363874571665,-0.04308844357728958,0.219940292515925,-0.02897232345172337,-0.15395045706204005,0.07002441851156098,-0.11411856380956513,-0.006644322403839656,0.10054894536733627,-0.12334151033844266,-0.043535935027258735,-0.07372887785147343,-0.10851375865084785,-0.13370740413665771,-0.1099953211045691,0.02476175289068903,-0.04606176380600248,-0.1236557380429336,-0.14688908840928758,-0.029323793947696686,-0.13533087819814682,-0.09981381926419479,-0.11050460434385709,-0.004218954177174185,-0.01099586273942675,-0.07303691249606865,-0.1094081765207063,-0.1047344068730516,-0.07850805919484369,-0.09583704732358456,-0.06519002606676493,-0.04299316881224513
ERR1746580,1,-0.12955146921532495,-0.01084477614079203,0.18376851028629712,-0.06590428815356322,0.27487674355506897,-0.05194440297782421,0.14376348469938552,-0.08857229884181704,0.46102073499267654,-0.051557005516120365,0.17775332076208933,0.568890542058008,0.0504943457032953,0.12032646778970957,0.15072563397032873,0.06318964755960874,0.45153850104127613,-0.06122253515890667,0.3941720021622522,0.14218476401375874,0.4262595150087561,0.058024010487965176,0.4725921026297978,-0.04180025628634861,0.31678786873817444,0.07664090488106012,0.09416978819561857,0.04430702328681946,0.17558954496468818,-0.046301390177437236,0.1806353900049414,0.3854928585434599,0.15611859424305813,-0.0005719476113361972,0.41345444108758655,0.04295835218259266,0.22714342176914215,0.02150706946849823,-0.021158839609207853,0.27392712235450745,0.2539449993387929,0.08609936492783683,0.1323873536395175,0.0021257400512695312,-0.03165007276194436,-0.1040993258357048,0.05894195181982858,0.09157022727387291,0.09629848705870765,-0.08790794759988785,0.10991745788071837,0.03094452725989478,-0.12094763453517642,0.05825519561767578,-0.13296348122613771,0.1904900074005127,0.09201370765055929,-0.10364519538623947,-0.08481064332383019,-0.11849888108138527,-0.1195501099739756,0.035288349858352115,-0.10057019894676548,-0.10180420308773007
ERR1746581,1,-0.1298069524179612,0.020432242325374057,0.2134373677628381,-0.07149768913430828,0.24079901578703097,-0.08079512976109982,0.17498014933828795,-0.10226702051503318,0.5663103051483631,-0.061098010944468636,0.1736777765410287,0.6377498044499329,0.13933694708560193,0.13508415767656906,0.19826187193393707,0.08355859720281192,0.4315266077007566,-0.055029287934303284,0.3686077009354319,0.2041058134553688,0.5174766056505697,0.04399104496198041,0.4866755189640181,0.026671881654432843,0.3313028280224119,0.12600118853151798,0.09053054132631846,0.027419632566826686,0.2179685149874006,-0.05266443107809339,0.26365227145808084,0.3990320134907961,0.11847791880635279,0.0019312208252293722,0.3762853134955679,0.08703325475965228,0.10175431839057378,0.006697009716715131,-0.054715104667203765,0.27939814648457933,0.24004261009395123,0.05213038729769843,0.08037464586751801,-0.02243735987160887,-0.05280634867293494,-0.11697394134742874,0.011186611639069659,0.12088586001690212,0.04600045043376407,-0.10725958113159452,0.05367550014385155,0.03863011087690081,-0.12032025839601244,0.0031071543593757917,-0.14479698134320124,0.19671956316701003,0.08057213654475552,-0.10946937969752721,-0.10790828508990151,-0.12261048597948891,-0.10719391836651734,-0.07332780904003552,-0.09514598069446427,-0.10614274495414325
ERR1746582,1,-0.1256333884916135,0.00034143722483089993,0.18569039180874825,-0.09290285631349045,0.22420479510245578,-0.053520796687475274,0.14296020307977284,-0.10297612526587077,0.45129984776888576,-0.07192495920961457,0.16734648921660014,0.5471590017633778,0.011198883610112327,0.12136717646249703,0.1462818565113204,0.07301625103822776,0.4334330888731139,-0.06030249489205224,0.3919917813369206,0.17688837381345884,0.35682389146781396,0.0661786784018789,0.44491900437112364,-0.03799996844359806,0.2853292248078755,0.09186147579124995,0.11882540264299937,0.028736346268228123,0.16253580898046494,-0.05241578444838524,0.1654538842184203,0.4084755762347153,0.1596988902560302,0.008233973224248205,0.3928418053047998,0.06425328978470393,0.24365604708769492,0.008555761405399867,-0.023512492488537515,0.30277390458754133,0.24341747178030865,0.09395467064210347,0.12776867326881206,-0.0011322218924760818,-0.010190689004957676,-0.07552998592810971,0.017846763134002686,0.08880527370742389,0.11345238651015929,-0.08768620767763682,0.0983046048453876,0.04957237520388195,-0.12014426929610116,0.04441346574042525,-0.1419452577829361,0.23619351323161805,0.10410436455692564,-0.1089949304504054,-0.08245718425938062,-0.1072886660695076,-0.11552665489060539,0.04979769513010979,-0.10049954908234733,-0.11197818123868533
ERR1746583,1,-0.12959715138588632,0.02350048507962908,0.21477850526571274,-0.0849056439474225,0.25289675274065565,-0.10033387278339692,0.16596185549029283,-0.10596062242984772,0.555467888712883,-0.054129328046526225,0.1996077841946057,0.5769827283386674,0.11052029872579235,0.15650429147561745,0.22721183832202638,0.033771323306219916,0.48181355531726566,-0.056796440588576455,0.3483356913285596,0.1793184938973614,0.49479523304450723,0.051524205931595395,0.538742657750845,0.03548345821244376,0.38422872871160507,0.1672710446374757,0.06651778359498296,-0.006707583687135151,0.19814357993059925,-0.04836623689958027,0.2595191820957033,0.3325021205736058,0.08227519185415336,-0.01238416281661817,0.3884263336658478,0.09549924358725548,0.08945985191634723,0.015221951263291495,-0.0796250414901546,0.2767160087823868,0.19787408411502838,0.0695928441626685,0.04279079421290329,-0.038718016019889286,-0.06166806071996689,-0.08367812487163714,-0.004242403698819024,0.06259707148586001,0.09720584750175476,-0.09931525082460471,0.019885277774717127,-0.0217182601669005,-0.1290225838976247,0.0674144976905414,-0.14904367391552245,0.1628309337954436,0.011188017470496041,-0.11940540772463594,-0.10048106179705688,-0.12471203399556023,-0.11370738010321345,-0.05488090203808887,-0.09631057649052568,-0.1019405930169991
ERR1746584,1,-0.12628814884062325,0.010486556483166558,0.18809576013258525,-0.07531369650470358,0.223295383288392,-0.0758011886251292,0.1516149291502578,-0.11212770587631635,0.5129570733157119,-0.08006372266182941,0.16887617536953517,0.5899418275803328,0.08040778338909149,0.1158948693025325,0.17482763209513255,0.060621318207787614,0.42486756827150074,-0.06415762220110212,0.36843173844473703,0.18535765845860755,0.4239544314997537,0.059441106127841134,0.44063003680535723,-0.008179326658137143,0.299882567354611,0.09566612754549299,0.09504447584705693,0.029020478682858602,0.1873670986720494,-0.052090224410806386,0.21925685075776918,0.40308864654174875,0.13486232382378407,0.00499341929597514,0.39204077635492596,0.07621618839246887,0.15442316287330218,0.007034410323415484,-0.037686190967048915,0.30060419333832605,0.2422288829194648,0.09460910516125816,0.11262296452852232,-0.0050814151763916016,-0.042467371693679264,-0.10092859642047967,0.024520337049450194,0.11268595632697855,0.06359019449778966,-0.09664366713591985,0.08880337966339928,0.056479449783052714,-0.12278132140636444,0.017236539029649327,-0.14308527644191468,0.21012218775493757,0.10071861531053271,-0.10926912405661174,-0.09068549610674381,-0.12037620533789907,-0.11002048743622643,-0.024360739226852144,-0.09675848071596452,-0.11022806220820972
ERR1746585,1,-0.12062785455158778,-0.08836259107504572,0.06511213204690389,-0.10510366077401809,0.04081429434674127,-0.08031785967094558,-0.053241832447903495,-0.0805719324520656,0.2423024677804538,-0.10158266446420125,0.0438436610358102,0.2393502670207194,-0.11505175222243581,0.04698237670319421,-0.08211203637932028,-0.014105552807450294,0.29031296925885336,-0.11486690172127315,0.19650595422301972,0.045086352952889035,0.11567388474941254,0.04295442466224943,0.26946073451212477,-0.11638077428298337,0.11689137348106929,-0.008060438691505365,0.05231978544699294,-0.03045068308711052,0.07108136412820645,-0.05657701300723212,0.20014963831220353,0.4780624148968075,0.2951898942036288,0.16700784862041473,0.4444773346185684,0.2449461477143424,0.5059172718652657,0.05662189317601068,0.14690482716209122,0.4475363924035004,0.37820074760488104,0.3700666798810874,0.26589177176356316,0.11932395451835223,0.20802595359938486,0.06766867677548102,0.12749298342636653,0.16827706141131266,0.24811917247383722,0.03436794610960143,0.35084739114556995,0.21608804166316986,-0.11795732804707118,0.18706211873463222,-0.029092414570706233,0.38391532536063877,0.3348915711643973,-0.044313083801950724,-0.010685666331223078,-0.04018856052841459,-0.03300207720271179,0.3243002335407904,-0.10350399677242551,-0.017198611050844193
ERR1746586,1,-0.11096228180187089,-0.05282694633517947,0.12144796124526433,-0.11469826035733734,0.07533173196549926,-0.08636176137120596,0.0010650503183049814,-0.1255263827541577,0.38653094028787954,-0.02920312061905861,0.11482416412660054,0.32205394974776674,0.014553061212479537,0.089130521352802,0.09033765590616635,-0.037348203893218725,0.3760460689663887,-0.10263151569025857,0.15551120787858963,0.10040395387581416,0.30888653653008596,0.02864483424595424,0.37680930537836893,-0.06276967589344297,0.2905857783875295,0.09875216122184481,0.051709448253469806,-0.06275167741945811,0.09313489975673812,-0.04666366960321154,0.17886425581361567,0.34464092552661896,0.11798637679644994,0.025917138372148787,0.3150561239038195,0.1585835920912879,0.21625942630427225,0.019518479704856873,-0.0389874590826886,0.37794212996959686,0.2896245913247445,0.15666243859699794,0.07470473966428212,-0.030694256935800825,0.05688109355313437,-0.02448259187596185,-0.03580724767276219,0.09145853242703847,0.1438680248601096,-0.018244714343122075,0.1699181767180562,0.021717824041843414,-0.11852969229221344,0.030792652230177606,-0.11047784977459482,0.22422586594309127,0.08029067835637502,-0.10784785343067986,-0.09154068465743746,-0.12160753990922656,-0.13141397280352457,-0.02335659148437636,-0.10244908982089587,-0.1296680463211877
ERR1746587,1,-0.12483217354331698,0.014990221709012985,0.2793410558785711,-0.02905535658023187,0.35268037021160126,0.010252731719187327,0.1871635190743421,-0.06181275472044945,0.5360862623367991,0.03469761461019516,0.09806644597223826,0.6415947654417583,0.12587530325566018,0.187176342521395,0.2640007713011333,0.1347809833075319,0.41197540717465536,-0.03247183664435787,0.5030281884329659,0.23107464545007264,0.7214983691062246,0.06703113977398191,0.5263163433410227,0.005903222065951143,0.2688400543161801,0.04959169455936977,0.17906017548271588,0.050523367311273305,0.19550080650619098,-0.03676150805716004,0.2248018772474357,0.2708398352510163,0.13122178507702692,-0.0038505797939641134,0.32690654695034027,0.09499232577426094,0.07990120244877678,-0.06608735344239644,0.007220133473830563,0.198534473244633,0.23854294632162368,-0.026818601148469106,0.031244509587330476,-0.08897759233202253,-0.01946875319949218,-0.13631056994199753,-0.050285409071615765,0.17043818267328398,0.062367895884173255,-0.12850555990423476,0.06258999542998415,-0.04077134494270597,-0.12081889595304217,0.03538660552086575,-0.09994803475482124,0.17732207849621773,0.12745056673884392,-0.12748069954769953,-0.07960032438859344,-0.11387343225734574,-0.13321284816733428,-0.05326690684471812,-0.10915364045649767,-0.07629018596240453
ERR1746588,1,-0.03143086550491197,0.36806428006717135,0.4311074816754886,0.11415867361107043,0.6000574146663504,0.05313608369656971,0.9702772072383335,0.27589196232812746,1.0964081542832511,0.4411951308803899,0.447355503482478,0.97247164696455,0.5236833393573761,0.6949411183595657,0.6999490622963224,0.22035231228385652,0.8844846614769527,0.15941255087299006,0.7231420895883015,0.44203206471034456,1.0754621241773878,0.35190253279038836,1.042246894112655,0.27122566955430166,0.935942750956331,0.6467470473476818,0.4351316638556974,0.1410870598629117,0.48869696339326246,0.026339916246277944,0.5040671197431428,0.4329628554904567,-0.008080334535666875,-0.048795582460505624,0.24790225071566446,-0.04694638547620603,-0.14395761489868164,0.08316673764160701,-0.1016192567933883,-0.018066753234182085,0.07773063997072834,-0.1164407879114151,-0.05150272298072066,-0.06785899189916174,-0.1080304283116545,-0.1276434383222035,-0.10541337286122143,0.04413419536181858,-0.013124093413352966,-0.12006074030484472,-0.15206787841660635,-0.02894812117197684,-0.12084840291312762,-0.11613399581152148,-0.10840281471610069,0.011873379832000605,-0.011472344398498535,-0.07259323161893658,-0.09239101456478238,-0.10051813016512565,-0.07635556400886603,-0.09934933909348079,-0.06382931454572827,-0.03628774379779186
ERR1746589,1,-0.13484751220260346,0.05318778048136404,0.1915345927866708,-0.0838914340628045,0.3073402015226228,-0.07773472867640001,0.27917903954429285,-0.07630710144128118,0.5655336880923382,0.06456170763288226,0.2137516098363059,0.5841974948665926,0.22304492630064487,0.2601282625858273,0.2861445216195924,0.01697797833808831,0.49690129714352743,-0.03137293883732387,0.38928033677595003,0.2524455168417522,0.5746141161237445,0.13237810454198293,0.6002545415290764,0.03264151407139642,0.538598677941731,0.2516237772735102,0.16121138206550054,0.04574467647554619,0.25141402227537973,-0.03979568928480148,0.30213887616991997,0.3940432465502194,0.06541224409426961,-0.026401305438152382,0.24700106573956354,0.036064708538885625,0.05249234661459923,-0.0006594173610210419,-0.09687095135450363,0.1813180148601532,0.1627443800015109,0.004854857921600342,0.032729409635066986,-0.014325721521994897,-0.09124736700739179,-0.10382499865123204,-0.06028492708823511,0.05045690227832113,0.02114662208727428,-0.1173709152000291,-0.0018016831350645848,-0.04807823896408081,-0.11886491307190486,-0.03382347367836961,-0.13777347121919906,0.09435485675930977,0.021971576447997774,-0.10929330052541834,-0.1013274872675538,-0.12207516336015292,-0.1147410265569176,-0.057104270971779315,-0.08457759980644498,-0.08131355153662818
ERR1746590,1,-0.11954206733831338,0.013834092233862196,0.21660034052495444,-0.10121254596327033,0.1680123507976532,-0.06913988518395595,0.1961426750889846,-0.12860416620969772,0.5906118399330548,0.056872639538986344,0.21976010820695333,0.4914249831012317,0.15858266662274087,0.11759583971330098,0.24865980872086116,-0.012107427631105696,0.4912812395819596,-0.014002247048275811,0.31290443308119265,0.18851094373634883,0.42361768361713203,0.09817645911659513,0.4612737510885511,0.0012150023664746965,0.4089541829058102,0.17910541274717875,0.09490438816802842,-0.02809492325676339,0.23072332356657302,-0.000652886661035674,0.2088912962935865,0.37864179483481814,0.061476669407316616,-0.0020193446959768024,0.2970039078167507,0.0500527024269104,0.0881852853511061,0.03150980680116585,-0.08804231356563312,0.23877112248114177,0.12921715421336039,0.015278964170387812,0.016538291903478757,-0.019116983615926335,-0.031059876084327698,-0.05614683550915548,-0.08609019858496529,0.034086398514253755,0.04591754823923111,-0.05806580185890198,0.008191781384604318,-0.009056705050170422,-0.1249119048672063,-0.06561753100582532,-0.14780452847480774,0.16482898672776564,0.018506481179169247,-0.10323501207000975,-0.10685688717057928,-0.12379835758890424,-0.11454458295234612,-0.11119309573509131,-0.08968253560098154,-0.11619893993650164
ERR1746591,1,-0.08105447276362351,0.22404268277542932,0.2536183886695653,-0.015868936532310078,0.41414011429463116,-0.010302633845380374,0.6644655040332249,0.1011203716375998,0.8616550958582333,0.3108218547755054,0.324086742741721,0.7439380894814219,0.3729397574705737,0.49338005749242647,0.5054178578513009,0.10667992715856858,0.6943316523517881,0.05920673108526638,0.5390523025499923,0.33194525167346,0.8602900861629418,0.22698975993054255,0.7959385131086621,0.18178815075329371,0.7561128064990044,0.49725334718823433,0.3196488189111863,0.08135760415877615,0.3513140098324844,0.00467609560915402,0.39170944903578075,0.3848359137773514,-0.010672818337168013,-0.032220061868429184,0.2193981824176652,-0.015003526317221778,-0.10674395704908031,0.04068483226001263,-0.1104488234434809,0.054389367146151404,0.08937531922544752,-0.09339791749204908,-0.03411162631320102,-0.05742970481514931,-0.10040108220917839,-0.13337626521076476,-0.11169771770281452,0.007549474647800837,0.010292390095336097,-0.11037708393165044,-0.11491335037031344,-0.059143836476973126,-0.12758526525327138,-0.09563806180709175,-0.13184281385370664,0.060618647041597536,-0.042471930384635925,-0.10429746324994735,-0.11010363032775265,-0.11150230134704284,-0.09633193238239203,-0.10327103015567575,-0.07345739431080542,-0.06651201604732446
ERR1746592,1,-0.06837598660162517,0.2521123949970518,0.30533380593572346,0.0032826284212725504,0.45911319287759916,0.001111577930194991,0.7186246812343597,0.1267115539605064,0.9498611305441175,0.34851554461887907,0.3522919951272862,0.788834525006158,0.42423239456755774,0.5115720901106086,0.5533313708645957,0.1357989881985954,0.7246697161878858,0.07596596596496445,0.5338342051420893,0.35022326026644024,0.9339039868542126,0.23529221968991415,0.8572817649027067,0.22735334719930375,0.7633198691265923,0.5326183853404862,0.3361827393195459,0.0789968618857009,0.38163227108972414,0.013532475701400213,0.4472804314323834,0.3711848466524056,-0.004874302872589656,-0.030241336141313826,0.2263758001582963,-0.021780491939612796,-0.12308359678302493,0.05888498893805912,-0.12022945803723165,0.044292040169239044,0.07490763706820351,-0.09989965281316213,-0.03701988860432591,-0.0618217786374901,-0.10060210419552666,-0.13694743705647333,-0.11767044982739858,0.011939714887245958,-0.025122479668685367,-0.11408825165459088,-0.12761133456868784,-0.05161756436739649,-0.13337357874427522,-0.1047854996951563,-0.12806524602430208,0.046353982761502266,-0.021885693605457033,-0.09222893529139194,-0.11043902333559734,-0.11287401550050292,-0.09614494921905654,-0.10209050428654466,-0.07552301043844116,-0.05901843908109835
ERR1746593,1,-0.05746488964983395,0.27294422686100006,0.2800080088366355,0.012968848259853465,0.5081957429647446,0.012349340532507216,0.7326220678431647,0.16886811942926475,0.9330563465399402,0.36803484920944485,0.35221982268350466,0.7680212897913796,0.3939025311597756,0.5612759409206254,0.5980235838464328,0.13744697773030826,0.7292468303016254,0.09035703060882432,0.5891280397772789,0.33718389538781984,0.9720166517155511,0.22535693645477295,0.9118365703948906,0.24908518099359103,0.7771028908235686,0.5379927616034236,0.37300971150398254,0.09033204721552986,0.38179791825158255,0.012884017612252916,0.4381507507392338,0.3679240777024201,-0.009426355361938477,-0.03010499264512743,0.2178252786397934,-0.031621718646160195,-0.11800311026828629,0.06295863197218361,-0.10662429620112691,0.014632858335971832,0.07825544050761632,-0.10711002562727247,-0.040435792079993656,-0.0674996537023357,-0.10955553501844406,-0.14405433407851628,-0.11115471087396145,0.013511559526835169,0.0046918631664344245,-0.11608872615865298,-0.1311251696731363,-0.05884934802140508,-0.13468054415924208,-0.08999592252075672,-0.12724754586815834,0.04656769717777414,-0.029973619750567844,-0.10059984134776252,-0.11447625091698553,-0.10849910974502563,-0.08973413147032261,-0.10054159057991845,-0.06963313623730626,-0.05958758999726602
ERR1746594,1,-0.10247534247381347,-0.12172915440584932,-0.08914430971656527,-0.10205779943083014,-0.11712188273668289,-0.12283695489168167,-0.13614691368171147,-0.09861617269260543,-0.031072011483567103,-0.15375216092382157,-0.12005108395325285,-0.02429704474551337,-0.14154790874038423,0.0020181919847215924,-0.14768313297203609,-0.12746403313108853,0.02727387100458145,-0.1450985904250826,-0.014381006892238344,-0.025840971618890762,0.12044343565191541,0.014708086848258972,0.12081281122352396,-0.15431394853762218,-0.050690932997635434,-0.009298722525792462,-0.013085462152957916,-0.1444302009684699,-0.06944327801465988,-0.11095162374632699,0.40254211106470655,0.4934464871351208,0.3504232727822715,0.40224941074848175,0.3050096391567162,0.7268687135406903,0.6663637720048428,0.24321770275543844,0.4284207086477961,0.8849994753088269,0.9533198167170797,0.6505046327199254,0.38057487670864376,0.24675305826323374,0.4515654801258019,0.25015570861952646,0.3314045864556517,0.416025754862598,0.5827332607337407,0.10599680777106966,0.6685588620603085,0.49509888381830286,-0.09643160764660154,0.42851108006600824,0.35979661172521965,0.4869995511003903,0.6238774206223232,0.06409083466444697,0.23511579286839282,0.023543816234450787,0.18073904514312744,0.5172716890062604,-0.1353940995676177,0.2684852933245046
ERR1746595,1,-0.13792277659688676,0.007467220005180154,0.06788408756256104,-0.12849189514028175,0.20619714260101318,-0.09656755719333887,0.04240006634167263,-0.1071435282272952,0.35603679583540987,-0.0418579275054591,0.015231162309646606,0.43696699823651997,0.014794750671301569,0.14952126544501101,0.10523570701479912,0.05786447546311787,0.281613575560706,-0.07230275816151074,0.21198937083993638,0.1393590628036431,0.49544924816914965,0.022625384586197988,0.43451322242617607,0.01911760281239237,0.26497766215886387,0.11453915049371842,0.11642383092216083,0.043518910982779095,0.12602222710847855,-0.09421287157705852,0.36375161286975655,0.3745949736663273,0.11687852389046124,0.05916500623737063,0.3697599598339626,0.3005799097674234,0.25131105578371454,0.086662124310221,-0.0060115352805171695,0.4237602480820247,0.3692486903497151,0.29286673026425497,0.21107123832085303,-0.08863129892519542,0.11844603823763984,-0.010408049981508936,0.07279636178697858,0.22160456063491957,0.13396943041256495,-0.07512217706867627,0.056921233156962056,0.018977813688772067,-0.06375698425940104,0.07911418551313025,-0.09498696454933711,0.3544262966939381,0.2704974498067583,-0.08668898338718074,-0.05296224235956158,-0.059561247804335186,-0.1039045298738139,-0.06596826615610293,-0.1286171099969319,-0.004558504692145756
ERR1746596,1,-0.12916086614131927,-0.008257582251514708,-0.010953925549983978,-0.12048580816813878,0.08126080515129226,-0.13734989613294601,-0.0189887812095029,-0.12260544339993171,0.2633406195257391,-0.07747470743821136,-0.0014893497739519393,0.3479746516261782,4.767969117632934e-05,0.10417768252747399,0.038523701152631214,0.0116556031363351,0.22690567054918834,-0.10451012783284698,0.1524221540561744,0.13344568173800195,0.40098896995186806,-0.000759587756225041,0.34385384566017557,-0.02211360590133284,0.1933935030496546,0.06992536224424839,0.05950812497342538,-0.020092643265213286,0.08015075911368642,-0.10460866455520902,0.2594901690193053,0.37386502644845415,0.14444223019693578,0.04764413620744433,0.3863201311656407,0.3389514120561736,0.24068822392395564,0.09978876156466347,0.00012600450177810023,0.4378666491912944,0.4003035495323794,0.3274355296577726,0.22606547709022248,-0.0660981918419046,0.17425317583339556,-0.020508549575294768,0.09228595665522984,0.21170003605740412,0.17647240284298146,-0.05054055367197309,0.12996048746364458,0.03159886226058006,-0.07707157624619347,0.07751332862036568,-0.08631505684128829,0.36224414088896345,0.25598483851977755,-0.08010153711906501,-0.06553506265793528,-0.06491063109466008,-0.11542183959058352,-0.04257461481860706,-0.1298139010156904,0.0005529054573604039
ERR1746597,1,-0.11815163067408971,-0.08996820143823113,-0.003236761050564902,-0.1077313803668533,0.023649965279868672,-0.10531750214951378,-0.09090151637792587,-0.0925311730908496,0.1409474132316453,-0.112012842482987,-0.026865413013313497,0.18511237549994672,-0.11123240872153214,0.07923190615006856,-0.08901835020099368,-0.047306297080857415,0.1963177322343524,-0.15214999232973372,0.10568009316921234,0.03806243783661297,0.22948555648326874,0.01978680757539613,0.27830094524792265,-0.12005587401134628,0.014654338359832764,-0.01664484930889947,0.009224339255264826,-0.11603946558066777,-0.03509164907570396,-0.10176726424002222,0.2263143371258463,0.3998563268354961,0.29424922806876047,0.18241300753184728,0.3882655033043453,0.4938000834413937,0.5036522884454046,0.13362648071987288,0.2091638408601284,0.7140877065914017,0.7739786026733262,0.4388411082327366,0.33339699836713926,0.04005527775734663,0.32009997963905334,0.12800772381680353,0.19516626901791564,0.2974732241460255,0.3203976294774163,0.03126031745757375,0.4076225885323116,0.24219598594520772,-0.10131445420639855,0.23579113677676236,0.08391659334301949,0.3679967607770647,0.49154153865362915,-0.036876648132290156,0.0731188500566142,-0.026105243313525404,-0.05692059892628874,0.25834509411028456,-0.15361650075231278,0.05005654586212976
ERR1746598,1,-0.11193380185535975,-0.11098382329302174,-0.06518223243100303,-0.10498589357095105,-0.048298202987228124,-0.11539882687585694,-0.11821048387459346,-0.09812240355781146,0.02910277300647327,-0.13395145216158458,-0.09977509826421738,0.03321663875664983,-0.14450144448450633,0.029013685882091522,-0.13273793405720166,-0.09550357556768826,0.10115480955157961,-0.15350340945380075,0.03400871476956776,0.0016198692943102547,0.1118934133223125,0.026739671294178282,0.2056634979588645,-0.1451445988246373,-0.04132033405559404,-0.03256363208804812,-0.01569215421165739,-0.1313334091433457,-0.05408457460414086,-0.10206316305058342,0.28136653027364183,0.4193706986095224,0.35451736939804895,0.27725716148103985,0.3511493945760386,0.6023170224257878,0.6243741608091763,0.1796917947275298,0.3700348011084965,0.804128150854792,0.8834708652326039,0.5782173084361213,0.3849524302142007,0.17409072550279753,0.43396955515657154,0.20720242921795165,0.32256288986120907,0.40446915690387997,0.46698211027043207,0.0820388410772596,0.5761714433985097,0.3728186296565192,-0.10869266199214118,0.38187558363590923,0.25494568874793394,0.44548061596495764,0.5902378750698907,0.037934240485940664,0.16426696628332138,0.025265299315963472,0.049784096223967414,0.4799196645617485,-0.15501957493168966,0.18147848679551057
ERR1746599,1,-0.11966893036982842,-0.08489467416490827,0.005379245749541691,-0.08207436398203884,-0.04239721383367266,-0.1381590621812003,-0.0617429507630212,-0.07955331887517657,0.22284887677856854,-0.09468355562005724,-0.035264578248773305,0.1789776688175542,0.008824486551540238,0.0795668533870152,-0.06704578455537558,0.009101338684558868,0.19106728942798717,-0.09811498118298394,0.16751637203352793,0.12907821778208017,0.325803171311106,0.03164074144193104,0.22855552285909653,-0.08868196393762316,0.03941750892304948,0.060339806867497306,0.006263887509703636,-0.08751585800200701,0.08482634489025388,-0.11529628719602313,0.30802832783332895,0.5715897413236755,0.31836222963673727,0.3004342722041266,0.4337809256144932,0.3096422857737967,0.2062746709478753,0.1276166561458792,0.2490029808666025,0.4488345852919987,0.6063150788790413,0.34122057631611824,0.14306113443204335,0.0022199607587286402,0.20227056106419436,-0.0446036910372121,0.09959737051810537,0.3507726474532059,0.2540258328829493,0.015980257519653866,0.3992167328085218,0.17863170549805676,-0.07443749691758837,0.129933591399874,0.04312868296567883,0.34025108381839736,0.37303266142095837,-0.0976551313485418,0.04847227254815932,-0.08901624860508102,-0.05216895842126438,0.14295630582741328,-0.10425511747598648,-0.00443586174930845
ERR1746600,1,-0.04717193969658443,0.30529398577553885,0.3167866239590304,0.05030379178268569,0.5601282939314842,-0.006278646843773978,0.6413724294730595,0.3180767009034753,0.99274252142225,0.4106748660228082,0.3779788985848427,0.7693466565438679,0.44846449669317473,0.6341910085507801,0.6126421211021287,0.15365288060690677,0.7822838798165321,0.08033125102519989,0.5145888498851231,0.33850550119365963,1.0507959404161997,0.1781448151117989,1.015696271987898,0.2592915120933737,0.8034854946391923,0.6237185778362411,0.345976046519354,0.07222063839435577,0.43967130833438467,-0.008356615900993347,0.5425780692270824,0.3703545584742512,-0.024515654359545027,-0.019194108567067554,0.24645112029143743,0.017773818224668503,-0.11214828318251031,0.06996517415557589,-0.11385665115501199,0.009604214557579585,0.11139710247516632,-0.1238220916794879,-0.057178928915943415,-0.08409876338971246,-0.10931766565356936,-0.13978557927267893,-0.11167472268321685,0.07677365999136652,-0.015423743320362908,-0.12221602616565568,-0.14347274601459503,-0.056615225438560755,-0.12715633053864753,-0.09116685942613653,-0.1309747291462762,0.0021102416628439513,0.04286837045635496,-0.08762467639254672,-0.1200315340621663,-0.10287428234836885,-0.09029185808529812,-0.09742683198835168,-0.06838832003995776,-0.04793295530336244
ERR1746601,1,-0.020718227539743696,0.37696332590920584,0.37229073154074804,0.09499523841909,0.6174264419823885,0.027628712888274874,0.7994302809238434,0.3751657839332308,1.1117308544261115,0.4584437790992005,0.4268792527062552,0.8888209547315326,0.5077327830450875,0.688385800591537,0.617105419082301,0.22042841278016567,0.8194152563810349,0.1213267312518188,0.5686990405832019,0.3795342684856483,1.1221437454223633,0.27397229416029795,1.116631303514753,0.32876131577151163,0.8567430919834546,0.6917778721877507,0.3960760095921744,0.11798553647739547,0.5044206769338676,0.024204931621040617,0.5883041162575994,0.37594696772950037,-0.017101365540708815,-0.0167878871517522,0.22408745836998736,0.005179340285914285,-0.13928164222410747,0.07349025777408055,-0.12100320735148021,0.0025647346462522235,0.08446859116000789,-0.13211469884429658,-0.07249497209808656,-0.0672054891474545,-0.10933515589152064,-0.1395358634846551,-0.11560906609520316,0.06562617580805506,-0.023903144789593562,-0.11674353307379144,-0.14828492381743022,-0.05278758039431913,-0.13700967814241136,-0.09849656557863844,-0.1174615201141153,-0.01944068307057023,0.0286006075995309,-0.08042745598192726,-0.11731891723216645,-0.1010965182046805,-0.08868367254867085,-0.09460977757615703,-0.07318160755260449,-0.04531254552836929
ERR1746602,1,-0.022309549685035433,0.39153325238398146,0.38225091035876957,0.12226901602532182,0.6258976547313588,0.023600899215255464,0.8090817885739463,0.4149558043905667,1.12017588530268,0.47317435406148434,0.438387257712228,0.8712239967925208,0.5213006830641201,0.7090184326682772,0.6393753928797585,0.24485252983868122,0.8223893770149776,0.13230069088084356,0.5665040495140212,0.3790420134152685,1.1411917039326258,0.280007432614054,1.1401686987706594,0.3329371767384665,0.8605146376149995,0.7183398029633931,0.41056543342503055,0.11548361368477345,0.5241545023662704,0.021506198282752718,0.6015804058739117,0.3711726537772587,-0.004250785069806235,-0.018228892236948013,0.22395015587764128,0.005729676889521735,-0.13985015132597514,0.07907451157058988,-0.12275165319442749,-0.007332781595843179,0.09476617936577116,-0.1333357266017369,-0.07138571635420833,-0.07089106435887516,-0.108760374465159,-0.13760713062116078,-0.11501158414674657,0.06855348071881703,-0.029617263270275935,-0.11419249272772244,-0.14990399777889252,-0.05466919392347336,-0.13794613203832082,-0.0927188515862716,-0.11718211323022842,-0.03062603123752134,0.031010535146508898,-0.08005170364465032,-0.11872462623952222,-0.10214171731578452,-0.08778145024552941,-0.09081449825316668,-0.07162658313089716,-0.04380176183102386
ERR1746603,1,-0.03163277570690427,0.3579598729099546,0.34465821193797247,0.07303713368518013,0.5496907505605902,0.0364404342004231,0.8122702070644924,0.3379134439996311,1.0596435399992126,0.44292091365371433,0.41607544464724405,0.8543856857078416,0.4738013765641621,0.678043150476047,0.5950836368969509,0.22117780707776546,0.8189647219010762,0.12724439054727554,0.5929697813200099,0.38452452501016005,1.0406306236982346,0.324282777096544,1.0610770221267427,0.30469255787985666,0.8590078119720731,0.6862660316484315,0.3934454131106447,0.12393611430057458,0.5114463918975422,0.027035256581647054,0.5371961061443601,0.3927177893263953,-0.016152286103793552,-0.01843090994017465,0.20551796896117075,-0.015370211430958338,-0.1383854906473841,0.05593568193061011,-0.11944843296493803,-0.0056809963924544194,0.06534354175840106,-0.12341597250529698,-0.07842291625482696,-0.05734145303722471,-0.10680311492511205,-0.13758277893066406,-0.11620895930432848,0.04758035072258541,0.007923905604651995,-0.11629085202834435,-0.14536937645503453,-0.05964013082640512,-0.13140964827367238,-0.11031273973640054,-0.11925879546574183,-0.011819814298568028,0.0007768049836158752,-0.09110957863075393,-0.11341703889359321,-0.09959336317011289,-0.08757809868880681,-0.09737744102520603,-0.07125410531547718,-0.047431634073810916
ERR1746604,1,0.01869602927139827,0.4475432527916772,0.39801828669650213,0.15477151929267816,0.680363851200257,0.07103450569723334,0.9173255051885333,0.4593300462833473,1.1732453129121236,0.5195505193301609,0.4840179703065327,0.9372213387063572,0.5331650738205228,0.7680531282510076,0.6730068922042847,0.3045603558421135,0.8989057657974107,0.17259642162493297,0.6460254607456071,0.4222900260772024,1.1751576789787836,0.3381130535687719,1.1916049921086855,0.380097145480769,0.9159867050392287,0.7724250012210437,0.43160300542201313,0.14984965324401855,0.5694079963224274,0.048594199653182714,0.5984499773808888,0.4139746810708727,0.008177789194243295,-0.01017732811825616,0.21602354371654137,-0.007708217017352581,-0.14948558168751852,0.06881190091371536,-0.11747166407959801,-0.05282425481293883,0.07303713102425848,-0.12599192559719086,-0.08486961280660969,-0.06680048333614,-0.10741028269486767,-0.13250489852258138,-0.112921564307596,0.08731932512351445,-0.0005237449492727007,-0.12004105799964496,-0.15022428653069905,-0.050024090600865226,-0.13343166985682078,-0.10229862813970872,-0.10816247229065214,-0.03641944044336144,0.008864369243383408,-0.07663217080490929,-0.11351709422056697,-0.09436579048633575,-0.08266611344047956,-0.088031933909016,-0.06962361944273912,-0.03799811624256628
ERR1746605,1,-0.03091797126191003,0.33192272058555056,0.31190161340470823,0.049618705574955256,0.518426521548203,0.009659225420494164,0.7247617053134101,0.3405910480235304,1.0212558997528893,0.4164208881058065,0.3859523832798004,0.7960396409034729,0.44383288068430765,0.6461662160498756,0.5289673177259309,0.21387232041784696,0.7803398945501873,0.10939068347215652,0.5284442529082298,0.3568599410355091,1.001391466174807,0.27894989613975796,1.0360289950455939,0.28322069134031025,0.8140230253338814,0.6763571043099675,0.3760025284386107,0.11322023373629365,0.4986925944685936,0.02383450312273843,0.5445915300931249,0.3756862133741379,-0.014491127005645208,-0.013053454458713531,0.21081719647294708,0.015165937266179494,-0.1320832600550992,0.05557841435074806,-0.12466758968574661,0.0022784333143915448,0.07709668417062078,-0.12505602251206124,-0.07547538779493022,-0.053061563588146655,-0.10689718808446612,-0.13750799426010676,-0.1186147586309484,0.05659641897571938,0.0032450168260506223,-0.11500896872686488,-0.13960421245012963,-0.07155458416257586,-0.1347836617912565,-0.09756651119927742,-0.1255862574492182,-0.012725754308381252,0.007662881697927203,-0.09843048533158642,-0.1201124032959342,-0.10178250260651112,-0.09263929950871638,-0.09500341622957162,-0.07603517041674682,-0.05358802753367594
ERR1746606,1,-0.08050546116594758,0.287946234856333,0.2795675357005426,0.016638969337301596,0.4774797484278679,-0.022246677162391797,0.5954824425280094,0.22999411821365356,0.9092297596590859,0.36059871688485146,0.3290542582316058,0.7337752000561782,0.37314151200865,0.5995606865201678,0.5405777096748352,0.14520206082878367,0.7101934429790292,0.06955933783735548,0.516692016273737,0.30372910627296995,0.9738176174994025,0.20365081461412565,0.9271679029999567,0.24964462646416255,0.791303711278098,0.5753282329865864,0.36868311145475935,0.10113386623561382,0.4396206832357815,-0.005267881921359471,0.5241652471678597,0.35573176946491003,-0.04502509960106441,-0.020467655999319895,0.24653120605008944,0.02593218215874263,-0.08893259987235069,0.06628632159637553,-0.10956640701208796,0.03588286893708365,0.08667016987289701,-0.10848088349614825,-0.0499008231397186,-0.07668930664658546,-0.11754114180803299,-0.1421554067305156,-0.10871584926332746,0.0649620842720781,0.0002031948949609484,-0.11490776230181966,-0.13290228588240488,-0.07421202691537994,-0.12919647938438825,-0.0906732367085559,-0.13596033943550928,0.028923204501292536,0.030805846942322596,-0.10441997401150209,-0.11923011013173632,-0.10549842433205672,-0.09876222629100084,-0.09993072146815914,-0.0702621966400849,-0.05867937619664839
ERR1746607,1,-0.09775859197335583,0.2999805808067322,0.28519716433116366,0.008359211363962718,0.4875511484486716,-0.009781735017895699,0.6732397728732654,0.16470938521836484,0.9855805289532457,0.33579664321483244,0.36144034351621357,0.7133091826524053,0.4016319925763777,0.5868356765380928,0.5815227585179465,0.15142958371766976,0.6635668565120015,0.08696387974279267,0.5755154708666461,0.3014379196933338,1.0262668537907302,0.20902373721557005,0.9089212879340656,0.21092983335256577,0.8447244800627232,0.551930404135159,0.38216019741126467,0.10710452257522515,0.38897570089570116,0.0013730637729167938,0.5343354748828071,0.3547342483486448,-0.032690492059503286,-0.0374138310019459,0.28135458113891737,0.046975305303931236,-0.09660109026091439,0.07281493315739292,-0.10699082950928382,0.07146713776247841,0.11438028940132686,-0.05563820792096002,-0.0008389981729643685,-0.07221784695450749,-0.110857007758958,-0.1363339466708047,-0.09979927140687193,0.030810203403234482,-0.01627673687679427,-0.09689793389822755,-0.13236373662948608,-0.06487515914653029,-0.11737094393798284,-0.10186976926135165,-0.12988832113998278,0.08191616088151932,-0.01610755281788962,-0.09392732069162386,-0.10981108560892087,-0.0993795186015112,-0.09219125199264713,-0.09964912770582098,-0.07007641568114716,-0.05759017688355276
ERR1746608,1,-0.03781869634985924,0.36576940757887705,0.37629671820572447,0.10102042821901185,0.6068826412915119,0.029267023716654097,0.8457961423056466,0.28684941825589966,1.1702942278768336,0.4389771159206118,0.4503469082327293,0.855084088339936,0.5303287761551994,0.6776328459382057,0.6890965402126312,0.1896540251161371,0.787242589651474,0.11631352773734502,0.6609789151698351,0.3813416228762695,1.200663617679051,0.24418761261871882,1.0701987844492709,0.28469736661229816,0.8871944206101554,0.6328782737255096,0.43459782004356384,0.11686481508825507,0.4369281924196652,0.010556218879563468,0.5908616174544606,0.3795605997688004,-0.007187746465206146,-0.035684281161853244,0.26678060793450903,-0.004261713807604143,-0.13643535120146616,0.08052461275032588,-0.11585774059806551,0.00012319428580147878,0.10494453140667506,-0.10884052302156176,-0.022530158183404377,-0.08410069665738515,-0.11083886346646718,-0.13683793055159704,-0.10907642902540308,0.01645738525050027,-0.05664768336074693,-0.11568781680294446,-0.14476631049598968,-0.03879904906664576,-0.1243339723774365,-0.09924360530983124,-0.1159089904810701,0.0409374601939427,-0.008760187774896622,-0.0703142741029816,-0.10714344279507973,-0.09557325313133853,-0.08523461819692914,-0.09203567808227879,-0.06796902880055963,-0.04301861274455275
ERR1746609,1,-0.08841772048201944,0.21189752221107483,0.3286303031657423,-0.007818430129970824,0.3672165877984038,-0.015825422214610235,0.6861544166292463,0.08984076005539723,0.9011069695864405,0.31823586246797014,0.3738554151994841,0.7800985745021275,0.399069461439337,0.44178004030670437,0.4898346502866064,0.16683702410331794,0.7493124114615577,0.1214788218328197,0.5159659239330462,0.3389185518026352,0.7702904971582549,0.28040323725768496,0.7740539530558246,0.18415310766015733,0.7881228136164802,0.5211203566619328,0.28939899429678917,0.07407731629375901,0.45973042611564907,0.04728575849107334,0.4015197455883026,0.3778113435421671,0.0054165273904800415,-0.02663714119366237,0.23539860247235214,-0.002068284366812025,-0.106589709009443,0.05994725546666554,-0.1150138430696513,0.05541561118194035,0.048272410673754554,-0.10138027157102313,-0.05025546146290643,-0.03763158789037594,-0.09425849041768483,-0.11681499438626426,-0.1219588438315051,0.04127913287707737,0.01775786280632019,-0.09612868539988995,-0.13240691966244153,-0.07201999159795898,-0.11759880664093154,-0.12124506310958948,-0.1307606521461691,0.0744142831037087,-0.006687057869774955,-0.08219506964087486,-0.10210108677191394,-0.10838331228920392,-0.08655364438891411,-0.1137569850044591,-0.08371428781122502,-0.05581008709434952
ERR1746610,1,-0.06932353946779456,0.27310630892004284,0.36696493944951464,0.015923372270273312,0.44179660667266163,0.001810680010489055,0.7997758047921317,0.13058178259858064,0.9857417536633355,0.34288206829556395,0.40715572770152775,0.8422298857143947,0.4469342295612608,0.5160826061453138,0.5479907347221992,0.1950454440500055,0.7760162906987327,0.1367058658174106,0.5825452509203127,0.37865905250821796,0.8703633195587567,0.3169936580317361,0.8623934340264116,0.21428243869117328,0.8330052388565881,0.5708346265767302,0.34497854645763126,0.09424589920256819,0.47650141215750147,0.04890965058335236,0.44736421427556444,0.39367266052535604,0.006865869675363813,-0.027428265128816878,0.2334925469809345,-0.008218684366771154,-0.12538176934633935,0.05546636985880988,-0.11429213772394828,0.04527952628476279,0.05585384901080813,-0.09745075553655624,-0.05504225247672626,-0.047857299646628756,-0.09841684571334294,-0.12045812660029956,-0.12061077782085963,0.02311911031470767,0.01632321093763624,-0.10824017173477582,-0.14054795886789048,-0.0582282439406429,-0.11584824642964772,-0.12210515261228595,-0.12299735205514091,0.05914918635971844,-0.020323453737156733,-0.08104127645492554,-0.09892335218111319,-0.10319533837693078,-0.08577818223940474,-0.10944508455161538,-0.07839279688362565,-0.04846240087811436
ERR1746611,1,-0.07132728544196912,0.2681507425648825,0.34122794760125025,0.012237988279334136,0.4422235479578376,-0.007370863109827042,0.7837768282209124,0.15132589039525815,0.977464463029589,0.3680617450736463,0.39959651976823807,0.819857660148825,0.4500222589288439,0.5189018361270428,0.5517955225493226,0.17130315144147193,0.7774706866059985,0.12396034704787391,0.5584319558526788,0.3797078462583678,0.8839656455176217,0.2991275191307068,0.8744647311312812,0.22828989875103747,0.8259510334048953,0.5848754825336593,0.33844443623508724,0.07572510519198009,0.4632022721426828,0.04221859787191663,0.4538810870477131,0.38688652829400133,0.001529804297855922,-0.030097824654408863,0.2431420266096081,-0.0013466392244611467,-0.12242920457252435,0.060493534696953635,-0.11626897100359201,0.04202269124133246,0.07197694906166621,-0.09816250524350575,-0.05379387417009899,-0.051638212387583086,-0.0982143080660275,-0.12522713733570917,-0.12001944280096463,0.02208884565957955,-0.0033823980816773008,-0.1065696089395455,-0.14381395599671773,-0.061062642240098546,-0.12253816479018756,-0.11661389889195561,-0.12507521414331027,0.048415574278416376,-0.010812787605183465,-0.08168271503278188,-0.10262239268714828,-0.10504952033183404,-0.08706134271674923,-0.10599301622382232,-0.0759502356397986,-0.04919609587107386
ERR1746612,1,-0.09093102965770024,0.20667159131595067,0.29658341088465284,-0.039150885439344814,0.34791214923773495,-0.02551623380609921,0.6666590826851981,0.09464374716792788,0.890415894133704,0.29728049359151293,0.3432288584964616,0.7506329454481602,0.38885014078446795,0.4514496475458145,0.43928840809634756,0.14622587471136025,0.7128333470651081,0.10880046470889024,0.5043423649455819,0.3418053335377148,0.7639452788446631,0.306733991418566,0.7505936026573181,0.16079105330365046,0.7745135948061943,0.5163552441767284,0.3050695470135127,0.07856610111360039,0.4564449819070952,0.04506046484623637,0.4307537776018892,0.39027381581919535,0.0031167673213141306,-0.024829983711242676,0.2340213693678379,0.013437508472374507,-0.09210811661822456,0.04423762485384941,-0.11790820530482701,0.07272272557020187,0.06594788815293993,-0.07289567057575498,-0.03847341651895216,-0.01994029405925955,-0.08913858341319221,-0.11164399023566927,-0.12371445879606265,0.0306348018348217,0.03248628707868712,-0.09429413206609231,-0.12349986604281835,-0.07035258119659764,-0.1185021810233593,-0.12296628561203501,-0.13217753863760404,0.09229292986648423,-0.007012001637901578,-0.08746310217039925,-0.10277037172844368,-0.10678130042340074,-0.08893178336854492,-0.11238609733326095,-0.08612952333974785,-0.06273401062935591
ERR1746613,1,-0.11154928218041148,-0.05335015218172755,0.16552668224487985,-0.11825588797884327,0.04525052197277546,-0.08211973469172205,0.07205303478986025,-0.1378371672970908,0.4849661280001913,0.05634294500175331,0.14517449587583542,0.3996853016849075,0.09525207137422902,0.06312847310411078,0.07663782200376902,-0.041298613750508854,0.41798890328313326,-0.04822855868509838,0.20388340843575342,0.16580484541399138,0.29486143801893505,0.05871342867612839,0.36147949951035635,-0.04237196275166103,0.3449975491634437,0.14280728516834124,0.07829903066158295,-0.04287495104862111,0.20460094218807562,-0.015350834200424808,0.2234812879801861,0.46137359206165585,0.12642934492656163,0.03407714622361319,0.2811636169041906,0.11462982797196933,0.12408086018902915,0.026574312576225827,-0.03901023816849504,0.29352176402296337,0.16551335688148225,0.12354007682629994,0.0512163694947958,0.027818234903471812,0.017222638641084944,-0.045377421591963084,-0.06499325856566429,0.1058029280975461,0.07085426577499934,0.024695405470473424,0.1262786356466157,0.046428825174059184,-0.1215352714061737,-0.05045948124357632,-0.12711958480732782,0.23275196445839746,0.0762818232178688,-0.09818864986300468,-0.09367487656085619,-0.11767502554825374,-0.08967741685254234,-0.07330013598714556,-0.09342983391668115,-0.1316583672804492
ERR1746614,1,-0.10491616012794631,-0.08066127342837197,0.08791437479002136,-0.11466399979378496,-0.03944556415081024,-0.08433476090431213,-0.02947629083480154,-0.13846161642244884,0.34407207689114977,-0.05231672951153347,0.06832756634269442,0.21367024617003544,-0.01575310847588948,-0.018211644675050462,-0.04026922211050987,-0.043860222079924176,0.28990980769906727,-0.04433217218944004,0.1587372613804681,0.07274613502834525,0.1094634724514825,0.03913836606911251,0.2315482422709465,-0.11903605929442815,0.19705564262611525,0.03885965475014278,0.03301258258787649,-0.06308959890156984,0.13777051493525505,-0.01478742275919233,0.19337257583226478,0.5149503935660634,0.20229075928883894,0.10060689385448184,0.292556032538414,0.18627156370452472,0.27376681060663294,0.03668887886617865,0.08841290750673839,0.39029250400406973,0.2223598762273988,0.24418477301618882,0.13118129608587228,0.10015427081712655,0.14073653199842998,0.0608221883220332,-0.012770278113228934,0.1480558498629502,0.1507759429514408,0.09375787147187761,0.3152214035923992,0.15809870191982814,-0.11540958817516055,-0.022890045174530575,-0.06563666462898254,0.33164147819791523,0.19481357652693987,-0.07552613078483514,-0.05734242392437799,-0.07361577717321259,-0.020910886781556264,0.05689048234905515,-0.09298902191221714,-0.10591221999909196
ERR1746615,1,-0.111963562933462,-0.002375211034502302,0.19934930865253722,-0.10309597770018238,0.13283994820501124,-0.0564963524895055,0.14492541844291346,-0.14474164162363326,0.5560490973293781,0.06677653906600815,0.22713456409318106,0.4704449991030352,0.10916950460523367,0.07853508221783809,0.18728670211774961,0.0005071913557393211,0.4619246069341898,-0.015622306881206376,0.30036526088952087,0.1918071207723447,0.358051181504769,0.06430401865925107,0.3912462719849178,-0.029754421540669033,0.385678413191012,0.13512116830263818,0.10369730527911868,-0.02866399461137397,0.18453588616102934,-0.018551144216741835,0.1840835941755878,0.4071506591779845,0.11265597492456436,-0.0022885512028421673,0.3257218130997249,0.06528234815258267,0.08738874111856733,0.037532051759106774,-0.0769427799220596,0.28526414398636135,0.12086405142742608,0.05449261609464884,0.047311626108629365,-0.024404726922512054,0.02275694693837847,-0.05653277012918677,-0.08721235447696277,0.0732547715306282,0.056087891039039404,-0.003702446020075253,0.055803920541490824,0.004198708704539708,-0.1146728763622897,-0.08254278557641166,-0.1411918050476483,0.22878077094044005,0.022212736308574677,-0.10002269901867424,-0.09278318472206593,-0.11046607473066875,-0.1106029786169529,-0.1013224327138492,-0.0915007710323802,-0.12544133248073713
ERR1746616,1,-0.11161551544708866,-0.03579232096672058,0.15890203043818474,-0.1101153599364417,0.06798935042960304,-0.06969624677939075,0.07083240949681827,-0.1433394498058728,0.48430208542517256,0.04354984472904887,0.17319273629358836,0.38830575134072987,0.07563171535730362,0.04598759434052876,0.10789305157959461,-0.022356198568429266,0.41464957275560926,-0.03268301121092269,0.2527240291237831,0.15570280062300818,0.2687321374458926,0.05975334346294403,0.3446490668824741,-0.061386341495173316,0.3421374016574451,0.11231481842696667,0.07865324722869056,-0.03352246965680804,0.16413646883198194,-0.016321960304464613,0.19607651147193142,0.448130906692573,0.12286338635853358,0.02285582252911159,0.3186287454196385,0.08363409074289459,0.13984828601990426,0.031395365084920614,-0.046109983431441445,0.30549487684454235,0.14415460505655833,0.09958164393901825,0.0652295019743698,0.018525900335849395,0.0385944555912699,-0.04812481307557651,-0.06763722215379987,0.1011808519916875,0.08349308963598949,0.02556811911719186,0.1286016572266817,0.05526677519083023,-0.11648640888077873,-0.0656661284821374,-0.13120265411479132,0.24162066727876663,0.04966831872505801,-0.09646010718175344,-0.087310149201325,-0.11308643913694791,-0.10174911535744156,-0.07131601231438774,-0.09371606167405844,-0.13657599900450026
ERR1746617,1,-0.11161293461918831,0.07851233812315124,0.26505971593516214,-0.05833643435367516,0.24921120330691338,-0.04149444321436541,0.4170050599745342,-0.09277328955275672,0.694963879351105,0.18103197110550745,0.28919626326699344,0.6394092005544475,0.22901835478842258,0.2570244957293783,0.33939288343702045,0.04958923373903547,0.5886206525777068,0.011788866349628993,0.4715698383016778,0.28327773617846624,0.5864230095009718,0.14787606259674899,0.5452538781932422,0.045924872159957886,0.5867938793131283,0.2616939811435129,0.23000832088291645,0.035760774676288874,0.2744190847484528,-0.018054042011499405,0.2764592149427959,0.40109386454735485,0.06399529054760933,-0.0332606160081923,0.2854574290769441,0.015069715146507536,-0.031930183326559405,0.026668700788702284,-0.10868018014090401,0.17376275254147394,0.08746440455849681,-0.03548673540353775,0.005817416523184095,-0.04729900216417653,-0.07267142034002713,-0.11196736512439591,-0.1082010894481625,0.03951176202722958,0.006687145148004804,-0.08090459422341414,-0.05903136736846396,-0.028933342546224594,-0.11408727935382298,-0.106686044617423,-0.14555551431008748,0.14733259991875716,-0.004964747599193028,-0.09611327600266252,-0.08897151132779461,-0.11469891614147595,-0.1067369697349412,-0.11557239826236453,-0.08134750526265375,-0.08131934755614825
ERR1746618,1,-0.0986470291391015,-0.0629717790122543,0.11395843752792903,-0.11321458752666201,0.028892117951597487,-0.08337004908493587,-0.021526878832706382,-0.1340534569961684,0.3964806816407612,-0.05600897488849504,0.12580826239926474,0.28820045611688067,0.0013128934162003653,0.021135706986699785,-0.0032781788281032015,-0.02325943431683949,0.3081942562546049,-0.06326176625277315,0.2088340504893235,0.11808744764753751,0.20277829893997737,0.031892930290528705,0.29599286722285406,-0.08307635172137193,0.21221946978143283,0.04339818303872432,0.05339304756905351,-0.07377342906381402,0.10965487467391151,-0.03826096441064562,0.1919649460303065,0.44961302780679296,0.15542829755161489,0.07889629208615848,0.30619377323559355,0.17949092441371509,0.24212742004809634,0.01639378523187978,0.011503757110663823,0.42107650664235863,0.21428674931770988,0.22824522320713317,0.12212821766401508,0.030618940080915178,0.14279707734073913,0.047960471894059865,-0.05538755974599293,0.09832751218761716,0.11866238606827599,0.054353938571044376,0.21855826090489114,0.1424285365002496,-0.1192680581339768,-0.01590327333126749,-0.0913522472339017,0.29667011329105925,0.1454337893852166,-0.08681548173938479,-0.07547427101859025,-0.07366971192615372,-0.06578399214361395,0.03660632936017854,-0.09938795225960868,-0.1241430618933269
ERR1746619,1,-0.10388201661407948,-0.05131191174898829,0.10407587832638196,-0.10934529666389738,-0.026697026698717048,-0.086414048448205,0.017931634560227394,-0.13451021909713745,0.3976063345159803,0.04513911743249212,0.09274989366531372,0.3148610730256353,0.07620526424476079,0.030570135984037603,0.01728664551462446,-0.040734145258154185,0.3736919973577772,-0.06290781018989426,0.17879846266337804,0.1465337566499199,0.22392285083021438,0.029403778591326306,0.27177670278719496,-0.09248376478041921,0.3075598673229771,0.12439894622990064,0.06955958480414536,-0.057917577613677294,0.15738493696387326,-0.03344148876411574,0.2060391286920224,0.5394013673067093,0.17584510718838178,0.0665575670344489,0.32880180541958126,0.163252198270389,0.17616911764655793,0.058011153513299565,0.011001278230521296,0.3454337396792003,0.20481068388159787,0.22923805990389415,0.1007016681666885,0.05165998211928776,0.07592385954090528,-0.023452591683183397,-0.05326248386076519,0.16807870992592402,0.12884412852248975,0.09425952201542843,0.253741768854005,0.10797678732446261,-0.11413427335875374,-0.047190565250015686,-0.10199622996151447,0.2930176311305591,0.10377745756081172,-0.09028031943099839,-0.08145150323564719,-0.10306612255850009,-0.06610876534666334,-0.04128699749708176,-0.08647322654724121,-0.1323331126144954
ERR1746620,1,-0.058019861578941345,0.30729820259979795,0.37855260393449236,0.028618788945355585,0.4786745437553951,0.027219879840101515,0.8225419734205518,0.2146002043570791,1.0406750280942236,0.40232082416436504,0.4160840873207365,0.8484146893024445,0.44198451404060635,0.5397276162569012,0.5621190699083465,0.2188346702605486,0.80792855152062,0.14271870468344008,0.5869672241221581,0.3561823256313801,1.0031687723738807,0.2877956320132528,0.9550055781645435,0.21269706530230387,0.8260999534811292,0.6131560272936311,0.3625437653224383,0.10820522478648595,0.47661085213933674,0.049178466733012884,0.5032618109669004,0.3589814882725477,0.010055644171578544,-0.03183139541319439,0.2320454902946949,0.02010759391954967,-0.13587743629302299,0.06542826231036868,-0.12022004595824651,0.019742201481546675,0.07999688386917114,-0.11354711787966412,-0.06475458340719342,-0.058464188461325,-0.1142365112900734,-0.12879141313689096,-0.12102104031613894,0.04848755470343998,0.010495035243885857,-0.1090070057128157,-0.14801115755523955,-0.07314166346830982,-0.12283040157386235,-0.10950744803994894,-0.12194036798817771,0.026221984698038017,-0.01821932090180261,-0.0875857485724347,-0.10890290546896202,-0.10060927684285811,-0.08572061739063688,-0.1038627986397062,-0.08040953755179155,-0.04896445944905281
ERR1746621,1,-0.02214568534067699,0.31807311304977964,0.35188741396580425,0.04679375309829733,0.5001460904521602,0.02585503538804395,0.7978356608322689,0.27508480846881866,1.0381680854729243,0.4341275260916778,0.4188736379146576,0.8498508845056806,0.45697265597326414,0.5738294305545943,0.5466822822179113,0.23131696081587247,0.851638776915414,0.12753006975565637,0.5553146260125297,0.3770256180848394,1.0156364057745253,0.26622117630073,0.9939417482486793,0.240869705964412,0.8293047270604542,0.6552806975586074,0.36756958280290875,0.0981268079153129,0.4847042230623109,0.048694517995629995,0.5147090373294694,0.3705908390028136,0.009910973055022103,-0.031272054250751226,0.2402963638305664,0.02284588451896395,-0.13875476643443108,0.08371371030807495,-0.12338063599807876,-0.002860182097979954,0.07493836166603225,-0.11897926750992026,-0.06788952422461339,-0.06612196298582214,-0.1063482580440385,-0.13169228179114206,-0.12028820094253335,0.057199206735406606,0.00591287761926651,-0.10861252966736044,-0.1505609644310815,-0.06924488368843283,-0.1280627873327051,-0.10731152198942644,-0.12154419986265046,0.013593971562970961,-0.0030971201402800424,-0.08228186624390739,-0.11276649869978428,-0.10448165876524788,-0.08764524870951261,-0.10133062648986067,-0.08080122119281441,-0.04854044038802385
ERR1746622,1,-0.016344667545386722,0.3665071257523128,0.40165153997285025,0.08216396000768457,0.5800686393465314,0.04384693104241576,0.8835148598466601,0.3051986108933176,1.0906088426709175,0.46278575461890015,0.4487397244998387,0.9089811156902995,0.49301187481198994,0.600183122924396,0.622116397534098,0.2585021230791296,0.8891999849251339,0.1470159207071577,0.5917277447879314,0.4007767401635647,1.0665304490498133,0.27242070542914526,1.0559193332280432,0.27502464077302385,0.85393816445555,0.682664304971695,0.3810344508716038,0.09796605658318315,0.5045504103015576,0.05003401104893003,0.5271743174110141,0.3910390245062964,0.020932975624288832,-0.031726477933781486,0.24390060255037888,0.017161043094737188,-0.14740458450147084,0.09270672500133514,-0.11700657222952161,-0.02433478300060545,0.07738838185157094,-0.12231422535010747,-0.07168612389692239,-0.07508223663483347,-0.10606177896261215,-0.12942118410553252,-0.1178634435470615,0.06071362059031214,0.0008115630064691816,-0.1154501089560134,-0.1557504619870867,-0.05653071669595582,-0.1266982757619449,-0.10667576261663012,-0.11450183657663209,-0.0038099991590050714,-0.005908462618078504,-0.07310542929917574,-0.11059052543714643,-0.1025937759716596,-0.08195234841800161,-0.09799081605992147,-0.07584951651265978,-0.04179492912122181
ERR1746623,1,-0.10017601134521621,-0.04972265075360026,0.09077716139810425,-0.11078762263059616,-0.06942415077771459,-0.0959615728684834,0.0047350142683301654,-0.14544610998460225,0.3736539940748896,-0.05717846245637962,0.06216668763331005,0.23723626163389003,0.013785982770579202,0.019655352724449977,-0.0422327635543687,-0.04297943200383868,0.31679968908429146,-0.04147350335759776,0.13021993370992796,0.07457179522940091,0.11220534571579524,0.09117587868656431,0.2569074324731316,-0.12575841641851834,0.26548931265382897,0.03624502542827811,0.046558208763599396,-0.029006465604262694,0.18572267397705997,0.023577255862099782,0.2605633959174156,0.5885356567533953,0.22498821794787155,0.11850488185882568,0.28231525367924143,0.2673584007258926,0.36444776265748907,0.008359592008803571,0.09271849585430962,0.40782852311219486,0.20667088776826859,0.2976712983633791,0.12437301235539573,0.15734401544822113,0.18293409368821553,0.11364849816475596,-0.0214188066976411,0.1263351013351764,0.16085378187043325,0.09135759342461824,0.27216265723109245,0.21893740498593875,-0.11373081058263779,0.00508136408669608,-0.032871292770973275,0.4200538865157536,0.20042683237365314,-0.019917580698217665,-0.0357393284461328,-0.02091128991118499,-0.00516796883727823,0.013225798362067767,-0.09946514679385084,-0.08948777030621256
ERR1746624,1,-0.10336114359753472,-0.021875079588166306,0.12531317930136407,-0.1098278399024691,-0.02112091811639922,-0.10189178905316762,0.037590463246618,-0.1520781602178301,0.4460513485329492,-0.022303929552435875,0.10711928457021713,0.3068988227418491,0.058217493018933704,0.045501631181520806,0.03335370868444443,-0.03492334644709315,0.37648201414516996,-0.05683095966066633,0.1442024457667555,0.09913282256041255,0.232283994023289,0.055111670068332126,0.33324706128665377,-0.09742866616163935,0.3358502821730716,0.09299669760678496,0.04211111765887056,-0.0474997665733099,0.17504308479172842,0.018820005868162428,0.2239164300262928,0.49919454966272625,0.14455728731783374,0.07179935649037361,0.30104913828628405,0.28442473922872785,0.27450600851859364,0.020465017429419925,-0.001312690121786935,0.4154477385537965,0.1741069954420839,0.22470494412950107,0.09151460123913628,0.06330262071319989,0.13194026159388678,0.05887070617505482,-0.036637531859534125,0.1167081820063426,0.12768705721412385,0.10451989674142428,0.16773943496601923,0.12055010561432157,-0.1146898243044104,-0.021679035520979335,-0.0863423722663096,0.36506492644548416,0.10126004654115864,-0.05539639613458088,-0.06242369620927742,-0.04866653308272362,-0.07798042893409729,-0.07278851472905704,-0.10457280171769005,-0.13252163465533937
ERR1746625,1,-0.09377569811684745,-0.05683301296085119,0.08367706994925227,-0.10222960476364408,-0.09900468375001635,-0.10726818389126233,-0.019933618072952543,-0.1388474383524486,0.3789193683436939,-0.08179101973239865,0.0551485185112272,0.20989927410015038,-0.004476317603673253,-0.00882903247007302,-0.05989667746637549,-0.050319883440222056,0.2985105078135218,-0.023432263306209018,0.06925420569522041,0.032707822642156055,0.04866760862725122,0.05503871238657406,0.19926236995628901,-0.13397653081587382,0.22674801958990948,-0.010429619279290949,0.01927276753953525,-0.0279600340873003,0.18063663531626975,0.03772880243403571,0.24012353084981441,0.6357800513505936,0.2442165474806513,0.16612147060888155,0.3525502271950245,0.3600451100085463,0.4606220197996923,0.034177416669470925,0.1487330368586949,0.5079587410603251,0.25179283799869673,0.40637926225151333,0.19369551007236754,0.1982980050545718,0.2525750920176506,0.17678506579250097,0.05243103206157684,0.189001559146813,0.19382377288171224,0.1887235872979675,0.3589171139257295,0.2792935407986598,-0.10647445970347949,0.054909964624260156,0.015551187696733646,0.5020000359841755,0.22875424002164177,0.005874575248786381,-0.03126075650964465,0.03503385399069105,0.05195158028176853,0.005071265356881278,-0.09833941089787654,-0.06172049205218043
ERR1746626,1,-0.09125182990516935,-0.060560554798160283,0.044055553685341566,-0.10065030333186899,-0.10427318992359298,-0.10445700745497431,-0.05737266689538956,-0.12963997998407908,0.31187403734241215,-0.10492500968809639,0.003476556922708239,0.1297057531774044,-0.046242931724659035,-0.026409212233764783,-0.09359923696943692,-0.07420730058635984,0.24491162704569952,-0.03739440015384129,0.040305432464395254,-0.003623428089278085,-0.009130022355488368,0.04293459427676031,0.17075284251144954,-0.1436078803879874,0.15898338186421565,-0.04074829297938517,-0.009509279259613581,-0.033663962834647725,0.13494580558368138,0.032523294644696374,0.26898348118577686,0.6222006183649812,0.27991782820650507,0.22977928764053754,0.3543588103992598,0.370810119169099,0.5522668414882251,0.03614263875143869,0.22066069607223784,0.5338957447425595,0.29934732828821453,0.45946668833494186,0.2216416448354721,0.2342634674693857,0.2822209649852344,0.18921216896602086,0.08674723974296025,0.20628487638064794,0.24734201548354967,0.18921199414346898,0.4709972505058561,0.31095585439886364,-0.11212936309831482,0.11620979376935534,0.09348110342398286,0.5094465272767204,0.3117777363264135,0.018191095973764147,-0.0023429649216788156,0.029791008148874556,0.07479721999594144,0.09711356194955963,-0.10096169103469167,0.0009959927493972437
ERR1746627,1,-0.09792202923979078,-0.05142338041748319,0.08922575041651726,-0.10540151808943067,-0.07364981461848531,-0.09424965935094017,-0.01870415891919817,-0.1452843514936311,0.37813376103128704,-0.057287135028413365,0.06453905680349895,0.22497755821262086,0.011949169848646437,0.0028756020723709036,-0.05397447305066245,-0.04676645142691476,0.29366210635219303,-0.042743804631754756,0.09453888343913215,0.06254521438053676,0.08864049826349531,0.06479003839194775,0.2469027337751218,-0.12659271700041635,0.27304920490964185,0.04725419490465096,0.027702972292900085,-0.03742996669773545,0.17313119542918035,0.01840834000280925,0.24142828370843614,0.5999061603631292,0.21248208092791693,0.1464876729462828,0.32188031928879873,0.3063647248116987,0.39859634238694397,0.012519770567970616,0.08577760149325643,0.4394488225557974,0.22198504848139627,0.32423035853675436,0.1456537725669997,0.15039161486285074,0.2089788243174553,0.14779309249882186,0.006518700293132237,0.1496670608009611,0.17977957321064814,0.15601842574583966,0.31422016450337004,0.24622474291494914,-0.11135956751448768,0.02188463429255145,-0.022850658478481427,0.4303746798208782,0.1980158243594425,-0.011026170636926378,-0.03661724499293736,-0.020855584847075597,-0.004992512719971793,0.019445173974548067,-0.10180682170071773,-0.08672066714747675
ERR1746628,1,-0.10083033490393843,0.2173430791922978,0.360857176328344,-0.020895173507077352,0.3487641673002924,-9.48550711785044e-05,0.6695120994533811,0.044026519038847516,0.8590598723718098,0.3096774358834539,0.3906279759747641,0.749421697642122,0.32699371448584963,0.4213919820530074,0.4719462900289467,0.14166758981134212,0.7441234588623047,0.14135546396885598,0.5465223822476608,0.33067396974989344,0.7483650712030274,0.2797017390174525,0.7625598641378539,0.1450857355126313,0.7944832571915218,0.49287766005311695,0.2978021412023476,0.08560999895312957,0.429318263062409,0.05169428751936981,0.3470681203263147,0.37270305837903706,-0.0029297854219164166,-0.006591381239039558,0.24796354158648423,-0.01915542728134564,-0.07577990900192942,0.07622051558324269,-0.11774622422776052,0.03722472808190754,0.02199247632441776,-0.09760770627430507,-0.054359124175139835,-0.054506636989702074,-0.09556262940168381,-0.11590181344321795,-0.12264924070664815,0.03358752706221172,0.03745568756546293,-0.09279598162642547,-0.12754447891243867,-0.08144486562481948,-0.11326529138854571,-0.12195232237822243,-0.13749786572796957,0.09754966405619468,-0.01833882455581001,-0.08430994275425162,-0.09372408628197652,-0.10584938659199647,-0.0908150989562273,-0.11743033943431717,-0.0790338876374465,-0.06287250135626112
ERR1746629,1,-0.11295727879873343,0.21394158154726028,0.3811826509024416,-0.022406305585588728,0.3386012666991779,-0.016715974680015018,0.6221947499683925,0.0210007962637714,0.8573114052414894,0.2696978118037805,0.37600112174238476,0.7489649131894112,0.3249010592699051,0.3678956500121525,0.4521334639617375,0.16374815707760199,0.6918419535670962,0.12909121199377946,0.5189652448253972,0.31618979041065487,0.73895143424826,0.24984457982437952,0.7184578441083431,0.14403397749577249,0.7475136752639499,0.460521717688867,0.2832055224903992,0.07949871090906006,0.426441205399377,0.046654079641614644,0.36586898884602953,0.34972896746226717,-0.005306163004466465,-0.012758365291769483,0.27574782765337397,0.014735318188156401,-0.06638759800365993,0.07883293288094657,-0.11792972191636052,0.0694634062903268,0.03134796289461,-0.10646967589855194,-0.04437101824026156,-0.049212046566286256,-0.10680881249053138,-0.11300208951745715,-0.12037355692258903,0.06530678697994777,0.02093005818980081,-0.100246469357184,-0.13341470222387994,-0.08394958956965379,-0.1142927131482533,-0.12151596465680216,-0.1379554910319192,0.09719440819961685,0.01152578102690833,-0.07811228797904082,-0.09634520246514253,-0.11257118279380458,-0.09009015187621117,-0.12390401879591602,-0.08540857994064156,-0.062088372451918464
ERR1746630,1,-0.10776826898966517,0.210055587547166,0.3651438243687153,-0.03584977292588779,0.3485955371122275,-0.00909802024917943,0.6442549675703049,0.014984810192670141,0.872117166008268,0.28226958827248644,0.3798991431082998,0.7509270491344588,0.31988212572676794,0.38287083165986197,0.4533189396773066,0.1483854962778943,0.6926402151584625,0.13374595024756022,0.5099912722195897,0.3238316130425249,0.7536787751263806,0.2622370310127735,0.7426189793539899,0.1439554872257369,0.7572800410645348,0.45876068994402885,0.2911278520311628,0.08453731079186712,0.42087499158723013,0.048664710484445095,0.3729423071656908,0.36908082770449774,0.0002815478614398411,-0.01562761887907982,0.25071486381680835,0.0063857947077069965,-0.0704638794330614,0.054256225270884376,-0.12131937752876963,0.09107811323234014,0.036292700363057,-0.09314725973776408,-0.04218988019939778,-0.047361358966944475,-0.09533992196832385,-0.1145536048071725,-0.1248233001679182,0.029543142765760422,0.020884866693190167,-0.09327416547707149,-0.12673982392464364,-0.08217231503554753,-0.11548169595854622,-0.12333108195369798,-0.1397507722888674,0.10966479518849935,-0.007144209529672351,-0.08465120063296386,-0.09633438874568258,-0.10943360161036253,-0.09401448496750422,-0.11994360759854317,-0.08616725118398401,-0.06748292967677116
ERR1746631,1,-0.1175637197281633,0.18633581591503962,0.34495419370276587,-0.047554157940404754,0.31575309917596833,-0.026692673430911133,0.590570079428809,-0.021033454154218947,0.8408102169632912,0.23222333512135915,0.35575429775885176,0.7186399123498372,0.2930919336421149,0.33683357919965473,0.42770558169909884,0.14420096762478352,0.6536105743476323,0.11978365613945893,0.4769307087574686,0.30209997083459583,0.7052895702820804,0.24754602674927031,0.6823883120502744,0.12843480919088637,0.7219789421984127,0.43183895253709387,0.265357959483351,0.06549639361245292,0.4113776832818985,0.049930416978895664,0.33994131428854807,0.35496325311916216,-0.0027740629655974253,-0.018784357767019953,0.2709260199751173,0.03634087262409074,-0.04994859333549227,0.0666691820536341,-0.11393287658159222,0.1112378393965108,0.03587635899228709,-0.08963801711797714,-0.030391534524304525,-0.044236906937190464,-0.09210597510848727,-0.10661317514521736,-0.11818606592714787,0.045090487492935996,0.02156125913773264,-0.08600820867078644,-0.12641087839645998,-0.08594455942511559,-0.11296674715621131,-0.12105789953576666,-0.1426335232598441,0.13335361930408648,0.004433309393269675,-0.07937615750623601,-0.09544470580294728,-0.11009117708142314,-0.09346380909638745,-0.12336327428264278,-0.08715991381489273,-0.06793672325355667
ERR1746632,1,-0.09993081353604794,0.24250695535114833,0.36505310609936714,-0.020007502287626266,0.3661791413490261,-0.011486765529428209,0.6673405676015786,0.07941765457923923,0.879363412303584,0.30326036516843097,0.37875325232744217,0.7585603758426649,0.339282007089683,0.44396633229085375,0.5133953855506012,0.13798764667340688,0.7489838600158691,0.10101054316120488,0.49365727816309246,0.32664923050573896,0.8001374240432467,0.22558323932545526,0.7883202569293124,0.18489978036710195,0.7849459413971219,0.5186577875699315,0.31073550454207827,0.07427676367972579,0.4344498866370746,0.03329673409461975,0.39205692389181684,0.35954726168087553,-0.01263358018227986,-0.023943235565509115,0.2723238617181778,0.01682592076914651,-0.07622507746730532,0.09867132987294878,-0.11369323757077966,0.05501373963696616,0.03996822690325124,-0.09570498764514923,-0.0321168377995491,-0.06879563187249005,-0.10286647507122584,-0.1217050382069179,-0.11971117675836597,0.053713745304516385,0.019366109477622167,-0.08986722997256688,-0.14350239719663346,-0.07514062550451074,-0.11863226124218532,-0.1184576349998159,-0.13776433893612453,0.08984253575493183,0.011235698791486877,-0.08184361790439912,-0.10058513722781624,-0.11526434203343731,-0.09223406708666257,-0.11766888334282807,-0.07862349175515451,-0.0587522347590753
ERR1746633,1,-0.11292140784540347,0.19414521328040532,0.33556738974792616,-0.04269100832087653,0.3143143041857651,-0.01762723859532603,0.6139055043458939,0.0061057694256305695,0.8382137939333916,0.25406939749206814,0.3551569426698344,0.7193173947078841,0.3093250223568508,0.3729904762336186,0.4284589428986822,0.14161449218434946,0.6626369420971189,0.13269582570397429,0.5181061487112727,0.30885309992091997,0.7039618090327296,0.27852254999535425,0.6947757793989565,0.11877039074897766,0.7413355463317463,0.44576454694781986,0.2790698039212397,0.08148013507681233,0.41749096874679836,0.05005202572959076,0.3506325515253203,0.3712831458875111,-0.006217689386435917,-0.019433393010071347,0.2398146614432335,0.008716443819659097,-0.05796761331813676,0.05225141772202083,-0.11507438602192062,0.09653789816158158,0.033450589648314884,-0.09074348637035914,-0.03858964451189552,-0.033607262619105835,-0.09260780470711845,-0.11128920529569898,-0.1222670501364129,0.032828904156173976,0.0437297485768795,-0.0842886817242418,-0.11470965575426817,-0.08207832782396249,-0.11213791370391846,-0.12580291065387428,-0.13939833215304784,0.11981686217976469,-0.015660164611680166,-0.08496060694700905,-0.09337132217894707,-0.10392096505633422,-0.09150876676929849,-0.1226722172328404,-0.088783218982696,-0.07191092680607523
ERR1746634,1,-0.1041547783783504,0.19633731139557703,0.35247026678241256,-0.03966844294752393,0.33357512126011507,-0.023777449237448827,0.6056816918509347,0.030050827988556454,0.8657781609467098,0.26749290206602644,0.3602628580161503,0.751170175416129,0.3257582613400051,0.3641032927802631,0.43565533044082777,0.14260466077498027,0.6931925586291722,0.10520272449191127,0.4515056365302631,0.3202891727643354,0.7342654667528612,0.22024883063776152,0.7351157945979919,0.1620602724807603,0.7261263515268054,0.4683780185878277,0.28617915883660316,0.06844399031251669,0.4279715174010822,0.043008080550602505,0.3705559713499887,0.36713071380342754,-0.002803198993206024,-0.02326314490554588,0.2636659911700657,0.02911748151694025,-0.06640499510935374,0.07389771512576512,-0.1187834803547178,0.10092958169324058,0.049035054232392995,-0.09631029729332242,-0.03277871598090444,-0.050284447081919224,-0.09562395193747111,-0.11229228334767478,-0.12405869311520032,0.05602496064135006,0.0030961728521755765,-0.09240408667496272,-0.1322934196463653,-0.07690721563994884,-0.12033649640423912,-0.12023363811230021,-0.14066956511565618,0.10847738957298654,0.026576688247067586,-0.08188885769673757,-0.10200778275196042,-0.1185455894363778,-0.09373341500759125,-0.12188758568039962,-0.08782803385318923,-0.06700925502393927
ERR1746635,1,-0.1185563339552443,0.18471223009484156,0.34684608557394575,0.037732365408114026,0.43980672902294565,-0.017184659306492125,0.6583101025649479,-0.02364902730498995,0.878933955516134,0.25708938310188906,0.3195090406308217,0.8289258799382618,0.3826346610273634,0.33554777396576746,0.5129164872424943,0.07596674534891333,0.6091784089803696,0.056735984182783535,0.5781957363443715,0.32203868137938635,0.8566704796893256,0.1842995977827481,0.7399712012972616,0.18415154729570662,0.6642536191003663,0.3548365484124848,0.27528320785079685,0.051640916615724564,0.3455794852759157,-0.004668934004647391,0.35451228490897585,0.3424287241484438,0.011728936008044652,-0.046033995492117744,0.2384303675166198,0.0067167262147579876,-0.09952903033367225,0.010550805766667639,-0.12318605876394681,0.1334954308612006,0.09863570013216563,-0.11773403627531868,-0.0422403197735548,-0.06879267721836056,-0.11821908184460231,-0.13207137478249414,-0.11137927589671952,0.03865544391529901,-0.06294210734111923,-0.12120373068111283,-0.11448775657585689,-0.053843150181429725,-0.1302027553319931,-0.0957261168264917,-0.13434616742389544,0.03709920908191374,-0.01724939633693014,-0.0884013536519238,-0.10777230221512062,-0.11125332356563636,-0.09767999699605363,-0.11820426796163831,-0.081984467937478,-0.06269603728183679
ERR1746636,1,-0.08935370455895152,0.13351272259439742,0.3511129937001637,-0.013830625851239477,0.3743295467325619,-0.029493487307003567,0.5967418466295514,0.018166039139032364,0.8108288744198424,0.24428924918174744,0.33342320072863785,0.7692443914711475,0.37144952373845236,0.34916161958660397,0.46544300339051653,0.0978951075646494,0.6777196249791554,0.06083011015185288,0.49651312828063965,0.3198978693357536,0.7422273603401014,0.20391197396176203,0.6920010990330151,0.18639123439788818,0.6132883982998985,0.3846752664872578,0.23725444966528034,0.034886610827275684,0.3654227703809738,0.004751902605806079,0.3377831003495625,0.3382753218923296,0.01166610951934542,-0.03223979685987745,0.21884907356330327,-0.011450993695429392,-0.09958470985293388,0.03668673549379621,-0.12796439869063242,0.09422232529946736,0.04929158410855702,-0.11442115317497935,-0.048161852306553295,-0.057219588729952066,-0.09790466725826263,-0.1194200933511768,-0.12128983996808529,0.03749094530940056,-0.022530528051512583,-0.12415242620876857,-0.11867562042815345,-0.04184338131121227,-0.12966917987380708,-0.1175513950043491,-0.1348519612635885,0.04236776854044625,6.346830299922399e-05,-0.09382452070713043,-0.10844402560698134,-0.12420508451759815,-0.09737079058374677,-0.11687624587544374,-0.08204609403453235,-0.06926927609103066
ERR1746637,1,-0.09073297360113688,0.14672683817999704,0.36334482952952385,-0.021811697632074356,0.3682956990918943,-0.0218648798763752,0.613337082522256,-0.03009330707469157,0.7938658472682748,0.25478776331458775,0.3617070583360536,0.7721528543957642,0.3648247080189841,0.3655923626252583,0.48781477340630125,0.10045468175251569,0.6888941803148815,0.08190674228327614,0.5152252316474915,0.3178794767175402,0.7597371739268836,0.22656007430383138,0.6771751998790673,0.15889773717416183,0.6726208659155029,0.3590180618422372,0.255193662563605,0.06691333638238055,0.35357479458408697,0.017911585313933238,0.3394828417471477,0.3512776004416602,0.01494520902633667,-0.03527420839028699,0.2395058050751686,-0.018429964248623167,-0.09506481273898057,0.04422945422785623,-0.11796785571745463,0.09143414667674474,0.0492764487862587,-0.10092037277562278,-0.04352555264319692,-0.06253805530390569,-0.09957981961114067,-0.12283694637673241,-0.1170244278120143,0.026834025979042053,-0.003852603690964835,-0.11996700188943318,-0.12380344979465008,-0.044669793120452335,-0.1217034145125321,-0.11273207322561316,-0.13555525349719183,0.06921088309692484,-0.023196534918887273,-0.09251518334661211,-0.10374095058068633,-0.1212044855845826,-0.09611366888774293,-0.11608641488211495,-0.0792430615734442,-0.06932933468903814
ERR1746638,1,-0.040595543171678274,0.2665593262229647,0.4534908714038985,0.0814687657569136,0.5519467315503529,0.014787867399198669,0.8678061493805477,0.1525963369889983,1.0105363109282084,0.40507900568523575,0.4407505031142916,0.9532996607678277,0.5116623661347798,0.5153804807258504,0.6458232668893678,0.1738406030594238,0.830845268709319,0.11577019946915763,0.58645991794765,0.3853553097162928,1.0366060818944658,0.238441458770207,0.9144267780440194,0.27711233283792225,0.76340180848326,0.5246788391045162,0.3403113352667008,0.09086826523499829,0.437800728316818,0.014006426291806357,0.4531447844845908,0.3649919900510992,0.028718673757144382,-0.04485681679631982,0.23464769657169068,-0.023849977712546076,-0.14995116527591432,0.06793823811624732,-0.12369667312928609,0.010880025369780404,0.06866531712668282,-0.12522917347294943,-0.05140187644532749,-0.08152956262763057,-0.11274807580879756,-0.13331931403705052,-0.11355216056108475,0.029890676694256917,-0.04982502811721393,-0.13032932526298932,-0.1499192108001028,-0.03396337213260787,-0.13074655405112676,-0.11164308974652418,-0.11488644725510053,-0.0058387810297842535,-0.004610970616340637,-0.06420151929238013,-0.10842286948380726,-0.11469614399330956,-0.08216458825128418,-0.10177645526294198,-0.0728176685557368,-0.04618828929960728
ERR1746639,1,-0.06309438177517482,0.23323743045330048,0.4537180949534689,0.04373871308468681,0.5067675903971706,0.021773282305470536,0.8389292444501605,0.06823797377624682,0.9737248857106481,0.36865112295241226,0.4391071679336684,0.9530580480183873,0.45506754517555237,0.479417290638334,0.6207434508417334,0.15797304308840207,0.8064925564186913,0.1290090967501913,0.5920167081058025,0.3650451483471053,0.9573070513350623,0.2601910563451903,0.8409871449694037,0.230920426015343,0.773107998073101,0.47695154696702957,0.32626925806289364,0.10091137500213725,0.41804101105247227,0.02273451324020113,0.4081288331321308,0.36364470262612614,0.025015188114983693,-0.041023572108575275,0.23646353983453341,-0.02290577015706471,-0.13938330858945847,0.05076862206416471,-0.12361438253096171,0.040139660239219666,0.05584951490163803,-0.11825576371380261,-0.055669063552548845,-0.07907718832471541,-0.11040010729006358,-0.13040010524647577,-0.11880424552197967,0.0211871402072055,-0.027642162250620977,-0.12628946240459168,-0.14605453716857092,-0.040453964578253884,-0.12509562288011825,-0.11767925767760191,-0.12136715916650635,0.0275746493799878,-0.02164926033999239,-0.07160867151937314,-0.1037495370754706,-0.11347459150212151,-0.08376174766038146,-0.10418545720832688,-0.07506601101236551,-0.05036616551556757
ERR1746640,1,-0.06293234122650963,0.23093188447611673,0.4552374684384891,0.026618327546332563,0.4922454724354403,0.034256793558597565,0.8419826797076634,0.06319548641996724,0.9748421034642628,0.3590911882264273,0.4450374926839556,0.942389968250479,0.4354691186121532,0.48652458297354834,0.627814536115953,0.16369634803517588,0.7916078269481659,0.13744298634784563,0.6041118619697434,0.36720937330807957,0.9348923170140812,0.315535198364939,0.8290833721735648,0.2231086531121816,0.771249597626073,0.4750142967594521,0.3454931809433869,0.12410936810608421,0.43057552605335203,0.023216962814331055,0.4183539567249162,0.3737451210618019,0.022894544260842458,-0.04286830659423556,0.2470725953711995,-0.037466668690155656,-0.13012285051601274,0.049106497317552567,-0.12454528680869512,0.04159188483442579,0.050659646945340295,-0.11131367819117648,-0.04902312957814762,-0.06873199947377932,-0.10492148782525744,-0.1330070516892842,-0.11916881413864237,0.01789822895079851,-0.016202936747244427,-0.12408428798828806,-0.14210799655744008,-0.03985584394208023,-0.12370985107762474,-0.12000137038661965,-0.12233986066920417,0.04396023737665798,-0.016848056710192134,-0.07626219426414796,-0.09961002010719053,-0.11415545881858893,-0.08679490962198802,-0.1042480833296265,-0.0756814581899172,-0.05160429102501699
ERR1746641,1,-0.07331410050392151,0.2291992689882006,0.44674201735428404,0.028473515595708574,0.47701830816056046,0.029610561473029002,0.8313576749392918,0.06420389616063663,0.9752343477947372,0.35001983333911213,0.437245280614921,0.9126665645412037,0.4279635548591614,0.47862936103982584,0.6176223691020694,0.1708677382474499,0.7736058064869472,0.13940766240869248,0.583261251449585,0.3408733457326889,0.9422510425959315,0.30033982864448,0.8376654806946006,0.20995312822716578,0.761194724057402,0.4664377676589148,0.3438407888586101,0.1319885698280164,0.42786152394754545,0.025460209165300642,0.4236995843904359,0.34547824944768635,0.019023798406124115,-0.04405462954725538,0.23327487387827464,-0.02751415435756956,-0.1311136516077178,0.047265728403414996,-0.12520299745457514,0.04660598295075553,0.0627088536109243,-0.1133234588695424,-0.047838637339217324,-0.06878557942608106,-0.10902634156601769,-0.1365582953606333,-0.11870452229465757,0.019851332663425376,-0.02275766565331391,-0.12310552703482765,-0.14151817453759058,-0.04452476277947426,-0.12481057643890381,-0.11875845658193741,-0.12520152915801322,0.03596958624465125,-0.018095332463937148,-0.07885691430419683,-0.10352995279910308,-0.11544961987861566,-0.08809471117066485,-0.10406054503151349,-0.07632269547320902,-0.05526335737002747
ERR1746642,1,-0.07240663495446954,0.24781092469181334,0.3039672864334924,-0.0008925380451338631,0.4555460099530007,0.01394575584812888,0.6833418671573911,0.15146978252700397,0.908103849206652,0.3184354172221252,0.3479960462344544,0.7796943613461086,0.37410662323236465,0.5618118952427592,0.5222523616892951,0.11277260897415024,0.7196839952043125,0.07081963547638484,0.5795882833855492,0.35878730352435795,0.910234410315752,0.24817212937133654,0.8320262916386127,0.18723637557455472,0.7702928366405624,0.5018193439713546,0.365067911733474,0.08500163762697152,0.40346321942550795,-0.0004562528005668095,0.43251193846975056,0.39148775913885664,-0.029355732457978383,-0.02483049620475088,0.2296860335128648,-0.02038244211247989,-0.09585909013237272,0.02839093708566257,-0.10924134509904045,0.053131568644727976,0.10112936369010381,-0.09160453506878444,-0.03535003288249884,-0.06165139293963356,-0.11672806846243995,-0.14024046595607484,-0.11151639984122344,0.03174529543944767,-0.003831500453608377,-0.12336571195295878,-0.11654914197112833,-0.04794621520808765,-0.12386661501867431,-0.10329583087669951,-0.13130903031144822,0.06584668026438781,-0.011245217706475939,-0.09925550994064126,-0.10066994991419571,-0.10785041882523469,-0.09606074688157865,-0.10392978441502367,-0.07207796148057762,-0.05938436543302877
ERR1746643,1,-0.09755628983423646,0.26994238793849945,0.34959246643951963,0.044737310354581235,0.51947857549281,0.007289916409977845,0.7355047251496997,0.09878962486982346,0.9749125157083783,0.32197076408192515,0.36734097823500633,0.8477424649255616,0.41854341115270344,0.49803167934130343,0.5737081542611122,0.1282763136550784,0.6806853924478803,0.0617179987686021,0.5732185414859227,0.3384083727640765,1.0024168169392007,0.18565241886036737,0.8965034966490099,0.23117577816758836,0.761415425155844,0.4887366018124989,0.3589472036276545,0.09091984241136483,0.3782776232276644,-0.01817662694624492,0.4610863987888609,0.37386837175914217,-0.013576366007328033,-0.05651037288563592,0.23201201111078262,0.0018750540912151337,-0.11688072713358062,0.048861083175454824,-0.11395571008324623,0.08806630436863218,0.11787175706454686,-0.09903206356934138,-0.014132720418274403,-0.07862828924719777,-0.12327440508774348,-0.14267156166689737,-0.0993066451379231,0.012884737657649177,-0.06349064037203789,-0.11622933511223112,-0.1273962057062558,-0.04970207916838782,-0.12345238668578011,-0.10158675217202731,-0.1286726359810148,0.04344745176578207,-0.013199406010763986,-0.08225782667951924,-0.11020552539931876,-0.10841596871614456,-0.0945052592349904,-0.1055118159524032,-0.0753318493786667,-0.056709145727966516
ERR1746644,1,-0.022397605436188833,0.3626909000532968,0.4232466753040041,0.09408937248268298,0.648709295916238,0.07467575624052968,0.9116371529442924,0.25158537711415974,1.1380012700600284,0.4239701056586845,0.43752546342355864,0.9586055874824524,0.49316877658878056,0.6543327208076205,0.6871123175535884,0.19642233702221087,0.8442760748522622,0.12761932558247022,0.6782762014440128,0.41223675331899096,1.1358811887247222,0.26303423408951077,1.0597074893968446,0.26981388671057566,0.8810126664383071,0.6110677314656121,0.4411263513777937,0.1211435663114701,0.45509590820542406,0.009393260947295598,0.5262196702616555,0.4284885765186378,-0.013450427779129573,-0.041516748390027454,0.24181385657617024,-0.007214247781251158,-0.14600822010210582,0.060106480228049416,-0.09957200954002994,0.014529004693031311,0.10263813606330327,-0.11268802832013794,-0.03859161266258785,-0.07848434903592404,-0.1175203403191907,-0.13937964183943613,-0.10570567699947528,0.02756886343870844,-0.03603466919490269,-0.1265167168208531,-0.1475407832435199,-0.02026535969759737,-0.11682705261877604,-0.11331792228988238,-0.11440127875123705,0.0435396283864975,-0.015509421804121562,-0.0680787196116788,-0.10033091686532966,-0.10262915931109871,-0.0814080278588725,-0.09729608055204153,-0.0672034549435401,-0.041483942552336624
ERR1746645,1,-0.06361498337771211,0.24193536277328218,0.3508444545524461,0.025111539954585687,0.5210159509442747,0.01298876159957477,0.7541521447045463,0.19358395960547828,0.9799887612462044,0.3657405786216259,0.37682335025497843,0.8218342252075672,0.4305767406310354,0.5324529058166912,0.5701143581952367,0.14716514865202562,0.7538648162569318,0.1000463387795857,0.5508629530668259,0.33849500119686127,0.9547864847949573,0.2371377455336707,0.9169444332697562,0.2620771367635046,0.7592850252985954,0.5576994589396885,0.3440684444670166,0.0971901493945292,0.42327332463381545,0.006001076528004238,0.4730954830135618,0.3565681959901537,0.007368137793881553,-0.03496591054967472,0.21938015254480497,-0.012868717844997133,-0.1370730059487479,0.04027807153761387,-0.1264324794922556,0.03557492473295757,0.10189358677182879,-0.12350495858117938,-0.03675084986857006,-0.0716776829212904,-0.11489360885960716,-0.13819917823587144,-0.11509852124644178,0.05655615723558834,-0.03018029566322054,-0.1267479227057525,-0.13567566871643066,-0.05522926204970905,-0.1353746567453657,-0.09684150193684868,-0.12745153052466257,0.018919391158436025,-0.005638406212840762,-0.08731073566845485,-0.1174239887789424,-0.11568609412227358,-0.0923673979538892,-0.10269224883190223,-0.07771192023730171,-0.058271546315933974
ERR1746646,1,-0.06586275781903948,0.15546090475150517,0.2219994327585612,-0.04682443799850132,0.2964238084054419,-0.04717212383236204,0.4942689359720264,0.13155595139999474,0.792731802378382,0.29821973194235135,0.2614540622702667,0.6829799972474575,0.33332537221057074,0.4770203275339944,0.4004832910639899,0.04792391801519053,0.6753562977537513,0.019369348883628845,0.413834579255698,0.3385633993893862,0.6917464424456868,0.16706686945898191,0.7068256924727133,0.1280550765139716,0.729853552367006,0.4863643582378115,0.3101619987615517,0.024610725098422596,0.3786462587969644,-0.019896034683500017,0.40361262964350836,0.41379886865615845,-0.018866755866578648,-0.023491720535925457,0.2636235366974558,0.06269756811005729,-0.03848407630409513,0.06113511796242425,-0.10256896913051605,0.10254846939018794,0.1312971775020872,-0.030341070677552904,0.022173392985548292,-0.0500670090051634,-0.0843198618718556,-0.1155017278755882,-0.09981787430920772,0.07318991795182228,-0.011541844478675298,-0.07739086808370692,-0.07393898389169148,-0.05624238241996084,-0.1212262503270592,-0.09358022062640105,-0.13859875393765314,0.10523786093108356,0.04534106009772846,-0.09953646800879921,-0.1099236828408071,-0.1200916226953268,-0.10515453227396522,-0.10056171459811074,-0.08115816229422178,-0.06238692786012377
ERR1746647,1,-0.048681482672691345,0.32205801776477266,0.3406357674726418,0.04745684886750366,0.5336569116583892,0.021972093198980604,0.7686515769788197,0.22976343493376458,1.0366455965808459,0.3923182801476547,0.37219378671475817,0.841778182557651,0.4494759983250073,0.6054789115275655,0.6025028941886765,0.14517535982720023,0.7806626185774803,0.09671393515808242,0.5790440171424832,0.3748650130416666,1.0324700128819262,0.240257166326046,0.9626349290566785,0.2263828877891813,0.8407800367900303,0.5910736513989312,0.4017773691032614,0.10086749015109879,0.4384627044200897,-0.003480219415255955,0.5118989422917366,0.3928105224456106,-0.019277267158031464,-0.04025491752794811,0.23547468653747014,0.01614499358194215,-0.12186806765384972,0.05925544590822288,-0.10506065668804306,0.02842373933110918,0.11664127771343503,-0.10323350131511688,-0.019914299515741214,-0.07539176691456564,-0.11399683569158826,-0.13870482466050557,-0.10646839213690587,0.03599233818905694,-0.03903515903013093,-0.11950272428137916,-0.13584788569382258,-0.050122613087296486,-0.12363018680896078,-0.10286352184734174,-0.12514668756297656,0.05193032873129206,-0.001997711935213634,-0.08493779493229729,-0.10755860755619194,-0.10584296592112098,-0.09034637970450733,-0.09833105001598597,-0.0711109627071502,-0.04889291325317962
ERR1746648,1,-0.1024827060422727,-0.11578120876635824,-0.12372423921312604,-0.10046461330992836,-0.09789718847189631,-0.14246467713798797,-0.14530752492802484,-0.08870345912873745,-0.05071840062737465,-0.1538997037070138,-0.12445188340331827,-0.04645095792199884,-0.13598149695566722,-0.018528901040554047,-0.14615976065397263,-0.11629405245184898,-0.02924199029803276,-0.14857025550944464,-0.058443652732031684,-0.03200593750391688,0.06981283000537328,-0.0008521420615059989,0.06072418870670455,-0.14583268655197962,-0.1037182520542826,-0.07642052961247307,-0.03330766356417111,-0.1568133288196155,-0.08303917625120708,-0.11718317267618009,0.37794334973607746,0.41663351987621616,0.4089086227551369,0.33849635294505526,0.47299263360244886,0.7289713738220078,0.734723123056548,0.3146194312721491,0.43748233360903604,0.8765183687210083,0.9942847965285182,0.7737802511879376,0.5063218346663884,0.2649879200117929,0.5781268826020616,0.26066381697143826,0.44552635800625595,0.49829523105706486,0.5259072631597519,0.16119733027049474,0.7207423714654786,0.4624767079949379,-0.08859457394906453,0.5396608571921077,0.37745408713817596,0.5781506927950042,0.6115670640553746,0.1300426721572876,0.3263601517038686,0.03265570090817554,0.1912215245621545,0.4541354261870895,-0.1488405540585518,0.286083103290626
ERR1746649,1,-0.11793567719204086,-0.06832280808261462,0.009084848420960563,-0.11477995251438447,0.05157593225261995,-0.13044286519289017,-0.060749522277287075,-0.0988057620291199,0.24691983578460558,-0.05719350438032832,-0.00759419213448252,0.275185410465513,0.01726957250918661,0.10509322849767548,0.03887854629595365,-0.04013052050556455,0.2128774539700576,-0.11023962237855553,0.11579660139977932,0.11843351061855044,0.36697774699756075,0.00540373261485781,0.34273779072931837,-0.040008826089823354,0.23750318906136922,0.14531031463827407,0.03684539836831391,-0.0770959619964872,0.11403844352545482,-0.08839984557458333,0.2597569613052266,0.35327553203595535,0.11339089460670948,0.06218058083738599,0.3102536584649767,0.32368592518780914,0.20083817400570428,0.1054286142545087,-0.0098701833215143,0.47139227177415577,0.4085978807083198,0.26361919939517975,0.08932564833334514,-0.025928603751318797,0.09391282206135136,-0.04662825406662056,0.07835030875035695,0.1742119166467871,0.17751230738524879,-0.03213938032942159,0.23104434300746238,0.023428616912237236,-0.11080927777636264,0.13690440569605147,-0.06612157715218407,0.2719771776880537,0.20303534822804586,-0.09075065436107772,-0.02536314566220556,-0.11884668895176478,-0.11949750355311803,0.017877386084624698,-0.11497492077095169,-0.04086206427642277
ERR1746650,1,-0.10562639310956001,-0.10052383877336979,0.02592318505048752,-0.10728318297437259,0.0421922749706677,-0.12115318008831569,-0.07250893222434181,-0.09510539099574089,0.1613244265317917,-0.11937955234731946,-0.04599300026893616,0.17804772832563945,-0.07705886395914215,0.06731403565832547,-0.03662405987935407,-0.057122224143573215,0.23006645483630045,-0.1325374213712556,0.10925915358322007,0.07851175138992923,0.23063430509396962,0.027300910225936344,0.32999461250645773,-0.09466095029243402,0.046939611967120855,0.03185663824634893,-0.01095230717744146,-0.1050207173185689,0.03908584765823824,-0.10147908276745252,0.2228127686040742,0.28591225083385197,0.2291628931249891,0.14910735828535898,0.33117737088884625,0.3769399970769882,0.38855681249073576,0.12197510046618325,0.1345790345221758,0.5858614306364741,0.5927862397262028,0.26275822999221937,0.12746578035876155,0.008207112018551146,0.22109677642583847,0.026282436081341336,0.14499793627432414,0.2524717929107802,0.29574487251894815,-0.04744443856179714,0.33536034716027124,0.02948217572910445,-0.10869399245296206,0.24005693596388614,0.02262126707604953,0.3131351811545236,0.37468855508736204,-0.0536453501554206,0.053864282289786,-0.11551982409686648,-0.1001998780827437,0.22002833655902318,-0.1304631642997265,0.02881224506667682
ERR1746651,1,-0.10531926527619362,-0.09546411935506123,-0.06562857436282295,-0.11328972024577004,-0.016965948045253754,-0.146652985896383,-0.12653836607933044,-0.11364116998655456,0.11034175327845983,-0.14058193670851843,-0.0721350195152419,0.07919866911002568,-0.0662797402058329,0.02968553453683853,-0.05440570992816772,-0.06436742176967007,0.08857380598783493,-0.12728211177246912,0.03741887105362756,0.06715312014733042,0.24180329271725245,0.0052987028445516315,0.18987583901200975,-0.07597386989177071,0.025555453662361418,0.023822308651038578,-0.01838669486876045,-0.11102126645190376,0.021285124123096466,-0.10806327206747872,0.2520437921796526,0.34921017023069517,0.20298518879073008,0.17025376217705862,0.3976608227406229,0.4323285381708826,0.4808383592005287,0.15619025272982462,0.13748879291649377,0.6207460399184909,0.608246100800378,0.455132537654468,0.2014522717467376,-0.004481234720775059,0.33462645259818863,0.06728124192782811,0.19008126535585948,0.2613859340698192,0.3048987850280745,0.008945412933826447,0.3815482865486826,0.10609106293746404,-0.09102587295430047,0.2570800145289728,0.06312747312975782,0.3394571968487331,0.31926344335079193,-0.016769029200077057,0.11408461311033793,-0.0755354535898992,-0.06452984203185354,0.14122982855354035,-0.14705256692000798,0.06592849163072449
ERR1746652,1,-0.10562971979379654,-0.09567809397620815,-0.015825754829815457,-0.11394121617610965,-0.015314915350505285,-0.12875803347144807,-0.09022700360843114,-0.11216069771242994,0.13191536547882216,-0.12805973631995066,-0.043473322476659505,0.1666662416287831,-0.06793779427451747,0.06269872720752444,-0.06935673526355199,-0.06783506221004895,0.16911698132753372,-0.13408512941428594,0.07969516622168678,0.07176521513611078,0.2412272138254983,0.020487699125494276,0.2925432005098888,-0.10085280452455793,0.0691441824393613,0.05225753677742822,-0.002527422138622829,-0.10459428493465696,0.029867497306051,-0.09807618973510605,0.19167591631412506,0.33689893249954495,0.23375724987792118,0.13956262384142196,0.3036426965679441,0.433336754994733,0.3763036923483014,0.08924703193562371,0.12938675390822546,0.5641092700617654,0.5423967263528279,0.3446802284036364,0.14385470481855528,0.019221739045211246,0.2373279146850109,0.06125215121677944,0.11207878589630127,0.19437234955174582,0.30163578203480157,-0.012488561017172677,0.3450018098311765,0.1018094654594149,-0.10563248715230397,0.21767701943671064,0.020987718499132564,0.31985643452831675,0.3090888506599835,-0.03413753929947104,0.040894853217261176,-0.0859375244804791,-0.08845808676310948,0.21412393024989537,-0.1356905193201133,0.041906600551945825
ERR1746653,1,-0.11038378519671303,-0.11540809486593519,-0.039437929434435706,-0.11633695236274175,-0.04494611067431314,-0.14326730051210948,-0.09876330196857452,-0.11999630954648767,0.08961085975170135,-0.14159757324627467,-0.06842279859951564,0.0820159912109375,-0.08896041022879737,0.02835165709257126,-0.0706224154148783,-0.07716311753860541,0.16840792021581105,-0.11920155584812164,0.0018797325236456735,0.054136515728064945,0.1998738061104502,0.008460723661950656,0.2268137644444193,-0.08838754426687956,0.022048466439758028,0.04907402582466602,-0.02354728092905134,-0.09406934997865132,0.06982323633772987,-0.11580259885106768,0.2621250716703279,0.35988520751042025,0.2648732007614204,0.19181738694065384,0.35421739478728603,0.46711409624133793,0.43096044499959263,0.18669947449650084,0.1577640644141606,0.5758574583700725,0.6061613825815064,0.4628837044749941,0.20336168525474413,0.009855526898588454,0.2624515928328037,0.10606087105614799,0.18333296424576215,0.2819729298353195,0.29033026099205017,0.05162962632519858,0.3570270152662748,0.14324926851051195,-0.09199979049818856,0.26009043785078184,0.046573414600321224,0.3744832383734839,0.40003594170723644,-0.005762592490230288,0.0817102427993502,-0.08030947297811508,-0.040128221469266076,0.14221800650869096,-0.14548165883336747,0.05477765714749694
ERR1746654,1,-0.1051617937960795,-0.121457325560706,-0.05850388216120856,-0.10922580717929772,-0.0996961934558515,-0.13796312468392508,-0.13230565137096814,-0.12225721670048577,0.0325733737221786,-0.15075881034135818,-0.09590348920651845,0.06404016060488564,-0.10616303873913628,0.009282431432179042,-0.11747021494167191,-0.09917160013823637,0.11333531247717994,-0.13453693155731475,-0.015555870453161853,0.033358605312449593,0.1425016841718129,-0.00975574872323445,0.19289427729589598,-0.12463938231979098,0.013317788285868508,0.03130721167794296,-0.042705493846109936,-0.13070586855922425,0.0044179367167609075,-0.10569543072155543,0.2585948961121695,0.4394265040755272,0.29675712403176085,0.24940478056669235,0.355085861270449,0.56836969937597,0.5362640893352884,0.1877259196979659,0.23565882125071116,0.7101484781929425,0.68529283787523,0.541328102350235,0.2545835269348962,0.08384725717561585,0.33297103909509523,0.15426193284136908,0.2260997769023691,0.3291396228596568,0.3876803240605763,0.08378764880555016,0.4894355908036232,0.2524085647559592,-0.09558205625840596,0.3358112360749926,0.12370299414864608,0.45129652853522984,0.4215455519567643,0.02562692974294935,0.11873522613729749,-0.07000792665140969,0.003322917435850416,0.29824090003967285,-0.14217400018657958,0.11503034586868514
ERR1746655,1,-0.09087493337158646,-0.0735630891951067,-0.11532221947397504,-0.08118619370673384,-0.12057990953326225,-0.13907968891518457,-0.10307954571076802,-0.10279161908796855,-0.11045059774603162,-0.13411274126597814,-0.1226489676960877,-0.06528149332318987,-0.13811748794146947,0.04722203300999744,-0.13615509974105017,-0.07593070635838169,-0.09415548693920885,-0.06469840982130595,-0.11030195227691106,-0.03780269902199507,-0.01940526919705527,0.006887075624295643,-0.05719882782016482,-0.13054826110601425,-0.11171179637312889,-0.07942638333354678,0.024042629769870212,-0.09817237939153399,-0.09318584090630923,-0.12674696736836008,0.3263678646513394,0.6436336576672537,0.517730495759419,0.5596527350800378,0.6552690033401761,0.9722625911235809,1.1663164240973336,0.4239173534193209,0.8122015967965126,1.1090288518794946,1.3659389955656869,0.9760250483772585,0.8458768682820457,0.5716979524918965,0.9014099647424051,0.5250732856137412,0.6395009883812496,0.9095808618835041,0.8112431509154183,0.3011911985065256,0.8739863932132721,0.9744754689080375,-0.026681764317410334,0.8273236623832158,0.7090675213507244,0.6585432980209589,0.7885122086320605,0.4008987584550466,0.46337675409657614,0.31400752493313383,0.3555218714167755,0.6196275800466537,0.12134528266532081,0.520330799477441
ERR1746656,1,-0.03231266566685268,0.33123343331473215,0.43542469080005375,0.07608148242746081,0.5202980892998832,0.04930843545922211,0.856793578181948,0.22755678743124008,1.0737903746111053,0.4370565129710095,0.46461125143936705,0.8892732305186135,0.42193261959723066,0.5634841416031122,0.6013503495071616,0.30346299867544857,0.8539936478648867,0.21103101755891526,0.6650557730879102,0.38855006878397297,1.020836923803602,0.34302194343347636,1.0022647311644894,0.2583910386477198,0.8754474435533796,0.6223869222615447,0.3942308183759451,0.13056522368320397,0.5431279593280384,0.07173830323985644,0.4940561481884548,0.3616484281873064,0.020423781658921922,-0.019073461847645894,0.2550064128757055,-0.003722356166690588,-0.13016299570777587,0.08930708201868194,-0.11781424283981323,-0.027657340679849898,0.043740194024784226,-0.1124303692153522,-0.07509180863520928,-0.07166500183354531,-0.11788837518543005,-0.12399412904466901,-0.12391649895081562,0.09988896123000554,0.04542683384248188,-0.11153592116066388,-0.14855116925069264,-0.07182181014546327,-0.1185170364167009,-0.11161499158645581,-0.11841154258166041,0.05878992089336472,-0.004032987968197891,-0.07446654606610537,-0.09858785123963441,-0.09076766004519803,-0.08296744033162083,-0.10605200100690126,-0.07834684144056935,-0.04349042874361787
ERR1746657,1,-0.06008645359958921,0.2716264852455684,0.38304757566324305,0.015044650595102991,0.4242355674505234,0.023685968481004238,0.7439674990517753,0.13026304968765803,0.9560001918247768,0.38292317145637106,0.41555125798497883,0.7969253276075635,0.3630096454705511,0.49899873988968985,0.5441647102790219,0.23909421185297625,0.8065638563462666,0.18736233854932444,0.6088794444554618,0.3512085560443146,0.9006237462162971,0.3271802972470011,0.8706031074481351,0.19810249390346663,0.8362668710095542,0.5427593979984522,0.35385262999417527,0.11892292555421591,0.500976212322712,0.08067987859249115,0.4426795776401247,0.35540646953242166,0.008057542145252228,-0.018873066774436405,0.25291279753270957,-0.010402168014219828,-0.10573869943618774,0.07915019084300313,-0.11370810254343919,-0.007402510515281132,0.03147409350744316,-0.10295966141191977,-0.06825400942138263,-0.06601966909199421,-0.11239175924233027,-0.12006660657269615,-0.12436832846807581,0.09253924978630883,0.07302532584539481,-0.10124245605298451,-0.14490578217165812,-0.08342077010976416,-0.11307324202997344,-0.11709803663792887,-0.12731498799153737,0.10095453212436821,-0.016176462971738408,-0.08617612333702189,-0.09730445946167622,-0.09082342072256974,-0.08565786786909614,-0.11262176664812225,-0.07937967531116945,-0.054321925821048875
ERR1746658,1,-0.10115420924765724,0.19556037655898503,0.3461353821413858,-0.028919915269528116,0.32872757049543516,-0.014659212636096137,0.5877024717628956,0.04939759363021169,0.8563661607248443,0.3049740285745689,0.35444263155971256,0.7215407535965953,0.300591778143176,0.38517060556582045,0.4487908860402448,0.18200550920196942,0.7241581359079906,0.14676270713763578,0.5169798157044819,0.300690447645528,0.7781563185687576,0.2723144620124783,0.7440757277820792,0.15649924374052457,0.7534721408571515,0.46327447838016916,0.3006762277467975,0.08800246526620217,0.4759238138794899,0.07378325358565364,0.3938149128641401,0.33960059178727015,-0.0026147227202142987,-0.017017539590597153,0.26491075162110583,0.02461477369070053,-0.06137236367378916,0.07815994535173688,-0.10939666322831597,0.03913952623094831,0.039408620446920395,-0.09461926243134908,-0.05364331390176501,-0.057185082214086184,-0.10835624699081693,-0.11064051697030663,-0.12072353371019874,0.10478501214778849,0.06621847887124334,-0.08388706137027059,-0.14159611825432097,-0.09616816123681408,-0.11469194771988052,-0.11482101059352447,-0.13777772124324525,0.13013668551242777,0.010054431855678558,-0.0868091079007302,-0.10034666263631412,-0.09936741659683841,-0.09075066513781037,-0.12115108408033848,-0.08522260222317916,-0.06362422316202096
ERR1746659,1,-0.07962573638984136,0.21816527204854147,0.35271886659653057,-0.01756451209075749,0.3485063479415008,0.0006351319274732045,0.6461790331772396,0.08576556241938046,0.8900767495589597,0.3280763626098633,0.37158788634198053,0.7412314609225307,0.32994918365563664,0.42954616035733906,0.46729099058679174,0.21656871267727443,0.7600059104817254,0.1720019882278783,0.5524954125285149,0.3235581730093275,0.8085012403982026,0.31804680744452135,0.7787634826132229,0.16068577393889427,0.7821184120007924,0.4944089523383549,0.31276269829166786,0.09715949491198574,0.4941246190241405,0.0788558843944754,0.41061097383499146,0.3450860860092299,0.0006694399884768895,-0.01564703349556242,0.252133376364197,0.012729431901659285,-0.07697003441197532,0.07898481030549322,-0.11377649607935122,0.018334722944668362,0.03014353077326502,-0.09843412467411586,-0.056374059191771915,-0.0505271049748574,-0.10513152714286532,-0.11265940378819193,-0.1260710420486118,0.10283913303698812,0.0748870423329728,-0.09090181160718203,-0.1376589685678482,-0.09348487241991929,-0.11285668558308057,-0.12095997206467603,-0.13287056131022318,0.12165121208610279,0.0007299764880112239,-0.08554580275501524,-0.09791169821151666,-0.09514296214495387,-0.0878304789907166,-0.1193836610764265,-0.08629771109969754,-0.06222485910568919
ERR1746660,1,-0.08317550644278526,0.22597087919712067,0.35575001899685177,-0.008773610261934144,0.3587538522801229,-0.006541034472840173,0.6272324281079429,0.09154699929058552,0.8987353944352695,0.33485061382608755,0.37282219529151917,0.736361096480063,0.32651161641946863,0.4291179510099547,0.4725100476560848,0.22228561261934893,0.7503469309636525,0.15714160126766988,0.5434215952243123,0.32020071893930435,0.8421889147679654,0.28772355962012497,0.7977656136666026,0.17451955857021467,0.7878182360104152,0.5080903151205608,0.3192680090931909,0.09529004073036569,0.49759392014571596,0.0740835990623704,0.43158150357859476,0.33359188054289135,0.005964508014065879,-0.01658890928540911,0.2768588571676186,0.029852696295295442,-0.07055320111768586,0.08534753429038185,-0.11282095100198473,0.01827354942049299,0.03767155297100544,-0.09986686600106102,-0.053273910390479226,-0.05674514703319541,-0.1111382959144456,-0.11408966220915318,-0.12303929143984403,0.1134641564318112,0.07169834524393082,-0.08754457559137206,-0.14546286314725876,-0.09415906690992415,-0.1158952707690852,-0.11420196540919798,-0.13439540192484856,0.12132425280287862,0.010729010616030012,-0.08547928051224776,-0.10223586358396071,-0.09805352506893021,-0.08844445792159863,-0.11831346100994519,-0.08587629009603656,-0.059834343780364306
ERR1746661,1,-0.09673107415437698,0.2017028714929308,0.35898437251203824,0.00736498087644577,0.4760374913790396,0.017074393906763623,0.6749655178615025,0.009031957946717739,0.8967271213020597,0.29534464914883884,0.3497332105679171,0.8062509021588734,0.3467500848429544,0.38260092958807945,0.5028971508145332,0.10128342167341284,0.6611587894814355,0.08812756171183926,0.6484234119665676,0.3616417039717947,0.8746886347154421,0.17283585986920766,0.8212664373485106,0.2096255629190377,0.7050046814339501,0.412758860204901,0.32329161518386434,0.07761921587267093,0.35714844268347534,-0.005686914282185691,0.3975223686013903,0.37753819514598164,-0.008476645818778447,-0.01973643819136279,0.24399272246020182,-0.03180183523467609,-0.0819256209901401,0.020534354395100048,-0.1252603456377983,0.05340135097503662,0.0442350118287972,-0.11354037480694908,-0.04266178607940674,-0.07250243159277099,-0.1195732546704156,-0.1346516598548208,-0.11854537603046213,0.017021195696932927,-0.025717134454420636,-0.124848622828722,-0.1300597997116191,-0.05625128639595849,-0.12338654324412346,-0.1005871266658817,-0.13649621605873108,0.063955226879833,-0.015274637179183108,-0.09245127439498901,-0.10267500512834106,-0.11429800385875362,-0.0985680991517646,-0.12079315499535628,-0.07421883580640756,-0.05831921047398022
ERR1746662,1,-0.07780546112917364,0.23613960721663066,0.43304870650172234,0.08956908993422985,0.6218923607042858,0.053894372923033576,0.7891557812690735,0.03836884003664766,0.9851786105760506,0.33103332641933647,0.36535473593643736,0.9556387854473931,0.396272320832525,0.43498575820454527,0.6231937461665699,0.14563289125050818,0.6570620430367333,0.10782551233257566,0.7014673892408609,0.3695060514978,1.0697086031681724,0.1700237924233079,0.9397730080277792,0.2877132575958967,0.7062217417572226,0.41108925959893633,0.3792594788329942,0.1224562448582479,0.37945487775972914,-0.010918698140553065,0.4840002400534494,0.3599612710199186,0.013570299105984824,-0.03298420139721462,0.2622954419681004,-0.015978058001824787,-0.10536555659824184,0.013766312173434667,-0.1224580066544669,0.040356160274573734,0.09161285310983658,-0.12333433649369649,-0.0417873886014734,-0.07676844152488879,-0.13687213423794933,-0.14301915892532893,-0.10858517911817346,0.02031660239611353,-0.04116652001227651,-0.13546109625271388,-0.14455423184803554,-0.05026852445943015,-0.1290254858987672,-0.06815477793237992,-0.12450640435729708,0.03018670921613063,0.0069117420352995396,-0.08396545331925154,-0.11316569112906498,-0.11102917524320739,-0.09061283411990319,-0.10712821728416852,-0.06870260348244171,-0.052745659835636616
ERR1746663,1,-0.11983144296599287,0.1536369685615812,0.256876212145601,0.003672804550400802,0.4629105268312352,-0.047801523336342404,0.4683601486363581,-0.0008022891623633248,0.7658511511981487,0.17106255968766554,0.1930009743997029,0.6524715051054955,0.2588046214410237,0.3276528928961073,0.46999025131974903,0.08837803479816232,0.46691331054483143,0.04712446832231113,0.5077202197696481,0.2513381157602583,0.9446974998073918,0.09690338692494802,0.813011460006237,0.20464106649160385,0.5241776090115309,0.2980648758155959,0.28391072686229435,0.07095136626490525,0.313979399922703,-0.0449425322668893,0.41621481627225876,0.2525817725275244,-0.00380267362509455,-0.03967182045536382,0.2557732047779219,0.07456801272928715,-0.056374254769512584,0.045663345738181045,-0.11917296956692423,0.13694469524281366,0.190518914455814,-0.07768382823893002,-0.005638825574091503,-0.0870740834091391,-0.09981384873390198,-0.14503385233027594,-0.06134262780791947,0.058140517345496585,0.039902022906712124,-0.13465975650719234,-0.1102621206747634,-0.1026090607047081,-0.13005600976092474,-0.01086074991949967,-0.14466931883777892,0.08430614967697433,0.034555909889084954,-0.1290277818750058,-0.11836185166612267,-0.11504678215299334,-0.10705166097198214,-0.1148880102804729,-0.07752407594983067,-0.0800407672567027
ERR1746664,1,-0.11770618973033768,0.0268887531544481,0.16643636620470456,-0.09531380701810122,0.21924863223518645,-0.08217302395288632,0.20892941259912082,-0.09938817684139524,0.5391013116708824,0.11420881641762597,0.1611671144408839,0.537835101463965,0.13475281213011062,0.17792185289519175,0.21068230058465684,0.02839631959795952,0.425045802124909,-0.06077377285276141,0.36006332667810576,0.24629165391836846,0.5611548743077687,0.07891705845083509,0.49484293322478023,0.03489717202527182,0.44879894151485394,0.17951103619166783,0.17737412372870104,0.012758773685033833,0.20006062775584205,-0.0462222546339035,0.2877529078562345,0.39238679728337694,0.02116356390927519,0.004331439467413085,0.2632675213473184,0.09400882997683116,0.07253633918506759,-0.005563585353749139,-0.10885381698608398,0.24386471962290152,0.16823799908161163,0.028042824140616825,0.03141083887645176,-0.046095771715044975,-0.06360731420240232,-0.11944744044116565,-0.08134632185101509,0.05840788462332317,0.021212355366774967,-0.0889376848936081,0.03364073698009763,-0.0486975339507418,-0.1219562685915402,-0.0300409004890493,-0.1318853534758091,0.16656939765172346,0.05134285454239164,-0.11240689030715398,-0.09844118183744806,-0.11862749606370926,-0.12270281862999712,-0.08815649151802063,-0.09350628246154104,-0.09968265678201403
ERR1746665,1,-0.13877310178109578,-0.022628851501005038,0.06555865226047379,-0.13218725326337985,0.18944209388324193,-0.09675038060439485,0.017607548141053746,-0.1082576337669577,0.3535806078995977,-0.03740447972502027,0.027273776275771006,0.43336296879819464,0.022269327459590777,0.1396172139544173,0.08032857520239693,0.05952476231115205,0.2885503764929516,-0.07940737583807536,0.2009478775518281,0.14259340108505317,0.47484925389289856,0.01592868992260524,0.430567350770746,0.00843327252992562,0.25585795460002764,0.11046996676096958,0.0975198538175651,0.03024783091885703,0.14465796947479248,-0.08804114162921906,0.3653996517615659,0.37945482986313955,0.13651800102421216,0.07917813530990056,0.34864397985594614,0.3056097110467298,0.23352563381195068,0.06038151468549456,0.0048317382378237584,0.4267379141279629,0.36290789980973515,0.30714249717337744,0.20395185984671116,-0.08124163933098316,0.1238109575850623,0.004022265119212014,0.05138313504202025,0.21115966992718832,0.1294216327369213,-0.06358348365340914,0.08274318384272712,0.05127939209342003,-0.07202299152101789,0.0854138015835945,-0.08885234700781959,0.38516718574932646,0.2766655279057367,-0.0853115019521543,-0.05062623667929854,-0.05581051909497806,-0.10188469184296471,-0.05506810173392296,-0.11969408871872085,-0.009944570916039603
ERR1746666,1,-0.12894226051867008,0.12934495681630714,0.2843527671481882,-0.06943405592547995,0.3741557411849499,-0.03360918989138944,0.43968096375465393,-0.08562387605862957,0.7419076045708997,0.13299410045146942,0.25835737798895153,0.7090367834482875,0.19659164335046495,0.2623736262321472,0.3824444945369448,0.10578908558402743,0.5108829020921674,0.0032397572483335224,0.51137579225802,0.239764254540205,0.7172209061682224,0.14611692833048956,0.6652314109461648,0.11020507929580552,0.600729223739888,0.2657646067839648,0.2910184423838343,0.09674671211333978,0.2897448084716286,-0.034860184150082726,0.3678941535098212,0.3577525490296206,-0.011634255626371928,-0.01960376650094986,0.2805677456781268,0.07061924146754402,0.018938002309628894,0.0025954240034999593,-0.10411453726036209,0.1883687898516655,0.13053185705627715,-0.02286514001233237,0.0405677855014801,-0.06647253522117223,-0.10703156888484955,-0.11741210839578084,-0.08893587905913591,0.02605413113321577,0.01088971006018775,-0.10938753028001104,-0.08980145252176694,-0.05349471792578697,-0.1204149957214083,-0.06159151804500392,-0.14831931995494024,0.16196237870358995,0.01123627062354769,-0.10664731942649398,-0.10132062681285399,-0.11125759008739676,-0.11099540482142142,-0.10647108312696218,-0.08147101363699351,-0.08471147476562432
ERR1746667,1,-0.09596219565719366,-0.07652104273438454,-0.001660673479948725,-0.10028641218585628,0.11324485604252134,0.026884554752281735,0.0012710898050240108,-0.08495823772890228,0.13143027906439134,-0.07082760121141161,-0.018325185935412134,0.3208539592368262,-0.10468582330005509,0.04721790339265551,0.033592713198491504,0.017308107976402556,0.1327542673264231,-0.11098225201879229,0.28448994936687605,0.02348713470356805,0.24757756452475274,0.012773862507726465,0.29039543747369734,-0.12410121091774531,0.08946693262883595,-0.049094014934131076,0.10462773910590581,0.056459155465875356,-0.025867911321776255,-0.06610911552395139,0.2530282041324036,0.45891447897468296,0.20106723691735948,0.14331585434930666,0.3715040907263756,0.2085091152361461,0.4203450897974627,0.0402182223541396,0.16705085609906486,0.44652656678642544,0.4446857799110668,0.33247007469513584,0.2755514213017055,0.09760125247495514,0.2816141205174582,-0.01600835206253188,0.1574528587183782,0.16719366131084307,0.25560000858136583,-0.07347532122262887,0.3879809815968786,0.15133426950446197,-0.12140042866979327,0.24397701025009155,0.04093779091324125,0.28297114798000883,0.3924225675208228,-0.09635050727852754,0.007398132500903947,-0.04556389791624887,-0.027380176686814854,0.3783691270010812,-0.1461594392146383,0.04745577861155782
ERR1746668,1,-0.0740784795156547,-0.04580342264047691,0.06265679427555629,-0.11568324680307082,0.05552615065659795,0.04761533000107322,-0.04380423828427281,-0.10077250482780593,0.20474417986614363,-0.07057243479149682,0.07675871678761073,0.37184326191033634,-0.09556863224133849,0.05813634330323631,-0.04087178409099579,0.07894353275852543,0.19951066694089345,-0.11994787624904088,0.3109922781586647,0.012154117758784975,0.2763229259955032,-0.013559225414480482,0.27524329708623035,-0.10567578912845679,0.0990560171859605,-0.055747831506388526,0.1270996896283967,0.09745391405054502,0.024659244077546254,-0.0490897356399468,0.28400962693350656,0.5433925007070813,0.2545409175966467,0.1493008110140051,0.4551457996879305,0.2665921627943005,0.39208932859557016,0.06349206157028675,0.16548344599349157,0.45463199594191145,0.48229875575218883,0.49930819157244904,0.3836425133049488,0.08399077345217977,0.31815206578799654,0.027992888752903258,0.15775377383189543,0.19022260925599507,0.19611867091485433,0.0054160164935248235,0.3738482267695612,0.28155590168067385,-0.10113202248300825,0.20000477773802622,0.054287967937333245,0.39440964215568136,0.36717588348048075,-0.09103533359510559,-0.021640803664922714,0.04968830198049545,0.056516598377908976,0.2254138376031603,-0.1265437680163554,-0.0021631339831011637
ERR1746669,1,-0.10961247102490493,0.11646051492009844,0.33270263937967165,-0.057564226378287585,0.356085584631988,0.0026574896349172506,0.36614516829805716,-0.07490524756056922,0.6930407732725143,0.06897578973855291,0.3114629313349724,0.7182466015219688,0.19066247876201356,0.26118927053591634,0.3259703389235905,0.13579820947987692,0.48697917509291855,0.005132321800504412,0.46337356365152765,0.220570051244327,0.7322419977613858,0.08172783468450819,0.7032953117574964,0.09118180934871946,0.5717037873608726,0.28096419792356236,0.2374905523444925,0.13078538541282927,0.26272537985018324,-0.004846414285046714,0.4220502729128514,0.37333822609590633,0.03113465423562697,-0.0341158142047269,0.3076354818684714,0.04062472363667829,0.004425271281174251,0.010024387389421463,-0.08332956954836845,0.23616955429315567,0.13167853759867804,-0.00712561554142407,-0.0018183482544762747,-0.055589262928281515,-0.11694450570004326,-0.12110648197787148,-0.06732108876375216,0.042817587831190655,-0.004739649593830109,-0.11004499931420599,-0.039629303983279636,-0.0548506144966398,-0.12236468174627849,-0.043236929923295975,-0.14049298103366578,0.10719659418932029,0.030272663703986576,-0.11656043039900917,-0.11123214023453849,-0.12187734193035535,-0.11960206207420145,-0.11906343485627856,-0.09800385364464351,-0.10562878261719431
ERR1746670,1,0.0018146777791636331,0.08571004973990577,0.37335782444902826,0.015375761448272638,0.4670157645429884,0.1791915860293167,0.347964043329869,-0.04826040991715023,0.6440043736781392,0.028976468635456904,0.28761987388134,0.8277036632810321,0.0747276943709169,0.284583965582507,0.35769170096942354,0.22656738864524023,0.3859002079282488,-0.02993904479912349,0.589826678325023,0.14840817052338803,0.8096978941134044,0.059371146772589,0.7028477191925049,0.037435599735804966,0.39311009272933006,0.07406387478113174,0.2850875093468598,0.1952644418925047,0.12913964901651656,-0.004931397336934294,0.3548412908400808,0.3358303058360304,0.056619120495659966,-0.037860440356390815,0.421055800148419,0.06321077687399727,0.093607874603809,-0.04182331370455878,-0.01868389600089618,0.27586963559900013,0.2173471256558384,0.06450095772743225,0.12065344250627927,-0.08549895390336003,-0.007652881954397474,-0.1379072836467198,0.01730251418692725,0.03252353944948742,0.08053846870149885,-0.13136033607380732,-0.010032614426953452,-0.05265401889170919,-0.11649778698171888,0.08330033719539642,-0.11450994866234916,0.18975628113340853,0.03730708420542734,-0.13365877206836427,-0.11201335902192763,-0.10261312133765646,-0.13346170793686593,-0.052737531917435784,-0.11267493957919734,-0.11135640846831459
ERR1746671,1,-0.09474371653050184,-0.025926616841128895,0.10799763963690825,-0.1118966895820839,0.13159462490252086,-0.019321288913488388,-0.009402483169521605,-0.1100173970418317,0.30471070589763777,-0.07562114537826606,0.08435678561883313,0.5159589491252389,-0.06847900218729462,0.060806850237505775,0.01232785771467856,0.10844996837632996,0.23605017377329723,-0.11445568927696773,0.3140532874635288,0.10013546914394413,0.3722427479390587,-0.0212076689515795,0.3302290875996862,-0.059110296557524374,0.15342251051749503,-0.0048364613654225,0.12819692279611314,0.03368552827409336,0.06756703342710223,-0.03679762887103217,0.31399770533399923,0.4887603670358658,0.19321800941335304,0.09474351948925427,0.5087963619402477,0.18529484474233218,0.2432239180696862,0.040851544588804245,0.07675749342888594,0.44306912432823864,0.38563168368169237,0.3910619840025902,0.28287952340074946,-0.004736319317349366,0.19422250453914916,-0.048794470195259364,0.13052495090024813,0.16561710089445114,0.1321518056626831,-0.02935441423739706,0.24374610870810492,0.1675504411437682,-0.10114177742174693,0.14048724807798862,-0.029248165099748542,0.37974063413483755,0.2626258188060352,-0.09965855308941432,-0.05256706223423992,-0.052698860211031776,-0.049499341419764926,0.04611566476523876,-0.11267040989228658,-0.06917638225214821
ERR1746672,1,-0.07198224323136466,-0.02770406859261649,0.08565152649368558,-0.0821909558560167,0.15626365558377334,0.06601131920303617,0.03689422884157726,-0.08467810600996017,0.24182292366666452,-0.045952435582876205,0.047991584720356126,0.46519365534186363,-0.08370885864964553,0.12756739343915666,0.08299529712115016,0.09661155406917844,0.21491265749292715,-0.07960681936570577,0.34893773070403505,0.0373936842661351,0.4245598510439907,0.010178246668406896,0.42983632295259405,-0.07988368719816208,0.21002159108008658,-0.014924410730600357,0.15333773089306696,0.1233832056501082,0.03525376000574657,-0.03982427716255188,0.2962537274828979,0.48300692651953014,0.20095251660261834,0.07058446535042354,0.4332419474210058,0.24243410570280893,0.31917986513248514,0.050611445414168496,0.11290141527674027,0.4343622944184712,0.42422405044947353,0.36107464746705126,0.2835484594106674,0.04702103280994509,0.23040370962449483,-0.07257429989320892,0.16097723533000266,0.19289945172412054,0.2384262051699417,-0.05289481919524925,0.24073336645960808,0.10941168266747679,-0.10752586089074612,0.22690948125507152,0.009986556002071925,0.3795565004859652,0.267647153830954,-0.09248260115938527,-0.04024941314543996,-0.0582005860550063,-0.0705700306487935,0.18605681508779526,-0.14867291705948965,-0.008172907999583654
ERR1746673,1,-0.05815991386771202,0.31270446521895273,0.43933515676430296,0.08024598570773378,0.5683750357212765,0.036151214369705746,0.8910857439041138,0.18347063767058508,1.067499044750418,0.40353102928825785,0.4449703288929803,0.9763216504028865,0.47304725434098926,0.5681098686265094,0.661824069917202,0.2061607771153961,0.8255780637264252,0.14692884257861547,0.6389241803969655,0.38022141956857275,1.0432907683508736,0.2941480076738766,0.9768459717077869,0.2839460287775312,0.8401878412280764,0.5720412614090102,0.37988710230482475,0.11115343921950885,0.4676546034004007,0.03389326057263783,0.48961922419922693,0.3814424533234809,0.029776611498423984,-0.03588540852069855,0.23417177969323738,-0.023303438343905976,-0.14349506795406342,0.06229495682886669,-0.12090711934225899,0.020014009305409024,0.056019537416951995,-0.12271789248500552,-0.06148922603045191,-0.07304919517732092,-0.11407105092491422,-0.13269670626946858,-0.11861278755324227,0.04943829748247351,-0.036788852353181155,-0.11658995106284108,-0.14956081232854299,-0.04779168537684849,-0.13015842969928468,-0.10842249113401133,-0.11575945519975253,0.01959362393245101,-0.016908586557422365,-0.06909247594220298,-0.0991106153565592,-0.10107214190065861,-0.0841120339131781,-0.09739815550191062,-0.07302160385422342,-0.04205244832805225
ERR1746674,1,-0.042436856776475906,0.38657943478652407,0.4895119124225208,0.17710178970758403,0.6687358841300011,0.05211527752024787,0.9822473440851484,0.2653313880520208,1.1396556666919164,0.4483943876943418,0.4769122451543808,1.0281284424875463,0.5365471414157322,0.6507080617759909,0.746008174760001,0.23402685698653972,0.8441237317664283,0.1549836349274431,0.6896321230701038,0.3904239588550159,1.1893432246787208,0.2870513754231589,1.089438449059214,0.33048959715025766,0.8760097431285041,0.6188457225050245,0.40954201615282465,0.1364677987460579,0.4869287168341024,0.025256321898528507,0.5281584443790572,0.35826306364365984,0.027172333427837918,-0.04326366367084639,0.23108774875955923,-0.0017869704003844941,-0.15310233618531907,0.07374118055616107,-0.11613000822918755,0.0032534769603184293,0.07136389333754778,-0.13096790867192404,-0.056611394243580956,-0.08154366240237973,-0.12193155089127165,-0.13199674870286668,-0.10684775840491056,0.05831650644540787,-0.06154554816229003,-0.11183343894247498,-0.155084314090865,-0.0374836479978902,-0.13084943273237773,-0.1001215568477554,-0.10760427958198956,-0.029103033494071236,-0.012400468013116292,-0.05799507349729538,-0.10495501705112734,-0.0983371130589928,-0.07679462213335293,-0.09517391092543091,-0.06893861327054245,-0.03660935276587095
ERR1746675,1,-0.061649227514863014,0.3614216787474496,0.44222953489848543,0.1150016797972577,0.6088312321475574,0.0520282116319452,0.9472909569740295,0.22866142754043853,1.1183309241064958,0.4209939981145518,0.458005217569215,0.9724905826151371,0.4919382120881762,0.6220907611506326,0.7005920474018369,0.2078554727403181,0.828479181442942,0.1508847222264324,0.6709857237126146,0.37983990513852667,1.1255159016166414,0.2966409506542342,1.0472065465790885,0.29072769411972593,0.8732848869902747,0.6130793296865055,0.40581409336300567,0.135221946186253,0.47497208502941896,0.027718840965202877,0.5262383509959493,0.37907884881964754,0.015493371656962804,-0.042699619595493586,0.22705310450068542,-0.01721849013119936,-0.1478066529546465,0.07691959158650466,-0.11664672195911407,0.015182230089391981,0.07223447811390672,-0.12388265984398979,-0.055629440184150426,-0.07484162685328297,-0.11978700384497643,-0.13369112674679076,-0.11161026691219636,0.03219663564647947,-0.04617101486240115,-0.1129498401922839,-0.15194556436368398,-0.04731445466833455,-0.128597087093762,-0.10556520122502532,-0.11314854930554118,0.0016067302286891,-0.022390405514410565,-0.06872462813875505,-0.10302393481002323,-0.09909415178533111,-0.0793689367627459,-0.0968254841864109,-0.06935034182138874,-0.040750201259340556
ERR1746676,1,-0.08429461770824023,0.2921662692512785,0.4120402027453695,0.05603508867456445,0.5096591443621686,0.014839690577770983,0.8180688619613647,0.1313264242240361,1.0157935693860054,0.3637624462800367,0.41489527161632267,0.9055941754153797,0.4362483737724168,0.5056908779910633,0.6144583576491901,0.18545956018247775,0.7715194033724921,0.13225016290588038,0.5961358762080116,0.35274609976581167,0.9752726097192083,0.2678316927381924,0.8982483505138329,0.25542737383927616,0.8065087561096463,0.5321677135569709,0.3515505449322518,0.10385909543505736,0.45447984909904854,0.02850122536931719,0.4684055766889027,0.363685947842896,0.019224203058651516,-0.03827475171004023,0.24047167439545905,0.00011193685765777315,-0.13359230064920016,0.06733319269759315,-0.12013109454086848,0.04149956362588065,0.05419206778917994,-0.12129319459199905,-0.054774323744433265,-0.07012116709457976,-0.11720594550882067,-0.12941635719367436,-0.11783541180193424,0.06122472210388098,-0.030447303716625487,-0.11227527606700148,-0.14942556300333568,-0.057744424257959635,-0.12678282601492746,-0.10652340110391378,-0.12122103944420815,0.03374774078838527,-0.012252544185944967,-0.07205888589045831,-0.10256801841647498,-0.10388986846165997,-0.085995580468859,-0.10434067169470447,-0.07597666156860734,-0.045142274616020064
ERR1746677,1,-0.11400390682475907,-0.1162828483751842,0.06286835058459214,-0.11358094295220715,0.02656632595296417,-0.10366115373160158,-0.0884281721498285,-0.08209987570132528,0.1939780435391835,-0.11145190216068711,-0.020869102329015732,0.2950976522905486,-0.05881467754287379,0.044314805950437276,-0.032704822186912806,-0.0438687764108181,0.28674829644816263,-0.12818910414353013,0.1359598466328212,0.09108735893719963,0.2210099550762347,-0.000727227223770959,0.2891437943492617,-0.0598880009991782,0.05871102320296424,0.011119698506913014,-0.027551759566579546,-0.05611467840416091,0.05194508909646954,-0.10042466116803032,0.27591070905327797,0.3892707210034132,0.22131867839821748,0.1382027609007699,0.33690313143389566,0.28684775850602556,0.3693702423146793,0.08928623795509338,0.15817280832145894,0.48860672542027067,0.49685099508081165,0.2468724591391427,0.1847717905683177,0.0077466219663619995,0.11639474558510951,0.017554260790348053,0.09168189551149096,0.26904099753924776,0.1966393128303545,-0.08086677767070276,0.3450960900102343,0.13956653433186667,-0.10068077274731227,0.22466275468468666,-0.022896189242601395,0.2879175708762237,0.3324393087199756,-0.0947313184982964,0.0178822608930724,-0.12036665608840329,-0.05644447995083673,0.2723686536441424,-0.11910649122936386,-0.010585695505142212
ERR1746678,1,-0.12685654578464373,-0.037335059472492764,0.19523232629788773,-0.08943898629929338,0.2347378549831254,-0.04846350396318095,0.05469355812030179,-0.06744429876977977,0.3932806636605944,-0.04685073292681149,0.07243330284420933,0.592077228639807,0.04934083763509989,0.10739468716617141,0.14361143484711647,0.06257078876452786,0.36888349269117626,-0.10358972634587969,0.3646241586123194,0.14310514288289206,0.44198084409747807,0.02852414202477251,0.3897837464298521,-0.0001705640128680638,0.2007764412888459,0.05144724915070193,0.07416390095438276,0.053603349053966146,0.14220986688243492,-0.062327027320861816,0.30645827257207464,0.3507003142897572,0.14715100385780847,0.037373757255928855,0.4115384029490607,0.11525951804859298,0.2302935519920928,0.013291431324822562,0.06449869009000915,0.36866547809248523,0.32431390854929176,0.12267618945666722,0.13542569668165275,-0.031477720609733036,0.016865657908575877,-0.0895567935159696,0.06011288559862545,0.19043700929198945,0.0843400667820658,-0.11700767128994423,0.16145561635494232,0.07104080276829856,-0.10180557519197464,0.10487420570903591,-0.09611496116433825,0.21035286278596946,0.2157502238239561,-0.12330132696245398,-0.07872691085296017,-0.132432364991733,-0.10263920628598758,0.05518719128199986,-0.10211497492023877,-0.08304242044687271
ERR1746679,1,-0.1281574166246823,-0.06487207753317696,0.05796830356121063,-0.12121198060257095,0.09391488520694631,-0.10179135256579944,-0.0063623179282460895,-0.09647300147584506,0.24535101865019118,-0.06419352588376828,-0.0037427108202661786,0.41843509594244616,-0.020054660737514496,0.1015223078429699,0.028167351681206907,0.014788574938263212,0.28543163889220785,-0.10505380587918418,0.2166375911661557,0.12161146583301681,0.36339976053152767,0.015177373412630655,0.36674533784389496,-0.022170855796762874,0.21860118902155332,0.05391463541725118,0.06835299736953207,0.012460792171103614,0.11735132815582412,-0.08746885401862008,0.35102843027561903,0.39231345935591627,0.15721504157409072,0.11581051136766161,0.35932075551577974,0.2562448603234121,0.26511057519486975,0.0684179003749575,0.03156132184501205,0.4064500688442162,0.3688192314335278,0.27372135860579355,0.1534875769700323,-0.018336162769368718,0.07591556970562253,-0.037547732038157325,0.06474794068240694,0.19717847662312643,0.13567412524883235,-0.07213834832821574,0.2227476036974362,0.06387806204812867,-0.08631878452641624,0.14408943110278674,-0.0691220685839653,0.30910291948488783,0.2317172735929489,-0.11281094034867627,-0.054507153175239055,-0.10590395810348648,-0.07896907787237849,0.07775189621107918,-0.1088422994528498,-0.02702923970563071
ERR1746680,1,-0.11597623995372228,-0.07845995628408023,0.06431360010589872,-0.08697893989405461,0.0339452720114163,-0.11939682598624911,-0.0813353822699615,-0.06840021110006742,0.239570075912135,-0.11119188820677144,-0.031139364199978963,0.37605412118136883,-0.018927225044795444,0.03055382626397269,-0.026192583318334073,-0.0208707648728575,0.24933931976556778,-0.13035800441035203,0.1700569497687476,0.12055003962346486,0.290004411978381,-0.017595546586172923,0.2577010244131088,-0.0343372954188713,0.02857541000204427,-0.008117832068819553,-0.026649648855839456,-0.07341310248843261,0.04820636287331581,-0.09934945404529572,0.3431500382721424,0.38308455928095747,0.23763756241117204,0.1706426590681076,0.42180553504398893,0.2736925497385008,0.30003932737080113,0.102898650935718,0.18874426225998572,0.5133043474384716,0.5740362107753754,0.3226424737700394,0.22544374716069018,-0.016312570444175174,0.14384413936308452,-0.012283825448581151,0.11785523407161236,0.33107016288808416,0.15447839269680635,-0.0779065637450133,0.34520813077688217,0.13515379705599376,-0.07472574178661619,0.18644519363130843,-0.01904837042093277,0.33794679812022616,0.3401414400764874,-0.1157051543039935,0.01139786041208676,-0.12140027007886342,-0.05189843529037067,0.10463447655950274,-0.10274476983717509,-0.013033910521439143
ERR1746681,1,-0.12097284570336342,-0.004453594131129128,0.1737957801669836,-0.09818820229598454,0.21559657262904303,-0.06827790423163346,0.16741297159543528,-0.08213068092507976,0.4873476180114916,0.04434438315885408,0.1972463641847883,0.4986194646252053,0.11620146328849452,0.22597193904221058,0.23277215060911008,0.03137346490153244,0.42090634389647413,-0.037113732525280545,0.37327986529895235,0.1702757669346673,0.5711327828466892,0.08440021851233073,0.5736773258873394,0.01949154692036765,0.47257536330393385,0.2266531293945653,0.16570491636438028,0.06814956731562104,0.18492265112165893,-0.043729388288089206,0.3693250540111746,0.383931638872517,0.05067042261362076,-0.005404460643018995,0.268028804234096,0.09236054707850729,0.0796088260997619,0.0052195752837828225,-0.08492847425597054,0.22448462034974778,0.17448296664016588,0.05237146360533578,0.006555649851049695,-0.021628192492893765,-0.05716410146227905,-0.09993623622826167,-0.06256595865956374,0.06960382365754672,0.09487372849668775,-0.09705692579570625,0.0544199783887182,-0.0274532251060009,-0.12633889062064035,0.02821852546185255,-0.13558109690036094,0.14642715720193727,0.030234475220952715,-0.11879066377878189,-0.1006651259958744,-0.13144792456712043,-0.12832345121673175,-0.025872880859034404,-0.09623610600829124,-0.09960383070366723
ERR1746682,1,-0.1112890291426863,-0.08324383412088666,0.004258938133716583,-0.1050346407241055,0.04250023567250797,-0.12665847901787078,-0.09977831052882331,-0.10668277673955474,0.26388498289244516,-0.1211156602948904,-0.0064447302637355664,0.2903662488928863,-0.06469318882695266,0.033760321991784234,-0.009563828286315714,0.002879444509744644,0.21540927674089158,-0.1247328004267599,0.1842300487416131,0.1190947677407946,0.3482152931392193,-0.0316799059510231,0.24681227361517294,-0.056072151022298,0.07526191802961486,-0.030846777505108287,0.03174362491284098,-0.053792482994530086,0.029907002778989927,-0.08786255014794213,0.26651140781385557,0.4409391922610147,0.17319875450006553,0.1192791366151401,0.439681847180639,0.33578824943729807,0.34036785630243166,0.05930505905832563,0.03643799998930523,0.4651278464921883,0.4593806979911668,0.375040013742234,0.20494518961225236,-0.013917417398520879,0.20567546572004045,-0.007123028992542199,0.062088711453335624,0.20037490555218287,0.24672970920801163,-0.025693719408341816,0.26274663635662626,0.11458517504589898,-0.10339911335280963,0.19413215420874103,-0.0337622942669051,0.41430567311389105,0.23580013002668107,-0.07317860850266047,-0.020206919139517204,-0.06967316142150334,-0.09240835572459868,0.049428237336022515,-0.12910215556621552,-0.0650260043995721
ERR1746683,1,-0.12750934224043572,0.02921501493879727,0.1365491103913103,-0.09064724096762282,0.22590467599885805,-0.07940859400800296,0.18697012136025087,-0.08351070220981326,0.4861690967476794,0.016247332096099854,0.12800238813672746,0.4280680762603879,0.12341642486197608,0.18876592415784085,0.2770121834639992,0.02760681988937514,0.3109787968652589,-0.06200304201671055,0.38179835570710047,0.16142569881464755,0.6092749067715236,0.08422286808490753,0.4525044501892158,0.05429437756538391,0.3458709621003696,0.11996804736554623,0.14959298420165265,0.0029103359473603113,0.20747125335037708,-0.053911522563014715,0.2620622845632689,0.25845659683857647,-0.0025472470026995453,-0.024091977093900954,0.3258987707751138,0.09196192771196365,0.08092526506100382,0.03644566876547677,-0.08171730275665011,0.23804753486599242,0.193364822438785,0.02374978842479842,0.02930146668638502,-0.0583571983235223,-0.04877880960702896,-0.11661978997290134,-0.03465956023761204,0.04909798037260771,0.06831105266298566,-0.09838669813637223,0.026096527065549577,-0.07910061827195543,-0.12903341863836562,0.0006917107052036694,-0.1489959784916469,0.1271743101200887,0.053025975823402405,-0.12746507568018778,-0.0955979305186442,-0.12053993131433215,-0.13094951105969294,-0.09908473172358104,-0.0929364635209952,-0.1168745756149292
ERR1746684,1,-0.11986285660948072,0.13146484111036574,0.24097652254360064,-0.05385994252615741,0.34245522000959944,-0.0659009377871241,0.4078634594167982,-0.0048729034523213545,0.7180872495685305,0.1849927662738732,0.2515517062191585,0.6317216902971268,0.2747762916343553,0.36283802706748247,0.463467854474272,0.0839211137167045,0.5251501830560821,-0.0011064569864954268,0.4520437275724752,0.24871532512562616,0.7985362296125719,0.11815022570746285,0.6476931497454643,0.13802964559623174,0.6090018547007016,0.31562912510707974,0.25161044618913103,0.06476694890963179,0.2914380803704262,-0.05224905588797161,0.3774007537535259,0.32326614830110756,-0.02792950426893575,-0.0448554116966469,0.3191270072545324,0.05122321687771806,-0.02663935800748212,0.05003825199258115,-0.10970784670540265,0.16459985077381134,0.15418847224542073,-0.03625148521470172,0.030073600155966624,-0.0810193660935121,-0.10278191949640002,-0.12426422589591571,-0.08340075891464949,0.04772722202220133,0.014032704489571708,-0.12022014121924128,-0.09100318806512016,-0.05348305457404682,-0.11943899786898068,-0.06692438273291502,-0.14727494972092764,0.10535614345488804,0.04031345886843545,-0.1044622827321291,-0.11197815017242517,-0.11892598335232053,-0.10747049868639026,-0.10328583685415131,-0.07194528968206473,-0.07532885138477598
ERR1746685,1,-0.12320262539599623,0.03614042167152677,0.1661875450185367,-0.09222976184849228,0.26772904502493994,-0.07219067185984127,0.2473808896860906,-0.0921590994777424,0.5491596641285079,0.0578769538551569,0.20570470073393413,0.5316735139515784,0.14960530470956915,0.2421065058026995,0.2958972358277866,0.044730124196835926,0.4194786816702357,-0.03833826311997005,0.40175087856394903,0.20420204954487936,0.5882464093821389,0.11941551949296679,0.5323831130351339,0.06819271189825875,0.46290342030780657,0.19322444764631136,0.17888279857912234,0.03702505438455513,0.245360598766378,-0.0484450672354017,0.2745921074279717,0.3419891084943499,-0.0011268220841884613,-0.01907026900776795,0.2949015402368137,0.035738735858883174,0.05917681903312249,0.025370467188102857,-0.09614514399852071,0.20834126536335265,0.14802604062216623,0.0011227822729519435,0.016594667519841875,-0.054064550303987095,-0.07696967678410667,-0.1014201571898801,-0.06682525229241167,0.02144246841115611,0.053641616233757565,-0.10347857835170414,-0.02643553220799991,-0.04784250871411392,-0.12090899103454181,-0.021059732218938216,-0.15390912869146892,0.12718830443918705,0.02915093089853014,-0.1199432113873107,-0.10916862729936838,-0.12368414178490639,-0.1198001251156841,-0.0890458705169814,-0.08242825239098497,-0.0996750539966992
ERR1746686,1,-0.1285874436476401,0.06055439103926931,0.1584508548091565,-0.08844400489968914,0.2900889020945345,-0.07113474574206131,0.24394731223583221,-0.08947725727089814,0.5594298844890935,0.06792860531381198,0.1881742998957634,0.5072520500315087,0.1496157584312771,0.26323774164276464,0.3205689936044759,0.054295433685183525,0.388641248789749,-0.040912706937108724,0.40408461328063694,0.18952005622642382,0.6621010420577866,0.11824172309466771,0.5401227378419468,0.08554518116371972,0.47319169129644123,0.19703499673466598,0.18645834949399745,0.04643285763449967,0.26454680998410496,-0.05044308890189443,0.32544485107064247,0.31143949633198126,-0.009832747945828097,-0.012556026024477822,0.32715617439576555,0.05712552900825228,0.07403266935476235,0.026250866541106786,-0.092388388301645,0.2064621544310025,0.18066008309168474,0.024870496775422777,0.017099534826619283,-0.06257815599175436,-0.0735278840043715,-0.10561370636735644,-0.042914549953171184,0.025242652744054794,0.06321073642798833,-0.09355675003358296,-0.027898520231246948,-0.06849765511495727,-0.11785250742520605,-0.010850490336971623,-0.15196445477860315,0.13415363670459815,0.02891036548784801,-0.12219365473304476,-0.1068305220188839,-0.12107782331960541,-0.11654849563326154,-0.09725850075483322,-0.07996337468336735,-0.10034474091870445
ERR1746687,1,-0.1286091810657776,0.11984823431287493,0.23355698958039284,-0.024996370875409672,0.35285987784819944,-0.07530866510101727,0.3370320492956255,-0.038028511085680554,0.6720121558755636,0.08235305015529905,0.2157315340425287,0.6229024284652301,0.24347881733306817,0.2658964235867773,0.4641467386058399,0.09120688321334976,0.46064109461648123,-0.01746079538549696,0.45154402564678875,0.22186124750546046,0.7693956664630345,0.09195034099476677,0.5781710044081722,0.1406030777309622,0.5121573720659528,0.2633435695565173,0.1904007430587496,0.03931867816884603,0.28543269366907353,-0.045624458364077976,0.3306159611259188,0.27506115819726673,-0.027569857026849474,-0.05939736217260361,0.3630959593823978,0.0642671063542366,-0.0003526306578091213,0.03107438063515084,-0.09376171763454165,0.18222433222191675,0.20953542739152908,-0.03507540800741741,0.014294013913188661,-0.08529748035860914,-0.10091254434415273,-0.11953320833189147,-0.045376255842191834,0.07476596853562764,0.02608757253204073,-0.1262776649424008,-0.08278850865151201,-0.05353405539478574,-0.11907824235303062,-0.01711484949503626,-0.14956248019422805,0.1002228134976966,0.03260421646492822,-0.11360319171633039,-0.11231594585946628,-0.12034504009144646,-0.10662756394594908,-0.11377575461353574,-0.07548051021460976,-0.07987693138420582
ERR1746688,1,-0.10336068339113678,0.22275759705475398,0.3428452696119036,0.021812737453728914,0.41648113408258985,-0.02236033816422735,0.7140800186565944,0.03519557709140437,0.8769509834902627,0.28357177320867777,0.3707494109735957,0.7853721070901624,0.38847084982054575,0.4122417639674885,0.5475593621709517,0.11810206834759031,0.6826446056365967,0.08401152904012374,0.5805265360644886,0.33217237357582363,0.8734070767448949,0.2117323311311858,0.777713927041207,0.19857510232499667,0.7246989905834198,0.41551370173692703,0.3025292860610144,0.07691675863627877,0.3570969777980021,0.00585965918643134,0.3718813679047993,0.3541758358478546,-0.012022171701703752,-0.04700179610933576,0.21970259132129805,-0.00710923650435039,-0.10878436407074332,0.032632124211106985,-0.11526794152866517,0.08592682651111058,0.07662845190082278,-0.10510793115411486,-0.041871745588390956,-0.0707770730368793,-0.1156493169920785,-0.13043125931705749,-0.1109003092029265,0.021664930241448537,-0.03292906816516604,-0.12567092531493732,-0.13232577272823878,-0.052869590797594616,-0.11914830282330513,-0.1111465296042817,-0.1310235634446144,0.04618545116058418,-0.0324361478643758,-0.09478243573435716,-0.10576936190149613,-0.11603797519845623,-0.09310254082083702,-0.11508889150406633,-0.07333820115309209,-0.059622669991637976
ERR1746689,1,-0.09602378734520503,0.25678708084992,0.36962353544575827,0.030982867681554387,0.48736218305670526,-0.007011080426829202,0.7578583572592054,0.08301851020327636,0.9437479871724334,0.3283664786389896,0.4049313834735325,0.8252073877624103,0.43859303423336576,0.4946313862289701,0.6016288569995335,0.13766523231086986,0.7254606229918343,0.08027965681893486,0.5677185024001768,0.34546428493091036,0.9810612387955189,0.21389640867710114,0.8514718559703657,0.2235042450151273,0.7658630391316754,0.4793250731059483,0.31298534997871946,0.089005522296897,0.3851208918328796,0.00451413169503212,0.43903965822287966,0.3660932646266052,-0.013438986880438668,-0.04278467542358807,0.2295714659350259,-0.00919187521295888,-0.1268701276608876,0.034275301332984655,-0.11624513460057122,0.06243693296398435,0.09079534986189433,-0.09877904717411314,-0.040958456961171966,-0.07510543002613954,-0.11402294039726257,-0.13392454705068044,-0.11065202419246946,0.013547302822449378,-0.038789168532405584,-0.12805076635309628,-0.14118915583406175,-0.04459248004215104,-0.1190005572778838,-0.11068999095420752,-0.1286878607102803,0.03575522203131446,-0.022858799568244388,-0.08243084725524698,-0.10858100240251847,-0.11247278816465821,-0.08604086902258652,-0.0998644268672381,-0.06788696498343987,-0.05201119650155306
ERR1746690,1,-0.06878196181995529,0.2389167376926967,0.3618800416588783,-0.01063396196280207,0.3666293573166643,0.009852957645697253,0.6939100516693932,0.0984792025493724,0.9158338670219693,0.3481556972754853,0.389363203729902,0.7640110291540623,0.34587117603846956,0.46217170144830433,0.4932879427714007,0.22292669995554856,0.7795478808028358,0.18477252232176916,0.5709594589258943,0.33793276229075025,0.8314659115858376,0.3364530349416392,0.8055730682930776,0.16703365184366703,0.8155963506017413,0.5074081676346915,0.3216064996086061,0.1097276397049427,0.49782630801200867,0.080429060118539,0.42129657523972647,0.35727111037288395,0.006218826132161277,-0.016959506486143385,0.2473811081477574,0.0009916642946856363,-0.08934729865619115,0.07496625451104981,-0.11447393175746713,0.011860877275466919,0.029750126280954907,-0.09603508136102132,-0.05857716128230095,-0.05035840518706079,-0.10356186649629048,-0.11405155887561184,-0.12631970930046268,0.08750521498067039,0.08111081245754447,-0.09093973759029593,-0.1365882626601628,-0.08963068388402462,-0.1105051322707108,-0.12185818236321211,-0.12964480370283127,0.12071316815646631,-0.014380887150764465,-0.08522603953523296,-0.09609646529757551,-0.09097135120204516,-0.08690981340727635,-0.11627808984901224,-0.08498896250966936,-0.06014864066881793
ERR1746691,1,-0.08222001897437232,0.314131640962192,0.4211278408765793,0.08996251687806632,0.5443380932722773,0.00965885551912444,0.8600288161209652,0.1410886493644544,1.0294940897396632,0.3634137638977596,0.4273734374770096,0.8959157562681607,0.47899032703467775,0.5320851228066853,0.6672384685703686,0.16579829482361674,0.7746215058224541,0.10633694699832372,0.6215505748987198,0.37394177966884207,1.051555105618068,0.2248104927795274,0.9334457394267831,0.26527405423777445,0.8131712707025665,0.532423979469708,0.35704871799264637,0.10448945340301309,0.4176455911781107,0.006579795054027012,0.469295326088156,0.3516478056886366,-0.0034121849707194735,-0.05751386071954455,0.23903362027236394,0.005928138404020241,-0.139926943395819,0.0458474765930857,-0.11297520037208285,0.05780806818178722,0.09737086083207812,-0.1153733879327774,-0.037998442138944356,-0.08421158155293337,-0.12067751799310956,-0.1358287866626467,-0.10692103020846844,0.02795306353696755,-0.049009502466235845,-0.1254628034574645,-0.14696101205689566,-0.03660101071000099,-0.11883140887532916,-0.11121726222336292,-0.11953002799834524,0.016759311946641122,-0.01873218214937619,-0.07720474313412394,-0.10924096189306251,-0.10873247736266681,-0.08096025564840861,-0.09986830329788583,-0.06908262279050957,-0.04800910123490861
ERR1746692,1,-0.10923283003337149,-0.08842367785317558,0.11958063393831253,-0.11200776217239243,0.07206632343253919,-0.10327811925006765,-0.03323912673762867,-0.10955504434449333,0.3702045753930828,-0.09693645020680768,0.1086157912588013,0.35513914057186674,-0.010601164507014411,0.11611411294766835,-0.022408994180815562,0.05734021269849369,0.3279085361531803,-0.09851852697985512,0.18765139400160738,0.09619047599179405,0.297633877822331,0.023374313754694804,0.3090504173721586,-0.06694325911147254,0.14995963498950005,0.057558050379157066,0.054971947999937196,-0.050609100610017776,0.1187065238399165,-0.0749883803405932,0.22878113495452063,0.45857823320797514,0.21149849465915135,0.07264574830021177,0.4013510303837912,0.24976946519953863,0.31256778272134916,0.07850306215030807,0.01709516772202083,0.3811233394912311,0.3690424087856497,0.2476030151758875,0.14435850828886032,-0.02397872507572174,0.08732089653078999,0.06636686170739788,0.012214412646634238,0.14240047641630685,0.15126784292182752,-0.007942045905760356,0.16891301263655936,0.1338182794196265,-0.11957780697516032,0.034310001347746165,-0.12049879506230354,0.248636608677251,0.19708605855703354,-0.08038826180355889,-0.04678420030644962,-0.0625075516956193,-0.0968370150242533,0.0521823489772422,-0.10829650397811617,-0.11824453728539604
ERR1746693,1,-0.08746114107114929,0.31461769874606815,0.4117833014045443,0.08654753359899457,0.5546246990561485,0.008013188972004823,0.8634783497878483,0.12618104315229825,1.0096011135194982,0.35875738731452395,0.4280535925977996,0.8912734857627324,0.47083290772778646,0.5389853279505458,0.6587985349552972,0.17066568601876497,0.7402281314134598,0.10343635827302933,0.6220682880708149,0.36181493795343805,1.0612502098083496,0.23354257962533406,0.9235315674117633,0.2665319208587919,0.8132599012127945,0.5329725465604237,0.36789022386074066,0.10400478595069476,0.41529576001422747,0.0032485595771244596,0.46709468215703964,0.36214886020336834,-0.012163018541676658,-0.05289898972426142,0.2268297209271363,0.002206826050366674,-0.14078019985130855,0.03834008212600436,-0.10998296391751085,0.05577317838157926,0.10042436420917511,-0.10876379441469908,-0.03834869233625276,-0.0798063639418355,-0.12203090850796018,-0.13504215755632945,-0.1032248656930668,0.017083043631698405,-0.042667473533323834,-0.12885284104517528,-0.14545601925679616,-0.041192272411925454,-0.11799733872924532,-0.10566633846610785,-0.12037534107054983,0.01810987396830959,-0.031609351613691876,-0.08203212185097593,-0.10931349256342011,-0.10908675632838692,-0.0809100707327681,-0.09831884756152119,-0.06625384919711255,-0.04864771883668644
ERR1746694,1,-0.11914117102112089,0.22312536090612411,0.3132668456860951,0.027402853327138082,0.40989147765295847,-0.022617188016218797,0.6971123133386884,0.004209923291844981,0.8526365762310368,0.2666505973985685,0.37646536262972013,0.7739796393683979,0.37034751794167925,0.41047441081276964,0.533060511308057,0.10466788725794426,0.6608282519238335,0.06856967761580433,0.5653327549142497,0.3226498471839087,0.8584817312657833,0.21942704463643686,0.7517946547429476,0.1774919903171914,0.7427145285265786,0.42859500859464916,0.29254415445029736,0.08247367053159646,0.34784454945474863,0.001726437360048294,0.3589364162513188,0.363587703023638,-0.014518694153853826,-0.05181455399308886,0.2239826555762972,-0.01616158096918038,-0.10448903503960796,0.020833051364336694,-0.11340869863384537,0.09727410865681511,0.08676010583128248,-0.09301118339811053,-0.03717972684119429,-0.06475060789047607,-0.12005555629730225,-0.13056178284542902,-0.1023186772529568,0.009155865758657455,-0.026061165013483593,-0.12226130760141782,-0.1198751734835761,-0.056866257318428585,-0.11667475263987269,-0.10459286054330212,-0.13366201307092393,0.04720451802547489,-0.04808854524578367,-0.09706449162747179,-0.10595225955226592,-0.11403159291616508,-0.08988340119166034,-0.10698675390865121,-0.07088011448338095,-0.06078957473593099
ERR1746695,1,-0.10792349199099201,0.1473253071308136,0.3277314580710871,-0.05130005095686231,0.32063022442162037,-0.013840685997690474,0.5522339280162539,-0.029503400304487774,0.776065065392426,0.262599185907415,0.33728274224059923,0.746359438768455,0.3130474878208978,0.3685271899615015,0.42698093929461073,0.08149806755994048,0.669092948947634,0.0830888613127172,0.5115027108362743,0.33338874525257517,0.6734353362449578,0.2591876664331981,0.6494603502963271,0.09819282378469195,0.7190254841532026,0.37006098457745146,0.2710767007832016,0.07677444569500429,0.3763111936194556,0.020115938569818224,0.3482237160205841,0.41555448435246944,-8.668218340192522e-05,-0.02551107481122017,0.2568339079485408,-0.023052290614162172,-0.04457634501159191,0.036744815962655206,-0.11671982519328594,0.10171079103435789,0.0437333525291511,-0.08245190232992172,-0.034822173948798864,-0.035961744508572986,-0.07616087581430163,-0.1174973292010171,-0.12259715782212359,0.034997623945985525,0.013437919850860323,-0.09903826537941184,-0.10120929564748492,-0.05549725836941174,-0.1146537113402571,-0.11494164900588137,-0.1410579319511141,0.10917908931151032,-0.012957413281713213,-0.08664808768246855,-0.09053194150328636,-0.11428222805261612,-0.09604775825781482,-0.11745405516454152,-0.0819249771302566,-0.07195026161415237
ERR1746696,1,-0.12448678059237343,0.1369496647800718,0.23001791767975582,-0.03996342806411641,0.3996504747441837,-0.024305428976991346,0.4575110503605434,-0.007467740880591529,0.7496420411126954,0.19662768150945859,0.251699040909963,0.6242042899663959,0.3137276406799044,0.4003267400049871,0.4645931954894747,0.0887455761964832,0.5032246921743665,0.031413112367902486,0.5014462018651622,0.25597654762012617,0.8619396332651377,0.16792184008019312,0.6823527930038316,0.1415757973279272,0.6415344931717429,0.34916197455355097,0.2757851726242474,0.07685121960405793,0.28589307463594843,-0.04017812705465725,0.396150712456022,0.34426710604956107,0.0013647425387586867,-0.03830527274736336,0.2777898535132408,-0.0033494019880890846,-0.042936377227306366,0.04944096878170967,-0.12221654877066612,0.12678552099636622,0.12506923718111856,-0.02683074160345963,0.003295724945408957,-0.05922159808687866,-0.09563243495566505,-0.13128167789961612,-0.08301699295459132,0.013474212161132268,0.03309824211256845,-0.11307786511523384,-0.08079751780522722,-0.05585545035345214,-0.1174885838159493,-0.052837942128202746,-0.14059132550443923,0.08096841563071523,-0.005006522472415652,-0.10115174816123076,-0.10962020123510488,-0.11152592248150281,-0.10594761517963239,-0.09017384371587209,-0.06826451833226851,-0.07322171809417861
ERR1746697,1,-0.11996528186968394,0.06116882269270718,0.20721464710576193,-0.09453497374696392,0.19679437364850724,-0.08655042893120221,0.29258270747959614,-0.101745579524764,0.6185062378644943,0.14497154532000422,0.2628064357808658,0.5647358142637781,0.22469968987362726,0.23998297538076127,0.27637879976204466,0.018186377627508982,0.5006296848878264,-0.016430414148739407,0.3261525567088808,0.24146671752844537,0.5537319448776543,0.12356172076293401,0.5713332141084331,0.08288701836551939,0.5828764534422329,0.288106806576252,0.18873448457036698,0.033316735976508687,0.2781523704429024,-0.013008980346577508,0.2937775195709297,0.3589588903955051,0.00675636636359351,-0.012534677450145994,0.28034570068120956,0.04509741041277136,-0.0019838299070085797,0.023585036929164614,-0.0978801202561174,0.20085233556372778,0.1067126031432833,0.010239643710000175,0.005877687462738582,-0.040520129937379225,-0.08310263870017869,-0.11135678997795496,-0.08765306510031223,0.03841638724718775,0.006526026076504162,-0.07409327583653587,-0.025832713448575566,-0.03907560131379536,-0.11961056771022933,-0.06467240463410105,-0.14826379077775137,0.13059308925377472,-0.007079130836895534,-0.10589127668312617,-0.1170052984463317,-0.12299577678952898,-0.11449997180274554,-0.10874648232545171,-0.08688405029741782,-0.09524572268128395
ERR1746698,1,-0.1280241339866604,0.06369755736419133,0.1327463947236538,-0.06961609502988202,0.280859720494066,-0.09340061942514565,0.1507915398105979,-0.12260672662939344,0.5555155214055308,-0.008992110545347844,0.16653556483132498,0.5779681844370705,0.15293207551751817,0.13716963252850942,0.1669860024537359,0.038257623623524396,0.3991314678319863,-0.10154727952820915,0.3128675153212888,0.22326526258672988,0.5360419670385974,0.004464570965085711,0.4610793191407408,0.09606686979532242,0.31224282937390463,0.17756168970039912,0.062247807725465724,-0.08628708310425282,0.10332596062549523,-0.04943240327494485,0.23449880749519383,0.3650675482515778,0.04699636671492564,0.029494357960564748,0.3540164530277252,0.14624655033860887,0.08989420134041991,0.05563015716948679,-0.06767643269683633,0.3396097868680954,0.30604762051786694,0.048193888223197846,0.12475550813334328,-0.07090431558234352,-0.02661258354783058,-0.09399161505384004,-0.04045691221420254,0.11010068229266576,0.02794466806309564,-0.06436740128057343,0.08690849585192544,-0.006993784402896251,-0.12247751440320696,-0.03243794345429966,-0.12189547770789691,0.17677551414817572,0.08818741462060384,-0.14023234056574957,-0.08676418648766619,-0.10021890167679105,-0.12984243181667157,-0.09136655926704407,-0.10605881296630416,-0.108061355139528
ERR1746699,1,-0.11941403256995338,0.17544773912855557,0.2947843479923904,0.029083373424197947,0.4828465815101351,-0.04178472076143537,0.5163361398237092,-0.08512755403561252,0.7322529666125774,0.1339938181585499,0.29011957427220686,0.8253074330942971,0.3585863049541201,0.2673739869413631,0.4594853850347655,0.13091258545007026,0.49755536977733883,-0.001893000943320138,0.5258383048432214,0.32178441169006483,0.8701176611440522,0.11511165010077613,0.657217050237315,0.19809375729944026,0.5292942553226437,0.27813674828835894,0.1801617784159524,0.05240156528140817,0.25143791096551077,-0.03061972771372114,0.34273986305509296,0.35018019524535965,-0.013851927327258247,-0.044835727262709825,0.2900224434477942,0.00771808171910899,-0.03424673048513276,-0.01762475020119122,-0.1092533144567694,0.13873637574059622,0.09582972047584397,-0.08843698838193502,-0.014997115092618125,-0.0713035330908107,-0.10044318437576294,-0.12829965592495032,-0.08759509589123939,0.0017832262175423758,-0.02414659463933536,-0.1362345889210701,-0.07859440041439873,-0.03920929878950119,-0.12295777776411601,-0.05220172234943935,-0.13525578379631042,0.048344161827117205,-0.017477626612942134,-0.10655530169606209,-0.11657296576803285,-0.12665644926684244,-0.10765192551272255,-0.10525334679654666,-0.07497986675506192,-0.07661474389689309
ERR1746700,1,-0.11751070778284754,0.11603969229119164,0.3055163687095046,0.0015032078538622176,0.4655095748603344,0.008192249174628938,0.3526622736826539,-0.09504615089723042,0.7190401607326099,0.09278707525559834,0.2733239270746708,0.7952175534197262,0.2878125485564981,0.21899291340793883,0.35412855233464924,0.11160084472170897,0.5268169189138072,-0.03791530643190656,0.5316484730158534,0.28877461701631546,0.7461539836866515,0.0711931318842939,0.6158658698467272,0.130616056067603,0.45931226247921586,0.22320411460740225,0.16768601170874067,-0.018392416515520642,0.15870343574455806,-0.01864222969327654,0.3135944413287299,0.3472602843706097,0.05692753435245582,-0.0033097021015627043,0.3195423718009676,-0.012349310730184828,-0.021730748670441762,-0.0465027109852859,-0.09483040776103735,0.13672672318560736,0.12720926531723567,-0.09482971791710172,-0.011524633105312074,-0.09029456121580941,-0.09882502044950213,-0.12419644517025777,-0.12108064655746732,0.03256775811314583,-0.02603184405182089,-0.12070581263729505,-0.03216865286231041,-0.029262006548898562,-0.12579314623560225,-0.06691170909575053,-0.13283755789910043,0.0845562294125557,-0.01754098598446165,-0.12243760323950223,-0.09641170149136867,-0.12977685566459382,-0.12769782077521086,-0.10562837250264627,-0.0917170172823327,-0.0870143606194428
ERR1746701,1,-0.10503953163112913,0.15781969523855618,0.37072790414094925,0.05504796254847731,0.5167971407728535,0.008121188330863203,0.5279700458049774,-0.06466234475374222,0.7537353219730514,0.14708747129355157,0.28879753819533754,0.8594068259532962,0.3784247256283249,0.30634908843785524,0.48017553027187077,0.14020776376128197,0.5455695624862399,0.021672995361898626,0.6139484718441963,0.3180837609938213,0.9071171485951969,0.14097433989601477,0.7079524440424783,0.17236810496875218,0.5336529394345624,0.2570547174130167,0.21183062717318535,0.050770463954125135,0.2384883938357234,-0.017479605972766876,0.3456334876162665,0.3040922430476972,0.02018495516053268,-0.03586899755256517,0.28037362758602413,-0.020503241568803787,-0.05905053568338709,-0.04249821240747614,-0.1027170354500413,0.08357092099530357,0.09700011901025261,-0.1315972992618169,-0.03377135843038559,-0.0757986708943333,-0.10834939458540507,-0.12937092940722192,-0.10946740156837872,0.016899176208036288,-0.018706063606909344,-0.13015117389815195,-0.07689959236553737,-0.03911863639950752,-0.12824536859989166,-0.05861927781786237,-0.12809692695736885,0.019873010593333414,-0.031332816662532945,-0.11076343857816287,-0.0987790630065969,-0.1235951336898974,-0.10393394117376634,-0.1038650214613881,-0.07616079691797495,-0.07252942265144416
ERR1746702,1,-0.13136176631918975,0.07748642563819885,0.1739658819777625,-0.037341444087879996,0.32339248646582874,-0.0652526430785656,0.2481524145363697,-0.10140944378716606,0.5509681925177574,0.042047129810920784,0.183036170899868,0.5727642197161913,0.19829690137079783,0.1929564500959324,0.2762785851955414,0.05549942768578019,0.4009430578776768,-0.06352008027689797,0.44134553741397603,0.2287975363433361,0.6275782436132431,0.09418666043451854,0.5440100726804563,0.0627406792981284,0.39101255365780424,0.16371774141277587,0.12776594768677438,-0.0009789969772100449,0.16866017399089678,-0.04372586815484932,0.2568781173654965,0.3180764016163136,0.03810181255851473,-0.014271305607897895,0.3005499563046864,0.024055561316864833,0.03938114935798304,-0.026523119370852197,-0.09093421777444226,0.19590643314378603,0.14498589507171086,-0.0516144973891122,0.005895142576524189,-0.051969971507787704,-0.06369915923901967,-0.1255754679441452,-0.08584689328979168,0.024557808148009435,0.03634611304317202,-0.12278465713773455,0.021803574370486394,-0.0479834472560989,-0.128171512058803,-0.026629796251654625,-0.13489482232502528,0.08782365439193589,0.008075790745871407,-0.12496269068547658,-0.09959528967738152,-0.12347018133316721,-0.13204654811748437,-0.07086131828171867,-0.08677814179100096,-0.0914794307734285
ERR1746703,1,-0.130490230462913,0.08569831028580666,0.2096982981477465,-0.01614407157259328,0.3387550615838596,-0.04860785763178553,0.22260216996073723,-0.11148552097646254,0.614385098351964,0.013356722093054227,0.22704900268997466,0.6129599969301905,0.22139331006578036,0.13689488066094263,0.2565729171037674,0.0491603695055736,0.4590667358466557,-0.07215716583388192,0.4279398416568126,0.25487947144678663,0.5609440364642069,0.05505435275179999,0.47480837255716324,0.042730167508125305,0.3371651593063559,0.15102626383304596,0.057407943797963004,-0.07614062487014703,0.10896896258262652,-0.025909874455205033,0.2208922579884529,0.3533671373235328,0.06742751385484423,0.03212276280724576,0.3148369512387684,0.03936498585556235,0.05243849701115063,-0.02424450551292726,-0.059684936489377706,0.2397454668368612,0.20755301136523485,-0.0522548428603581,0.05015370569058827,-0.07609356247953006,-0.054108014064175744,-0.10916002227791718,-0.09840408373357994,0.081067934100117,0.015804506206352795,-0.08119195540036474,0.07793186285666057,-0.004634794646075794,-0.12359829459871564,-0.07607538998126984,-0.1237180158495903,0.106324470735022,0.03620236100895064,-0.13084078473704203,-0.0892428825609386,-0.10617016096200262,-0.1355918680450746,-0.09121866417782647,-0.10147716568982494,-0.1092578044959477
ERR1746704,1,-0.05804682097264698,0.41343536760125843,0.47880383634141516,0.12496339995414019,0.8000838293560913,0.1149207976247583,0.9166500802550998,0.2183310730116708,1.1885788866451807,0.43882047278540476,0.4635572539908545,1.0153999333935124,0.4942025584833963,0.6894233405057874,0.8078990536076682,0.24683483743241855,0.7915573029645852,0.15926596309457505,0.7620150702340263,0.3534959208752428,1.2988688030413218,0.22117518846477782,1.1564626466216785,0.3279875953282629,0.9089086029146399,0.6106157302856445,0.48648373995508465,0.15272695384919643,0.4426539646727698,0.009570963148559843,0.6381010370595115,0.4395056762067335,-0.00745445689452546,-0.03997006506792137,0.25908863118716646,0.004583038123590606,-0.13559414659227645,0.07073349505662918,-0.08844793754230652,0.02700835040637425,0.12196482185806547,-0.09208722838333674,-0.034474264298166545,-0.08723711308890156,-0.12366774984236274,-0.12528774355139052,-0.10513892889555011,0.016479112207889557,-0.022601751876728877,-0.12997331363814218,-0.1495777027947562,-0.02838966835822378,-0.11166873574256897,-0.0766786839812994,-0.11482850941164154,0.08815468763350509,-0.043552382183926444,-0.04437305515498987,-0.1046390863900472,-0.09320336573624186,-0.0761732734141073,-0.08544609828719071,-0.05702570390089282,-0.039447852077760866
ERR1746705,1,-0.08747389273984092,0.28633141943386625,0.37164224843893734,0.042640592636806626,0.6267895337992481,0.03422645479440689,0.6970462415899549,0.15670358283179148,0.9755150015865054,0.3363996222615242,0.34956597856112887,0.8414379027672112,0.4132224789687565,0.5822351274213621,0.6338973960706166,0.18493615968951158,0.6752096536968436,0.09347782071147646,0.6403486457254205,0.3018393766667162,1.1169163116386958,0.1952326659645353,0.9771636250827994,0.23558833583125047,0.7728838925915105,0.4608096501656941,0.38683997094631195,0.117148925550282,0.3862086130040033,-0.023483393447739736,0.5158370924847466,0.3743512417588915,-0.005292125046253204,-0.03967945171254022,0.24885464778968266,0.01870918646454811,-0.11732434268508639,0.04547787723796708,-0.10026232126568045,0.06383367308548518,0.13372905924916267,-0.09488808576549802,-0.02528297794716699,-0.08106510544062726,-0.11687973141670227,-0.1328121636595045,-0.10227160062640905,0.03585373929568699,0.009219344705343246,-0.13397216317909105,-0.14035175847155706,-0.04886164462992123,-0.11274132558277675,-0.06101802171074918,-0.12555834757430212,0.061041934798205535,-0.04576510989240238,-0.09224866370537452,-0.10713116262507226,-0.09873767656141094,-0.0841587324892836,-0.08623693258102451,-0.06124541788761105,-0.05066568284694638
ERR1746706,1,-0.07281487421797854,0.17064531360353744,0.3014532994878079,-0.04145996698311397,0.3756188092354153,-0.021016584975378855,0.6236885956355503,0.10614778048225812,0.8166204243898392,0.3168248313346079,0.3448491564818791,0.6857870710747582,0.36478253161268576,0.44305787927338053,0.4584855543715613,0.101622609687703,0.7765560277870723,0.07470822440726417,0.4701882281473705,0.3030488046684435,0.8027550482324192,0.229407827769007,0.7860539928078651,0.1537923323256629,0.7308767352785382,0.49610541122300283,0.27523372255797895,0.06310491756136928,0.3977502148066248,0.03256269996719701,0.41684194122041973,0.3717986526233809,0.022469991019793918,-0.021883325917380198,0.22763741176043237,-0.00044527224131992886,-0.09880750839199338,0.038360772388322015,-0.11791898842368807,0.04211333819798061,0.07366139228854861,-0.09022869169712067,-0.04782320399369512,-0.05488337722740003,-0.10109052594218935,-0.11893221310206822,-0.12049503943749837,0.04126545467547008,0.017712271639278958,-0.10527566647423166,-0.1290264055132866,-0.0796511359512806,-0.1259454100259713,-0.10490182487826262,-0.13828359970024653,0.07395891745441727,-0.03033796857510294,-0.1003391548459019,-0.11168982035347394,-0.11544140641178403,-0.09354796845998083,-0.10893543623387814,-0.08286249489589993,-0.07196820208004542
ERR1746707,1,-0.06694285678012031,0.18005571833678655,0.265340292959341,-0.022537349058049067,0.41847745994372026,-0.012037478919540132,0.5778925099543163,0.1480389375771795,0.8233689591288567,0.33210151961871553,0.3257796721799033,0.6810492383582252,0.3575825685901301,0.4874936704124723,0.4709162169269153,0.08862904525761094,0.7530911607401711,0.027060857308762416,0.4676129525261266,0.3043289328260081,0.8315890452691487,0.19035846207823073,0.7917071029909754,0.17575124531452144,0.7024922530565944,0.5352556925000889,0.2550515021596636,0.006885104413543429,0.3234645404985973,0.020135707621063505,0.3915358707308769,0.3651021889277867,0.004032873681613377,-0.014247778537017959,0.21414796901600702,0.004092394773449216,-0.11069023236632347,0.03235297490443502,-0.11897906554596764,0.02844813572508948,0.06451896045889173,-0.10505794201578413,-0.05916541176182883,-0.06593135438327279,-0.09873038104602269,-0.12545914096491678,-0.11915733718446322,0.0468027942946979,0.01244049412863595,-0.11656748397009713,-0.10797174461185932,-0.08633566222020558,-0.13374129150594985,-0.107804822070258,-0.13560842084033148,0.04817627463489771,-0.04403335654309818,-0.10906628306422915,-0.11832355737819203,-0.11683670191892556,-0.0971193542437894,-0.09892792121640273,-0.0827344277474497,-0.07537260704806872
ERR1746708,1,-0.09989099310977119,0.10015111815716539,0.18152315808194025,-0.048998396577579637,0.3249949248773711,-0.03354198858141899,0.39915789450917927,0.05997363132025514,0.6555779970117978,0.2601134131795594,0.24748504800455912,0.5228017504726138,0.26175206899642944,0.3977410261120115,0.3627408391663006,0.027477003101791655,0.6427746074540275,-0.03830899191754205,0.4306179264759911,0.2222672700881958,0.7110185788146087,0.1680120016847338,0.6646083423069545,0.08770687292729105,0.5989539154938289,0.4172183448182685,0.1844025988663946,-0.03953533699469907,0.2396952584385872,0.015303412186247962,0.29217151339565006,0.33769844632063595,-0.002766106809888567,-0.0005916474120957511,0.19090247428097687,0.033647920936346054,-0.041086233620132716,0.013644957116671972,-0.09874335889305387,0.06209686025977135,0.058283351361751556,-0.08177378560815539,-0.06311849345053945,-0.07211520735706602,-0.0891798883676529,-0.1104797539966447,-0.12141847613799785,0.05310180996145521,0.061599367431231906,-0.0992569210273879,-0.03946424009544509,-0.11281997604029519,-0.13015199159937246,-0.09399343840777874,-0.1331972958786147,0.08519751957750746,-0.07275216281414032,-0.1299486080450671,-0.11671958251723222,-0.1193753398422684,-0.11191178259572812,-0.08769930047648293,-0.09056370984762907,-0.10071349676166262
ERR1746709,1,-0.05459169391542673,0.310953252017498,0.370823615363666,0.04205716560993876,0.6030516190720456,0.02665245532989502,0.8071945309638977,0.23872955795377493,1.0075053205447537,0.3920674417167902,0.40258243919483255,0.8154661423925843,0.4613753525274141,0.6066373373780932,0.6455931631582124,0.18593371925609453,0.7979542080845151,0.1228250584432057,0.5920261746006352,0.3285887416984354,1.0810169066701616,0.24266671176467622,1.0117785452000265,0.25484823488763403,0.829025322837489,0.6257301781858716,0.3823841948594366,0.12021099004362311,0.4393079372987683,0.025152755102940967,0.5452628987176078,0.3744331811155592,0.013477458485535212,-0.04348362343651908,0.2352617627808026,-0.0007405408791133336,-0.14178274997643062,0.05630537973982947,-0.11357333457895688,0.0027697054403168814,0.11262841735567365,-0.10982192414147514,-0.03504791855812073,-0.0797655894421041,-0.11646777604307447,-0.13495734866176332,-0.108527300480221,0.03348843540464129,-0.024311555283410207,-0.12771167818989074,-0.14929911920002528,-0.05854806197541101,-0.13112519255706243,-0.09479277517779597,-0.12340068338172776,0.029882690204041346,-0.03126162929194314,-0.08680942441735949,-0.11383074116227883,-0.10554598245237555,-0.08045527122781745,-0.09348433983645268,-0.07022734392999805,-0.056424516519265513
ERR1746710,1,-0.1181213493858065,0.0035788180040461676,0.21539599129131862,-0.04384557457108583,0.33963558902697905,-0.062275313905307224,0.19376345750476634,-0.09351354426637824,0.5980808724250112,0.04470482920961721,0.1756388055426734,0.6211541337626321,0.22447248069303377,0.12886266353806214,0.3130844663163381,0.03317761713904994,0.4326961391738483,-0.07536512400422778,0.35814380645751953,0.2642727569410844,0.5916002705676614,0.03300570057971137,0.4978973796325071,0.07733671154294695,0.2902939436691148,0.1302707001699933,0.06491538350071226,-0.06726943901074785,0.17564201461417334,-0.04674837525401797,0.2621366988335337,0.30673642323485445,0.031823605565088134,0.002160947270957487,0.34450973889657427,0.036987358038978915,0.06663192648972784,-0.018800231495073864,-0.09308386845181563,0.2595364313040461,0.219400092959404,-0.05045931466988155,0.007359647857291358,-0.07150561562074083,-0.04831333777734211,-0.07474473438092641,-0.0758040685738836,0.09861212649515697,-0.011105616177831377,-0.11284338203924042,0.040744678782565255,-0.027352361806801388,-0.13187928284917558,0.018183693821941103,-0.12297713277595383,0.11400251961978418,0.08840875327587128,-0.12720253318548203,-0.10487307288816997,-0.14563477677958353,-0.13293871669364826,-0.08321347619806017,-0.08297842814187918,-0.1015045525772231
ERR1746711,1,-0.11035560337560517,-0.053397356665560176,0.11523219464080674,-0.10670124805931534,0.10732609512550491,-0.07814224463488374,-0.008353527635335922,-0.12412958166428975,0.39058808450187954,-0.0829753407410213,0.11574409902095795,0.3739459908434323,-0.005778298314128604,0.02348712193114417,0.04698333889245987,0.0062805455444114545,0.3250979163816997,-0.06664077511855535,0.2425586139517171,0.1191899733883994,0.22336168906518392,0.01808562289391245,0.3059890078646796,-0.07079951831006578,0.20741100343210356,0.03442634455859661,0.08642629853316716,-0.030625220787312304,0.10554507268326623,-0.04918433326695647,0.2382812603775944,0.48606631851622034,0.1291825902382178,0.06783876002633146,0.3563286481159074,0.12152270014796938,0.33873751014471054,-0.006952447284545217,0.007687931614262717,0.35643627654228893,0.2554961331188679,0.21677879506855138,0.13114457071891852,0.042628849523940256,0.06909941402929169,-0.0021934805970106807,-0.025685997945921763,0.07917855024113253,0.0841460142816816,-0.014981251343020372,0.24280189084155218,0.14574602033410752,-0.12214059382677078,0.05050980652283345,-0.10872515197843313,0.25574798243386404,0.15238202469689505,-0.1039989189510899,-0.06506602439497199,-0.10667536514145988,-0.06403797652040209,0.025449769837515696,-0.09818168144140925,-0.12782501482537814
ERR1746712,1,-0.12013043356793267,0.04901193281901734,0.2504344464146665,-0.07944683823734522,0.2978554719260761,-0.04096228097166334,0.315715529024601,-0.09747217023479086,0.6465539092730198,0.12991654287491525,0.2296372867588486,0.6426055312954954,0.19360474097941602,0.1914990395307541,0.29642135969230105,0.05467874503561428,0.49363758734294344,-0.014875431145940508,0.43020311849457876,0.2579804142670972,0.5948292197925704,0.09199481457471848,0.5631128283483642,0.06788002273866109,0.5023811454219478,0.2357091781284128,0.22654093642319953,0.03272351383098534,0.23729754917855775,-0.030096420219966342,0.3188394749803202,0.3762522946510996,0.0006883782999856132,-0.006316860339471272,0.2557377304349627,0.006883822913680758,0.02977903825896127,-0.004386553540825844,-0.11700513506574291,0.17742901934044703,0.0979876092502049,-0.05579911704574313,0.004541448184422084,-0.05122464309845652,-0.09600842105490821,-0.12032244141612734,-0.10641951652775918,0.045379377103277614,-0.01714013922693474,-0.11178770395261901,-0.04633424750396183,-0.04107893630862236,-0.1272273755499295,-0.05851317649441106,-0.14952060686690466,0.12954471127263137,0.044843433158738275,-0.10719562428338188,-0.10019643059266466,-0.13060204897608077,-0.11671978448118482,-0.11392672865518502,-0.09101714346823948,-0.09378483412521225
ERR1746713,1,-0.1143139840236732,0.004932083721671786,0.18348017494593347,-0.05729383622695293,0.28184174054435324,-0.07949651751135077,0.16007565121565545,-0.11012720609349864,0.586441593510764,0.03689405149114983,0.13606493760432517,0.6199041173926422,0.19169163025383437,0.10212719280804906,0.24802474145378386,0.03482877702585289,0.38944331436817137,-0.07035933860710689,0.3333385774333562,0.235274698851364,0.563796877861023,0.02259815643940653,0.4763583540916443,0.07046232053211757,0.30047450427498135,0.11744999406593186,0.11944370131407465,-0.04020066027130399,0.17886388899309427,-0.047951912241322656,0.3138563028935875,0.3591972807688372,0.041575369358594925,-0.0018012140478406633,0.32967225142887663,0.062467071626867564,0.07400406870458807,-0.005696232031498637,-0.10174784090902124,0.2728229295794985,0.21530962868460587,0.0161837600171566,0.03143403146948133,-0.05362374495182719,-0.056962759367057254,-0.10230834516031402,-0.07669557524578911,0.08057814690151385,-0.02223640148128782,-0.11736749272261347,0.038971322921237776,-0.013102897575923375,-0.1293776093849114,0.01842145249247551,-0.1332518681883812,0.15705477625929884,0.11114828394992012,-0.12473240228635925,-0.10211727848010403,-0.1428452804684639,-0.12630576214620046,-0.10861517382519585,-0.09361606018085565,-0.10551413734044347
ERR1746714,1,-0.11506712170583862,-0.010662023510251726,0.16313297567623003,-0.08249649352260999,0.19998864526860416,-0.061834189508642466,0.12164030224084854,-0.12732682802847453,0.5043966323137283,-0.005871236257787261,0.1536184943148068,0.5068027669829982,0.12422929305051054,0.08376276612813983,0.19114117111478532,0.033968547359108925,0.39060002219464096,-0.06582413081611906,0.30683342260973795,0.20983615783708437,0.397052565323455,0.03684517847640174,0.3827109911612102,-0.00043594571096556526,0.29144779220223427,0.10847014827387673,0.10620079407401915,-0.031224364946995462,0.15416498575359583,-0.04856848024896213,0.24493676211152757,0.4484902263752052,0.0625350447371602,-0.0013867606009755815,0.2990783154964447,0.0648758698787008,0.15453456235783442,-0.00503448343702725,-0.07011176592537335,0.2758702699627195,0.1721901326839413,0.05312511218445642,0.050446626996355395,-0.014240243339112826,-0.01753913185426167,-0.05933245271444321,-0.09115333695496831,0.07487541916114944,0.0015908182997788703,-0.07643407796110425,0.09569011735064643,0.035901933908462524,-0.12483505957892962,-0.030443429946899414,-0.13836815314633505,0.17095284376825606,0.10002975086016315,-0.11396388443452972,-0.0840645067925964,-0.13440546606268203,-0.11218491143413953,-0.07514861013208117,-0.09612541991685118,-0.12711106134312494
ERR1746715,1,-0.11485211817281586,-0.06168532956923757,0.0958424402134759,-0.10022044461220503,0.07223762039627347,-0.10133791997629617,-0.010647801948445184,-0.127457323883261,0.40930562892130445,-0.051702839721526415,0.055039694266659875,0.40853332355618477,0.0376751928457192,0.010644717408078057,0.04415619958724294,0.008275001176765986,0.2839233800768852,-0.08944091945886612,0.23123648230518615,0.16215152399880545,0.31194579707724707,-0.023958012461662292,0.2538640371390751,-0.049844758585095406,0.1832684874534607,0.047997528687119484,0.09895380080810615,-0.0577721039631537,0.11470193203006472,-0.059635067624705176,0.3347712651427303,0.5269739590585232,0.12479254297379937,0.10312676642622266,0.36087076153073994,0.19099575760109083,0.2549788621919496,0.026051213964819908,-0.015337652792888028,0.3795262213264193,0.2694442813018603,0.23398944802050078,0.12236611571695123,0.030439981924636022,0.04753305230821882,-0.03707919429455485,-0.04979941248893738,0.16777725677405084,0.049084188150508065,-0.013293109302009855,0.2501795877303396,0.14228140030588424,-0.12158350806151118,0.014593853881316525,-0.10014655334608895,0.298141102705683,0.2019983891929899,-0.11401691354279007,-0.049194074634994776,-0.11140463607651847,-0.043658043657030375,-0.05238250243876662,-0.08951730613729783,-0.12558157768632686
ERR1746716,1,-0.09951177345854896,-0.11036787661058563,0.1332737026470048,-0.1108657568693161,-0.06289708813918489,-0.10939532345426935,-0.09145275396960122,-0.12290034230266299,0.3540677587900843,-0.15110675458397185,0.03473593667149544,0.2264807466417551,-0.023551693452256068,-0.031314196065068245,-0.05232890056712287,-0.038291254213878086,0.3066364862024784,-0.09729543115411486,0.11827002572161811,0.1001029945909977,0.13901840363230025,-0.030756122831787382,0.28194103283541544,-0.09903613504554544,0.10519574569272143,0.011710388319832938,-0.05668245522039277,-0.11174066657466548,0.12247491817522262,-0.028922822326421738,0.15064832360076252,0.3590566856520517,0.1936803353684289,0.18457398670060293,0.3028604281800134,0.4215938427618572,0.31738596835306715,0.08223487822605031,0.1697344963571855,0.5833812310759511,0.4376910871693066,0.22985992740307534,0.20152330185685838,0.03047601878643036,0.13672825966828636,0.11013770901731082,-0.0007998953972543989,0.24943519702979497,0.11647369819028038,0.07676014410597938,0.24870350158640317,0.12490039957421166,-0.12800175749829837,0.08565870152753112,-0.06596877026770796,0.4020726042134421,0.2897577184651579,-0.09636710956692696,-0.029306040278502872,-0.07024385780096054,-0.03281412592955998,-0.005475758441856929,-0.11266634879367692,-0.1400882484657424
ERR1746717,1,-0.10784968747092145,-0.03341685155672686,0.20496328547596931,-0.1125177482941321,0.017095875527177538,-0.07657721957990102,0.08544285941336836,-0.1568589966212,0.5358229790415082,-0.029744317489010946,0.14724575887833322,0.34363478422164917,0.07156155311635562,0.04706142683114324,0.1252075122403247,-0.0017220271485192435,0.41188667927469524,0.04098347680909293,0.20296059176325798,0.11369054817727633,0.2181218779047153,0.10756599690232958,0.3199599896158491,-0.07371420982027692,0.3991112230079515,0.08379569702914783,0.05163690895174763,-0.02729046331452472,0.2806627627994333,0.0625867832984243,0.17345688285838282,0.45143348404339384,0.10679153991597039,0.040207297674247196,0.31808699880327496,0.21517113637777843,0.24991148497377122,0.04713419931275504,0.00296657851764134,0.2908083501138857,0.08795034033911568,0.0833902939089707,0.07423148304224014,0.02565117832273245,0.1000849934560912,0.04106134868093899,-0.04293452362929072,0.1372837493462222,0.10536510816642217,0.06324255812380995,0.07121185372982707,0.009079036236341511,-0.10305640660226345,-0.047938747996730466,-0.10075313810791288,0.35299981172595707,0.06936898188931602,-0.052299079086099355,-0.07509358480040516,-0.05532323249748775,-0.053774060415370126,-0.09289022515128766,-0.08954114892653056,-0.137998282377209
ERR1746718,1,-0.10689587891101837,0.1794976709144456,0.23930199763604573,-0.025275962626827613,0.3889821150473186,-0.02841971761413983,0.520326057182891,0.07208427966439299,0.7914678757744176,0.2691132913543178,0.307032941707543,0.6427132575107473,0.32595558570963995,0.47928873875311445,0.5104518511465618,0.0765372703650168,0.6195242482769702,0.043042119060243876,0.47588655166327953,0.2775438789810453,0.8453794196248055,0.16443614049681596,0.7862925832825047,0.2525512341942106,0.712133353309972,0.469077467918396,0.29864013141819407,0.06929374406380313,0.36806890315243174,-0.017453947237559726,0.4846822944070612,0.3422512449324131,-0.0218663290143013,-0.04126015305519104,0.23705290417586053,0.039045699630930485,-0.06539321690797806,0.056500952158655436,-0.11911759485623666,0.09934357021536146,0.10468745231628418,-0.05477841730628695,0.011692660195486886,-0.060368137301078865,-0.11720243096351624,-0.1427437492779323,-0.09670560354632991,0.05169196426868439,1.6274196760995047e-05,-0.09498167729803494,-0.1019919655684914,-0.07274508050509862,-0.12874692944543703,-0.06208594808621066,-0.14287002171788896,0.07883060963026114,0.0010168994111674173,-0.10870494320988655,-0.1235070040316454,-0.12564138110194886,-0.108432663405048,-0.10527557001582213,-0.07984885001288992,-0.08233198124383177
ERR1746719,1,-0.11345029449356454,0.1850959828921727,0.24741603806614876,-0.03257400821894407,0.4161440570439611,-0.006394432325448308,0.5592658881630216,0.030271849195872034,0.7961719706654549,0.2686157434114388,0.3274725026318005,0.6787513002221074,0.3112656846642494,0.4937587518777166,0.5211020910314151,0.08038507401943207,0.6317502184371863,0.04080595076084137,0.5156478429479259,0.2729697083788259,0.8655039141220706,0.19107662567070552,0.7832512991236789,0.2393183069569724,0.7249580887811524,0.4604282538805689,0.29911962736930164,0.068120451644063,0.3558243007532188,-0.01010740122624806,0.46259918740750955,0.35682794025966097,-0.017093945826802934,-0.019811482301780155,0.23895778985960142,0.011914861521550588,-0.0576887277087995,0.0473927477640765,-0.11269257377300944,0.08027304496083941,0.07732118879045759,-0.053396293095179966,-0.0032562405935355593,-0.059298819596213956,-0.11692777488912855,-0.14166006445884705,-0.10097213328949042,0.022011573492948498,0.010158916137048177,-0.09388318657875061,-0.10968969975199018,-0.07734399501766477,-0.13141749213848794,-0.06493505489613328,-0.14444818560566222,0.07926417501377207,-0.03136543823140008,-0.11139924212225846,-0.12011804857424327,-0.1238742798034634,-0.10371564109144467,-0.1055928042956761,-0.07634866260923445,-0.0836305892361062
ERR1746720,1,-0.12168619728514127,0.13907564112118312,0.2301567026547023,-0.05080720303314073,0.36925114478383747,-0.02243812329002789,0.47770711886031286,-0.0033364463597536087,0.7231292155172143,0.2154163486723389,0.28024892615420477,0.631016021328313,0.2819894633388945,0.40863944377217976,0.447940357029438,0.0662029744791133,0.5714902712830475,0.034177309700420926,0.48449773461158785,0.2565763709800584,0.7860000266560486,0.17675025867564337,0.7258081829973629,0.19553554270948684,0.6657002685325486,0.3940075917967728,0.2727586261129805,0.06747411164854254,0.33649783741150585,-0.006607481677617345,0.4228950148182256,0.34200501229081837,-0.010461421949522836,-0.024840724787541797,0.22971460223197937,0.00973542227542826,-0.035553413310221264,0.04077280432518039,-0.11468254561935153,0.10036460310220718,0.08692257532051631,-0.055745815592152734,-0.006979950304542269,-0.05003249937934535,-0.1127696910074779,-0.14091780888182776,-0.09723722668630737,0.03536176149334226,0.01758597099355289,-0.09614075773528644,-0.08890705848378795,-0.07712880734886442,-0.13032852751868113,-0.053960448397057395,-0.1453637108206749,0.08307057619094849,-0.019844409610543932,-0.1141352690756321,-0.11596979852765799,-0.12751489558390208,-0.11042680198858891,-0.10447588270264012,-0.0817023684337203,-0.08825115646634783
ERR1746722,1,-0.10040620235460145,-0.045747999634061544,-0.10796146520546504,-0.10098942741751671,-0.10866590908595494,-0.1484104139464242,-0.10423908595527921,-0.10035553947091103,0.03240374741809709,-0.13351583587271826,-0.07587373469557081,0.10428400098213128,-0.1263280138373375,0.09626356938055583,-0.11449455948812622,-0.016489508960928236,0.08116970637014934,-0.11782515900475639,-0.018380949539797648,0.05240073587213244,0.13176792434283666,-0.0037828566772597177,0.13981575412409647,-0.10009771465723004,0.02252958502088274,-0.009880509759698595,-0.013975389301776886,-0.12613621354103088,-0.010087865803922926,-0.10941598670823234,0.17561958730220795,0.5359639259321349,0.3899541928965066,0.26639096651758465,0.5862377403037888,0.7211770159857613,0.6087914801069668,0.2749020702072552,0.3713761695793697,0.7847264834812709,0.9194384653653417,0.715147719851562,0.555992314858096,0.13276806074593747,0.611946241664035,0.1685129286987441,0.37561104127338957,0.541695964156783,0.4667095717574869,0.2092689499258995,0.47291658392974306,0.4699257511113371,-0.0477326155773231,0.3883241627897535,0.15976255972470557,0.6393088400363922,0.4448262155056,0.1715460063091346,0.12805009021290711,0.04307603742927313,0.014584159212453025,0.18155481719544955,-0.14502911801849092,0.1357658234025751
ERR1746723,1,-0.11196655886513847,-0.10120852351454752,-0.01552352202790124,-0.11160364374518394,-0.0017447695136070251,-0.1250211935756462,-0.10385692013161522,-0.08921010685818535,0.16810206004551478,-0.13278317983661378,-0.04649224238736289,0.16579354022230422,-0.09335297133241381,0.0572649176631655,-0.08588230982422829,-0.008160803999219621,0.15561872028878757,-0.14095804254923547,0.12373835600114294,0.06505448850137847,0.20140226185321808,0.011789082416466303,0.2365919468658311,-0.0968689846673182,-0.0036845930985042025,-0.013235245166080338,-0.011261911264487676,-0.09712581496153559,0.04467843472957611,-0.10395794228783675,0.22541567151035583,0.37147497811487745,0.29975102096796036,0.14133652938263758,0.43187654657023294,0.4681358906839575,0.41316052127097336,0.12493419886699744,0.254149076129709,0.554697137192956,0.5467921383013683,0.40325681545904707,0.24092789366841316,0.021152608894876072,0.32980300592524664,0.04807408047573907,0.12497123942843505,0.2617732794689281,0.2831681934850557,-0.012167395225593023,0.3463127144745418,0.20430807385127991,-0.11104054429701396,0.21564466506242752,0.01596938109391236,0.35125972224133356,0.37003893391894443,0.006497595991407122,0.06020369866330709,-0.055232911237648556,-0.08621356935639467,0.1593793715749468,-0.1415333811725889,0.013402214007718223
ERR1746724,1,-0.122921457780259,-0.020747405077729906,0.03752494390521731,-0.1250219506078533,0.08259560167789459,-0.1332116031220981,-0.027520418699298586,-0.1076039287394711,0.26265770196914673,-0.11108188650437764,-0.005014866590499878,0.2738977508353336,-0.01915753207036427,0.10315285037670817,0.011291254311800003,-0.003205821450267519,0.22756114229559898,-0.07694271472947938,0.09227440080472402,0.11102488956281117,0.382950598107917,0.003637149663908141,0.36860984350953785,-0.016958472984177724,0.1610208127115454,0.11987813632003963,0.015242826459663255,-0.03201960772275925,0.14189719195876802,-0.10019319291625704,0.32766308688691687,0.3528194602570563,0.1563115437581603,0.11161520225661141,0.3929270537836211,0.3936998578054564,0.2369580061307975,0.14523594507149287,0.06993855429547173,0.5098392125219107,0.41405531178627697,0.33983710408210754,0.09319668795381274,0.00033212399908474514,0.14120053393500193,-0.04058232185031686,0.13368342178208487,0.18423269422990934,0.21066482764269626,-0.02001356546367918,0.19044639037123748,0.05075936232294355,-0.1026545986533165,0.1862890592643193,-0.06890638066189629,0.30158046207257677,0.2109693799700056,-0.036946319309728484,0.002824626863002777,-0.1146608479321003,-0.10479584788637501,0.0037782639265060425,-0.12256734073162079,-0.044598743319511414
ERR1746725,1,-0.11403151122587067,-0.05154739160622869,0.0028094095843178885,-0.1151793689600059,0.1318641837154116,-0.12149534880050591,-0.04287781459944589,-0.09370113909244537,0.3043181880244187,-0.10603507475129195,-0.0026608846549476895,0.3057154133649809,-0.027323456747191294,0.09256646782159805,0.005404847574287227,0.018670567444392612,0.20952703484467097,-0.1143516046660287,0.20583559200167656,0.10982707302485194,0.4061722047626972,0.0033860738788332257,0.33259029047829763,-0.017378644219466617,0.09879681521228381,0.030302213771002635,0.01324898430279323,-0.06403023217405591,0.07391618644552571,-0.09781148417719773,0.2526805560503687,0.34204272819416864,0.22100952214428357,0.05074441645826612,0.43893566514764515,0.3940672534185329,0.33481265551277567,0.11311546127711024,0.07628639255251203,0.462344120655741,0.4346951927457537,0.3091017295207296,0.16632906986134394,-0.03060184538896595,0.2502623823072229,-0.03478161139147622,0.10248533370239395,0.18436822880591666,0.2162186556628772,-0.048753650592906136,0.18228715658187866,0.0721728503704071,-0.10994473897985049,0.1591073075708534,-0.06426826119422913,0.3284122475555965,0.19802115431853703,-0.027814818546175957,-0.009781441651284695,-0.07495936751365662,-0.11927496721701962,0.04541816136666706,-0.129430214209216,-0.050715404961790354
ERR1746726,1,-0.10551491326519422,-0.020579307473131588,-0.0005339330860546657,-0.10756618862173387,0.05708846024104527,-0.13581477531364985,-0.050087044813803265,-0.09388467350176402,0.28939720668963026,-0.1208506038944636,0.00949058255978993,0.31403963693550657,-0.021525709490690912,0.10889946988650731,-0.04288423407290663,0.06252843141555786,0.20475343827690398,-0.11975179053843021,0.21466419927310199,0.12039819466216224,0.3665152106966291,-0.004874492330210549,0.2703100027782576,-0.027086666652134488,0.08384839817881584,0.023819906370980398,0.015502642840147018,-0.06627433321305684,0.0930787782583918,-0.09627302044204303,0.276823633483478,0.442387135167207,0.25164586837802616,0.13981443430696214,0.4985666998795101,0.39127630767013344,0.36382921144831926,0.10204076234783445,0.12685689542974746,0.46739851576941355,0.4685452061572245,0.3851337092263358,0.199272913060018,-0.019285797607153654,0.2671670562454632,0.0011658413069588797,0.06820349794413362,0.18709326389112643,0.2366251235029527,-0.02500448189675808,0.259428652801684,0.15237667518002646,-0.09681797985519681,0.17128588072955608,-0.040165046496050696,0.34777648746967316,0.2507203625781195,-0.03061121529234307,-0.023881989930357252,-0.05787043273448944,-0.09145221752779824,0.07809978617089135,-0.11905038942183767,-0.04621367582253048
ERR1746727,1,-0.10884012707642146,-0.1096339872373002,-0.0859389358333179,-0.11379641933100564,-0.04075513420892613,-0.1380131830062185,-0.1132365156497274,-0.11473457940987178,0.04574088326522282,-0.12498530027057443,-0.07060933651934777,0.08818053560597557,-0.11131126965795245,0.0562000327876636,-0.06945836983088936,-0.06749375709997756,0.12625632647957122,-0.1389335117169789,0.034160484692880085,0.004990722984075546,0.22214667711939132,0.00719777840588774,0.22245948335954122,-0.1070213858038187,0.027370500577879802,-0.008792682417801448,-0.02811157251042979,-0.1042453380567687,0.021077444510800496,-0.09764770534820855,0.17798467698906148,0.3558137219931398,0.2578694112598896,0.08854707756212779,0.41571735005293575,0.5598313116601535,0.49065143721444265,0.18206536078027316,0.18793924571946263,0.6105625884873527,0.6119748513613429,0.4871660827526024,0.2573994366186006,0.03706355592917784,0.40163848655564444,0.08119294685976845,0.22243831306695938,0.2952638751428042,0.3687659403575318,0.049116418829986026,0.39207758461790426,0.18194726003067835,-0.10430352123720306,0.26707621151581407,0.06508298670606953,0.3974347582885197,0.28587971947022844,0.09774363785982132,0.08654415660670825,-0.06728684902191162,-0.06736140325665474,0.23555569563593184,-0.1534973138145038,0.1188689608659063
ERR1746728,1,-0.11019509551780564,-0.09669682729457106,0.008997876729284014,-0.10254553479275533,0.02541004866361618,-0.0985781332211835,-0.09770961105823517,-0.0984225096181035,0.24651500529476575,-0.13440276150192534,-0.001352111010679177,0.25569700236831394,-0.07345678324678115,-0.0074487413678850445,-0.08135265324796949,-0.04071469072784696,0.20905383356979915,-0.1173319358910833,0.12827993237546512,0.09818076399512522,0.14195101601736887,0.021292627656034062,0.2492408850895507,-0.10018275718071631,0.07546036311292223,0.011633498328072684,0.022254896217158864,-0.05715857499412128,0.05586062025810991,-0.07445621064731053,0.26442345338208334,0.5146448724304459,0.25340416175978525,0.2023112348147801,0.3714746343238013,0.29605420040232794,0.42652004052485737,0.06128849884096001,0.1392652913928032,0.47911289014986586,0.4333269175674234,0.41706583329609465,0.24070621068988526,0.11726106902850526,0.18178589003426687,0.040988323744386435,0.10756803856098227,0.19280153512954712,0.22314093155520304,0.01796693674155644,0.39244698573436054,0.22530287743679114,-0.10545882502836841,0.1474554411002568,-0.026016029861888716,0.3840373679995537,0.3839519960539682,-0.06505256412284714,0.009490865149668284,-0.07251927256584167,-0.006296228883521897,0.23571759355919703,-0.08856495842337608,-0.02155712672642299
ERR1746729,1,-0.10267075656780175,0.10015677767140525,0.24370996547596796,-0.08523531623982958,0.2129947000316211,-0.0498532982809203,0.4752385839819908,-0.01892722025513649,0.7098058696304049,0.24388088711670466,0.28810888315950123,0.6087923015002161,0.2659722752869129,0.3574338789497103,0.34684840057577404,0.05149461280754102,0.6362974622419902,0.04898015995110784,0.3957111542778356,0.26656035280653406,0.5980407003579395,0.24512975769383566,0.5773153858525413,0.07189635293824333,0.7061767269458089,0.38693879757608685,0.23837493705962384,0.06454789878002234,0.3764816682253565,0.03438960827354874,0.32004063363586155,0.3857341461947986,-0.00534186778323991,-0.021323660388588905,0.2427094429731369,0.023987703091864074,-0.03517948742955923,0.042124049605003426,-0.096811942756176,0.11071190450872694,0.05943792313337326,-0.04935902037790844,-0.01619412736701114,-0.009108113158228142,-0.07745089967335973,-0.10701768738882882,-0.10518017251576696,0.06922002828546933,0.058173589940582006,-0.06513550451823644,-0.07823115560625281,-0.0623235779681376,-0.1158539525100163,-0.10655767237767577,-0.14487899201256887,0.13264336357159273,-0.02297012135386467,-0.09377807671470302,-0.10804996905582291,-0.11208465203110661,-0.09558069785790783,-0.12026093687329974,-0.08923412543455404,-0.08827618030565125
ERR1746730,1,-0.10705168704901423,-0.10043032094836235,0.042783492910010476,-0.11679127486422658,0.03539130850029843,-0.11884760430880956,-0.05145288977239813,-0.09744891683970179,0.2373370007345719,-0.133868185537202,0.035092551194663556,0.23536218543137824,-0.06608969398907252,0.01578874566725322,-0.028022587299346924,-0.017379871436527798,0.20104069049869264,-0.11179256226335253,0.16515890881419182,0.08831289836338588,0.19691698785339082,0.0047063880733081275,0.29490881093910765,-0.05115689017942974,0.1036030173833881,-0.015225717797875404,0.018056153718914305,-0.047175142248826366,0.07627292509589877,-0.0649677621466773,0.19584092551044055,0.35915993872497765,0.1635754369199276,0.09470989342246737,0.29323670268058777,0.28178794415933744,0.35790052072011996,0.07696997108204025,0.10700267530046403,0.4884737966515656,0.36615318578800987,0.3073173380190773,0.18210189736315183,0.07345312940222877,0.1894651571554797,0.014138889898146902,0.11383516447884696,0.1480648411171777,0.13378523955387728,-0.0410176832228899,0.2527192729924406,0.10829351842403412,-0.12432168530566352,0.10007876051323754,-0.08497049047478608,0.2720346839300224,0.2576528542808124,-0.08354319525616509,-0.03927347868947046,-0.05493466875382832,-0.02736011892557144,0.18441186685647284,-0.1273370310664177,-0.05898575165442058
ERR1746731,1,-0.07207694995616164,0.20992484582321985,0.2563101363235286,-0.003842484937714679,0.43530375111315933,-0.048196427790181975,0.5921232072370393,0.20644706021994352,0.838938661984035,0.322571450711361,0.34407107691679684,0.6638267167976925,0.39496598339506556,0.5602934355182307,0.5448152422904968,0.10142495217067855,0.7232980781367847,0.04751605114766529,0.4867387227714062,0.2863673285714218,0.9141064025461674,0.17396379262208939,0.8449694104492664,0.22460359973566874,0.7238733273531709,0.5116879200296742,0.3318119453532355,0.07314742196883474,0.39526313117572237,-0.007381073066166469,0.4645498703633036,0.3423622404890401,-0.0170093263898577,-0.04988653691751616,0.23056973623377935,0.050617851849113195,-0.11376099208635944,0.04284607150059726,-0.10607752523251943,0.030212649277278354,0.12902568812881196,-0.09383198193141393,-0.02019024347620351,-0.07046042948162981,-0.10877823829650879,-0.13924419454165868,-0.08976346387394837,0.06218615387167249,-0.003087091658796583,-0.11684823568378176,-0.12753508000501565,-0.07008020899125508,-0.12242385372519493,-0.08002941702891674,-0.13270207707371032,0.023456581735185215,-0.01826484820672444,-0.10042960888573102,-0.12325181419562016,-0.11398398716534887,-0.0893319926357695,-0.10400759348911899,-0.07383948364960295,-0.06508802928562675
ERR1746732,1,-0.0754997900554112,0.19662789787564958,0.32324222315635,-0.004407600233597415,0.4494666036750589,0.009716604437146868,0.6911831625870296,0.06610909992429827,0.8833825045398304,0.31682900711894035,0.3449850721018655,0.7994293639702457,0.40263605224234716,0.4537843447178602,0.5439838503620454,0.11715265469891685,0.7184133912835803,0.0847110035829246,0.5863264445215464,0.34025339782238007,0.8857126975698131,0.23649671141590392,0.8007037209879074,0.1873050116534744,0.7288855314254761,0.45640989605869564,0.3160463473094361,0.07483557132737977,0.3535939775340791,0.01794296795768397,0.39906758069992065,0.37623388320207596,0.006454360272203173,-0.030581384897232056,0.2262890221817153,-0.049195697265011926,-0.1079672681433814,0.03852940683386156,-0.12004196657133955,0.052365247692380636,0.07115735220057624,-0.10445205973727363,-0.04587821742253644,-0.061114090494811535,-0.10383140508617673,-0.1297358838575227,-0.12169198478971209,0.0050660212125097,0.0015718660184315272,-0.12379197935972895,-0.12149797559582762,-0.04568518964307649,-0.13223922146218164,-0.10048879776149988,-0.12822772136756352,0.05097736178764275,-0.043549291257347376,-0.09741179033049516,-0.10327245956952018,-0.11372365642871175,-0.09359026214640055,-0.10382287417139326,-0.07299778850782397,-0.062218889860170226
ERR1746733,1,-0.053672288211860826,0.2719506887452943,0.3017983213067055,0.02421123521136386,0.49906322865613867,-0.021608473466975347,0.7244758371795926,0.26246496848762035,0.9204941647393363,0.3695032418639,0.36060762298958643,0.7436007623161588,0.43668652698397636,0.5957608499697277,0.5876123011112213,0.14098956595574105,0.7710699226175036,0.08320206417036909,0.5219298372311252,0.33448246121406555,0.9528248491031783,0.23441500536033086,0.9329744118398854,0.23719583797667707,0.7724735971008029,0.5891887556229319,0.3467481498207365,0.09033837728202343,0.43179311673156917,0.00845048576593399,0.4488904391016279,0.3581665541444506,-0.010162552552563804,-0.046813965908118656,0.21006790857895144,0.03020685857960156,-0.14039836930377142,0.03356969516192164,-0.10898898395576648,0.028658181428909302,0.11063692718744278,-0.11742872798017093,-0.040789462093796046,-0.0616165805341942,-0.10754672863653728,-0.1339621384228979,-0.10028754839939731,0.056809763490621536,-0.002848378781761442,-0.1258416904934815,-0.13470372983387538,-0.06477184567068305,-0.12723541685513087,-0.09321774489113263,-0.1270788125693798,-6.256658317787307e-06,-0.022736475936004093,-0.10256066066878182,-0.11902614440103727,-0.11021998258573669,-0.08474788522081715,-0.09787145456565279,-0.07190517391011651,-0.05872935874919806
ERR1746734,1,-0.006506590438740594,0.3869140329105513,0.4192685527460916,0.11952372773417405,0.6760944527174745,0.02495833532884717,0.926135948726109,0.37029005789996255,1.1418134767029966,0.48905851266213823,0.4875650222612811,0.8954027497342655,0.5732025993721825,0.7010906902807099,0.7414099393146378,0.2064302624868495,0.8961538566010339,0.14275419924940383,0.6355904798422541,0.3866012303956917,1.1652957562889372,0.25095339651618687,1.1014330573379993,0.3040672899889095,0.8800493223326546,0.6825963322605405,0.4265029515538897,0.12244434521666595,0.49522739755255835,0.02544496368084635,0.5762588158249855,0.3924873269030026,0.026720843144825528,-0.05304022559097835,0.2598138178831765,0.013313003948756627,-0.15320010909012385,0.07676268475396293,-0.10789989680051804,-0.038475594350269864,0.12986870535782405,-0.12269680840628487,-0.03786973389131682,-0.0855597647106541,-0.11174834173704896,-0.12848793395927974,-0.09635936901239413,0.036735739558935165,-0.04063870119197028,-0.1225713842681476,-0.1557837916272027,-0.03608973670218672,-0.12102100891726357,-0.08237227029167116,-0.11103792807885579,-0.015393657119212938,-0.02193394409758704,-0.059530048830700774,-0.11377700893873614,-0.1040183776723487,-0.07042257645766117,-0.09156798611262015,-0.0667221880867146,-0.03981239358628435
ERR1746735,1,-0.039893723492111476,0.36913188653332846,0.4726500372801508,0.16975100857338735,0.6681848732488496,0.03936080528157098,0.9409871356827872,0.2684240234749658,1.1263159119657107,0.44711511049951824,0.4660510676247733,1.0044431734297956,0.5360952083553586,0.6352323684841394,0.7315812291843551,0.22651486710778304,0.8452937049525124,0.1395546192569392,0.6627284932016794,0.38189107339297024,1.1916880458593369,0.26113344516072956,1.09306381217071,0.31998812194381443,0.8599013090133667,0.611518386219229,0.40352232195436954,0.12713282874652318,0.4827274845114776,0.01891166397503444,0.5326576073254857,0.3516153490969113,0.028218407716069902,-0.043563464390380044,0.23640073303665435,0.007551080148134913,-0.1515301572425025,0.075802531093359,-0.11735357131276812,0.0038798387561525616,0.0804036141240171,-0.13346665033272334,-0.05116590218884604,-0.08421696621059839,-0.12304812586600226,-0.13388616804565703,-0.10511708645416158,0.06290326054607119,-0.06841165865106243,-0.11479619975268308,-0.1562217559133257,-0.04025925988597529,-0.13329185545444489,-0.09461009771829205,-0.10956524578588349,-0.027986930184332386,-0.003996709627764565,-0.05690421722829342,-0.10798470847242113,-0.10136348009109497,-0.07783360702783934,-0.09474065261227745,-0.06954409093097118,-0.03779116366058588
ERR1746736,1,-0.02783875007714544,0.2373748474887439,0.28887183245803627,0.01601126297776188,0.4737613743969372,-0.041495599917003086,0.6479006963116782,0.27913341564791544,0.9345994346908161,0.3836972737418754,0.3630582940365587,0.7271524082337107,0.48839997606618063,0.5721748460616384,0.5529886867318835,0.10757143050432205,0.7927939380918231,0.05547403730452061,0.4606660487396376,0.34522869012185503,0.9400672002562455,0.193339860865048,0.896492924474712,0.23964028326528414,0.7501931467226574,0.575967950746417,0.3249888909714563,0.053786631407482285,0.42389168962836266,0.008976366903100694,0.48643785821540014,0.37349034420081545,-0.0030970264758382526,-0.0468279022191252,0.24301437102258205,0.04961201122828892,-0.1319434248975345,0.04360274882388434,-0.11454650041248117,0.040856318814413886,0.1452510388834136,-0.10380840727261134,-0.02222501965505736,-0.06346854700573853,-0.1035032964178494,-0.13268333354166575,-0.09559715485998563,0.07379049754568509,-0.042996036154883246,-0.11777131844844137,-0.11987511760422162,-0.057616179542882104,-0.1274584521140371,-0.08194267230906657,-0.12699672899075917,0.002894755727278867,0.0038298836776188444,-0.08780500771743911,-0.12464999760101948,-0.11615614433373724,-0.08888673123770527,-0.101606068068317,-0.07860686269123107,-0.05761937763808029
ERR1746737,1,-0.10264746738331658,0.266048364341259,0.2919537659202303,0.05623398807698062,0.509162150323391,-0.030091431524072374,0.5947783653225217,0.21294571033545903,0.8740119130483696,0.26945710624568164,0.27468427357130815,0.6295514750693526,0.3700946143695286,0.536473426435675,0.588820851274899,0.1457018700561353,0.5898517604385104,0.12113788437896542,0.5371911597238588,0.24470190597432,1.0053760558366776,0.14966892238174165,0.9317107831260988,0.2539968171289989,0.7056129723787308,0.4520369227975607,0.3593784826142447,0.12609674887997763,0.4237806260851877,-0.03300168950642858,0.5409398313079562,0.2943246625363827,-0.02618737212781395,-0.07729998576853957,0.2451802236693246,0.13357330057104783,-0.08430621027946472,0.0901361762745572,-0.09648538593735013,0.14088268684489386,0.2335779485957963,-0.024683640471526554,0.025967240998787538,-0.08454661899512368,-0.10943492036312819,-0.13579426812274115,-0.04832935572734901,0.1111454109528235,0.013743654957839422,-0.11595164611935616,-0.11775176972150803,-0.08353763366384166,-0.1060515610235078,-0.030944843909570148,-0.13095030614307948,0.06652194730538342,0.01572464087179729,-0.10551732046795743,-0.12416745316503304,-0.10825193154492549,-0.08969208934078259,-0.11029872258326837,-0.07623886596411467,-0.07300307654908725
ERR1746738,1,-0.07662981429270335,0.25095365728650776,0.3522365859576634,0.02412216691300273,0.46201165366385666,0.02956384127693517,0.790902704000473,0.10694829959954534,0.927614648427282,0.35675419255026747,0.39298907454524723,0.8612939694098064,0.4164233143840517,0.5007579081824848,0.5554979579257113,0.14435217449707644,0.7584944984742573,0.11966004861252648,0.6298619848676026,0.3639607386929648,0.8832048603466579,0.2945627687232835,0.8369045374648911,0.21085504442453384,0.8041598967143467,0.5052102423672166,0.32601065720830646,0.08673787729016372,0.3887738167707409,0.03976687735744885,0.38879803248814176,0.3780457611594881,0.003324040344783238,-0.019945059503827776,0.1983894748347146,-0.050484353144254,-0.12638425720589502,0.030532719833510264,-0.12215929505016122,0.020915721143995012,0.03768041729927063,-0.11519759600715977,-0.06682306155562401,-0.05267453908787242,-0.10140566740717206,-0.13048384125743592,-0.12027913331985474,0.020911616938454763,0.006301838904619217,-0.11809889546462468,-0.12720566149801016,-0.06323054965053286,-0.1267798574907439,-0.11656568013131618,-0.12662450011287416,0.044528689102402756,-0.05323084124497005,-0.092853469774127,-0.10159092472999223,-0.10452193367694106,-0.09049764328769275,-0.10401430619614464,-0.07672793124636103,-0.05637884472629854
ERR1746739,1,-0.07935498441968646,0.2665494701692036,0.39459544845989775,0.036621005540447574,0.4762884226760694,0.03719934581645897,0.8426866701671055,0.11242356364216123,0.969077253980296,0.355216135936124,0.3994237652846745,0.9066269546747208,0.437727863235133,0.5041272746665137,0.5820064613861697,0.1735010924083846,0.7546336246388299,0.14979465837989533,0.654281890951097,0.36981086645807537,0.9176660414252963,0.32274846732616425,0.84996394227658,0.2232136566724096,0.8149586862751416,0.5107569612030473,0.3432457455034767,0.11451436353049108,0.42409705902848926,0.045555144016231806,0.4201428379331316,0.37187816415514263,0.005020841956138611,-0.027735985815525055,0.20648090754236495,-0.03684464416333607,-0.13320016435214452,0.03333630146724837,-0.1200357915035316,0.03071626914399011,0.04673845799905913,-0.11558834463357925,-0.060771515992070944,-0.050172031191842895,-0.10495861513274056,-0.12900414637156896,-0.11916162273181337,0.030838534102908204,-0.002639710104891232,-0.11668818284358297,-0.13009588872747763,-0.06346501489835125,-0.12508123580898559,-0.11526266285883528,-0.12168780341744423,0.04589748289436102,-0.04353057486670358,-0.08569930493831635,-0.09869893636953618,-0.10293629060366324,-0.0882249538387571,-0.10591393256826061,-0.07944671250879765,-0.05305689387023449
ERR1746740,1,-0.08966441984687533,0.25161686539649963,0.36343625613621305,0.03619297141475337,0.46773994332345736,0.009727749807227935,0.7343848730836596,0.12031884443214429,0.9579395736966815,0.32450138085654806,0.36227610387972425,0.84603451192379,0.4258820244244167,0.45054236985743046,0.5372112499816077,0.15295619570783206,0.7041584061724799,0.08172606523813945,0.5615114544385246,0.3292815882180418,0.9183172083326748,0.21567232055323465,0.8635422619325774,0.2570837400853634,0.7207849717565945,0.5131922513246536,0.3097464635169932,0.056141238127435954,0.3784585217280047,0.028114127261298045,0.4292848812682288,0.3285288233309984,4.869486604418073e-06,-0.021108360961079597,0.20221470722130366,-0.011672008516533034,-0.13472814645086015,0.051164028367825916,-0.12607651310307638,0.05268668170486178,0.062149708824498315,-0.12902444547840528,-0.06341346379901681,-0.06255041488579341,-0.10379912704229355,-0.1367563232779503,-0.122157236295087,0.04523077607154846,-0.047354930213519504,-0.1195911525615624,-0.13497137225099973,-0.06904529354401998,-0.13745631916182383,-0.10322991865021842,-0.12848908879927226,0.020130205899477005,-0.015093852366719927,-0.08907075492399079,-0.11617002809154135,-0.11470650961356503,-0.0968177162909082,-0.10712124753211226,-0.08385434577108494,-0.05818611968840871
ERR1746741,1,-0.07583950726049286,0.2728699658598219,0.42322880561862675,0.03602565585502556,0.4945453604949372,0.017949672548898628,0.8145713635853359,0.08519907561796052,1.0065593964287214,0.38003116101026535,0.43984973430633545,0.9274454974303288,0.45642553908484323,0.4954480909343277,0.6251904810113567,0.16257202252745628,0.7799416503735951,0.1282154428107398,0.5981011316180229,0.3756448764886175,0.9944505595735141,0.2649599068931171,0.8773024402824896,0.23220979300926306,0.8125853730099541,0.4962396664278848,0.33670363229300293,0.09061910251953773,0.4384342703436102,0.03433594160846302,0.44548313106809345,0.37551392880933626,0.023713894188404083,-0.03263876959681511,0.2406141765947853,-0.0264004793550287,-0.1322019494005612,0.05664173513650894,-0.12162740847894124,0.05302228459290096,0.05590408721140453,-0.11242194154432841,-0.06383812533957618,-0.06688618317379483,-0.10892612061330251,-0.1282563220177378,-0.12115995466176953,0.028407188398497447,-0.03584962923611913,-0.11660787702671119,-0.14644030268703187,-0.047464988593544276,-0.1240857605423246,-0.1099194843721177,-0.12141191054667745,0.04476692979889257,-0.032769257468836646,-0.07394930121621915,-0.09902444771224898,-0.10370263417384454,-0.08491665949778897,-0.1000273854338697,-0.072259416932606,-0.04614694656005928
ERR1746742,1,-0.03117466372038637,0.4098543737615858,0.38670822685318335,0.13917282117264612,0.6747065119977508,0.044499767678124566,0.8776468208857945,0.35291225888899397,1.1548013548765863,0.4590294832097633,0.40670485900981085,0.8911126910575798,0.5271847929273333,0.6699247541172164,0.6809302227837699,0.211619125146951,0.7875086707728249,0.1324852965772152,0.6359962049339499,0.37126756672348293,1.173947783453124,0.22559849279267447,1.1395756932241576,0.3524134294129908,0.8228539462600436,0.6547918639012745,0.42934912868908476,0.12239751326186317,0.4765130783032094,0.015066077666623252,0.6011119091085025,0.3664850518107414,0.014976968722684043,-0.04568348399230412,0.21755142403500421,0.007880393681781632,-0.14256757923534938,0.0655549019575119,-0.1202422274010522,0.0002880170941352844,0.12729286029934883,-0.13813805154391698,-0.03659545949527195,-0.08428927341343037,-0.11607646356735911,-0.1417720073035785,-0.10847543885133096,0.04416746938867228,-0.06469362814511571,-0.11761192924210004,-0.14643817288534983,-0.048673615391765325,-0.14015441813639232,-0.06897072161414794,-0.11468508200986045,-0.016924798222524778,0.020284160173365047,-0.08009186034489955,-0.11900959978811443,-0.10403454090867724,-0.08664641677335437,-0.09773713855871133,-0.07501973779705752,-0.05073655716010502
ERR1746743,1,-0.08371346177799362,0.26860390177794863,0.381199700491769,0.03526974043675831,0.47503840713761747,0.01564864069223404,0.7986631052834647,0.1230191346257925,0.9730528731431279,0.35868266437734875,0.38438878101961954,0.8788052451397691,0.44274323540074484,0.5005549884268216,0.5769921256495374,0.1607665941119194,0.7374902814626694,0.11924399329083306,0.6056415255713675,0.35846042207309176,0.9489975305540221,0.2808026298880577,0.8636790370302541,0.24318894078688963,0.7863323763012886,0.5226197349173682,0.34054135338270236,0.0979283872459616,0.4297749490610191,0.03284331623997007,0.44333990663290024,0.35391740873456,0.006495114948068347,-0.035685044314180105,0.21715811028012208,-0.02088439810488905,-0.13504637139184134,0.043515393776553016,-0.12146636843681335,0.046585701406002045,0.057700956506388526,-0.12121901288628578,-0.05869701345052038,-0.059699916114498465,-0.10584953001567296,-0.13121775644166128,-0.11931730607258421,0.036576362060649056,-0.019511165895632336,-0.11411191230373723,-0.13734888285398483,-0.06443528884223529,-0.12977622342961176,-0.10860391872535859,-0.12331991004092353,0.03268930801589574,-0.024215596062796458,-0.08570922370667436,-0.10615812514775566,-0.10686598957649299,-0.08922010686780725,-0.10568811052611896,-0.07894779835312095,-0.05255868365722043
ERR1746744,1,-0.11102746693151337,0.0997311749628612,0.21787056805832045,0.0611158191625561,0.3914300150104931,-0.0924740018589156,0.41581863989787443,0.10208659086908613,0.7142026823546205,0.1994665657569255,0.2454998455941677,0.6453255585261753,0.4021423065236637,0.3575255594083241,0.4416622764297894,0.014860750841242927,0.6098148758922305,-0.0528008160846574,0.42100520990788937,0.23710924506719624,0.8739844661738191,0.045995100268295834,0.6373954489827156,0.18915211861687048,0.4408468170357602,0.27500750836251037,0.15040546948356287,-0.07537608061517988,0.2971693760981517,-0.04518195028815951,0.2609783291284527,0.27344559798283236,0.0609382481447288,-0.06757989632231849,0.2603848012430327,0.11166823748499155,-0.07689282950013876,0.068603739275464,-0.07402942582432713,0.107949931706701,0.24593650762523925,-0.09630693521882806,0.0077314092860823235,-0.11843240394123963,-0.07053925203425544,-0.06926360194172178,-0.06838784792593547,0.1331295222043991,-0.016904506300176893,-0.11695080090846334,-0.09443645072834832,-0.09473197587898799,-0.10547796423946108,-0.060079674635614665,-0.13200636527368,0.12143725595836129,-0.027679193232740675,-0.10906215491039413,-0.1387637864266123,-0.12123391245092664,-0.09741902540970061,-0.11607734539679118,-0.09519117032842976,-0.08507011218794755
ERR1746745,1,-0.09094694868794509,0.3164245103086744,0.3659037971603019,0.07216699620974916,0.6361846136195319,0.006056586812649455,0.717212221452168,0.22385776894433157,1.0119782276451588,0.33847226747976883,0.35849153250455856,0.7995699033407229,0.46313284656831194,0.6115881204605103,0.6946099347301892,0.16514428252620356,0.6985728357519422,0.1076536476612091,0.602456785472376,0.2683678955904075,1.2100143626864468,0.19407284685543605,1.0187397104288851,0.2542457580566406,0.7718414595084531,0.48639244054044994,0.38691297812121256,0.1144395044871739,0.42261841680322376,-0.03477969552789416,0.5642596376793725,0.31989447998681236,-0.002457741381866591,-0.054570206574031284,0.23407559682215964,0.03794810601643154,-0.12297715565987996,0.06561402391110148,-0.1130364185997418,0.06786814544882093,0.15116204747131892,-0.08287584901388202,-0.0044704633099692205,-0.08437785582749971,-0.11799168693167823,-0.13543219225747244,-0.09369586621012006,0.039410103644643514,-0.025952243911368505,-0.12929072231054306,-0.14282460510730743,-0.06089671381882259,-0.1234151657138552,-0.07166108462427344,-0.12785756960511208,0.0497280137247539,-0.029270831495523453,-0.09072399571804064,-0.11643085828317064,-0.10021259329680886,-0.08317875211858856,-0.09498122015169688,-0.06343375632007207,-0.05609463062137365
ERR1746746,1,-0.086067367877279,0.2943851671048573,0.3853996406708445,0.0576895142772368,0.5245738306215831,0.0065419044611709455,0.783332496881485,0.1434899883876954,1.0015324311597007,0.33268528804183006,0.3845126064760344,0.867401925381273,0.4426276215485164,0.48902007405247006,0.6005277963621276,0.172085258311459,0.7148201870066779,0.10516970072473798,0.592027942516974,0.3244542447584016,0.9959163218736649,0.22185243666172028,0.9348840351615634,0.2765690029731819,0.7547966646296638,0.5289128263081823,0.3412879801222256,0.08379712541188512,0.42452263958486064,0.02810938230582646,0.46104067989758085,0.30774591650281635,0.0036920255848339628,-0.03684048567499433,0.21484485587903432,-0.010982277137892587,-0.1391279739992959,0.05315155828637736,-0.12186907231807709,0.04357740921633584,0.07092270042215075,-0.13064386802060263,-0.05776938636388097,-0.0701314394495317,-0.11577435157128743,-0.13376851486308233,-0.11624240170099906,0.042959619737562856,-0.047423546867711205,-0.12455304392746516,-0.1458406267421586,-0.05814274453691074,-0.13535505213907786,-0.094548664587949,-0.12281292836580958,0.01538571432631995,-0.01567824131676129,-0.0877603410876223,-0.1139677183569542,-0.11030033922621182,-0.08934096672705241,-0.10473946162632533,-0.07599870490542214,-0.05295146815478802
ERR1746747,1,-0.10600289170231138,0.24099965606416976,0.30766246654093266,0.056629913459931104,0.5191589404961893,-0.022058600027646338,0.6760152663503375,0.0842883719929627,0.9327226621764046,0.2631077003066561,0.3012764070715223,0.8007683280323233,0.44729346675532206,0.4424763756271984,0.5746299443500382,0.10418702928083283,0.6214375964232853,0.035019496987972944,0.5476867496701223,0.29626443875687464,1.078711665634598,0.15757129288145474,0.8417659995279142,0.22454573480146273,0.6501854248344898,0.3892764688602516,0.2941500097513199,0.04385821947029659,0.3478296572076423,-0.020710223487445285,0.4301511985915048,0.33662814886442255,-0.003180075969014849,-0.0524740857737405,0.20640994714839117,0.0135767220386437,-0.12174482058201518,0.030973388946482112,-0.12322609339441572,0.09258821180888585,0.12749680025236948,-0.11064452997275762,-0.035399420985153744,-0.07847125362604856,-0.10450383169310433,-0.12529089834008897,-0.10712265489356858,0.028222441407186643,-0.06106661872139999,-0.13088494539260864,-0.13273870519229344,-0.06909297619547163,-0.13218928979975836,-0.07894817154322352,-0.12690594419836998,0.026910239531259452,-0.03831499868205616,-0.09451861440071038,-0.11543067677744798,-0.10535913120423045,-0.0902800482830831,-0.10990000143647194,-0.0773044335655868,-0.06130290789795773
ERR1746748,1,-0.09761203186852592,0.23913035009588515,0.27738381789198946,0.0363805355238063,0.515916950684706,-0.045747991518250535,0.5920376841511045,0.15301278712494032,0.905939660434212,0.271836793948231,0.2994029780051538,0.727807200380734,0.4320714916767819,0.48459039528721143,0.5573218699012484,0.11089786354984556,0.60891940338271,0.04586258690272059,0.5175357559429747,0.2667912883417947,1.0690048110804387,0.14926930304084504,0.9007917886727748,0.2632938300126365,0.6530434414744377,0.41362919179456575,0.3018953374453953,0.04378939898950713,0.3820509319858892,-0.017183009002889906,0.46219145825931,0.3149638541841081,0.006194613341774259,-0.047143038894448965,0.20704508359943116,0.035570869488375526,-0.12159077823162079,0.041164173278957605,-0.12217838104282107,0.07720478517668587,0.12865328043699265,-0.10893812097076859,-0.037106040332998545,-0.07759985168065343,-0.1017701689686094,-0.12473446396844727,-0.09871856815048627,0.04819289807762418,-0.037831082940101624,-0.13045816336359298,-0.13542144106967108,-0.0760250591806003,-0.13206629987273896,-0.05749357199030263,-0.13098375286374772,0.02464202043068196,-0.02600248157978058,-0.10273359223668065,-0.1206959632690996,-0.1073799677459257,-0.09111807458767933,-0.10523415543138981,-0.07257094822957047,-0.06278725354267019
ERR1746749,1,-0.11791149526834488,0.1418369933962822,0.2508488960697183,-0.044024825495268614,0.38108646706677973,-0.05062429340822356,0.3995945868747575,-0.03827906399965286,0.7689067300941262,0.1369829221096422,0.2942753971687385,0.668205152930958,0.31200630430664333,0.33674478504274574,0.36856173457843916,0.056198214014459937,0.5592293526445117,-0.02332827023097447,0.4666198566555977,0.2618034066898482,0.7998072494353566,0.11453336690153394,0.6654744218768818,0.1404119453259877,0.5242690718067544,0.3206382542848587,0.22856238590819494,-0.006601886956819466,0.265753519322191,-0.035647419946534295,0.3295883195740836,0.39042702466914697,0.025910283837999617,-0.014679305920643466,0.28352308166878565,0.03667001479438373,-0.044899363602910726,0.03788864650830094,-0.1132616340847952,0.12645489616053446,0.12037432273583752,-0.039855094094361575,-0.020799891224929264,-0.07752665558031627,-0.09156612200396401,-0.09588823627148356,-0.11193386491920267,-0.005733463613848601,0.015033832085984094,-0.11949062453848976,-0.11180356730307851,-0.060542544083935876,-0.11857030327830996,-0.06316479401929039,-0.1404106318950653,0.08184381429704704,-0.03367088096482413,-0.10321264421301228,-0.09955102770722338,-0.11727341251181704,-0.09909852228260466,-0.12048312276601791,-0.07086722536145576,-0.06945214500384671
ERR1746750,1,-0.11118238312857491,0.122577323445252,0.2174753107662712,-0.0600018086676885,0.3597529511898756,-0.05904989529933248,0.3301342276058027,-0.010622430326683181,0.7376916004078728,0.14874266989396087,0.26513534172305037,0.6169349535235337,0.2889897610460009,0.3499964318637337,0.30860925652086735,0.040576262665646415,0.5317516358835357,-0.046745276876858304,0.39155625897858826,0.26260443510753767,0.738956230027335,0.08429413232287127,0.6558110538337912,0.16084506469113485,0.4953982872622354,0.34307529564414707,0.20458117446729115,-0.04406971139490322,0.2661088359143053,-0.05072395184210369,0.31619358701365335,0.4088828366781984,0.03511530639869826,-0.012463094400508063,0.27968011583600727,0.08558232164276498,-0.03660692913191659,0.039366734746311395,-0.10496977690075125,0.13499425564493453,0.13614232194543416,-0.02703627771032708,-0.007240627493177142,-0.08411429503134318,-0.08504509287221092,-0.07520246931484767,-0.11368398075657231,0.012316144470657622,0.01756869043622698,-0.10609575999634606,-0.10760513214128357,-0.06338348452533994,-0.1145097975219999,-0.06991127239806312,-0.14371409586497716,0.10389232262969017,-0.006110336099352155,-0.10864497242229325,-0.1093717882675784,-0.11940225892301116,-0.10368858843243547,-0.12222673424652644,-0.07461076988173383,-0.07714828463005168
ERR1746751,1,-0.1161659045943192,0.12188544762986046,0.21348387195861765,-0.05254404326634748,0.3463656052813998,-0.07010463678411075,0.33240889651434763,-0.012420934491923876,0.7132896424404213,0.1513053974070187,0.25628763756581713,0.6102720413889203,0.3035613532577242,0.34276653613362995,0.32694873000894276,0.04524678763534341,0.532414369817291,-0.03854558829750333,0.39974370279482435,0.2421371734568051,0.7754096428730658,0.10065120618258204,0.6575335552915931,0.13278775768620626,0.5053879243454763,0.30212011906717506,0.213606487427439,-0.021118653672082082,0.27959598175116945,-0.03482163378170559,0.3169929427759988,0.38375256207239417,0.02894402002649648,-0.022787305925573622,0.26339625886508394,0.0826941334775516,-0.05070756269352777,0.03765347387109484,-0.10257395463330406,0.12098378581660134,0.13108001789078116,-0.03993610478937626,-0.022524154611996243,-0.0771909627531256,-0.08405226469039917,-0.09605601962123599,-0.10873437925641026,0.011683407106569834,0.03128588306052344,-0.10912849381566048,-0.10562821214885584,-0.07794433832168579,-0.11570890460695539,-0.05997060685019408,-0.1413012934582574,0.0853975210338831,-0.030430461147001812,-0.1148587055504322,-0.10879825687568102,-0.11551528863076653,-0.10395625572917717,-0.12191169682357993,-0.07568714900740556,-0.07774581627121993
ERR1746752,1,-0.10735821990030152,0.2401104218193463,0.2734346450971706,0.03164184133389166,0.46738567349634,-0.04052893977080073,0.5763854469571795,0.060305939987301826,0.892781067107405,0.2664997046148138,0.33150985105229275,0.7397128194570541,0.4200068882533482,0.4487763483609472,0.5441012637955802,0.09440587727086884,0.6292129744376455,0.015981558178152357,0.5421107126665967,0.3098160863987037,1.004822064191103,0.15460049148116792,0.8052042669483593,0.22505063244274684,0.6458150914737156,0.4194494964820998,0.27787772033895763,0.026825993321835995,0.33591393753886223,-0.024314078369310925,0.40553058470998493,0.36625767020242556,0.00032924142267022816,-0.041348752698728015,0.237683764126684,0.011462990527174302,-0.1070365740784577,0.026836473363151266,-0.1161139862877982,0.07676962018013,0.10756751894950867,-0.09188944739954812,-0.04495241812297276,-0.08483701611735991,-0.09233553494725909,-0.1239875815808773,-0.108618896986757,0.009743297738688332,-0.020661576958705803,-0.12914702828441346,-0.1326141996043069,-0.04467802069016865,-0.1215799983058657,-0.08319637013067092,-0.13254511675664357,0.03755647552731846,-0.029329742171934674,-0.09857029281556606,-0.1132078003470919,-0.10690149185912949,-0.08965651085600257,-0.1064090050224747,-0.06648023007437587,-0.057148429698177745
ERR1746753,1,-0.10948973681245532,0.18454637165580476,0.30715905745247646,0.04467809320028339,0.4698547987001283,-0.032713434525898526,0.5731164983340672,0.014246335386165552,0.8496836200356483,0.23308505696643675,0.3289791352248618,0.7755200527608395,0.38979486908231464,0.4178914576768875,0.5323000390614782,0.09707397242475833,0.6083120629191399,0.028618206403085163,0.5428339961384024,0.298258723957198,0.9882211111086819,0.1649032990847315,0.7600971162319183,0.21172622431601798,0.609073929754751,0.3410219135028975,0.2707458074603762,0.04332779747034822,0.3322891321565424,-0.03385492094925472,0.37684451256479534,0.3553967841767839,0.006100477916853768,-0.0378340445458889,0.2491527327469417,-0.009852537353123938,-0.1090197145406689,0.018057880390967642,-0.11596560052462987,0.0998012146779469,0.1086048177842583,-0.10835256667009421,-0.048137599868433814,-0.08312909784061569,-0.10474895366600581,-0.12470919638872147,-0.10635994055441447,0.01888056844472885,-0.013923345399754388,-0.13531112085495675,-0.12801160929458483,-0.04489327434982572,-0.1284471047776086,-0.0647706687450409,-0.13223810706819808,0.022842151212639043,-0.02600904687174729,-0.10254154540598392,-0.10638830970440592,-0.10930373732532774,-0.09282654746701675,-0.10826077737978526,-0.06716317224449345,-0.05780347583017179
ERR1746754,1,-0.10865762350814683,0.0010780351502554758,0.18372184996094024,-0.10801349367414202,0.16063791726316726,-0.07670172250696591,0.13347501041633741,-0.11656142505151885,0.6179548094847372,0.0987320425254958,0.17534870015723364,0.5179026172928778,0.19095143675804138,0.16091509802000864,0.19845216614859446,-0.005188222708446639,0.4676020635025842,-0.063673164163317,0.261698628110545,0.23082192667893,0.4955245038560991,0.050412596336432865,0.4728138473417078,0.027062813086169108,0.4260858435715948,0.20237315552575247,0.13127241865731776,-0.05578074391399111,0.1973870839657528,-0.03330561625105994,0.2968164501445634,0.39272697482790264,0.026765688987714902,0.02582728862762451,0.2930457868746349,0.14519479870796204,0.06619949000222343,0.03770999876516206,-0.11337712300675255,0.3146562058744686,0.16341691304530417,0.07585048622318677,0.05451600945421627,-0.03870264520602567,-0.01141018739768437,-0.057878549077681134,-0.10585917372788702,0.0720029164637838,-0.02477354503103665,-0.05936357378959656,0.029317116098744527,-0.010450339144361871,-0.12449122007404055,-0.05717562697827816,-0.13368583896330424,0.1966507101564535,0.09160979304994855,-0.10438775537269455,-0.0839453316626272,-0.12275147225175585,-0.11152274028531142,-0.11074623997722353,-0.09487542829343251,-0.10860910692385264
ERR1746755,1,-0.05819734654921506,0.2839191470827375,0.32856679601328714,0.0304393622625087,0.4982770497777632,0.0022167587386710303,0.7332489788532257,0.17639227311259933,1.0223019192261356,0.372918880810695,0.3614148816892079,0.7924013574208532,0.45300427611385075,0.4937183005469186,0.5613743769271033,0.13823390007019043,0.7536868623324803,0.06992385110684804,0.5325618176055806,0.33757399395108223,0.9784330959830966,0.19294970801898412,0.9355515151151589,0.2583220164690699,0.7491098876510348,0.587138254727636,0.341217981119241,0.06432821867721421,0.40959799150004983,0.016418574111802236,0.5100152886339596,0.34336262409176144,0.009443214961460658,-0.04662755344595228,0.22493730379002436,0.02528245374560356,-0.1366414725780487,0.0739626016999994,-0.12141061986663512,0.06390653657061714,0.11165798136166163,-0.10675652963774544,-0.03281162998506001,-0.07275103571425591,-0.11204229933874947,-0.1400543036205428,-0.11814210750162601,0.03489330943141665,-0.06400514181171145,-0.11284715203302247,-0.12990745582750865,-0.061916514698948176,-0.13734477439096995,-0.09411395154893398,-0.1267813289804118,0.02462481168497886,-0.0034882458192961557,-0.07789113146385976,-0.11991444595956377,-0.11395838870001691,-0.09160043748228677,-0.10519427806138992,-0.0835357500639345,-0.05763455347291061
ERR1746756,1,-0.08973303463842187,0.11156662553548813,0.22878009167366795,-0.08096527201788765,0.2839190608688763,-0.0554366015962192,0.38961492478847504,-0.02187997262392725,0.7875416534287589,0.22983414829442544,0.26920334941574503,0.6509894129953214,0.3091835358313152,0.35056215843984057,0.3620740515845163,0.06389837233083588,0.5995152880038533,-0.018766498991421292,0.3569186819451196,0.29526574856468607,0.7161070411758763,0.11761423040713583,0.641541200024741,0.1319469532796315,0.615694469240095,0.36604985408484936,0.2513905300625733,0.006115743890404701,0.2919313983958481,-0.013333294008459364,0.41298953550202505,0.3975286361362253,-0.010671235620975494,-0.013106273753302438,0.28167136013507843,0.07650960782276732,-0.0569020403282983,0.061927156506239305,-0.12593669766127796,0.182548354778971,0.1099720224738121,-0.01235072421176093,0.015291292752538408,-0.05553007711257253,-0.07395794987678528,-0.10817246006003448,-0.11969362518617085,0.04524771975619452,-0.027085004108292714,-0.08382906232561384,-0.06562149192073516,-0.044717567307608466,-0.12598925403186254,-0.08973087703010865,-0.13906771476779664,0.12354172300547361,0.026461060558046614,-0.09733063408306666,-0.10782913757222039,-0.1199508107134274,-0.11353991899107184,-0.11080369193639074,-0.08697205605650586,-0.07730564022702831
ERR1746757,1,-0.12241797894239426,0.005314758845738002,0.153250552713871,-0.10938868378954274,0.14794572655643737,-0.07650871375309569,0.16434334790600197,-0.12256709645901408,0.5193942300975323,0.04952956736087799,0.18319721945694514,0.4551794800375189,0.12031309306621552,0.1528562232851982,0.1754613263266427,-0.0144994256884924,0.44621059564607485,-0.03804412590605872,0.3104670484151159,0.17272955871054105,0.4131907553278974,0.10640435240098409,0.41548210276024683,-0.038307152156318934,0.4600525495729276,0.17135730079774344,0.14798660097377642,0.00488678232899734,0.18911620608663984,-0.015375029561775071,0.25332487986556124,0.42604843633515493,0.058394547019686015,0.019118312214102064,0.28010778022663935,0.05751121948872294,0.12622486374207906,0.013977686209338052,-0.08943296623017107,0.2534551290529115,0.14638087046997889,0.07758197135158948,0.03669944658343281,0.010695799519973142,-0.012425684503146581,-0.07423184985028845,-0.07775996572204999,0.04098742987428393,0.07330664593194212,-0.048694971682769914,0.07537887990474701,0.00950303247996739,-0.12017373368144035,-0.04010745031493051,-0.13526723746742522,0.17171044967004231,0.030646083876490593,-0.10357019491493702,-0.09290792207632746,-0.11954650362687451,-0.1102154797741345,-0.06457313988357782,-0.09361902797328574,-0.1186631013240133
ERR1746758,1,-0.13107476333555365,0.1913238987326622,0.3385702081556831,-0.030428442571844374,0.31633309700659346,-0.026375357593808855,0.6371468497174126,-0.05261540253247533,0.804636904171535,0.2463691354330097,0.363242009388549,0.7407169661351612,0.3055422987256731,0.3299410364457539,0.4623809313135488,0.1050404751939433,0.6194996812513897,0.1219034269452095,0.5440243131348065,0.292948487081698,0.7152024395763874,0.28655905595847536,0.6683375556021929,0.12075722856181008,0.7265013019953456,0.37607729860714506,0.26098976018173353,0.0931856447298612,0.4013000950217247,0.03979407224271979,0.32950844935008455,0.36865229851433207,-0.007808256362165723,-0.02934700676373073,0.26445310562849045,0.0011562657143388475,-0.05793283028262002,0.03742058788027082,-0.10868205555847713,0.110457074961492,0.03155552649072239,-0.09222763776779175,-0.047024487384728024,-0.03891012180663113,-0.10143279390675682,-0.12306174316576549,-0.11041434561567647,0.0128055496939591,0.00648474001458713,-0.08933731727302074,-0.10388053767383099,-0.0767501802848918,-0.10911184496113233,-0.11619659330296729,-0.14178360679319926,0.1011849447552647,-0.03427268125649009,-0.08629896398633718,-0.09474555649129408,-0.10075850784778595,-0.0921901986002922,-0.12212513786341463,-0.08284232667314687,-0.07097788554217134
ERR1746759,1,-0.0168222471007279,0.3666503003665379,0.3778185227087566,0.07565398248178619,0.5256212438855853,0.03073447829644595,0.8308863256658826,0.32958599286420004,1.0628351143428258,0.44299706923110144,0.44182690339429037,0.8568016631262643,0.48695569804736544,0.6059269718825817,0.5554283910564014,0.2939289624669722,0.8476347582680839,0.1629594394138881,0.5786919221282005,0.3861936719289848,1.014803270144122,0.3097415885754994,1.0525170979755265,0.2877540641597339,0.8444123928036008,0.7255120341266904,0.36543506039223367,0.11724042812628406,0.5211256652006081,0.058784748294523785,0.5394701872553144,0.36366417578288485,0.01638577346290861,-0.019313685595989227,0.23542289462472712,0.019211111324174062,-0.14295403127159392,0.07798091322183609,-0.12457215573106493,-0.019144170518432344,0.05980795941182545,-0.12280138156243733,-0.076605743595532,-0.05758456772725497,-0.1056286304124764,-0.12833326629229955,-0.1207915913047535,0.060451674674238474,0.013585692005498069,-0.11227483887757574,-0.1515879003064973,-0.07395401836505958,-0.12945920867579325,-0.10861462735504444,-0.1165402430508818,-0.006457922946927803,0.0033098927565983365,-0.08096701598593167,-0.1161887524982116,-0.10263626530234303,-0.08291062719321676,-0.10487775132060051,-0.08287505049624347,-0.04502267849498561
ERR1746761,1,-0.08132994387831007,0.25068245828151703,0.35875012991683825,0.010518601164221764,0.4539073307865432,0.006500594317913055,0.7422509917191097,0.08595653300705765,0.9365516858441489,0.33821964476789745,0.3797048511249678,0.8493026133094516,0.4104167904172625,0.4769019750612123,0.5584949414644923,0.15889669928167546,0.7343498659985406,0.10047437463487897,0.5670949598508221,0.3528553172945976,0.9038450175098011,0.26018740449632916,0.8257193735667637,0.2329090668021568,0.785957219345229,0.5186715988176209,0.31546696302081856,0.073950589501432,0.3980828983975308,0.028971576264926364,0.41713654569217135,0.35591377850089756,0.0015532768198422023,-0.023107530815260752,0.2325641087123326,-0.020901057869195938,-0.13028258244906152,0.04484516541872706,-0.11682273846651826,0.030481447066579546,0.04893272689410618,-0.1166913988334792,-0.0557642009641443,-0.0649271632012512,-0.09948789860521044,-0.13002672791481018,-0.11827191630644458,0.045882222176130326,-0.0044945888221263885,-0.11673042178153992,-0.13760285771318845,-0.06406121594565255,-0.12880256718822888,-0.10573101572559349,-0.12685340163963182,0.055486183680061786,-0.024647765925952365,-0.08592178005658622,-0.10759255233486849,-0.11061029202703919,-0.09098634429808174,-0.10488811188510486,-0.07700083288364112,-0.05331118045640843
ERR1746762,1,-0.1322761196643114,0.17741839374814714,0.29616326772208723,-0.032851645190800936,0.31923516041466166,-0.04872751435531037,0.5734418034553528,-0.07441902373518262,0.7748694552906922,0.1870028850223337,0.3359334378370217,0.7116400035364288,0.2983332962862083,0.30654638367039816,0.42135239392518997,0.10599036727632795,0.5825929939746857,0.07272894254752568,0.5038904590266091,0.2926457141126905,0.6989398800901004,0.24046280554362706,0.6606569548603147,0.11379629852516311,0.704490453004837,0.3706791560564722,0.24115313170477748,0.06930732088429588,0.3800452399466719,0.02705665970487254,0.32288274275405066,0.3669517760323028,-5.354798798050199e-05,-0.03888910316995212,0.2658927190516676,0.02152985440833228,-0.05746935520853315,0.0342680567077228,-0.10420377765383039,0.14417643738644464,0.06662582073892866,-0.07819714822939464,-0.0370758729321616,-0.037467290846897025,-0.1063876524567604,-0.11785909586719104,-0.10485629604331084,0.025146752396332368,-0.0007280074059963226,-0.08928024935136948,-0.10378593472497803,-0.07075255231133529,-0.11017883462565285,-0.111828801953899,-0.1426905734198434,0.10693505060459886,-0.029942639704261507,-0.09123501913355929,-0.09570807344945413,-0.10427896824798413,-0.09858971035906247,-0.12130613279129777,-0.08318560918061328,-0.0719471752111401
ERR1746763,1,-0.11893503740429878,0.037419533623116355,0.24380697842155183,-0.10971104353666306,0.2227152639201709,-0.05123897109712873,0.22052314771073206,-0.13720391264983586,0.5920659976878336,0.03572817732180868,0.23530588086162293,0.5992219506629876,0.12043690641543695,0.16462141275405884,0.2284279125077384,0.03243725760174649,0.494369739400489,-0.01982194005644747,0.37436004834515707,0.2489135648523058,0.43334954318457414,0.12137362041643687,0.45328639234815327,0.0032678512590272085,0.47468807202364716,0.13852088153362274,0.1604282222688198,0.017761945724487305,0.23640506528317928,0.004207449299948556,0.2234602432165827,0.4305802434682846,0.059228845206754546,0.021461167372763157,0.34261279925704,0.054284246904509406,0.12149942586464542,-0.03162129383002009,-0.07312999346426555,0.24434755316802434,0.11320658986057554,0.02030055331332343,0.02890483210129397,-0.0403702137991786,-0.01642036863735744,-0.06124679691025189,-0.09223514795303345,0.04515264502593449,0.03942154374505792,-0.08142235609037536,-0.013715763709374837,-0.00236588842900736,-0.1177135519683361,-0.013735536086772169,-0.14365772583654948,0.22821492395762885,0.034412874707153866,-0.10295679207359042,-0.09122628479131631,-0.10974035358854703,-0.1094320145036493,-0.08978523526872907,-0.08973243965634278,-0.11245057465774673
ERR1746764,1,-0.11891986749001912,0.21775711647101811,0.3955047247665269,-0.00583089009991714,0.4022756346634456,-0.012336452358535357,0.7325572414057595,-0.02444749458559922,0.9034440501460007,0.2724506797801171,0.37949505767651964,0.8417311124503613,0.3592295838253839,0.39681540216718403,0.5370531773992947,0.12880477149571692,0.6732077364410672,0.13447170185723475,0.6130114304167884,0.34751464958701817,0.8299807395253863,0.2996236713869231,0.7316585438592094,0.1472602803260088,0.7589329896228654,0.38478210302335875,0.32539895363152027,0.10437089883323226,0.422300422697195,0.03151648012655122,0.3808656004922731,0.4083452416317804,0.0020508297852107455,-0.0428649155156953,0.2699277086981705,0.00878472360117095,-0.07124032505920955,0.04219322970935276,-0.11133927372949463,0.10937795681612832,0.06538291701248714,-0.0912773215344974,-0.042244557823453634,-0.05264578171772882,-0.11203405580350331,-0.12090514174529485,-0.11648507748863526,0.02092468791774341,-0.008888666917170798,-0.10930193361959287,-0.12682174359049117,-0.06484726550323623,-0.11164082852857453,-0.11097820384228337,-0.1317857184580394,0.09337054216302931,-0.02467856981924602,-0.08305390578295503,-0.08617959344493491,-0.10159676701628736,-0.09029744498963867,-0.117754941540105,-0.07845424408359188,-0.057161036878824234
ERR1746765,1,-0.13175886922648974,0.15993320090430124,0.3033597813253956,-0.04321776703000069,0.30313900113105774,-0.04467046793018069,0.5684749058314732,-0.06450484639831952,0.7479755930336458,0.20266719588211604,0.32018316271049635,0.7222629061767033,0.2909497565456799,0.29409844108990263,0.42124657120023457,0.085251067632011,0.5906915898833957,0.09332723250346524,0.5299606573368821,0.2938035689294338,0.6691978914397103,0.2606285363435745,0.6298050901719502,0.10415921679564885,0.6794805718319756,0.33755157781498774,0.2421471877688808,0.08307590734745775,0.3712411235485758,0.029806159968887056,0.309890085033008,0.3748757152685097,0.001138069001691682,-0.033492040421281545,0.2548046750681741,0.006457655557564327,-0.04360615062926497,0.02353601051228387,-0.10828954167664051,0.13430054911545344,0.0517182041491781,-0.08711016497441701,-0.04048222888793264,-0.03237615392676422,-0.09949461370706558,-0.11924694691385541,-0.11029289849102497,0.016712237681661333,0.008257892514978136,-0.09759184182621539,-0.08935631545526641,-0.07144512076463018,-0.11410941077130181,-0.1130538322031498,-0.14180711124624526,0.10175591348005193,-0.02721092158130237,-0.09189990721642971,-0.09592291887539821,-0.10593505044068609,-0.09560869807111365,-0.11995066436273712,-0.08461904391047678,-0.0793140594448362
ERR1746766,1,-0.09424660780600139,-0.08990911979760442,-0.10905453842133284,-0.06963336627398219,-0.11852172868592399,-0.11739814068589892,-0.11031366139650345,-0.0875112989119121,-0.08566156668322426,-0.14423720964363643,-0.1298630429165704,-0.10930466598698071,-0.15569454857281276,-0.03363490743296487,-0.13092876012836183,-0.12237864346908671,-0.08984260660197053,-0.11615546633090292,-0.11806546258074897,-0.047741156603608816,-0.017262187487046634,-0.0028089934161731173,-0.03225826684917722,-0.14590440903391158,-0.10851211207253593,-0.03894539975694248,0.0036648352231298175,-0.147103913128376,-0.07555879537747907,-0.10240401700139046,0.5921237137434738,0.6220938776220594,0.5383103277002063,0.6445618718862534,0.4180870572371142,1.0145970191806555,0.9423789552279881,0.311980228738061,0.7901319834802832,0.9954306205202427,1.1787888471569334,0.7823668111647878,0.5345766906227384,0.4587769199694906,0.7167719421642167,0.5642242921250207,0.3984374215028116,0.5818524999277932,0.7573511855942863,0.1507966976080622,0.8616118686539787,0.8773261904716492,-0.08765333784478051,0.6748865310634885,0.6446343447480883,0.662837911929403,1.0167032097067152,0.24617198375718935,0.5163341249738421,0.15488285006722435,0.5528491597090449,0.9106285220810345,0.07237514001982552,0.6528837060821908
ERR1746767,1,-0.11883492421891008,0.11738241729991776,0.23311713923301017,-0.07011367686625038,0.3375054480774062,-0.06302622625870365,0.3782595193811825,-0.05326672962733677,0.7172973368849073,0.1501280346087047,0.1941284252596753,0.6407127257968698,0.21491015143692493,0.284830931241491,0.4136569170015199,0.09148513924862657,0.46539715298318435,0.0002130929912839617,0.4097088309270995,0.24434826895594597,0.7493685494576182,0.109612837433815,0.6286464003579957,0.185927220753261,0.5514316988576736,0.28292844763823916,0.25126778201333116,0.056374006372477324,0.286399086471647,-0.03430295522723879,0.39999685902148485,0.31290493799107416,-0.00926387622686369,-0.040667860103504996,0.32616956744875225,0.1004469096660614,-0.014022781779723508,0.028448420194243745,-0.10934378313166755,0.254238486289978,0.160581645156656,0.0018352783018989222,0.04416341707110405,-0.07361362069579107,-0.09872724754469735,-0.13058974061693465,-0.07861165847030602,0.0738694111683539,0.01428403758576938,-0.10829258364226137,-0.0764359523143087,-0.04812491685152054,-0.1263013705611229,-0.030667078415197984,-0.14473083083118712,0.18050009717366525,0.0469114152448518,-0.11187805368431977,-0.1147871773157801,-0.1244577525981835,-0.11574702470430306,-0.11241044157317706,-0.08557111650173153,-0.09116668520229203
ERR1746768,1,-0.08267911018005439,-0.10776645024972302,-0.11300526133605412,-0.08702761546841689,-0.12639146617480687,-0.12160386943391391,-0.12589614625488008,-0.09311906354767936,-0.00975658159170832,-0.14977481641939708,-0.10169889777898788,-0.04750774960432734,-0.14116337043898447,0.004162060362952096,-0.1403898224234581,-0.04856417753866741,-0.041180873821888654,-0.12815482089562075,-0.034880418862615316,0.023504287004470825,0.10526889030422483,-0.011965553675379072,0.06527481973171234,-0.13739282424960816,-0.11162235374961581,-0.03266673668154648,0.025379885187638656,-0.1398186587861606,-0.0526923555880785,-0.12919208513838903,0.37906695529818535,0.6218924415963036,0.4463479146361351,0.5228518332753863,0.4815296299223389,0.7278543556375163,0.7958830531154361,0.27887086250952314,0.5448527325476918,0.8817648674760546,1.1865268876510007,0.7581400541322572,0.4553575984069279,0.26839253093515125,0.6036514413676092,0.33704294823110104,0.34075441866713974,0.5443971816982541,0.5422197463256972,0.14188121472086226,0.6918761522642204,0.5949946088450295,-0.0796145328453609,0.5187898102615561,0.44987253259335247,0.5239459747182471,0.8102559532438006,0.1575786712180291,0.295188789122871,0.0758597222822053,0.24359309673309326,0.5887144867862973,-0.10376178153923579,0.34062749413507326
ERR1746769,1,-0.03800342231988907,0.2325700010572161,0.44750530485595974,0.03796437489134925,0.5092939421800631,0.03528985274689538,0.824059614113399,0.09446106448636524,1.0039469982896532,0.3775402105280331,0.4402606934309006,0.9473792531394533,0.4605610455785479,0.5183858307344573,0.6102207180644784,0.1829862723659192,0.8254830283778054,0.1471135195876871,0.6636338023734945,0.39604116337639944,0.9604085364512035,0.3135933907968657,0.8765812152996659,0.21024213305541448,0.814953166459288,0.48841982441289084,0.3410469657309087,0.10266666526773147,0.443101490182536,0.0394000554723399,0.43320741930178236,0.391970335905041,0.038056738674640656,-0.024184858160359517,0.24558537985597337,-0.04395754635334015,-0.13382621907762118,0.04365637792008264,-0.12334242250238146,0.022103939737592424,0.048768753451960425,-0.11062076155628477,-0.06514124326141817,-0.05937092086034162,-0.10226019897631236,-0.1197303416473525,-0.1209173524486167,0.052691745438746045,-0.005026129207440785,-0.12280553339847497,-0.13892573011772974,-0.03916861728898117,-0.11996032723358699,-0.11258874823605376,-0.11803575232625008,0.05319956453916218,-0.040385243615933826,-0.07760906405746937,-0.08957982109859586,-0.10422578879765101,-0.08339047272290502,-0.09907303377985954,-0.07229735543452469,-0.042055592872202396
ERR1746770,1,-0.13277496716805867,-0.031857791024127176,0.10202392084257943,-0.11300271696278028,0.1252982754792486,-0.10106827970594168,0.07166120223701,-0.0923478113753455,0.3637687720890556,0.029352218977042606,0.08469137895320143,0.3569048307836056,0.05417168459721974,0.14558381401002407,0.1657384025997349,-0.004476149699517659,0.39114164910279214,-0.07393673488071986,0.20927029315914428,0.10435508737074477,0.44040957040020395,0.027321317299668278,0.41522052365222145,-0.01951508064355169,0.39219227326767786,0.16773014442463005,0.09037170665604728,-0.024586043852780546,0.13536981812545232,-0.04301126833472933,0.2805611086743219,0.2787011004984379,0.05917531345039606,0.02444330762539591,0.29856352508068085,0.14332113521439688,0.15064839380128042,0.057833755654948096,-0.07055528781243733,0.29391096558954033,0.23768108298203774,0.07717884225504738,0.047897166439465115,-0.051466524600982666,-0.013495623533214842,-0.10004517023584672,-0.011395594903400965,0.13406519751463616,0.13534219190478325,-0.06048666712428842,0.11393830925226212,-0.04899396853787558,-0.12471289879509381,0.045052243662731986,-0.13170939151729857,0.18827939938221658,0.04780869984201023,-0.11169868281909398,-0.09174059341395539,-0.13632796279021672,-0.13603685423731804,-0.06128411287707942,-0.10890477257115501,-0.11082000045904092
ERR1746771,1,-0.12517031654715538,0.02311547100543976,0.2341587564774922,-0.10046136419155768,0.1549297230584281,-0.07670951208898,0.20067332631775311,-0.13767737363065993,0.5911408726658139,0.05473225503893835,0.2102329060435295,0.5028405389083284,0.1605237669178418,0.1046569012105465,0.2551404969500644,-0.0003776481109006064,0.5161890281098229,-0.025194292621953145,0.27670470625162125,0.197605608563338,0.3736913353204727,0.08516351133584976,0.3960730582475662,-0.021186403930187225,0.43613267902817043,0.17730849342686789,0.08105572845254626,-0.028578877582081726,0.21673569455742836,-0.00046043071363653453,0.20312459713646344,0.3820491060614586,0.061767367380005975,0.008445965392248971,0.29837424627372194,0.06907159090042114,0.09941017734152931,-0.000847045864377703,-0.08303176837840251,0.25755651614495684,0.13375504474554742,0.039438447781971524,0.0399057183946882,-0.028356284967490604,-0.023817000644547597,-0.05641392033014979,-0.08377921208739281,0.08218582001115594,0.0334797381822552,-0.05627087876200676,0.010193124945674623,-0.0054006049675600866,-0.11915895608919007,-0.07664984517863818,-0.14755740123135702,0.20922597258218698,0.01687195577791759,-0.10131186213610428,-0.09500122203358582,-0.11589453795126506,-0.1140073910355568,-0.09941449708172254,-0.08929401516382184,-0.1127576008439064
ERR1746772,1,-0.06478194892406464,0.2808437134538378,0.44222773079361233,0.030408342768039023,0.520527013710567,0.026024207738893374,0.8415059191840035,0.103068454723273,1.0280753842421941,0.3879317481270326,0.4342139693243163,0.9673894654427256,0.46476430339472635,0.504879271212433,0.6325525854315076,0.16034527362457343,0.8083322133336749,0.12789064113582885,0.6072587791298117,0.384239523006337,0.9910633031811033,0.26432876182453974,0.8987628407776356,0.24344652678285325,0.8152208424040249,0.503306371825082,0.3515519631411215,0.09185797415141549,0.44147742433207376,0.0316194338457925,0.45185310393571854,0.382598202675581,0.019160597452095578,-0.03126666641661099,0.24950808765632765,-0.02694602749709572,-0.13326857877629145,0.05597290795828615,-0.12039997269000326,0.04902201145887375,0.05868687480688095,-0.11159517669251987,-0.058700281594480784,-0.06867195067128964,-0.10832373691456658,-0.13039930377687728,-0.1211216129096491,0.03242098779550621,-0.033185740666730065,-0.12166793697646686,-0.14622656575271062,-0.04132949507662228,-0.12568613673959458,-0.11527571813868624,-0.1192027937088694,0.04486342285027994,-0.029465902596712112,-0.07172441176537957,-0.09729213828021395,-0.1062564312347344,-0.08446843622784529,-0.09984527036015477,-0.07141478931381633,-0.04518185196710484
ERR1746773,1,-0.037616149123225896,0.2822202167340687,0.29955597940300194,0.03048587404191494,0.524856226252658,0.00598792838198798,0.7227433323860168,0.26848128637565033,0.9823933818510601,0.42124732796634945,0.3853720341409956,0.754349123686552,0.457861923213516,0.6268879579646247,0.6047851049474308,0.12704256097120897,0.783903145896537,0.07717187064034599,0.5741215433393206,0.3465019248958145,0.9901659914425441,0.22589270983423507,0.9648415137614522,0.2887142800859043,0.7904957926699093,0.5851387998887471,0.3715273237654141,0.08258486139987196,0.41610110976866316,-0.00028176925012043545,0.5223394291741508,0.4095944607896464,-0.005153849720954895,-0.022744125287447656,0.24706644032682692,-0.02792116959712335,-0.12526301853358746,0.0717075201017516,-0.11751494303877864,-0.007768847048282623,0.09221219803605761,-0.11071540734597615,-0.030681593609707698,-0.0721902921795845,-0.10681487194129399,-0.137556115431445,-0.11200301508818354,0.03349480937634196,-0.026174628841025487,-0.11921811316694532,-0.12688714052949632,-0.052337824766124995,-0.13224856289369719,-0.08070948161184788,-0.12746940340314591,0.020571365919230238,-0.0008849757058279854,-0.08629458983029638,-0.12002036281462226,-0.1122141472463097,-0.09270046767778695,-0.09225410223007202,-0.06970013387035578,-0.05387031726006951
ERR1746774,1,-0.03917928944740977,0.3291143902710506,0.39028153142758776,0.08050800833318915,0.6220516376197338,0.038722514041832516,0.881919230733599,0.28074431299631086,1.092948354780674,0.4325024113059044,0.4419492536357471,0.897113942474659,0.4955364997897829,0.6384864747524261,0.6821507843477386,0.18091914829398906,0.8325154164007732,0.12277589631932122,0.6380242338137967,0.3798211637352194,1.0570934287139349,0.26133827971560614,1.0499057897499628,0.3266450773392405,0.8357051770601954,0.646638423204422,0.396629482973367,0.11068166313426835,0.4645716787116336,0.012985470039503915,0.5196867734193802,0.403296346110957,0.013145444648606437,-0.037345923483371735,0.23849038832953998,-0.029441765642591884,-0.14908386234726226,0.05051285667078836,-0.1159849079059703,-0.003824999289853232,0.10290692108018058,-0.12642122645463263,-0.03891241071479661,-0.07623411312566272,-0.11311523403440203,-0.13358195019619806,-0.11284214896815163,0.04113725679261344,-0.043178751532520564,-0.13013904754604613,-0.14587546672139848,-0.036649049924952645,-0.1346848319683756,-0.09045530955440231,-0.11669515392610005,0.0035798363720199893,-0.0052416037235941204,-0.07488922269216605,-0.11644893236059163,-0.10761281608470849,-0.08144994010217488,-0.09501463254647595,-0.06834573575594861,-0.046884904083396704
ERR1746775,1,-0.039742372663957734,0.34595529841525213,0.3991750047675201,0.09269503730216197,0.646253336753164,0.029340719538075582,0.8557917603424617,0.3146607620375497,1.1120898872613907,0.42868910916149616,0.4263420988406454,0.8861339698944773,0.5195308136088508,0.6512128838471004,0.6860905374799456,0.17792250269225665,0.8097927612917764,0.12759532832673617,0.6180881506630352,0.35841349113200394,1.106162174471787,0.24669339507818222,1.0758847753916467,0.33686687326657455,0.8058890519397599,0.6359208502939769,0.4111590108701161,0.12359641465757575,0.4889682094965662,0.003309656466756548,0.5663900918194226,0.3642421332853181,0.012566353593553816,-0.04609824025205204,0.24749252732310975,-0.0002571078283446176,-0.14597174099513463,0.057201133242675235,-0.11915292271545955,0.01360743067094258,0.13271264359354973,-0.12908518899764335,-0.02168493451816695,-0.08108195832132228,-0.1153924928179809,-0.13676074466535024,-0.10762491848851953,0.05282693875155279,-0.06701999264104026,-0.12655956723860332,-0.14665293587105616,-0.041052915688071935,-0.1355546052966799,-0.07549117631944162,-0.1175727727157729,0.007966801790254456,0.023599577801568166,-0.07215638418814965,-0.12028928666508623,-0.10905038685138736,-0.08563625453306097,-0.09620098117738962,-0.07337553182982706,-0.049342592779014795
ERR1746776,1,-0.05139096932751792,0.3303915709257126,0.38492479973605703,0.07750242097037179,0.6216128807198922,0.02867757050054414,0.8549655377864838,0.29193084803409874,1.0876772063119071,0.42174643091857433,0.4411923182862146,0.8672161405639989,0.4830152041145733,0.6338704036814826,0.6684818044304848,0.17905101126858167,0.8047196396759578,0.1291923150420189,0.6161953184886703,0.357525821775198,1.0607181361743383,0.24434945838791983,1.0541117563843727,0.3361782865997936,0.8162151681525367,0.6523391412837165,0.4087718376623733,0.11591859694038119,0.4778494683559984,0.009174501257283347,0.5563412138393947,0.38814245057957514,0.01183124418769564,-0.03991758929831641,0.2414382275726114,-0.014515981610332216,-0.14699815320117132,0.05467959386961801,-0.11872102479849543,0.005350581237248012,0.11573805127825056,-0.12510768111263001,-0.027555489646536962,-0.08085108960845641,-0.11954239809087344,-0.13413191373859132,-0.10807056246059281,0.04326881415077618,-0.05582052628908839,-0.1256801768073014,-0.14844768920115062,-0.04397763418299811,-0.131795698510749,-0.07663431617298297,-0.11880026278751236,0.01265124183399686,0.009737675211259298,-0.07458783779293299,-0.11974154905016933,-0.10991488157638482,-0.08608685543627612,-0.09771608800760337,-0.07169976294140465,-0.049999190627464225
ERR1746777,1,-0.02689174030508314,0.3610705201114927,0.42459130180733545,0.08230251797275352,0.6135063683614135,0.06518711309347834,0.9119670987129211,0.2533214698944773,1.1338484351124083,0.4270943475088903,0.44676450214215685,0.9476108077381339,0.49067663294928415,0.6733324421303613,0.6875167755143983,0.18566793981673463,0.8410723400967461,0.12988974499915326,0.6596051763210978,0.4115505149321897,1.0999059528112411,0.2998048961162567,1.047742532832282,0.2893432064780167,0.8776425240295274,0.6142735034227371,0.4376446578119482,0.1227910111525229,0.4863318426401487,0.009763589927128382,0.5205660132425172,0.4106072216693844,-0.00508455080645425,-0.041186376341751645,0.24297957228762762,-0.02086739767608898,-0.14440731597798212,0.062013065708535056,-0.10575200763664075,0.013249625052724565,0.0888875632413796,-0.10898576783282417,-0.04086056511316981,-0.07410429634286889,-0.11587143050772804,-0.13744930922985077,-0.10942988051101565,0.026873119175434113,-0.03247379671250071,-0.12569880591971533,-0.14910070491688593,-0.018852442502975464,-0.12229704484343529,-0.11246274910601121,-0.11520489837442126,0.042427589784243276,-0.006976908871105739,-0.0717335134478552,-0.10235522561041373,-0.1037632804363966,-0.08337239778068449,-0.09761707750814301,-0.06654503515372719,-0.0413074932460274
ERR1746778,1,-0.052915730114494054,0.2834105725799288,0.3658683661903654,0.03682717201965196,0.5678347428994519,0.04186375838305269,0.8638169169425964,0.20695810711809567,1.034583022551877,0.3859059421146022,0.43800536543130875,0.8744542835546392,0.4684891253709793,0.5940585647310529,0.6294488172445979,0.16165289655327797,0.7931404624666486,0.12490393008504595,0.6322654443127769,0.3790189086326531,1.0006348256553923,0.2820289943899427,0.9759209017668452,0.28350746498576235,0.8174963295459747,0.5945773294993809,0.3764235313449587,0.10950642079114914,0.43882832809218336,0.018143563398293087,0.4745297517095293,0.4132081206355776,0.009822099336556025,-0.030643102313791002,0.21571535883205278,-0.0447570881806314,-0.1405119810785566,0.0343341984386955,-0.12127677510891642,0.008553533681801386,0.08117358599390302,-0.11054444100175585,-0.03935874147074563,-0.06568153016269207,-0.1110126759324755,-0.13084452492850168,-0.11577134499592441,0.015720926757369722,-0.02747154768024172,-0.12702295290572302,-0.14033462053963117,-0.04205014184117317,-0.12923389407140867,-0.10312105538988751,-0.12113670738680023,0.034003463573753834,-0.0230848134628364,-0.07921389264187642,-0.10995996192962464,-0.11005994517888341,-0.08611430377433342,-0.09809133636632136,-0.06899331647270758,-0.05011896350021873
ERR1746779,1,-0.06346114711569888,0.3020184061356953,0.3394860572048596,0.03179158988807883,0.5590447879263333,0.0050878554050411496,0.7782479524612427,0.22570337022521667,1.0442293563059397,0.37758412717708517,0.4007896815559694,0.8206141769353833,0.4673160346490996,0.5733626314571926,0.6008179868970599,0.14635608451707022,0.7621364848954337,0.0858816487182464,0.5544480876331883,0.35102878670607296,1.0098872280546598,0.2130647035581725,0.9989931716450623,0.28020785110337393,0.7956885546445847,0.5900874733924866,0.3680871033242771,0.09717995912900992,0.4183949383773974,-0.0018622534615652902,0.5235858304159982,0.38979371743542807,-0.002083240875176021,-0.039368324513946264,0.23712329140731267,0.0011645188289029257,-0.13466761633753777,0.054972875331129344,-0.12130501334156309,0.04121107927390507,0.12061211998973574,-0.10324748392616,-0.01565270046038287,-0.0712348060748939,-0.11381298729351588,-0.13761822772877558,-0.10799286993486541,0.03032421666596617,-0.05990017045821462,-0.12186336783426148,-0.13316448139292852,-0.05075539914625032,-0.13097523844667844,-0.0871295993482428,-0.1256284820181983,0.030437983938359787,-0.0008590125611850194,-0.07291329319455794,-0.11958133748599462,-0.11384231237960714,-0.09134827813665782,-0.09931870310434274,-0.07469775350598086,-0.05306452259953533
ERR1746780,1,-0.09018618294170924,0.18844606833798544,0.21600370002644403,-0.03083078084247453,0.40485001461846487,-0.030305629330021993,0.5372064528720719,0.1433786912156003,0.8153368128197533,0.30416672570364817,0.28274268231221605,0.6381461045571736,0.3357361289007323,0.5023588719112533,0.4747073118175779,0.06924575833337647,0.647543841706855,0.03032753403697695,0.4782102166541985,0.28333987455282894,0.8555139122264726,0.16239570719855173,0.8170737004173654,0.1914601538862501,0.699145824781486,0.462188907034163,0.30118257126637865,0.07007183507084846,0.3521015803728785,-0.022864135248320445,0.4375032995428358,0.35837665499587146,-0.02199848315545491,-0.02813673870904105,0.22574565240315028,0.02860096549349172,-0.0821764881589583,0.04460683465003967,-0.11982727582965579,0.07753364954675947,0.12344837933778763,-0.07760455991540637,-0.009015748011214393,-0.055339422675647905,-0.1063669068472726,-0.14167503799710954,-0.09740840444075209,0.047237738966941833,-0.012118877044745855,-0.10777569189667702,-0.08583574289722103,-0.07840375123279435,-0.13055558555892535,-0.07161582061754805,-0.13859590675149644,0.04518274324280875,-0.004145106034619468,-0.10613823163190059,-0.12186383223161101,-0.12040173501840659,-0.10549798807395357,-0.10096157887684447,-0.07957794171358858,-0.07450200670531817
ERR1746781,1,-0.1135937317407557,0.22546366708619253,0.3298024372862918,0.03663194991116013,0.49645507681582657,-0.0020485190408570425,0.6666498780250549,0.032051414085019915,0.9162319472857884,0.26697859899806126,0.35689173213073183,0.825931789619582,0.36794656834432055,0.4161037342356784,0.549152494009052,0.12101176075105156,0.6270693838596344,0.043201353933129995,0.5587490416531052,0.30769199824758936,0.9344684956262687,0.137003876801048,0.842531703678625,0.22559326780693872,0.6933429773364749,0.44030752990927013,0.3254555357354028,0.08772813342511654,0.3363688327372074,-0.01774356301341738,0.4365191140345165,0.3632287504816694,-0.014326883213860648,-0.052627493760415485,0.24600510485470295,-0.005933810391330293,-0.1027101610920259,0.02978198868887765,-0.11742221830146653,0.10109533050230571,0.10578071432454246,-0.10689166401113782,-0.006596060536269631,-0.0785821241193584,-0.12928709174905503,-0.14412372346435273,-0.09533435478806496,0.01314556332571166,-0.04692013495202575,-0.12491389576877866,-0.11835998243519238,-0.0485803277364799,-0.1251604418669428,-0.08290703055847969,-0.13225409069231578,0.050379711003707986,-0.014424239950520652,-0.08945180528930255,-0.11594651187104839,-0.1173416543751955,-0.09812045888975263,-0.11145421117544174,-0.07633357603169445,-0.06566513941756316
ERR1746782,1,-0.11227452595319067,0.012231856052364622,0.13564790466002055,-0.11276710991348539,0.12954607286623546,-0.08423517777451447,0.14300637918391398,-0.11352669873407908,0.547338893370969,0.08050307285572801,0.15943588742188045,0.4460004562778132,0.17010380487356866,0.17603507425103868,0.1737571113875934,-0.002660120992784089,0.41812820945467266,-0.060029768251946995,0.2633935032146318,0.21532551678163664,0.47075544723442625,0.09179972537926265,0.44833396800926756,-0.0052809811064175195,0.4452975657103317,0.20146209932863712,0.13651755771466664,-0.01876798857535635,0.21351706143468618,-0.025403175769107684,0.30228600225278307,0.43316388023751123,0.04048648702778986,0.00934075643973691,0.25586638918944765,0.11828222072550229,0.08453002252749034,0.029041863977909088,-0.10060727489846093,0.2873832450381347,0.1494260180209364,0.08460935311658042,0.038005812891892025,-0.0009769810629742487,-0.011052197643688746,-0.07099752979619163,-0.0949199375297342,0.06462860000985009,0.03797196410596371,-0.05003255499260766,0.061906823622328896,0.013287261128425598,-0.12264580652117729,-0.04956749454140663,-0.1347959456699235,0.1861945167183876,0.05909012883369412,-0.10252790924693857,-0.09212797055287021,-0.11399792347635541,-0.1097370662859508,-0.09112819603511266,-0.0952346630926643,-0.11530437586562974
ERR1746784,1,-0.06808441770928246,0.3441058546304703,0.44459359241383417,0.10745185839810542,0.6426846608519554,0.05279880336352757,0.9260005610329765,0.14159745510135377,1.109993554119553,0.3854915643376963,0.46682262793183327,0.9760921852929252,0.49921720368521555,0.5953213317053658,0.700868271291256,0.16683963792664663,0.7649974216307912,0.11927253007888794,0.717671529522964,0.3915604587112154,1.1211475048746382,0.2598398210746901,1.0170331176902567,0.2772992404976061,0.8528619584228311,0.5658242617334638,0.4257671375359808,0.14210593673799718,0.42390461691788267,-0.0027563699654170443,0.5147899612784386,0.4110500016914947,0.008122649575982775,-0.05631479141967637,0.24571668882189052,-0.0350361242890358,-0.13632074211324965,0.05035495225872312,-0.11242822025503431,0.03873045848948615,0.09697845312101501,-0.10796814837626048,-0.021009633583681925,-0.07915562073633607,-0.1227509719984872,-0.135932166661535,-0.10707430222204753,-0.00799873098731041,-0.06411127639668328,-0.12376128030674798,-0.14758542499371938,-0.020331222830074176,-0.1176769807934761,-0.10487764055973717,-0.1150516505752291,0.041433891597470004,-0.033670428075960705,-0.06716891610994935,-0.09750583367089607,-0.1022784583536642,-0.08094326183865112,-0.09568289374666554,-0.06467296991780001,-0.04351308915231909
ERR1746785,1,-0.015460903091090066,0.4031098016670772,0.46269216175590244,0.13627162841813906,0.6953111120632717,0.06110361883682864,0.9779922706740243,0.32695409429392647,1.2019555153591293,0.44670443210218636,0.47257497693811146,0.995831365896655,0.5519535818270275,0.6866319550733481,0.712483137845993,0.26864887055541786,0.8713355362415314,0.16989658985819137,0.6567750839250428,0.40931942952530725,1.1834317275456019,0.3072157023208482,1.1537286511489324,0.32418326288461685,0.8795525921242577,0.691558701651437,0.42927626946142744,0.12928849485303676,0.5186837533754962,0.025591600154127394,0.5503406620451382,0.4055874028376171,0.024322864200387682,-0.03258416163069861,0.2181195568492902,-0.00038458493405154774,-0.15915916221482412,0.06434529487575803,-0.11495652049779892,-0.010690204799175262,0.10113310228501048,-0.12334935367107391,-0.06942027833844934,-0.06724580999330751,-0.10719998074429375,-0.13008855602570943,-0.111467284749129,0.04758087119885853,-0.032316604895251136,-0.12132468952664308,-0.15004565247467586,-0.029595414974859784,-0.12800666902746474,-0.10593243791455668,-0.10617807560733386,-0.01956534305853503,-0.007652832993439266,-0.06525942510260004,-0.10865928794789527,-0.0986449230861451,-0.07575184017020677,-0.0934898005798459,-0.06711965686866149,-0.0346166843415371
ERR1746786,1,-0.11344588920474052,0.09506146396909441,0.2441710483814989,-0.08266068728906768,0.19970014265605382,-0.04406659198658807,0.39111740168716225,-0.035314276814460754,0.650433201143252,0.2172438587461199,0.26527279525596115,0.5729496814310551,0.22636873541133745,0.29562694260052275,0.34309075613107,0.0435360779187509,0.601173317858151,0.04500951884048326,0.40082472030605587,0.23949733855468885,0.5579962831522737,0.18092472798057965,0.5351075710994857,0.055785546345370154,0.6898058376141957,0.353452347277198,0.2075824489417885,0.04907391353377274,0.3281512058206967,0.033363448189837594,0.29555221766765627,0.37634196877479553,-0.018977547862700055,0.006242635526827404,0.2744488105443971,0.035770979310785024,0.01986947496022497,0.05377781657235963,-0.08810087080512728,0.11606500776750701,0.04296254792383739,-0.050925668861184804,-0.019010483686413084,-0.03591968910768628,-0.068381756278021,-0.11784501164220273,-0.09935967544359821,0.08567291391747338,0.05352150382740157,-0.043528850855571885,-0.06270089900187616,-0.07697833542312894,-0.11440135325704302,-0.09460596121581537,-0.14844059944152832,0.16052317113748618,-0.006296353414654732,-0.09368519165686198,-0.09894096285903028,-0.11438037162380559,-0.10046506779534477,-0.1121780457906425,-0.08257949205913714,-0.09139589699251312
ERR1746787,1,-0.12590955463903292,0.06747976863490683,0.26474528866154806,-0.09581839240023068,0.17605696405683244,-0.055046096976314275,0.3704632227974279,-0.10054384171962738,0.6638670628890395,0.1526168648685728,0.2570597963141544,0.5634090341627598,0.21821501212460653,0.22709005219595774,0.3401275553873607,0.053859950708491464,0.5823542092527662,0.06586736813187599,0.3655089062771627,0.22801073587366513,0.5360370914318732,0.20498478168987536,0.48849405188645634,0.024107093257563456,0.6031641023499625,0.2699436013187681,0.17910010128148965,0.036580205229776244,0.34715801370995386,0.0392182179327522,0.29053461285574095,0.3896747614656176,0.02350819217307227,-0.010529690289071627,0.27207635888979503,0.04992350723062243,0.03136057300227029,0.061746848481042046,-0.09463923903448242,0.1530192345380783,0.04993718756096704,-0.036418991429465156,0.00099365838936397,-0.0175762056772198,-0.04953507014683315,-0.09029367140361241,-0.10318051331809588,0.08002923588667597,0.05258445494941303,-0.04707323719880411,-0.0648146107393716,-0.06882196930902344,-0.11164711149675506,-0.10587402559550745,-0.1477668774979455,0.19852871314755507,0.008276965469121933,-0.08533923301313605,-0.09239553247711488,-0.10513062136513847,-0.09326442570558616,-0.11568504013121128,-0.08888235159351357,-0.09446922742894717
ERR1746788,1,-0.11099480305399213,0.17629735970071383,0.21246870957215183,0.006283921056560108,0.40852221926408155,-0.07481926147426878,0.514900315819042,0.11255293219749417,0.8531906264168876,0.2618058440940721,0.305790949745902,0.6627814966653075,0.39891476024474415,0.44571230347667423,0.4589485459561859,0.02426838129758835,0.6295280323496887,-0.02038540957229478,0.44325279351323843,0.26940151463661877,0.9292531247649874,0.07993005641869136,0.784987345870052,0.22147192167384283,0.5825151968747377,0.42704377855573383,0.24728518724441528,-0.04134102405181953,0.32832944286721094,-0.03422588216406958,0.37314785165446146,0.3670830636152199,0.021165455292378153,-0.05473886177475963,0.2313621070768152,0.08948586149407285,-0.09855200137410845,0.09127901720681361,-0.09695948474109173,0.0954692331807954,0.15761655143329076,-0.058754888496228626,0.007668812626174518,-0.10761773213744164,-0.10108268899577004,-0.08005623093673161,-0.09549460826175553,0.03709178524357932,-0.0442707607788699,-0.10342154159609761,-0.14258827481951034,-0.08777380628245217,-0.09496462079031127,-0.10081421371017184,-0.13732054936034338,0.13460983666923962,-0.03555680279220853,-0.10326790809631348,-0.12207502013604556,-0.11379521273608718,-0.09288386363602642,-0.1062961517434035,-0.08467796484806708,-0.07620230988998498
ERR1746789,1,-0.11302973835596017,0.1042458281985351,0.2603355372058494,-0.08262309461965092,0.19886548604284013,-0.03211730292865208,0.4433057563645499,-0.0556333778159959,0.6848823821970395,0.21315001057726995,0.2924670247094972,0.585135932479586,0.23894048588616507,0.3288215494581631,0.38752757225717815,0.05495465753067817,0.6540345230272838,0.09313170718295234,0.4236074185797146,0.24932470279080526,0.5537839852539557,0.26637481937983204,0.534275685270716,0.0278959364763328,0.7064839963402066,0.33113645210063886,0.19898709441934312,0.06186455727687904,0.37958441568272455,0.04411170950957707,0.27472459099122454,0.39381610069956097,0.008090586268476077,-0.006509869758571897,0.24479503716741288,0.0080747732094356,0.0077927155154091975,0.05326852095978601,-0.1014540365764073,0.08565281411366803,0.03683400207332203,-0.04562225192785263,-0.020088709092565944,-0.014418960249583637,-0.05533078046781676,-0.10505347965019089,-0.10877895168960094,0.07035012489983014,0.09195122388856751,-0.05988835037818977,-0.07057256384619645,-0.07461980464203018,-0.10562866074698311,-0.1111630474915728,-0.13802114235503332,0.17537899115788086,-0.02396339869924954,-0.08436071101043906,-0.089322369279606,-0.10115947361503329,-0.09226747855011906,-0.10231022723019123,-0.08358826844154724,-0.08611769388828959
ERR1746790,1,-0.11454891187271901,0.08730052198682513,0.23908380419015884,-0.09065289968358618,0.21502974203654698,-0.05341668746301106,0.39176651862050804,-0.06775757776839393,0.6650852050100055,0.18702604887740953,0.2608983432208853,0.5845001323946885,0.26684258196369876,0.2723219373396465,0.35761656505720957,0.022141735202499797,0.6039485335350037,0.028678119714770998,0.36560514090316637,0.2611844928136894,0.5381014618490424,0.19627894274890423,0.5359077118337154,0.061253274125712256,0.6119824126362801,0.30735420861414503,0.173743105626532,0.026627192805920328,0.3196959157607385,0.023621377402118275,0.27978026441165377,0.3853379913738796,0.011013385440622057,-0.019245503204209462,0.22932293957897595,0.008606704085000924,-0.0016932615212031773,0.03278738047395434,-0.1106831825205258,0.1429001268531595,0.05602071048425777,-0.031363635190895627,-0.012605198792048864,-0.025672652758657932,-0.05061061706926141,-0.10055529539074216,-0.11317352684480804,0.042499055819852014,0.042029844863074164,-0.06792409372116838,-0.05588474231106894,-0.05178891548088619,-0.11774580659610885,-0.10497379036886352,-0.14651973971298762,0.1488411526328751,-0.01070220662014825,-0.09547291752616209,-0.09615987632423639,-0.11397940891661815,-0.10309852712920733,-0.10409932104604584,-0.08436043091517474,-0.09247829765081406
ERR1746791,1,-0.12373234717441457,0.09252738180969443,0.27217558824590277,-0.08708846269707594,0.22900272001113212,-0.05520504713058472,0.420856775449855,-0.07316445985010692,0.7145481249317527,0.18149593685354506,0.2732633711504085,0.6182287417884383,0.2560442308230059,0.2675042918750218,0.37241183647087645,0.05091440145458494,0.6078445762395859,0.03726576800857272,0.3706499154546431,0.24806764828307287,0.6136470043233463,0.1959141369776002,0.5461658082370248,0.06712050948824201,0.6061477469546455,0.31370007672480177,0.20526419473545893,0.030187008237200125,0.3623525138412203,0.02878766443713435,0.3259127140045166,0.37172710469790865,0.009877225384116173,-0.01703313338969435,0.2553681379982403,0.04784524440765381,-0.006250072802816119,0.04795102881533759,-0.10953776644808906,0.14824402811271803,0.06388388920043196,-0.03880909936768668,-0.015305079586271728,-0.03660057232316051,-0.06657093417431627,-0.10242098889180593,-0.10920939115541321,0.06761415409190315,0.022304460406303406,-0.06299910481487002,-0.08907631026314837,-0.06558067724108696,-0.11695656499692372,-0.10132342643503632,-0.14908316731452942,0.15913855550544603,0.004165404609271458,-0.09303893268640552,-0.10180039224880082,-0.1074822550373418,-0.0996611647840057,-0.10986987980348724,-0.0864778609746801,-0.08274433815053531
ERR1746792,1,-0.11873438262513705,0.10542576121432441,0.25904169199722155,-0.07916534346129213,0.24029201801334107,-0.057352591305971146,0.4302236671958651,-0.05600996209042413,0.7223455043775695,0.19815000825162446,0.2663746355766697,0.6293113998004368,0.28511564140873297,0.2685082384518215,0.3687973735587938,0.04957812173025949,0.6159134975501469,0.03617586089032037,0.3759521453508309,0.2600313877420766,0.6099373405533177,0.17747001882110322,0.5709724458200591,0.07990556210279465,0.6214501676814896,0.33115697119917187,0.18780682289174624,0.0227769778243133,0.3403605084334101,0.028127336874604225,0.3197848562683378,0.36920198053121567,0.015580301039985247,-0.025969308401857103,0.23967179815684045,0.03183663170784712,-0.029798181461436406,0.04436714415039335,-0.11648592632263899,0.14046593649046762,0.058384657970496585,-0.055706407342638285,-0.016254858379917487,-0.03187221647905452,-0.06643500764455114,-0.10559521296194621,-0.1133748207773481,0.05787045242530959,0.020915805229118893,-0.06762583846492427,-0.0866784805532786,-0.06478312132613999,-0.1206402528498854,-0.1071024650840887,-0.14688904477017267,0.14011902708028043,-0.005749710968562535,-0.09656352736055851,-0.10335188771464995,-0.11219174255217824,-0.09812741939510618,-0.11183083882289273,-0.08786148694343865,-0.08336223901382514
ERR1746793,1,-0.11276412928210837,0.10029261133500508,0.2381010896393231,-0.09324447943695954,0.24445622254695212,-0.059272548982075283,0.40280536296112196,-0.05121420217411859,0.72944218984672,0.1973245001946842,0.2529960958553212,0.6253163032233715,0.2985470252377646,0.26714118250778746,0.3594710667218481,0.03683474766356604,0.5999143347144127,0.002770158861364637,0.34652488252946306,0.27299252258879797,0.626843528023788,0.14233630363430297,0.5641749171274049,0.08469946043831962,0.5982108914426395,0.3173952155879566,0.18293394640620267,0.007707004701452596,0.30111033961709055,0.016299026885202954,0.3341159299015999,0.3612312770315579,0.00907617820692914,-0.020624661285962378,0.24444668740034103,0.040240709270749776,-0.017327490661825453,0.03030145594051906,-0.12215216750545162,0.16044228630406515,0.08724128135613032,-0.015418177204472678,0.0015383675428373472,-0.039520238659211566,-0.05007078232509749,-0.10224736694778715,-0.11416043154895306,0.041355018104825704,-0.004159775163446154,-0.07534571085125208,-0.07262913989169258,-0.05402509655271258,-0.12466661365968841,-0.09878385802897226,-0.14535155253750937,0.14188336853736214,0.005409877215112958,-0.09746900227453027,-0.1033758057414421,-0.1159667798451015,-0.10871253162622452,-0.10417724214494228,-0.08615493614758764,-0.08617867582610675
ERR1746794,1,-0.07409247915659632,0.06603227289659637,0.38257109134324957,-0.05256691774619477,0.41129749161856516,0.21368132531642914,0.3356548084744385,-0.10250159353017807,0.6627412543499044,0.08997508138418198,0.3000842747943742,0.8762124268604177,0.13549752959183284,0.12596539767192944,0.23143276093261583,0.026848486491612027,0.4497425790343966,-0.019322635872023448,0.5572489226636078,0.2160050230366843,0.5968449882098606,0.0763027838360618,0.5531247886163848,-0.030847733840346336,0.348967583583934,0.11653186593736921,0.16966370652828897,0.010281696117350034,0.14556514524987765,-0.0056926655982221875,0.20270991218941553,0.37334298834736857,0.09617476537823677,0.027233885867255076,0.2788086863500731,-0.045948004350066185,0.19534397444554738,-0.0772683529981545,-0.047359101208192964,0.21116677352360316,0.16905315978718655,-0.041812311857938766,0.010238206014037132,-0.032907427953822274,-0.10842702792225671,-0.13552457852555172,-0.07380588931430664,0.013110736651079995,-0.062072984874248505,-0.0505907940013068,0.05298981975231852,-0.017726426678044454,-0.1377548724412918,-0.01908741465636662,-0.12760339038712637,0.10630249391709055,0.002721703877406461,-0.13251236506870814,-0.0890305686209883,-0.11380996794572898,-0.13506224751472473,-0.018227417155035903,-0.11458847631833383,-0.13390537138496125
ERR1746795,1,-0.11702592883791242,0.0906737329704421,0.2207953025187765,-0.061315970096204965,0.35334924182721544,-0.06283768213221005,0.29922048720930305,-0.007247636360781533,0.6870204008051327,0.15997746480362757,0.20438357070088387,0.5702405598546777,0.22990443770374572,0.31174164584704805,0.36860395648649763,0.05366764270833561,0.5025494159864528,-0.0125214798109872,0.3646660828962922,0.24271927454641887,0.7139607681227582,0.042979100453002114,0.6819824901010308,0.15333167995725358,0.5016542162214007,0.303755486117942,0.22438240856198327,0.0281188003718853,0.2869398573280445,-0.03598083023514066,0.39570084639957975,0.2963319615061794,0.002742873238665717,-0.0365089843980968,0.2843164120401655,0.08073462984923806,-0.027269140418086733,0.02954232692718506,-0.1170964166522026,0.1826027376311166,0.17004805164677755,-0.02121190513883318,0.00851854681968689,-0.06963462941348553,-0.11883608783994402,-0.12958185321518353,-0.08046622674113937,0.05824309161731175,0.004415532307965415,-0.1106049045920372,-0.05038197125707354,-0.05700200689690454,-0.13130336787019456,-0.029669712696756636,-0.14648261559861048,0.11784372052976064,0.05610289265002523,-0.12118086591362953,-0.12141592002340726,-0.12912553335939134,-0.12225891529981579,-0.12654079869389534,-0.09684270088161741,-0.0986713245511055
ERR1746796,1,-0.10223400379930224,0.20391984283924103,0.2774930010948862,0.0018968981291566575,0.4530123174190521,-0.0569718565259661,0.4175090470484325,0.1398792075259345,0.8833781097616468,0.2525294566127871,0.2221195474267006,0.6115395742734628,0.34968651618276325,0.43278843270880835,0.5050121641584805,0.1057868344443185,0.556845597922802,0.054914734193256924,0.408816500966038,0.24931498297623225,0.9481305932360036,0.07277749798127583,0.8519026985658067,0.22758382239512034,0.6010965470756803,0.4274173519973244,0.3050690506185804,0.08333738547350679,0.3684945737810007,-0.04047410296542304,0.567167096904346,0.30251792958006263,-0.015193385205098562,-0.03679238046918597,0.2905626190560205,0.13361228044543946,-0.06000664670552526,0.08889392098145825,-0.13027247680085047,0.16636539889233454,0.22878093804631913,-0.01691997210894312,0.038865427885736735,-0.08253530346389328,-0.11272867023944855,-0.14728369350944245,-0.07641602339156504,0.08277607975261551,-0.0017948629600661142,-0.11624193989804812,-0.06462133888687406,-0.0646615784083094,-0.12939093049083436,0.00843562904213156,-0.13369493080036982,0.11220900741006647,0.07954866785023894,-0.11042668231363807,-0.12455906592575568,-0.12007113546133041,-0.11365290455121015,-0.10949096349733216,-0.08855648252314754,-0.08470710579838071
ERR1746797,1,-0.12132728312696729,0.07561426317053181,0.12191917960132871,-0.0783554632216692,0.30802182853221893,-0.08561479153909854,0.2077769080975226,0.010318905979927098,0.5840919659073863,0.1675837960626398,0.11056620627641678,0.46162190571028205,0.1738037701163973,0.323394843510219,0.33365569583007265,0.03250137583485672,0.4146057159772941,-0.025113162185464586,0.2785731500812939,0.20168734288641385,0.674238712659904,0.0391108010496412,0.609567758760282,0.10451661795377731,0.4912675016426614,0.26484833444867817,0.19665788213855454,0.029372379715953554,0.27464243743036476,-0.05101556011608669,0.39199909115476267,0.2955542430281639,0.0014028788677283696,-0.020184701441654136,0.281477689743042,0.18130997821156467,0.035090647371751924,0.07255501725843974,-0.10898448846169881,0.23738762230745383,0.24208159638302668,0.0720322195972715,0.0689636447599956,-0.0519160395488143,-0.06870220601558685,-0.12990263210875647,-0.03036586514541081,0.10040792184216636,0.05455650495631354,-0.08980945338095937,0.045276872414563386,-0.07373482035472989,-0.13133228144475392,0.024609112845999852,-0.14081267693213054,0.18140574863978795,0.10302897968462535,-0.12762602817799365,-0.09309271696422781,-0.13105968279497965,-0.13121306230979307,-0.10645562543400697,-0.10264882964215108,-0.0949401403112071
ERR1746798,1,0.04049425678593772,0.5172332067574773,0.5032421350479126,0.2081380384042859,0.8413339134837899,0.11243099559630666,1.1146004710878645,0.43013244760887964,1.3137657354984964,0.5662078878709248,0.5755356443779809,1.0875455268791743,0.6024593082921845,0.8202504100544112,0.8536982429879052,0.2976482949618782,0.9799403420516423,0.20522637878145492,0.7817026578954288,0.47407711084399906,1.3385931083134242,0.31828200604234425,1.3102256283164024,0.3765382170677185,1.0056069770029612,0.8022275801215853,0.5143378086920295,0.15732068621686526,0.5585837715438434,0.045397640871150155,0.6520765530211585,0.4738196076026985,0.042698098080498834,-0.0349746434284108,0.25176290050148964,-0.031631916761398315,-0.16059075083051408,0.09065735286899976,-0.09677500118102346,-0.07603420955794198,0.08660562815410751,-0.1193618614758764,-0.06437717564404011,-0.08086069227595415,-0.110762890960489,-0.12785149897847856,-0.10214651615491935,0.0489529977951731,-0.02190374822488853,-0.1239780815584319,-0.14833683946302959,-0.008619015238114766,-0.1241486029965537,-0.09974148177674838,-0.09576800226100854,0.0007803226305570986,-0.016500830118145262,-0.04589826600360019,-0.10060184580340449,-0.09126770682632923,-0.06636970974172332,-0.08587992856545108,-0.058342572451303046,-0.031428939629612226
ERR1746799,1,0.01883266121149063,0.47456670658929007,0.47636825484888895,0.1811609108533178,0.7551541100921375,0.08398082273613129,1.0623393527099065,0.42269061133265495,1.2633327916264534,0.5349981153516897,0.541291960648128,1.0223824919334479,0.5895857725824628,0.7744584142097405,0.783677621611527,0.29116313265902655,0.9388503591929164,0.1927617767027446,0.7297543164209596,0.45006963796913624,1.2814682040895735,0.3118106967636517,1.2432722023555212,0.3465938238160951,0.9623888784221241,0.7693667922701154,0.4646214188209602,0.1421450413763523,0.5427782753748553,0.04546927341393062,0.6194702780672482,0.43720421833651407,0.033434949815273285,-0.02533737463610513,0.24516089659716403,-0.016886236279138496,-0.16006707080772944,0.07945002505688795,-0.10629605608327049,-0.05553282052278519,0.09302151841776711,-0.12096356281212398,-0.06666617787310056,-0.0814189265947789,-0.10938273769404207,-0.12697421227182662,-0.10675087458054934,0.05526758464319365,-0.029915750824979374,-0.12018906990332263,-0.14940655018602098,-0.023820985108613968,-0.1276876607111522,-0.099304701667279,-0.10071441211870738,-0.014961124040252929,-0.011485832610300608,-0.05269922422511237,-0.10255946361991976,-0.09225371333637408,-0.07076512741124523,-0.08868440054357052,-0.06270747571501747,-0.03239577882257955
ERR1746800,1,-0.033289459134851186,0.3012856202466147,0.39609338556017193,0.028868573451680795,0.5069369631154197,0.03081415274313518,0.8920642265251705,0.20716536098292895,1.0543962397745676,0.3963692854823811,0.45036580307143076,0.8848711401224136,0.4685114175081253,0.5977378711104393,0.6190863187823977,0.21169423990483796,0.8628556579351425,0.14455618602888926,0.616337847496782,0.38290414001260487,0.9772987834044865,0.30402383634022306,0.9628391853932824,0.24962069519928523,0.8604932629636356,0.6110276968351432,0.37138316268101335,0.10583651810884476,0.4727235204939331,0.049875632128013034,0.4801023740853582,0.3984818948166711,0.023411075983728682,-0.02262097331030028,0.21955402128930604,-0.032368232629128864,-0.14619108395917074,0.06574706307479314,-0.11792926117777824,-0.012098424136638641,0.06282232063157218,-0.10251800995320082,-0.058867394658071656,-0.06462553936788547,-0.10021920182875224,-0.12464192509651184,-0.11885701040072101,0.03316882731659072,0.029899418354034424,-0.11678711990160602,-0.14345172579799378,-0.047474327364138195,-0.12066574022173882,-0.11195357968764645,-0.11670096325022834,0.051101016462780535,-0.039334499942404885,-0.08101725431957416,-0.10221501000757728,-0.10417957936546632,-0.07963787711092404,-0.0957357238179871,-0.07026066042349807,-0.044414380831377845
ERR1746801,1,-0.06609523642276015,0.2908197726522173,0.3060408513993025,0.015147294050880842,0.47965887361871345,-0.011878430311168944,0.6866154713290078,0.17830308234053,0.9952760636806488,0.36187025399080347,0.3465303432728563,0.7565542193395751,0.44502455847603933,0.5061635822057724,0.5627918009247098,0.13181239872106484,0.7412647924252919,0.05956040642091206,0.4987842398030417,0.3295272285384791,0.9708269653575761,0.17610365258795874,0.9151886728193078,0.24672322294541768,0.7614043142114367,0.5929856321641377,0.3370418037687029,0.06731088166790349,0.3966943001640694,0.009058737329074315,0.5305712914892605,0.34470536346946445,-8.502496140343803e-05,-0.05030805777226176,0.23696123276438033,0.043768840176718574,-0.12515780702233315,0.07927013614348002,-0.11828881834766694,0.07635694529329028,0.11761209155832018,-0.09139819336788994,-0.014464282829846655,-0.07356662981744323,-0.11102905017989022,-0.14164215752056666,-0.11253166278558117,0.044840747224433083,-0.06075267174414226,-0.10713394305535726,-0.12744753222380364,-0.06261243511523519,-0.13449338025280408,-0.09329938037054879,-0.1282684967986175,0.03901248415266829,-0.0009462029806205205,-0.08177580644509622,-0.1215988010766783,-0.11600162754101413,-0.09236124171210187,-0.10508528005863939,-0.0832433266332373,-0.06030074054641383
ERR1746802,1,-0.10908447077963501,0.21381665340491704,0.40437083105955807,-0.0009221040776797704,0.40273660807205097,0.0029585380107164383,0.7587285893304008,-0.018247262375163182,0.8817965537309647,0.28675199140395435,0.41471302935055326,0.8486208372882434,0.35325421392917633,0.3979302708591734,0.5308740820203509,0.149187896267644,0.711421046938215,0.15887244950447763,0.613348333963326,0.3392732542540346,0.7923258949137691,0.32013191495622906,0.746527208547507,0.15431614752326692,0.7897626459598541,0.42796029469796587,0.2975032052158245,0.11213975719043187,0.4349774925836495,0.05106854545218604,0.3435750976204872,0.3865474856325558,0.004780983286244529,-0.027648847017969404,0.2517188462827887,-0.011122229908193861,-0.08832215038793427,0.034293990050043376,-0.1099687074976308,0.07386584846036774,0.04434177705219814,-0.10250766415681158,-0.059344781030501635,-0.047689398700770526,-0.10711169349295753,-0.12134574140821185,-0.1159560749573367,0.029988135610307966,0.015084652496235711,-0.11033778025635652,-0.12519688292273454,-0.06913171229617936,-0.10881297822509493,-0.12053069618663617,-0.1321406795510224,0.08685750993234771,-0.040374381600746086,-0.08178184726940733,-0.08930711448192596,-0.10160387200968606,-0.08799100228186164,-0.11612055370850223,-0.08045058764816661,-0.06022006645798683
ERR1746803,1,-0.12215968806828771,0.22126937870468413,0.3980164740766798,-0.009842376889927047,0.37488002117191044,-0.0017767428819622313,0.7220883284296308,-0.05230122059583664,0.8821408016873258,0.26805480463164194,0.410511959876333,0.824077311371054,0.33057872631720137,0.3461221967424665,0.5119770509856088,0.14344858338258096,0.6642733705895287,0.15430627763271332,0.5769926043493407,0.31516510833586964,0.7742090049598899,0.30107832912887844,0.7250079768044608,0.14697062370500394,0.7558929292219025,0.402198531797954,0.27570536067443235,0.1073998079768249,0.4138370655210955,0.04724048583635262,0.3362712391785213,0.3671955849443163,0.003237385834966387,-0.028412140905857086,0.254166791215539,0.008581787879977907,-0.07399055042437144,0.044341271477086205,-0.11018198884890548,0.08974047430924006,0.04197192724261965,-0.10193337393658501,-0.05840586205678327,-0.05066748979567949,-0.10707473648445946,-0.12653751245566777,-0.11469707917422056,0.005537129406418119,-0.00778362580708095,-0.10264932084828615,-0.12004803440400533,-0.07718335171895367,-0.11040392092296056,-0.12026712950319052,-0.13791718014648982,0.09218797939164299,-0.03554345268223967,-0.07896526197769813,-0.09491122201351183,-0.1014264625098024,-0.0909338513655322,-0.11955532990396023,-0.08257871547747138,-0.06520424942885127
ERR1746804,1,-0.06503190472722054,0.27739679706948145,0.298053216887638,3.744927900178092e-05,0.4687088830313379,-0.011628545820713043,0.6787438754524503,0.17178654590887682,0.9805205980581897,0.3584554251283407,0.34682793223432135,0.7486727759242058,0.42150284975234953,0.5146837766681399,0.5417191556521824,0.12401516788772174,0.7393909479890551,0.06450649031570979,0.4988674349317859,0.3313387967646122,0.93665123251932,0.18279448470899037,0.8992779015430382,0.2512143392648016,0.7606450830187116,0.595005275947707,0.3431916795670986,0.06263495449508939,0.3929677082757865,0.00357953565461295,0.5133203619292804,0.3525780348905495,-0.005070805549621582,-0.04644356667995453,0.23669440538755485,0.03918690819825445,-0.11859360257429737,0.07323022186756134,-0.1190338869179998,0.07467118544237954,0.11658102167504174,-0.08632951549121312,-0.013134875467845373,-0.07214770446132336,-0.1113555697458131,-0.14001842907496861,-0.11483774440629142,0.03739333365644727,-0.04661892035177776,-0.1010801379701921,-0.12782316974231175,-0.05609600778136935,-0.1343685601438795,-0.09900561640305179,-0.12813913662518775,0.047556562648553936,-0.0019530579447746277,-0.08679336655352797,-0.1207221482015614,-0.11710838388119425,-0.09632707892784051,-0.10688509845307895,-0.0826163520604106,-0.06270744877734355
ERR1746805,1,-0.06205909087189606,0.284014068543911,0.31752411861504826,0.004311017292950835,0.513156820088625,-0.006201331636735371,0.6942154935428074,0.18309696497661726,1.007524595196758,0.3612279896291771,0.3451657827411379,0.7918008273201329,0.44695264872695717,0.5122644134930202,0.5657642387918064,0.1388858998460429,0.7562897396939141,0.061139347297804694,0.48987356172541957,0.3367314822971821,0.9794729564871106,0.17908349526779993,0.9233161932123559,0.24100307800940104,0.7576574991856303,0.5978556403091976,0.33627944546086447,0.06327410813953195,0.3980248055553862,0.006097434886864254,0.5187980553933552,0.3463263777749879,0.0013481804302760533,-0.047887408307620456,0.22848602677030222,0.045540889991181235,-0.1270639659570796,0.06438467651605606,-0.11970422510057688,0.07402219516890389,0.13317951879331044,-0.09316729860646385,-0.01731291995383799,-0.07479839738724488,-0.1088689991406032,-0.13855808334691183,-0.11281942815652915,0.045085077307053974,-0.0591519581420081,-0.11785730985658509,-0.12799810298851558,-0.058945437627179284,-0.1359754822083882,-0.09817702748945781,-0.12718618554728373,0.03604964719020894,-0.0019363883350576674,-0.08085336309990712,-0.12215289533404368,-0.11570952047726937,-0.09126183803060225,-0.10219483503273555,-0.08076828741468489,-0.05833481524937919
ERR1746806,1,-0.06750239697950226,0.2602839225104877,0.2651286384456658,-0.017211532486336573,0.43398531898856163,-0.008964982415948595,0.6545881799289158,0.16402358099419093,0.9356768972107342,0.3425741942732462,0.3278457447886467,0.7351290200437818,0.39198301705930916,0.5194648408464023,0.5187487293566976,0.11012760948921953,0.7284968931760106,0.054996645876339505,0.49173714513225214,0.320734011807612,0.9149989472436053,0.2033572303397315,0.8679381403406816,0.23450146721942083,0.7589041707771165,0.5650386161037854,0.33360065147280693,0.07049729435571603,0.3807994490655671,0.009245477616786957,0.4732082262635231,0.34084477994058815,-0.00782293507031032,-0.04936364160052368,0.22141244182629244,0.03861537256411144,-0.11401787533291749,0.06814254447817802,-0.11582167340176446,0.07755385658570699,0.10899351430790764,-0.07866238164050239,-0.017697358770029887,-0.06358073079692465,-0.10512774969850268,-0.14227750258786337,-0.11095237598887511,0.03777902786220823,-0.03366218879818916,-0.09925851342268288,-0.11946901625820569,-0.06870478391647339,-0.1346488669514656,-0.09682037641427346,-0.13143907540610858,0.05144221768049257,-0.012416626725878035,-0.09187325023646865,-0.11968629514532429,-0.11627842871738332,-0.09581826281334672,-0.10644043210361685,-0.08142319714118328,-0.06596009087349687
ERR1746807,1,-0.10941382071801595,-0.050875531775610786,0.18808660895696708,-0.11432838120630809,0.03196391463279724,-0.09603788224714142,0.002175208181142807,-0.14109431207180023,0.4707455816013472,-0.03973422603199391,0.19033783780676977,0.3824773558548519,0.03188333713582584,0.024737317647252764,0.06454279273748398,-0.04922764322587422,0.4100630320608616,-0.034372340089508464,0.16545531472989491,0.09069569036364555,0.22440170177391597,0.03153227429304804,0.3169194406696728,-0.08552778139710426,0.34005673469177317,0.08652019979698318,0.04380929895809719,-0.053315243018524985,0.15540051513484546,-0.003114895096846989,0.15975857419627054,0.4692967502134187,0.11531195643224887,0.0871670658567122,0.378282154245036,0.16852311470678874,0.26626143897218363,0.039033113745972514,-0.02294730395078659,0.34980733932128977,0.2156436624271529,0.15712770181042807,0.07972134184092283,0.01842159977448838,0.0656962479863848,-0.014067571078027998,-0.03332741664988654,0.09861509378866426,0.08576840854116849,0.08752124117953437,0.1691908869792574,0.05359459349087307,-0.1141888823892389,-0.020509845444134304,-0.11733249095933777,0.25693108833261896,0.06523620683167662,-0.10189153839434896,-0.09082574610199247,-0.09346057208521026,-0.09101199957409076,-0.0781198191855635,-0.09694047990654196,-0.14533389679023198
ERR1746808,1,-0.11881952649647635,-0.00185592525771686,0.2314328391637121,-0.10598537858043398,0.13789739752454416,-0.08847754794572081,0.10392006034297603,-0.14442177755492075,0.565593426248857,0.01691169078860964,0.21182807428496225,0.5026807295424598,0.09489885118923017,0.07407161912747792,0.15629201409007823,-0.008182139401989324,0.47515881806612015,-0.05483232970748629,0.23909352613346918,0.17506704798766545,0.3782547865329044,0.022994307535035268,0.38488148365701946,-0.019246545221124376,0.4129753591758864,0.15214104843991144,0.0839336458593607,-0.06617335855428662,0.16971512910510814,-0.014594951910631997,0.18519623896905354,0.4116851016879082,0.07151622138917446,0.06922472481216703,0.3874234067542212,0.1702202060925109,0.16065374548946107,0.04040579178503582,-0.06191474325688822,0.33112667234880583,0.20318166725337505,0.0748662208872182,0.06119035876223019,-0.05392955682639565,-0.007434063724109105,-0.04688161318855626,-0.08389803128583091,0.11006190335111958,0.02188310133559363,0.03295475883143289,0.02770923131278583,-0.02707623051745551,-0.11408695578575134,-0.053243854731720476,-0.1348663398197719,0.23275083037359373,0.021257693214075907,-0.11132974962570838,-0.08864276563482625,-0.0988419789022633,-0.12151885032653809,-0.12070373632013798,-0.09381741817508425,-0.11725024878978729
ERR1746809,1,-0.11246176230322037,-0.021437094679900577,0.22182857245206833,-0.11390071202601705,0.08782468656344074,-0.07940609327384404,0.07771656276392085,-0.1485086211136409,0.5660899502358266,0.00980417590056147,0.20419617422989436,0.4713997702513422,0.0894892660102674,0.0400433103953089,0.10283068806997367,-0.02106927734400545,0.4503133493874754,-0.020673371319259917,0.210711946444852,0.1527856428708349,0.3022557592817715,0.028827655528272902,0.34035372946943554,-0.06127689193402018,0.3620755961830063,0.11390304033245359,0.07038496946915984,-0.05583286790975502,0.16608083361227596,0.006381981074810028,0.18305756537509815,0.48213545073355946,0.11819062914167132,0.053578418280397146,0.3547977028148515,0.18521582069141523,0.19449326981391227,0.020703805876629695,-0.062371496111154556,0.33870237270769266,0.1942052532519613,0.12322742252477578,0.07885953780662801,0.004254760486739022,0.08131274793829237,0.009257043260731734,-0.0787508317402431,0.08973108977079391,0.03846760094165802,0.05183820426464081,0.07702543480055672,0.049205031778131215,-0.11157386909638133,-0.06668986273663384,-0.12756386452487536,0.2719511661146368,0.059628991676228385,-0.0895371607371739,-0.08393057755061559,-0.07442042790353298,-0.09483338094183377,-0.10624118149280548,-0.09593873750418425,-0.12930068586553847
ERR1746810,1,-0.1218290861829051,0.03470169406916414,0.24548377415963582,-0.10633965874356884,0.18981900917632238,-0.07389955568526473,0.24057508685759135,-0.1389249243906566,0.6360089821474892,0.09773158574742931,0.26618735172918867,0.5545405229287488,0.17433836657021726,0.13151085456567152,0.23198438648666656,0.009685269423893519,0.5048220945256097,-0.010548960949693407,0.3171310227896486,0.2141968575971467,0.470485759499882,0.0659678503870964,0.43295723838465555,0.013300614697592599,0.489351219364575,0.20312963319676264,0.13786251856280224,-0.020124942330377444,0.2311898964856352,-0.009708746074466035,0.23747830837965012,0.42145502141543795,0.05537685379385948,0.01148968402828489,0.34405909372227533,0.07965521567634173,0.07066596299409866,0.030969848590237752,-0.10343840904533863,0.2383586870772498,0.1045771243848971,0.02910569097314562,0.015291092917323112,-0.03533788038683789,-0.017652628677231923,-0.06845559106607522,-0.10020474105009011,0.037190377712249756,0.009222179651260376,-0.018371749802359512,-0.025461052344845875,-0.03582618066242763,-0.11322187259793282,-0.08685521994318281,-0.14716260667358125,0.16992128287841166,-0.006805185760770526,-0.09412220785660404,-0.09804245736449957,-0.1067706802194672,-0.11070371765111174,-0.1225616963846343,-0.08985306814845119,-0.10311952286532947
ERR1746811,1,-0.12258469085541687,0.015700930995600566,0.2543691002896854,-0.10958800464868546,0.1840740516781807,-0.07259143020824663,0.19409584520118578,-0.1456883123942784,0.6488659328648022,0.06873203873900431,0.2532879002392292,0.5658436119556427,0.16420177011085407,0.08896099988903318,0.1964463796466589,4.9542103494916644e-05,0.4948841966688633,-0.009290872673903192,0.2964245581201145,0.20455096342733928,0.4215538405946323,0.054459957139832635,0.421302746449198,-0.0046333739800112584,0.4432441900883402,0.17582965535776957,0.10141634275870663,-0.04400638823530504,0.22074437088200025,-0.004113705097032445,0.22036235380385602,0.4469395098941667,0.08445784396358899,0.021521040371486118,0.3412930262940271,0.1264090852013656,0.09270774785961423,0.02726718251194273,-0.09958001332623619,0.2640650585027678,0.12565323284694127,0.041013553738594055,0.042072430053459745,-0.022888072899409702,0.008575522473880224,-0.04237712334309306,-0.10128804349473544,0.050703947831477435,0.0017859935760498047,0.002315615303814411,-0.011318322969600558,-0.021756703832319806,-0.11601203680038452,-0.09548455529979297,-0.14357823878526688,0.20234247017651796,0.01347110207591738,-0.08728724558438573,-0.0920725857306804,-0.09825690622840609,-0.10722832860691207,-0.12206373842699188,-0.09334552121747818,-0.10799437920962061
ERR1746812,1,-0.12089362740516663,-0.057565047538706234,0.11269473603793553,-0.11196074767836503,0.0707505691264357,-0.08914749324321747,-0.06558288474168096,-0.11572877956288201,0.3620078350816454,-0.09929511536444936,0.13038450053759984,0.3138174595577376,-0.0251533037849835,0.004041833403919425,-0.04890521163386958,-0.030056588617818698,0.2982536054083279,-0.08125943158354078,0.18839016849441187,0.09517932896103178,0.15106827872140066,0.0037808668400560108,0.29884559341839384,-0.11298321905945029,0.1874170952609607,0.06746151936905724,0.04234354464071138,-0.0854766733661693,0.05804474598595074,-0.05693073623946735,0.2195334956049919,0.5305670888296196,0.2205118824328695,0.17872079674686706,0.35092962426798685,0.24085384820188796,0.3911724239587784,0.0007121573601450239,0.06608857743309013,0.45171677640506197,0.4108268277985709,0.23888234687702997,0.19985783951623098,0.04603664630225727,0.10589588965688433,0.058681342218603404,-0.006662629544734955,0.14429482205637864,0.12122848816215992,0.12879994830914906,0.3095643057354859,0.17336308490484953,-0.11993353068828583,0.0013936965593269893,-0.054065649065056016,0.3006731995514461,0.24638844494308745,-0.09786106167095047,-0.034758542265210836,-0.03723599389195442,-0.07006332065377917,0.09657132199832372,-0.11601360035794121,-0.1295902479905635
ERR1746813,1,-0.12003022113016673,-0.03543832578829357,0.15805696483169282,-0.1144344476716859,0.11136876046657562,-0.09114154055714607,-0.005890468135476112,-0.13011115310447557,0.4574252917830433,-0.049962740923677175,0.16333287741456712,0.4036789376820837,0.058497349066393714,0.02380044385790825,0.029381840356758664,-0.021509601335440363,0.3610573075711727,-0.0657735573393958,0.2104954229933875,0.16019703447818756,0.2605889929192407,0.009639171617371696,0.34292338682072504,-0.06977868166619114,0.26899914842631134,0.1122919533933912,0.047375701633947234,-0.0811906350510461,0.12682166056973593,-0.030740549255694662,0.1890059132128954,0.5150687737124306,0.14561167093259947,0.10145202279090881,0.35238207238061087,0.1836135589650699,0.2671639866062573,-0.0031370834580489565,-0.017588252467768534,0.3561335009123598,0.2897122475717749,0.13363265924687898,0.10698571528441139,0.0006261765956878662,0.03371127588408334,-0.007116980451558318,-0.06851696223020554,0.11134856689854392,0.04894083658499377,0.07772161172969001,0.1741050465830735,0.060447669454983304,-0.12188426139099258,-0.036475070885249546,-0.11240026620881897,0.24905054590531758,0.13100553663181408,-0.10721049830317497,-0.07092411017843656,-0.08948674372264318,-0.10647571958335382,-0.05030253848859242,-0.10653544962406158,-0.1442367775099618
ERR1746814,1,-0.09709702325718743,-0.047872904288981645,0.16333830529557808,-0.10863548863146986,-0.04087359085679054,-0.07267170718738011,-0.00155960615458233,-0.13614379508154734,0.4681603642446654,-0.09438151360622474,0.08002620137163571,0.2710160304393087,-0.018987791878836497,-0.009587613599640983,-0.011773388300623213,-0.04469164514115879,0.37080382076757296,0.01655909312622888,0.12490327549832207,0.03641734937472003,0.08840204296367508,0.046901868124093325,0.2351451087743044,-0.12525012982743128,0.2276814179494977,0.00929194875061512,0.005135087030274528,-0.030378494943891252,0.18135896271892957,0.03375783562660217,0.2533194805894579,0.5598768602524485,0.218577935227326,0.16097433013575418,0.3219504654407501,0.257305952587298,0.43015355670026373,0.022556142216282233,0.10918135515281133,0.44845652154513765,0.2344144083160375,0.27862306577818735,0.1718685350247792,0.11593652829261762,0.2190819095288004,0.11835918868226665,0.016116450939859663,0.1759498773940972,0.16375912193741118,0.11239450691001755,0.2947185401405607,0.2179493952010359,-0.11190276752625193,0.02668854221701622,-0.022446731238492897,0.42542523571423124,0.2240111440686243,-0.034327550658157895,-0.05355774185487202,-0.021636552842600004,0.04118251321571214,0.02431545513016837,-0.08577131666243076,-0.10588140519601959
ERR1746815,1,-0.1019707013453756,-0.027659660737429346,0.17534959888351814,-0.1123298252267497,0.0011464650077479227,-0.0745768951518195,-0.00750637160880225,-0.13649733471018927,0.4988784369613443,-0.0887975086058889,0.096003885780062,0.33136615050690515,0.014332627345408713,-0.006914320800985608,0.028977925223963603,-0.03649982703583581,0.39426606574228834,0.00023661553859710693,0.16339878578271186,0.08142507382269416,0.16150441340037755,0.03171619628223458,0.2926312472139086,-0.11129451915621758,0.2411910310620442,0.02663920127919742,0.005580388009548187,-0.044431470068437715,0.18238911511642592,0.01959103558744703,0.26451706513762474,0.5113765666527408,0.18154561626059668,0.12073235266974994,0.3336926315511976,0.22507060126268438,0.3803777928863253,0.011156585666217975,0.05528116651943752,0.4268505529367498,0.21662681656224386,0.21863520358289992,0.14083912649324962,0.07639661760601614,0.1743074974843434,0.08665452791111809,-0.021046495264662162,0.16305792897972943,0.12505448396716798,0.06253714274082865,0.2259111556091479,0.1666897056358201,-0.11420664670211929,0.007964556770665305,-0.06719585401671273,0.38636669303689686,0.20423367779169763,-0.05349957048227744,-0.060996187052556446,-0.05339977145195007,-0.006883176476029413,-0.03603362025959151,-0.08919327573052474,-0.13372164059962546
ERR1746816,1,-0.10102037606494767,-0.04083804094365665,0.17451352014073304,-0.11124496241765362,-0.008025605763707842,-0.0772416703402996,-0.003239910850035293,-0.13924139312335423,0.49055727996996473,-0.07819757743605546,0.09546968873058047,0.31811955677611486,0.014945381187966891,-0.002722674182483128,0.028642818331718445,-0.04291853042585509,0.3981926760503224,-0.0032078208667891367,0.1321128069290093,0.07616994056609526,0.1618738491088152,0.029632016750318662,0.27798831675733837,-0.11042938221778188,0.24361763892894878,0.022671986371278763,0.006752367530550275,-0.04112847721470254,0.18693479310188973,0.021003909409046173,0.25715637153812815,0.527556982423578,0.17444084691149847,0.1152201471850276,0.32548322315726963,0.23954652036939347,0.38701637062643257,0.011387478826301438,0.04260520211287907,0.4203184757913862,0.2306142220539706,0.23674265162221023,0.13988084133182252,0.08099647105804511,0.19120443293026515,0.09672242828777858,-0.016232246266944066,0.1640864270074027,0.12553900054522923,0.07462013140320778,0.22375960062657083,0.16467649276767457,-0.11418055849415916,0.009109479774321829,-0.06819644171212401,0.3860599920153618,0.2059642161641802,-0.052683641867978234,-0.05653206578322819,-0.0490156477317214,-0.013238384654479367,-0.03454121468322618,-0.09216298309287854,-0.13328750325100763
ERR1746817,1,-0.09406894285764013,-0.05718790540205581,0.19712312599377974,-0.11417736618646554,-0.016822347151381627,-0.07443874222891671,-0.00482860899397305,-0.13178310011114394,0.4869616319026266,-0.11583478549229247,0.1097896546125412,0.2886638641357422,-0.00656779353240771,-0.007549466831343514,0.022771566041878293,-0.027126377714531764,0.3919627850076982,-0.0013559141329356603,0.16880154955599988,0.04146021498101098,0.13373880673732078,0.03358207430158343,0.27169375653777805,-0.10029008106461593,0.19291467778384686,-0.0016566089221409389,0.015902149890150343,-0.040578383420194895,0.17725138259785517,0.02613302639552525,0.26350955239364077,0.48133685333388193,0.18370777262108667,0.1267034491258008,0.3212940958993776,0.22168236837855407,0.39088585174509455,0.029409576606537615,0.09874276923281806,0.46830284861581667,0.21531117973583086,0.2355517182233078,0.16392291443688528,0.06746761766927582,0.19279350021055766,0.10252633265086583,-0.005411415760006223,0.16321332593049323,0.1114555469581059,0.053341767617634366,0.21220812361155236,0.1796542438013213,-0.1143222094646522,0.023529127506273135,-0.06806818475680691,0.3881419854504721,0.20064635588122265,-0.07018719879644257,-0.06481667421758175,-0.036391922139695713,0.01856282034090587,0.004518512370330947,-0.08829581950392042,-0.1261652670800686
ERR1746818,1,-0.08831130114517041,-0.05381154189152377,0.17937645688652992,-0.10952952211456639,-0.028580462826149806,-0.07245334184595517,-0.04319920324321304,-0.13021773685302054,0.47880944928952623,-0.11805542239121028,0.08242681462849889,0.2759576865604946,-0.009241582293595587,-0.01954606973699161,0.0025948818240846905,-0.037645913128341944,0.375378298706242,-0.006817006639071873,0.1259553608085428,0.04560242247368608,0.12758517717676504,0.007960018302713121,0.2693517282605171,-0.10673224340592112,0.16379351860710553,-0.010900071223399468,-0.014743366943938392,-0.05896977794223598,0.1622082825217928,0.020231305488518307,0.27148868462869097,0.48940037190914154,0.203798631472247,0.1476735308367227,0.31937235380922047,0.2826751300266811,0.43143191401447567,0.026149985022909408,0.10618547030857631,0.5324473804129022,0.2800997516938618,0.2820137142968763,0.18121408351830073,0.06791094324684568,0.2384361677936145,0.13556441611477307,-0.0012899105037961686,0.2116683146783284,0.12294977005305034,0.08055565559438296,0.2695250649537359,0.18560714327863284,-0.11790652626327106,0.04943481859351907,-0.031324626611811776,0.40590548728193554,0.2543035314551422,-0.06008473943386759,-0.05617419071495533,-0.03140845336019993,0.023696256269301687,0.01630430801638535,-0.08983424465571131,-0.12404121405311994
ERR1746819,0,-0.02595239451953343,0.33498157135077883,0.37196168303489685,0.06828052656991142,0.5473399315295475,0.01888707173722131,0.8739395354475293,0.2906030459063394,1.0647957431418555,0.44512495025992393,0.4425738773175648,0.8611647550548825,0.48589251722608295,0.6265545955726078,0.6261768617800304,0.23630845360457897,0.8599696414811271,0.14315307246787207,0.6006319343245455,0.38436446871076313,1.0645870332207,0.3107463004333632,1.017391121281045,0.26402938685246874,0.8686491527727672,0.6502384915947914,0.3842011502544795,0.10751424783042499,0.5129502697714737,0.03907441667148045,0.5161127522587776,0.38104022121323006,0.024124196597508023,-0.02617854784641947,0.24240622952181315,0.0012778730264731816,-0.1470669401543481,0.058242980390787125,-0.11872934017862592,-0.018320912761347636,0.08471433286155973,-0.11266156658530235,-0.06871561459930879,-0.06650096274513219,-0.10296428842203957,-0.12699501748595918,-0.11192583232851964,0.05043995806149074,-6.153913480894906e-06,-0.11824743742389339,-0.1505131455404418,-0.057475317269563675,-0.12306227694664683,-0.10623090795706958,-0.11620563321879931,0.011013706081679888,-0.021679048027311052,-0.08286873996257782,-0.10821673290670983,-0.09771110982234989,-0.08141536059390221,-0.0914760519351278,-0.06991080884056698,-0.040974261571786234
ERR1746820,0,-0.027889360806771686,0.34597143956593107,0.34326851474387304,0.07013169143881116,0.5469733344923172,0.0034827113018504213,0.8117335183279855,0.32490554664816174,1.0382567739912443,0.4298360789460795,0.41319681278296877,0.8117828922612327,0.4905046708881855,0.6150024357650962,0.6153428213936942,0.23510376310774259,0.8263379463127681,0.12838041250194823,0.5491880263601031,0.36295647599867414,1.066988161631993,0.27399306637900217,1.0278014040419035,0.27571767355714527,0.8247158410293716,0.6507371908852032,0.36763813838894877,0.10361594281026296,0.5017355095062938,0.023655094738517488,0.5288724494831902,0.36283664405345917,0.016355044075420926,-0.03448579726474626,0.2331796543938773,0.029601573944091797,-0.1461974499481065,0.05877562878387315,-0.1173725463449955,-0.001991641308580126,0.09886367725474494,-0.12169178575277328,-0.06250058699931417,-0.06941818136588804,-0.10276651382446289,-0.1306609958410263,-0.10801395906933717,0.05384982217635427,-0.009801610239914485,-0.11595562499548707,-0.1479697163615908,-0.05989784161959376,-0.1244027412363461,-0.09657545467572552,-0.11802379467657634,-0.004898204967113478,-0.008939956980092185,-0.0884834396253739,-0.11783974416487451,-0.10237496266407627,-0.08273551210628025,-0.09312943329236337,-0.07195018788583443,-0.04534737393260002
ERR1746821,0,-0.0338593561734472,0.3450315786259515,0.3415755512458937,0.07483573923153537,0.533484726745103,0.00993783530845706,0.8214180597237178,0.3107874095439911,1.0381456432597977,0.4353411865553686,0.40789116280419485,0.8244196751288005,0.461625423548477,0.6215943108711924,0.5894634787525449,0.24253331417483942,0.8101936940635953,0.13965369002627476,0.5617553884429591,0.35722844302654266,1.0635116728288787,0.30390831189496176,1.0282569575522627,0.2638884059020451,0.8454163404447692,0.6466649531253746,0.3756372316607407,0.1112106152411018,0.5211408925907952,0.031037178422723497,0.5232487948877471,0.3577056292976652,0.018426507711410522,-0.03142489439674786,0.22519273177853652,0.03797565187726702,-0.1453874728509358,0.059909382568938394,-0.12079650376524244,0.0006494554025786263,0.0915990759219442,-0.12319625807659966,-0.07245153747498989,-0.06175673433712551,-0.10767300746270589,-0.13037032314709254,-0.11031884207789387,0.05155639510069575,-0.009011284581252508,-0.11147978695641671,-0.14865243115595408,-0.0716180210666997,-0.1255130852971758,-0.09791239949741534,-0.1201694565159934,-0.006933550583198667,-0.017006199274744307,-0.09116120678040066,-0.11681346876347172,-0.09794889909348317,-0.08433701297534364,-0.09412501739071948,-0.07447784536634572,-0.04570454711626683
ERR1746822,0,-0.024053987647805895,0.33584331401756834,0.3408026929412569,0.05136824332709823,0.5031175943357604,0.006781084196908134,0.8183001620428902,0.30945651552506853,1.0383155824882644,0.43389818019100596,0.4328681156039238,0.8263617626258305,0.463384998696191,0.6254101608480725,0.5645277904612678,0.2612093407660723,0.835142467703138,0.13202299284083502,0.5475136144086719,0.3789836386484759,1.014433639390128,0.30826705800635473,1.0153851870979582,0.2822828558938844,0.8408591534410205,0.6871974521449634,0.36231131692017826,0.0991763307579926,0.5281574811254229,0.0434198049562318,0.516616729753358,0.37386719988925116,0.01982131919690541,-0.01207278189914567,0.22874503835503543,0.022898911365440915,-0.14386825369937079,0.06334169315440315,-0.12315542250871658,-0.02290491227592741,0.07357054123921054,-0.11601230342473302,-0.0787706274007048,-0.06150354268694563,-0.09639782352106911,-0.12327339393751961,-0.1172615668204214,0.052795608661004474,0.01644050862107958,-0.11228233216596502,-0.14973670563527516,-0.0669856494558709,-0.12488205092293876,-0.10485383723529854,-0.11858749602522169,0.0025976652811680523,-0.01352016840662275,-0.08780015007193599,-0.1162085994313072,-0.09956858307123184,-0.08332873601466417,-0.0935573663030352,-0.07407715076364443,-0.04256129457748362
ERR1746823,0,-0.01093669980764389,0.3877211596284594,0.3681491528238569,0.08440816322607654,0.5449868578995977,0.024019951532993997,0.8889870388167245,0.35519401516233173,1.0943292123930795,0.4604601173528603,0.4540797024965286,0.8575518003531865,0.48318430142743246,0.6488594274435725,0.5979389995336533,0.29662736052913324,0.8628699098314557,0.16098069825342723,0.5899704624898732,0.38716895771878107,1.0697210718478476,0.32590902011309353,1.0722886313285147,0.2965913031782423,0.8615786709955761,0.7126466110348701,0.38406823814979624,0.11907772161066532,0.5523500197700092,0.04965339973568916,0.5428596756287983,0.3712090796657971,0.022684709302016666,-0.016269370913505554,0.2242774177076561,0.02531543799809047,-0.14648430794477463,0.06367336852209908,-0.12100751485143389,-0.028387906295912608,0.07600886720631804,-0.1205100246838161,-0.08122902416757175,-0.06632072877671037,-0.10132385258163724,-0.1256281371627535,-0.11693203282941665,0.05963581640805517,0.012662551764930998,-0.11239592424993004,-0.1497279214007514,-0.06744548359087535,-0.12365368115050453,-0.10522996946903211,-0.11488995488200869,-0.004197275432358895,-0.011069606457437788,-0.0833947906004531,-0.115805659792386,-0.0956568398645946,-0.08181142121819514,-0.09566375826086317,-0.07642557694427003,-0.04159523932529347
ERR1746824,0,-0.062039117727960856,0.29560138285160065,0.35734934359788895,0.03887956642678806,0.4996714879359518,-0.006596044770308903,0.7772116107600076,0.2430963973913874,0.9964818432927132,0.4065235565815653,0.4109728591782706,0.7898496708699635,0.44758784238781246,0.5627554761511939,0.5820823780127934,0.2100928441754409,0.792225324681827,0.12438224362475532,0.543013231396409,0.34578648688537733,1.0050837759460722,0.27162699082068037,0.9472989551723003,0.2453227766922542,0.8108414528625352,0.601009230528559,0.35291589201161905,0.08926324998693806,0.5077743594135556,0.02939984095948083,0.5109063099537577,0.3530505984755499,0.006953864225319454,-0.02837627168212618,0.24046151193657092,0.020743157182421004,-0.13614640491349356,0.05287214262144906,-0.12148066929408483,0.005617041672979083,0.0907349746142115,-0.11354110070637294,-0.0680161544254848,-0.06669327397165555,-0.10815111015524183,-0.12807280038084304,-0.11410161506916795,0.05685385104983912,-0.0039353567574705395,-0.116115433296987,-0.1502767034939357,-0.06960517434137208,-0.12283577024936676,-0.10455303878656455,-0.12337584793567657,0.011714672270630087,-0.01136315826858793,-0.08585738270942654,-0.11512381985916623,-0.09844537185771125,-0.08620428939216904,-0.0995546905323863,-0.07465761774801649,-0.04720127449503967
ERR1746825,0,-0.021074238632406508,0.364422653402601,0.41430659166404177,0.11992715671658516,0.64319987062897,0.025763033756187985,0.8612633943557739,0.33701462857425213,1.0915802174380846,0.4554032529039042,0.44802131610257284,0.8990419597498008,0.5228094288281032,0.6307614328605788,0.6627246929066521,0.24444283012832915,0.8629089934485299,0.1298003845981189,0.585228509668793,0.38589702386941227,1.1454432564122337,0.2498558983206749,1.0652929289000375,0.29791694560221266,0.812873757311276,0.6371438652276993,0.3932297405387674,0.1070995849690267,0.5206670340682779,0.023378258304936544,0.5559849483626229,0.3734638861247471,0.022560644362654005,-0.033731761521526744,0.23999098156179702,0.027465336556945528,-0.15014379152229854,0.05677158970917974,-0.11735097744635173,-0.016473485955170224,0.10661372223070689,-0.13081408398491995,-0.06541039741465024,-0.08046756984133806,-0.10750249400734901,-0.1317360390509878,-0.10694863327911922,0.0721317423241479,-0.03917116778237479,-0.12119005114904471,-0.15439745358058385,-0.05119617230125836,-0.12725193798542023,-0.08679444911623639,-0.11323764813797814,-0.02086704019789717,0.00531276102576937,-0.07242189573922328,-0.11783047244950597,-0.10481092879282576,-0.08150807312423629,-0.09356959204056434,-0.07298390201425978,-0.04047851211258343
ERR1746826,0,-0.04932661248104913,0.2816183418035507,0.37585713288613726,0.030000655047063316,0.47003541461059023,0.010060703647988183,0.7900236121245793,0.2075210745845522,1.0051534782562936,0.40310598803418024,0.41677809613091604,0.8181666359305382,0.4254996084741184,0.5373409012598651,0.5754126948969704,0.22364760456340654,0.8236920280115945,0.14008600477661406,0.5478585981763899,0.3569003551134041,0.9769394653184074,0.29480029961892534,0.92589436072324,0.2290955829833235,0.8216861997331891,0.5846067395593438,0.34460666882140295,0.0931490883231163,0.4927562006882259,0.03709550787295614,0.469083203801087,0.36471449051584515,0.025709663118634905,-0.02097648861152785,0.24679864211274044,0.011015394436461585,-0.135123129135796,0.061206660100391934,-0.12424946363483157,0.0038259167756353107,0.06485904540334429,-0.11033037757234913,-0.06922695453145675,-0.06299655006400176,-0.10357705716575895,-0.1245710551738739,-0.11992168692605835,0.061737283532108576,0.010229780737842833,-0.11567807782973562,-0.14739604400736944,-0.068639143503138,-0.12129072419234685,-0.11017036913628024,-0.12348193568842751,0.03634707270456212,-0.021474876574107578,-0.08374015175338302,-0.10899360328247505,-0.10241949318775109,-0.08615471196493932,-0.09869180460061346,-0.07556342289067938,-0.04627731429146869
ERR1746827,1,-0.09572383601750646,0.2176257222890854,0.3220410834931369,0.005855862716478961,0.40190942969638854,-0.001368056982755661,0.6757677282605853,0.06825110872575481,0.8693398003067289,0.3022377794342382,0.35224081575870514,0.7861550152301788,0.3458612917789391,0.4848953293902533,0.5125599035194942,0.10395254314477954,0.740444038595472,0.07650964387825557,0.5738688664776939,0.3270357330994947,0.8162764390664441,0.24125913743461883,0.7748640781002385,0.16110445080058916,0.7792915020670209,0.4845515952578613,0.3314028690968241,0.08508862155888762,0.3743012704487358,0.00554907215493066,0.377365485898086,0.3757572610463415,-0.018811888992786407,-0.03029927079166685,0.24484658001789025,-0.011094103434256144,-0.10301268473267555,0.06317993572780065,-0.10267423199755805,0.06669047155550548,0.0686366611293384,-0.10019240847655705,-0.036885189690760205,-0.061499044565217834,-0.11294574184077126,-0.13797928818634578,-0.10472069953435234,0.04210890483643327,-0.0010602394384997232,-0.1097957608955247,-0.11874042823910713,-0.059136939368077686,-0.12011701347572463,-0.10897169208952359,-0.13464102574757167,0.05279274005442858,-0.02464946678706578,-0.09003856259265117,-0.1037890235228198,-0.11726501743708338,-0.09225534607789346,-0.10861338568585259,-0.07299157706022795,-0.05640127017561879
ERR1746828,1,-0.07960236711161477,0.2330253549984523,0.3893597828490393,0.023436871490308216,0.4792963629796369,0.005906775593757629,0.7587350351469857,0.0826484261612807,0.9431042735065732,0.30817324947565794,0.375430092215538,0.8963022860033172,0.43330939539841246,0.48536439133541925,0.5626776084037763,0.14104195443048542,0.7433945877211434,0.0963427099798407,0.5988095051475933,0.3745442011526653,0.8888213043766362,0.27606930264404844,0.8380662244079369,0.20814391065921103,0.7923781041588102,0.4989775350051267,0.32268799122955116,0.09747515871588673,0.39816069709403173,0.003912044422967094,0.4181765392422676,0.3877537798668657,3.157023872647967e-05,-0.037312167031424384,0.23250352232051746,-0.023254474891083583,-0.12370737109865461,0.03926152203764234,-0.1173582122262035,0.0782282246010644,0.08746333207402911,-0.10945266698087965,-0.041676680224814584,-0.0572624618653208,-0.10510692639010293,-0.12782199680805206,-0.11574456854058164,0.04202925520283835,-0.02410454090152468,-0.12454422430268355,-0.1338795152093683,-0.038990255179149766,-0.12216829934290477,-0.11210102463207607,-0.12499112742287773,0.036396155233627984,-0.01804457977414131,-0.08087312895804644,-0.09794117946044675,-0.1132954168798668,-0.08863014062600476,-0.10229074728808232,-0.07390413268668843,-0.04935034657163279
ERR1746829,1,-0.09527312804545675,0.27877019132886616,0.3379963274512972,0.034124872514179776,0.5096597269709621,0.024511592196566716,0.788362660578319,0.10841411581662085,0.9520452262035438,0.33217758419258253,0.37516412671123234,0.8318540313942192,0.41856454951422556,0.5353560841509274,0.5939956562859672,0.1386249719985894,0.7251009259905133,0.0926468547965799,0.6392327435314655,0.35301062198621885,0.954495234148843,0.26002426764794756,0.9005396858389888,0.20479733177593776,0.8158438950777054,0.5180839055350849,0.3697631820105016,0.11135128340018648,0.38749822974205017,-0.007088080580745425,0.44133132163967403,0.39939919326986584,-0.026222055511815206,-0.04518155540738787,0.2164680611874376,-0.02452610433101654,-0.1197360631610666,0.04594798319573913,-0.10743593025420393,0.05028723818915231,0.09358318895101547,-0.10120786407164165,-0.032220088477645605,-0.06296208988143397,-0.11337007262877055,-0.1384201113666807,-0.10589211128119912,0.012425743442560946,-0.019607102764504298,-0.12108871340751648,-0.1363475365298135,-0.046776561332600455,-0.11898556138787951,-0.11118042977925922,-0.12712246498891286,0.030871758802926967,-0.028304176138980047,-0.08322324390922274,-0.10335803816893271,-0.11097118631005287,-0.08531152337257351,-0.10445516955639635,-0.06714020568012659,-0.05191943062735455
ERR1746830,1,-0.09014356774943215,0.20486636672701156,0.3510932241167341,-0.011328858722533499,0.4107952010152595,-1.5101262501307896e-05,0.73318669625691,0.013159277915422405,0.9181377760001591,0.3145459100071873,0.36539298788245234,0.8566944295806544,0.40588437552962986,0.4179121788058962,0.535051727933543,0.09434664728386062,0.7222928000347955,0.08575152509313609,0.5356883449213845,0.3507206727351461,0.8519238986607108,0.23311721214226314,0.7517826743423939,0.14545695536902972,0.7464995671595845,0.4248582161962986,0.2877933242624359,0.07349939843905824,0.3384303453245333,0.025357306535754884,0.37593558856419157,0.3745249616248267,0.004826466952051435,-0.030919681170157025,0.21890662131564959,-0.03388227256281035,-0.11017399840056896,0.03224454101707254,-0.12939135464174406,0.08556665799447469,0.08390154476676669,-0.08612684586218425,-0.03853295264499528,-0.04794554944549288,-0.09926959659372057,-0.13167428438152587,-0.12261347978242806,3.834547741072518e-05,-0.03409343106406076,-0.12165137859327453,-0.1206976483975138,-0.046994484428848536,-0.12579200150711195,-0.11332148972100445,-0.13148437280740058,0.06508868799677917,-0.03559082693287304,-0.08300246531143785,-0.09656881703995168,-0.11333095308925424,-0.09437876035060201,-0.10601224164877619,-0.07735428098489397,-0.05973405071667263
ERR1746831,1,-0.08370504421847207,0.20384799156870162,0.354940516608102,-0.003250695631972381,0.4040087389626673,-0.007350429360355649,0.693069360085896,0.025698509865573475,0.949895049312285,0.31253468305138604,0.36143525530185017,0.8397269661405257,0.4065225688474519,0.41853965499571394,0.5204046130446451,0.09958191003118243,0.7241627361093249,0.07243164043341364,0.5103718100913933,0.3636105550186975,0.8816661335793989,0.19818254560232162,0.7655847461095878,0.1481332778930664,0.7525560334324837,0.43368493020534515,0.30915264253105434,0.07563364785164595,0.3477974856671478,0.022174130593027388,0.42934474987643106,0.3863180162651198,0.015241183340549469,-0.03768663613923958,0.24247416108846664,-0.004611310149942126,-0.10994437243789434,0.052759532417569845,-0.1309679735984121,0.10501568445137568,0.10994343353169304,-0.07761814232383456,-0.018633588616337095,-0.05025957345164248,-0.10767464978354317,-0.13371913028614862,-0.12169514942382063,0.0192641019821167,-0.05234564894012043,-0.11581551390034812,-0.12231250373380524,-0.04969399156314986,-0.124125886708498,-0.110769425917949,-0.1306890243930476,0.0803029009340597,-0.011161295963185174,-0.07768014845039163,-0.09447028068825603,-0.1159820407629013,-0.09729014629764217,-0.10957687321518149,-0.0810147696257835,-0.05582860338368586
ERR1746832,1,-0.10245478512453181,0.21854068764618464,0.2945361132068293,-0.012784900808972972,0.3982087851088311,-0.03346387084041323,0.6313636324235371,0.054021884653983374,0.8869388470692294,0.28038813759173664,0.3199600013239043,0.7728992721864155,0.37981116873561405,0.4229187880243574,0.49964521506002973,0.08753681528781142,0.6633288078010082,0.04826120180743081,0.48711107852536123,0.3165640171085085,0.860127574631146,0.16465382597276143,0.7790890341358525,0.1574391382081168,0.7305697969027928,0.4340734846025173,0.3044809587299824,0.0788991709372827,0.33000646797674044,0.00012706007276262556,0.4274351937430246,0.35978042281099726,-0.006460239844662803,-0.04005954175123146,0.2288682364991733,0.012952976993152074,-0.0992101749538311,0.047291074480329244,-0.1245524703990668,0.11244702764919826,0.13405299825327738,-0.07174936149801527,-0.005476994173867362,-0.056013627776077816,-0.11243546966995512,-0.14278494673115866,-0.10837875612612281,0.03934756613203457,-0.04711462929844856,-0.1148728323834283,-0.10528528956430298,-0.05348326319030353,-0.12781097793153354,-0.09521055833569594,-0.13394036622984068,0.07179957987474543,-0.0029026041073458536,-0.0910320897985782,-0.10539071441494993,-0.11583874826984746,-0.10055321774312428,-0.10352683413241591,-0.07933768209269536,-0.06464795382427317
ERR1746833,0,0.039624713893447606,0.480414979159832,0.41333865906511036,0.1792347723884242,0.6774220636912754,0.07676956589732851,1.0003056483609336,0.5044743248394558,1.1893089009182793,0.5262128873062986,0.5109035095998219,0.9322936577456338,0.5745261779853276,0.7865803603615079,0.6806242359536034,0.3781053051352501,0.9408015928098133,0.2080726804477828,0.6688564840172019,0.42804531127746615,1.209953127162797,0.3723772402320589,1.2497465525354658,0.36347474796431406,0.938727793948991,0.8431482868535178,0.43481878616980146,0.16874252312949725,0.6032545369650636,0.07215800721730505,0.6280269101262093,0.3983869435531752,0.04144730738231114,-0.020859182945319583,0.22535452672413417,0.008285121726138251,-0.15395098498889379,0.07487350728894983,-0.11849935139928545,-0.06659455171653203,0.08552312558250767,-0.12209886312484741,-0.08497371152043343,-0.06677890635494675,-0.1021447093891246,-0.12339566541569573,-0.10803532227873802,0.06261463835835457,0.014285976067185402,-0.1123100864767496,-0.15125303076846258,-0.05914985588086503,-0.12869375199079514,-0.09715221643481138,-0.10203692104135241,-0.030544828390702605,-0.0030624520565782276,-0.07524867934573974,-0.11357474165769028,-0.09388086765206285,-0.07588423868375165,-0.09275499997394425,-0.07220711885435906,-0.036037042271345854
ERR1746834,0,0.030254583805799484,0.4883341108049665,0.4296693184546062,0.172847504062312,0.6823485642671585,0.07150862685271672,0.9999515967709678,0.49619939071791513,1.2029332561152322,0.5198379648583276,0.5102805154664176,0.932631604373455,0.5800846772534507,0.7610897294112614,0.6844934448599815,0.36777058163923876,0.9308586493134499,0.19845116989953177,0.6482101524514812,0.4207301243607487,1.2029545562607902,0.33288018299000605,1.2340666417564665,0.3580972956759589,0.9161908168877874,0.8443095066717693,0.4338761039876512,0.16154892529760087,0.5875608106809003,0.06602145252483231,0.6345168650150299,0.39607109661613193,0.03700734941022737,-0.02893846801349095,0.2323335288092494,0.02307013901216643,-0.15439280228955404,0.08908755837806634,-0.1148488319345883,-0.05578734166920185,0.08621296738939625,-0.12510225070374353,-0.08043511451355048,-0.07185749430209398,-0.10344227044177907,-0.12319710212094444,-0.10889465368485876,0.05784559782062258,0.006695758285267013,-0.11076284747105092,-0.1534422423158373,-0.055090200155973434,-0.12943853650774276,-0.09626123022254822,-0.10169728047081403,-0.037380217657690604,0.0020850439156804767,-0.06793302018195391,-0.11675333040433802,-0.09905436881152647,-0.07529453098374818,-0.09449516170259033,-0.07477108498486425,-0.036879664952201505
ERR1746835,0,0.025598745260919844,0.4884746064032827,0.5100178665348462,0.21145068814179727,0.7771499210170337,0.127419070340693,1.1334284501416343,0.3470597708863871,1.255153170653752,0.5391355421660202,0.546511343547276,1.0936632411820548,0.5702078725610461,0.8060235349195344,0.8304697136793818,0.25974258527691874,0.9486937022634915,0.19195407735449926,0.8347200879028865,0.49027757878814426,1.2726305510316576,0.35337075271776747,1.222707252417292,0.3719027170113155,0.9945382066071033,0.7369556937898908,0.49422876137707916,0.16256152811859334,0.5042678958603314,0.0410848180098193,0.5851026805383819,0.46580490190535784,0.01355307868548802,-0.03979923150369099,0.24864547380379268,-0.05435092906866755,-0.15673471135752542,0.09682803467980453,-0.09479609211640698,-0.05279006489685604,0.0653858482837677,-0.12228046783379146,-0.06362721403794629,-0.0795543163133386,-0.11199872534988183,-0.12956551355975016,-0.10219669242256454,0.02804278316242354,-0.01894897541829518,-0.12071712341691766,-0.15194508646215713,-0.010055949379290854,-0.12462485368762698,-0.10870603086160761,-0.09844466165772506,-3.3722117742789646e-05,-0.029145533218979836,-0.053712786441402774,-0.09627576210602586,-0.09262137527444533,-0.06997243793947357,-0.09203776504312243,-0.05875167896738276,-0.03288966217743499
ERR1746836,0,0.007368912654263633,0.48049695576940266,0.48532986853803906,0.21157618598746403,0.7384418552475316,0.10599850756781441,1.0799663066864014,0.3540941466178213,1.2158276332276208,0.5187377621020589,0.5157554554087775,1.030359122902155,0.5652110150882176,0.7674150179539408,0.8045369216373989,0.24563685352248804,0.928749333534922,0.18040525593927928,0.8222127559461764,0.45875974132546354,1.2570348680019379,0.33754842089755194,1.2022393367120199,0.3412956329328673,0.9795610329934529,0.6997746133378574,0.47702254514609066,0.1560090554079839,0.49894941385303226,0.040328431342329295,0.5756794586777687,0.43546642349766834,0.009015715547970362,-0.03667236651693072,0.24741811358502933,-0.044131052281175344,-0.15245645280395234,0.09744398535362311,-0.09915970638394356,-0.04700750431844166,0.07529062830976077,-0.12762988358736038,-0.06377110417400088,-0.08055049703190369,-0.11375151182125721,-0.12969850323029927,-0.1066794490574726,0.04407466362629618,-0.02784648085279124,-0.11893634418291706,-0.15382534371955053,-0.02277610530810697,-0.12515232073409216,-0.10436202589023326,-0.10297758185437747,-0.010737385209982417,-0.023123870736786296,-0.060580652207136154,-0.09695186841833804,-0.09176061541906425,-0.07064320562806513,-0.09458970970341138,-0.061350224419064556,-0.033849003458661694
ERR1746837,0,0.01863930161510195,0.4875158135380064,0.5252295242888587,0.2017982002414231,0.7806935999542475,0.11585234478116035,1.1443619132041931,0.3555600435606071,1.2924605182238988,0.5126615040270346,0.5290753202778953,1.1395056758608137,0.6011187796081815,0.7584770545363426,0.7720298245549202,0.2802224869706801,0.9216442086866924,0.19926483290536062,0.7686538110886302,0.47491457206862314,1.2780907239232744,0.3488879395382745,1.2280637941190176,0.37215624111039297,0.9562953667981284,0.7373023735625404,0.47325423998492105,0.15703977112259185,0.5293035459305558,0.04887220369918006,0.5786277375050953,0.44785989608083454,0.025385077510561262,-0.03180028444954327,0.22196511498519353,-0.020950297691992352,-0.161700929914202,0.07278970961592027,-0.1105209259050233,-0.03432107503925051,0.09073641576937266,-0.12155247266803469,-0.0739176653857742,-0.0695823544270492,-0.10769420902111701,-0.12983863800764084,-0.10819327312388591,0.02063289444361414,-0.04352818615734577,-0.11622518913022109,-0.14869480473654612,-0.01788687173809324,-0.1314439975789615,-0.10544848631668303,-0.09660177491605282,-0.01962574864072459,-0.022366125136613846,-0.04661847052297422,-0.10183591466297262,-0.09182516498757261,-0.07143322641163,-0.09074432509286064,-0.0642251063857527,-0.030292153558028594
ERR1746838,0,-0.030161343781011447,0.3773249696407999,0.26595035035695347,0.06906524726322719,0.549493265338242,0.025424733757972717,0.7857013461845261,0.3547386872981276,0.9906597031014306,0.41563313148383585,0.3742012876485075,0.7419658138283661,0.41253247005598886,0.7433159947395325,0.6314005979469844,0.19144683091768197,0.7606175030980792,0.12110568157264165,0.6158206728952271,0.3404949919453689,1.0547253399022989,0.3093634375504085,1.0156075496758734,0.30874235555529594,0.8794052536998477,0.6977398108158793,0.4505238447870527,0.13191418988364084,0.4920869246125221,0.029485868556158885,0.5858415748391833,0.3742473681590387,-0.0181613489985466,-0.03870922539915357,0.22542208060622215,0.013900687785020896,-0.11690274749084242,0.0855993762878435,-0.10521794962031501,-0.012805664113589696,0.0808765169765268,-0.10717291917119708,-0.04628042238099234,-0.06613942618215722,-0.11156832533223289,-0.1448994672724179,-0.10540291673636862,0.049232764169573784,0.03206183761358261,-0.10328471873487745,-0.13789192800010955,-0.07559683573033128,-0.13398055945123946,-0.0837949544989637,-0.12801174074411392,0.020811200075383698,-0.02560062812907355,-0.10874815810737866,-0.11434447083489171,-0.10727748194975513,-0.0893763641028532,-0.09593371541372367,-0.06849113008606114,-0.06378914123134953
ERR1746839,0,-0.03176239292536463,0.3984237142971584,0.3047134586210762,0.07478036864527635,0.5710672730846065,0.015798040931778296,0.8242029462541852,0.353834906326873,1.0382385115538324,0.4216560585690396,0.3993248742605959,0.7851561212113926,0.46345904708973,0.7126521319150925,0.6424171956522124,0.20476953844938958,0.7909945952040809,0.13097603619098663,0.6055471396871975,0.3480128715080874,1.0795373331223215,0.30417833796569277,1.0536122471094131,0.3142995361371764,0.8863048851490021,0.7005108850342887,0.42478618155499653,0.13967771615300859,0.5149518975189754,0.02831564630780901,0.5838672359074865,0.35206360689231325,-0.011141865381172724,-0.050345057887690406,0.2230093665421009,0.021989863498934677,-0.13741691410541534,0.07575593861318859,-0.10985637995015297,-0.002377557967390333,0.08463731514556068,-0.11703560767429215,-0.04827276457633291,-0.06705036554818175,-0.11419061464922768,-0.13905344158411026,-0.10177033474402768,0.06059001758694649,0.01491394532578332,-0.10922702162393502,-0.14813452746186936,-0.06866907368281058,-0.13256176561117172,-0.09223843916385834,-0.12141586307968412,0.009746034163981676,-0.01414617310677256,-0.10170820767858199,-0.11630995378696493,-0.10421412185366664,-0.08365578018128872,-0.09904030683849539,-0.07159232963541788,-0.05672724431912814
ERR1746840,0,-0.046686949474470954,0.32815528767449514,0.2756155308868204,0.01670436773981367,0.44569452319826397,0.008401264835681235,0.7952076005084174,0.264680232320513,0.9659832428608622,0.38140329346060753,0.37562992530209677,0.7678884076220649,0.4319011042160647,0.6388865613511631,0.5615218452044896,0.18377163553876535,0.7820922647203717,0.11856583612305778,0.5603432373276779,0.3620972436453615,0.9408874426569257,0.34034920803138186,0.9253174513578415,0.2532023468187877,0.8577861690095493,0.6580750274338892,0.3736182435282639,0.11770271962242466,0.4808581716247967,0.03978725416319711,0.509532056748867,0.37304530585450785,-0.006576364593846458,-0.03772471525839397,0.19807425221162184,-0.004469593720776694,-0.12985367208187068,0.06378495586769921,-0.11842726250844342,0.02042683107512338,0.06046259988631521,-0.10452095632042203,-0.058196984364518096,-0.041175919867652865,-0.10085658090455192,-0.13571718228714807,-0.11556969117373228,0.03554366026738925,0.043457143008708954,-0.10543708583073956,-0.132298346342785,-0.073867905618889,-0.12897565960884094,-0.10963524452277593,-0.12556915091616766,0.035268673806318214,-0.02972670750958579,-0.09954937880060502,-0.10983922705054283,-0.10528077837079763,-0.08850829635879823,-0.09957417220409427,-0.07696921041601204,-0.060947222102965624
ERR1746841,0,-0.05541344732046127,0.3500583363430841,0.2962418632980968,0.07086478546261787,0.5271812954784504,-0.026019138284027576,0.701906086078712,0.3214470400874104,0.9667175374925137,0.39596318134239744,0.3642254362681082,0.7266383543610573,0.4594492795211928,0.6220871720995221,0.5864438212343625,0.17430613934993744,0.735404719199453,0.11017002697501864,0.5403713562658855,0.30177608664546696,1.059914414371763,0.19561353964465006,0.9790175972240311,0.2754922477262361,0.8088560732347625,0.6158243965889726,0.3920113316604069,0.11402467638254166,0.4860246277281216,0.013613101094961166,0.5938707547528403,0.32788691031081335,-0.010495782962867193,-0.06693719327449799,0.2405669665230172,0.07302128949335643,-0.1223997250199318,0.07708223988967282,-0.11328461420323167,0.04179726115294865,0.1282680332660675,-0.10590007901191711,-0.027803214532988414,-0.07259590524647917,-0.1198314939226423,-0.1364350233759199,-0.09176289143839053,0.08164935399379049,-0.01891354365008218,-0.1023311458661088,-0.13610927108675241,-0.0752961744687387,-0.128071523138455,-0.06732959080753582,-0.12394919512527329,-0.0019237880062844073,-0.002664783703429358,-0.09983358824891704,-0.12530984806029924,-0.1074637992839728,-0.08834192547614553,-0.10385312725390707,-0.08043283325553473,-0.06068821271349277
ERR1746842,0,-0.03622950693326337,0.40378955006599426,0.3475374547498567,0.10267946336950574,0.5968283324369362,0.014590771070548467,0.8402859249285289,0.35812510709677425,1.077179736324719,0.4272615537047386,0.3984898499080113,0.814675435423851,0.5025225475962672,0.6692783555814198,0.6516406961849758,0.21839307168764727,0.7830952161124775,0.12548641221863882,0.5964605595384326,0.3430273618016924,1.1222414299845695,0.24065282940864563,1.0698191576770373,0.32815355780933586,0.8512496224471501,0.6877087173717362,0.43036167855773655,0.12836516595312528,0.5088935387986047,0.02908907724278314,0.6156256198883057,0.342384645981448,0.0030715838074684143,-0.060199368212904246,0.22371251548507384,0.031160078942775726,-0.14209710167987005,0.08512205855056111,-0.11551829001733235,0.014001954879079546,0.11012786254286766,-0.12703606193619116,-0.039364474692514966,-0.07610260671935976,-0.11184653426919665,-0.1389082127383777,-0.10223365335592202,0.057104001619986126,-0.02082594351044723,-0.10878667794167995,-0.1477297076157161,-0.06558284190084253,-0.13633054069110326,-0.07469672856054135,-0.11827467860920089,-0.007340162160939404,-0.006232890699590955,-0.0902024935265737,-0.11992643984766412,-0.10755955973373992,-0.08387396394807313,-0.09962253937763828,-0.07567268669871348,-0.056138955389282534
ERR1746843,0,-0.03310802126569407,0.39375162763254984,0.33296501476849827,0.09219630674592086,0.5851078669407538,0.0038753018847533633,0.8053518129246575,0.34444519212203367,1.0573712438344955,0.42403361041631016,0.38802838671420303,0.784565769135952,0.49499110504984856,0.6690326077597482,0.6399703259978976,0.19771806097456388,0.7826794066599437,0.11243413069418498,0.592083528637886,0.34305981706295696,1.1064693331718445,0.22642218747309276,1.0586573236754961,0.32561017519661356,0.8373781208481107,0.6747158659355981,0.4145270719059876,0.12003668238009725,0.48906443427715984,0.02000419156891959,0.6118251819695745,0.3392438611813954,0.0018788395183426993,-0.05758498076881681,0.23060757932918413,0.03713309871298926,-0.13832933455705643,0.08138741353260619,-0.11491153282778603,0.009892798960208893,0.1098017016691821,-0.12364289453086842,-0.03242352391992297,-0.0796201645529696,-0.11210618913173676,-0.13927381059953145,-0.10249585578484195,0.05923437885940075,-0.019919426845652715,-0.11046398138361317,-0.1463717839547566,-0.06383439100214414,-0.13478667821202958,-0.07371448665591222,-0.12026922617639814,0.0024153720920107196,-0.0035858196871621268,-0.09389330300369433,-0.1214931250682899,-0.10897817023630653,-0.08468464048512812,-0.10091432250503983,-0.07565452064487285,-0.05807350995019078
ERR1746844,0,-0.044492638004677634,0.3594969276871,0.3043993433737861,0.05834367924502918,0.5526964830766831,-0.0012504628726414271,0.7672684639692307,0.3189626410603523,1.0186055643217904,0.40923493821173906,0.3858628206487213,0.7581997609564236,0.45434512038316044,0.6604100912809372,0.6268480750066894,0.18514938120331084,0.7684767491051129,0.10853321956736701,0.5543680936098099,0.32234187743493486,1.0655737689563207,0.23261910251208714,1.004650107984032,0.31808240126286236,0.8404668644070625,0.6739276966878346,0.407173947298101,0.11945366486907005,0.48552675013031277,0.024770092219114304,0.6012345318283353,0.34957661266837803,-0.0055581799575260705,-0.054857365787029266,0.23748509213328362,0.03189526179007122,-0.1329813642161233,0.08300611722682204,-0.1143810823559761,0.022888094186782837,0.10629572400024959,-0.10978240519762039,-0.03162997641733715,-0.07398809322954289,-0.11635130856718336,-0.14051766693592072,-0.10204251682651895,0.05484747248036521,-0.008179280906915665,-0.10810980041112218,-0.14706180670431682,-0.06812038831412792,-0.13492839996303832,-0.08211990974710456,-0.12389490380883217,0.015428789126287614,-0.009649014898708888,-0.09482835811961975,-0.12155125100564744,-0.10989856507096972,-0.0874207212390112,-0.09911952886198248,-0.074996872871582,-0.06100077394928251
ERR1746845,0,0.041604481637477875,0.5278803418789592,0.3951424402850015,0.18700762438986981,0.7383137606084347,0.08249864461166519,1.0206867499010903,0.5389313955924341,1.2320978407348906,0.5401889655206885,0.5122237748333386,0.9128742526684489,0.5968774099435125,0.8347857243248394,0.7306866198778152,0.3380730742854731,0.9403896161488124,0.19286464314375604,0.6885969851698194,0.44096672285481225,1.2554598110062736,0.3525105523211615,1.2856300792523794,0.4005583035094397,0.9439742586442402,0.8629773280450276,0.4760726756150169,0.1482735819050244,0.5834193426583495,0.0635170042514801,0.6701909144009862,0.43510295131376814,0.04208243851150785,-0.0309455506503582,0.21645258659762995,-0.011203333269804716,-0.15669811836310796,0.08223916696650642,-0.11674217454024724,-0.07670295504587037,0.10836551285215787,-0.1236640236207417,-0.07162185279386384,-0.07042149364549134,-0.10275718835847718,-0.12691609455006464,-0.108032075821289,0.05480007188660758,-0.006556188953774316,-0.1202688988830362,-0.14815542846918106,-0.04003982405577387,-0.13888368755578995,-0.08467735286935099,-0.10160485867943082,-0.03274233747755976,-0.003902799848999296,-0.07714157192302602,-0.1174827554579159,-0.10069126249956233,-0.07262927197319057,-0.0866935628333262,-0.06465781043724357,-0.038507718892235844
ERR1746846,0,0.04659045860171318,0.5181835511965411,0.42344061391694204,0.2026783342340163,0.7474731196250234,0.0719430223107338,1.004804151398795,0.5506674000727279,1.2465703221304076,0.5381724813154766,0.5300898967044694,0.9234512288655553,0.6232297793030739,0.8152850013492363,0.7037396878004074,0.35460977868310045,0.9338054731488228,0.18917458823748998,0.6461396419576236,0.4306511900254658,1.2593980644430434,0.3249633642179625,1.2994306428091866,0.41110032158238546,0.9118148162961006,0.8631238341331482,0.4673625087099416,0.1561740322836808,0.5996754307832036,0.0624588243663311,0.673164501786232,0.4083977235215051,0.03941797611436674,-0.029239899345806668,0.2130139818681138,0.009978200288190107,-0.15649299110685075,0.0805992063667093,-0.11994034264768873,-0.06935023569634982,0.12523209622928075,-0.1292900645307132,-0.07129210446562086,-0.07562517028834138,-0.1022836949144091,-0.12352092457669121,-0.10541340688775692,0.0660025163420609,-0.028309408309204236,-0.11920629335301262,-0.1501116922923497,-0.04016680350261075,-0.13864542011703765,-0.07282787757659596,-0.10148376279643603,-0.04482801433186978,0.010917197380747114,-0.06688791872667414,-0.12103691893363637,-0.10299930082900184,-0.07416590457848672,-0.08720448014459439,-0.06929638805948864,-0.03839937747190041
ERR1746847,0,0.06125655450991222,0.5300585856395108,0.4403666364295142,0.20584481715091638,0.7696189571704183,0.07916549486773354,1.0481161092008864,0.5438595915745411,1.280818763588156,0.548234013574464,0.5392913775784629,0.9644110947847366,0.6311688178351947,0.8272498257990394,0.7307246902159282,0.36178565876824514,0.9554413535765239,0.19927464638437545,0.6669401739324842,0.442807100713253,1.2873260293688094,0.3291967250406742,1.3182475141116552,0.4065844693354198,0.9279096094625336,0.8618175706693104,0.4693954831787518,0.15587318103228295,0.581419979488211,0.06075974766697202,0.6623416244983673,0.419934586754867,0.04730535591287272,-0.0276413086269583,0.2132562586505498,0.003910974732467106,-0.15895807317325047,0.07842835517866271,-0.11790082923003606,-0.07059629474367414,0.1240195951291493,-0.1267472164971488,-0.06776831458721842,-0.07829235011844762,-0.10199442532445703,-0.12238117733172008,-0.10677682408796889,0.06021031790546009,-0.0319380983710289,-0.11952734259622437,-0.14755040194307054,-0.03311523050069809,-0.1381122406039919,-0.081179676427772,-0.09855713322758675,-0.040670987185356874,-0.0002715901604720524,-0.061410310212522745,-0.11924099034097578,-0.10218238481320441,-0.07168271751808268,-0.08561163182769503,-0.06801643176627944,-0.03646557408917163
ERR1746848,0,0.04751510173082352,0.5130315210138049,0.4159276421580996,0.1866081351680415,0.7265957854688168,0.06402274008308138,0.9939886672156197,0.5466465846236263,1.2485520733254296,0.5332383587956429,0.5272482367498534,0.9097289102418082,0.6087091852511678,0.8024418859609536,0.6984244318945068,0.3565855287015438,0.9405326928411212,0.1876751578279904,0.6282371899911335,0.423719229974917,1.2442723023039954,0.3096012180405004,1.293348912681852,0.3989093601703644,0.9045242507542882,0.8734888711145946,0.4640681693064315,0.155476554696049,0.5906073059886694,0.05877501198223659,0.6751163623162678,0.40697949486119406,0.040055843336241584,-0.030140464859349386,0.2217752816421645,0.015392088597374303,-0.15654617973736354,0.09225481588925634,-0.12154019730431694,-0.06631250785929817,0.11986538129193443,-0.12911811151674815,-0.06802641760025706,-0.07582901631082807,-0.104171076257314,-0.12558369125638688,-0.10844154496278081,0.06540978912796293,-0.025341379855360304,-0.11819836816617421,-0.14996671357325145,-0.03983548868979726,-0.13704008821930205,-0.07288324164359697,-0.1012170964053699,-0.043929073942958245,0.017159550317696164,-0.06562711764127016,-0.1219324775572334,-0.10500999493524432,-0.07597686318747167,-0.0886898348107934,-0.07140580665769189,-0.03938008911375489
ERR1746849,0,0.046898512967995236,0.5324824133089611,0.42808763469968525,0.1913254644189562,0.7450998649001122,0.07313419878482819,1.0324675823960985,0.5446864307991096,1.262888168650014,0.5374348349869251,0.5354071397866521,0.9284665829369,0.6202697125928742,0.8205487110785076,0.7260909974575043,0.3662861037467207,0.9504235035606793,0.19836753181048802,0.6538005556379046,0.4359185057026999,1.2669671603611536,0.3280522216643606,1.3142569490841456,0.4012355591569628,0.9298771502716201,0.8805080503225327,0.46729147913200514,0.15739239273326738,0.5899846058871064,0.06110355630517006,0.6787877646940095,0.41551361020122257,0.04366205000717725,-0.029741686901875904,0.21872118647609437,0.006477285043469497,-0.15800151016030992,0.08958887681365013,-0.11757411807775497,-0.07145625459296363,0.11887282292757716,-0.124913504081113,-0.0699947141110897,-0.07651842292398214,-0.10195798852613994,-0.12336187596832003,-0.10732029305238809,0.055082716579948156,-0.01775588627372469,-0.11739680623369557,-0.1490965730377606,-0.03689630489264216,-0.13608491527182714,-0.0815669406604554,-0.09933944206152644,-0.03499516104680619,0.003581725593124117,-0.0654801945867283,-0.1199766635296068,-0.10264909480299268,-0.07213767077441194,-0.0877680370051946,-0.06713757894924909,-0.03677987071153309
ERR1746850,0,-0.0463410136955125,0.2775383080754961,0.21649580661739623,0.02640320227614471,0.4513818518524723,-0.03834584089262145,0.5395108828587192,0.36628604267856907,0.8663460426032543,0.37624932878783773,0.2809492477348873,0.570384916250727,0.4172837297831263,0.6317257128290034,0.5434353010995048,0.12452682267342295,0.6912346088460514,0.08270242597375597,0.4679030179977417,0.27614927291870117,0.97992197810007,0.15692830298628127,0.9186839503901345,0.2714713418057987,0.7230267716305596,0.6110525988042355,0.36985005252063274,0.07796142596219267,0.4154625471149172,-0.01054820099047252,0.5851910242012569,0.3285441963401224,-0.02139138217483248,-0.03772592223166222,0.25030262528785635,0.09312511927315167,-0.08487916325352021,0.10183801448770932,-0.11946686889444079,0.05184989528996604,0.1479737726705415,-0.07649978463138853,0.009848996730787414,-0.06250061813209738,-0.1037058372582708,-0.14878603922469275,-0.09173247244741235,0.10018363887710231,-0.012651746294328145,-0.10320134115006242,-0.10041924406375204,-0.08544170750038964,-0.13065143248864583,-0.024034660708691393,-0.13126467487641744,0.02452830903764282,0.03650401319776263,-0.11416998572115387,-0.12079616409859487,-0.1185299466763224,-0.10611960158816405,-0.09618381277791091,-0.08143966817962271,-0.07718746736645699
ERR1746851,0,0.04336832357304437,0.49964116673384396,0.4107153075081961,0.1790115532598325,0.7264258132449218,0.06234128826430866,0.9910229912825993,0.5212882645428181,1.2330758635486876,0.5302675853350333,0.5181325088654246,0.9102146252989769,0.6097691612584251,0.8036009754453387,0.7224283857004983,0.32015377203268663,0.9397059412939208,0.18273304189954484,0.645110662494387,0.4255918442670788,1.2322676458529063,0.31908783316612244,1.2789267535720552,0.3883188452039446,0.9269635826349258,0.8447922744921276,0.4664446341672114,0.14528378258858407,0.5694291708724839,0.05044575408101082,0.66482013463974,0.41569029646260397,0.039646706144724576,-0.035404174987758906,0.2239519963040948,-0.005111948187862124,-0.1571777888706752,0.08956161939672061,-0.11912453706775393,-0.06152036440159593,0.12062551613364901,-0.12604848082576478,-0.058347399213484356,-0.07787194575316139,-0.10619022404508931,-0.12689467519521713,-0.10564677517062851,0.05723947552697999,-0.02756682490663869,-0.1201001416359629,-0.15077453958136694,-0.03426966204174927,-0.1365885234304837,-0.08149404012198959,-0.10230168168033872,-0.031961374167752056,0.003726066755396979,-0.07023743999057583,-0.11974446724967233,-0.10456700217244881,-0.0747333166655153,-0.08817573383982692,-0.06709154300707658,-0.03968832961150578
ERR1746852,0,0.026862618114267076,0.5030342872653689,0.3892695387559278,0.1857100413846118,0.726911588971104,0.06884485829089369,0.9698378358568464,0.5274872218391725,1.2099639847874641,0.5266889261880091,0.5130529424973896,0.8567271168742862,0.5798436307481357,0.8185747798000064,0.7449659832886287,0.309685930476657,0.9094195121100971,0.18118856315101897,0.6695726130689893,0.40211889147758484,1.2317421713045664,0.3064283324139459,1.2745059366737093,0.39728844485112597,0.922280843768801,0.843881871019091,0.48395001276263167,0.14757677806275232,0.5648299886712006,0.04629034548997879,0.6707439443894795,0.4148750049727304,0.03293076468565102,-0.04094966873526573,0.23019397950598172,-0.010493697332484382,-0.15363794778074538,0.08951242161648613,-0.11297004989215306,-0.07069162272715143,0.1140461718397481,-0.12625208177736827,-0.05219562963715622,-0.0805000442612384,-0.11037798505276442,-0.1286219965134348,-0.10230826373611178,0.051501523171152384,-0.01978141814470291,-0.11892394881163325,-0.15155392672334397,-0.04225497134029865,-0.1358173585363797,-0.07277960696124605,-0.10434111846344811,-0.030819046178034375,-0.0054926590195723945,-0.07825049199163914,-0.1209188615238028,-0.10357521580798286,-0.07397015179906573,-0.08883243958864893,-0.06438991552152272,-0.045085321446614604
ERR1746853,0,-0.07070577491374154,0.26296412519046236,0.2886007066283907,0.006507421444569316,0.40795406858835903,-0.002829302102327347,0.6630338015300887,0.20999240236622946,0.9050744601658413,0.33920789004436563,0.35590800430093494,0.7457585414605481,0.3568940700164863,0.5430758308752307,0.4800597322838647,0.17829236454729522,0.7420681672436851,0.11303602657946092,0.5341142479862485,0.3337072767317295,0.8579601634825978,0.2798055484890938,0.9187507464417389,0.2374387809208461,0.8095528589827674,0.6058750796530928,0.3469411244815482,0.10645252918558461,0.4784987973315375,0.036705996309007914,0.4639609626361302,0.3606807625453387,-0.029646160347121104,-0.017581781638520106,0.22405795022080252,0.024812716990709305,-0.1087274317230497,0.05684257431754044,-0.11606347427836486,0.03777017550809043,0.04336745770914214,-0.11246978704418455,-0.06497475757662739,-0.05539729236625135,-0.11275909096002579,-0.13144352712801524,-0.11838762369006872,0.08136426777179752,0.03240102609353406,-0.10237239993044309,-0.140052036515304,-0.08583447496805872,-0.12296662266765322,-0.10633939943675484,-0.13444617709943227,0.05517198883795312,0.010136895946093969,-0.10415306155170713,-0.11304652531232152,-0.10596541102443423,-0.09443576700453248,-0.108835922021951,-0.07986085942580498,-0.0616637488294925
ERR1746854,0,-0.06438624286758048,0.2747586667537689,0.290527160678591,0.0030803865956841037,0.39148153364658356,0.0008280387680445399,0.6471699486885752,0.22082151100039482,0.9039364840303149,0.34276411762194975,0.3485200660569327,0.7346636475995183,0.35419283381530214,0.5417157585865685,0.4561875153865133,0.1837067013340337,0.7358767092227936,0.11177840137055942,0.5137501027701157,0.33051699453166555,0.863486892410687,0.2960843880261694,0.9138432315417698,0.22887539038700716,0.7978239325540406,0.6063521479123405,0.3423957907195602,0.12682047433086804,0.4838801122137478,0.03965100912111146,0.4789161724703653,0.35001084667497445,-0.03280712344816753,-0.014584193272250039,0.21903920280081884,0.03796870740396636,-0.1060546168259212,0.06686260178685188,-0.11788760521449149,0.04168526402541569,0.04935888892837933,-0.11476599105766841,-0.06434343914900507,-0.04358752660586366,-0.1137615836092404,-0.13347010208027704,-0.11909959525136012,0.08151568858219045,0.041771549731492996,-0.10012444481253624,-0.13814474269747734,-0.09157109087599176,-0.12650029733777046,-0.10409618381943021,-0.1359418204852513,0.042630323208868504,0.015292829700878688,-0.10137828599129405,-0.11639865215069481,-0.10906307505709785,-0.09376500586846045,-0.11229365558496543,-0.08435216314891088,-0.0653778805530497
ERR1746855,0,-0.0626604886659022,0.2661782481840679,0.3198798479778426,0.0015200210203017508,0.4034122366990362,0.010170783049293928,0.6918363592454365,0.1826822321329798,0.932571214224611,0.33727372557457,0.36015655951840536,0.7721433086054665,0.36196733372552053,0.5301331771271569,0.4664112888276577,0.21666593603523715,0.7644206264189312,0.14150964548545225,0.5585282805009878,0.3395846571241106,0.8755771473183164,0.34118509611913134,0.9037519334150212,0.20865675168378012,0.808163006390844,0.5810589508286544,0.3334274834820202,0.12711267599037715,0.49691287002393175,0.05177008467061179,0.45324977806636263,0.3463457173534802,-0.012426791446549552,-0.011233419179916382,0.1954504900744983,0.01933467122060912,-0.11787018073456627,0.04375462287238666,-0.11877027020922729,0.03204133468014853,0.043561493179627826,-0.1133961537187653,-0.07522315345704556,-0.0340679998709155,-0.11144904792308807,-0.1269134900399617,-0.12406824296340346,0.07317971704261643,0.06330430880188942,-0.10548690387180873,-0.13194455060043506,-0.09045268235994237,-0.12141802374805723,-0.11658171990088054,-0.1296854881303651,0.05803123049970184,-0.018455757094281062,-0.09874215003635202,-0.10844866382623357,-0.09775168275726694,-0.09093310644051858,-0.11311032170695919,-0.08492881243416507,-0.062191388569772243
ERR1746856,0,-0.0719565749168396,0.29580291892801014,0.29992180064852747,0.021133067086338997,0.4344320620210575,-0.02374936799917902,0.6257486002785819,0.2440652229956218,0.9387278045926776,0.33885647050504175,0.3459898403712681,0.7335044028503555,0.38519286337707725,0.524531716214759,0.4685519167355129,0.18238428554364614,0.7077264104570661,0.09825629155550684,0.4579832335667951,0.31046483665704727,0.925336666405201,0.22440743233476365,0.9689343337501798,0.2719366553106478,0.7589007605399404,0.6154287186052118,0.3420777380067323,0.10348796871091638,0.4883378062929426,0.01884361303278378,0.515584474163396,0.325432151556015,-0.03306571287768228,-0.02500580038343157,0.22431087653551782,0.07739655088101115,-0.11510378095720496,0.07753860418285642,-0.11687787216422814,0.07226195399250303,0.08813384281737464,-0.1184023025312594,-0.054533514460282664,-0.05832615168765187,-0.1225028932094574,-0.1386683370385851,-0.11077271894152675,0.0850539542734623,-0.014066043709005629,-0.10161170150552477,-0.1429115438035556,-0.08730619453958102,-0.1325151686157499,-0.08818427210540644,-0.13555529500756944,0.01568768173456192,0.04282123755131449,-0.10097277124545403,-0.12445976212620735,-0.11227791224207197,-0.09523816805865083,-0.11458468383976392,-0.08489983505569398,-0.06429978007716793
ERR1746857,0,-0.019353711179324558,0.3750606115375246,0.39307104157549994,0.09997117572597095,0.6052753305328744,0.055368496371167045,0.8753116173403603,0.32822464406490326,1.1099370047450066,0.45217396159257206,0.44678317436150145,0.8762362695166043,0.4462266926254545,0.6723917211805072,0.6257081468190465,0.25988103316298555,0.8545985711472375,0.1641704418829509,0.6552264972456864,0.39210205019584726,1.089872066463743,0.3217156284621784,1.1382866171853883,0.31311759246247156,0.8854409552046231,0.7052348213536399,0.4252064616552421,0.14657073893717357,0.5525831165058273,0.042488523359809606,0.5440024350370679,0.3876968744610037,-0.01099415442773274,-0.019033832209450856,0.21157162929219858,0.002996128850749561,-0.14679269705499923,0.05993641061442239,-0.11145806152905736,-0.015447348356246948,0.07102367321827582,-0.12197287593569074,-0.07968176582029887,-0.06736363443945136,-0.1195318555193288,-0.13264236279896327,-0.114479252536382,0.07786571340901512,0.026197467797568867,-0.12005197097148214,-0.15368491943393434,-0.06657146103680134,-0.1255677007138729,-0.10907468766838845,-0.1188120927129473,0.001185755744310362,0.002286285161972046,-0.09083278450582709,-0.11142298442843769,-0.09709790136132922,-0.08256030548363924,-0.10451856801020247,-0.07208543779311835,-0.045284632593393326
ERR1746858,0,-0.050932690085444064,0.31002489370959146,0.33013957885227035,0.06277063049908195,0.4892106513891901,0.010679471705641066,0.7263824961015156,0.28378595943961826,1.0015689145241464,0.394853873444455,0.4024889809744699,0.7732541529195649,0.4123258880738701,0.6048608124256134,0.5387987984078271,0.20259001292288303,0.8016747896160398,0.11934824993035623,0.539683705994061,0.35550558673483984,0.9805203797046228,0.2620241290756634,1.020886825663703,0.2768613946224962,0.8218550171170916,0.6616166851350239,0.38798370052661213,0.11551339844507831,0.5308457549129214,0.03506546254668917,0.5263598018458912,0.3663385074053492,-0.02211288788488933,-0.019988985200013434,0.21075494401156902,0.02744125042642866,-0.1266126592776605,0.07053055401359286,-0.11575396625058991,0.008291346686226981,0.07552687930209297,-0.11990431110773768,-0.06468272661524159,-0.06839649389231843,-0.12008535622486047,-0.13548434951475688,-0.11420774619494166,0.0866990475250142,0.014270591948713576,-0.10813973737614495,-0.15231553997312272,-0.07625488537762846,-0.12728125708443777,-0.1004002357034811,-0.12813919463327952,0.010159735667652317,0.02806964410202844,-0.09590837474180651,-0.1174732332916132,-0.10780658226992403,-0.09102442887212549,-0.1102127345012767,-0.07950083780035909,-0.0539017492639167
ERR1746859,0,-0.06476833245583943,0.3296470663377217,0.3388687962932246,0.062260832105364115,0.4811465141496488,-0.002073411430631365,0.7101014341626849,0.2947847992181778,1.010172994009086,0.36963615672928946,0.3724276210580553,0.7814307319266456,0.4046351728029549,0.579304468951055,0.5272446019308907,0.20467135469828332,0.7450952923723629,0.12766966356762818,0.5388559539403234,0.3256679028272629,0.965150742658547,0.27228902706078123,1.0266246146389417,0.29336116888693403,0.7972239649721554,0.6397309606628758,0.3804983988271228,0.14028614706226758,0.5326779282518795,0.019850652132715498,0.5337124988436699,0.3310301612530436,-0.030931488743850162,-0.034526088408061435,0.22643926899347985,0.06962402856775693,-0.11856167178068842,0.07732368234012808,-0.11322663455004138,0.0567129339490618,0.0878424524728741,-0.12444446821297918,-0.05828930304518768,-0.05943426864022123,-0.12420373993726182,-0.13847056669848307,-0.1111702389482941,0.09465254151395389,-0.006865594269973891,-0.10850485254611288,-0.14687951654195786,-0.08203902228602342,-0.12905454795275415,-0.09048149883580793,-0.1298281646200589,0.0092459608401571,0.04468059805887086,-0.09913373938096422,-0.12050774560442992,-0.10669792895870549,-0.09103366306849889,-0.1118771109197821,-0.08183101361750492,-0.05909902562520334
ERR1746860,0,-0.028343858130808388,0.3839633911848068,0.34763057210615705,0.08911980209606034,0.5393306292327387,0.02908241266517767,0.8471259261880603,0.36255301535129547,1.0468819865158625,0.4530840470854725,0.44317688580070225,0.8138535001448223,0.478203894836562,0.6346406776990209,0.589926401419299,0.27790610811540056,0.8646863145487649,0.15540267101355962,0.6009122617542744,0.37713368982076645,1.0333001485892706,0.31660227477550507,1.0937987736293249,0.2843425939125674,0.8771558978727886,0.7495576664805412,0.3842220435451184,0.11209935215967042,0.5247759340064866,0.05607008508273533,0.5455811502678054,0.36729117589337484,0.0064733826688357764,-0.025811575885329927,0.22792089597455092,0.013090435415506363,-0.1392250955104828,0.08329205427850996,-0.11973753518291883,-0.0385183982684144,0.06907549181154796,-0.11986925985131945,-0.07533235156110354,-0.06188143656722137,-0.10890367307833262,-0.12950815153973444,-0.1149768971705011,0.05845890726361956,0.01897786876985005,-0.11051992752722331,-0.1549744467650141,-0.07689563264804226,-0.12570629588195256,-0.10576852926585291,-0.11881496970142637,-0.002893829784755196,0.0005607360175677709,-0.08526016505701202,-0.11439003915126834,-0.09934662748128176,-0.08125105779618025,-0.10298436081835202,-0.07628756460534143,-0.044909270613321235
ERR1746861,0,-0.03614744224718639,0.3292327033621924,0.33985230858836857,0.04215547602091517,0.4510582491223301,0.02932825737765857,0.8011167624167034,0.2550679264324052,0.9887292512825557,0.39024198289761053,0.4060555760349546,0.8124551954013961,0.44374522992542814,0.5796447210013866,0.5295932197145053,0.25200674390154226,0.8242833912372589,0.16123403555580548,0.5993154746081147,0.38296231374676737,0.9173261603074414,0.3596892069493021,0.9631997591682843,0.24768018083912985,0.8534784955637795,0.6769112049743333,0.35389273427426815,0.11972314239080463,0.4945961928793362,0.062480883938925605,0.48052673786878586,0.37639819351690157,0.0030534927334104267,-0.02034441807440349,0.2138272263109684,-0.010189321424279894,-0.1324528120458126,0.06595494065965925,-0.12302253288882119,-0.00387008222086089,0.040202562298093526,-0.11287507627691541,-0.07377482085887875,-0.04308390720481319,-0.101789476616042,-0.12503681118999208,-0.12277856336108275,0.04894137329288891,0.04783560229199273,-0.11116770042904786,-0.13967960593955858,-0.07732361754668611,-0.1225452891417912,-0.11757051045840074,-0.12098817686949458,0.03729353306282844,-0.01890829418386732,-0.09135422589523452,-0.10769995212155793,-0.10027962297733341,-0.08446365421903985,-0.10833313715245042,-0.08123761746849466,-0.050613077357411385
ERR1746862,0,-0.010924707033804484,0.3856202278818403,0.38702450692653656,0.09984536256108965,0.5623722966494304,0.04106306264709149,0.8570944964885712,0.3502747799668993,1.087710749890123,0.45545780073319164,0.457582807966641,0.8649964843477521,0.4988473526069096,0.631641648709774,0.5852330241884504,0.30825157064412323,0.8575173595121929,0.16920083122594015,0.5978926812697735,0.3881739215659244,1.0561536805970329,0.31240370124578476,1.0938722491264343,0.30682062251227243,0.8615805613143104,0.7462558512176786,0.38052466032760485,0.12296007121247905,0.5264780468174389,0.058687734816755564,0.5521710131849561,0.367454679948943,0.018290534615516663,-0.019466052097933634,0.23807109014264174,0.01452532410621643,-0.1471834789429392,0.08346896299294063,-0.12355572943176542,-0.034167137263076644,0.06005484131830079,-0.12480041491133827,-0.07899736506598336,-0.062072987967569916,-0.10849952245397228,-0.13011394015380315,-0.11806252199624266,0.0626070366374084,0.009356006979942322,-0.11386625921087605,-0.1538361438683101,-0.07098021597734519,-0.12993875678096498,-0.1042223579050707,-0.11405877609338079,-0.013035195879638195,0.002263186765568597,-0.07922521127121789,-0.11679305016462292,-0.1020329621221338,-0.08163074184475201,-0.10298263148537704,-0.0796542948685653,-0.042822416738740036
ERR1746863,0,-0.019621053976672038,0.369914105960301,0.36294866672583986,0.07527688252074378,0.5149945850883212,0.03215685275582863,0.821110840354647,0.3368048923356192,1.0549402460455894,0.446417577032532,0.4385188892483711,0.8311415974582944,0.47710508533886503,0.6127537558121341,0.5527584286672729,0.2955325839242765,0.843741665993418,0.16171043791941234,0.5744383031768459,0.3754411557955401,1.018398995910372,0.3137455327170236,1.0539303347468376,0.28595732365335735,0.8483324327639171,0.7340709386127335,0.3677504959383181,0.11810365505516529,0.5251502735274178,0.058186664645160945,0.5414281189441681,0.35440836527517866,0.015107024993215288,-0.01678663438984326,0.23828437791338988,0.022294177540710995,-0.14116578016962325,0.08545125275850296,-0.1252389539565359,-0.02851624001881906,0.05881912261247635,-0.12246110716036387,-0.07639402310763087,-0.0576835725057338,-0.10508840531110764,-0.1295958991561617,-0.12006667795191918,0.05940674405012812,0.018363494159919874,-0.10988759568759374,-0.15233716262238367,-0.07884652460260051,-0.12933621129819325,-0.10582609682543469,-0.11855878361633845,-0.0031202860243086305,0.0020412238580839975,-0.08205268039767231,-0.11723662008132253,-0.10223737758185182,-0.08333089708217553,-0.10381273778953723,-0.08210666880560373,-0.045356424658426216
ERR1746864,0,-0.11278311575629882,0.30268861034086775,0.34112556438360897,0.045654745040727515,0.6018487398645708,-0.01154570680643831,0.652445769735745,0.1585530468395778,0.9517930974917752,0.2794702917869602,0.32435517299122046,0.7560107558965683,0.409079661326749,0.5520560259797743,0.6581950166395732,0.16907654223697527,0.6078249269298145,0.09073686679559094,0.5748587578002896,0.2406675469662462,1.1380862221121788,0.18196470503296172,0.9709862710109779,0.2386172190308571,0.7192287109792233,0.4352438449859619,0.3477883530514581,0.12260003920112338,0.4130447818232434,-0.0374931309904371,0.5323160652603421,0.3069987293066723,-0.008099182309316737,-0.05365863814949989,0.24287669946040427,0.05589500668325594,-0.11085917108825274,0.054310161753424575,-0.1069589698953288,0.11258702405861445,0.15787228303296225,-0.05933435793433871,-0.003005162945815495,-0.08325453864277474,-0.11814848227160317,-0.137670422238963,-0.08422574560557093,0.02652034429567201,0.005901049822568893,-0.12873302027583122,-0.1385889191712652,-0.06324040996176856,-0.1204277936901365,-0.05383971163869968,-0.13241611740418843,0.05986512478973184,-0.022545020495142256,-0.1077984586464871,-0.11761918071923512,-0.09857141359576158,-0.08656590714651559,-0.09760369599929877,-0.06482878077908286,-0.06347247838441815
ERR1746865,0,-0.01863189972937107,0.380686600293432,0.3796928258878844,0.0899580961891583,0.5367404895701579,0.03318837258432593,0.869976988860539,0.3518783003091812,1.0694528935211045,0.44698713373925003,0.44998176395893097,0.8560742980667523,0.4932349090065275,0.6162345574370452,0.5806819748665605,0.30411222177956787,0.8531464466026851,0.17119149757283075,0.5936476279582296,0.3893252704292536,1.0352982016546386,0.31886359357408117,1.0659351561750685,0.2896111107298306,0.8574994674750737,0.7409163181270871,0.3758685262208538,0.1181475498846599,0.5272177585533687,0.05686508225543158,0.5434274801186153,0.3589911844049181,0.019825264811515808,-0.02378993800708226,0.22910395450890064,0.021693505878959383,-0.14436472420181548,0.0823360223855291,-0.1242712853210313,-0.027448433052216257,0.06692124477454595,-0.12224992577518735,-0.07853290917617935,-0.06053500096978886,-0.10669820755720139,-0.1277985189642225,-0.11795583294172372,0.052870720092739375,0.012573476880788803,-0.11025514440344912,-0.15323705119746073,-0.07471839684460845,-0.12645759220634187,-0.10626738565042615,-0.11509255106960024,-0.009586932703054376,-0.002446078828402928,-0.07969398969518286,-0.1157701292540878,-0.10031288170388766,-0.0814348826450961,-0.10385018161364964,-0.08127233736948776,-0.04350181609126074
ERR1746866,0,-0.006220318909202304,0.3928751200437546,0.4003455489873886,0.11017542332410812,0.5654235132304686,0.04517892149410078,0.8857022864477975,0.3558039910026959,1.0915696589010102,0.45680959575942587,0.4620667738573892,0.8848553076386452,0.5066841436283929,0.6310159814144883,0.5936122834682465,0.3249061219394207,0.8679679696049009,0.18152513887201036,0.6168693011360509,0.39563923395637957,1.0533168092370033,0.32575423802648273,1.0983838098389762,0.31471785477229525,0.8587507435253688,0.7498625676546778,0.38405291749430553,0.12524527790290968,0.5333926267921925,0.06025000235864094,0.5456847271748951,0.35989581261362347,0.020774478358881816,-0.02008132796202387,0.22826852090656757,0.013787597417831421,-0.1490203450833048,0.08653324310268674,-0.12417485564947128,-0.03548966906964779,0.058098086821181436,-0.1242247713463647,-0.08132940317903246,-0.06243042814146195,-0.10700044248785291,-0.12941411563328334,-0.1185236144810915,0.06326927617192268,0.0108687374740839,-0.11419198103249073,-0.15157854769911086,-0.06711374276450702,-0.12884935098034994,-0.10518497228622437,-0.11116733295576912,-0.01750816564474787,0.003117950899260385,-0.07837392602648054,-0.11496472618143473,-0.10089277582509178,-0.08095972353060331,-0.1035693431539195,-0.08024741966593345,-0.04191669515733208
ERR1746867,1,-0.1138954016246966,0.1678773249898638,0.24236322504501523,-0.053760137142879624,0.3627310310091291,-0.053123404404946735,0.4902938561780112,0.02200799129371132,0.7858140010918889,0.23273342102766037,0.278961536607572,0.6372524384143097,0.308562569586294,0.3874643745699099,0.45087229566914694,0.06775120299841676,0.5783322645085198,0.020809942058154514,0.4424790803875242,0.26116288772651125,0.805229921692184,0.1625082538064037,0.6949175053409168,0.13779628383261816,0.6772306710481644,0.3845112403588636,0.25466020298855646,0.05630456895700523,0.30769358116335105,-0.025895936148507253,0.38114319422415327,0.3154967240989208,0.01417538630110877,-0.04888080752321652,0.2643902897834778,0.0562372553561415,-0.0713278295006603,0.019563127575176104,-0.11426950139658791,0.1510337825332369,0.13861690142324992,-0.048857323825359344,-0.0006203076669148036,-0.06267275262091841,-0.09990653608526502,-0.13351443942104066,-0.09822734684816428,0.03762641815202577,-0.0006127543747425079,-0.11043795730386462,-0.09544639076505389,-0.055720931717327664,-0.12464834377169609,-0.07183699043733734,-0.14242166387183325,0.09998036728107504,-0.021764437534979413,-0.10173379616545779,-0.1159569432160684,-0.11510678221072469,-0.1040617077877479,-0.0985249358096293,-0.07904731784947217,-0.0764389695333583
ERR1746868,1,-0.11006279685534537,0.18870805842535837,0.25360664539039135,-0.06884571244674069,0.3802128697612456,-0.04740462292517934,0.5259423170770917,0.032321439523782046,0.8291973397135735,0.24617469683289528,0.299963502479451,0.6623939749385629,0.3263204608644758,0.4075673752065216,0.4693220502563885,0.09332682378590107,0.5963589229754039,0.03607911244034767,0.4366865519966398,0.28219624661973547,0.8416150103190115,0.16921172620537359,0.7208074278065136,0.15586853240217483,0.7071360131459576,0.41815663288746563,0.27224743153367725,0.06334233869399343,0.33481501694768667,-0.014528871646949224,0.42540878908974783,0.32674453407526016,0.0004193266587597983,-0.03790017110960824,0.2867751507354634,0.07854399031826428,-0.06619763241282531,0.029701089885618006,-0.11122167216879981,0.1468521590743746,0.1397082731127739,-0.02762377368552344,0.014133352254118239,-0.068412228487432,-0.09777681529521942,-0.12815144285559654,-0.10212391481867858,0.03618047492844718,-0.008562605828046799,-0.10053262487053871,-0.11210880867604699,-0.057796573000294824,-0.12131716789943832,-0.0783052402548492,-0.14137786839689528,0.12646325937073147,-0.007240406636680875,-0.09339631175888437,-0.11143247576962624,-0.11183569394052029,-0.10216160098622952,-0.09693150964033391,-0.07758888968133501,-0.07372682195688997
ERR1746869,1,-0.1126246697136334,-0.030863853437559947,0.07237694199596133,-0.11862798420978445,0.066377815125244,-0.1123093409197671,-0.023579991289547513,-0.09193927102855273,0.3253806443618877,-0.09592230172295656,0.04198439099958965,0.4133163243532181,-0.07223523567829813,0.12009431634630476,-0.050231958140752146,0.09724540742380279,0.2911523090941565,-0.111068992210286,0.2286612293017762,0.0999570143009935,0.3074593501098986,-0.005331950528281075,0.3190867581537792,-0.07117566359894616,0.18736974256379263,0.020025815714948943,0.05484317056834698,-0.0159783735871315,0.10975399240851402,-0.07138174745653357,0.28152627338256153,0.5003403155465743,0.22139713407627173,0.18614804212536132,0.46737291131700787,0.2863518276384899,0.42750305496156216,0.058768821614129205,0.12229866268379348,0.4499040087684989,0.412853787387056,0.3398614206484386,0.18561859694974764,0.028654717973300388,0.13906366590942656,0.0013680066248135908,0.0643899706857545,0.2147244874920164,0.20047067425080708,-0.0437546180827277,0.26229485337223324,0.1798389612564019,-0.10072414204478264,0.18246146620799664,-0.03924300654658249,0.36428164477859226,0.2954277888472591,-0.06655901510800634,-0.034510887627090724,-0.07163505149739129,-0.07943648359339152,0.1626680621079036,-0.11707812388028417,-0.03862124255725315
ERR1746870,0,-0.08596181417150157,0.29429968552930014,0.3473057134875229,0.022213184540825232,0.4787414175059114,0.013231256444539343,0.7672963908740452,0.18515255408627646,0.9866292785320964,0.34553974447771907,0.38214035012892317,0.8171569641147342,0.4216624189700399,0.5404131212968163,0.5592014651213374,0.1616753720279251,0.7342743405273983,0.10988289703215871,0.554783632978797,0.3453168720006943,0.927839960370745,0.274770193866321,0.9005616307258606,0.2581394365323441,0.8156915977597237,0.5848968217947653,0.35572152451745104,0.10019077839595932,0.47280549683741163,0.020223774015903473,0.47665813991001676,0.3634822835613574,-0.014474290822233473,-0.03228795102664402,0.24623640041266168,0.013164800724812917,-0.11981641860412699,0.06264696270227432,-0.1145041531750134,0.04330514690705708,0.06012774471725736,-0.1118030808866024,-0.05217718306396689,-0.05823956706028964,-0.11645500149045672,-0.1341941441808428,-0.11446022162480014,0.06582177696483475,-0.00747575717312949,-0.10604173902954374,-0.14662751768316543,-0.06334997021726199,-0.12506513457213128,-0.10393504435861749,-0.12569995863097055,0.043269067470516474,-0.00035067381603377204,-0.08493411281545248,-0.10889342400644507,-0.10803228696542126,-0.08960746261956436,-0.11065917887857982,-0.07759976308027815,-0.05265081168285438
ERR1746871,0,-0.04593035152980259,0.3126912031854902,0.400794617831707,0.05392123239913157,0.5367550690259252,0.04671072760330779,0.8848640705857959,0.22904216817447118,1.0732027515769005,0.4024621109877314,0.431764087506703,0.9045717333044324,0.4614924724612917,0.6100070665457419,0.5904031289475304,0.21275565108018263,0.8168096180473056,0.14786576639328683,0.6329400134938103,0.37871022682104793,1.0033350054706847,0.33097484494958607,0.9916978382638523,0.25798403897455763,0.856878502028329,0.6240767722151109,0.3855212766544095,0.11579548647361142,0.48987780085631777,0.034047896308558326,0.4863467099411147,0.3804545405187777,0.011976339987346105,-0.01845722645521164,0.21726761838155134,-0.017541485173361644,-0.14655127482754843,0.05711546540260315,-0.12190674990415573,0.012059634285313743,0.05802324999655996,-0.11100296835814204,-0.06905942017744694,-0.05132771451358816,-0.11250698034252439,-0.1292288973927498,-0.11913335489641343,0.043458045859422,0.009932907298207283,-0.11386735391403947,-0.14500341883727483,-0.05589725662555013,-0.12329933366605214,-0.11522573929479611,-0.11794008687138557,0.02319769069020237,-0.02782283616917474,-0.08188417168068034,-0.10234510612541012,-0.09961910559130567,-0.08523514873481222,-0.10340297448315791,-0.07439087528785292,-0.04365782453013318
ERR1746872,0,-0.07281389087438583,0.27329438499041964,0.2747327834367752,0.020822578242846897,0.4344568078273109,0.008193820182766234,0.7426795086690358,0.23205193345035827,0.935932100883552,0.39100447789366755,0.37362932892782347,0.7669530846178532,0.36404947005212307,0.5927865590367999,0.5150765861783709,0.14263071651969636,0.7643146216869354,0.09661711326667241,0.5677313953638077,0.3287295268050262,0.8987856869186673,0.26819085755518507,0.9059342949518135,0.2208822609058448,0.8498864716717175,0.617926604247519,0.3524009941944054,0.08345199722264494,0.44617162538426264,0.02581223632608141,0.44596605002880096,0.3717771289604051,-0.023615851998329163,-0.012024543115070887,0.23687798157334328,0.003406467182295663,-0.10914547901068415,0.07600530343396324,-0.10686921008995601,0.008639000356197357,0.059003139180796485,-0.10895394746746336,-0.06418281154973167,-0.053156839849959524,-0.11402666355882372,-0.13766040865864074,-0.10962817871144839,0.06840521379074614,0.014556014644248145,-0.09150547677251909,-0.13199532777071,-0.08407923419560705,-0.1283302041036742,-0.10309679646577154,-0.1321709964956556,0.022786293710981096,-0.03080244708274092,-0.09804029390215874,-0.1120760615782014,-0.10666105337440968,-0.09303723807845797,-0.10472862422466278,-0.0768426669861323,-0.05887253688914435
ERR1746873,0,-0.036599979868956974,0.38344750872680117,0.3589916456756847,0.08563093548374516,0.5821981641596982,0.03657005980078663,0.8719108722039631,0.33569847473076414,1.0924024826713972,0.4532518354909761,0.435848882155759,0.8687844138060298,0.485094711716686,0.6663001648017338,0.6443861478141376,0.20685174741915294,0.8378706893750599,0.1319714044885976,0.606245331466198,0.37715931981801987,1.084528116243226,0.28891722964388983,1.0674564125282424,0.29578221649197595,0.8937606460281781,0.6871955096721649,0.41469546793294804,0.11396869617913451,0.49442341178655624,0.029425977064030513,0.5498126947454044,0.39102984006915775,-6.960971014840262e-05,-0.03227903800351279,0.24543948817465985,0.004432430224759238,-0.13873814046382904,0.08637548450912748,-0.11259601078927517,-0.010334083012172155,0.09526443508054529,-0.11776399825300489,-0.052602759429386685,-0.06605747767857142,-0.11415240062134606,-0.13632784358092717,-0.1074123704539878,0.05488686063992126,-0.019102675041982105,-0.10663910069602675,-0.1527954095176288,-0.05921790349696364,-0.1279141753911972,-0.09807546396872827,-0.11749144111360822,-0.0021833317753459725,-0.011774437768118722,-0.07650237264377731,-0.11171761557592877,-0.10435009800962039,-0.0836950320683952,-0.09779050813189574,-0.07180039872348841,-0.04339419857465795
ERR1746874,0,-0.077347692368286,0.30218867638281416,0.30397488961794544,0.04796524901342179,0.539107513747045,-0.0048057375741856435,0.6972320824861526,0.2685903475752899,0.9667161958558219,0.37072131608147174,0.3502416355269296,0.7784117460250854,0.4304339055171503,0.5870327353477478,0.5748605941023145,0.14453512776110852,0.720627099275589,0.08736139216593333,0.5372999204056603,0.32792013990027563,0.9918252921530178,0.22088577917643956,0.9610351143138749,0.29627678769507576,0.7836865889174598,0.6029520747917039,0.3622472520967546,0.08327059580811433,0.45579537323543,0.00611975256885801,0.5151719578674862,0.34654710654701504,-0.023732769702162062,-0.03008048396025385,0.2310389901644417,0.02828091968383108,-0.12044201738068036,0.056518248947603364,-0.11732211136924368,0.036997160741261075,0.10043392862592425,-0.12292853357004267,-0.04365311722670283,-0.06827447237446904,-0.11804845077650887,-0.14192080923489162,-0.10591308745954718,0.08548207048858915,-0.026396582701376507,-0.11586567812732287,-0.1393051849944251,-0.06815228345138687,-0.13359991567475454,-0.0774185087398759,-0.12657843849488667,0.004770727495529822,0.019864427724054882,-0.0938725056392806,-0.11957074162949409,-0.11001280721809183,-0.09353233514619726,-0.10034422177289214,-0.07416725954473284,-0.0569461320659944
ERR1746875,0,-0.0890181962666767,0.26203073135444094,0.27327291747289045,0.02775737483586584,0.4423173378620829,-0.01766693059887205,0.6723452758576188,0.19581531201090133,0.8836944278861795,0.3405012147767203,0.32971213704773356,0.7222161048224994,0.3699163980782032,0.5325738510915211,0.5335750324385506,0.121941191809518,0.6965964809060097,0.07800502117191042,0.5227326271789414,0.3104924463800022,0.8852375971951655,0.2049593680671283,0.8512273920433862,0.269163261034659,0.7426352500915527,0.5709707806152957,0.34870035148092676,0.06941640217389379,0.4450534103172166,0.006467302995068687,0.4797616217817579,0.35060421377420425,-0.025816058473927633,-0.03975793666073254,0.2544266206345388,0.02846145709710462,-0.10019325145653316,0.08251365008098739,-0.10844555443951062,0.027849593332835605,0.060539753309318,-0.11484421044588089,-0.045533232923064916,-0.0691937284011926,-0.12341239941971642,-0.14315822294780187,-0.10436284488865308,0.07540046902639526,-0.0035919036184038433,-0.09345911975417819,-0.13268622010946274,-0.0733142729316439,-0.13444763741322927,-0.08725296133863074,-0.13143595733812877,0.030603716482541392,0.021683366170951297,-0.10351897164114884,-0.11884722898581199,-0.11752753758004733,-0.09647356552471008,-0.1126343711678471,-0.07956848807433355,-0.06697531723018203
ERR1746876,0,-0.03816570607679231,0.355896206838744,0.34228137814040693,0.06551878503523767,0.4860437022788184,0.03121721824365003,0.8328062019177845,0.31216393624033245,1.0369696734207017,0.4127456074846642,0.4356780392783029,0.8445529384272439,0.4366545783621924,0.6390938836016825,0.5823266628597464,0.2578761447221041,0.8463629973786218,0.16254897149545805,0.5989575131929347,0.3872845611934151,0.9665306806564331,0.3420195191034249,0.9955795226352555,0.2766601581658636,0.9071527080876487,0.7241851155247007,0.3858385412687702,0.12329370767942496,0.5358962853040014,0.05514615295188768,0.5015357573117528,0.38894435444048475,-0.01597246846982411,-0.017046864543642317,0.23561943056327955,-0.000909161354814257,-0.12796004755156382,0.08538373240402766,-0.11531436669507197,-0.013242618912564856,0.05103628230946405,-0.11033523614917483,-0.07325149234384298,-0.05331235886218825,-0.10775541248066085,-0.12972917514187948,-0.11699479964694806,0.07201844773122243,0.033679483990584104,-0.10367066679256302,-0.1517552701490266,-0.06866270117461681,-0.11955264476793152,-0.11500940935885799,-0.118667264602014,0.02279869856179825,-0.0010295116475650243,-0.08479413303679653,-0.10790083673782647,-0.09801104704716376,-0.08431817152138267,-0.10610124921160084,-0.07543663713399187,-0.043731251798037975
ERR1746877,0,-0.00899823967899595,0.38973345926829744,0.37929957040718626,0.09524974226951599,0.5508127217846257,0.061888644471764565,0.9358609787055424,0.33990276392017094,1.0961008188979966,0.44658894038626124,0.4660628225122179,0.9052999168634415,0.46707295307091307,0.6898155366735799,0.6225325954811913,0.29563427839561235,0.8839503143514905,0.19277122723204748,0.6644755218710218,0.4254662437098367,1.0246542330299104,0.3863512394683702,1.0621509381702967,0.303926306111472,0.9302796976906913,0.7544284580009324,0.41450283942478044,0.14234020321496896,0.5490387028881482,0.06286317322935377,0.5190401396581105,0.4121666949774538,-0.008218499166624886,-0.016275155757154738,0.22575529478490353,-0.022223975509405136,-0.1418962369539908,0.08011477653469358,-0.11517372301646642,-0.02906728376235281,0.04541214502283505,-0.11100806828056063,-0.08094707131385803,-0.05629686279488461,-0.10501479144607272,-0.12874175608158112,-0.11658899466107998,0.06325204776866096,0.043406742225800245,-0.11480305343866348,-0.14606106174843653,-0.05669513451201575,-0.1195854800088065,-0.1180925787027393,-0.11121647858193942,0.01688466261007956,-0.007704809840236392,-0.08322324164743934,-0.10434344194696418,-0.09538068050252539,-0.08180432839851294,-0.10112606095416206,-0.07228405121713877,-0.04061417008883187
ERR1746878,0,-0.012915562306131636,0.4075002372264862,0.3723235835454294,0.13250741309353284,0.5917029117533404,0.04894687767539706,0.9153437571866172,0.3909781947731972,1.1073382305247443,0.47969025400068077,0.47656651054109844,0.8875777529818671,0.49536234033959253,0.7045736270291465,0.6518630193812507,0.28754475845822264,0.8874241826789719,0.16940721390502794,0.6583500616252422,0.41482014182422844,1.104673513344356,0.3332277664116451,1.1105012723377772,0.32508228719234467,0.9121782949992588,0.7575808752860341,0.4157956648351891,0.12952063206051076,0.5595358269555228,0.05637729061501367,0.5487779006361961,0.40556371744189945,0.006898680967944009,-0.019393235445022583,0.2291613748031003,-0.015971780688102757,-0.1435364665729659,0.08540550938674382,-0.11725096085241862,-0.04867347915257726,0.06223256087728909,-0.1204506584576198,-0.08282754383981228,-0.0640485861139106,-0.10966617268111024,-0.1330177773322378,-0.11213758547923394,0.0696521635566439,0.012334078284246581,-0.111792031409485,-0.15416869521141052,-0.060399626780833514,-0.12641693066273416,-0.10564631326789302,-0.11150624177285604,-0.01752492822041469,0.004638273801122393,-0.07764429851834263,-0.10948203414279435,-0.0952471848577261,-0.08065791913707342,-0.09920768373246704,-0.0714820792532659,-0.037854503241500685
ERR1746879,0,-0.03466160522241678,0.35452096589973997,0.3182264704789434,0.1000681317278317,0.5433049972302147,-0.0010266889418874467,0.7682375431592975,0.391475430556706,1.0181308665445872,0.4495214955615146,0.4290284195116588,0.790308503434062,0.4657270196559174,0.6583947943789619,0.6259357663137572,0.21875575291258947,0.8287974404437202,0.12452035184417452,0.5430089331098965,0.36270375762666973,1.0321656742266245,0.24612892525536673,1.045787984771388,0.3234552679849522,0.8551770917006901,0.7232951399471078,0.40237150953284334,0.10224859443094049,0.5457908521805491,0.031084999442100525,0.553310469857284,0.36261248482125147,-0.021497181483677456,-0.03882575460842678,0.25077233197433607,0.0205813752753394,-0.12690755192722594,0.09386328714234489,-0.11172992762710367,-0.020221427083015442,0.09037821048072406,-0.12610736702169692,-0.059479584119149616,-0.07292558329312929,-0.11619299543755394,-0.13858106945242202,-0.1007336053465094,0.0933802290154355,-0.006005833723715374,-0.09866692416004039,-0.1588810873883111,-0.06618835165032319,-0.1263156985597951,-0.09119434388620513,-0.12052492903811592,-0.02735103284274893,0.043598560350281854,-0.08557680728180068,-0.11983042363343495,-0.10680016316473484,-0.0855450710680868,-0.1070905157497951,-0.07683461971048798,-0.04635357404393809
ERR1746880,0,-0.05955018315996442,0.3498456392969404,0.3211746226463999,0.07979326681899172,0.53014564248068,-0.003939741706874754,0.7631652589355197,0.34327169933489393,1.0075122373444694,0.4092052685362952,0.4031729410801615,0.7943784083638873,0.4501857672418867,0.6311264272247042,0.5993528025490897,0.20136572447206294,0.7798116888318744,0.10983135338340487,0.5391317669834409,0.34686814567872454,1.0055943727493286,0.25153647682496477,1.0158511676958628,0.3044588326343468,0.8415507642286164,0.6906114625079292,0.38801532744296957,0.09847195286835943,0.5113467371889523,0.019936160317489078,0.5319345508302961,0.36198828901563374,-0.02108317826475416,-0.034410509413906505,0.23424039501696825,0.0218106210231781,-0.12791126327855246,0.07509447793875422,-0.11386628029868007,0.004270837775298527,0.08378865995577403,-0.12393872546298164,-0.05672648176550865,-0.06634895130991936,-0.1191939227283001,-0.13822430052927562,-0.10422746916966778,0.07816889865456947,-0.01961206485118185,-0.10610566594238792,-0.1531147254364831,-0.0658517839120967,-0.12750687769481114,-0.09388698175150369,-0.12393751101834434,-0.016337387596390078,0.02549049843634878,-0.09068958474589246,-0.1193040912039578,-0.10515455715358257,-0.08797142029340778,-0.10543099977076054,-0.07461454138059967,-0.04884869911308799
ERR1746881,0,-0.022952808333294734,0.3335456486259188,0.2730319505291326,0.06888377400381225,0.4890808936740671,-0.002645361636366163,0.7299132057066474,0.43600434916360037,0.9806939555065972,0.43114942737988066,0.3920891604253224,0.7291580385395459,0.44500510793711456,0.6896956073386329,0.5649953026856694,0.231461871947561,0.8158206407512937,0.12346331535705499,0.5294635998351234,0.3483924961515835,0.9929732205346227,0.2752747397337641,1.0380500821130616,0.29715875695858684,0.840151235461235,0.731900959408709,0.39655961628471104,0.09840493622635092,0.5573834010532924,0.031839863530227115,0.5589537620544434,0.3628304451704025,-0.021866844168731144,-0.023829618202788488,0.23615570845348494,0.01862009455050741,-0.11445531781230654,0.08871485366086874,-0.11649771473769631,-0.03119822538324765,0.0734412198487137,-0.11986440726156745,-0.0626380385032722,-0.055429264437407255,-0.11091103990163122,-0.13551272664751327,-0.10547836244638477,0.09123358130455017,0.02167287575347083,-0.09724823598350797,-0.1500522175005504,-0.07969723269343376,-0.1291172823735646,-0.08965617398332272,-0.12588200718164444,-0.0165120527547385,0.036048595394407,-0.10292144039911884,-0.12054467134709869,-0.10577675833233766,-0.08955184410193137,-0.10630945887948785,-0.07846656117388713,-0.053108748846820424
ERR1746882,1,-0.10871157263006483,-0.05655141068356378,0.11651391535997391,-0.10674694473189968,0.10385881045034953,-0.10170872788876295,-0.05786734500101635,-0.09636722611529487,0.3829105890222958,-0.12589420058897563,0.0830352274434907,0.3209400594766651,0.004503110290638038,0.09183397223906857,-0.03756157920828888,-0.019480996898242404,0.31414258799382616,-0.11446569966418403,0.21321743833167212,0.13335088853325164,0.3222491815686226,0.0389448989714895,0.35223132371902466,-0.09712271578609943,0.16680623218417168,0.07463279100401062,0.01873555619801794,-0.10529610993606704,0.0812115864828229,-0.07145394917045321,0.23924478303108895,0.44594159103663905,0.1688920016001378,0.16960301995277405,0.3750993332692555,0.259833606758288,0.3543475312846048,0.0359578329537596,0.02468895273549216,0.45269752985664774,0.4061993301979133,0.19840834609099797,0.08060710983616966,0.0046215759856360296,0.06924373762948173,0.02421877852508,-0.0217061276946749,0.13669501205107995,0.14856520241924695,-0.005050159990787506,0.27363959167684826,0.05147254467010498,-0.1283588143331664,0.10921807297771531,-0.055846265384129117,0.22272801665323122,0.19668044362749373,-0.08969591368388917,-0.009917499763625008,-0.09162872710398265,-0.11842623991625649,0.15808810400111334,-0.10194824981902327,-0.09919673204421997
ERR1746883,1,-0.08139653743377753,0.2016138881444931,0.3376211492078645,0.0028460603207349777,0.4418977541582925,0.006803233708654132,0.6937008457524436,0.04514234192070684,0.9037674952830587,0.3334048550043787,0.38018268772533964,0.8190691646720681,0.3962630512458937,0.4699322414983596,0.5536550948662418,0.11002204434147903,0.709922826715878,0.09556739102949255,0.5768183895519802,0.3597970296229635,0.8606206423469952,0.26237186576638905,0.7867799489093679,0.1944255652238748,0.7844998346907752,0.44109283866626875,0.31382066916142193,0.07341337164065667,0.3912228429024773,0.022955823689699173,0.3866919321673257,0.374330861227853,0.008544788828917913,-0.02840123006275722,0.2462885571377618,-0.0322257224470377,-0.10800950974225998,0.03572835720011166,-0.1170356117987207,0.036979708288397105,0.05096287386757987,-0.1113745357309069,-0.05277184623160532,-0.061298876136009185,-0.11062519997358322,-0.12982329513345445,-0.11687494428562266,0.04781813706670489,-0.01914899849465915,-0.11793182098439761,-0.13195517659187317,-0.04963180103472301,-0.12444697533335004,-0.09881403516711933,-0.1311640233865806,0.07201618967311722,-0.029654706695250103,-0.08828557735042912,-0.10209853621199727,-0.10735731039728437,-0.09211968271327871,-0.10786696603255612,-0.07242344496938001,-0.055258959265691895
ERR1746885,1,-0.07416806795767375,0.19964508499417985,0.3910123423806259,0.012181792397833695,0.4401227645576,0.0026349882994379315,0.7640905039651054,0.013044281197445733,0.9305165109357664,0.3229579074042184,0.39971359819173813,0.8790572179215295,0.421583177787917,0.4429058688027518,0.5672331303358078,0.14779126457870007,0.7420877345970699,0.1309278542175889,0.5820873049753053,0.39217513107827734,0.8368001388651984,0.3097307820405279,0.7511698867061308,0.20071610701935633,0.7733364946075848,0.43165252836687223,0.29321820544282673,0.06319153335477624,0.41623259375670124,0.03731449693441391,0.3709696978330612,0.38984128513506483,0.03110888068165098,-0.029116354882717133,0.24543140828609467,-0.03021701518446207,-0.11939586379698344,0.044884589101587026,-0.12308883560555321,0.03665825192417417,0.03921927724565778,-0.10725218084241663,-0.05909177298391504,-0.054924534633755684,-0.09873022777693612,-0.1089255658111402,-0.12109765011285033,0.052403428724833896,-0.006893603397267205,-0.11539190049682345,-0.13612030765839986,-0.0501131426010813,-0.11953084064381463,-0.10656367574951478,-0.12488916463085584,0.07841041338230882,-0.031299920894006,-0.07906352249639374,-0.09372222982347012,-0.10703142333243575,-0.0867897445069892,-0.10885498619505338,-0.07688598532695323,-0.04907768060054098
ERR1746886,1,-0.09367680017437253,0.1597837039402553,0.3013169877231121,-0.04498769635600703,0.33924660299505505,-0.008219737559556961,0.6310421909604754,0.005459811072796583,0.8253562218908753,0.28327134491077494,0.34765243051307543,0.7342753250684056,0.33569319173693657,0.4213909794177328,0.45974025236708776,0.09378952825708049,0.6929071055991309,0.09848255850374699,0.5192372953253133,0.327065254428557,0.7030337282589504,0.28175830096006393,0.6750450219426837,0.14208373427391052,0.754390540931906,0.4181891051786287,0.2860771702336414,0.05945318511554173,0.3856860101222992,0.03263693894924862,0.348974598305566,0.39553311999355045,0.00914910329239709,-0.021040014922618866,0.23966989749377327,-0.028112511549677168,-0.07648064967777048,0.046410092285701206,-0.11612050927111081,0.05640760276998792,0.04333235004118511,-0.07339777797460556,-0.04241132250587855,-0.03627018208083298,-0.08970826864242554,-0.11453437751957349,-0.11917661888790983,0.0340188273361751,0.029243633151054382,-0.09565566772861141,-0.11136345844715834,-0.05934674798377922,-0.11818158094372068,-0.11201196390071086,-0.13570451896105493,0.1121461015926408,-0.04437941344388362,-0.09224210040909904,-0.09763965755701065,-0.11211024011884417,-0.09535819159022399,-0.11177926191261836,-0.07908451475668699,-0.06606637580054146
ERR1746888,1,-0.11333175748586655,0.1266902568084853,0.2389237176893013,-0.051263561472296715,0.3154514974781445,-0.04944454772131784,0.47881219003881725,-0.030316602970872606,0.748145367950201,0.22078236937522888,0.2755116367978709,0.6530427251543317,0.2406803042228733,0.37431873274700983,0.428401578483837,0.0916134880057403,0.5765435818050589,0.025739556976727078,0.4839606891785349,0.2668537295290402,0.7503276254449572,0.15955877942698343,0.6478784989033427,0.14270065618412836,0.6632619085056441,0.33521837102515356,0.2989757736878736,0.07088793281997953,0.2995502247940749,-0.03524185397795269,0.3923296944371292,0.36640175751277376,0.0008605537669999259,-0.031592339277267456,0.27950271578239544,0.031208539647715434,-0.05133233379040446,0.02056451274880341,-0.11738686316779681,0.13847416639328003,0.10483233471001897,-0.044439884168761115,0.009531304240226746,-0.07077217787238103,-0.10290739153112684,-0.13039913986410415,-0.10412723980178791,0.044403716921806335,0.019400456121989658,-0.1066149212253679,-0.08484996908477374,-0.05664760193654469,-0.12412142061761447,-0.06310235136853797,-0.14356315348829543,0.13002790144777723,-0.029995609607015337,-0.10960375238209963,-0.11004952421145779,-0.12260503747633525,-0.11107700983328479,-0.10388812023614134,-0.07801183027082256,-0.08070450914757592
ERR1746889,1,-0.1200326079768794,-0.0342386109488351,0.019060502094881877,-0.11116384089525257,0.043479730774249346,-0.1334282915507044,-0.019004658928939273,-0.09027091786265373,0.24915261300546782,-0.052391547177519114,0.02459906041622162,0.2906517450298582,0.02993220623050417,0.1135720642549651,0.017295611756188527,-0.011685934982129506,0.2586368386234556,-0.0935445252273764,0.15225865585463388,0.1388318214033331,0.4113778969539063,0.044471989784921916,0.39514390538845745,-0.03485913388431072,0.2233806676896555,0.22572454224739755,0.022668576067579643,-0.07130239930536066,0.19036693368772312,-0.0850714657987867,0.22196940312694227,0.34109295026532244,0.11826513774160828,0.09561819689614433,0.2567582055926323,0.30318773611049565,0.14885905012488365,0.08927923919899124,-0.004955679111714874,0.41087484429590404,0.37394450285605024,0.23873860708304814,0.032889564122472494,0.016348169318267276,0.059081624661173136,-0.03605270026517766,0.0402625458581107,0.15886138379573822,0.15021499738629376,-0.030682046165955917,0.18486515246331692,-0.042160532570311,-0.12045154294797353,0.09433340919869286,-0.08384610845574311,0.1646196207563792,0.20288226114852087,-0.09776727269802775,-0.025151011400989125,-0.11076907467629228,-0.11844791684831892,0.025510925267423903,-0.11174561083316803,-0.0499051319701331
ERR1746890,1,-0.1280144453048706,0.06521744440708842,0.15519467554986477,-0.09462331128971917,0.23535263857671193,-0.08977749378287367,0.24326230079999991,-0.08193767563040767,0.5846414031194789,0.08375587367585727,0.150493500488145,0.5287128072232008,0.13163097122950213,0.2286615834704467,0.31038743746466935,0.05264017305203846,0.41077966389379333,-0.031040034123829434,0.3507381668314338,0.18442056807024138,0.653224735387734,0.07479695230722427,0.5330842909004007,0.09494721995932716,0.5119200652199132,0.2180584163538047,0.17644625210336276,0.03560146489845855,0.22414451092481613,-0.04869715869426727,0.3511201542403017,0.319350396416017,-0.006115616432258061,-0.015750630359564508,0.3542786219290325,0.12632404640316963,0.04591310769319534,0.048611466373716085,-0.10296089947223663,0.27614116189735277,0.19518980969275748,0.050809587218931744,0.06439852182354246,-0.07469620928168297,-0.07686937653592654,-0.12264877025570188,-0.03096241078206471,0.08878426785979952,0.08468963631561824,-0.08742726594209671,-0.028289781883358955,-0.048327073987041204,-0.12593898390020644,0.007536716493112701,-0.14609073847532272,0.19027333626789705,0.026067466608115604,-0.11437721430723156,-0.1143537111846464,-0.12481999077967235,-0.12263893163097757,-0.11125850943582398,-0.09033006496195282,-0.0989156189773764
ERR1746891,1,-0.12904674293739454,0.019107038421290263,0.12583408611161367,-0.08606329094618559,0.1927219874092511,-0.10609824902244977,0.1536312491849198,-0.09756342055542129,0.47740061208605766,0.022221141095672334,0.16025259026459285,0.467781157232821,0.13877178781798907,0.199068371206522,0.1983131244778633,0.05218093283474445,0.405951071846565,-0.06600760349205562,0.3333620365176882,0.20727692118712834,0.5434748200433595,0.09234554746321269,0.43498226148741587,0.015565186738967896,0.4368393676621573,0.17442795208522252,0.12625362883721078,0.004827459874962058,0.19118081299321993,-0.056982122361660004,0.23451716492750815,0.36570464660014423,0.024814720831013153,-0.010889672940330846,0.32390211522579193,0.09055822928036962,0.09208980974342142,0.007664446319852557,-0.08245088160037994,0.21344165397541864,0.19204131513834,0.02530830553067582,0.035707777099949975,-0.04177166175629411,-0.04766612925699779,-0.09945822480533804,-0.04828776951347079,0.08337091148963996,0.0734412031514304,-0.09001736449343818,0.023595585354736874,-0.04695503626550947,-0.1157598506127085,-0.014157761021384172,-0.13758772718054907,0.14274929769869363,0.033432186947071126,-0.11510923717703138,-0.11074298327522618,-0.11734702225242342,-0.12415197172335216,-0.06622540897556714,-0.08687357231974602,-0.0902699503515448
ERR1746892,1,-0.12593812974435942,0.09939301652567727,0.16884367274386541,-0.07781305376972471,0.29849192234022276,-0.08326696444834981,0.31305419706872534,-0.08920590526291303,0.5952612766996026,0.05165873494531427,0.196973018348217,0.6306221123252597,0.14782922375681146,0.24600028086985862,0.316024477992739,0.10529128302420888,0.38977123105100225,-0.03163407530103411,0.4460042821509497,0.2053162535386426,0.6941095952476773,0.11092785532985415,0.5761461524026734,0.10146611716066088,0.4941609336861542,0.1923838107447539,0.2224178718669074,0.07241568767598697,0.21215250183429038,-0.04873470829001495,0.2940039018035999,0.3123309633561543,-0.01038974297365972,-0.0384689314024789,0.3215857595205307,0.09963470271655492,0.049162241497210095,0.003387134987860918,-0.08749645203351974,0.2525597832032612,0.2047621705569327,0.04361850582063198,0.06870773647512708,-0.06753813422151975,-0.06077161005565098,-0.11373113521507808,-0.03618564509919712,0.038324492052197456,0.05112155633313315,-0.1198408417403698,-0.04963447858712503,-0.05502011254429817,-0.11580471055848258,0.012162507910813605,-0.14544941591364996,0.18321951551895058,0.036839629390410016,-0.12132011420492615,-0.11115787204887186,-0.11104519771678108,-0.11722994941685881,-0.0996069141796657,-0.08497632308197874,-0.08461657485791615
ERR1746893,1,0.031221776136330197,0.4843973458877632,0.49782160350254606,0.23344899700688465,0.8222028602446828,0.06465886799352509,1.0696274765900202,0.46990097500383854,1.2989145325762885,0.5354526213237217,0.558153357888971,1.0452266420636858,0.6259257825357574,0.8015726739540696,0.8140122187989098,0.28409885781418,0.9414320928709847,0.18769530951976776,0.7188016463603292,0.46148398358907017,1.3368558926241738,0.3112143895455769,1.2786364193473543,0.3856163056833403,0.9552864262035915,0.7772540535245623,0.49485017359256744,0.14134024296488082,0.541267414178167,0.02977532520890236,0.6194732423339572,0.44166933638708933,0.024838003729070936,-0.036661726023469655,0.2582223266363144,-0.0026729649731091092,-0.15695442046437943,0.08312377998871463,-0.10695184128625053,-0.05213858612946102,0.1323920081236533,-0.1257365814277104,-0.05381129522408758,-0.08568796505486327,-0.10910323435174567,-0.12768457723515375,-0.10193301903616105,0.06835430062242917,-0.06565079385680812,-0.12455997243523598,-0.1497817976134164,-0.0042185453431946894,-0.12597704359463283,-0.08181312607069101,-0.09933793065803391,-0.021494410029845312,0.007124294926013265,-0.03431559540331364,-0.10429290184817676,-0.09675483092931765,-0.07038293432976518,-0.0793381955341569,-0.05880549964370273,-0.02988856385595032
ERR1746896,1,-0.053098998963832855,0.31162705378873007,0.3690983051700251,0.054693130909332206,0.5421402842870781,0.03450605273246765,0.809430901493345,0.20914465747773647,1.0367309163723673,0.38146718006048885,0.39780007156410385,0.8404911277549607,0.447581022977829,0.5933052876165935,0.6102126549397197,0.16644960389073407,0.7789994903973171,0.10264652317190277,0.6229476843561444,0.37421817598598345,1.032553811690637,0.2445749874625887,0.9607524116124425,0.23042138838874443,0.8262633926102093,0.5608750464660781,0.39972627801554544,0.10467441300196308,0.4404097846043961,0.00585758952157838,0.4897939530866487,0.3911630670939173,-0.022808760404586792,-0.03730935071195875,0.22793870738574437,-0.009376719860093934,-0.1334757405732359,0.05149840111179011,-0.10619672228183065,0.03076242229768208,0.10063878446817398,-0.10881420012031283,-0.03644055713500295,-0.07527415940005865,-0.11822828969785146,-0.13998085260391235,-0.10972595254757575,0.020668114934648787,-0.01748893516404288,-0.12289134891969818,-0.1373011650783675,-0.04128053731151989,-0.11980778244989258,-0.11106061290151306,-0.12306868710688182,0.04504771061640765,-0.015672370259250914,-0.08622567169368267,-0.10460724312412951,-0.10365466773509979,-0.088059949023383,-0.10279880503990821,-0.07044406299246475,-0.05062768728073154
ERR1746913,1,-0.12561603954860143,-0.07678672352007457,0.08980591382299151,-0.05296642532838242,0.1966637536118339,-0.051855877307908874,0.039873218696032255,-0.060057194637400765,0.2818023679511888,-0.032181277338947566,-0.01793084293603897,0.37904546489673,0.05492999830416271,0.1192117886883872,0.10154819169214793,0.025764450430870056,0.2758140670401709,-0.07825584071023124,0.364947646856308,0.18578521960547992,0.49370320164598525,0.09939275681972504,0.3657333337302719,-0.03502977532999856,0.1655085730432932,0.010644305630453996,0.05128216104848044,-0.02550180708723409,0.10955782341105598,-0.05449981854430267,0.19096963214022772,0.339365703985095,0.21736751443573407,0.0703907177916595,0.29131600899355753,0.12553959539426224,0.1199848550770964,-0.012220829725265503,0.08558029269001313,0.27819952741265297,0.25025600248149465,0.06036341296775,0.03433845937252045,-0.02838719423328127,0.10818060274635043,-0.10414537893874305,-0.005448267529053348,0.2262639065406152,0.15415637407984054,-0.08666384539433888,0.2335378203008856,0.005163230534110751,-0.13081369549036026,0.11078696099242993,-0.04873188691479819,0.1716780380478927,0.2126681927059378,-0.11225057286875588,-0.0028406791388988495,-0.11257499030658177,-0.11535895562597684,0.12611615444932664,-0.10942454848970685,-0.02027405479124614
ERR1746926,1,-0.12060917701039996,0.13272890448570251,0.29132449839796337,-0.07284156924911908,0.2717841107930456,-0.0069284822259630474,0.5105569383927754,-0.035897275166852136,0.7024664317390749,0.19272935590041534,0.33642478553312166,0.619896436376231,0.22604211010704084,0.3560746780463627,0.3637601381966046,0.09275389782020024,0.6323201507329941,0.12977986623133933,0.5327005567295211,0.2730733145560537,0.5715249260621411,0.2957213972029941,0.6286267502499479,0.059937428150858195,0.7250262094395501,0.3913761680679662,0.2557446951312678,0.08847374775047813,0.3874182807547705,0.05576145329645702,0.2753553943974631,0.3860257204089846,-0.0070365167089870995,0.004597188372697149,0.23614698222705297,-0.023394217448575155,0.015994460188916752,0.048479982784816196,-0.09997078137738365,0.08818281466873097,0.020819049860749925,-0.0703514793089458,-0.03866946670625891,-0.017184198534648334,-0.07263481244444847,-0.10105078334787063,-0.10922050928430897,0.032488886533038955,0.08742647990584373,-0.07376971894076892,-0.07773619677339282,-0.08238407357462815,-0.11006750299462251,-0.11262152166039284,-0.13830818980932236,0.14999130215229733,-0.025384256948849986,-0.0927842603996396,-0.08840885545526232,-0.10772862285375595,-0.09792961832135916,-0.10947349880422864,-0.08385488341030266,-0.09089546384555953
ERR1746935,1,-0.09761436895600387,0.22363038573946273,0.34729036156620297,-0.016708667489833066,0.37850302351372583,-0.018584515367235457,0.6827859623091561,0.0673780425921515,0.9123030102678708,0.29520707045282635,0.3543510011264256,0.820393331348896,0.3747975746435778,0.45832122436591555,0.4883550631680659,0.1294007519526141,0.6971946401255471,0.09920496387141091,0.49964008586747305,0.3496692782001836,0.836104786821774,0.27827018073626925,0.7783101318137986,0.16875748762062617,0.8043738284281322,0.4502753604735647,0.32920587142663343,0.1024722107020872,0.43841396804366795,0.03856920450925827,0.4604378752410412,0.4039644711384816,-0.008451055203165327,-0.03414263150521687,0.25233325601688456,0.035379521548748016,-0.08415564894676208,0.05391150393656322,-0.11498099804988929,0.11750454029866628,0.07675491007311004,-0.0822932454092162,-0.030764464288949966,-0.047141148442668576,-0.10172116437128612,-0.12554386258125305,-0.1203354673593172,0.05697729544980185,-0.02863120154610702,-0.09414000030873078,-0.13156097488743917,-0.07071314033653055,-0.11847926410181182,-0.11548806494101882,-0.1331850971494402,0.09830988830487643,0.0022917363260473523,-0.08672606559204203,-0.0957322996109724,-0.10497116297483444,-0.09159303310194186,-0.11190590009625469,-0.0856349536084703,-0.06042473390698433
ERR1746940,1,-0.11074218114039727,0.20140923027481353,0.35133517161011696,-0.005085125698574952,0.47857142785297974,0.013990795239806175,0.7060641050338745,-0.01153088640421629,0.9029686019888946,0.25357289319591864,0.342815459306751,0.8629982641765049,0.35283430931823595,0.40584744034068926,0.526835923748357,0.10489627931799207,0.6637879003371511,0.05077550879546574,0.6269974357315472,0.3293779763792242,0.8545867313098695,0.1947320124932698,0.7313364478094238,0.13623261132410594,0.7162930028779166,0.38237510781203,0.3372341500861304,0.09651344083249569,0.3037864730826446,-0.01717118120619229,0.37231534719467163,0.3817122898596738,0.011014106550386973,-0.03607021511665413,0.25222460286957876,-0.028185384614127024,-0.08115777320095471,0.006662842950650624,-0.11511358685259308,0.09343177080154419,0.1049138531088829,-0.08424991901431765,0.005134556708591325,-0.06759315664281271,-0.11840193505798068,-0.13168191696916307,-0.11145005694457463,0.01097530419273036,-0.03032755053469113,-0.12396710419229098,-0.10343299566635064,-0.04625819357378142,-0.12405474058219365,-0.09774560614355973,-0.1310912450509412,0.07893113768659532,-0.04421759912345026,-0.09342865366488695,-0.09672144328110985,-0.11717464229358095,-0.09714844889406647,-0.11207291962844985,-0.07567848478044782,-0.0626142236537167
ERR1746945,0,0.058417707681655884,0.5024821651833398,0.6150342236672129,0.2819632263022608,0.8706674426794052,0.16365840711763927,1.2516875437327795,0.349396394183194,1.3470197607363974,0.5680024831422738,0.5924276454108102,1.2283096739224024,0.6592009493282863,0.8238271432263511,0.912504860333034,0.30614486762455534,0.9693270080855915,0.23872981646231242,0.8755773454904556,0.506053594074079,1.400887940611158,0.3606884979775974,1.2881752422877721,0.3931314934577261,1.0064725710877351,0.7269068871225629,0.4994837349014623,0.1781630108931235,0.5146074539848736,0.042574695710624964,0.5972681364842823,0.4668224943535669,0.0507296621799469,-0.03816259412893227,0.25385107904938714,-0.04766785140548434,-0.16020771861076355,0.08326669835618564,-0.1040790607886655,-0.0488339683839253,0.08396157622337341,-0.11972820971693311,-0.06318846025637218,-0.07441711758396455,-0.10814926374171462,-0.12229595226900918,-0.1024895132785397,0.03276503272354603,-0.05921759642660618,-0.11721358794186797,-0.14564413790191924,0.00455970476780619,-0.12873028644493648,-0.0967965416743287,-0.08962210587092809,-0.016449719368081008,-0.032000984464372904,-0.03011746791058353,-0.0917232074758171,-0.08898039867303201,-0.06355966323254895,-0.08424490730145148,-0.056423729879108056,-0.026269285241141915
ERR1746961,1,-0.09677058777638844,0.13391872867941856,0.36235693939046804,0.03946310095489025,0.49806033287729534,0.03360583801155111,0.47343886324337553,-0.08258515702826637,0.735066973737308,0.1363098586776427,0.3092261999845505,0.8675654115421432,0.33218534184353693,0.2575150927794831,0.44438636409384863,0.12373948469758034,0.5870907625981739,0.01599504505949361,0.5951447572026934,0.3255338397409235,0.7979855218103954,0.13096459861844778,0.6259007065423897,0.12657784670591354,0.4936039546238525,0.23899660206266812,0.169062432966062,0.021932601130434444,0.1953450350889138,-0.010711141462836946,0.293713133249964,0.35744366249335663,0.04067475348711014,-0.016710425594023297,0.292071242417608,-0.027879652168069567,-0.0252895573420184,-0.05630689433642796,-0.09821066852392894,0.12463062895195824,0.09769049446497645,-0.11987328103610448,-0.03852802887558937,-0.07519157071198736,-0.10259655543736049,-0.1253281801140734,-0.11628250830939837,0.02423678817493575,-0.01849189560328211,-0.12637825257011823,-0.04593743636671986,-0.023828563413449695,-0.12630551414830343,-0.06987932963030678,-0.13069909598146165,0.05524821473019464,-0.041032115263598304,-0.1110759090100016,-0.09138664523405689,-0.13068526264812266,-0.11379605478474072,-0.09935310243495873,-0.08487592699488491,-0.08087252346532685
ERR1746966,1,-0.0770142035824912,0.3153878886784826,0.4058581388422421,0.08029126269476754,0.5927546811955315,0.02188927653644766,0.8385814854076931,0.14668930854116166,1.066268746874162,0.368828246503004,0.41530628715242657,0.927772438951901,0.4845053032040596,0.549240495477404,0.6441203323858125,0.15468429095510924,0.7408554745571954,0.09319138420479638,0.6075586548873356,0.37332350867135183,1.0921748259237833,0.20360168176037924,0.9810392303126199,0.25489599470581326,0.8181331610041005,0.5436062089034489,0.3897372697080885,0.10120519144194466,0.4102452429277556,-0.011991925005401884,0.5049183453832354,0.38702365489942686,-0.002598569861480168,-0.061558580824307034,0.2415868192911148,0.0010283125364886864,-0.13268048741987773,0.06226231051342828,-0.11645733139344625,0.06446676701307297,0.12441541254520416,-0.10564942551510674,-0.014210528028862817,-0.08292273887699204,-0.12494004571012088,-0.1405245182769639,-0.10368014832160302,0.012650690440620695,-0.08305000779884202,-0.11998398282698222,-0.14468380170209066,-0.0360041760972568,-0.12331670203379222,-0.10532389660199572,-0.12107579356857709,0.03357878911109375,-0.008381476359707969,-0.06266833216484104,-0.10577076473938567,-0.10690939732428108,-0.08686032941165779,-0.09885128600788969,-0.07275325754224989,-0.047148063379739015
ERR1746979,1,-0.11582121472539646,0.059517975098320415,0.21375219563820533,-0.09178875905594655,0.22094496871743882,-0.06352767295071057,0.29647103643843103,-0.07895378236259733,0.629414186763045,0.14744064956903458,0.234194014487522,0.5607103465923241,0.16568828799894877,0.22078156151941844,0.25294134659426554,0.03895403684249946,0.49003302665161236,-0.009697420256478446,0.40392364794388413,0.24444780445524625,0.5611284215535436,0.11233097101960864,0.5554938345615353,0.06320714045848165,0.5662618545549256,0.2780032686090895,0.23276360905064003,0.035882840431960564,0.2569222820789686,-0.03304950254304068,0.2976801005591239,0.3904526946800096,-0.016176454589835236,0.0036818778940609525,0.26323171492133823,0.06605554691382817,0.04380880243011883,0.024342306556978395,-0.1056419632264546,0.19754740249897754,0.10946931344057832,-0.026782695736203874,0.029776071863515035,-0.04995579857911382,-0.08847834169864655,-0.11693274788558483,-0.09431244220052447,0.0660005435347557,0.0041439203279359,-0.06841982768050262,-0.040040311004434316,-0.0558021284107651,-0.12181761621364526,-0.06497686688921281,-0.14994824145521438,0.17355630626635893,0.04161998948880604,-0.10045214822249753,-0.09650838508137635,-0.1202812482203756,-0.11656410486570426,-0.11774386093020439,-0.0893631371270333,-0.09286348787801606
ERR1746993,1,-0.06839082336851529,0.2558610758611134,0.3666857975934233,0.03882994223386049,0.488184491305479,0.04018809646368027,0.7882178553513118,0.11653506755828857,0.9230901013527598,0.3795109351298639,0.406671122780868,0.8708297104707786,0.4327143664870943,0.526177524455956,0.5918797148125512,0.15499703506273882,0.7854288816452026,0.1085843678031649,0.6502479973382184,0.3742815671222551,0.927409998008183,0.28421637948070255,0.8480672815016338,0.23033086104052408,0.8219465357916695,0.5299702020628112,0.323077098599502,0.07930814581257957,0.364942729473114,0.03697552904486656,0.4087051217045103,0.38233927318028044,0.005998717887060983,-0.020322739013603756,0.21721695576395308,-0.05509993513779981,-0.13021185461963927,0.043785449649606435,-0.11561645766986269,-0.009706967643329076,0.03450842201709747,-0.12156342129622187,-0.06897623836994171,-0.06820990251643318,-0.09891908722264427,-0.13367657576288497,-0.11846542305180005,0.039365382598979134,0.006353375102792468,-0.12164778741342681,-0.1296162892665182,-0.0561637000313827,-0.1269149844135557,-0.11165716286216464,-0.12519842279808863,0.04078067948908678,-0.048554402376924245,-0.0914753556384572,-0.10398199479095638,-0.10506199872387308,-0.08751821611076593,-0.09799266806138414,-0.07325404785556852,-0.05311443470418453
