,label,dim_0,dim_1,dim_2,dim_3,dim_4,dim_5,dim_6,dim_7,dim_8,dim_9,dim_10,dim_11,dim_12,dim_13,dim_14,dim_15,dim_16,dim_17,dim_18,dim_19,dim_20,dim_21,dim_22,dim_23,dim_24,dim_25,dim_26,dim_27,dim_28,dim_29,dim_30,dim_31,dim_32,dim_33,dim_34,dim_35,dim_36,dim_37,dim_38,dim_39,dim_40,dim_41,dim_42,dim_43,dim_44,dim_45,dim_46,dim_47,dim_48,dim_49,dim_50,dim_51,dim_52,dim_53,dim_54,dim_55,dim_56,dim_57,dim_58,dim_59,dim_60,dim_61,dim_62,dim_63
SRS2855539,0,0.005531790355841319,-0.0470799890657266,-0.11691111202041309,-0.12556521221995354,-0.05999804536501566,-0.04184061996663028,0.010192641367514929,-0.05234291712016178,-0.10741133118669192,0.23677158433323106,-0.052441404511531196,-0.04927454267938932,0.10988109558820724,-0.020021874457597733,-0.13054895463089147,0.11994653598715861,-0.04745778255164623,-0.10005948593607172,0.32829022655884427,0.0711370004961888,0.1628212109208107,0.12168808529774348,-0.0968865342438221,0.4867188061277072,0.2801080470283826,0.1588622728983561,-0.06184680014848709,0.024157943514486153,-0.09603290135661761,0.056409526616334915,0.5357021242380142,-0.055906473203018926,-0.00676093902438879,0.09672279904286067,0.09603893135984738,0.14330961275845766,0.1524464152753353,0.2972460240125656,0.041742946952581406,0.06843799973527591,0.048829399049282074,0.1559501327574253,0.1112472414970398,0.12057564283410709,0.2379882571597894,0.03903902818759283,0.5660581880559524,0.20405149646103382,-0.08807916566729546,-0.12055160105228424,0.2748484251399835,0.6328172187010447,0.1441037623832623,0.2614061189815402,0.36410199105739594,0.24692551543315253,0.12112887762486935,0.32798124849796295,0.3983646295964718,0.25888853520154953,-0.03168310085311532,0.10637697329123814,-0.027995750308036804,0.1555080016454061
SRS2855540,0,-0.07032475247979164,-0.1006872628737862,-0.11047679930925369,-0.13609432925780615,-0.1237661490837733,-0.06092765424788619,-0.010314842065175375,-0.12414609392484029,-0.0893918015062809,0.12399684389432271,-0.05594469979405403,-0.0774323046207428,0.0433297244211038,-0.08772638975642622,-0.11246916217108567,-0.10554774322857459,-0.08428867409626643,-0.08136399881914258,0.268278984973828,-0.06097084159652392,0.12142611294984818,0.08070932452877362,0.016399697711070377,0.1327788233757019,0.04258705551425616,-0.061161490778128304,-0.10770251508802176,-0.01913425698876381,0.023280336211125057,0.03856463171541691,0.31505487610896427,-0.0648812943448623,-0.018114068390180666,0.17520467936992645,0.11640629358589649,0.20053261270125708,0.22074062128861746,0.2610488956173261,0.2598693491502975,0.15495280176401138,0.10075016071399052,0.21485271429022154,0.5038915351033211,0.20315205367902914,0.36290529121955234,0.1296561323106289,0.5396200797210137,0.18628257450958094,0.04556951726165911,-0.005637082077252368,0.33205127467711765,0.7963593328992525,0.1555044991740336,0.464208176980416,0.6207022046049436,0.37763067583243054,0.4648790343975027,0.5166104926417271,0.4617180811862151,0.3025772621234258,0.029635156194369,0.16249679898222288,0.07970183218518893,0.2856781482696533
SRS2855545,0,-0.045096580404788256,-0.06591191600697736,-0.10840146678189437,-0.127768495430549,-0.08302254726489385,-0.05150050792023345,0.032723307609558105,-0.11908593432356913,-0.10724985723694165,0.1064426585411032,-0.09782388371725877,-0.06323476446171601,0.09292523935437202,-0.05950844349960486,-0.12407261009017627,-0.00967157632112503,-0.0695150854686896,-0.10530177042043458,0.3238637335598469,-0.044417900343736015,0.17251882453759512,0.09983420480663578,0.0027062073349952698,0.23906301334500313,0.13709921513994536,0.04271896214534839,-0.10026135481894016,0.08005483572681744,-0.019330502798159916,0.04776402066151301,0.39469830226153135,-0.03586120499918858,0.04979810677468777,0.1126756841937701,0.14920894304911295,0.17141083946141103,0.318119291216135,0.24894327918688455,0.1887706679602464,0.16757108519474664,0.13721160093943277,0.23578714362035194,0.41865283623337746,0.13737115015586218,0.36552387724320096,0.07674510776996613,0.6167576486865679,0.2976812273263931,-0.014019321960707506,0.00975054440399011,0.3104230829825004,0.7301977078119913,0.1577053020397822,0.34414064697921276,0.45633361985286075,0.3406414904942115,0.43903611972928047,0.5545908718680342,0.519395566234986,0.29023288229169947,0.016454990953207016,0.22529387474060059,0.10009108483791351,0.30436758945385617
SRS2855547,0,-0.03016704631348451,-0.1045947561506182,-0.10332960759600003,-0.11720950653155644,-0.11975441578154762,0.07512512801137443,0.005001559853553772,-0.06935099263985951,-0.09011529013514519,0.19020678646241626,-0.028964045147101086,-0.05554506555199623,0.13733097041646639,-0.0815498735755682,-0.051781415939331055,0.07187762980659802,-0.07919402544697125,-0.07933094973365466,0.3360741200546424,-0.06537094401816528,0.093321626385053,0.18496870684127012,-0.05276863028605779,0.16620907622079054,0.15796521926919618,0.0203986552854379,-0.09270735069488485,-0.05443882135053476,-0.03965087980031967,0.05386243062093854,0.37033358340462047,-0.07250481781860192,0.04440858090917269,0.12365270468095939,0.11718404525890946,0.1609842317799727,0.17229102303584418,0.2568863828976949,0.08475189531842868,0.021072561542193096,0.1256138856212298,0.08067429127792518,0.13130383985117078,0.11540034227073193,0.4344285801053047,0.09954599291086197,0.5593149826939529,0.19912147102877498,0.049365583807229996,0.011185137555003166,0.4564110053082307,0.7182480599731207,0.061897829795877136,0.42301279430588085,0.40128811076283455,0.3519123209019502,0.32234349846839905,0.5002565061052641,0.5768353423724571,0.41308822234471637,8.3104707300663e-05,0.2320077189554771,0.01905889273621142,0.27553586661815643
SRS2855548,0,-0.07141373166814446,0.005110766738653183,-0.08542008884251118,-0.08691235507527988,-0.13847697029511133,-0.0978415697542611,-0.09035451772312324,-0.1250735653253893,-0.07311766718824704,0.002304991464673852,-0.09536206411818664,-0.04389656179895004,0.08663912924627463,-0.03386787100074192,-0.042103347989420094,-0.10548890133698781,-0.12264597167571385,-0.0814916364227732,0.29834224726073444,-0.14789572109778723,0.14875097014009953,0.14938012479494014,-0.07974976177016894,0.28212133422493935,-0.016764961183071136,0.1184938723842303,-0.09777566471408743,0.012988920013109842,-0.08092652012904485,0.17523588488499323,0.32004806740830344,0.046889807718495526,0.31865424538652104,0.20050247324009737,0.212769978834937,0.3165803874532382,0.45257048805554706,0.5329291683932146,0.4905821258823077,0.41598875137666863,0.38171166957666475,0.25559523204962414,0.6949878918627898,0.356236398840944,0.600129467745622,0.3224184576732417,0.7328087637821833,0.6188910986917714,0.13652704345683256,0.19834670051932335,0.45972806463638943,1.2354326912512381,0.36992964761642116,0.5464817508279035,0.9046998197833697,0.6678944261123737,0.7380847185850143,0.7026031526426474,0.8309074665109316,0.7180312880470107,0.26613356297214824,0.5326454614599546,0.3352504074573517,0.7276319041848183
SRS2855550,0,-0.07382221923520167,-0.007216028248270352,-0.09583210696776708,-0.09909339249134064,-0.10628724843263626,-0.09961474692196741,-0.043845138202110924,-0.13155593195309243,-0.09027022123336792,0.05489675848123928,-0.08591084678967793,-0.04682889681619903,0.03437194103995959,-0.06603374580542247,-0.10796480253338814,-0.06431301807363828,-0.08269210842748483,-0.1102178986184299,0.31399839495619136,-0.1007625504086415,0.13237958525617918,0.12454362205850582,-0.027534188081820805,0.2000472533206145,0.03050914282600085,0.02733469381928444,-0.10316901848030587,0.050383789610350505,-0.09198130791385968,0.09159340336918831,0.3337797928446283,-0.010122581074635187,0.14641825730601946,0.10276172496378422,0.15307514493664107,0.22533264135320982,0.3389152955884735,0.3249156028032303,0.292692137726893,0.29020993535717327,0.27927157779534656,0.21732397687931856,0.5750519499027481,0.2189366010328134,0.4453202784061432,0.19132457052667937,0.6933240362753471,0.37459176654616994,0.060060509790976845,0.048862634847561516,0.38019924859205884,0.8496644273400307,0.24499178080198666,0.40228063613176346,0.5765227278073629,0.4818636927132805,0.5509520806372166,0.585603279992938,0.5802134685218334,0.48258881208797294,0.08824322186410427,0.32007790232698125,0.1376572772860527,0.48603175828854245
SRS2855551,0,-0.0666694063693285,-0.09702782674382131,-0.11345180061956246,-0.1358229306836923,-0.12461560033261776,-0.0507791044365149,-0.001664627343416214,-0.11814031687875588,-0.09191974624991417,0.14196732562656203,-0.05440507580836614,-0.08011556354661782,0.046576302498579025,-0.08802054197682689,-0.11137005500495434,-0.08780454720060031,-0.08067527910073598,-0.07715498485291998,0.2608494895199935,-0.058595405891537666,0.10567849998672803,0.08191035486136873,0.011188771575689316,0.13177096719543138,0.0687076784670353,-0.04555761441588402,-0.10715010591472189,-0.032448782275120415,0.03622644518812498,0.033161490534742676,0.3218893992404143,-0.06197396789987882,-0.036941615088532366,0.17301475629210472,0.11398644186556339,0.19931201885143915,0.20939400295416513,0.254367146641016,0.24018695609023175,0.13776901612679163,0.08326294273138046,0.18318499873081842,0.4684977854291598,0.2088378438105186,0.3828372185428937,0.13727937266230583,0.5328400706251463,0.19941142139335474,0.039566978656997286,-0.01289206650108099,0.3287029343967636,0.7768825056652228,0.14106144422354797,0.45168514735996723,0.606040146201849,0.36632246027390164,0.45686582537988824,0.5136899431236088,0.47031388835360605,0.3244943544268608,0.018830308069785435,0.1762847788631916,0.08177197848757108,0.27775701880455017
SRS2855552,0,-0.051087976743777595,-0.14368651310602823,-0.10130324742446344,-0.1060423320159316,-0.14405870685974756,0.07859502810363968,-0.014437084396680197,-0.08396003705759843,-0.10080919414758682,0.13657888824430606,-0.005863894398013751,-0.08701324524978797,0.06897751490275066,-0.11327023369570573,-0.0345961544662714,0.0067288341621557874,-0.1087259737153848,-0.07206857452789943,0.3445554592957099,-0.08585368345181148,0.07649434357881546,0.12707549395660558,-0.025003830591837566,0.09660284717877705,0.10299610594908397,-0.01406528614461422,-0.07360394919912021,-0.05201780050992966,0.005971255401770274,0.055191972913841404,0.34322162469228107,-0.06284552812576294,0.018337016614774864,0.18344295024871826,0.0682008854734401,0.21815656560162702,0.2146140312155088,0.29961297412713367,0.2096713421245416,0.0676961896630625,0.09682656017442544,0.08371573690116445,0.20191110367886722,0.14687731179098287,0.49307847892244655,0.11055760830640793,0.5297213075682521,0.23320214295138916,0.02374451979994774,-0.01608737651258707,0.36394670605659485,0.7978568983574709,0.08834959628681342,0.4364194680626194,0.6045581096162399,0.38483002968132496,0.38219686473409337,0.5155092999339104,0.5770496154824892,0.48511406282583874,0.049876898837586246,0.2453427016735077,0.07359092911550154,0.3160543978835146
SRS2855553,0,-0.07054990530014038,-0.07513352607687314,-0.1068107138077418,-0.12195579210917155,-0.1460799090564251,-0.06498094003472943,-0.028990555554628372,-0.11500888938705127,-0.07164958367745082,0.1621485638897866,-0.07860824217398961,-0.06079344140986601,0.06367812678217888,-0.06717400128642718,-0.08521693510313828,-0.0515700758745273,-0.09717038413509727,-0.07864533481188118,0.30868399639924365,-0.0808628685772419,0.14000526815652847,0.08497958071529865,-0.054313383996486664,0.14917888740698496,0.11599232691029708,0.008636690055330595,-0.09610611914346616,-0.023271314799785614,-0.050893027956287064,0.09552055162688096,0.3486263680582245,-0.06295080296695232,0.046096133068203926,0.14668941923688786,0.11005339041973154,0.21946202715237936,0.26293598860502243,0.3649319224059582,0.22361910894202688,0.1458769403398037,0.153390238682429,0.1274840496480465,0.3310355341285079,0.1772327854996547,0.4042126809557279,0.12975901116927466,0.5926181236281991,0.29549071736012894,0.052368312453230224,-0.02856729443495472,0.4049564941475789,0.8193537661184868,0.16787615915139517,0.3661441933363676,0.5656673970321814,0.42034566433479387,0.43695629263917607,0.5279754617561897,0.6071511283516884,0.47680649782220524,0.029394715403517086,0.2406265757357081,0.07008559443056583,0.3846825410922368
SRS2855554,0,-0.0477569525440534,-0.0773807583997647,-0.12062454596161842,-0.1127241998910904,-0.12539745991428694,-0.027919524727622047,-0.001056566834449768,-0.09557863945762317,-0.1011640876531601,0.1529303186883529,-0.0367719940841198,-0.05639849603176117,0.10580843687057495,-0.057592447847127914,-0.10388674742231767,-0.005749121308326721,-0.08573735815783341,-0.09699245193041861,0.3075239590058724,-0.06998308499654134,0.10622788965702057,0.1095820777118206,-0.06079190969467163,0.22132541972678155,0.12203779630362988,0.07291554659605026,-0.07472291224015255,-0.019902138660351436,-0.07639618217945099,0.04380020623405775,0.3703616851319869,-0.072895169374533,0.06713088105122249,0.12535532874365649,0.07517117479195197,0.2290269903217753,0.2027361827592055,0.36795781428615254,0.1406250474974513,0.09823751682415605,0.11905583863457044,0.13473644278322658,0.24992131007214388,0.13587194556991258,0.3576280027627945,0.13186246901750565,0.6481303951392571,0.3374466734627883,-0.013995832608391842,-0.029653868948419888,0.38926181693871814,0.8085514940321445,0.1525280283919225,0.39472863792131346,0.5432899010678133,0.3884575912064368,0.38949738691250485,0.5066010331114134,0.5319660461197296,0.4844314369062583,0.030434053391218185,0.2668232291471213,0.05757821723818779,0.34932249660293263
SRS2855555,0,-0.06463605506966512,-0.12987912197907767,-0.12239471822977066,-0.11852025054395199,-0.1552629992365837,0.0002850848250091076,-0.041198037564754486,-0.13992983102798462,-0.07248911261558533,0.050797572980324425,0.003383070230484009,-0.07514550754179557,0.036133055264751114,-0.10309142805635929,-0.06102677062153816,-0.09801699842015903,-0.11446891849239667,-0.08698121799776952,0.2857614792883396,-0.09545636549592018,0.09457259594152372,0.09824172221124172,-0.0330600847179691,0.06139974571609249,0.01686411164700985,-0.00278834606676052,-0.0853517089659969,-0.07249958099176486,-0.026354735406736534,0.07792216306552291,0.36982145719230175,-0.031586221108833946,0.04955497058108449,0.19756057734290758,0.09078621600444119,0.24467227359612784,0.1813876653711001,0.42613522956768674,0.28988521670301753,0.17913952469825745,0.2028148646155993,0.14316347427666187,0.40174770417312783,0.20946356093433374,0.4668798856437206,0.17749273404479027,0.5576905359824499,0.2420771736651659,0.08360457296172778,-0.010068540771802267,0.28683956898748875,0.9179830315212408,0.11202263676871856,0.5003245879585544,0.7135036115845045,0.4097476250802477,0.4655625630790989,0.5730912089347839,0.6229783799499273,0.621203084786733,0.16919520807762942,0.3273685723543167,0.24674324691295624,0.48324089373151463
SRS2855556,1,0.015097451706727346,-0.020201418548822403,-0.07556367044647534,-0.08886400361855824,-0.10097926016896963,-0.11242005682045904,-0.04557454586029053,0.05176723344872395,-0.11124796839430928,0.08439523788789909,-0.13665433103839555,-0.0664296867325902,-0.008084581544001898,-0.09300072925786178,-0.09268368283907573,0.0747800978521506,-0.14029040125509104,-0.053188894564906754,0.19520886366566023,-0.04903363808989525,0.15802023808161417,0.06159593475361665,-0.05907735601067543,0.15885216121872267,0.023321107029914856,0.19843161726991335,-0.019264984875917435,0.14504725486040115,0.003776165656745434,-0.04327354083458582,0.230878675977389,0.193374282370011,0.25130845544238883,0.012672861106693745,0.21226066475113234,0.08633961528539658,0.551833875477314,0.18953081965446472,0.15117178484797478,0.3092568057278792,0.20962396015723547,0.06331593791643779,0.4118217484404643,0.3897106993633012,0.39177776748935383,0.06223490461707115,0.33247259135047597,0.17114056460559368,0.01244298213471969,0.2191351018846035,0.2625720476110776,0.8170253684123358,-0.04737358416120211,0.23804403779407343,0.3351663627351324,0.3535656159122785,0.34620957386990386,0.4873885065317154,0.2986986671263973,0.1940243598073721,-0.031441290552417435,0.24334334209561348,0.134897630661726,0.3900335505604744
SRS2855557,1,-0.06763255285720031,0.07858918917675813,-0.06533397361636162,-0.03007904812693596,-0.09998923260718584,-0.04379331615443031,-0.11242789883787434,-0.011928530099491278,-0.11381621193140745,-0.027735354534039896,-0.12527765271564326,-0.08341101890740295,-0.0006407573819160461,-0.05891470952580372,0.1031145950158437,-0.054861560463905334,-0.10332569192784528,-0.03636001888662577,0.17243769741617143,-0.0254391444226106,0.17079916720589003,0.09271942148916423,-0.0824672927459081,0.24869814282283187,-0.07885754806920886,0.28934565372765064,0.02097274549305439,0.21036048606038094,-0.0011538155376911163,0.02892986871302128,0.19055268540978432,0.3945815072705348,0.4758613333106041,0.08019575849175453,0.20696261152625084,0.23805919786294302,0.8763319291174412,0.4268527285506328,0.6202339778343836,0.5455120901266733,0.5488702055687705,0.11065513019760449,0.8677423919240633,0.5839106640002379,0.8149521326025327,0.43645280102888745,0.44335211409876746,0.6331044137477875,0.18998476987083754,0.5311718191951513,0.3759223346908887,1.3101643181095521,0.22065288573503494,0.39072985885043937,0.6161494764188925,0.6698559671640396,0.7364177654186884,0.7099306763460239,0.6734510653962692,0.4259686792890231,0.12991811335086823,0.6190813770517707,0.30114027376597124,0.7174090792735418
SRS2855558,0,-0.060763074085116386,-0.11384210238854091,-0.09685080777853727,-0.11510145990177989,-0.14696351190408072,-0.04108778076382199,-0.032801603277524315,-0.11997891776263714,-0.10213919480641682,0.03450810924793283,-0.08016747236251831,-0.07061795890331268,0.057414272179206215,-0.07667776041974624,-0.09254153724759817,-0.07170241574446361,-0.11057567844788234,-0.10665668236712615,0.33389488483468693,-0.11418082565069199,0.1868828364337484,0.13469035675128302,-0.04477482164899508,0.13307908549904823,0.010499347001314163,0.026605742362638313,-0.08328176072488229,0.004367959996064504,-0.07304796700676282,0.04166305996477604,0.2824038060692449,-0.04142218471194307,0.18107316208382448,0.15580242996414503,0.09544357812652986,0.1459093696127335,0.34169992377671105,0.42779184381167096,0.28255754957596463,0.15422950809200606,0.13356493165095648,0.09417898518343766,0.4039554949849844,0.1405015643686056,0.4543428495526314,0.018938203652699787,0.5403146608732641,0.2806476503610611,0.048918394992748894,0.06468385706345241,0.33810753499468166,0.8195496102174123,0.06127172118673722,0.2633592616766691,0.47735273900131386,0.4176513726512591,0.39874600401769084,0.44471529871225357,0.549912620956699,0.4347364033261935,0.13352205914755663,0.22644969820976257,0.09958705057700475,0.3055925940473874
SRS2855561,1,-0.09570023107031982,-0.05771856755018234,-0.08761798186848561,-0.0861971986790498,-0.12400390362987916,-0.1247490008730286,-0.07841540950660904,-0.11708204137782256,-0.06310166046023369,-0.12605101660786508,-0.11840543833871682,-0.07219262576351564,-0.0718802697956562,-0.06265501398593187,0.0490421981861194,-0.09433832578361034,-0.11298923877378304,-0.06645362141231696,0.06716260550698887,-0.07199289153019588,0.210066224137942,0.0030703389056725428,-0.07505560542146365,0.12889673374593258,-0.11754240343968074,0.011832966158787409,0.07042814294497173,0.013248433048526445,0.04077872013052305,0.3756044974240164,0.3344741240143776,0.1345501309260726,0.6886788983442784,0.3156460151076317,0.3156470279985418,0.4291248023509979,0.7276700759927431,0.5778365271786848,0.8848195883135,0.5670615669029454,0.6011057123541832,0.3614819012582302,1.3124570654084284,0.618653600414594,0.9670579048494498,0.5728477978458008,0.8200950184836984,0.8424704441179832,0.516394435117642,0.7411435556908449,0.5416010831004314,1.6096587032079697,0.4021470596392949,0.7766696599622568,1.4350830651819706,0.9976995897789797,1.3757966657479603,0.9363482569654783,1.0061636604368687,0.8399501560876766,0.5034008659422398,0.9608818416794142,0.8589870321253935,1.3460395922884345
SRS2855564,0,-0.060756756380821265,0.027729713047544163,-0.08362564941247304,-0.08363788481801748,-0.1030034536185364,-0.10289433853146572,-0.10054059575001399,-0.11704656854271889,-0.058677016446987786,0.05138082728565981,-0.10532327927649021,-0.04823834169656038,0.015251829909781614,-0.036433480330742896,-0.08385107825354983,-0.09022763123114903,-0.09713992507507403,-0.06802077575897177,0.28231207219262916,-0.09176163251201312,0.21430414201070866,0.16028778782735267,-0.06913144327700138,0.28758523302773636,0.032785664002100624,0.07575283164624125,-0.13136161118745804,-0.013643847157557806,-0.04611070702473322,0.15276696036259332,0.3275425812850396,0.05870015732944012,0.24015172446767488,0.1258524072666963,0.2567742619042595,0.1619656008357803,0.42457359035809833,0.39747224748134613,0.4852403402328491,0.511983814338843,0.32926451601088047,0.22418378045161566,0.8255884038905302,0.472731019059817,0.5326310048500696,0.20645914040505886,0.6755159106105566,0.5963855544105172,0.18199877875546613,0.15036240592598915,0.40381688500444096,1.1756056721011798,0.30437720209981006,0.5926021797737727,0.8030689177103341,0.5970929662386576,0.6424340742329756,0.6828279706339041,0.6831139813487729,0.48841650038957596,0.28793367681403953,0.5357592608779669,0.39342572664221126,0.6992965936660767
SRS2855565,0,-0.06691301645090182,-0.14184824377298355,-0.10448372736573219,-0.11240951561679442,-0.1469907301167647,0.008349132491275668,-0.019074343144893646,-0.07644111383706331,-0.056847840547561646,0.11838413856457919,-0.021097170809904735,-0.08828606208165486,0.045999802028139435,-0.09959630326678355,-0.06868435877064864,-0.0526428148150444,-0.10329131595790386,-0.06751424074172974,0.25697150205572444,-0.09117109328508377,0.09198980654279391,0.09772774703257407,-0.002723701298236847,0.10487990329662959,0.1130842554072539,0.021158338834842045,-0.06226737673083941,-0.06234326586127281,-0.00030696019530296326,0.07522203493863344,0.2855997035900752,-0.092691196128726,-0.00041993381455540657,0.19730682174364725,0.08427061171581347,0.22005041067798933,0.23226171235243478,0.2758988564213117,0.2950524389743805,0.04916410272320112,0.09890530010064442,0.07572767573098342,0.2715711413572232,0.19759492327769598,0.5010744708900651,0.1485903188586235,0.3911170195788145,0.22402972976366678,0.10931118701895078,-0.05820266778270403,0.43712646374478936,0.8892066292464733,0.059372879254321255,0.4283508937805891,0.598348485926787,0.49801547328631085,0.3982629772896568,0.5959131320317587,0.6245728504533569,0.46814470117290813,0.032056030351668596,0.21760180282096067,0.037310783130427204,0.3174796625971794
SRS2855572,0,-0.06994693571080764,-0.09607411238054435,-0.11510882029930751,-0.12885199983914694,-0.13683003187179565,-0.05820203075078704,-0.02404479744533698,-0.1093035526573658,-0.07232533146937688,0.09784113297549386,-0.09454275543491046,-0.06809893917913239,0.038433936734994255,-0.07586317447324593,-0.09694921469781548,-0.11443537349502246,-0.09532693090538184,-0.06710550856466095,0.2457673301299413,-0.10122727478543918,0.11739295348525047,0.0689208706219991,0.017463826884826023,0.12984283392628035,0.05370969232171774,-0.029110886544610064,-0.09782927436754107,-0.016024788841605186,0.028480438515543938,0.07804540668924649,0.26693688550343114,-0.048028068306545414,-0.04161627156039079,0.19753957788149515,0.12425867126633723,0.21745480100313822,0.29797689492503804,0.31679817537466687,0.34718971854696673,0.18437313536802927,0.08562524865070979,0.2402403528491656,0.5811925555268923,0.25443079446752864,0.4049580246210098,0.11306626349687576,0.6271670547624429,0.24145442123214403,0.08817129349336028,-0.01704878235856692,0.32652111747302115,0.8672942340684434,0.19177738359818855,0.5382635567026833,0.6963644064962864,0.3656126372516155,0.41549320984631777,0.5165265947580338,0.512473518649737,0.33990591764450073,0.05601037664261336,0.19535700231790543,0.1272077870865663,0.3353898376226425
SRS2855575,0,-0.0462122461758554,-0.09677604585886002,-0.10703596596916516,-0.12354313706358273,-0.1246833677093188,0.027912372315768152,0.02156036968032519,-0.07545144731799762,-0.08350439990560214,0.17358285437027612,-0.03898422047495842,-0.0763851422816515,0.08958051198472579,-0.0786007863547032,-0.07743467638889949,0.023953088869651157,-0.08731445670127869,-0.09426676078389089,0.3213707742591699,-0.009963215639193853,0.11015266925096512,0.16444271119932333,-0.049045062313477196,0.1812198261419932,0.18135323654860258,0.027512436732649803,-0.06579312284399445,-0.03348203003406525,-0.033136085917552315,0.04002839264770349,0.38430779489378136,-0.09534331317991018,0.03801805526018143,0.09497845359146595,0.10069017360607783,0.19534519966691732,0.12390466872602701,0.2213861495256424,0.10956941545009613,0.014435010496526957,0.07347214315086603,0.0873147298892339,0.12405175560464461,0.03745566184322039,0.43135152012109756,-0.026084673901398975,0.4475469837586085,0.11978939827531576,0.03920972843964895,-0.011255661646525065,0.3876774497330189,0.5862415346006552,0.07385263095299403,0.28295540250837803,0.3007589628299077,0.2926370309044917,0.33202948545416194,0.3449442572891712,0.4391493114332358,0.24283706148465475,-0.04045690409839153,0.11462830721090238,-0.062154753133654594,0.124092947691679
SRS2855576,0,-0.03671309227744738,-0.039456600323319435,-0.09691312784949939,-0.11510548057655494,-0.11212733139594395,-0.0465876123180351,0.012726249794165293,-0.11587829949955146,-0.11654331131527822,0.1009212628317376,-0.08123787740866344,-0.06612071488052607,0.09143126880129178,-0.0687723079463467,-0.12095171337326367,0.025576041390498478,-0.07262138742953539,-0.1033202283627664,0.3632021484275659,-0.07705675003429253,0.16141580045223236,0.12494943228860696,-0.013705664624770483,0.21035795286297798,0.11525651067495346,0.05129224807024002,-0.08578934210042159,0.04605894908308983,-0.0652174452940623,0.01075402336815993,0.40606139848629635,-0.051887779807051025,0.15715157116452852,0.13312400070329508,0.09170491042702149,0.16317104424039522,0.30249329035480815,0.29489553223053616,0.1387979737482965,0.13934017159044743,0.12532560527324677,0.15974891806642214,0.32146670669317245,0.13778162002563477,0.34216640889644623,0.1030734305580457,0.5994984110196432,0.35837380999388796,-0.018874960485845804,0.014705207198858261,0.3529786753157775,0.7729036981860796,0.10591219846780102,0.3212030514453848,0.4349704558650653,0.41692338821788627,0.4305888582020998,0.5326491879920164,0.5435937158763409,0.44872984786828357,0.04048485060532888,0.26003235454360646,0.0772855964799722,0.2803037365277608
SRS2855577,0,-0.0801583604576687,-0.10639070533216,-0.103353351354599,-0.12309358765681584,-0.1468973457813263,-0.012280323916153671,-0.057508559276660286,-0.123593686769406,-0.05808838829398155,0.09633662031653027,-0.06191349774599075,-0.07285108882933855,0.02958466609319051,-0.08750852787246306,-0.07541860205431779,-0.1235165869196256,-0.10648499149829149,-0.08948406887551148,0.2792788563917081,-0.12199374039967854,0.16737916429216662,0.11072094940269987,0.016896326715747517,0.07494671208163102,0.03966124479969343,-0.037016087832550205,-0.06528424595793088,-0.05598070922618111,-0.0116550891349713,0.12923348105202118,0.32015460729599,-0.07158964748183887,0.1162862665951252,0.19267434005935988,0.08873916231095791,0.26264607285459834,0.2955279586215814,0.3062886136273543,0.36238018920024234,0.16485684861739477,0.22552631547053656,0.1821606270968914,0.4771050941199064,0.23650803541143736,0.6404503571490446,0.11973560601472855,0.46698797307908535,0.26818567312632996,0.22756747156381607,0.062005734692017235,0.45986787726481754,0.9132546335458755,0.12142669688910246,0.46058140757183236,0.5987368430942297,0.5388601565112671,0.6431905611728629,0.6212304537960639,0.7192114864786466,0.4284719228744507,0.1623833222935597,0.2675266812245051,0.1158268687625726,0.41689223299423855
SRS2855578,0,-0.06207335957636436,-0.08525584762295087,-0.10155857354402542,-0.09342981223016977,-0.15334241588910422,-0.053269325626994636,-0.07622634743650754,-0.11454584325353305,-0.053559099634488426,0.08534739832005774,-0.05475832646091779,-0.06424230647583802,0.10836626713474591,-0.048321560180435576,-0.039505861389140286,-0.07094171208639939,-0.1321899921943744,-0.08341903115312259,0.2693031175682942,-0.13034330184261003,0.15372035838663578,0.12284630288680394,-0.06276883805791537,0.20591817299524942,0.04647348076105118,0.10529764865835507,-0.05319527288277944,-0.03352219300965468,-0.0677657350897789,0.18562821741215885,0.3418569701413314,-0.04684109799563885,0.20854849515793225,0.1700627381602923,0.11414817891394098,0.27246320868531865,0.2781582058717807,0.48388836284478504,0.32822234866519767,0.20007691470285258,0.22321315109729767,0.13125030036705235,0.34078485301385325,0.24414951540529728,0.5586848308642706,0.1973897417386373,0.5989012739931544,0.41334147984161973,0.16388353235864392,0.02066480740904808,0.49116022295008105,1.0866151849428813,0.20623292727395892,0.4622219100904961,0.7556321397423744,0.6105383463824788,0.56907051615417,0.6622365353008112,0.7790206729744872,0.6576375253498554,0.1771377349893252,0.4231511205434799,0.20999832699696222,0.5650872861345609
SRS2855579,0,-0.017944311102231342,-0.08505246912439664,-0.10393149095276992,-0.13552819999555746,-0.13116852349291244,-0.027354339154650614,0.010451370229323706,-0.04674984390536944,-0.08849763621886571,0.17632499523460865,-0.04656808947523435,-0.07173861547683676,0.12514116615056992,-0.07212174375308678,-0.10481520369648933,0.06796910606014232,-0.0787357132260998,-0.08839623800789316,0.3715794322391351,-0.03168382216244936,0.11286483022073905,0.17594819640119871,-0.049459390342235565,0.2387822282811006,0.219434238349398,0.05837842212834706,-0.07080206368118525,-0.02646985525886218,-0.07968642562627792,0.025983323187877733,0.37160758425792056,-0.08363230278094609,0.07679200234512489,0.10232996319731076,0.09503161829585831,0.11519258779784043,0.2377009184565395,0.3397044862310092,0.13340091767410436,0.03001771867275238,0.0789881261686484,0.07707319967448711,0.16097680230935416,0.22255130857229233,0.35211890066663426,0.1361651842792829,0.4248320485154788,0.2672522581803302,0.02485170339544614,-0.05202102164427439,0.4847637415320302,0.7697348818182945,0.07925772791107495,0.37893996636072796,0.45454706996679306,0.4656549034019311,0.28035512442390126,0.5574098223199447,0.6401694019635519,0.3784322316447894,-0.003470263754328092,0.20942992360020676,0.028731028238932293,0.21250243318111947
SRS2855580,0,-0.057493587878222265,-0.0733531042933464,-0.11646149804194768,-0.12475764130552609,-0.10667473822832108,0.0018906735397952918,0.028717711567878723,-0.11002727225422859,-0.07054671024282773,0.16106544235177958,-0.02414815252025922,-0.07107063169435908,0.08453227020800114,-0.08621724074085553,-0.11454476540287335,-0.028544389953215916,-0.06207521880666415,-0.09762205835431814,0.4077589847147465,-0.06410426211853822,0.1014487271507581,0.11012286009887855,-0.028888902937372524,0.18137342482805252,0.17803445582588515,-0.019554832950234413,-0.06616366654634476,-0.017875092724959057,-0.04841538735975822,0.02905901273091634,0.3713473218182723,-0.10021088644862175,0.03447655588388443,0.16391185546914736,0.06191305754085382,0.15565782164533934,0.18565762601792812,0.21269520744681358,0.18427200429141521,0.021830713997284572,0.16724669188261032,0.1667634000380834,0.23841831181198359,0.1513864720861117,0.4998432267457247,0.10785453766584396,0.5040583573281765,0.22784013797839484,0.07658701327939828,0.04014614907403787,0.4008138154943784,0.6971310853259638,0.10762852026770513,0.4174782658616702,0.41192951798439026,0.3635285336834689,0.38464440902074176,0.5866854383299748,0.6166742121179899,0.3939991965889931,0.011583412066102028,0.21787672117352486,0.02986042449871699,0.28240543557330966
SRS2855581,0,-0.07985283217082421,-0.013189205278952917,-0.07751327318449815,-0.09230668097734451,-0.12509707920253277,-0.08800886694310368,-0.06423247046768665,-0.12360335343206923,-0.05639928455154101,0.028723515570163727,-0.08433783799409866,-0.0467277307373782,0.039007462561130524,-0.056096775185627244,-0.10116068211694558,-0.09565854072570801,-0.0993212372995913,-0.08846398373134434,0.22410434934621057,-0.12981795286759734,0.12405342670778434,0.11031878056625526,-0.019584182649850845,0.18752395547926426,-0.02064175469179948,0.10133832693099976,-0.10163391878207524,0.03577976208180189,-0.054769422858953476,0.13256661407649517,0.3781556971371174,-0.00011577395101388295,0.14278034586459398,0.2106524147093296,0.20417800142119327,0.31840301242967445,0.4133640881627798,0.5133386837939421,0.4201635296146075,0.4696516692638397,0.29103641336162883,0.2368876909216245,0.6821744359719256,0.32649415731430054,0.5323980674147606,0.21770832563440004,0.7053349073976278,0.5627288296818733,0.12849103659391403,0.09345476577679317,0.3984314501285553,1.1124666913722951,0.2869178759865463,0.472228752138714,0.8602105540533861,0.6672197406490644,0.6262405986587206,0.6718741015841564,0.7438123126824697,0.6067708570044488,0.1954776979982853,0.43752239892880124,0.27375686075538397,0.6183955346544584
SRS2855582,0,-0.058275384518007435,-0.0045361171166102094,-0.08605403639376163,-0.0998192864159743,-0.11600951229532559,-0.08799797938020977,-0.046225923423965774,-0.12020164262503386,-0.07017974182963371,0.06680474383756518,-0.11003328103106469,-0.041764766133079924,0.06866216504325469,-0.03823372737194101,-0.10165060218423605,-0.09883576383193333,-0.0900798129538695,-0.08908442012034357,0.27102414580682915,-0.11624047004928191,0.1621307252595822,0.104822790560623,-0.014807252834240595,0.2530124845604102,0.040749870240688324,0.05643719962487618,-0.09301947678128879,0.024706677844127018,-0.04745692325135072,0.09663023178776105,0.3257533808549245,-0.04345283812532822,0.16434805653989315,0.16705347100893655,0.15053514391183853,0.23385688988491893,0.3577429422487815,0.3453962057828903,0.3871711517373721,0.28176793704430264,0.19737714901566505,0.26597777009010315,0.5812180750072002,0.2872216117878755,0.4673636108636856,0.10937437415122986,0.5995773480584224,0.36259628490855295,0.11904945597052574,0.0513797290623188,0.37410143949091434,0.9755778101583322,0.25695233900720876,0.45634293494125205,0.622392188757658,0.5043365657329559,0.565195718081668,0.625026743238171,0.6402097456157207,0.41799329966306686,0.15924781560897827,0.2981007422010104,0.15825951343867928,0.44104675700267154
SRS2855583,0,-0.054762047715485096,-0.11564397253096104,-0.11318689957261086,-0.13191030671199164,-0.11757853720337152,-0.0005783997330581769,0.05048403888940811,-0.11316311235229175,-0.0920402320722739,0.11976399691775441,-0.031277332454919815,-0.06588418502360582,0.10710627088944118,-0.08583800246318181,-0.10024418961256742,-0.04906029005845388,-0.08023382102449735,-0.09215272186944883,0.3210400765140851,-0.05765697546303272,0.1014882115026315,0.08214431318144004,-0.019760639717181522,0.15947137214243412,0.0929430400331815,0.004316444819172223,-0.07779598981142044,0.012956690664092699,-0.01986658511062463,0.023692530890305836,0.3712050039321184,-0.07983047918727,0.002676979172974825,0.10276547571023305,0.08752744598314166,0.21289238209525743,0.2224255415300528,0.27589501564701396,0.1567404274828732,0.09590688596169154,0.09165537605683009,0.14138074281315008,0.29342666702965897,0.10321812083323796,0.37467587490876514,0.07541614522536595,0.5974545460194349,0.217897640230755,-0.011332600067059198,-0.02353373635560274,0.3406536594654123,0.7371474032600721,0.1022442290559411,0.377609100813667,0.5204310466845831,0.3445637148494522,0.4013473143180211,0.45630984256664914,0.47960476391017437,0.34543705731630325,-0.0006131132443745931,0.2069093342870474,0.04104805737733841,0.28960655132929486
SRS2855586,0,-0.07708695204928517,-0.07817825597400467,-0.10179252891490857,-0.1296729010840257,-0.07851394824683666,-0.08495531617760814,0.03686427821715673,-0.12956370413303375,-0.06116897861162821,0.16901042188207308,-0.10433041304349899,-0.05567321041598916,0.050934301068385444,-0.06913417329390843,-0.1317568694551786,-0.0789083664615949,-0.06389414146542549,-0.09540470774906377,0.22218153749903044,-0.0021591894328594208,0.14481744985096157,0.10134086944162846,0.033124323934316635,0.16620650639136633,0.08607928951581319,-0.06633112331231435,-0.089627622316281,0.05758459617694219,-0.02719410757223765,0.015050433576107025,0.33985973708331585,-0.047063607101639114,0.08544556051492691,0.08061035101612408,0.12639365593592325,0.18587511156996092,0.20330042143662772,0.21751594775317548,0.21856715716421604,0.1895886535445849,0.019732266664505005,0.24486853182315826,0.4755438566207886,0.07521205022931099,0.16821621358394623,-0.1067120557030042,0.42040061818746227,0.08317139931023121,0.022084209136664867,-0.06252586065481107,0.1487398042033116,0.42811270367080095,0.11699814861640334,0.2378024193458259,0.2887458677093188,0.12113918953885634,0.22804082712779442,0.20952720567584038,0.13683992282797894,-0.002662492993598183,-0.0021486133337020874,-0.07625666532355051,0.007652817914883296,0.05177616638441881
SRS2855588,0,-0.03317925365020832,-0.06380748531470697,-0.11289056266347568,-0.1285746010641257,-0.14562475060423216,0.02501493442832725,-0.05272149294614792,-0.09624624252319336,-0.09103668729464214,0.17283331602811813,-0.033868142714103065,-0.07736277238776286,0.06545686225096385,-0.060409478222330414,-0.07356604809562366,0.02126840502023697,-0.11154993996024132,-0.07319252844899893,0.3482220334311326,-0.05178379329542319,0.16874443056682745,0.18939589957396188,-0.03826890761653582,0.15883858501911163,0.1543712659428517,0.06112202629446983,-0.04593740760659178,-0.03868809280296167,-0.05618491768836975,0.08917646234234174,0.4240206265822053,-0.06754740979522467,0.15335573628544807,0.17594961387415728,0.0904995893749098,0.23216036334633827,0.21755229185024896,0.39227373773852986,0.22546933715542158,0.10099926963448524,0.1657354732354482,0.15250433050096035,0.23151096080740294,0.2202896773815155,0.5629700236022472,0.11642916003863017,0.5674998592585325,0.3383774507480363,0.08430766298746069,0.04765604933102926,0.41676789211730164,0.8870415774484476,0.181332411574355,0.4099933197721839,0.5399918556213379,0.4573337448139985,0.5017210884640614,0.5734506224592527,0.6957722865045071,0.554281604786714,0.08675417055686314,0.2803890046974023,0.1027802877749006,0.3301440825064977
SRS2855589,0,-0.0833954034994046,-0.04558309788505236,-0.0877280905842781,-0.10306717703739803,-0.1476535884042581,-0.0934662039714264,-0.0624723577251037,-0.12206377927213907,-0.0584163765112559,0.0817035199337018,-0.06471708292762439,-0.047960673458874226,0.07675516915818055,-0.051360876144220434,-0.09754306574662526,-0.08463803306221962,-0.114293464149038,-0.08161148428916931,0.27916477667167783,-0.1325418408960104,0.14953803333143392,0.13998617169757685,-0.06766508271296819,0.22431378439068794,0.02706015482544899,0.07886992643276851,-0.09356959350407124,-0.009827425392965475,-0.06800962115327518,0.15347379663338265,0.3611291342725356,-0.030925297488768894,0.19578833629687628,0.21276909485459328,0.17125732288695872,0.28324413175384205,0.38717676493494463,0.5001177564263344,0.37043293255070847,0.28718384852011997,0.24158459032575288,0.18793689211209616,0.5018308547635874,0.2782163033261895,0.5192729445795218,0.23027635738253593,0.6144446625063816,0.5121494330621014,0.10820268905566384,0.009561351810892424,0.4387071384117007,1.1015519207964342,0.2705549333865444,0.43586715357378125,0.7780614383518696,0.6160357551028331,0.5255814449240764,0.6675443636874357,0.7751216317216555,0.6494649344434341,0.15514427237212658,0.41688796877861023,0.2058276248474916,0.6296561161677042
SRS2855590,0,-0.07485587041204174,-0.15115740646918616,-0.10358639775464933,-0.08935335899392764,-0.14628067736824354,0.014909940228487054,-0.09514804060260455,-0.12607036034266153,-0.03691072016954422,0.04558322277929013,-0.06475372736652692,-0.08560204847405355,0.030236393213272095,-0.09227901635070641,-0.03411430617173513,-0.11479624244384468,-0.12786004692316055,-0.08240531105548143,0.2303211884573102,-0.12995914742350578,0.15477140868703523,0.10419273904214303,0.012091559978822866,0.07542703114449978,0.02466452494263649,0.008357822274168333,-0.032364916211615004,-0.05915045257036885,0.006001869837443034,0.21970841940492392,0.28017112116018933,-0.07679448742419481,0.11879756907001138,0.1826103776693344,0.11732575623318553,0.3090175837278366,0.30134114250540733,0.3874264818926652,0.4954178606470426,0.1944507397711277,0.21648751695950827,0.17431864763299623,0.4388016251226266,0.34728575001160306,0.6167527021219333,0.21599552811433873,0.4766286450127761,0.2896180159101884,0.23608312755823135,0.03871305535236994,0.4901112342874209,1.1313121517499287,0.1517810703565677,0.5763944905872146,0.8821802002688249,0.6052288835247358,0.5937730533381304,0.6812951428194841,0.7616459354758263,0.5646472275257111,0.2070254428933064,0.34065444270769757,0.19496381623321213,0.550324097275734
SRS2855591,0,-0.06063734988371531,-0.12312682035068671,-0.11372034686307113,-0.13110791146755219,-0.1395169422030449,-0.04912783796316944,-0.03313019126653671,-0.08071883736799161,-0.07489215830961864,0.1245470093563199,-0.0667934479812781,-0.08398034020016591,0.04451258728901545,-0.08333450897286336,-0.10253958279887836,-0.03393520042300224,-0.10858988699813683,-0.07265081551546852,0.28718330959479016,-0.06314630558093388,0.10725233579675357,0.08296826854348183,-0.031666227926810585,0.1821246308585008,0.10712916466097037,0.021504678996279836,-0.06469203066080809,-0.016718384499351185,-0.00530157641818126,0.07099087163805962,0.36183231323957443,-0.07422008427480857,-0.03731504400881628,0.15025679456690946,0.09394000967343648,0.2581276235481103,0.24087700992822647,0.3403995931148529,0.2486107780908545,0.09664775120715301,0.06821976974606514,0.1816357895731926,0.38053835680087406,0.20141482166945934,0.36790773272514343,0.08658697952826817,0.5856773569248617,0.24113119331498942,0.026860592188313603,-0.06962445378303528,0.32899085372143116,0.8436591116090616,0.15616205039744577,0.410130712048461,0.6508896313607693,0.36145398921022814,0.2937123579904437,0.4573075535396735,0.5043349917978048,0.37132764235138893,0.026600657651821773,0.16387064134081206,0.05881216252843539,0.2719452480475108
SRS2855593,0,-0.058449781189362206,-0.06992420926690102,-0.10611637060840924,-0.11904235308369,-0.11286212007204692,-0.045592177546495805,0.006935780867934227,-0.1088203905771176,-0.08807818343242009,0.11629390072387953,-0.0677691362798214,-0.04509885795414448,0.11799097557862599,-0.050462779899438225,-0.09123706538230181,-0.0469946764933411,-0.0773951777567466,-0.09322728620221217,0.35656286651889485,-0.08666063596804936,0.13168646053721508,0.0787215307354927,-0.026092225064833958,0.21706144511699677,0.09287880609432857,0.07772759099801381,-0.060284482004741825,0.03269208719333013,-0.06840326264500618,0.10040666038791339,0.38756580216189224,-0.0582723543047905,0.07974804782619078,0.14883865291873613,0.09890811983495951,0.2488160179927945,0.2727919767300288,0.37211180850863457,0.25075572667022544,0.141688401500384,0.1420923893650373,0.21318973104159036,0.38697445082167786,0.16125176971157393,0.4479234678049882,0.12278551732500394,0.6497293710708618,0.3751010055032869,0.016205706032148253,-0.01840323271850745,0.3568785910805066,0.8480928714076678,0.2361453507716457,0.39244837189714116,0.6150159935156504,0.4513172448302309,0.4552845035990079,0.5959016513079405,0.6107858804365,0.45410846794644993,0.035033714647094406,0.27924395849307376,0.057255249470472336,0.3823765094081561
SRS2855594,0,-0.050946722428003945,-0.12909440696239471,-0.10628472765286763,-0.12696371832862496,-0.14108366519212723,0.011665373051073402,-0.03608374918500582,-0.0796715250859658,-0.09129707018534343,0.16016510160019,-0.022311671326557796,-0.08944087444494168,0.03133707648764054,-0.09380419474715988,-0.07534190888206165,0.01765321319301923,-0.12505458916227022,-0.07737108568350475,0.30533411105473834,-0.026785680403312046,0.12259639923771222,0.16999175709982714,-0.03543692578872045,0.1697929153839747,0.14146610970298448,0.010810631327331066,-0.07066099842389424,-0.04937739297747612,-0.021411050111055374,0.05837779771536589,0.42055838151524466,-0.07957806624472141,0.021899615103999775,0.14585273681829372,0.0639419723302126,0.21943973749876022,0.21576669936378798,0.31013181805610657,0.19366697734221816,0.08059306380649407,0.06789030383030574,0.09428483930726846,0.1925754655773441,0.17669900755087534,0.415073915074269,0.02654775232076645,0.4446599142005046,0.22826080458859602,0.009360680977503458,-0.03449191618710756,0.32733316502223414,0.751189824193716,0.11716812724868457,0.31246641169612605,0.5233597631255785,0.34458807203918695,0.28865679415563744,0.3856152693430583,0.5354610476642847,0.3491216575105985,0.01275023507575194,0.11768510068941396,0.003215230070054531,0.20131595782004297
SRS2855595,0,-0.06183935748413205,0.06484759071220954,-0.08888515426466863,-0.07915511665244897,-0.1257553013662497,-0.09773616853726708,-0.09719200649609168,-0.11586823368755479,-0.07422758390506108,0.06465037543481837,-0.10554036498069763,-0.054871802063037954,0.07490923628211021,-0.04436701136485984,-0.03753549978137016,-0.09009363315999508,-0.11421253943505387,-0.0755432447961842,0.23650146182626486,-0.13340493633101383,0.16128022658328214,0.14848637161776423,-0.09332168909410636,0.3415154156585534,0.015948660671710968,0.19658294754723707,-0.10624942311551422,0.05949434203406175,-0.011901702731847763,0.1967524749537309,0.4471235511203607,0.0960420531531175,0.31420744334657985,0.20642716934283575,0.21480814196790257,0.26609143676857155,0.4631510165830453,0.5405659228563309,0.3930376594265302,0.49766549468040466,0.45137830078601837,0.26894956827163696,0.609450220130384,0.34561501008768875,0.5953335762023926,0.32558608807933825,0.7179012174407641,0.6539366504487892,0.1612566957871119,0.18347144363603243,0.4556025390823682,1.2279030196368694,0.35481026233173907,0.4615615984269728,0.858520774791638,0.6911987345665693,0.700721958031257,0.7367826579138637,0.8547542496429136,0.6534290090203285,0.27317900707324344,0.4933451885978381,0.37060464390863973,0.6212250726918379
SRS2855596,0,-0.084168021256725,-0.05027028165447215,-0.08953280622760455,-0.0910850049306949,-0.1484417567650477,-0.0938058343525275,-0.0534516517072916,-0.12629846654211482,-0.07713371887803078,0.00650119570006306,-0.06244482100009918,-0.05280850036069751,0.08663331158459187,-0.055096899469693504,-0.0767930899746716,-0.11040570152302583,-0.12056497453401487,-0.08850073426341017,0.28914836472055566,-0.14319121092557907,0.1364346733316779,0.14064232228944698,-0.04382252444823583,0.20936569850891829,-0.02891236450523138,0.12358678132295609,-0.08111506793648005,0.039573490619659424,-0.06595930829644203,0.18642043881118298,0.40497603671004373,0.00471340399235487,0.31212955713272095,0.22939885904391608,0.18001305564151457,0.34354593853155774,0.400604027012984,0.5861190296709538,0.46584294115503627,0.4135669209063053,0.31314090142647427,0.26889945403672755,0.630044236779213,0.3028298920641343,0.6273573040962219,0.31898306232566637,0.7453614617697895,0.6020739862384895,0.15478193333062032,0.1640352780620257,0.43043577919403714,1.21607938905557,0.3481008172190438,0.5200511822476983,0.9531828537583351,0.7338379754995307,0.7205611020326614,0.7849234088013569,0.8678235433374842,0.7405487168580294,0.2773800042147438,0.5979499866565069,0.30876826494932175,0.7350861349453529
SRS2855597,0,-0.0777698348586758,-0.10772573202848434,-0.0959097162509958,-0.07420940386752288,-0.14283585113783678,-0.07467142026992708,-0.09498976978162925,-0.12430218483010928,-0.01942772666613261,0.04471115230505044,-0.07927824805180232,-0.06339612789452076,0.03757907574375471,-0.07607666263356805,-0.037956261386473976,-0.12141407964130242,-0.1296310294419527,-0.07049374173705776,0.17119426699355245,-0.14581650123000145,0.1367364227771759,0.06748718488961458,-0.02382556100686391,0.1599544466783603,-0.015386581420898438,0.05694035937388738,-0.0701483382532994,-0.04292872858544191,-0.012011860807736715,0.28930594011520344,0.31249891718228656,-0.032963121154656015,0.22280808565362045,0.27180997282266617,0.13413886718141535,0.38024189447363216,0.39282703151305515,0.5163232671717802,0.571116923665007,0.3356923796236515,0.2668653056025505,0.2580609992146492,0.5923632296423117,0.3413187302649021,0.7129516725738844,0.28931502330427367,0.6582987398530046,0.47947766569753486,0.2871345703800519,0.12549416099985441,0.4659482141335805,1.26512851100415,0.31058701934913796,0.6110156041880449,1.0396580124894779,0.7122653449575106,0.7547829682007432,0.7850928318997225,0.8858294604967037,0.748440720140934,0.30190821178257465,0.5072226648529371,0.35248715182145435,0.7547962889075279
SRS2855598,0,-0.07688423075402777,-0.06579458341002464,-0.0777687147880594,-0.09285567390422027,-0.14891599242885908,-0.09579923137516744,-0.08125452666232984,-0.12798038559655348,-0.0379184273382028,0.019631995159822207,-0.07218501220146815,-0.05837709177285433,0.04375558098157247,-0.0631269315102448,-0.05568056212117275,-0.12002443025509517,-0.1273345590258638,-0.06837644909198086,0.20483055881535014,-0.1398745228846868,0.15140167499581972,0.10178245821346839,-0.04802511880795161,0.16568045939008394,-0.04171033576130867,0.10529035050421953,-0.07371672180791695,-0.024523794651031494,-0.026031545052925747,0.24203475595762333,0.3221598978464802,-0.007441747312744458,0.3162870282928149,0.24528833044071993,0.18834728312989077,0.3694642235835393,0.41855814432104427,0.556441031396389,0.5429074888428053,0.3923535533249378,0.3629898677269618,0.20100685395300388,0.6435417228688797,0.3652384864787261,0.7227861533562342,0.3236858874248962,0.6805959140571455,0.5947614867861072,0.27076755091547966,0.1647635375459989,0.48095364235147525,1.2472326960608673,0.3063474817511936,0.5485357088036835,1.0078665936986606,0.7717017059524854,0.7773831660160795,0.7956159797807535,0.9300169609487057,0.8030185916771492,0.32725384272634983,0.622082494199276,0.41153422743082047,0.8221398840347925
SRS2855599,0,-0.06849084856609504,-0.1376693012813727,-0.08958132409801085,-0.10696932999417186,-0.10768102171520393,0.03304868874450525,0.060131789495547615,-0.008457873482257128,-0.0595090277493,0.15883120149374008,-0.018626814087231953,-0.11070589224497478,0.056455837562680244,-0.10923390214641888,-0.08857420769830544,0.03651913752158483,-0.09976111476620038,-0.10752105650802453,0.31671707580486935,0.0858673167725404,0.0759065772096316,0.109539778282245,-0.01785595839222272,0.2668719232703249,0.2585080523664753,-0.047425035697718464,-0.024412851004550856,0.028248902410268784,0.03144824504852295,0.0059264469891786575,0.38160669182737667,-0.07455833721905947,-0.036158875872691475,0.03591253298024336,0.051416962097088494,0.16362582643826803,0.09887932737668355,0.1760906750957171,0.06238459795713425,0.004771285379926364,-0.0058485474437475204,0.05813606145481268,0.0887524033896625,0.05188418676455816,0.23365724831819534,-0.10259661699334781,0.26276367406050366,0.005740808323025703,-0.030925593028465908,-0.07981835429867108,0.21679634468940398,0.3977011653284232,-0.006893500064810117,0.12868252086142698,0.240071019778649,0.16136555103973174,0.15266843186600454,0.14095735674103102,0.14015611447393894,0.006294486423333486,-0.060743250884115696,-0.03800595303376516,-0.11343210469931364,-0.03698442752162615
SRS2855600,0,-0.04980840068310499,-0.11214912744859855,-0.10267857958873113,-0.11862665973603725,-0.1435920111835003,0.02263207904373606,-0.028798141206304233,-0.10412788623943925,-0.0692540854215622,0.15793661416197816,-0.050443229575951896,-0.08154318574815989,0.061833919336398445,-0.0885696845750014,-0.08940799534320831,-0.019312787801027298,-0.119065477202336,-0.08641202189028263,0.3375239471594493,-0.05200842022895813,0.16419520849982897,0.1314515806734562,-0.005068819969892502,0.15242883066336313,0.1462683769253393,-0.0556920450180769,-0.08492397330701351,-0.0229693204164505,-0.0388253815472126,0.08377012424170971,0.38746678084135056,-0.08716554008424282,0.05443761870265007,0.12859873954827586,0.12192968465387821,0.11715838126838207,0.17628359297911325,0.22102873772382736,0.15705097389097014,0.06706890215476354,0.12239033728837967,0.13619802271326384,0.19415357615798712,0.1534357580045859,0.4039379085103671,0.0503133088350296,0.43826607645799714,0.14746841043233871,0.08416066753367583,0.00347726047039032,0.38760108811159927,0.7713016383349895,0.06343733643492062,0.37041300411025685,0.3869141712784767,0.385606291393439,0.3935910256113857,0.4926859117113054,0.5721242626508077,0.31853925560911495,0.04957905597984791,0.16595498596628508,0.024517517692099016,0.24397794875161102
SRS2855601,0,-0.011527572448054949,-0.04156143714984258,-0.12149977187315623,-0.1518409661948681,0.0740521674354871,-0.03649862548142361,0.16502640706797442,-0.014606772921979427,0.0037260808361073336,0.3276354484260082,0.019198400278886158,-0.08892841264605522,0.2011118217681845,-0.09507327619940042,-0.08558202534914017,0.15783077230056128,0.014822984735171,-0.07001885259523988,0.36140304803848267,0.23598905901114145,0.08630995700756709,0.1626213832447926,0.014045128288368383,0.345267162968715,0.36450259139140445,0.04451264813542366,-0.014958794539173445,0.2850889687736829,-0.016212906610841554,-0.0413594339042902,0.5148134082555771,0.0033694791297117868,0.038389138877391815,-0.022419396322220564,0.14407911617308855,0.16961068799719214,0.058240318670868874,0.17152806868155798,-0.041756524393955864,0.02135768160223961,-0.046562313878287874,0.11355871086319287,0.07005759204427402,-0.059906996320933104,0.09160341570774715,-0.14625065897901854,0.3816485752662023,-0.008299554387728373,-0.10337050577315192,-0.06331781833432615,0.10951511561870575,0.05994676550229391,0.0157186237629503,0.024627770607670147,-0.061147745698690414,-0.025505370770891506,0.040968296428521477,-0.11052130907773972,-0.08776334300637245,-0.04923964540163676,-0.10017053643241525,-0.11864083198209603,-0.06940888861815135,-0.12706291551391283
SRS2855602,0,-0.031085618771612644,-0.10342579924811919,-0.11315359485646088,-0.13539660101135573,-0.11494260467588902,-0.02756004947392891,0.024344426890214283,-0.09002203742663066,-0.09651800741751988,0.16436182152635107,-0.08518799766898155,-0.08295308783029516,0.06427830085158348,-0.0782941250751416,-0.10508517238001029,0.01214983748892943,-0.09462236799299717,-0.0847268714569509,0.33861124018828076,0.025889279941717785,0.13061692814032236,0.08312459414203961,-0.019292720903952915,0.2241912620762984,0.2020804618174831,-0.020655007644866902,-0.08475530582169692,0.03865716606378555,-0.00411514254907767,0.060918585707743965,0.4384016525776436,-0.07261300676812728,-0.0379609934364756,0.15400773142270432,0.11773883458226919,0.17617342807352543,0.22209052555263042,0.2711831536144018,0.11619818583130836,0.07751213945448399,0.08098934342463811,0.1645032043258349,0.24839023873209953,0.13492179188566902,0.35010062453026575,0.042516606549421944,0.557710393021504,0.1765147840293745,-0.005942521616816521,-0.015300624693433443,0.31836845601598424,0.6282490479449431,0.1361642504731814,0.34349241107702255,0.46848296870787937,0.2962449664870898,0.3304145907362302,0.4442730098962784,0.4689988670870662,0.26123951251308125,-0.017161576077342033,0.12507877250512442,0.016866895059744518,0.21680227046211561
SRS2855603,0,-0.0828506958981355,-0.012375562296559414,-0.07359703001566231,-0.07911218920101722,-0.11175767270227273,-0.10431282314660469,-0.13520824102063975,-0.12204567024794717,-0.06414588292439778,-0.027919136414614815,-0.1057255497823159,-0.03281004230181376,0.05433736462146044,-0.039658042563435934,3.337052961190542e-05,-0.1134051252156496,-0.12016675566943984,-0.06337194330990314,0.21298299234088822,-0.1280632894098138,0.14624422206543386,0.19094541389495134,-0.1263265646994114,0.37801338483889896,-0.053762839486201607,0.21010334293047586,-0.120144156118234,0.10682242674132188,-0.08056439086794853,0.2668391553064187,0.3172486995657285,0.17964862256000438,0.4057740742961566,0.19344767866035303,0.2927104097325355,0.32138568566491205,0.6086996629213294,0.6732687925299009,0.6084775707374016,0.6722396421246231,0.5571873237689337,0.2652058309564988,0.8240873341759046,0.45207171452542144,0.6795314870153865,0.44070032487312955,0.6960287305215994,0.8636517627164721,0.21539801359176636,0.21392558437461653,0.44550779586037,1.3427079990506172,0.4148333549965173,0.543086703090618,1.007600965599219,0.7541177620490392,0.6595434918999672,0.7240009525169929,0.8756938880930344,0.7238895744085312,0.354647949958841,0.6680422729502121,0.4623689924677213,0.8244874476222321
SRS2855605,0,-0.03544696606695652,-0.13417446489135423,-0.09315863872567813,-0.09716924621413152,-0.09368154406547546,0.04925802012439817,0.03071920449535052,-0.06905705730120341,-0.10280658553044002,0.13920541619881988,-0.017000169803698856,-0.09072977242370446,0.12695885573824248,-0.08833107181514303,-0.08565372228622437,0.051543958485126495,-0.0680501361687978,-0.11991128511726856,0.399470868636854,-0.02662330757205685,0.09139146034916242,0.18874490757783255,-0.06426899880170822,0.1919902019047489,0.2026136393348376,0.004637186493103703,-0.06087557692080736,0.0005811681039631367,-0.04796298344930013,0.014977943152189255,0.4071212324003379,-0.06963346898555756,0.02607884312358995,0.021541994530707598,0.07263752197225888,0.14020496358474097,0.13247724575921893,0.26235509167114895,-0.011400232712427774,-0.008928284669915834,0.06955362111330032,0.06723804026842117,0.1121178725734353,0.03433619470645984,0.3247290352980296,-0.05445026606321335,0.3462228861947854,0.0687595132427911,0.0025944486066388586,0.004331195106108983,0.3225802356998126,0.5213988199830055,-0.015612824819982052,0.20806998573243618,0.18942308674256006,0.24742592001954714,0.2742884062851469,0.2567874304950237,0.31909992794195813,0.14248983616319796,-0.051996203139424324,0.032984995593627296,-0.0712365781267484,0.05599833900729815
SRS2855609,0,-0.09986161254346371,-0.1435209003587564,-0.09484639546523492,-0.12628001602327762,-0.1274603195488453,-0.050641661936727665,-0.01071582113703092,-0.08774787684281667,-0.05177369217077891,0.10647126225133736,-0.059267292420069374,-0.08021357872833808,-0.00805714726448059,-0.08710410663237174,-0.11503133177757263,-0.14765015865365663,-0.11340353389581044,-0.08997651027554336,0.2230541780591011,-0.08127498378356297,0.15357659508784613,0.08085043728351593,0.027079011003176372,0.10569260269403458,0.014170258616407713,-0.07639485100905101,-0.07326681430762012,-0.049973644937078156,0.00575157751639684,0.051730889827013016,0.21401171510418257,-0.08607566791276137,-0.007517489022575319,0.14759610841671625,0.09150565446664889,0.24110944817463556,0.23972508497536182,0.24551905629535517,0.3789691651860873,0.1272959584991137,0.11153852908561628,0.22443161408106485,0.5814782157540321,0.1893309603134791,0.36737725759545964,-0.0022625836233297982,0.374786460151275,0.05813236782948176,0.1090716856221358,-0.049577305714289345,0.28779039283593494,0.6913016997277737,0.10269090160727501,0.27802339382469654,0.5391989822189013,0.32923198863863945,0.33519786844650906,0.36094310507178307,0.30752841010689735,0.1276555359363556,-0.0169603464504083,-0.008441049295167128,-0.04653438848132888,0.21444275478521982
SRS2855610,1,-0.013545234377185503,-0.09010837782019128,-0.10970512063552935,-0.1317588829745849,-0.12349529440204303,-0.06074396038214521,0.03855598717927933,-0.06480449189742406,-0.1187278072660168,0.17089174905170998,-0.09964468578497569,-0.0859215355788668,0.07341761017839114,-0.10068824390570323,-0.14175064861774445,0.02836778884132703,-0.08735928063591321,-0.11204292221615712,0.34939363102118176,0.017217541113495827,0.106172992537419,0.11630677276601394,-0.0582505464553833,0.3346370339083175,0.21414473528663316,0.058521587401628494,-0.05173205956816673,0.14003515740235647,-0.024933045729994774,-0.018468671167890232,0.4406140943368276,0.013080830996235212,-0.0118987964039358,0.05866540471712748,0.11097228402892749,0.05713765198985735,0.2651614136993885,0.21415157232695492,0.041567740961909294,0.09653008387734492,0.05522984266281128,0.0835778738061587,0.1699146144092083,0.11135902317861716,0.24951563030481339,-0.014488706675668558,0.4124195786813895,0.10118591645732522,-0.08580333118637402,-0.02780882641673088,0.21368148798743883,0.44284352210039896,0.015067053182671467,0.1539880409836769,0.21684633443752924,0.16738278977572918,0.14177621652682623,0.240724366158247,0.27077076956629753,0.13903590540091196,-0.0735711765786012,0.02309318259358406,-0.014489608506361643,0.0412901962796847
SRS2855614,1,-0.001410410429040591,-0.10396197500328223,-0.09956613555550575,-0.09995794265220563,-0.1466441129644712,-0.018172657830291428,-0.05494796050091585,-0.09464199716846149,-0.07766219725211461,0.08909056498669088,-0.07736438512802124,-0.077761166729033,0.03048078785650432,-0.06994599848985672,-0.05147273341814677,0.01491653174161911,-0.13534067074457803,-0.07933965651318431,0.3286903941382964,-0.0664911688460658,0.17145944883426031,0.1243484749769171,-0.04286929592490196,0.16649433970451355,0.09937023123105367,0.12976628666122755,-0.045895665884017944,-0.013703729957342148,-0.03040941432118416,0.11867604870349169,0.4189758946498235,-0.0662550488486886,0.1665411585321029,0.14792036172002554,0.10354569430152576,0.264823538561662,0.3091298850874106,0.4716915215055148,0.2904964679231246,0.15565082555015883,0.1525854617357254,0.16145277892549834,0.324066790441672,0.2302257655962118,0.5501198135316372,0.0867643803358078,0.5605997924382488,0.3402014480282863,0.08076219974706571,0.06842990467945735,0.4134604611123602,0.9585164959232012,0.16501676912109056,0.41626610855261487,0.709953868140777,0.49508154795815545,0.522151492536068,0.5880291735132536,0.7484128425518671,0.5397870776553949,0.14557429061581692,0.3246374266843001,0.19632814700404802,0.3869386700292428
SRS2855615,1,-0.07054801595707734,-0.042577688271800675,-0.05962406129886707,-0.07453507247070472,-0.10050947808971007,-0.09746326652627128,-0.0957923565680782,-0.10340774866441886,0.016015895331899326,-0.12834710103925318,-0.10453203568855922,-0.07137404258052508,-0.0810637497343123,-0.07486040626342098,0.00914046447724104,-0.09734703305487831,-0.10715976202239592,-0.053667621376613774,0.11144416459137574,-0.1318089204529921,0.2565408783654372,0.01625681406100436,-0.008169703806440035,0.09487604854318003,-0.13352974131703377,-0.05035175383090973,-0.04444800317287445,0.01082682330161333,0.013963552812735239,0.5621445323340595,0.38809557841159403,0.20882107922807336,0.7693216198434433,0.4126657222708066,0.4251978061317156,0.596068749204278,0.9015831761062145,0.6704340462262431,1.0284472182393074,0.8843260817229748,0.8106785404185454,0.5511080749953786,1.6118557825684547,0.7404449613144001,1.009708248078823,0.8413786242405573,0.9668451823915044,1.0689755606775482,0.8051530842979749,0.9532458099226157,0.5092198314766089,1.7858900080124538,0.5243922683099905,0.8006671471521258,1.7260821107774973,1.2055711634457111,1.7061039224111785,1.0138622882465522,1.1801835969090462,1.098341353237629,0.7214234471321106,1.152981451402108,1.1894932674864929,1.5820709097509582
SRS2855616,1,-0.09076894012590249,0.08379456338783105,-0.057133173647647105,-0.09056562588860591,-0.12493591445187728,-0.11696544036143071,-0.02862330029408137,0.00424106124167641,-0.12117291521281004,-0.00016194147368272146,-0.13406545793016753,-0.10534887326260407,0.06514411047101021,-0.02536077502494057,-0.019707373964289825,-0.0023869501116375127,-0.11489453973869483,0.10897453936437766,0.31277576088905334,-0.08799974775562684,0.16917711993058523,0.20829688012599945,-0.08816127444151789,0.2370515336127331,0.03608662883440653,0.2672843113541603,-0.07170049411555131,-0.04042679362464696,-0.057390760630369186,0.045314888159434,0.3041435685008764,0.14369539295633635,0.31292850400010747,0.2023811787366867,0.18355100912352404,0.16311351985981068,0.5674075627078613,0.31518545374274254,0.41342725697904825,0.15501162285606065,0.24096154669920603,0.16720130915443102,0.6316047025223573,0.21714799851179123,0.7704379719992479,0.002967671180764834,0.3155331763749321,0.39060010202229023,0.2446573997537295,0.12815245473757386,0.3424513104061286,0.573227888594071,0.14245170300515989,0.13215540504703918,0.44082058407366276,0.3917090029766162,0.31900715207060176,0.5234800179799398,0.5673457955320677,0.34188568343718845,0.16512979473918676,0.28048884496092796,0.24877231319745383,0.32562190511574346
SRS2855617,1,-0.10202310234308243,-0.09664113633334637,-0.07948324829339981,-0.12394396960735321,-0.1468173861503601,-0.06076681718695909,-0.00016176452239354452,-0.13886045664548874,-0.06122361868619919,-0.040834090361992516,-0.06672896693150203,-0.09911332403620084,-0.02402070288856824,-0.08627917943522334,-0.09321650738517444,-0.14511245861649513,-0.13321274891495705,-0.07479422415296237,0.25464244931936264,-0.1323839413623015,0.16370333234469095,0.10239378036931157,0.022124612083037693,0.012077199605604013,-0.0965600311756134,-0.057511999582250915,-0.074500755717357,0.03002951666712761,-0.03725167984763781,0.2694928490867217,0.36996853227416676,0.012986222902933756,0.3774924275154869,0.19836193323135376,0.13274343311786652,0.3596311869720618,0.3814515123764674,0.5141029233733813,0.4804407427242647,0.32640468205014866,0.31617296238740283,0.2747715365452071,0.7542410894917945,0.3308330724636714,0.5972740426659584,0.20010369519392648,0.5006707324646413,0.4239433115969102,0.31325368319327634,0.2706822566688061,0.3387579054882129,1.0351950637996197,0.17844741977751255,0.3129361673879127,0.9320259739955267,0.5426596136142811,0.8210602390269438,0.4418282254288594,0.5230652590592703,0.5762023838857809,0.33263279404491186,0.26992956083267927,0.3758733632663886,0.5130029916763306
SRS2855618,1,-0.08665740583091974,-0.04478411159167687,-0.07696407947999735,-0.05893590363363425,-0.1152370631073912,-0.1177669322642032,-0.06898861440519492,-0.11183029009650151,-0.03281811811029911,-0.135773469650303,-0.10448129071543615,-0.07203899153197806,-0.04530478206773599,-0.05997420785327753,0.06625129655003548,-0.09419931036730607,-0.11027803768714269,-0.07890419475734234,0.20415666215315773,-0.0973807517439127,0.23552433215081692,0.04879298674253126,-0.08725528543194135,0.1610959069803357,-0.1341298371553421,-0.02762750070542097,-0.004617976412797968,0.11952322473128636,-0.0695859044790268,0.4671506060597797,0.415002782518665,0.22967766846219698,0.842751257121563,0.33943786347905797,0.421372649880747,0.39873976819217205,0.8449173271656036,0.6283302841087183,0.9630409767851233,0.7797144943227371,0.7897011637687683,0.4604043246557315,1.5317189407845337,0.6935086883604527,0.9776721501257271,0.7485629220803579,1.0365346317800384,1.022004034370184,0.5923413280397654,0.8246302306652069,0.5212331178287665,1.5437885746359825,0.5141691341996193,0.7337619711955389,1.5861850107709567,1.0679756999015808,1.5141567811369896,0.8761764569208026,1.0697677706678708,1.0575906137625377,0.5471929920216402,0.9642016999423504,1.0418188553691532,1.3560274752477806
SRS2855620,0,-0.08160673190529148,-0.1434343842168649,-0.09940925752744079,-0.0777578167617321,-0.1401245966553688,0.035994731762912124,-0.02132715843617916,-0.10560131010909875,-0.05263109629352888,0.10257814964279532,-0.01390485092997551,-0.08309519197791815,0.02880854221681754,-0.09694811484465997,-0.03983615587155024,-0.09877038250366847,-0.11526541908582051,-0.08560406106213729,0.27229907736182213,-0.07387429693092902,0.12970797096689543,0.09174327435903251,0.0280882241204381,0.07571623226006825,0.041184386083235346,-0.02184345559605087,-0.07097684157391389,-0.06794448693593343,0.0036563786367575326,0.09833005452916647,0.30253226806720096,-0.09623100298146407,-0.0073382168387373286,0.14832506080468497,0.07731106349577506,0.2761550384263198,0.17827153826753298,0.284882331887881,0.358815794189771,0.09391238664587338,0.09254814948265751,0.15956234062711397,0.3432786936561267,0.16960537930329642,0.46511470153927803,0.09704036265611649,0.47161748819053173,0.1690250262618065,0.0837644354129831,-0.0050523219009240465,0.3578894954795639,0.8447451007862886,0.12950046608845392,0.4533504496018092,0.6861613815029463,0.42954183649271727,0.45979988838856417,0.5564519266287485,0.5301496926695108,0.4325219343105952,0.0359655749052763,0.19532860970745483,0.016452085847655933,0.3251212735970815
SRS2855621,0,-0.059564175705115,0.018986901889244717,-0.10589017160236835,-0.1053445724149545,-0.13248411566019058,-0.07617952462290607,-0.0444188117980957,-0.12795767188072205,-0.08921015759309132,0.09004334630056594,-0.08289361683030923,-0.04549899619693557,0.08813735842704773,-0.024310115026310086,-0.06906121379385392,-0.09776688273996115,-0.1097462420972685,-0.0861689035470287,0.3536647823639214,-0.1286984228839477,0.19993455335497856,0.07760949339717627,-0.02267626238365968,0.21001241356134415,0.06455207491914432,0.10646478707591693,-0.08023485230902831,0.01342819289614757,-0.0506215567390124,0.18351721670478582,0.4094370237241189,0.00792698779453834,0.22986148220176497,0.21336125954985619,0.14381711774816117,0.24216211369882026,0.34371398265163106,0.453908604880174,0.4624969717115164,0.33587192790582776,0.2870253883302212,0.2533862218260765,0.5322237871587276,0.29400593663255375,0.6490616599718729,0.2679660841822624,0.654964119506379,0.6135159496528407,0.1845420002937317,0.07035589668278892,0.4117869307907919,1.141813127944867,0.32422654346252483,0.5660926843993366,0.806560097883145,0.658034602801005,0.7143084978063902,0.7401658029605945,0.8432762992257873,0.6688865845402082,0.2566096028313041,0.4694878359635671,0.2968720644712448,0.6422575687368711
SRS2855622,1,-0.07782204356044531,-0.11972710738579433,-0.06899272402127583,-0.10605886050810416,-0.14443316186467806,-0.0650954446925122,-0.0641904982427756,-0.1402011699974537,-0.019420965264240902,-0.05983512270419548,-0.0800102526942889,-0.06782296703507502,-0.0035015294949213662,-0.0825457931496203,-0.050135185942053795,-0.13202951413889727,-0.12384777640302976,-0.07857360558894773,0.2482048918803533,-0.15405810872713724,0.18181525419155756,0.06889636348932981,-0.020487446648379166,0.010559982309738794,-0.08210925199091434,-0.02446688214937846,-0.07889655667046706,-0.02986725668112437,-0.0013826472374300163,0.28319366043433547,0.35100333330531913,0.027618416274587314,0.3357257943910857,0.3044753521680832,0.15636707834588984,0.369102622071902,0.5189040351348618,0.48556865751743317,0.6100394564370314,0.359901811927557,0.45475997279087704,0.2675260206063588,0.8401513972785324,0.3998691278199355,0.7119207667807738,0.27598685181389254,0.6373624022429188,0.5284091619153818,0.38806150869155925,0.2847889189918836,0.4266904865701993,1.313623532652855,0.18403476725021997,0.5249921636035045,1.0908327711125214,0.7389449930439392,0.9570866264402866,0.7724834851299723,0.9153834029566497,0.8186257020570338,0.38540833815932274,0.5378936380147934,0.503151711076498,0.8763463894526163
SRS2855623,0,-0.09179724442462127,-0.14190480733911195,-0.09878435389449199,-0.11663738762338956,-0.11178406824668248,0.026278863428160548,0.015819941957791645,-0.08905563627680142,-0.05801097924510638,0.14923348215719065,-0.018204569816589355,-0.08866522212823232,0.02662916916112105,-0.10410573442156117,-0.08166860913236935,-0.10186731194456418,-0.1005888357758522,-0.08962744039793809,0.24187984317541122,-0.02362996417408188,0.1131703866024812,0.08172518868620197,0.005695709337790807,0.13982845718661943,0.08866235916502774,-0.05931052379310131,-0.06973128238071997,-0.03492975855867068,0.003295689821243286,0.038465683038036026,0.30415020572642487,-0.09216141017774741,-0.048507275098624326,0.08460576459765434,0.07506735747059186,0.23287598167856535,0.126846332103014,0.21504926681518555,0.20120184496045113,0.05515579879283905,0.05820488619307677,0.11730390166242917,0.3272198463479678,0.11811063562830289,0.3665486299432814,0.054364641507466636,0.40830738842487335,0.04399282609423002,0.05595547209183375,-0.044771695509552956,0.32679303114612895,0.658606942743063,0.0449002409974734,0.3272855120400588,0.4955292996019125,0.3181943320669234,0.3760370750290652,0.362569152067105,0.3539479828129212,0.1834923680871725,-0.01505495049059391,0.0660842793683211,-0.04846459502975146,0.15133975756665072
SRS2855624,0,-0.07295164838433266,-0.07330569376548131,-0.10167446173727512,-0.10464454938968022,-0.15250798563162485,-0.08369476850324038,-0.06512480353315671,-0.11369347137709458,-0.0692225309709708,0.11061073866828035,-0.05064780389269193,-0.06430190460135539,0.08341583920021851,-0.046790425200015306,-0.08676781319081783,-0.06018213974311948,-0.11635098947832982,-0.0771953899723788,0.2760352361947298,-0.1193963997066021,0.11871689806381862,0.15552735390762487,-0.07962570463617642,0.20509677131970724,0.04398542270064354,0.09760281567772229,-0.07994703094785412,-0.022923801715175312,-0.06336106111605962,0.13151207690437636,0.3447137363255024,-0.045518110428626336,0.15191906690597534,0.1770022572018206,0.11358318532196184,0.2965906374156475,0.30747576461484033,0.4859423985083898,0.3066208848419289,0.2123251703257362,0.21713433787226677,0.15184799333413443,0.3908894310394923,0.2290002771963676,0.5017744650443395,0.19829205920298895,0.5999076298127571,0.4263060052568714,0.10807718360592844,-0.009313572198152542,0.43210008135065436,1.0214095376431942,0.21302171051502228,0.41661746442938846,0.6771091657380263,0.5485347579233348,0.49493732023984194,0.6174855021138986,0.7619562645753225,0.6289681267614166,0.11742345926662286,0.3578031584620476,0.1618663345774015,0.49807793522874516
SRS2855625,0,-0.05471103157227238,-0.05660045985132456,-0.0683303214609623,-0.10552990312377612,-0.11305444656560819,-0.09792949169423082,-0.0924473541478316,-0.12307583851118882,-0.009368168811003367,-0.043349858024157584,-0.08215913114448388,-0.048214469415446125,-0.02710780097792546,-0.06953677787290265,-0.048314359659949936,-0.10711142234504223,-0.10968067217618227,-0.05889361662169298,0.20307002744326988,-0.13955788190166155,0.2158032444616159,0.10820294474251568,-0.007786410550276439,0.12551196912924448,-0.09748569751779239,-0.04808159420887629,-0.11357077462404656,-0.02508692815899849,-0.015402358025312424,0.31316155195236206,0.37341770219306153,0.009318201492230097,0.4684919094045957,0.22630289445320764,0.258958394639194,0.37048128619790077,0.5046432539820671,0.5435508253673712,0.6341403811626757,0.6285404736797015,0.567108099659284,0.36868668099244434,0.9974246037503084,0.5430047381669283,0.6263459200660387,0.4097033813595772,0.7358972579240799,0.6267318672810992,0.4788432661443949,0.4946877794961135,0.48999816303451854,1.4234914879004161,0.34108944920202094,0.6376235404362282,1.213515117764473,0.7973354328423738,1.1441916202505429,0.7144975711901983,0.8097957273324331,0.676601491170004,0.4435343926306814,0.5759445621321598,0.6060024797916412,0.9055209308862686
SRS2855626,0,-0.003413740855952104,-0.09225322554508845,-0.11768874960641067,-0.12403084586064021,-0.1286830964187781,0.024117691384162754,-0.006052996963262558,-0.07302545996693273,-0.09919748579462369,0.1081841482858484,-0.040450764199097954,-0.07690421243508656,0.09288837015628815,-0.09033422560120623,-0.09310893372943004,0.022102578232685726,-0.08431769534945488,-0.0918736996439596,0.44291943063338596,-0.1012494092186292,0.11245404121776421,0.13014866209899387,-0.0357794805119435,0.27199510981639224,0.17504532213206403,0.09926982534428437,-0.019979433466990788,-0.025933765495816868,-0.06215935821334521,0.03072036150842905,0.3176644593477249,-0.07388129271566868,0.1286185230128467,0.13646511423091093,0.041553413650641836,0.17702606972306967,0.2754254781951507,0.3261597082018852,0.27500229080518085,0.011326140568902096,0.0824402558306853,0.12123717119296391,0.24487831071019173,0.21756992489099503,0.5287731910745302,0.1731253837545713,0.5637336832781633,0.36220961064100266,0.03847407929909726,-0.012609910840789476,0.4673382767165701,0.8974144558111826,0.1469923504628241,0.4964190466950337,0.596175474425157,0.47564032177130383,0.3880972775320212,0.696088295429945,0.750360801195105,0.5530199905236562,0.07276565829912822,0.4021679647266865,0.08624969189986587,0.4247334096580744
SRS2855633,0,-0.06031472748145461,0.08054278418421745,-0.09443889744579792,-0.08915199572220445,-0.10032651138802369,-0.08531735085246812,-0.06893964360157649,-0.1077488533531626,-0.1009183091421922,0.07951921767865618,-0.10663473668197791,-0.04931207986858984,0.04419951948026816,-0.014933677681256086,-0.05098626483231783,-0.09469657701750596,-0.09923883310208718,-0.07995135457410167,0.2728337279210488,-0.11241577565670013,0.19276932130257288,0.1598480890194575,-0.04491962119936943,0.2378934696316719,0.03380625198284785,0.06532873399555683,-0.14176709577441216,-0.013262538860241571,-0.04031158238649368,0.13336861055965224,0.3807451718797286,0.07848210943241914,0.2083026271526857,0.16951610489437977,0.16004686057567596,0.1959211863577366,0.40004398052891094,0.44454943388700485,0.4908720677097638,0.4767363928258419,0.3333297943075498,0.23535891870657602,0.6238699834793806,0.3876468725502491,0.6476135502258936,0.22791034852464995,0.5452907485887408,0.6132692890241742,0.1973185643243293,0.10746244341135025,0.33015017211437225,1.0668489274879296,0.2969263948034495,0.5314402166598787,0.6759917524953684,0.5345775882403055,0.6614197740952173,0.6222317013889551,0.75168069327871,0.4944581960638364,0.3467661688725154,0.47129953900973004,0.3886292353272438,0.617637729893128
SRS2855635,0,-0.07274093106389046,-0.010644549503922462,-0.09435390867292881,-0.10304328675071399,-0.15315215786298117,-0.09156681013413011,-0.046393233661850296,-0.12483854560802381,-0.08123143513997395,0.05685123429672482,-0.04552260537942251,-0.0452386432637771,0.0494343185176452,-0.05986494353661934,-0.0939694435025255,-0.0879677797978123,-0.10668061580508947,-0.08035280299372971,0.2640130960692962,-0.11758256765703361,0.1462383195757866,0.162236167738835,-0.07560601954658826,0.208534628773729,0.04514225820700327,0.11049379780888557,-0.1094273750980695,-0.003151639054218928,-0.05516064912080765,0.1430761351560553,0.3915482989201943,-0.004226931370794773,0.24623351792494455,0.22047635560738854,0.16147328851123652,0.2876747443030278,0.3386440649628639,0.5460693327089151,0.3281542044132948,0.35102999458710354,0.26716628670692444,0.20243953230480352,0.5411160212631027,0.3087268490344286,0.49656128138303757,0.27224868163466454,0.7080939598381519,0.5759058070058624,0.10539097152650356,0.0880064545199275,0.4258694980914394,1.1183419041335583,0.3049774356962492,0.4733343864791095,0.8234847237666448,0.6278604021451125,0.6708251858750979,0.7132729043563207,0.776968888938427,0.711773824878037,0.22155477603276572,0.5324163337548574,0.2595796538516879,0.6540313549339771
SRS2855636,0,-0.057091415859758854,-0.12586852287252745,-0.09382458869367838,-0.08496112873156865,-0.12378096021711826,0.05561150268961986,0.03727778935960183,-0.026775960500041645,-0.04398239857982844,0.13198245440920195,-0.023994360739986103,-0.09867175264904897,0.03680840792367235,-0.1099770566385511,-0.021070236961046856,0.00693730761607488,-0.11776404548436403,-0.10028228846689065,0.2754664979875088,0.06626746182640393,0.09069780260324478,0.13077939798434576,-0.031912939002116524,0.16735464099353217,0.16492922883480787,0.024813042332728703,-0.016060012703140576,-0.02464693784713745,-0.00936000794172287,0.07955926811943452,0.37748206468919915,-0.09005110904884835,-0.02651466305057208,0.07117646932601929,0.045035803069671,0.23008454389249286,0.11213097597161929,0.25377245744069415,0.18216504653294882,-0.010176716682811579,0.021462196949869394,0.04581012080113093,0.11627926134193937,0.06608759549756844,0.371352043778946,-0.0744648886223634,0.31858170839647454,0.1109983716160059,0.011828921735286713,-0.03666269841293494,0.2618850680689017,0.5097535029053688,0.05663769754270712,0.2113712914288044,0.40735936009635526,0.26342309390505153,0.22531026566866785,0.23132839798927307,0.27316747419536114,0.21952830363685885,-0.03610525714854399,0.018776000787814457,-0.08167413622140884,0.0631104726344347
SRS2855637,0,-0.07909893772254388,-0.06903399899601936,-0.09427933643261592,-0.10861543193459511,-0.1505717672407627,-0.08896437319102309,-0.06693557649850845,-0.13266561180353165,-0.046941619366407394,0.08526808306730042,-0.08472435797254245,-0.05836193744714061,0.05774137998620669,-0.07283119207325701,-0.07373083010315895,-0.08152620618542035,-0.12246362150957187,-0.0912538959334294,0.2543522681420048,-0.11784311209339648,0.12170566866795222,0.10645058068136375,-0.061787749330202736,0.1407212254901727,0.012490682303905487,0.021338111410538357,-0.0985408325990041,0.005942245324452718,-0.035831122348705925,0.1972444693868359,0.3792115959028403,-0.01651977045306315,0.16572529450058937,0.17506025359034538,0.16200266281763712,0.2558647890885671,0.34817107177029055,0.4709711621205012,0.32717298716306686,0.3087137093146642,0.29282203565041226,0.19249237949649492,0.47884325915947556,0.22171419478642443,0.45453358441591263,0.19750504568219185,0.6116596879437566,0.4330816532795628,0.1389251883762578,0.05434142410134276,0.394154293074583,1.0062792599201202,0.2486573342854778,0.4162436767170827,0.7611436744530996,0.5374156211813291,0.557085977246364,0.6176410901049773,0.6809007379536828,0.5790936015546322,0.1758133243614187,0.34081733226776123,0.1893401729563872,0.5289862056573232
SRS2855638,0,-0.07493190870930751,-0.12100955098867416,-0.10812236648052931,-0.12473137304186821,-0.1384960599243641,-0.030232528117873397,-0.06298292117814223,-0.14306709046165147,-0.058829810470342636,0.0582459185194845,-0.060306926568349205,-0.06777852401137352,0.01621001462141673,-0.08729118357102077,-0.0762389786541462,-0.1320256988207499,-0.10578090511262417,-0.07955949349949758,0.22440755243102709,-0.1397911806901296,0.1326911635696888,0.05449806603913506,0.06252023593212168,0.05698713336217528,0.02446971895794074,-0.05062321914980809,-0.10496826345721881,-0.04809293026725451,0.013585036620497704,0.12590877898037434,0.2658924905893703,-0.049245027204354606,0.08534046572943528,0.24396117900808653,0.1119218001452585,0.26928652822971344,0.31728726470222074,0.28703716148932773,0.47172413021326065,0.2286639337738355,0.19824674725532532,0.2724950884779294,0.5992401738961538,0.246884665141503,0.5440940906604131,0.19364345570405325,0.5139481636385123,0.2750961631536484,0.23446926685574,0.029540117209156353,0.38511948349575204,1.051005692531665,0.14636400373031697,0.5931215845048428,0.7650650764505068,0.5810872004367411,0.6702994300673405,0.7471822636822859,0.7243706782658895,0.5397729460770885,0.22541581746190786,0.3389449268579483,0.2248591110110283,0.5980204244454702
SRS2855639,0,-0.0702827296530207,-0.1507697875301043,-0.10687639471143484,-0.13084928505122662,-0.14051483571529388,-0.012943048946908675,-0.02034509430329005,-0.07882512857516606,-0.062193198750416435,0.13103950954973698,-0.043538741767406464,-0.09050481719896197,-0.009688907846187552,-0.09568592448097964,-0.1014803492774566,-0.05894825731714567,-0.11371129378676414,-0.0705476423803096,0.2481243796646595,-0.033087221905589104,0.13072949772079787,0.0701919070755442,0.00903810312350591,0.14624390502770743,0.11454645171761513,-0.03276836375395457,-0.07008993377288182,-0.010311630244056383,0.04622579738497734,0.09822941261033218,0.32465559616684914,-0.09971628400186698,-0.040712456044275314,0.19399816542863846,0.06783797409540664,0.23582583479583263,0.20243664210041365,0.28352876504262287,0.2872604066506028,0.09251943603157997,0.0548098050057888,0.19200050830841064,0.4257204383611679,0.1477480630079905,0.40629511574904126,0.05701326330502828,0.48791322732965153,0.18000595985601345,0.08025451252857844,-0.028168488604327042,0.33610726054757833,0.7667979349692663,0.14016889780759811,0.3999605756253004,0.6201361212879419,0.35789385220656794,0.3784203765292962,0.495348143701752,0.4841689815123876,0.25940191249052685,0.022642911101380985,0.09477383581300576,0.00411080631117026,0.20013786355654398
SRS2855640,0,-0.01044273329898715,-0.122114355986317,-0.09652572156240542,-0.11306213835875194,-0.12146656960248947,0.04931187288214763,0.029364497711261112,-0.032315036902825035,-0.06438300510247548,0.19218173840393624,-0.02253224638601144,-0.06984419096261263,0.073069916650032,-0.1006179607162873,-0.09404695903261502,0.12378074849645297,-0.10000946496923764,-0.09503152097264926,0.35354968160390854,0.007205520135660966,0.12471103792389233,0.16940710321068764,-0.05955136939883232,0.24416213482618332,0.2572279773788371,-0.004586567869409919,-0.08077538308377068,-0.012372570733229319,-0.020560065905253094,0.02871124849965175,0.38352577295154333,-0.08884256953994434,-0.000565610205133756,0.03743845596909523,0.1245448876482745,0.06425414358576138,0.14153583498167185,0.2067915623386701,0.009711561103661856,0.00038732029497623444,0.07426085695624352,0.024426251649856567,0.040175444136063256,0.08235021556417148,0.32631586243708927,-0.02139511952797572,0.3937712920208772,0.0815714132040739,0.020390496278802555,0.011073462665081024,0.3470756411552429,0.5507184229791164,-0.008884582668542862,0.2581741437315941,0.2358248814319571,0.2805290160079797,0.1748108002357185,0.3337046230832736,0.38502616435289383,0.19538281112909317,-0.04445386646936337,0.10830085414151351,-0.05117411042253176,0.10990771527091663
SRS2855641,0,-0.07636814409246047,-0.048166184375683464,-0.08149622939527035,-0.10401178523898125,-0.13435119731972614,-0.08664139151551353,-0.004256905987858772,-0.12947312028457722,-0.07969025025765102,0.0676333555020392,-0.03565501545866331,-0.0433498063745598,0.07169364020228386,-0.08030006211871903,-0.12366521855195363,-0.09079006748894851,-0.08169087464921176,-0.09643339777054886,0.353159223527958,-0.11959937711556752,0.1717984185864528,0.107232632736365,-0.009050247569878897,0.17667138949036598,0.05497687434156736,0.05240061680524377,-0.08622605252700548,0.04746365391959747,-0.0839208463827769,0.07721959240734577,0.3833767763959865,-0.052481881653269134,0.1803411114475845,0.19007888933022818,0.08572787543137868,0.24579597761233649,0.3388804147640864,0.38277773186564445,0.31293329782783985,0.2609297496577104,0.22352908551692963,0.20638233795762062,0.513282185109953,0.22082391629616419,0.428947314620018,0.20276855677366257,0.6772074978798628,0.4567969520576298,0.0528561087946097,0.01689828657011579,0.3820469199369351,1.0260491408407688,0.2100093214927862,0.43233554406712454,0.698647183055679,0.5917136392866572,0.6271465277920166,0.6803148286417127,0.7033975676943859,0.5845745205879211,0.12475281115621328,0.39327525347471237,0.17757947215189537,0.5953982000549635
SRS2855642,0,-0.07381275591130058,-0.020288898299137752,-0.10225970732669036,-0.0781156321366628,-0.15394985924164453,-0.08052807213425694,-0.037867265132566295,-0.13337502566476664,-0.05696285764376322,0.06639784227202956,-0.0668536126613617,-0.04422297887504101,0.07343789748847485,-0.03843944612890482,-0.026347218848362292,-0.12084755736092727,-0.11844913785656293,-0.07251926263173421,0.32749387916798395,-0.14039346451560655,0.12178140133619308,0.09632221019516389,-0.05811736981074015,0.20214062463492155,0.008717512091000875,0.061074415842692055,-0.06265701353549957,-0.011914211635788282,-0.05857079972823461,0.22465313412249088,0.3718604917327563,-0.05109385463098685,0.34185977031787235,0.2435504657526811,0.12046520652559896,0.3572297530869643,0.3242021693537633,0.5375367825229963,0.4702264927327633,0.31751831620931625,0.3575029584268729,0.22364706049362817,0.6280521911879381,0.253863412886858,0.6322397862871488,0.2529230007591347,0.6844875644892454,0.5817253830997894,0.23522299776474634,0.15652848702544966,0.49396670547624427,1.163338776677847,0.33484004453445476,0.5366226903473338,0.9090612456202507,0.7195349037647247,0.8394455164670944,0.7571901784588894,0.9049593561018506,0.7554989717900753,0.28492987900972366,0.5233325163523356,0.3471505984974404,0.7607836797833443
SRS2855643,0,-0.06473421398550272,-0.12665442128976187,-0.10505024095376332,-0.09837096370756626,-0.1409092719356219,0.0064045364075961215,-0.0831721443682909,-0.13471725458900133,-0.0764046311378479,0.034100708668120205,-0.08607448140780131,-0.08482999478777249,0.009366128593683243,-0.07827303713808458,0.02273405094941457,-0.11320325545966625,-0.1323548915485541,-0.057821265111366905,0.21125330838064352,-0.13557442153493562,0.21296839167674383,0.1421752516956379,-0.0017976202070713043,0.056758606185515724,-0.010025794307390848,0.04192305915057659,-0.03451874479651451,-0.055746668949723244,-0.006796581049760182,0.2511624682229012,0.309037151436011,-0.039335405764480434,0.2938422442724307,0.22886634742220244,0.08609514023798208,0.3231605961918831,0.353251904870073,0.5574273529152075,0.5358711341395974,0.2880828579266866,0.30953504145145416,0.18051506454745928,0.509590556883874,0.375301502024134,0.8225727081298828,0.26649637013906613,0.5400722740838925,0.4483181045701106,0.3278802161415418,0.19079964576909939,0.4747286221633355,1.1863031374911468,0.2174505532408754,0.5705981287173927,0.9735918485869964,0.7193263859177629,0.7456299078961214,0.7382835534711679,0.9147881778577963,0.7524594192703565,0.3388972558702032,0.4953088288505872,0.37881599615017575,0.6663390224178632
SRS2855645,0,-0.07296509730319183,-0.13621404394507408,-0.10791982275744279,-0.1215724532182018,-0.14580090840657553,-0.024617877226167668,-0.05922671717902025,-0.11533680806557338,-0.07912488157550494,0.07132415326001744,-0.0576052355269591,-0.07716397770370047,0.02064650629957517,-0.09175556929161151,-0.08683768163124721,-0.10763670907666285,-0.11259099716941516,-0.08127445184315245,0.3167899887387951,-0.10646944927672546,0.16204272707303366,0.10831159477432568,0.02366737090051174,0.0992999201019605,0.03854914506276449,-0.03713034295166532,-0.07088959449902177,-0.035907543070303895,-0.015959058577815693,0.07818523608148098,0.3223218346635501,-0.06362433296938737,0.01923847384750843,0.19816172992189726,0.06399273096273343,0.2635865931709607,0.26822686071197194,0.3754374738782644,0.3940528631210327,0.1702597737312317,0.05811728288729986,0.21484598827858767,0.5551819913089275,0.249144417544206,0.43573330094416934,0.0929027075568835,0.596359450990955,0.272767126870652,0.05020289352008452,0.013392689327398935,0.30960062208275,0.8894516701499621,0.2086779234620432,0.5033261663435648,0.7485103396077951,0.41289742073665064,0.46354384161531925,0.49685849047576386,0.5512325912714005,0.40319162607192993,0.08635841682553291,0.14722311745087305,0.09295532510926326,0.29776762674252194
SRS2855646,0,-0.042976754096647106,-0.039187474797169365,-0.10837369039654732,-0.13155591984589896,-0.11902383528649807,-0.02741225611437888,0.028047550469636917,-0.11814138789971669,-0.10418197388450305,0.16361981048248708,-0.07323419054349263,-0.06469897273927927,0.10525539889931679,-0.06023827660828829,-0.07987851494302352,0.004884713639815648,-0.08185039522747199,-0.0968064582751443,0.4198928078015645,-0.08243229612708092,0.1612043542166551,0.1138308768471082,-0.03147426371773084,0.1669977605342865,0.14160418262084326,0.0025174263088653484,-0.10260758347188433,0.03910278404752413,-0.06688562780618668,0.05014552113910516,0.41980998808382236,-0.03926068233946959,0.10494227893650532,0.12146725878119469,0.12031706391523282,0.1513934830824534,0.23828531615436077,0.3246718893448512,0.12378188393389185,0.1236859957377116,0.1975847159822782,0.1647920006265243,0.2651926825443904,0.14784624924262366,0.45020027707020444,0.10259007662534714,0.5929011758416891,0.34887793691207963,0.0775208156555891,0.05858481799562772,0.37536079809069633,0.7702161045745015,0.11290878911192219,0.35180299294491607,0.3727752057214578,0.39440964938451845,0.45507032237946987,0.5334471650421619,0.5995178831120332,0.42747635891040164,0.03766470340391,0.2318067861100038,0.06071982036034266,0.28838929658134776
SRS2855647,0,-0.07000799632320802,-0.14789953703681627,-0.10685911029577255,-0.10688509854177634,-0.1355243685344855,-0.013961421767210899,-0.10563849091219406,-0.13021951913833618,-0.01286169265707334,0.01735200796004695,-0.08803433800737064,-0.07909277267754078,-0.007118699451287587,-0.09722669938734423,-0.030340921754638355,-0.12003918178379536,-0.1302778497338295,-0.060937674095233284,0.12500892486423254,-0.13824201126893362,0.15910777325431505,0.05808345228433609,0.00020325851316253343,0.10689095904429753,0.012274409333864847,0.0692963363447537,-0.06091460461417834,-0.05864533316344023,0.044261383513609566,0.25943394548570115,0.25149018814166385,-0.05584504517416159,0.12343676574528217,0.2543528899550438,0.1452492505001525,0.3269719108939171,0.3147913416226705,0.4105385647465785,0.5917245099941889,0.2575812761982282,0.2122186819712321,0.1999053917825222,0.6012429992357889,0.3731805161223747,0.6938473482926687,0.25524448859505355,0.5594867054993907,0.3352988110855222,0.2954885295281808,0.05642479254553715,0.427197194347779,1.2205443532827,0.21397086535580456,0.671034622627,0.9697082862257957,0.723298500602444,0.6390397275487582,0.7575168805196881,0.8237045456965765,0.6804098015030225,0.31139548402279615,0.46913255751132965,0.35798469310005504,0.6924595149854819
SRS2855648,0,-0.035539577094217144,-0.1319391888876756,-0.10569193152089913,-0.1412165885170301,-0.12383028616507848,-0.0027669988145741322,0.055881650497516,-0.03359462569157282,-0.07336333518226941,0.1975386335204045,-0.01661851132909457,-0.08741589558000366,0.07518205419182777,-0.08513123854451503,-0.0949321798980236,0.027604758739471436,-0.10043711836139362,-0.08326610938335459,0.3249343993763129,-0.004502607509493828,0.09992756818731625,0.1391357717414697,-0.03702231620748838,0.20365177343289056,0.19907707379510006,0.014771585973600546,-0.05428170909484228,-0.03217389682928721,-0.027480251155793667,0.05336239685614904,0.3740799199634542,-0.09473670863856871,-0.010907937656156719,0.09664933375703792,0.07902071438729763,0.1545484601908053,0.15617901738733053,0.2540416258076827,0.1959127535422643,0.009055319552620253,0.04236821675052246,0.09126972096661727,0.154398866618673,0.13071997091174126,0.3586243512108922,-0.01816925158103307,0.4089620712523659,0.23152940534055233,-0.00377378116051356,-0.02309402823448181,0.318377323448658,0.6012113175044457,0.08515242021530867,0.25927271010975045,0.43012650559345883,0.28941465107103187,0.24461115260298052,0.3829415887594223,0.40705930814146996,0.24474691227078438,-0.04100630059838295,0.0742196508993705,-0.05621826027830442,0.11953368394946058
SRS2855649,0,-0.07204396929591894,0.010013644583523273,-0.06751570384949446,-0.08579079744716485,-0.08903703652322292,-0.09294108542477868,-0.1256889117260774,-0.10302414077644546,-0.021444143106540043,-0.12826618428031603,-0.09887214687963326,-0.045810533997913204,-0.0555268240471681,-0.053150418175694845,0.05587350452939669,-0.09417510715623696,-0.11531087476760149,-0.04018433392047882,0.046782905934378505,-0.08969120557109515,0.1854428582264518,0.10670676338486373,-0.09662040198842685,0.23759304701040188,-0.12651834016044936,0.028679213176170986,-0.143004077176253,0.06291998798648517,-0.01352203202744325,0.4137374895314376,0.4279201927905281,0.3010286254187425,0.4527934106687705,0.3077803701162338,0.46946400854115683,0.5104656891974931,0.8069892314573129,0.7160326987504959,0.7710548813144366,0.8347881337006887,0.6477115526795387,0.5518096586068472,1.2829510221878688,0.587020476659139,0.7817892829577128,0.5971795252213875,0.8098464123904705,0.9082188736647367,0.46244093775749207,0.6558374303082625,0.38543645044167835,1.4017721712589264,0.5172022065768639,0.5910659106448293,1.4265869682033856,0.8473262836535772,1.1362900858124096,0.7558236941695213,0.8817616179585457,0.8469725114603838,0.55408022676905,0.8064586631953716,0.8958180695772171,1.10188718761007
SRS2855650,0,-0.022752405144274235,-0.10013055863479774,-0.10346800088882446,-0.12992413466175398,-0.09672154951840639,0.04058730526594445,0.06306944539149602,-0.038817143688599266,-0.0748708825558424,0.2560173546274503,-0.005698867763082187,-0.07451899629086256,0.08433572575449944,-0.09498118044575676,-0.0835328424970309,0.10495288297533989,-0.06936465327938397,-0.10809606934587161,0.34807054077585536,0.07181115075945854,0.1081470176577568,0.13740142124394575,-0.06912381201982498,0.2994786451260249,0.2723260170314461,0.03569556213915348,-0.05163012941678365,0.0017484622076153755,-0.05457828970005115,0.009009603410959244,0.45016053318977356,-0.09195867460221052,-0.008836955530568957,0.012865020583073298,0.08309712392898898,0.1277314145117998,0.06420596378544967,0.24821074306964874,0.018096941833694775,0.00552831528087457,0.013232008243600527,0.023481399441758793,0.046260413248091936,0.026668679745246966,0.2650453820824623,-0.04594062641263008,0.4706257732274632,0.11963678027192752,-0.05470778668920199,-0.04691806808114052,0.2701154152552287,0.43888899746040505,0.04379119801645478,0.19865524396300316,0.2346706117192904,0.20823519366482893,0.11109301385780175,0.19875624775886536,0.2464450721939405,0.18912947674592337,-0.051049387703339257,0.019810785229007404,-0.08447730913758278,0.06824353833993275
SRS2855651,0,-0.07825139071792364,-0.09012164175510406,-0.0953380639354388,-0.12151739373803139,-0.11723574871818225,-0.08830756653454348,-0.0238738302141428,-0.11885281714300315,-0.09005579476555188,0.10825338866561651,-0.0648030440012614,-0.05134414400284489,0.09421418731411298,-0.055033650326853,-0.11202674793700378,-0.10329627220441277,-0.07445118017494678,-0.09007222414948046,0.314788347731034,-0.12153620459139347,0.10719652473926544,0.1284465522815784,-0.043647668013970055,0.16961438891788325,0.048269947369893394,-0.0013410455236832302,-0.09119480227430661,-0.018225411574045818,-0.06920685370763142,0.06493822112679482,0.32086246665373136,-0.029871415967742603,0.0681518860316525,0.1366715949649612,0.13779810765602937,0.21740713886295757,0.30762334167957306,0.3768796172613899,0.2728092148900032,0.2558120853888492,0.12636782477299371,0.16267484170384705,0.494105601683259,0.21902154199779034,0.3388833130399386,0.11652092511455218,0.5895785745233297,0.34925385828440386,0.006988910337289174,-0.03969807115693887,0.354845159376661,0.8613197462012371,0.15683064376935363,0.336215371164144,0.614049052198728,0.4174707814430197,0.38176681970556575,0.5128368573884169,0.5499052666127682,0.4045272519191106,0.04387876888116201,0.20495470240712166,0.08025074005126953,0.39181698610385257
SRS2855652,0,-0.0409914581105113,-0.11287578862781326,-0.11762813478708267,-0.1023244100312392,-0.15728554129600525,0.029022701550275087,-0.06301176485915978,-0.10232128575444221,-0.06459837903579076,0.1071305536897853,-0.04912812759478887,-0.08087519556283951,0.08155716458956401,-0.07019151436785857,-0.015552569180727005,-0.03776739165186882,-0.12609097423652807,-0.07649755415817101,0.321730640095969,-0.09668071195483208,0.13378521675864855,0.12364421753833692,-0.027780773118138313,0.16835523396730423,0.10516848663489024,0.05701675203939279,-0.03453062381595373,-0.056028423830866814,-0.03839415746430556,0.18649134350319704,0.38366121302048367,-0.08277277586360772,0.11224429371456306,0.1759336100270351,0.10126968170516193,0.25589509680867195,0.21720664699872336,0.40434791147708893,0.3380882143974304,0.10843758036692937,0.18041129658619562,0.14470230601727962,0.24735448400800428,0.23130497336387634,0.5848149245915314,0.1782767449816068,0.5392389195039868,0.3293358818627894,0.15553021399925152,0.03974836071332296,0.5086776750783125,0.9840855399767557,0.21601849887520075,0.5284537860037138,0.7285382909079393,0.5206177594761053,0.5182859636843204,0.6608876946071783,0.7232048449416956,0.5770145071049532,0.12036521825939417,0.33139827102422714,0.1344662100697557,0.43260542675852776
SRS2855664,0,-0.09717132601266106,-0.14875294268131256,-0.0898750675842166,-0.11801097976664703,-0.11933548686405022,0.0301981931940342,0.03948336956091225,-0.06327197266121705,-0.06917555133501689,0.12879575602710247,-0.04568750659624735,-0.09662961525221665,0.0451460313051939,-0.10481802684565385,-0.0920933944483598,-0.05501497909426689,-0.10116432917614777,-0.09044219398250182,0.24387087176243463,-0.021567422586182754,0.10179668913284938,0.08774497903262575,0.013894471029440561,0.10597786058982213,0.10038550306732456,-0.0811137780547142,-0.0807411555821697,-0.008799160520235697,0.025960147380828857,0.022987105573217075,0.294434887667497,-0.07222830069561799,-0.03255658938239018,0.1154685877263546,0.07640274008736014,0.16942614689469337,0.19280738507707915,0.1952045038342476,0.1588423634141994,0.06281213896969955,0.01351086818613112,0.08241535226504008,0.24738802885015806,0.14330308636029562,0.2975128336499135,-0.029925758639971416,0.3663333977262179,0.07781150657683611,0.021235934148232143,-0.06028506656487783,0.2049657686923941,0.565263652553161,0.05221018070975939,0.25241865031421185,0.38451049476861954,0.2817089908445875,0.3024711000422637,0.2701800465583801,0.27049280966942507,0.12525180106361708,-0.04170835266510645,-0.013518010576566061,-0.0726582370698452,0.07548653893172741
SRS2855665,0,-0.04439054988324642,-0.12135505055387814,-0.07754948797325294,-0.13920906061927477,-0.10813193023204803,-0.010043024201877415,0.08379886019974947,0.04193884879350662,-0.10003195082147916,0.2434360428402821,0.038686270515124,-0.10257242992520332,0.08147839953502019,-0.09096681699156761,-0.1120354293937756,0.1410686857998371,-0.0583096519112587,-0.09447837287249665,0.317789383387814,0.10463073042531808,0.060553272565205894,0.14917901903390884,-0.03189960246284803,0.315203116183208,0.27981227077543736,0.037240371418495975,0.0016120073075095813,-0.01602589214841525,-0.03836860631903013,-0.05807402667899927,0.4763493811090787,-0.09646182972937822,-0.03456731140613556,0.07168208807706833,0.051538980255524315,0.16216496067742506,0.10076692343379061,0.24924426525831223,0.026452398393303156,-0.01132229653497537,-0.06413320824503899,0.03736430685967207,0.04311762781192859,0.03153131529688835,0.16967144856850305,-0.11832852164904277,0.3617202981064717,0.0912379827350378,-0.0963481633613507,-0.1357532350036005,0.1653570431129386,0.3215027720531604,0.022880380662779014,0.1371048642322421,0.21440256635348,0.12643295464416346,0.03449052184199294,0.09017002334197362,0.1581194760898749,0.0715668114523093,-0.0957725355013584,-0.06606839845577876,-0.11350741858283679,-0.03297098974386851
SRS2855666,0,-0.020467463570336502,-0.13813474029302597,-0.056101639211798705,-0.09810098819434643,-0.08740736544132233,0.05080782466878494,0.08445782400667667,-0.0027404377857844033,-0.061244039330631495,0.21524635578195253,0.009186712248871723,-0.0803692489862442,0.13235058821737766,-0.10439240311582883,-0.05953204530912141,0.13238627711931863,-0.04451280025144418,-0.09938723749170701,0.3493045629002154,0.10047857215007146,0.06620377923051517,0.17487810439585397,-0.060555403431256614,0.24284720172484717,0.2574834970291704,-0.014062496523062388,-0.07284369443853696,0.016657015929619472,-0.023578792810440063,-0.020963800450166065,0.4452327862381935,-0.05718418179700772,-0.0010998165234923363,0.04833646987875303,0.09553207239756982,0.11140147224068642,0.10897657585640748,0.1896051267782847,-0.029480935307219625,0.0009625603755315145,-0.011831528196732203,-0.009094138474514088,0.004984268297751744,0.03278671080867449,0.21275885651508966,-0.13633450493216515,0.31912444392219186,0.007848463486880064,-0.06771799673636754,-0.06632524728775024,0.18040774948894978,0.2819135437409083,-0.011450889830787977,0.11823769224186738,0.11078268320610125,0.11969819354514281,0.07082607348759969,0.02532103657722473,0.1338538114602367,0.048976500848463424,-0.07948992463449638,-0.0795273557305336,-0.12227802040676276,-0.03902278716365496
SRS2855667,0,-0.024075462172428768,0.08592724629367392,-0.09676349721848965,-0.06731866051753362,-0.07370224098364513,-0.1055909426989577,-0.022150229041775066,-0.08111372403800488,-0.10149483010172844,0.18181143856296936,-0.134409143589437,-0.04413089342415333,0.11551013464728992,-0.029399014078080654,-0.05858396117885908,0.027432830383380253,-0.05663870694115758,-0.07688262702625555,0.23385936891039213,-0.03156427666544914,0.17991759876410165,0.21028085922201475,-0.10684300834933917,0.48363858213027316,0.1597525862356027,0.3251655399799347,-0.08702568709850311,0.06373583277066548,-0.040225607653458915,0.062039390206336975,0.3874348262324929,0.09998794024189313,0.11707205325365067,0.0458738257487615,0.2098106915752093,0.06585241854190826,0.3325913418084383,0.3201971302429835,0.14526911141971746,0.33568334703644115,0.1608456609149774,0.1001238152384758,0.23093546802798906,0.23886791740854582,0.2667926363646984,-0.027880323429902393,0.4878377591570218,0.3223681797583898,-0.018860366195440292,-0.08701439450184505,0.2645740161339442,0.637262216458718,0.16515303395378092,0.14768114670490226,0.24911134069164595,0.16617919877171516,0.0842372973759969,0.251900886806349,0.33895059178272885,0.16861305572092533,0.006934556799630324,0.08233823378880818,0.006848306705554326,0.12242963165044785
SRS2855668,0,-0.049895286560058594,-0.05239654518663883,-0.09913716744631529,-0.11675169070561726,-0.10014273722966512,-0.07950014608407703,0.03376420959830284,-0.07210818212479353,-0.09787207593520482,0.12889443958799043,-0.11707366880727932,-0.05368602182716131,0.0987465778986613,-0.057759623237264655,-0.11893978839119275,0.005827281624078751,-0.04959377211829027,-0.09188567117477457,0.26260708024104434,-0.06375590711832047,0.12495291667679946,0.13093035047252974,-0.012288665554175774,0.2634807887176673,0.13950595508019129,0.09536974783986807,-0.11699814101060231,0.024809736758470535,-0.03915894404053688,0.00674604003628095,0.35989370569586754,-0.030667988273004692,0.024877400913586218,0.1021006169418494,0.16097639004389444,0.15632114807764688,0.2991654934982459,0.32895976801713306,0.2156108325968186,0.17105894659956297,0.0023751106734077134,0.18431501214702925,0.364636621127526,0.206014604618152,0.2594220315416654,-0.022726982831954956,0.5645132710536321,0.2303725245098273,-0.033444625635941826,-0.05771550132582585,0.212297057112058,0.6206250339746475,0.1485085653451582,0.2822775524109602,0.4072172741095225,0.20234989809493223,0.1543231215327978,0.3001520711307724,0.3260337182631095,0.1741387334962686,-0.025320193730294704,0.03424196938673655,0.024876085420449574,0.09434236772358418
SRS2855669,0,-0.018458297320952017,-0.0983474509169658,-0.10467821049193542,-0.14271728321909904,-0.14321784923473993,-0.005188560899114236,-0.036405498161911964,-0.07720868832742174,-0.08462220057845116,0.1970114356566531,-0.07066242769360542,-0.07324483307699363,0.13713197161753973,-0.06967710455258687,-0.07816045172512531,0.041008016715447106,-0.09145600418560207,-0.05677587833876411,0.30059908082087833,-0.0728476382791996,0.16505526502927145,0.16043511716028055,-0.08086634178956349,0.22271415094534555,0.2260525537033876,0.0772858193765084,-0.07597433961927891,-0.0547809898853302,-0.0365207896878322,0.05524780477086703,0.3302641461292903,-0.03933347280447682,0.011903957153360048,0.15041226521134377,0.11733875532324116,0.10824997924889128,0.28620820865035057,0.27317720154921216,0.16402756671110788,0.03280746812621752,0.17147512237230936,0.07214290462434292,0.10776190211375554,0.29964863260587055,0.4815179457267125,0.1731437693039576,0.40812823548913,0.3457803459217151,0.10649151355028152,-0.03081154078245163,0.5686627073834339,0.8841129783540964,0.003191395701530079,0.40886064680914086,0.443029190103213,0.49285294037933153,0.3471818945060174,0.6461342473824819,0.735995621730884,0.48049606507023174,0.017248135060071945,0.23682836070656776,0.0009557409211993217,0.2897409026821454
SRS2855671,0,-0.02022807952016592,-0.08408230977753799,-0.10431678965687752,-0.12439650918046634,-0.1411373366912206,-0.03837456089240732,-0.03636076021939516,-0.10099777183495462,-0.10751447702447574,0.09810989947679143,-0.052641297380129494,-0.06897631132354339,0.09694682930906613,-0.05248008637378613,-0.10445634159259498,-0.012594804167747498,-0.10967758235832055,-0.08922436748010416,0.323519100745519,-0.09165849536657333,0.15731899968038002,0.14193260918060938,-0.05081952611605326,0.2079040209452311,0.10119244859864314,0.1137926218410333,-0.06957861377547185,-0.007538414249817531,-0.06534612302978833,0.074622659633557,0.3676616835097472,-0.053137216406563915,0.12680961346874633,0.14563669574757418,0.09579216145599882,0.18603793593744436,0.2961759455502033,0.38025426864624023,0.26478354011972743,0.1379203461110592,0.11837110544244449,0.12458390121658643,0.30265915021300316,0.246066820807755,0.4711926703651746,0.1542712797721227,0.5729112274323901,0.41571956562499207,0.02673681639134884,-0.011739600449800491,0.4194750686486562,0.9089475199580193,0.14228643927102289,0.41262652664833394,0.6001047209526101,0.4608849709232648,0.3960225072999795,0.5749736838042736,0.6714091176788012,0.5613105930387974,0.06841653150816758,0.2897742787996928,0.10840113957722981,0.3704589282472928
SRS2855672,0,-0.07550644874572754,-0.10265864059329033,-0.0917805340141058,-0.08427930483594537,-0.15135995671153069,-0.08265460536252552,-0.05511830157289902,-0.12740145375331244,-0.0385768823325634,-0.012007869256194681,-0.08017811303337415,-0.055593103325615324,0.06645433480540912,-0.06579582354364295,-0.043923780942956604,-0.12131462804973125,-0.12982320009420314,-0.07574509487797816,0.22893667950605354,-0.14625056087970734,0.12981944841643175,0.09566222756014515,-0.040372444316744804,0.16696240985766053,-0.03686617873609066,0.10766712948679924,-0.06212569400668144,-0.022083806494871776,-0.03147014478842417,0.27073923250039417,0.33212252830465633,-0.026554409104088943,0.30538954337437946,0.27392347032825154,0.14929134433623403,0.38204767803351086,0.3952882799009482,0.5937657169997692,0.5995762984578809,0.353079441934824,0.32118449608484906,0.2608535687128703,0.63292237992088,0.31177926688299823,0.728514096835473,0.3047728529199958,0.6845957745487491,0.5846070568077266,0.24285456538200378,0.16070969651142755,0.4528911194453637,1.290824583421151,0.3398374418417613,0.5771814381393293,1.0848445557057858,0.7870567695548137,0.763058666450282,0.8392739364256462,0.9255744098918512,0.8446353357285261,0.36797215541203815,0.6449446231126785,0.39789261668920517,0.8589870904882749
SRS2855681,1,-0.05176883140423646,-0.05087678196529547,-0.11083147240181764,-0.12505625809232393,-0.07465856025616328,-0.06648729297739919,0.013517562299966812,-0.09741244694062819,-0.09422674030065536,0.1287790418912967,-0.11236667697085068,-0.060475656762719154,0.05741011227170626,-0.04460866438845793,-0.11685790494084358,-0.030510639150937397,-0.07946583318213622,-0.08017527777701616,0.24960749223828316,-0.01956483783821265,0.1497170701622963,0.09470142346496384,-0.0015931427478790283,0.23129460836450258,0.10045497957617044,0.04298198347290357,-0.09224243151644866,0.04327436536550522,-0.026517583057284355,0.04296667998035749,0.34981869510374963,-0.05962294681618611,0.03567922922472159,0.10861248724783461,0.12533714870611826,0.24359634394447008,0.21185138324896494,0.28984609929223853,0.25399643431107205,0.12882737815380096,0.02831223529453079,0.25410119195779163,0.44498951733112335,0.12510002749816826,0.31177573775251705,-0.05192933976650238,0.5761844782779614,0.19746539369225502,-0.005197587112585704,-0.04024642954270045,0.2159192661444346,0.5881021730601788,0.2257337353657931,0.336922250688076,0.4293230324983597,0.2107187413300077,0.24950525040427843,0.29218262806534767,0.2697165099283059,0.13588787242770195,0.01905992068350315,0.009532713641722998,0.019053008135718603,0.10046765208244324
SRS2855682,1,0.006733506607512633,-0.12626864264408746,-0.09223034465685487,-0.11810531715552013,-0.10227052122354507,0.03862955611354361,0.04773843831693133,-0.024514053016901016,-0.074237160384655,0.20857237031062445,-0.0014983102058370907,-0.0725880553945899,0.08670007561643918,-0.1202048094322284,-0.0666863148411115,0.1498666281501452,-0.0769801636536916,-0.10034635802730918,0.32257236788670224,0.12151524083067973,0.04886226852734884,0.21711179738243422,-0.0804147757589817,0.28358632574478787,0.24159236252307892,0.03313190133000413,-0.047680348778764405,0.026004793743292492,-0.018921547879775364,-0.022971731921037037,0.44697750856479007,-0.06806307937949896,-0.01225317461648956,0.03200905956327915,0.08563642452160518,0.16840600967407227,0.08006374910473824,0.2831103851397832,-0.02771817644437154,0.020659500112136204,-0.006893234249825279,0.008135670175155004,0.02756738755851984,0.040203431621193886,0.21439754466215769,-0.13167213834822178,0.42433042203386623,0.02633823174983263,-0.06757086887955666,-0.0659642939766248,0.20832077941546837,0.32117485844840604,0.013050328474491835,0.13850456196814775,0.12922832245628038,0.09865569447477658,0.01617855050911506,-0.007888644312818846,0.1251011105875174,0.07467850297689438,-0.05444110992054144,-0.06973340486486752,-0.10840580829729636,-0.03584383800625801
SRS2855683,1,-0.08447158212463061,-0.06305505009368062,-0.08547512752314408,-0.11055758657554786,-0.15543579186002413,-0.09355270589488403,-0.062325675040483475,-0.13386650321384272,-0.07695573071638744,-0.018907272547949106,-0.061196876068909965,-0.04991248343139887,0.03573376747469107,-0.04901274914542834,-0.06864967445532481,-0.13610840340455374,-0.12385085597634315,-0.0826033791527152,0.19686384126544,-0.14224154874682426,0.18461017784041664,0.0730583604114751,-0.037016975382963814,0.08033849236865838,-0.06873592392851909,0.03802381952603658,-0.0645236757894357,-0.015071637152383724,-0.028118561953306198,0.21175494572768608,0.35056765253345173,0.031900081473092236,0.3395349122583866,0.24470104152957597,0.15603474938931564,0.41392161945501965,0.40459786959884997,0.48085691158970195,0.47667879502599436,0.39151005633175373,0.41765979925791424,0.2638819105923176,0.7785462165872256,0.2935081801066796,0.7456589688857397,0.28958024084568024,0.7658729132575294,0.5375009076669812,0.29928558816512424,0.294633603344361,0.4238003185018897,1.1917296436925728,0.24573241903757057,0.505963085219264,1.009684257209301,0.6734993010759354,0.9060698101917902,0.7465875732402006,0.8207092242470632,0.7388400658965111,0.29384526951859397,0.5354148373007774,0.4530186702807744,0.818935044730703
SRS2855684,1,-0.07893150051434834,-0.11094798396031062,-0.1026636070261399,-0.131673663854599,-0.13887104392051697,-0.0800466893221407,-0.05827071021000544,-0.10066649721314509,-0.07828877617915471,0.12617473738888899,-0.06032363946239153,-0.07571059775849183,0.01732444390654564,-0.07827744144015014,-0.11343909132604797,-0.0716243206212918,-0.10665266650418441,-0.05295912967994809,0.2176803226272265,-0.08095778524875641,0.14084909856319427,0.07423951042195161,0.005379671851793925,0.14487712209423384,0.06435004419957598,-0.0063704151737814145,-0.08526807526747386,-0.012870050966739655,-0.027166202664375305,0.05530151973168055,0.3671930090834697,-0.057663945481181145,0.0005466782798369726,0.1945804034670194,0.12497578964879115,0.2836434046427409,0.26097342434028786,0.36190659180283546,0.27210472399989766,0.18494928379853567,0.06248770902554194,0.18895650499810776,0.43205591787894565,0.17595613996187845,0.3748978413641453,0.10898133243123691,0.5007780274997155,0.21674901495377222,0.034336152176062264,-0.05829836141007642,0.30882905222824775,0.8433402273803949,0.16106790894021591,0.3953024346070985,0.6298917774111032,0.41986852907575667,0.37965725812440115,0.4946236213048299,0.5203843129177889,0.36287931849559146,0.05997544682274262,0.15570331116517386,0.05940745258703828,0.2863385279973348
SRS2855685,1,-0.09402783370266359,0.10542728193104267,-0.09960018765802185,-0.08383058446149032,-0.1140469101568063,-0.11552682744998795,-0.13655136432498693,-0.11742878193035722,-0.05473103622595469,0.02148709927375118,-0.10397167752186458,-0.07938824407756329,0.036630588273207344,-0.06479275474945705,0.12452098385741313,-0.14149062956372896,-0.1099407747387886,-0.05087083221102754,0.2177670942619443,-0.12761418459316096,0.15823598578572273,0.17460742825642228,-0.10574753256514668,0.3040410329898198,-0.04083989808956782,0.23185977960626283,-0.12789626916249594,0.13900611735880375,-0.06579513102769852,0.22343127305308977,0.3251362661831081,0.16100457527985176,0.4593160493920247,0.13210140044490495,0.3577207662165165,0.10725878489514191,0.4847885196407636,0.4617746522029241,0.3848724129299323,0.5919807019333044,0.5477820138136545,0.1663518832065165,0.6826512465874354,0.41454824977942434,0.5452228689876696,0.334562785923481,0.721107502002269,0.5394422799969713,0.17285552993416786,0.3329636330405871,0.4556475467979908,1.117843850205342,0.3213806210551411,0.48512387555092573,0.6865093782544136,0.5387590192258358,0.5762886866771927,0.540153248293791,0.6473307088017464,0.5297498218715191,0.1910773521910111,0.35956958681344986,0.4243859276175499,0.4749686910460393
SRS2855686,1,-0.02036946825683117,-0.11082974666108687,-0.1067715600753824,-0.12851781149705252,-0.1349728653828303,-0.029588262585699947,-0.03878495345513026,-0.08101531739036243,-0.07348618159691493,0.121605159714818,-0.08996026838819186,-0.07301097270101309,0.04035866633057594,-0.08824998652562499,-0.09632966853678226,0.0047237394998470945,-0.10395986835161845,-0.06599471469720204,0.24525770296653113,-0.08725082191328208,0.1194098237901926,0.1119905891828239,-0.0340664628893137,0.24349388976891836,0.14356507795552412,0.060219972083965935,-0.10233673732727766,-0.0032301011184851327,0.01964316237717867,0.08395213183636467,0.3506349337597688,-0.05425642772267262,0.019147316614786785,0.170924322369198,0.14551646883289018,0.2009533978998661,0.3112085045625766,0.27510320022702217,0.24253907411669692,0.11776280465225379,0.08970944521327813,0.18068754052122435,0.3433225800593694,0.19386444240808487,0.45915625368555385,0.09160405149062474,0.5680397761364778,0.19045482544849315,0.03533127158880234,-0.0483105101933082,0.39238220717137057,0.8780136133233706,0.14232754932406047,0.4327685965690762,0.5752663935224215,0.38527581514790654,0.35439495245615643,0.5733857799787074,0.6351209680239359,0.37644359717766446,0.0469435773169001,0.24901074667771658,0.08835592928032081,0.3294424896594137
SRS2855687,1,-0.061917532701045275,-0.011739567543069521,-0.09455571075280507,-0.12234903561572234,-0.1268959417939186,-0.06242731178887576,-0.025600694740811985,-0.13772098999470472,-0.0776764340698719,0.09015181978854041,-0.08301907467345397,-0.04142865693817536,0.08077715275188287,-0.027943698068459828,-0.08052002514402072,-0.09696767603357632,-0.10919987969100475,-0.08956537302583456,0.37245264276862144,-0.09349815027477841,0.22259603440761566,0.12181440275162458,-0.0462082177400589,0.18981752917170525,0.04511035078515609,-0.009231746196746826,-0.07453217605749766,-0.022737592458724976,-0.056739802161852516,0.1476644497985641,0.4165761210024357,-0.029798237296442192,0.27304767817258835,0.22686932360132536,0.11521039344370365,0.2078222610677282,0.3325569051473091,0.3554628441731135,0.3837598705043395,0.2261613036195437,0.3670492519934972,0.2894931522508462,0.48349497296536964,0.3213227999707063,0.6412661535044512,0.21526256079475084,0.5548011477415761,0.48995289268592995,0.2559002563357353,0.13511373723546663,0.4670597401758035,1.0826215421160061,0.25125207705423236,0.4835793157108128,0.6630810759961605,0.6247515690823396,0.7613478650649389,0.6970683426285783,0.8588807675987482,0.5708185856540998,0.24721348782380423,0.4273367201288541,0.20618263507882753,0.5686218117674192
SRS2855688,1,-0.07878998449693124,-0.052411201099554695,-0.05410046596080065,-0.07960773135224979,-0.11714902396003406,-0.07549399495474063,-0.05874940132101377,-0.11887931233892839,0.00146832379202048,-0.10704437749033484,-0.06343246096124251,-0.06439108215272427,0.00387733926375707,-0.07405301798523094,-0.016109573965271313,-0.11282746431728204,-0.11739245429635048,-0.05663265474140644,0.21599812960873047,-0.13782776581744352,0.23002504060665765,0.10831450996920466,-0.057764713962872825,0.04219322496404251,-0.13726615036527315,-0.008635493616263071,-0.07563968126972516,-0.03098600140462319,-0.025903943926095963,0.49284070217981935,0.40032815126081306,0.16108989963928858,0.7216950009266535,0.34974433357516926,0.29279428301379085,0.5352133105625398,0.7241861168295145,0.6900764182209969,0.850096903120478,0.715812831496199,0.7135842728118101,0.37992173557480174,1.2711498476564884,0.6405252311281705,0.9675387615958849,0.6781956447909275,0.8005231660790741,0.9780018466214339,0.6553679121037325,0.7493540594975153,0.5405848016186307,1.6062198927005131,0.35352119865516823,0.6095641030309101,1.527396064872543,1.0658514847358067,1.4899601178864639,0.8658938606580099,1.1265195049345493,1.054117351770401,0.6579352673143148,0.8937394767999649,1.0148175954818726,1.3110851024587948
SRS2855689,0,0.0207471065223217,-0.05326141385982434,-0.11441138635079066,-0.1218215102950732,-0.1339768593509992,-0.03628009412204847,-0.001816986749569575,-0.04639814421534538,-0.12611398252192885,0.13783685075274357,-0.047859525928894676,-0.06765924549351136,0.11288296555479367,-0.07069471354285876,-0.10705533809959888,0.09546118726332982,-0.08876900126536687,-0.0894057786402603,0.38622688812514144,-0.06650813420613606,0.08393238919476669,0.16939175873994827,-0.09266031409303348,0.3197076382736365,0.18560177460312843,0.2093763512869676,-0.07076870277523994,0.01893861840168635,-0.05902054285009702,0.004896839459737142,0.41372282182176906,-0.041519815723101296,0.09229247892896335,0.11755082632104556,0.08276941332345207,0.17544986587017775,0.29513720360894996,0.3523776928583781,0.14628990987936655,0.09066888938347499,0.07656487450003624,0.06993202523638804,0.19354101767142615,0.22016956564038992,0.4032312035560608,0.11148784371713798,0.6593763642013073,0.3804603382013738,-0.04654551111161709,-0.04436256115635236,0.3889695134324332,0.8183449159065882,0.13371979647005597,0.37072369471813243,0.5036232943336169,0.36376424816747505,0.27288496990998584,0.43987974897027016,0.5963626261800528,0.5389025763918956,-0.005596240361531575,0.2360335278014342,0.0813320775826772,0.2781468741595745
SRS2855690,1,-0.05703469583143791,-0.112759655341506,-0.06034720782190561,-0.09538944453621905,-0.09803068575759728,-0.07997627373454937,-0.10379531048238277,-0.11878366706271966,0.0214897058904171,-0.08793645478241767,-0.10947527239720027,-0.07323563285171986,-0.05853450298309326,-0.09676586316588025,-0.009465735716124376,-0.11374567387004693,-0.10984062527616818,-0.057724458165466785,0.10713369236327708,-0.1331980563700199,0.2642943983276685,0.02231802213160942,0.05473706483220061,0.009936406587560972,-0.12386159474651019,0.0007363030066092809,-0.07977658634384473,0.019486917182803154,0.06638996427257855,0.41932102385908365,0.3263769969344139,0.04870036927362283,0.4819014885773261,0.34518394122521084,0.25282919701809686,0.5723940273746848,0.6092252532641093,0.6572876870632172,0.9767382616798083,0.7178857413431009,0.5724075809121132,0.49420462486644584,1.2688587059577305,0.5698734112083912,0.8818983087937037,0.513235945875446,0.726791700348258,0.6893765777349472,0.5914314513405164,0.6315867571781079,0.44896268223722774,1.5877769241730373,0.3810547171160579,0.8364043602099022,1.6073348050316174,0.9309298507869244,1.3370686707397301,0.8100531150897344,0.9291745124695202,0.8046058913071951,0.5879010390490294,0.774410791695118,0.7762779891490936,1.1414998242010672
SRS2855691,0,-0.049624218295017876,-0.07810044971605141,-0.1131078489124775,-0.14281008889277777,-0.06952632963657379,-0.02484624016021068,0.04191570729017258,-0.11300293061261375,-0.09894867986440659,0.2025705212727189,-0.07410005231698354,-0.06400689699997504,0.13393170262376466,-0.06700833762685458,-0.11386400771637757,-0.03206969642390808,-0.054824175933996834,-0.09778177637296419,0.4159824512898922,-0.019296098810931046,0.15049184672534466,0.12934432365000248,-0.05103089660406113,0.23495654265085855,0.22722570784389973,-0.01396101526916027,-0.08062275126576424,0.013379767537117004,-0.05479902649919192,0.054910543685158096,0.3412161183853944,-0.06537159501264493,0.01832057038942973,0.09504959732294083,0.10747476605077584,0.09873455157503486,0.1878485738610228,0.2303812773898244,0.13084353444476923,0.06592588126659393,0.07850911964972813,0.10857768853505452,0.2506925879667203,0.1471225873877605,0.2685640451187889,0.002041146159172058,0.5007701807965835,0.2377454748687645,-0.0359148228696237,-0.0309347336490949,0.32861366868019104,0.572612818951408,0.10412806295789778,0.2821832100550334,0.3404973894357681,0.2668329384177923,0.24834179366007447,0.3444294376919667,0.450542863458395,0.22819343147178492,-0.05202279301981131,0.051632183293501534,-0.01076767717798551,0.21108619620402655
SRS2855692,1,-0.07983868413915236,-0.05146073798338572,-0.0766261350363493,-0.10518610229094823,-0.14725480725367865,-0.09545747976396039,-0.09137185042103131,-0.1367218856078883,-0.04625717674692472,0.03594088337073723,-0.06959434226155281,-0.048188270535320044,0.0324137881398201,-0.05826572755662104,-0.10605757062633832,-0.07184582576155663,-0.11996796758224566,-0.09171217183272044,0.21242973549912372,-0.10290610169370969,0.18537246932586035,0.12448461105426152,-0.060341751823822655,0.1422454503675302,-0.03140950823823611,0.023717986575017374,-0.10508594910303752,-0.004209103683630626,-0.07151513049999873,0.17676730081439018,0.4010897697880864,0.022746780887246132,0.23953836038708687,0.16529440701318285,0.1968302387588968,0.23005172237753868,0.4031686708331108,0.4695880711078644,0.3330450380841891,0.3681680131703615,0.359720803797245,0.2345870522161325,0.5867733564227819,0.28019438435633975,0.49923444787661236,0.22465589021643004,0.6132261135304967,0.48436874710023403,0.16505776345729828,0.09422534207503001,0.42437512644877035,1.0001013651490211,0.22297249439482889,0.3870988966276248,0.7721827973922094,0.5800560712814331,0.6136510297656059,0.6696115098893642,0.7259043604135513,0.6112851488093535,0.19557466047505537,0.3937750930587451,0.272565392156442,0.607810439929987
SRS2855693,0,-0.07773883858074744,-0.09516357878843944,-0.08248216037948926,-0.07883409038186073,-0.14469056824843088,-0.09172307850773602,-0.06279096938669682,-0.1362654510885477,-0.033303664376338325,0.008691705705132335,-0.08551592131455739,-0.06507008507226904,0.001307606076200803,-0.07424916078646977,-0.040601800506313644,-0.13493980218966803,-0.11078929093976815,-0.05107916767398516,0.2577925929799676,-0.12558575719594955,0.20938980082670847,0.0622425659870108,-0.016535214458902676,0.08274900944282611,-0.049220554530620575,-0.019774676921466987,-0.09987658184642594,-0.03506936257084211,-0.03240418682495753,0.2609273735433817,0.4377688368161519,-0.04004628211259842,0.358233097998891,0.24096103757619858,0.15983751718886197,0.32118699451287586,0.3580301298449437,0.5918345438937346,0.48128020561610657,0.4651996213942766,0.37503598630428314,0.2615894203384717,0.6206653517050048,0.33851615339517593,0.5573428049683571,0.2796619512761633,0.6382293691858649,0.552535793899248,0.2501714328924815,0.24521250277757645,0.4416619787613551,1.1923623774200678,0.2983586589495341,0.5206394524623951,1.153472042332093,0.6624506753869355,0.8575493103514115,0.7044830547335247,0.8004022091627121,0.6608647132913271,0.3591186987857024,0.4347876949856679,0.46988551419538754,0.7103053852915764
SRS2855694,0,-0.057348995159069695,-0.05884659166137377,-0.11543495766818523,-0.10711466955641906,-0.14462086061636606,-0.050245076848417135,-0.05072947467366854,-0.1240419161816438,-0.03651918967564901,0.10839033875769626,-0.06637859592835109,-0.05423790325100223,0.07126115386684735,-0.06753850945581992,-0.062298101683457695,-0.07589531317353249,-0.11408103009064992,-0.07630883250385523,0.28493454058965045,-0.09734207546959321,0.13089557737112045,0.06977879193921883,-0.05310862263043722,0.20126289625962576,0.08703769619266193,0.0505227775623401,-0.06005615566391498,-0.02898951495687167,-0.028277925215661526,0.20669343043118715,0.38114743307232857,-0.07069073896855116,0.10486070827270548,0.18239233580728373,0.11349023521567385,0.27630292003353435,0.2644582750896613,0.3805336008469264,0.33862967789173126,0.16556900988022485,0.23968395590782166,0.21470761485397816,0.4043907734254996,0.2298105868200461,0.5443805417356392,0.1743767112493515,0.6437358623370528,0.3818384849776824,0.1407880069067081,0.004759262315928936,0.4700021054595709,1.0149944846828778,0.2725448324345052,0.5145561542982856,0.7801490897933642,0.5170047680536906,0.5697582643479109,0.6685337765763203,0.7021965173383554,0.5629069485391179,0.13567938717703024,0.3501194616158803,0.15317437797784805,0.5113921239972115
SRS2855695,0,-0.04353690970068177,-0.05367323632041613,-0.09106324675182502,-0.10722614328066508,-0.14727451155583063,-0.0762040803756463,-0.07560256620248158,-0.10912149927268426,-0.08021192004283269,0.05818187986733392,-0.06429918855428696,-0.0551622505299747,0.09039142914116383,-0.033556430134922266,-0.08933460464080174,-0.04289862544586261,-0.11913470147798459,-0.07418558505984645,0.29070399422198534,-0.12370301006982724,0.1707625463604927,0.15177051847179732,-0.08663524066408475,0.31500368813673657,0.0735636663933595,0.14113172516226768,-0.0744831245392561,0.02672227503110965,-0.06946500390768051,0.1510275819649299,0.39788754160205525,0.006385298445820808,0.24428673026462397,0.19653884011010328,0.15843548082436124,0.24511594131278494,0.4204537396629651,0.49024357025822,0.33125857760508853,0.28638528287410736,0.25599711388349533,0.20965261633197466,0.4422680089871089,0.3048521615564823,0.5662855381766955,0.248489481707414,0.6957901616891226,0.5412060306407511,0.1247500404715538,0.02939305454492569,0.4710440933704376,1.1366199503342311,0.2646336026955396,0.4704549314143757,0.7835652480522791,0.626702976723512,0.55605781575044,0.7355637239913145,0.873395754955709,0.6722440815841159,0.20085135971506438,0.4902935673793157,0.25526238170762855,0.550684013714393
SRS2855696,0,-0.0744927148334682,-0.004446133971214294,-0.08677978254854679,-0.09526384808123112,-0.14814760784308115,-0.10231517782176525,-0.10197569243609905,-0.12910975081225237,-0.04211999227603277,0.036300208332249895,-0.09137376374565065,-0.04910363319019476,0.017280816721419495,-0.056600141300198935,-0.06326186067114274,-0.11063795971373717,-0.11902106832712889,-0.06772996314490835,0.2567092383590837,-0.12655278326322636,0.18503357741671303,0.12133334654693802,-0.059469771261016525,0.20837139959136644,0.0026718713343143463,0.05176874746878942,-0.1174519235889117,0.013178978115320206,-0.06359021241466205,0.1948973642041286,0.35598258674144745,0.017824779885510605,0.2785746306180954,0.19659190291228393,0.19003714357192317,0.23625055405621728,0.40246035313854617,0.506194407120347,0.45919686183333397,0.4645685826738675,0.3585620056837797,0.22178772340218225,0.6939975892504057,0.37396239675581455,0.5970276693503062,0.287238915450871,0.701192008331418,0.5643628357599179,0.23601438850164413,0.0996753287812074,0.4308546253790458,1.1948985438793898,0.31438120687380433,0.5636962337885052,0.8601478685935339,0.7031730301678181,0.7199795792500178,0.736153639232119,0.8243380356580019,0.696054664750894,0.31869095129271346,0.5422850623726845,0.38468733926614124,0.7268516831099987
SRS2855697,0,-0.07477465520302455,-0.13508963460723558,-0.09158703498542309,-0.1421951986849308,-0.091158006961147,0.0008486582664772868,0.06125655149420103,-0.029375503460566204,-0.07450382287303607,0.2046711528673768,-0.0214973750213782,-0.09226701377580564,0.07111053417126338,-0.09236999539037545,-0.09862024709582329,9.46757694085439e-05,-0.09493089591463406,-0.08811736525967717,0.3137928880751133,0.03927467266718546,0.10465935183068116,0.10982778885712226,-0.027036983519792557,0.22752802136043707,0.2107688970863819,-0.046015780263890825,-0.06337896672387917,-0.007494594901800156,-0.010451829681793848,0.021443891028563183,0.4133279995682339,-0.08146190519134204,-0.025361660014217097,0.06413120807458957,0.08151145155231158,0.13837638900925717,0.11610793105016153,0.18076610068480173,0.09684911370277405,0.02422885938237111,0.01749888442767163,0.09444719677170117,0.15424148241678873,0.08322705204288165,0.28958369822551805,-0.08148530373970668,0.38333464165528613,0.0514323270569245,-0.023637970288594563,-0.06026207904020945,0.22797914780676365,0.44962536295255023,0.04663443317015966,0.20741653287162384,0.2981962536772092,0.17977366906901202,0.15951594958702722,0.17102507998545965,0.22599681342641512,0.03247110669811567,-0.05305508027474085,-0.03915366530418396,-0.10172994307746801,-0.014787586405873299
SRS2855699,0,-0.06847311680515607,-0.06117995145420233,-0.1261418629437685,-0.1412679540614287,-0.12234565367301305,-0.06163393325793246,-0.003548514718810717,-0.06582744186744094,-0.08891661340991656,0.2260277047753334,-0.02127437914411227,-0.07287879598637421,0.08191719651222229,-0.09336137399077415,-0.08689192682504654,0.04425834988554319,-0.10645602302004893,-0.08810859903072317,0.3228152145942052,0.014861290343105793,0.070981465280056,0.18017552172144255,-0.07750310748815536,0.19065925292670727,0.1412652771299084,0.056506148481275886,-0.09183162885407607,0.017970239122708637,-0.07282776633898418,0.03917970694601536,0.5042720772325993,-0.05512578381846348,-0.009952375228749588,0.08027132290105025,0.1172973761955897,0.22031510869661966,0.11325159544746081,0.3562289997935295,0.11464668686191241,0.08196998822192351,0.09468351552883784,0.06795233115553856,0.15966619551181793,0.12516775727272034,0.3009273484349251,0.01611196498076121,0.5821036451185743,0.17153300065547228,-0.01947146374732256,-0.027743569885691006,0.33012002147734165,0.6089045332434276,0.09264955584270258,0.30685759739329416,0.3366281936566035,0.2588611710816622,0.26049033490320045,0.24456437677145004,0.39391190372407436,0.34089902757356566,-0.007127292454242706,0.057827205707629524,-0.021183044960101444,0.13686437904834747
SRS2855701,1,-0.06047138789047798,0.04551756731234491,-0.055711387967069946,-0.0884468900039792,-0.11618433520197868,-0.13060233137487862,-0.08845480826372902,-0.11343031811217467,-0.09033018723130226,0.00031083372111121815,-0.10730545967817307,-0.06902033897737662,-0.02640608884394169,-0.06411283959945042,-0.03820851848771175,-0.12135949482520421,-0.1277984498689572,-0.02184415856997172,0.22432034028073153,-0.10777081710208829,0.18404806529482207,0.07335052359849215,-0.08629105240106583,0.18964754417538643,-0.06398106118043263,0.12327439213792483,-0.03446341802676519,-0.034500092888871826,-0.0029685063442836204,0.08682236634194851,0.27025144795576733,0.1239594928920269,0.36269066110253334,0.18138653164108595,0.21679657961552343,0.25285235544045764,0.5608367659151554,0.3829709117611249,0.3689747806638479,0.3121659190704425,0.4139549434185028,0.18649391705791155,0.7324508707970381,0.5546189770102501,0.5879775087038676,0.2385455813879768,0.622477646296223,0.42975310267259675,0.23634261637926102,0.34456780801216763,0.44488950942953426,1.22061683734258,0.16856239022066197,0.4198712032909195,0.7621454025308291,0.5698419101536274,0.6872334411988655,0.5842404017845789,0.6134192583461603,0.48207508648435277,0.17238856852054596,0.4197058255473773,0.3126709883411725,0.5928646611670653
SRS2855702,0,-0.07324853011717398,-0.004340070969192311,-0.08115130849182606,-0.09592931469281514,-0.12534179724752903,-0.09229037948580299,-0.06650446044902007,-0.13067355814079443,-0.04663743327061335,0.04361850847878183,-0.08825323606530826,-0.02866487919042508,0.05710611678659916,-0.031862267603476845,-0.09453435738881429,-0.08847893153627713,-0.09951542954271038,-0.08948031215307613,0.26214014800886315,-0.12444574607070535,0.17013061294953027,0.08582064198950927,-0.0315107045074304,0.2081203373769919,0.0062608060737450915,0.06581857381388545,-0.10563893243670464,0.015624785174926123,-0.0699690009156863,0.16412359289824963,0.40795490766565007,-0.02690643755098184,0.18070685863494873,0.18637552174429098,0.18702246504835784,0.33099176237980527,0.3588918267438809,0.5082916705869138,0.4054177658011516,0.3899018218119939,0.2598714344203472,0.2865347129603227,0.6316426166643699,0.28702798827240866,0.47366232176621753,0.22159705373148122,0.6878217281773686,0.5122153252984086,0.11480708792805672,0.04697345461075505,0.377531844501694,1.1070103341092665,0.3016099443193525,0.47463854510958,0.8471388642986616,0.6068920971204838,0.6456596236675978,0.6787094857233266,0.7112699579447508,0.597239438444376,0.20305358928938708,0.4277689804633458,0.24484040774405003,0.6599427697559198
SRS2855722,0,-0.0045075323432683945,-0.06295980388919513,-0.12154608219861984,-0.12138746585696936,-0.1410751479367415,-0.000591569454021131,-0.04070608504116535,-0.08922735167046388,-0.07594058911005656,0.2216561951984962,-0.023560166358947754,-0.07699758931994438,0.06615226708042125,-0.08616772604485352,-0.049062718326846756,0.057118236708144345,-0.11035535049935181,-0.07168835044528048,0.26473649094502133,-0.005703764657179515,0.11680278430382411,0.22071334719657898,-0.07805047432581584,0.21475395187735558,0.20181004532302418,0.09155119520922501,-0.0729507173721989,-0.0354691781103611,-0.05361201614141464,0.08497719466686249,0.508348410949111,-0.08052570683260758,0.12463727220892906,0.1181940237681071,0.1246174822251002,0.16615877114236355,0.12686728949969014,0.2874182214339574,0.03651357931084931,0.07835037882129352,0.1628056118885676,0.07566592896667619,0.04660452591876189,0.058185042502979435,0.4146341932937503,-0.04265294224023819,0.3974941236277421,0.18772889487445354,0.06299932487308979,0.04614174241820971,0.3445383856693904,0.6356640004863342,0.05889575214435657,0.21993786562234163,0.2652769076327483,0.2980654574930668,0.3158667019257943,0.41180254767338437,0.4793317619090279,0.3524814409514268,0.009856266590456167,0.18406828492879868,-0.024690273179051776,0.1601460731277863
SRS2855723,0,-0.05540754925459623,-0.11090424470603466,-0.09307393245398998,-0.1445305310189724,-0.09932926173011462,-0.028559284381723653,0.097691314915816,-0.06882800348103046,-0.09533368687455852,0.1552724327581624,-0.019724112004041672,-0.08898988490303357,0.07496077567338943,-0.09293086578448613,-0.11832613001267116,-0.043806700656811394,-0.07752667119105656,-0.09933751534360151,0.33595679700374603,0.02666023001074791,0.13281036913394928,0.10709964235623677,0.012728486210107803,0.15842008590698242,0.1352047063410282,0.019778716377913952,-0.027333853611101706,0.03852282091975212,-0.028356719994917512,-0.04697698478897413,0.3745607907573382,-0.05071666153768698,0.0527545465156436,0.09183306635046999,0.06101248599588871,0.22144628937045732,0.17806829636295637,0.24099146202206612,0.1955474354326725,0.04207211282725135,0.007704295838872592,0.12812862172722816,0.2531724429378907,0.07968563881392281,0.31034202004472417,-0.10176251083612442,0.46086068637669086,0.15533390796432892,-0.06643662291268508,-0.019206051093836624,0.17151479159171382,0.4409415914366643,0.08489136599625151,0.16320284300794205,0.3373555839061737,0.1621879848341147,0.294451088955005,0.18387451395392418,0.16607734747231007,0.1757123147447904,-0.07074184715747833,-0.042452594731003046,-0.06896481787165006,0.026390737077842157
SRS2855724,0,-0.07188933311651151,-0.08426147326827049,-0.10612306247154872,-0.11338530356685321,-0.1518560697635015,-0.06675625669110256,-0.059654299169778824,-0.10165486251935363,-0.08785205831130345,0.092800394903558,-0.037308563788731895,-0.07282114215195179,0.09577406694491704,-0.05156435972700516,-0.07115007936954498,-0.05821239141126474,-0.12307744845747948,-0.08826965590318044,0.27885971777141094,-0.09510110629101594,0.11377838502327602,0.18175210089733204,-0.10006331528226535,0.20396656543016434,0.04582618921995163,0.11300001417597134,-0.06434821585814159,-0.05479560730357965,-0.08441366751988728,0.06649318678925435,0.28892066205541295,-0.04518766049295664,0.1849235575646162,0.12387334803740184,0.0973535175435245,0.22678057104349136,0.26475524840255577,0.42530107498168945,0.2135553676635027,0.12848876292506853,0.181914322078228,0.031108081340789795,0.245598867846032,0.20813175911704698,0.44263184318939847,0.128268389031291,0.4805270793537299,0.3498715963214636,0.08835211892922719,-0.039650688568751015,0.47017027872304124,0.9184472635388374,0.1052482589147985,0.3513286057859659,0.5270849665006002,0.4976885622988145,0.40918845667814213,0.49807782967885333,0.7103931804498037,0.5831156062583128,0.10365043828884761,0.3172551989555359,0.10815278937419255,0.43707309911648434
SRS2855725,0,0.028192906950910885,-0.09647933393716812,-0.10771920594076316,-0.1178749365111192,-0.14602764447530112,0.011881515640804233,-0.011979606002569199,-0.04311449018617471,-0.0904075987637043,0.13571288954699412,-0.04007478430867195,-0.07864858396351337,0.1112832638124625,-0.07477950304746628,-0.09168513615926106,0.1388446893543005,-0.10243199788965285,-0.09287767151060204,0.3838794147595763,-0.07575518389542897,0.14658765184382597,0.13266566706200442,-0.031635817140340805,0.2821832075715065,0.20863492352267107,0.09731570569177468,-0.06327595142647624,0.03282792183260123,-0.06209808960556984,0.07417115258673827,0.41200920691092807,-0.08554094688345988,0.07145088259130716,0.14948141326506934,0.09219400056948264,0.18083509407006204,0.29430724556247395,0.35283127178748447,0.11445312481373549,0.049443989992141724,0.11579331383109093,0.1309948985775312,0.17924485635012388,0.16911878188451132,0.46612407887975377,0.16580980643630028,0.6103680537392696,0.32913226044426364,0.009362669661641121,-0.010681150946766138,0.42465817369520664,0.8394380062818527,0.12365602205197017,0.4085279343028863,0.5149136992792288,0.42423500089595717,0.37502419638137025,0.6105104846258959,0.7084580144534508,0.44114115834236145,0.014827089694639048,0.27763055202861625,0.0941016050055623,0.34208791702985764
SRS2855726,0,-0.06485351547598839,-0.06046558621649941,-0.09657472309966882,-0.11745359872778256,-0.14635579908887544,-0.06572920179314679,-0.0636946630353729,-0.13779942939678827,-0.06488348295291264,0.07130671013146639,-0.08983840420842171,-0.06578204967081547,0.0005475742121537527,-0.06504575838334858,-0.08453358989208937,-0.12191830296069384,-0.11724029295146465,-0.06965083287407954,0.2489884104579687,-0.13768456255396208,0.20260569204886755,0.07436931769674023,0.03558727353811264,0.11375015050483246,0.04666320979595184,0.04326813962931434,-0.06909584005673726,-0.02616179237763087,-0.004721193884809812,0.18590842032184204,0.3520909094562133,-0.04749903424332539,0.2320887721531714,0.25085866699616116,0.13280081236734986,0.2839173475901286,0.33273182685176533,0.37187958012024563,0.5780408841868242,0.29306511332591373,0.2670003722111384,0.3041899614036083,0.6195093106168011,0.3224228670199712,0.6995619237422943,0.21794518269598484,0.5509991965567073,0.5029122840302686,0.26267480353514355,0.19834716245532036,0.39807810075581074,1.188661728054285,0.26967467181384563,0.569106548714141,0.8520514803628126,0.7453491787115732,0.851814491674304,0.755374793196097,0.8514148804048697,0.6608029839893182,0.295213907957077,0.48163331548372906,0.2850102496643861,0.6457805385192236
SRS2855727,0,-0.081417224680384,-0.03203450950483481,-0.09088746830821037,-0.09750584388772647,-0.14667163665095964,-0.09412952533481682,-0.08986007856825988,-0.12928009405732155,-0.05676004911462466,0.06528984270213793,-0.052546742061773934,-0.057161188373963036,0.10473792068660259,-0.037696791967997946,-0.04792392564316591,-0.10357757844030857,-0.13293894349286953,-0.0728101353937139,0.2510671950876713,-0.14414412900805473,0.14392479260762533,0.18110241927206516,-0.07489535709222157,0.16816303630669913,-0.023899275809526443,0.13970772549510002,-0.09448561336224277,-0.007173137739300728,-0.06397869810461998,0.19603578948105374,0.33294230823715526,0.017602328211069107,0.33360302944978076,0.21767480174700418,0.19031162901471058,0.28813282152016956,0.3969013791065663,0.5835807397961617,0.3992888567348321,0.4026902603606383,0.36729997272292775,0.17945805906007686,0.4873900314172109,0.3049531827370326,0.6041114417215189,0.294566098600626,0.6417260418335596,0.5467371488533294,0.21591990177209178,0.12864424529228322,0.4645115331125756,1.2163164832939704,0.26383628106365603,0.48278307061021525,0.8880701450010141,0.664569228887558,0.6047668320437273,0.7081613081196944,0.8594428566284478,0.776973195374012,0.26236357105274993,0.49102750172217685,0.3652850364645322,0.7034611962735653
SRS2855728,0,-0.040298208904763065,-0.1254263867934545,-0.08439553280671437,-0.11708673586448033,-0.12292422975103061,0.04186344342694307,0.02589026466012001,-0.04460453242063522,-0.08879506153364976,0.1861272055345277,-0.029492220530907314,-0.0780881301810344,0.13277471251785755,-0.09295232408718827,-0.05460103787481785,0.06121789291501045,-0.07569922382632892,-0.08720010581115882,0.39472361902395886,0.0009249603996674219,0.08632176493604977,0.1699842376013597,-0.07714679464697838,0.25303754955530167,0.23471230284000436,-0.012040534522384405,-0.07928752883647879,-0.0611047608156999,-0.013883189608653387,0.018457351873318355,0.402524933218956,-0.08106057151841621,-0.026563691596190136,0.07064163343360026,0.08918756650139888,0.14028538204729557,0.13384390249848366,0.2546692540248235,0.052428632974624634,-0.017730807264645893,0.08662278926931322,0.05819150681296984,0.10844556863109271,0.1557602665076653,0.35737568512558937,0.06574347242712975,0.400550345890224,0.12453714059665799,0.04019928351044655,-0.023316894968350727,0.488618653267622,0.6423917921880881,0.006557072512805462,0.3233497031033039,0.38777511442701024,0.3801660252114137,0.24109273434927067,0.3497575409710407,0.4541234038770199,0.2745061864455541,-0.05227498523890972,0.08894636482000351,-0.06094719981774688,0.12521479775508246
SRS2855729,0,-0.05318565728763739,-0.0772445909678936,-0.1025554562608401,-0.11672583222389221,-0.15192209680875143,-0.059981723502763394,-0.0453944681212306,-0.11718092920879523,-0.08017843216657639,0.10860093492859353,-0.08878741289178531,-0.06082864633450905,0.06552604710062344,-0.05365745350718498,-0.09085435358186562,-0.080265574157238,-0.11344734548280637,-0.0851830563818415,0.2910781918714444,-0.10659118369221687,0.17105625569820404,0.09513418500622113,-0.043110501021146774,0.20076019068559012,0.07659071187178294,0.07274916612853606,-0.0891246940009296,-0.02199892948071162,-0.04866621767481168,0.12270808157821496,0.3355796734491984,-0.06667989647636811,0.14100630643467107,0.12009829903642337,0.12482758968447645,0.21913709801932177,0.2771349885345747,0.3892171010375023,0.3254569424316287,0.1800346908469995,0.16081547240416208,0.15774482488632202,0.4427885909875234,0.24068060517311096,0.4504895607630412,0.12067696203788121,0.5734488135203719,0.3683236387247841,0.0823143635255595,0.018265950803955395,0.4526985802998145,0.9385005210836729,0.18811695029338202,0.4079768965020776,0.6285920850932598,0.46981540073951084,0.48011672248442966,0.5737567730247974,0.6382894963026047,0.48137176781892776,0.09251976571977139,0.260972760617733,0.10997827723622322,0.3986148660381635
SRS2855730,0,-0.03706783715945979,-0.01478783537944158,-0.11361251398921013,-0.11341092673440774,-0.12700979163249335,-0.07580356991214406,-0.08951270952820778,-0.10092780645936728,-0.07923834025859833,0.0946216806769371,-0.11368173981706302,-0.05616966945429643,0.062347820649544396,-0.0317403138615191,-0.06793329181770484,-0.06501950385669868,-0.11120649768660466,-0.05192404614839082,0.25937521224841475,-0.1057956563308835,0.17133738845586777,0.12065643367047112,-0.06928967436154683,0.2973628640174866,0.12031111493706703,0.10917576774954796,-0.11734227774043877,-0.013362315172950426,-0.02449815844496091,0.14540812248984972,0.38852847553789616,-0.008847564614067474,0.11613177989299099,0.1727874024460713,0.17432484248032173,0.2085899325708548,0.33586049638688564,0.46568013976017636,0.3877982335786025,0.33452953957021236,0.18076940843214592,0.2697097733616829,0.5046451427042484,0.37895791170497733,0.47906166066726047,0.17459734762087464,0.6861713367203871,0.42310178621361655,0.09566686302423477,0.008236346921573082,0.3650728805611531,1.0647580524285634,0.31356493787219125,0.5497327784541994,0.7586453879872957,0.45890467676023644,0.4318398982286453,0.5536491125822067,0.6856405697762966,0.4851174553235372,0.20246931537985802,0.30823372801144916,0.2622187448044618,0.41964558760325116
SRS2855731,0,-0.07201481703668833,-0.09868437238037586,-0.1096540925403436,-0.12926678856213888,-0.15204592421650887,-0.024447328486227587,-0.08598105485240619,-0.1267134981850783,-0.0006462087233861288,0.04854070977307856,-0.10375966504216194,-0.0643854580509166,0.018734845022360485,-0.0814985337977608,-0.07144809886813164,-0.11718981030086677,-0.11112869686136644,-0.07280846475623548,0.27126142910371226,-0.12935208529233932,0.16422744343678156,0.06961975479498506,-0.009773317103584608,0.10013581812381744,0.06196687991420428,-0.00432960440715154,-0.05725175359596809,-0.020203479876120884,-0.015264625661075115,0.22956913895905018,0.28882054216228426,-0.04319782741367817,0.10767973711093266,0.2126642701526483,0.14285116052875915,0.24534288421273232,0.3349581186970075,0.4092090893536806,0.4825352455178897,0.21077226599057516,0.26135539015134174,0.24835164208586016,0.6178899245957533,0.28285106907909113,0.5860746589799722,0.15739229073127112,0.5939477700740099,0.3527945935105284,0.19862084990988174,0.0515237528209885,0.40726232920648425,1.038638774305582,0.26759458519518375,0.5642515433331331,0.7993193318446478,0.6345971760650476,0.6408950996895632,0.6858615030845007,0.7424560561776161,0.6066758148372173,0.20984119549393654,0.3934939019382,0.24847842504580817,0.6166357602924109
SRS2855732,0,-0.056593875555942454,-0.13803991178671518,-0.10953135509043932,-0.07122451687852542,-0.14940418923894563,0.08441602372719596,-0.06284626852720976,-0.10882561560720205,-0.07401353865861893,0.014794882095884532,-0.029620960354804993,-0.0905019228036205,0.03395049894849459,-0.10360419781257708,0.025694460918505985,-0.058998964726924896,-0.1366696630915006,-0.08968614724775155,0.1812907171746095,-0.11472216000159581,0.11076412846644719,0.13785317415992418,-0.01101470785215497,0.08251867815852165,0.0290371539692084,0.07399927048633496,-0.02263173709313075,-0.07601707801222801,0.01204282542069753,0.15832117882867655,0.25269906719525653,-0.07592728237311046,0.07369791064411402,0.18546995210150877,0.08844744452896218,0.3091067224740982,0.20273185273011526,0.3626037538051605,0.40711163729429245,0.09998005876938502,0.16735318303108215,0.06371724170943101,0.2837614285138746,0.2762553623567025,0.6833764718224605,0.21947101379434267,0.47603303504486877,0.2728363561133544,0.1985057219862938,0.013163561622301737,0.39564451777065796,1.0448249628146489,0.09869372596343358,0.5499522580454747,0.7720193229615688,0.6116013787686825,0.5093346815556288,0.6480212137103081,0.7451090427736441,0.7002197727560997,0.2090295534580946,0.42812277376651764,0.253778785156707,0.5645144519706567
SRS2855733,0,-0.04311427799984813,-0.15926790485779443,-0.0985118964066108,-0.09834794079264005,-0.13905438780784607,0.055759987696850054,-0.06176964193582535,-0.08340966080625851,-0.050524761279424034,0.0779726041170458,-0.055819241950909294,-0.08499463880434632,0.018879794826110203,-0.11175268081327279,-0.014974892139434814,0.013004034757614136,-0.1335705704987049,-0.06697579473257065,0.22965065948665142,-0.06174271274358034,0.08438888440529506,0.1123558459803462,-0.010776530330379805,0.11313141013185184,0.0794373129804929,0.009951636816064516,-0.06836589425802231,-0.03233122949798902,0.013445813208818436,0.12250409740954638,0.3147587353984515,-0.06525230283538501,-0.02611595019698143,0.17791387935479483,0.08918881633629401,0.26357357871408266,0.26549647375941277,0.3608560636639595,0.23711983238657316,0.08785304427146912,0.1011783176412185,0.14715819681684175,0.29201696316401166,0.16775762165586153,0.4695502867301305,0.08784843981266022,0.4882614907498161,0.1917367372661829,0.07596870635946591,-0.039640311151742935,0.3609402982207636,0.8340013101696968,0.13379084908713898,0.443779098490874,0.6972043712933859,0.38671232511599857,0.28449409920722246,0.5322550324102243,0.5782781740029653,0.38689925769964856,0.07547839886198442,0.1802140697836876,0.0638200839360555,0.2703586667776108
SRS2855734,0,-0.07862553528199594,-0.04831263485054175,-0.09563802431027095,-0.09544717520475388,-0.13998018205165863,-0.08748606034653979,-0.04569153239329656,-0.1344897566984097,-0.03548813114563624,0.040308368392288685,-0.08216864864031474,-0.03277008002623916,0.08314694751364489,-0.037631170048067965,-0.09079917737593253,-0.10532254663606484,-0.11260695258776347,-0.09627663033703963,0.29400460002943873,-0.12316438648849726,0.12819701980333775,0.07701719490190347,-0.022913402567307155,0.1907904917995135,-0.005617408702770869,0.030886225402355194,-0.06004072849949201,0.029697511345148087,-0.06753388606011868,0.22888999581725025,0.347479364524285,-0.029996148000160854,0.17664142325520515,0.17701316816965118,0.157777195253099,0.3018743060529232,0.3723865815748771,0.4641692042350769,0.4429405877987544,0.28895144661267597,0.2821356716255347,0.243316151201725,0.623484912638863,0.19705244898796082,0.5108596757054329,0.20054738596081734,0.6302353482072552,0.4412680246556799,0.1584322266280651,0.05455384155114492,0.41938454293025035,1.0574324445333332,0.2688809484243393,0.49873563771446544,0.7980492462714514,0.5632865992374718,0.6648019533604383,0.6726216186458865,0.7239041453382621,0.5596566411356131,0.1651602747539679,0.38319553434848785,0.19253190296391645,0.6435747730235258
SRS2855735,0,-0.0866072711845239,-0.06059650766352812,-0.0904749883338809,-0.12844214340051016,-0.08207295586665471,-0.10150695776489253,0.09177265564600627,-0.08438002318143845,-0.10645026713609695,0.0827107864121596,-0.06344543894131978,-0.05942827649414539,0.08541797970732053,-0.05877477815374732,-0.1350722312927246,-0.08336606311301391,-0.023815993840495746,-0.07088931370526552,0.3042454191793998,-0.03523379207278291,0.11254018420974414,0.09149724493424098,-0.003664648781220118,0.08544105539719264,0.0691416949654619,0.03060083541398247,-0.0770468112702171,-0.03519251818458239,-0.057955991476774216,-0.030745559682448704,0.32887949980795383,-0.03865195376177629,0.04382826325794061,0.1480715268601974,0.10388184959689777,0.24511658400297165,0.23044242151081562,0.25670688847700757,0.27653956475357216,0.09333297175665696,0.09936581303675969,0.21350209787487984,0.5283666998924067,0.07788202414909999,0.4627474844455719,-0.04582561055819193,0.4821534256140391,0.25710813359667856,0.023897926943997543,-0.014336820070942244,0.227069690823555,0.5068434299901128,0.1733103363464276,0.1789894805600246,0.476436307032903,0.2471326564749082,0.3742341461280982,0.423803124576807,0.4000806858142217,0.22386584555109343,-0.03473025063673655,0.12531779209772745,0.08739216004808743,0.2370067536830902
SRS2855759,0,-0.06637361521522205,-0.12284762971103191,-0.10483223851770163,-0.1141843805089593,-0.13673276330033937,-0.018721910991492525,-0.040214178152382374,-0.1152316356698672,-0.06368737543622653,0.08527698589023203,-0.07067019989093144,-0.06348831361780564,0.040629275143146515,-0.08393254457041621,-0.06551142285267512,-0.10718384974946578,-0.10674684370557468,-0.08085541318481167,0.2938259070118268,-0.09554301699002583,0.17691213140885034,0.06584816612303257,0.0014447346329689026,0.1245128670707345,0.035484631856282554,-0.00403219504126658,-0.06841185145700972,-0.027871431161959965,0.0002676434814929962,0.12355270609259605,0.32925325880448025,-0.06188986046860615,0.008819676314791044,0.14092751344045004,0.0997170281286041,0.2876034900546074,0.27066123733917874,0.37488004192709923,0.36850349232554436,0.15201004097859064,0.14521106580893198,0.24413215597936264,0.5039549941817919,0.2912953123450279,0.5146885402500629,0.14014686892429987,0.6307789326334993,0.26663433481007814,0.0996219851076603,0.03400411239514748,0.3948851454382141,0.924265039463838,0.22168743268897137,0.5328708089267215,0.7924604167540868,0.4563781184454759,0.5112670809030533,0.5613937145099044,0.5939509787907203,0.4268058290084203,0.08665467208872239,0.22469832499821982,0.09476072589556377,0.3838970561822255
SRS2855761,0,-0.03678972367197275,-0.12700786938269934,-0.10905027234305938,-0.10560210545857747,-0.12471036263741553,0.05829838955348047,0.002369724214076996,-0.0902339390013367,-0.09246731549501419,0.08320838577734928,-0.011089021960894266,-0.08519875382383664,0.08301666254798572,-0.086562502818803,-0.07572728395462036,0.011215688039859137,-0.07880429054299991,-0.08833149448037148,0.2870941978568832,-0.08529169484972954,0.07460275354484718,0.09819625457748771,-0.007256967636446158,0.12340844795107841,0.12722256407141685,0.05085303572316965,-0.057007868153353534,-0.0385831572736303,-0.023087816933790844,0.04055614241709312,0.3380960052212079,-0.08379337005317211,-0.053813278364638485,0.17192944946388403,0.08254661054039995,0.21663066744804382,0.1898950623969237,0.28592130293448764,0.19223257775108019,0.0395053639561714,0.07408529271682103,0.12545516714453697,0.1917287725955248,0.19563546062757572,0.4632945091774066,0.15597743292649588,0.5401218165643513,0.19232700765132904,0.05145817498366038,-0.062440832455952965,0.3524372794975837,0.8839530381374061,0.05639695469290018,0.49251451591650647,0.5474131579200426,0.4546833960339427,0.3650496906290452,0.5808299879233042,0.617407305787007,0.5626527207593123,0.050967966516812645,0.30351361880699795,0.13759186584502459,0.41512582808112103
SRS2855763,0,-0.06325965436796348,-0.0835602730512619,-0.09647957732280095,-0.10302361845970154,-0.15645881493886313,-0.07620414802477171,-0.09630917323132356,-0.1324717023720344,-0.021686953802903492,0.025429943576455116,-0.09502590323487918,-0.050129248294979334,0.006244398653507233,-0.041152606174970664,-0.0556731161971887,-0.1190837100148201,-0.1181993590046962,-0.06306093217184146,0.21441826193283,-0.13401236136754355,0.19443311666448912,0.06546823897709449,0.01426715962588787,0.12459535896778107,-0.023973761747280758,0.006222674623131752,-0.08737291542335394,-0.026137301077445347,-0.02734186624487241,0.2516635151890417,0.354811174950252,-0.02958530963708957,0.20795342698693275,0.22066464088857174,0.1587494113482535,0.32354219009478885,0.35260425383845967,0.4834978220363458,0.5546437917898098,0.39888904616236687,0.334189939002196,0.3299752523501714,0.7180455128351847,0.3350424040108919,0.6286398780842622,0.23770384149005017,0.6574132042005658,0.45938760531134903,0.28509462003906566,0.1485812080403169,0.4313706878262262,1.2166578322649002,0.32836472677687806,0.6614828743040562,1.0295498706400394,0.6500058453530073,0.8148512753347555,0.7564263592163721,0.801476139575243,0.5813279760380586,0.3525611249109109,0.5064240532616774,0.3858946313460668,0.7453183084726334
SRS2855764,0,-0.04130803979933262,-0.136580607543389,-0.10059051215648651,-0.1353213107213378,-0.12573561817407608,0.012050017501072338,0.018444457401831944,-0.010311152786016464,-0.06992350642879804,0.19073800711582103,-0.02039497345685959,-0.09096844463298719,0.058410449574391045,-0.07639145106077194,-0.09913351386785507,0.03239879757165909,-0.12166644508639972,-0.08202345669269562,0.29477878473699093,0.024269762138525646,0.1064940703411897,0.10880869347602129,-0.016410791625579197,0.28906478360295296,0.23040121048688889,0.00897245854139328,-0.05552406112353007,0.008203363666931788,-0.013836110321184,0.060219179218014084,0.3988555334508419,-0.10808169624457757,-0.04386156720768971,0.10476685625811417,0.10031655120352904,0.1625523939728737,0.15124714033057293,0.2619452526172002,0.15274981781840324,0.02361142945786317,0.017538323998451233,0.10546929389238358,0.13907639309763908,0.10973639786243439,0.336713549370567,-0.015281817565361658,0.45145335731407005,0.13860545959323645,0.016831287493308384,-0.07043851787845294,0.31570376455783844,0.6146398807565371,0.1114500326414903,0.3208983006576697,0.45140058547258377,0.26578402049684274,0.1890108773174385,0.30264814756810665,0.3405954713622729,0.14687402794758478,-0.028441510163247585,0.04369678348302841,-0.06283632727960746,0.08516768862803777
SRS2855765,0,-0.04522807151079178,-0.15374733259280524,-0.10263616715868314,-0.11911948087314765,-0.14287176728248596,0.031849776821521424,-0.060971179977059364,-0.06160883108774821,-0.08164500445127487,0.1001804555611064,-0.052020067969957985,-0.08761475142091513,0.033186157854894795,-0.09021776790420215,-0.06292768567800522,-0.005903080105781555,-0.12973419080177942,-0.06550121043498318,0.2542360558484991,-0.08588237687945366,0.11769332488377889,0.10770884963373344,-0.00792077494164308,0.14226419354478517,0.12566435585419336,0.0015291900684436162,-0.06015058048069477,-0.04514735626677672,0.010697711880008379,0.11966379964724183,0.33080323537190753,-0.08129065266499917,-0.00643139270444711,0.1724274419248104,0.0970988713670522,0.2502546440809965,0.2737637509902318,0.365189707527558,0.2929831501096487,0.10035014090438683,0.07154953976472218,0.14415038004517555,0.26443836838006973,0.2864983019729455,0.5162520830829939,0.11464595297972362,0.4636621943985422,0.25810230647524196,0.09726457297801971,-0.03577364756104847,0.4006852302700281,0.9358861222863197,0.1365925498927633,0.46379219631974894,0.6961099579930305,0.4538952714453141,0.37106333673000336,0.5535901623467604,0.6525243322054545,0.40885504831870395,0.07235626270994544,0.20473755958179632,0.07686436300476392,0.30815817415714264
SRS2855766,0,-0.07927630965908368,-0.1431392033894857,-0.11104500417908032,-0.1096506267786026,-0.1468847617506981,0.005194504793810968,-0.07690583914518356,-0.11939895215133826,-0.03892432898283005,0.08774371483984093,-0.04557377099990845,-0.08271736496438582,0.0058952632049719495,-0.0910079584767421,-0.05060056162377199,-0.11744639851773779,-0.1258806772530079,-0.07931065217902263,0.24307810080548128,-0.09900582830111186,0.17585627237955728,0.0786415118103226,0.012289421632885933,0.08716667307695995,0.027245571215947468,-0.021173577134807903,-0.06545254681259394,-0.043545809496815004,0.004756043354670207,0.230749085235099,0.36487538119157154,-0.07636195110778014,0.0827379897236824,0.20423936347166696,0.09352251067078517,0.28951303164164227,0.22977524250745773,0.41479476541280746,0.4066065587103367,0.1940009444952011,0.1868791182835897,0.22339419523874918,0.4379594375689824,0.28270870943864185,0.6347693751255671,0.17924515142415962,0.5067256839635471,0.24210600834339857,0.23179730772972107,0.10208060716589291,0.4398530426745613,0.9903278276324272,0.15946813487122805,0.5212685447186232,0.8462564957638582,0.48675743614633876,0.6076472206817319,0.5597417193154494,0.6436308945218722,0.40256501734256744,0.1411898865674933,0.21382545679807663,0.16167865693569183,0.362355067084233
SRS2855767,0,-0.07346941204741597,-0.07563142913083236,-0.07882566067079703,-0.07959178400536378,-0.15241357187430063,-0.09286777789687524,-0.09779589592168729,-0.12708272815992436,-0.027477537592252094,0.028804121762126062,-0.0805976502597332,-0.0535729785139362,0.03721742580334345,-0.06088191259186715,-0.07187237435330947,-0.12315980965892474,-0.11869385962684949,-0.0783612197265029,0.2091519550109903,-0.14879546066125235,0.17097528340915838,0.09993973343322675,-0.01936781344314416,0.1703750342130661,-0.05569080884257952,0.052078128210268915,-0.08936517899928731,-0.020683657377958298,-0.053445433576901756,0.26701097283512354,0.37077322881668806,-0.03230976996322473,0.3245473496305446,0.2448995504528284,0.1922408314421773,0.36553870886564255,0.38728013324240845,0.6205184273421764,0.5853799789523085,0.4839571850995223,0.38152511914571124,0.28067732850710553,0.7190390328566233,0.37850238227595884,0.6304712941249212,0.33003900246694684,0.6946723430107037,0.6184963681735098,0.26749282081921893,0.22630485147237778,0.48244210953513783,1.324142873287201,0.36881802945087355,0.6084675993770361,1.0838701414565246,0.7997692190110683,0.853700959434112,0.7974959146231413,0.9021645421162248,0.7271251156926155,0.35588392708450556,0.5943760027488073,0.3855429111669461,0.8290335088968277
SRS2855769,1,-0.050639915745705366,-0.03162527064948032,-0.07488903682678938,-0.09348875470459461,-0.12455644365400076,-0.10408810267199442,-0.12092955348392327,-0.08248147927224636,-0.0961731451873978,-0.06586006415697436,-0.10217246102790038,-0.07219040673226118,0.07400527534385522,-0.059087285422720015,0.016770892776548862,-0.10066521788636844,-0.12631854081215957,-0.04184608766809106,0.32699237888058025,-0.13347309455275536,0.11954444150129954,0.1517614968276272,-0.12208859249949455,0.32845862333973247,-0.02123081808288892,0.2240320366496841,-0.06540384834321837,0.08430094147721927,-0.04827448601524035,0.1536723685761293,0.39461999634901684,0.15617465771113834,0.47475827547411126,0.21361833748718104,0.16677127654353777,0.2274628047210475,0.5618222976724306,0.5142725681265196,0.49758903061350185,0.42052025223771733,0.43017535159985226,0.2877415306866169,0.7403185963630676,0.48857636004686356,0.7284408211708069,0.32398007313410443,0.8873976354176799,0.7129286414322754,0.08955275263482083,0.3408212612072627,0.5092706130817533,1.3752203894158204,0.31832405253468704,0.443985973795255,1.0296929714580376,0.6869470812380314,0.7226556837558746,0.6761045623570681,0.92014797963202,0.6855238446344932,0.34618657796333235,0.5413996800780296,0.4613020805021127,0.5276329033076763
SRS2855770,1,-0.061555171540627875,-0.0835777868827184,-0.0790569819509983,-0.09806788340210915,-0.14797846724589667,-0.09017477346787928,-0.012041280046105385,-0.12935826927423477,-0.06751216699679692,-0.08790367643814534,-0.07480393101771672,-0.037592810268203415,0.04603012464940548,-0.06468893370280664,-0.07387700242300828,-0.12038573746879895,-0.11128222818175952,-0.10609240084886551,0.2835592476185411,-0.14194826409220695,0.17146793007850647,0.08795407383392255,0.019196817030509312,0.050289954990148544,-0.10828882331649463,-0.030428612294296425,-0.08087950758635998,0.040963529609143734,-0.08041784850259621,0.26662051615615684,0.3036726842013498,-0.004744082689285278,0.5177326158930858,0.1895922323067983,0.18978764985998473,0.31263525287310284,0.44714950521787006,0.49138309558232623,0.596927847713232,0.4059181672831376,0.441510076324145,0.31450650716821354,0.9167792772253355,0.35611624643206596,0.7111670325199763,0.32723290224870044,0.864093283812205,0.5801677304164817,0.39040815085172653,0.4706929496799906,0.49122191468874615,1.2719168327748775,0.2392726632145544,0.5946243243912855,0.9221516189475855,0.7960191660871109,1.087814498692751,0.7929427614435554,0.8466332253689567,0.6884848686556021,0.38324341053764027,0.6569066438823938,0.5253308340907097,0.8609680539617935
SRS2855773,1,-0.06657785375136882,-0.013349714378515879,-0.05811148198942343,-0.0871779794494311,-0.1342265928785006,-0.1227446963772915,-0.10383653609702985,-0.1261865540097157,-0.06849279503027599,0.05371240930010875,-0.12991951095561186,-0.07822882725546758,-0.02863141770164172,-0.10383532475680113,-0.08221432814995448,-0.10684068749348323,-0.12577372727294764,-0.09671298849085967,0.2500504752000173,-0.12499124060074489,0.19324574619531631,0.06784666981548071,-0.05390920117497444,0.1283401932256917,-0.037083499133586884,0.06328172485033672,-0.05736984002093474,0.1687506108234326,-0.04386590297023455,0.10994065622799098,0.30754063619921607,0.08028160221874714,0.46247454670568305,0.0788848342684408,0.21530933553973833,0.08393977116793394,0.5846060042579969,0.33082641909519833,0.28554098556439084,0.38314880803227425,0.4732707117994626,0.1044041549321264,0.5601465937991937,0.3087766282260418,0.46785899500052136,0.08203902763004105,0.3684580735862255,0.4311186708509922,0.2835123538970947,0.3369458479185899,0.37480590119957924,0.9448014379789432,0.024164636619389057,0.30675104229400557,0.3813425141076247,0.5744833822051684,0.7146037630736828,0.5915738690334061,0.5329440742110213,0.40356788660089177,0.15457025729119778,0.31188246607780457,0.1847297896941503,0.4648474020262559
SRS2855774,1,-0.02063680284967025,-0.08472264309724171,-0.10945586984356244,-0.1054099714383483,-0.13484228402376175,0.0432773036591243,-0.007287134726842244,-0.05323198034117619,-0.07371681618193786,0.21255295413235822,-0.01042547139028708,-0.0889942953363061,0.07806114805862308,-0.0782031724229455,-0.0732026460270087,0.10490813975532849,-0.12723897770047188,-0.07777746425320704,0.31876949593424797,0.07172498727838199,0.16164099673430124,0.19225654502709708,-0.050469821939865746,0.19167051340142885,0.20854075253009796,0.012625420776506266,-0.047397647984325886,-0.03619841362039248,-0.024248907963434856,0.04233326359341542,0.4649215353031953,-0.08385934789354603,0.04897857829928398,0.11774394164482753,0.10308132568995158,0.1759063775340716,0.16763127456457974,0.29121798028548557,0.03345084966470798,0.028081922481457394,0.16481235375006995,0.05524471402168274,0.05021404723326365,0.07649720460176468,0.46088507305830717,-0.01579032838344574,0.37520942216118175,0.15513394679874182,0.03839293859588603,0.06281805535157521,0.3449331733087699,0.5644537582993507,0.0718242044871052,0.26322578142086667,0.2826780155301094,0.3372393436729908,0.3137162725130717,0.39887238293886185,0.5044996968160073,0.3297439819822709,-0.006389663865168889,0.15355548805867633,0.024747546451787155,0.20374790703256926
SRS2859541,1,0.0009445293496052424,0.03642688443263372,-0.07522432288775842,-0.05089446281393369,-0.099750775222977,-0.11011212144512683,-0.040579370222985744,0.01828760529557864,-0.11137015869220097,0.05574864521622658,-0.1456510884066423,-0.09494940711495777,-0.02647520850102107,-0.08669373548279206,0.011371993770202002,0.014353382090727488,-0.13111173237363496,-0.02783079631626606,0.2426960145433744,-0.04908702553560337,0.1779598154244013,0.06033324170857668,-0.06389900545279185,0.20846097419659296,0.031334626177946724,0.2390094275275866,0.006272690370678902,0.14398238062858582,0.014603892341256142,0.005847059190273285,0.26099335805823404,0.20762715302407742,0.32664372702129185,0.06828493128220241,0.19842999428510666,0.15296656265854836,0.6215159296989441,0.3041788736979167,0.3298407822730951,0.33137108230342466,0.31096544365088147,0.11045126368602116,0.5616839273522297,0.39542134292423725,0.5154891330748796,0.08446408150484785,0.3807658130923907,0.3382790597776572,0.07707593900461991,0.30210141092538834,0.2731035426259041,0.9117793167630831,0.07844933743278186,0.22560269758105278,0.42257435418044526,0.47654348487655324,0.5181341922531525,0.5456169371803602,0.3258028674560289,0.2552097253501415,0.03373213981588682,0.2955038982133071,0.15495718208452067,0.47982656210660934
SRS2859542,1,0.043053414672613144,-0.13205224896470705,-0.12571502725283304,-0.12401005625724792,-0.15604146818319956,0.09105775417022717,-0.04791886235276858,-0.09147758036851883,-0.08804868658383687,0.028572882991284132,-0.053031974782546364,-0.028413252905011177,0.08913443516939878,-0.08069351688027382,-0.028781189272801082,0.14868466226228824,-0.119569793343544,-0.07070620140681665,0.32137588659922284,-0.10389973161121209,0.1548980474472046,0.2203899184241891,-0.09220159736772378,0.3034108132123947,0.1667036321014166,0.0602973106627663,-0.07424654594312112,-0.041215415752958506,-0.014318448801835379,0.13892432667004564,0.39516589045524597,-0.020052391414841015,0.19298711667458215,0.22038241506864628,0.14666672586463392,0.11469108114639918,0.26826663097987574,0.411004023005565,0.18999481635789076,0.07425440351168315,0.2040638905018568,0.08316747564822435,0.27619402079532546,0.2001970577208946,0.5984286597619454,0.1371086984872818,0.6241541958103577,0.26055829126077396,0.15125607450803122,0.07158913711706798,0.41063839631776017,1.0028584226965904,0.09242578851990402,0.49445811410744983,0.5207101791165769,0.5095846323917309,0.3605819847434759,0.6833398366967837,0.756519727408886,0.5866466040412585,0.2805146450797717,0.5742882440487543,0.22922522450486818,0.5090748618046442
SRS2859544,0,-0.07067404376963775,-0.12194027130802472,-0.10668032926817735,-0.13543065513173738,-0.13711809118588766,-0.08491560914747727,-0.06404255765179794,-0.0983612129833394,-0.05938087900479635,0.08743340459962685,-0.09311338017384212,-0.07375674415379763,0.027732464174429577,-0.0778515413403511,-0.10252880832801263,-0.10285455756820738,-0.10834239795804024,-0.05848362265775601,0.1914455983787775,-0.11264257117485006,0.11434958502650261,0.09611026135583718,-0.018783751875162125,0.15178719594647797,0.03874196112155914,-0.013788305533428987,-0.0984674288580815,-0.024583412955204647,0.007585545380910237,0.10392963886260986,0.2785779284313321,-0.03699590638279915,0.02394369648148616,0.1270586003859838,0.1601400108387073,0.22208826740582785,0.3104316610842943,0.3816768179337184,0.3753640217085679,0.2204440881808599,0.11840833723545074,0.235701156159242,0.6040223812063535,0.22692601258556047,0.3856165111064911,0.05432030061880747,0.5882417111036679,0.2376501951366663,0.0742422305047512,0.0013085780665278435,0.32789816707372665,0.8086407445371151,0.17693254351615906,0.4108919189311564,0.671884992470344,0.34913467448980856,0.32949888085325557,0.4546949528157711,0.47131849080324173,0.2716820997496446,0.06211935515360286,0.11820240567127864,0.09911574609577656,0.24103258301814398
SRS2859546,0,-0.04742435738444328,-0.10977829185624917,-0.11698994909723599,-0.13801084334651628,-0.09511971473693848,-0.00612742047815118,0.09152552857995033,-0.0484745129942894,-0.09140758588910103,0.20099286936844388,-0.03134086728096008,-0.06080721070369085,0.12240954364339511,-0.0700966442624728,-0.11060263325149815,0.07779469961921374,-0.04103564967711767,-0.09304000708895425,0.2975584330658118,-0.03197309002280235,0.07383533443013827,0.10105743693808715,-0.06008046120405197,0.2612724614640077,0.23808444167176882,0.04986230283975601,-0.06323319921890895,-0.005302274599671364,-0.06993755636115868,0.046834271401166916,0.3561882694872717,-0.08540760073810816,-0.04015503947933515,0.06828775815665722,0.08932042835901181,0.15990457187096277,0.16292516266306242,0.28407458898921806,0.0525671374052763,0.014817867428064346,0.015555892915775379,0.05953499674797058,0.11217032466083765,0.05263504758477211,0.28091271718343097,0.05539140850305557,0.5131374821066856,0.2110272434850534,-0.03144065601130327,-0.09452452386418979,0.31313247470340383,0.625111403564612,0.05706283691688441,0.28642861172556877,0.391081524391969,0.3125785781691472,0.18502617130676904,0.3901812881231308,0.3994108587503433,0.31003648104767006,-0.06080270310242971,0.1443023985872666,-0.028728751155237358,0.20855542039498687
SRS2859548,0,-0.050122898227224745,-0.12845761328935623,-0.1036138938119014,-0.12131327639023463,-0.14272177095214525,-0.04977876058061762,-0.07727148042370875,-0.07409059659888347,-0.0644892230629921,0.08893518277909607,-0.09075507024923961,-0.0789341915709277,0.016547580249607563,-0.0736534958705306,-0.08533020503818989,-0.06611527378360431,-0.11919096360603969,-0.050968102334688105,0.2013421052445968,-0.09895385553439458,0.11938728267947833,0.09389306682472427,-0.013705130045612654,0.2258247695863247,0.09415057425697644,0.056531217958157264,-0.08706844644621015,-0.06160898537685474,0.01879527613831063,0.11486659074823062,0.29023773968219757,-0.06609589140862226,-0.0003976126511891683,0.16926138227184614,0.14746330243845782,0.23893713454405466,0.30616145363698405,0.3768894563739498,0.34622275720660883,0.17302350824077925,0.05679821719725927,0.19710469525307417,0.48373131453990936,0.31661638617515564,0.4020543073614438,0.1288240427772204,0.5660939812660217,0.2272950808207194,0.08285466503972809,-0.03468875893546889,0.4096651940296094,0.9849936465422312,0.20944410360728702,0.48700434792165953,0.7578255819777647,0.42384691536426544,0.34500359868009883,0.5295558621486028,0.564943345884482,0.3716394975781441,0.07016364298760891,0.1754895312090715,0.10281854619582494,0.26933226486047107
SRS2859550,0,-0.002704033317665259,-0.13147475135823092,-0.08781529559443395,-0.1034605751434962,-0.1383573810259501,0.09018991910852492,-0.010274417698383331,-0.020994057257970173,-0.0921353946129481,0.05881177187742045,-0.0264050147185723,-0.0801448527102669,0.06912464617441098,-0.09035808236027758,-0.021468246045211952,0.11753889173269272,-0.10033747678001721,-0.07940762055416901,0.2240211938818296,-0.07589090180893739,0.05120674831171831,0.1410358945528666,-0.0336622791364789,0.207301065325737,0.15701042860746384,0.12722506125768027,-0.057496342808008194,-0.06737783799568813,0.000676669180393219,0.05191144261819621,0.28246231625477475,-0.06770054996013641,-0.05191138945519924,0.15360979146013656,0.11565067696695526,0.24242026545107365,0.18144162744283676,0.2945722285658121,0.18853350107868513,-0.0009206823694209257,0.04754027041296164,0.04665113613009453,0.11962018969158332,0.21389492508023977,0.5142508220548431,0.1338270977139473,0.4963206071406603,0.20458749557534853,0.047592490911483765,-0.07517824446161588,0.34550681958595914,0.8413031784972796,0.07704573776572943,0.45561510417610407,0.5615878614286581,0.4423922151327133,0.2472246022274097,0.5445143133401871,0.5961418015261492,0.5475263620416323,0.04128270006428162,0.3052680616577466,0.11811757832765579,0.3865966411928336
SRS2859554,0,-0.056670390535146,-0.005868400136629741,-0.11045738185445468,-0.09166815931287904,-0.13236371924479803,-0.08479650030312769,-0.04572787322103977,-0.09469269340236981,-0.08224993695815404,0.16944340616464615,-0.09999813698232174,-0.05509422098596891,0.06656598920623462,-0.048849658419688545,-0.10025791358202696,-0.046202717969814934,-0.09020002589871486,-0.08173157261141266,0.3155494307478269,-0.08426086356242497,0.187928330929329,0.1013354870180289,-0.07818533355991046,0.30244795233011246,0.12123116975029309,0.1147390496917069,-0.11009659493962924,0.04487905228355279,-0.06585477044185002,0.11838092530767123,0.377535172427694,-0.024526065525909264,0.05650012008845806,0.10298380178088944,0.1454532815453907,0.17670132716496786,0.2574108000844717,0.4183989701171716,0.21880244153241316,0.24438812707861265,0.12320272314051788,0.14795132478078207,0.39596556033939123,0.21545616630464792,0.36777935177087784,0.10543917554120223,0.6247840107729038,0.28049909075101215,0.0004708717266718547,-0.05877091083675623,0.3256939835846424,0.8283299406369528,0.1898728635472556,0.37842262303456664,0.5251523926854134,0.33236398609975976,0.2671232004649937,0.45033633258814615,0.4778584974507491,0.37218202278018,0.04158729596141105,0.18666303107359758,0.09380496495092909,0.31612545003493625
SRS2859559,0,-0.03405675912896792,-0.07168356453378995,-0.11234595999121666,-0.13984214079876742,-0.10925228862712781,-0.023761850253019173,0.03809758648276329,-0.10408167804901798,-0.09852910041809082,0.15676796808838844,-0.0940761702756087,-0.06266277547304828,0.09392472977439563,-0.07823395356535912,-0.08542619459331036,-0.007063533489902814,-0.0997228544826309,-0.10404291019464533,0.3406124586860339,-0.02452179044485092,0.13049667701125145,0.14741272651978457,-0.07290102913975716,0.23557467882831892,0.17011132525901,0.03094370022881776,-0.06994259140143792,0.04731016606092453,-0.055417075442771115,0.10317587293684483,0.35909338605900604,-0.050627814838662744,0.09037323854863644,0.07643690705299377,0.13318360687117092,0.09213719967131813,0.1860830665876468,0.2481287568807602,0.11199453122875032,0.07472332070271175,0.12898493061463037,0.09734954374531905,0.19366033928235993,0.08855473498503368,0.389431153734525,-0.04795132825771967,0.48585988643268746,0.17853810614906251,0.048258320117990174,0.0017034408325950305,0.33292430204649764,0.5727227553725243,0.1086721895262599,0.26800017307202023,0.290718138217926,0.24902692685524622,0.25017107588549453,0.27920540732642013,0.3442102922126651,0.15335920453071594,-0.00201673557360967,0.08032426424324512,-0.037421525766452156,0.12873605142037073
SRS2859560,0,-0.0789057482033968,-0.046464214101433754,-0.08301879713932674,-0.09830714265505473,-0.1439550705254078,-0.09759527489829149,-0.0752796668772741,-0.12249488631884257,-0.057740550488233566,0.05233963489687691,-0.09582330969472726,-0.05227254734685024,0.03587940769890944,-0.04930334476133188,-0.09816696246465047,-0.0838618315756321,-0.10060101421549916,-0.0804733200930059,0.2326981583610177,-0.12173296418040991,0.13552471374471983,0.0809711404144764,-0.03939380620916685,0.22792092710733414,0.006986396697660287,0.06648758302132289,-0.10226107016205788,-0.017859943211078644,-0.05022211621205012,0.13775506863991419,0.3521250548462073,-0.0314001872514685,0.14032115383694568,0.1777875895301501,0.20419464850177368,0.29351390649875003,0.3776310139025251,0.42614669849475223,0.3781025406594078,0.3312906449039777,0.21681742245952287,0.2246627683440844,0.5846619624644518,0.26686011503140133,0.47730498264233273,0.1845656936056912,0.6111863379677137,0.42851662045965594,0.09741503155479829,0.01958563302954038,0.3935066871345043,1.0166291076069076,0.28431799324850243,0.43912864523008466,0.7373896787563959,0.587624209622542,0.5074619688093662,0.647894746119467,0.6893965688844522,0.5387620081504186,0.15119369700551033,0.37530653675397235,0.18043613558014235,0.5537012020746866
SRS2859563,0,-0.081392885496219,-0.13435718541344008,-0.1019841677819689,-0.12556961799661318,-0.13996573785940805,-0.04290812548909647,-0.07734826765954494,-0.13267548754811287,-0.059946286181608834,0.057402732937286295,-0.046445650358994804,-0.08807424238572518,-0.008293639868497849,-0.11217220220714808,-0.059106793254613876,-0.13112513038019338,-0.12833369771639505,-0.050861348087588944,0.2704318140943845,-0.08697717140118282,0.13699491197864214,0.09505973445872466,-0.003147447481751442,0.07037544871369998,0.00267942746480306,-0.0587089459101359,-0.08590822480618954,-0.01030652675156792,0.012499120086431503,0.12134944771726926,0.4120608667532603,-0.05898940314849218,0.13404186633367013,0.19662809620300928,0.11030727749069531,0.24244295060634613,0.2603432163596153,0.4006548821926117,0.29972893248001736,0.2520240272084872,0.23291456699371338,0.18895097713296613,0.4851880259811878,0.27127274746696156,0.4010142907500267,0.06555092489967744,0.4478994905948639,0.16286673521002135,0.15902473901708922,0.04369635507464409,0.3284268716039757,0.9836671302715937,0.09378584971030553,0.402288797001044,0.7968614113827547,0.40176133640731376,0.5475630630583813,0.42425085480014485,0.552058690538009,0.3343449880679448,0.1864447727178534,0.14047878670195738,0.1584907720486323,0.24174468234802285
SRS2859564,0,-0.052910096012055874,-0.1295819692313671,-0.10920251285036404,-0.13563706104954085,-0.128702728698651,-0.0176342039485462,0.015790528307358425,-0.08648831894000371,-0.10379498700300853,0.13292128903170428,-0.04035666833321253,-0.075543739212056,0.072061438113451,-0.09360906171302001,-0.10697648231871426,-0.02177802970012029,-0.09298386176427205,-0.08379747144257028,0.326090673605601,-0.05877644817034403,0.1104075089097023,0.11508570136114334,-0.018768022457758587,0.15009071553746858,0.10319141034657757,-0.024552704533562064,-0.09824940313895543,0.0007976548125346502,-0.01547536623547785,0.01400798186659813,0.3606664724647999,-0.05450082446138064,-0.015763218359400828,0.11172646284103394,0.09620056456575792,0.16952817514538765,0.2621528369685014,0.32291122650106746,0.17474260181188583,0.10244709625840187,0.018570130690932274,0.12626447901129723,0.3038024763421466,0.15256150315205255,0.3025886118412018,0.019921671599149704,0.5755207660161735,0.17123945034109056,-0.03918714448809624,-0.06256417371332645,0.3043739988158147,0.737212515125672,0.09068368786635499,0.3533457809438308,0.5146296843886375,0.27832320394615334,0.274263590729485,0.34533433119455975,0.41737025137990713,0.2832876282433669,-0.004643486812710762,0.09175853555401166,0.035898659378290176,0.1888121742134293
SRS2859565,0,-0.09686108585447073,-0.15782279521226883,-0.10815143212676048,-0.12044816976413131,-0.1382120649019877,0.016248481231741607,-0.09785163045550387,-0.09335193907221158,-0.04755740364392599,0.031412070927520595,-0.06092924252152443,-0.09495792382707198,-0.028569992631673813,-0.10726524144411087,-0.04423645883798599,-0.11732214130461216,-0.12990554918845496,-0.05295394298930963,0.13364670301477113,-0.11825339247783025,0.12905212119221687,0.07583627539376418,0.05881440592929721,0.06095926401515802,0.017304067810376484,-0.013084410379330317,-0.04696379213904341,-0.034247259298960366,0.054517327497402825,0.15926260314881802,0.21001192717812955,-0.08276274676124255,0.002411065623164177,0.28406591216723126,0.098088461595277,0.32856036101778346,0.27319710577527684,0.23302456084638834,0.5154423154890537,0.1196903685728709,0.11832954237858455,0.2074567253390948,0.5196544776360194,0.2022889368236065,0.6146148294210434,0.1617645084237059,0.4076833774646123,0.14956928913791975,0.202467809120814,-0.0347444632401069,0.37340035289525986,1.0090943649411201,0.13141788713013133,0.5304873657102386,0.8094548458854357,0.5656262759972984,0.5232512094080448,0.6626166041630009,0.6533531571427981,0.4245814271271229,0.144152811417977,0.28639567860712606,0.10789426664511363,0.4516851678490639
SRS2859566,0,-0.00828595831990242,-0.1051628061880668,-0.10708418923119704,-0.1267029009759426,-0.14815146724383035,0.005491851198409374,-0.06708235293626785,-0.12572929449379444,-0.09103979915380478,0.007865733893898627,-0.08383818839987119,-0.06431129885216554,0.06213758637507757,-0.08201250340789557,-0.05659215648969015,-0.02405647374689579,-0.12747403979301453,-0.08639336315294106,0.30101295933127403,-0.11278103866303961,0.1673724390566349,0.15672556353577724,-0.06092702907820543,0.19520379851261774,0.07782621930042903,0.12276056527237718,-0.08079990278929472,-0.01048221493450304,-0.04721883311867714,0.1082830789188544,0.34501028518813354,0.005543261766433716,0.2650014125198747,0.2304002189387878,0.13515433044328043,0.18244739497701326,0.37334688504536945,0.39996886253356934,0.3892426447321971,0.17469916120171547,0.2629774051407973,0.10795508387188117,0.4413558840751648,0.24414250627160072,0.6173730045557022,0.18101821963985762,0.588590696764489,0.3930459177742402,0.11330169873932998,0.05377102270722389,0.38139669597148895,1.076199563841025,0.1240130546502769,0.4633112605661154,0.5982753845552603,0.6394606462369362,0.4898801703626911,0.7407412851850191,0.8480735630728304,0.728740199158589,0.2962845290700595,0.5949752901991209,0.276321604847908,0.6742914517720541
SRS2859567,0,-0.05849491556485494,0.04431361829241117,-0.09301526099443436,-0.09860877506434917,-0.13265222993989786,-0.083250014281172,-0.10684744144479434,-0.12500584094474712,-0.04796813428401947,0.054449495840041585,-0.09224790893495083,-0.06492137505362432,0.08207105317463477,-0.045602719338300325,-0.05612814581642548,-0.11937681958079338,-0.12394419071885447,-0.07007783713440101,0.28658406079436344,-0.13123410396898785,0.20641211544473967,0.138924596287931,-0.0695379910369714,0.28202409856021404,0.04155131305257479,0.17479717607299486,-0.028275176882743835,-0.0074570247282584505,-0.03408896798888842,0.19009514013305306,0.22814594426502785,-0.028099977876991034,0.4468592355648677,0.09029718364278476,0.22322037365908423,0.19970001777013144,0.3945791460573673,0.4828963230053584,0.5915118949487805,0.34571624857683975,0.3585248313223322,0.13675516471266747,0.6580537582437197,0.44282952540864545,0.7076092114051183,0.2590388705333074,0.5072366160651048,0.5990633085990945,0.2938522944847743,0.21686680987477303,0.5920913393298785,1.3095519770868123,0.26481784352411825,0.5560057355711857,0.7609472759068012,0.7983351896206538,0.8082210132852197,0.8027980700135231,0.9145482977231344,0.6892123160262903,0.36979021007816,0.618008757630984,0.37206536531448364,0.763637392471234
SRS2861563,0,-0.0974261121203502,0.012265289823214212,-0.04729910381138325,-0.11011537599066894,-0.11915827977160613,-0.10925316058273893,-0.03410916884119312,-0.06190725229680538,-0.10956888770063718,-0.01745615527033806,-0.09869628461698692,-0.08247609840085109,-0.04754626052454114,-0.0546974327104787,-0.052511620024840035,-0.022586200386285782,-0.15409169346094131,0.04962793489297231,0.2392772821088632,-0.08101669450600942,0.28902744051689905,0.11514274938963354,-0.06329303607344627,0.08381506179769833,-0.0937273142238458,0.0597038504978021,0.06002050886551539,0.027214450140794117,-0.09553553350269794,0.09147758036851883,0.14099409338086843,0.12325253648062547,0.6219471661994854,0.23319373031457266,0.23470582937200865,0.2575522406647603,0.5892438708494107,0.5009103640913963,0.574903067201376,0.36834947640697163,0.47423649206757545,0.23372691745559374,0.9657061646382014,0.3917943226794402,0.6900273424883684,0.1194036640226841,0.43955436659355956,0.4295875681564212,0.38627588252226513,0.4637238271534443,0.3370264135301113,0.9777981266379356,0.14965607536335787,0.17287486294905344,0.5347399661938349,0.598449864735206,0.6123540862463415,0.5657812027881542,0.4533086183170478,0.28730328132708866,0.18844009439150491,0.39326145794863504,0.1967283859848976,0.691255954404672
SRS2861568,0,-0.0778429248991112,-0.14582851777474085,-0.11245232510070007,-0.1363543557624022,-0.14442455396056175,-0.03867244032638458,-0.08380499109625816,-0.09640338970348239,-0.07051479195555051,0.09190058552970488,-0.06194415191809336,-0.08861229444543521,-0.004829882954557736,-0.09385712656270091,-0.07804262513915698,-0.10335976754625638,-0.12438732137282689,-0.05605167460938295,0.2110066507011652,-0.09578139583269756,0.12327770081659158,0.09186664130538702,-0.012778836612900099,0.10740012923876445,0.0524061843752861,-0.009318884462118149,-0.06803454970940948,-0.023369498550891876,0.04596297194560369,0.12182535727818807,0.3082412655154864,-0.08380029660960038,0.025611615118881065,0.17950604856014252,0.11490392785829802,0.2510697891314824,0.24772578291594982,0.27437134211262065,0.32433255948126316,0.16061961899201074,0.14199044307072958,0.18894568861772618,0.47182977199554443,0.2123659923672676,0.5102330408990383,0.08348202208677928,0.4851175616495311,0.1738994171222051,0.12259693692127864,-0.0070362693901794655,0.3757752929959679,0.8991763194402059,0.11945374154796203,0.4182722031449278,0.6763984089096388,0.4278165753930807,0.45748896586398285,0.5234848239148656,0.5567382735510668,0.3258085598548253,0.08220473242302735,0.21502450232704481,0.1049465003112952,0.3000408584872882
SRS2861655,0,-0.0717704597239693,0.011071306963761648,-0.10274253288904826,-0.0941257002511217,-0.13869796941677728,-0.0899886637259139,-0.03909203534324964,-0.1214480164150397,-0.06699266160527866,0.14007104483122626,-0.08918748920162518,-0.02947755033771197,0.04976524536808332,-0.04434491787105799,-0.10641314997337759,-0.024125729997952778,-0.10773170366883278,-0.09577589474307995,0.26493566669523716,-0.055768207957347236,0.16532925764719644,0.10062091300884883,-0.07573906828959782,0.20870048676927885,0.05996707205971082,0.07766703640421231,-0.10947129378716151,0.014262435957789421,-0.07385302955905597,0.10801208267609279,0.44615648469577235,-0.01266975204149882,0.12776179052889347,0.06764158358176549,0.16412929197152457,0.23378314139942327,0.23234296993662915,0.4077327872316043,0.19240578481306633,0.28971761868645746,0.21738459542393684,0.13542252282301584,0.38296021955708665,0.13412068411707878,0.33007406691710156,0.10843116394244134,0.6156632207954923,0.3513718315710624,0.038374329606691994,-0.004283435642719269,0.31493758006642264,0.7600239850580692,0.18556063591192165,0.3249526556270818,0.44352269172668457,0.3501171413809061,0.39459652081131935,0.44585205366214115,0.49564260865251225,0.4334723570694526,0.07981142525871594,0.21540826621154943,0.14900985608498254,0.3328951553752025
