,label,dim_0,dim_1,dim_2,dim_3,dim_4,dim_5,dim_6,dim_7,dim_8,dim_9,dim_10,dim_11,dim_12,dim_13,dim_14,dim_15,dim_16,dim_17,dim_18,dim_19,dim_20,dim_21,dim_22,dim_23,dim_24,dim_25,dim_26,dim_27,dim_28,dim_29,dim_30,dim_31,dim_32,dim_33,dim_34,dim_35,dim_36,dim_37,dim_38,dim_39,dim_40,dim_41,dim_42,dim_43,dim_44,dim_45,dim_46,dim_47,dim_48,dim_49,dim_50,dim_51,dim_52,dim_53,dim_54,dim_55,dim_56,dim_57,dim_58,dim_59,dim_60,dim_61,dim_62,dim_63
SRR6505418,1,-0.06744286630834852,-0.11107349395751953,-0.07785146683454514,-0.040660058214728324,-0.1011828032455274,-0.12776286687169755,-0.07187647638576371,-0.09344703358198915,-0.10493163471775395,-0.06867072092635292,-0.09696086921862193,-0.13187373110226222,-0.14666900145156042,-0.007508377278489726,-0.021840925195387433,-0.07992442377976008,-0.05955213361552784,-0.1056480740330049,-0.13954697017158782,-0.09528420865535736,-0.019422443317515508,-0.14581452948706491,-0.03652719621147428,-0.02293353740658079,0.007679259537586144,-0.1192307407701654,-0.12744269307170594,-0.11276987567543983,-0.10329086439950126,-0.125873259135655,0.3091863580048084,0.5461722218564579,0.3342355224636516,0.046383673059088845,0.7689237182161638,0.7551123384037055,0.48837609376226154,1.29824931706701,0.5372091217764786,0.9736279760088239,1.1588928954941886,1.1946204560143607,1.1337568781205587,1.02123090837683,0.2888974999742849,0.5488644029412951,1.3317013893808638,0.5421784392424992,0.9559980567012515,1.2414186942790235,1.2085288607049733,0.2957186209303992,0.7830743491649628,0.9581854950104441,0.8123970776796341,0.7455513993544238,0.5706401552472796,0.4331878013908863,0.8994368245559079,1.06294612799372,0.7421858928033284,1.2447497525385447,0.6345037637012345,1.2455733333315169
SRR6505419,1,-0.0709880031645298,-0.09759101883641311,-0.09131183954221862,-0.04421799709754331,-0.10971460597855705,-0.12361941007631165,-0.068575669080019,-0.07875145878642797,-0.10179294486130987,-0.08167888490217072,-0.10608114089284625,-0.11740676420075553,-0.13746042815702303,-0.001517945102282933,-0.03684364152806146,-0.09372524065630776,-0.07331203669309616,-0.08904847276530095,-0.14179421641996928,-0.09681039642808693,-0.026390610528843745,-0.14231909811496735,-0.045936843646424155,-0.03387683457029717,0.027583236074341193,-0.11753582209348679,-0.12503654190472194,-0.0853759731149434,-0.1152870851968016,-0.129752122930118,0.3473434640992699,0.649176649749279,0.4036810616297381,0.052594435534306934,0.9182517036263432,0.8364122068243367,0.5178223646112851,1.4169171707970756,0.5652190755520549,1.0495512911251612,1.2268030473164149,1.363596567085811,1.2458985171147756,1.0693015988383974,0.31682950843657764,0.6572570726275444,1.4458653245653426,0.5910209183182035,0.9573088458606175,1.3401912498686994,1.2412801384925842,0.310740607923695,0.9030237038220678,1.0542093443551235,0.8547380034412656,0.8466140244688306,0.6932155299998287,0.5066209089543138,0.9539121378745351,1.0759743324347906,0.7112381788236755,1.118035688996315,0.6221247166395187,1.3249627479485102
SRR6505420,1,-0.08930543304554053,-0.08574936831636089,-0.03520464178706918,0.013101851301533836,-0.11245088811431612,-0.11648742704918343,-0.08743996348909734,-0.07243301550624892,-0.07923441579831499,-0.08206367758767945,-0.11413049099168607,-0.1114433759025165,-0.1177177085940327,0.016645509749650955,-0.05981761696083205,-0.09730002816234316,-0.08034007597182478,-0.06289052364549466,-0.13493264040776662,-0.08475692463772637,-0.04048730220113482,-0.1374562829732895,-0.042209025738494735,-0.047275779635778496,0.03802982385137251,-0.10200624167919159,-0.11658224995647158,-0.0664187560656241,-0.08711748250893184,-0.11449451957430158,0.44003897958568167,0.6918574614184243,0.4796364850231579,0.0646631009876728,0.9555192068219185,0.8838102993156228,0.42265590014202253,1.4022842062570686,0.6403459331818989,1.068192000899996,1.2508915896926607,1.418128754411425,1.2704099608319146,1.1200940353529794,0.3021656916077648,0.794525363615581,1.374930007117135,0.5580124706029892,0.8163524365850857,1.2715602644852229,1.1732058695384435,0.33080110007098745,0.9013650566339493,1.0915156030761344,0.8072831082556929,0.8049403397100312,0.7228006677968162,0.44968246003346785,0.9838775949818748,1.0130508483520575,0.5093802145815322,0.88987940124103,0.5421929614884513,1.274616815149784
SRR6505421,1,-0.09255068536315646,-0.09198337740131787,-0.0554779762668269,-0.0557898474591119,-0.10720107864056315,-0.11205098046255964,-0.05318433383945376,-0.07693798028464828,-0.09054547934127706,-0.08576258750898498,-0.09552694537809917,-0.12710185136113847,-0.13290532917848655,0.003203381917306355,-0.01416734526199954,-0.0751147038702454,-0.0636177696287632,-0.08314798971904176,-0.140871419438294,-0.0963466406932899,-0.019314165892345563,-0.1462445216519492,-0.013272086690579141,-0.020529156883380244,-0.005725489397134099,-0.1280877994639533,-0.12128810265234538,-0.08920438777256225,-0.09351222749267306,-0.14130523055791855,0.4127524681306178,0.6669067367911339,0.3600796253553459,0.05745895792331014,0.9185072002666337,0.8789115739720208,0.5143722157393184,1.3640898995633637,0.6126968413425077,1.1831703569207872,1.2941925440515791,1.3742324241570063,1.2555494521345412,1.2279102525540762,0.3502138725348881,0.7384269833564758,1.4751459615571159,0.6784092336893082,0.983596642102514,1.4213068006294114,1.2932486917291368,0.3881498910486698,0.9129994519587074,1.146608215357576,0.8970843936715808,0.9162444610680852,0.6759195753506252,0.5242100932768413,1.0188007109931536,1.2383519730397634,0.7655480014426368,1.2425472800220763,0.6152941925185067,1.3797866252384015
SRR6505422,1,-0.09752457003508296,-0.08637317935270923,-0.03876198349254472,-0.03754886505859239,-0.11178499992404665,-0.10927976135696683,-0.0587903843978503,-0.07502616509529096,-0.08146075824541706,-0.08594010131699699,-0.09989145291703087,-0.12344049236604146,-0.1279164028487035,0.0314990763685533,-0.021147482629333223,-0.07808751706033945,-0.0644918613667999,-0.07720580025176917,-0.1385323777794838,-0.09394161421473005,-0.026715028498853956,-0.14458293680633819,-0.0033887051311986788,-0.012882079263882977,0.008704072529716151,-0.1307337603398732,-0.11499752051063947,-0.07784662355801888,-0.08663240926606315,-0.13355448842048645,0.44428291131875347,0.7372574231454304,0.38788696910653797,0.042225584387779236,0.9660324464951243,0.9016387574374676,0.5002457414354596,1.364397977079664,0.6059285061034773,1.232968732714653,1.312091316495623,1.449324905872345,1.3022484417472566,1.274018176964351,0.3571362687008722,0.8051890156098774,1.4989285469055176,0.7231669287596431,0.9674413821526936,1.465824811586312,1.3050992063113622,0.406599993484893,0.9124913087912968,1.2224339369152273,0.9167648106813431,0.9606414692742484,0.7624103639807019,0.5391618460416794,1.089570626616478,1.287206269800663,0.7253591162817818,1.2032157608440943,0.6065538887466703,1.455387872909861
SRR6505423,1,-0.0993176129247461,-0.08251826584871326,-0.015437978985054153,-0.04881491299186434,-0.10691640333139471,-0.10573267797008157,-0.0569466535983208,-0.07042804429407365,-0.06303034899091083,-0.08524004476411003,-0.10416457296482154,-0.1174378591988768,-0.11342304898425937,0.021132234217865125,-0.026631954525198256,-0.11496993739690099,-0.07277233393064567,-0.04670977745471256,-0.13306884095072746,-0.10929181852510997,-0.033989159390330315,-0.1423982477613858,-0.04541462513485125,-0.03229854575225285,0.027219377724187716,-0.10800954326987267,-0.10191392259938377,-0.04459373662913484,-0.08225186169147491,-0.11542317058358874,0.5017226561903954,0.7685375941551423,0.454336088682924,0.09770378470420837,1.094414349113192,0.9362834181104388,0.5306673100484269,1.5163328988211495,0.6042596240128789,1.25857170351914,1.3528395422867365,1.515984867300306,1.4408525505236216,1.282660301242556,0.40685989814145224,0.8320033188377108,1.5349552971976144,0.8387051820755005,0.9598460687058312,1.5045293883553572,1.3212362314973558,0.4031714254191944,0.9472011093582425,1.2737969866554653,0.9822056272200176,1.0478500298091344,0.8300155720540455,0.5912745274628313,1.063281845833574,1.256517487378525,0.7459848331553596,1.1082783107246672,0.5668795460036823,1.559910508138793
SRR6505424,1,-0.10674726803387914,-0.11828528025320598,-0.06969214762960162,-0.040230220183730125,-0.11005932092666626,-0.1293049171300871,-0.10954088025859424,-0.09158167695360524,-0.10049430520406791,-0.11029321806771415,-0.07329604561839785,-0.1012834342462676,-0.1409457272716931,-0.058578143561525006,-0.06468801200389862,-0.14278281160763331,-0.10553953583751406,-0.06813387732420649,-0.1458205868090902,-0.009225765043603522,-0.10067130518811089,-0.10011530561106545,-0.04822581288005624,-0.05612366327217647,-0.010716694274118968,-0.04508932333971773,-0.08843294637543815,-0.0977447150009019,-0.09350441755460841,-0.07022421860269137,0.2815494521554293,0.38707632571458817,0.3786991396918893,0.008317465760878153,0.733280825827803,0.6908326968550682,0.22001205384731293,1.0378646893160683,0.5078221176351819,0.6851843584861074,0.7019325462835175,1.0728882891791207,0.8348260138716016,0.7634003726499421,0.06827703597290176,0.4635686320917947,0.8398069483893258,0.16672513986538565,0.4832917755951972,0.8039691895246506,0.7043868452310562,0.1311693446976798,0.5844625447477613,0.4925250549401556,0.6155288474900382,0.2863487688092781,0.30981386985097614,0.16959832182952336,0.4936844046626772,0.3310111420495169,0.29577322942870005,0.4305197326466441,0.25048440269061495,0.48098658876759665
SRR6505425,1,-0.050059648496764045,-0.1048816064638751,-0.08818829897791147,0.010067741253546305,-0.08768382123006242,-0.13641854907785142,-0.055429187204156606,-0.09451892626072679,-0.12943132753883088,-0.10007342164005552,-0.11262460372277669,-0.08131090817706925,-0.14231393805571965,-0.023228023733411516,-0.06937379922185626,-0.09645805082150868,-0.07317227231604713,-0.0778191690998418,-0.14438477903604507,-0.021531416369335993,0.005040322031293597,-0.1284665529217039,-0.02444480998175485,-0.044597245819334476,-0.020626161580107043,-0.028301306068897247,-0.1519901039344924,-0.10209307543534253,-0.08559481879430157,-0.14994492807558604,0.3553579965872424,0.40037207305431366,0.34039583802223206,0.1402022118813225,0.88499245260443,0.6886688641139439,0.13390081801584788,1.1963271770094122,0.4473016783595085,0.7195422958050456,0.9531790685972997,1.0984767590250288,0.985792094043323,0.9862921003784452,0.3383691736630031,0.6428173636751515,0.9671817719936371,0.2837457156607083,0.5678307775940213,0.7615656004553395,0.9509669712611607,0.18469347485474177,0.7726387743438993,0.7590053869145257,0.6112478538416326,0.4956252812407911,0.42559790789216223,0.3128466869571379,0.6548902453588588,0.5433721233026257,0.36072226132299484,0.576989193047796,0.36003135623676435,0.8856833992259843
SRR6505426,1,-0.10986685220684324,-0.11998450383543968,-0.07865069167954582,-0.0012140434700995684,-0.11842165142297745,-0.13438272130276477,-0.1086059215345553,-0.09157217240759305,-0.11055653701935496,-0.11258643493056297,-0.07866459951869079,-0.10897223172443253,-0.13178251470838273,-0.06719435219253812,-0.04984691725777728,-0.1396654642054013,-0.11345109862408467,-0.07403132000139781,-0.15177144642387116,-0.007250971027782985,-0.1016597758446421,-0.11210827582648822,-0.05084762402943203,-0.060010217795414586,-0.028221549998436655,-0.027740721723863056,-0.09208053350448608,-0.11717145623905319,-0.09054291088666234,-0.07681139132806233,0.3367677126079798,0.327557453087398,0.35885741082685335,0.007655210793018341,0.6303620641785008,0.6569202978696141,0.21623367869428226,0.9969246461987495,0.5473056137561798,0.7976870249424662,0.6953739236508097,0.9736675875527518,0.7618349194526672,0.748606736106532,0.06698446188654218,0.454708635274853,0.7837129405566624,0.22185632919094392,0.49608481994697023,0.7395175149930375,0.7051879614591599,0.13993317101682937,0.4733241094010217,0.4712146383909775,0.5525098634617669,0.30982035784316914,0.25956617136086735,0.15386213229170867,0.4766430327934878,0.38596529620034353,0.27189780292766436,0.42311269470623564,0.20571059733629227,0.48580860985176905
SRR6505427,1,0.008196609360831124,-0.1177402835871492,-0.04214281588792801,-0.08383623936346599,-0.058664118605000634,-0.11785296031406947,-0.09194249979087285,-0.1410240094576563,-0.10202451582465853,-0.07504057032721383,-0.03589069630418505,-0.1356145782130105,-0.11703107585864407,-0.05010790803602764,0.08319953509739467,-0.08690060435661248,-0.006740480129207883,-0.07983945735863276,-0.13421043806842395,-0.022010327449866703,-0.0009043035762650627,-0.12839721755257674,0.011362308370215552,-0.014637342521122523,-0.0014682837894984654,-0.03588605299592018,-0.09253097591655594,-0.10760843168411936,-0.03678622469305992,-0.02472645097545215,0.260806462594441,0.386054107387151,0.27276907009737833,0.074048498911517,0.5047104230948857,0.5956792655800071,0.48885940653937204,1.0335421136447362,0.5634677873126098,0.9239215590059757,0.7283798328467778,0.9026342570515615,0.9378275924495288,0.802820877305099,0.16359428529228484,0.34825428894587923,1.0170781442097254,0.2444278716242739,0.8222397246531078,0.9296520096915108,1.0057755261659622,0.17841657463993346,0.717460918215303,0.507268026471138,0.6599328347614833,0.5078781396150589,0.3532321799014296,0.28179787950856344,0.654258246932711,0.7742130522217069,0.8020966851285526,1.2284658178021866,0.4902085143008402,0.7328513179506574
SRR6505428,0,-0.08985326173050064,-0.0891708108995642,-0.043494973597782,0.03565399721264839,-0.11718633664505822,-0.11083936192361372,-0.07424416313213962,-0.07251469744369388,-0.09347489116979497,-0.0933672461126532,-0.104820759168693,-0.1077679879963398,-0.12837008413459575,0.0030140898057392667,-0.06863917889339584,-0.1262897825134652,-0.09309898263641767,-0.04313209333590099,-0.141272705580507,-0.10106720562492098,-0.05240418283002717,-0.11928029943789754,-0.04103359260729381,-0.06150613339351756,-0.0009633800280945641,-0.0961409897676536,-0.12344470939465932,-0.044599736824498644,-0.06860521914703506,-0.12871795493577207,0.3599841610661575,0.581753954823528,0.4231824906808989,0.09226051785351176,0.995490089058876,0.7721201320278591,0.3422685031379972,1.38426398858428,0.525967219046184,0.8998240722077233,1.1359940064804894,1.3010880265917097,1.1513035084520067,1.108001442892211,0.32581083636198727,0.7324927534375872,1.089756680386407,0.4956554099917412,0.6930887337241854,1.0976471480514323,0.9571513448442731,0.24646634981036186,0.8384794550282615,0.9847718229783433,0.7713741425956998,0.7237449341586658,0.626158382743597,0.3370431802634682,0.8320553260190147,0.7481690288654396,0.4665847960859537,0.6595686737980161,0.45807013447795597,1.094157697899001
SRR6505429,0,-0.09447811783424445,-0.07875499501824379,0.04282120455588613,0.01649618095585278,-0.10277272069028445,-0.1090410387675677,-0.07250575992397248,-0.06838027472258545,-0.07772821908084941,-0.08500794108424868,-0.10947421512433461,-0.10722379865390914,-0.11620465479791164,-0.0013040048735482352,-0.03661845198699406,-0.11961992297853742,-0.09417575052274126,0.0038005105618919644,-0.12986860796809196,-0.11001261483345713,-0.02843292829181467,-0.13501654724989617,-0.06960302578019244,-0.06998041937393802,0.036906233190425804,-0.10157248909984316,-0.10316353663802147,-0.031796851860625405,-0.07179675570556096,-0.123370211571455,0.49569041361766203,0.7275771381599563,0.4871941847460611,0.13339680426621012,1.1618895400315523,0.9348827387605395,0.5766989375863757,1.5981809475592204,0.6242669927222388,1.1354124397039413,1.3261595368385315,1.5987422551427568,1.418451462473188,1.1465405310903276,0.4294329463903393,0.7594660664243358,1.5034882255962916,0.7557953766414097,0.8705166812453952,1.4920941389032774,1.3107697452817644,0.36583360231348444,1.009447374514171,1.2211409040859766,0.9659149476460048,0.9846791587769985,0.8101491773767131,0.5155607307595866,1.0307922262166227,1.0391526137079512,0.7425947641687733,1.0169698808874403,0.642191584621157,1.545487875784082
SRR6505430,0,0.004103817178734711,-0.12141943101804438,0.15118827763944864,0.36292285924511297,-0.09393139609268733,-0.11656201064553377,-0.02788464697784678,-0.03612789243509594,-0.06949691887919991,-0.0974989989772439,-0.041422989552042315,-0.09597494559628623,-0.08948384491460663,-0.01817037464518632,0.02260239635195051,-0.15505933122975485,-0.09380303482924189,0.012390335248450615,-0.1311953256039747,0.011158414717231478,-0.06283035342182432,-0.006443074937643749,-0.0735097439693553,-0.020887642300554683,0.01635254014815603,0.05570635625294277,-0.0037179234703736646,-0.046735282322125773,0.03201475313731602,-0.04605467511074884,0.38915951550006866,0.2946495073182242,0.5107658574623721,0.055463709735444615,0.6737756210246256,0.5696796468858208,0.11091693071648479,0.8916458639931599,0.5294630080461502,0.6274475082755089,0.4752303659915924,0.8444327328886304,0.6331734713166952,0.4908089818699019,0.0061838059420032164,0.47276401094027926,0.4735041835478374,0.0716898547751563,0.24226519146135875,0.5012204588523933,0.4221618207437651,0.15433982806280255,0.3164441992661783,0.3529483754973626,0.49038977708135334,0.09652666321822576,0.17702957349164145,0.05740655852215631,0.2796590434653418,0.13713885843753815,0.042486824095249176,0.06647179967590741,0.09467699671430248,0.24174021078007563
SRR6505431,0,-0.030062779784202576,-0.12493393357310976,-0.047585975910936086,-0.08856236508914403,-0.08084361947008542,-0.13034592356000627,-0.09195335901209287,-0.13461998903325625,-0.10399650329990047,-0.07702133538467544,-0.052141954856259484,-0.14020426039184844,-0.11616449630154031,-0.05114277132919857,0.039964787129844935,-0.06605044566094875,-0.01905694603919983,-0.09269349596330098,-0.13880384447319166,-0.047536350786685944,-0.014819289956774031,-0.1549547857471875,0.013984403439930506,-0.03839693112032754,-0.019615236137594496,-0.030788110303027288,-0.09079514497092792,-0.12320472060569695,-0.05492021143436432,-0.05942742845841816,0.27223699912428856,0.3930649930345161,0.28761889785528183,0.06572943819420678,0.5020309726574591,0.629533979509558,0.517653163655528,1.0488356756312507,0.6558253999267306,1.0205788761377335,0.8798736546720777,0.9334205032459327,0.8981381777141776,0.8844005784818104,0.19260982743331365,0.4136649944952556,1.0725692170006889,0.3075356015137264,0.9528582553778376,1.0923002937010355,1.1331368131296975,0.20643446700913565,0.7550535760819912,0.5982678585818836,0.7146784492901394,0.6150463744997978,0.4026995114982128,0.2821890137025288,0.6727686535034861,0.9055621230176517,0.8389936004366193,1.2621754705905914,0.48331759018557413,0.8907867108604738
SRR6505432,1,-0.09310877270971625,-0.12419368273445539,-0.07258659175464086,-0.039784484675952365,-0.0740479115463261,-0.13052114258919442,-0.04021788202226162,-0.11883235376860414,-0.10695451710905347,-0.0659146745290075,-0.06322977266141347,-0.08523160857813698,-0.10761383854384933,-0.07073451605226312,-0.0038033200960074154,-0.06606491708329745,-0.04582538562161582,-0.10833583452871867,-0.14618523844650813,-0.07354952980365072,0.01687440329364368,-0.15297636283295496,0.009752782327788216,-0.03814098132508142,-0.03767573753637927,-0.11803399452141353,-0.12065382461462702,-0.130703260323831,-0.10052302745836121,-0.05542574716465814,0.2820621845977647,0.5321534126996994,0.2571728588747127,0.06792189180850983,0.6179216408303806,0.7268893441983632,0.5025674317564283,1.1369638123682566,0.6185061143977302,1.0313227336321558,1.0625223134245192,1.008771436555045,1.1007195773667522,1.0065002228532518,0.27088920931730953,0.42832116942320553,1.2139186348233904,0.4761312199490411,0.8319506578845903,1.134539975651673,1.1360367547188486,0.32635121047496796,0.7636275384575129,0.753397012129426,0.7145066943817905,0.6911788344649332,0.45775509412799564,0.38503457446183476,0.9369338527321815,1.0029840448072977,0.8754540418407747,1.2617577612400055,0.637217679726226,0.9784267970493862
SRR6505433,1,-0.08836728227990014,-0.11754495969840459,-0.10692928904401404,-0.06576681562832423,-0.10431711109621185,-0.1362508950488908,-0.09132159953670842,-0.10815709510019847,-0.12170904129743576,-0.09145514613815717,-0.08930877489703042,-0.11688805690833501,-0.15848764138562338,-0.06188054223145757,-0.05100301333836147,-0.10012493601867131,-0.09007159208080598,-0.10695307009986468,-0.15512126152004516,-0.08169588127306529,-0.044707559049129486,-0.1398844293185643,-0.043836780956813266,-0.04897766997705081,-0.026619539729186466,-0.10483808123639651,-0.12895068526268005,-0.10900056229106017,-0.12517711307321275,-0.11503554029124123,0.2957115713506937,0.5141818278602192,0.33163166352148565,0.03837142991168158,0.8090702007923808,0.7381509528162756,0.39704697685582296,1.1898284876453025,0.5053937823644706,0.886490176830973,0.9608750726495471,1.1748661313738142,1.0557564560856139,0.9502213916608265,0.27516902344567434,0.5251997070653098,1.1697514312607902,0.38041639966624125,0.7550563194922039,1.053325128408947,1.0331109847341264,0.2337464126093047,0.7604741198675973,0.7877791736807142,0.701255375785487,0.5995086197342191,0.4647530099110944,0.35752156376838684,0.7703895973307746,0.8031656295061111,0.6182758446250644,0.951695659330913,0.46026063178266796,0.923385962843895
SRR6505434,1,-0.08422509846942765,-0.10732949418681008,-0.10242622452122825,0.007103364914655685,-0.13121013343334198,-0.1271856307451214,-0.11334129822041307,-0.058083068912050555,-0.12314750573464803,-0.1138568062867437,-0.12347090058028698,-0.09086353863988604,-0.12592188268899918,-0.04133219804082598,-0.09397939752255167,-0.13412040498639857,-0.13973173605544226,-0.04990670084953308,-0.15552625060081482,-0.012139080890587397,-0.07680271246603557,-0.08174775221518107,-0.0861014931329659,-0.06562266685068607,0.009664879047444888,-0.05267194552080972,-0.11687886502061572,-0.07383646962365933,-0.08417088245706898,-0.10774610617331096,0.2606643284005778,0.302565512912614,0.48828650917857885,0.08289100336177009,0.8277146113770348,0.6454120512519564,0.13296221941709518,1.0777942878859383,0.4920958067689623,0.5307385783110347,0.8365912543875831,1.012323328426906,0.8420358076691628,0.7047587840684822,0.1595853792636522,0.5719875020108053,0.6823495445506913,0.15889649944646017,0.4541844406298229,0.6275599883603198,0.6720720093165126,0.11091397064072746,0.6844942335571561,0.5782652481326035,0.5279104698981557,0.25836562365293503,0.38518388143607546,0.16161719390324183,0.5472130903175899,0.36458136299708194,0.18404163618106395,0.2932325857026236,0.24214623123407364,0.5524421951600483
SRR6505435,1,0.07284980852689062,-0.12248973016227994,0.04059178116066115,-0.066213115184967,-0.04241286337907825,-0.09718520806304046,-0.06371655835495663,-0.14327417154397284,0.00843521739755358,-0.058379841702325005,-0.005148803549153464,-0.14271092734166554,0.03133615744965417,-0.023341187675084387,0.12597269897482224,-0.037976751902273724,0.04800369670348508,-0.04174839918102537,-0.12360155954957008,-0.01967953917171274,0.03329741741929736,-0.13591524213552475,0.06427711088742528,0.0397768361227853,0.02078693506440946,-0.014381091509546553,-0.07450151909142733,-0.09812548863036293,0.02570209013564246,0.03112513931202037,0.2765407195048673,0.425776405526059,0.29062655727778164,0.13391158091170446,0.3723700951252665,0.5786654867364892,0.6282447890511581,1.0375238486698695,0.6771843997495515,1.0586949604829508,0.8387356868812016,0.8276782969811133,0.9986095119799886,0.884240132357393,0.25028205130781445,0.44224029114203794,1.077532981123243,0.29928384934152874,1.0886984488793783,1.0325363563107592,1.1449901759624481,0.204135639326913,0.825880868094308,0.5509137607046536,0.7226305316601481,0.7063589862414769,0.46360706431525095,0.3311944625207356,0.7115134873560497,0.9724973046353885,0.9976564560617719,1.529566121487213,0.6083567323429244,0.8994488513895443
SRR6505436,1,-0.08653394851301398,-0.10053136997989245,-0.06800796783396176,0.006914369129974928,-0.11506150636289801,-0.1278700384178332,-0.09393856321860637,-0.07685143952923161,-0.11413827006305967,-0.10386588743754796,-0.0994334380541529,-0.0932692496904305,-0.13598705934626715,-0.042918061571461816,-0.08900164759584836,-0.1279375281717096,-0.11789523043470192,-0.08832200084413801,-0.14967160671949387,-0.04090485721826553,-0.05018722265958786,-0.13208844299827302,-0.06221204251050949,-0.05926404321300132,-0.02208631648682058,-0.08285443218691009,-0.1319434568285942,-0.07817932377968516,-0.10341972751276833,-0.12056750431656837,0.30538862970258507,0.44261530467442106,0.39275795061673435,0.06875936846647944,0.8854341560176441,0.6835906106446471,0.297585624835587,1.155781356351716,0.4879642767565591,0.8132435700723103,0.9191909306682646,1.2324618186269487,0.966262834412711,0.9308259402002607,0.2770428716072014,0.579830864444375,0.8607418153967176,0.2994064523705414,0.5868435991661889,0.9913318769208023,0.8686798300061908,0.22641439523015702,0.7838386339800698,0.7597300333103963,0.6592627718512502,0.4978090540638992,0.4090523569445525,0.23270739362175977,0.6571602219981807,0.5286087235435843,0.40849027250494274,0.6034123599529266,0.3558253230793135,0.7250984545264926
SRR6505437,1,-0.09756722088371005,-0.0842838900695954,0.004652796313166618,0.054546307240213664,-0.12282947876623698,-0.11581003388190377,-0.09437532195806853,-0.06787887542408758,-0.09330405028803009,-0.08952766124691282,-0.1038985587656498,-0.11309937174831118,-0.11845907209707159,-0.028885709387915477,-0.08660599110381943,-0.12012871780565806,-0.09845164178737573,-0.053640216788543124,-0.13794368878006935,-0.10000424938542503,-0.046480308419891765,-0.12881428003311157,-0.04195154325238296,-0.0642067292439086,-0.014502268018467086,-0.109343521296978,-0.11858815859471049,-0.0630791647625821,-0.06651279756001063,-0.11663282130445753,0.43727570798780235,0.6202289004411016,0.49980256067855017,0.07020101749471255,0.9331981047123138,0.8679598601801055,0.35455263938222614,1.3417533138500792,0.6352188991648811,0.9709024727344513,1.1659890179123198,1.3529212049075536,1.2337373793125153,1.0973026837621416,0.28408438552703175,0.7681159738983426,1.1695958248206548,0.48984785697289873,0.7220937354224068,1.1425650114459651,1.053864244903837,0.29910114666979226,0.8003835124628884,1.0426013027983052,0.7768494029130254,0.6945859071399484,0.6264948514955384,0.3579334297350475,0.8656760528683662,0.8346422623310771,0.4458758405276707,0.7573858478239605,0.42278724908828735,1.1005416012236051
SRR6505438,1,-0.07595069174255643,-0.11571635625192098,-0.10238747183965254,-0.023684211607490267,-0.09660726572786059,-0.1335121143077101,-0.08754787035286427,-0.10468479139464242,-0.11169034668377467,-0.07965271387781415,-0.07480875721999578,-0.1142199228384665,-0.15096492852483476,-0.049626736103424,-0.04101420832531793,-0.09076722604887826,-0.08261905504124505,-0.11167477443814278,-0.1490104432616915,-0.048070818185806274,-0.01820387371948787,-0.1452248224190303,-0.024675863129752024,-0.037786971777677536,-0.03152544743248394,-0.0976408411349569,-0.12489915532725197,-0.11008665870342936,-0.10713592557502645,-0.10507002406354461,0.27877137743468794,0.45999019912311007,0.3088111621992929,0.011867869645357132,0.7468954790383577,0.6661711124969381,0.41788630932569504,1.148123573511839,0.5280869281850755,0.9516191844429288,0.9627030662127903,1.1756227548633302,1.006515166589192,0.9488215893507004,0.26094437437132,0.48637394713503973,1.046011779989515,0.33883373013564516,0.7768796682357788,1.0710849783250265,1.0324359855481557,0.25176079996994566,0.7498779946139881,0.7572889264140811,0.687851427921227,0.5991891526750156,0.43334832335157053,0.32732627673872877,0.7502688446215221,0.7879060485533306,0.6556254306009838,0.997579785329955,0.44729737511702944,0.8440273148672921
SRR6505439,1,-0.02452459612062999,-0.1157609431871346,-0.010374909000737327,-0.07849721504109246,-0.05732978893710034,-0.09785175203744854,-0.04123058249907834,-0.1363141711003014,-0.0642703106360776,-0.054829729454857964,-0.021258040198257992,-0.11971624621323176,0.0316755792924336,-0.07190013064869813,0.0683407796812909,-0.01733247084277017,0.03923090813415391,-0.08572634043438095,-0.12537056899496488,-0.0409566696201052,0.06729144709450859,-0.14244796016386577,0.04923348660979952,0.032174685171672275,-0.02286054566502571,-0.08257757286940302,-0.10240592993795872,-0.12061869406274386,-0.01481647469336167,0.004407008843762534,0.27708100421088083,0.5124935164515462,0.21682171736444747,0.14526569843292236,0.4431125492722328,0.7301008147852761,0.6217067906899112,0.9828305691480637,0.6727651485374996,1.116449152784688,0.9689023175409862,0.9155931254582745,1.1054829699652535,0.9892966545053891,0.2261556235275098,0.44022901356220245,1.1164866856166296,0.36017051552023205,0.9268412962555885,1.0870461442640849,1.1453396465097154,0.31643628648349215,0.8394478963954108,0.6648779032485825,0.7536286498819079,0.6457875445485115,0.41466784690107616,0.4182944106204169,0.90635398881776,1.0687928412641798,0.9823961944452354,1.5502126086503267,0.6926242474998746,0.911661507827895
SRR6505441,1,-0.08132374499525342,-0.08179108612239361,-0.0021294538330818924,-0.013368259849292892,-0.11727316464696612,-0.10654171097225376,-0.0459454972749102,-0.06701933821230861,-0.08849276948188033,-0.0745324646787984,-0.10611334602747645,-0.11499102626528059,-0.11846527084708214,0.03832289230610643,-0.010391646197863988,-0.0992490832826921,-0.057441409677267075,-0.06336480172883187,-0.13107179211718695,-0.09836794356150287,-0.015282863218869482,-0.14297564434153692,-0.015722256153821945,-0.011598181245582444,0.035272105098036785,-0.1055394895374775,-0.11164307261684112,-0.04396386684051582,-0.06718934540237699,-0.13462495138602598,0.4851740236585361,0.7752332969435624,0.45010421105793547,0.11216077168605157,1.051934365183115,0.9176522301776069,0.5645463865782533,1.5429703806127821,0.5928651137011391,1.3065044837338584,1.4242973710809435,1.5414432968412126,1.4328707307577133,1.3086343237331934,0.45177069851862534,0.822238136615072,1.5728530968938554,0.8027659165007728,0.9619982263871601,1.4870293220239026,1.330129201923098,0.43799926180924686,0.9482594174998147,1.2887468063937766,0.9743598646351269,1.0543395323412759,0.8836370067937034,0.5743747231151376,1.1779597071664674,1.271884855681232,0.7985116579303784,1.147106266447476,0.6419540186013494,1.5158206894993782
SRR6505442,1,-0.0915280134816255,-0.11171876905219895,-0.050300381013325283,-0.07270252199045249,-0.08734741328018052,-0.12323206184165818,-0.05691120806815369,-0.08946137822100095,-0.08930700565023082,-0.07867018080183438,-0.07122619024344853,-0.13561042823961802,-0.13413705730012485,-0.031619396592889516,0.012480976326125008,-0.0655711367726326,-0.05738271613206182,-0.07505662672753845,-0.13445023553712027,-0.09979688895067998,-0.017989120047007288,-0.15189886412450246,-0.039612440658467155,-0.03967902490070888,0.0024607454293540548,-0.11849754037601608,-0.1276740681912218,-0.10204569516437394,-0.07437115322266306,-0.11313433906512468,0.3712094559201172,0.6430734544992447,0.3875839779419558,0.06453883794269391,0.799276240170002,0.7896719447204045,0.5666640677622387,1.3533028619629996,0.5892073512077332,1.089854170169149,1.1092981951577323,1.2251473878111159,1.1632169910839625,1.1031564293163163,0.301183819770813,0.5949801078864506,1.3798927920205253,0.5667811504432133,1.019214574779783,1.3487435526081495,1.2429714782961778,0.35096704427685055,0.9037048880543027,0.9878800868256283,0.8838758400774428,0.9012453369796276,0.5973175412842205,0.49572144049618927,0.924708502633231,1.1567320847617728,0.8555123167378562,1.343087490115847,0.5875417079244342,1.284560017021639
SRR6505443,1,-0.033719267163957865,-0.1199490140591349,-0.0019421223551034927,-0.08384179643222264,-0.06806369764464242,-0.11589478115950312,-0.06235274699117456,-0.13682183224175656,-0.06932552934241747,-0.05482908764055797,-0.031017297080584934,-0.152840256690979,-0.06596733576485089,-0.023424356377550533,0.08680545618491513,-0.028693991314087595,0.0037205099527324948,-0.04288384531225477,-0.1105388839329992,-0.06411582018647875,0.008171656834227698,-0.14482337875025614,0.008027545575584685,-0.0117313095501491,0.021555901105914797,-0.04873071504490716,-0.10886927241725582,-0.11193145545465606,0.022536214707153186,-0.025281830557755063,0.3203920868358442,0.5304535829595157,0.3559198720114572,0.10659417722906385,0.4761031536119325,0.6630238365115864,0.5941502835069384,1.1136075620140349,0.6498303072793143,1.0759528811488832,0.8910005901541028,0.9501806614654404,1.000469180090087,0.9597821137202638,0.2040829456278256,0.46800409257411957,1.1982592259134566,0.3978891000151634,1.0701424043093408,1.1489076076873712,1.1770137303641863,0.2470957227051258,0.8516115822962352,0.6829920623983655,0.793877341917583,0.8179220472063337,0.5023653613669532,0.367674004818712,0.7182416554008212,1.1068083878074373,0.974273966891425,1.5610765375729119,0.579452460365636,1.053249047270843
SRR6505444,1,-0.09850560980183738,-0.09360794084412712,-0.03241168335080147,-0.052258818809475215,-0.07158902447138514,-0.11693610131208386,-0.025026368151884526,-0.07041002084900226,-0.07975773992283004,-0.09172951376863889,-0.10549064060407025,-0.11393156966992787,-0.11715505458414555,0.027439563402107785,0.006887245923280716,-0.11346598395279475,-0.058990450139390305,-0.033402767431523116,-0.14333217484610422,-0.10504710115492344,-0.011793111051831926,-0.14578090820993697,-0.06804136985114642,-0.07787348276802472,0.06109236094302365,-0.10563343231167112,-0.09670553143535342,-0.023393461480736732,-0.10165360676390785,-0.11550965479442052,0.5227537671370166,0.8020949597869601,0.39544184638985563,0.11515253582703215,1.0521933872784888,0.8001651519111225,0.589336277118751,1.5663701104266303,0.65736842581204,1.213492866073336,1.3450904744012016,1.3362743982246943,1.4405287504196167,1.1935675250632423,0.45222375222614836,0.7944524405258042,1.526046906198774,0.8612571060657501,1.099734936441694,1.5376877481383937,1.44598174733775,0.4261908477970532,1.0368801185062952,1.2749942243099213,0.9390586955206734,1.1529772079416685,0.744824697396585,0.6783834891393781,1.030452596289771,1.3002839897360121,0.8497471702950341,1.257531104343278,0.5840311092989785,1.714574281658445
SRR6505445,1,-0.024259122354643687,-0.1175522974559239,-0.06565884820052556,-0.016186292682375227,-0.08689750198807035,-0.13843351708991186,-0.05084548518061638,-0.11115640109138829,-0.09403813018330506,-0.07988977485469409,-0.0730186722108296,-0.12759087021861756,-0.12140384848628726,-0.03630319344145911,0.0021863619663885663,-0.06407288249049868,-0.041855672640459876,-0.09570447887693133,-0.14040949302060263,-0.07703984528779984,0.014948772532599313,-0.15041182403053557,-0.02023138159087726,-0.01397468043225152,-0.012453626708260604,-0.11089836752840451,-0.12421249012861933,-0.11429552999990326,-0.09876347333192825,-0.10421204274254185,0.2775552475026676,0.5343071094581059,0.2813091182282993,0.04583182718072619,0.7148353968347821,0.6694518233250294,0.5309932593788419,1.2387056393282754,0.5586693355081869,0.9829599154847009,1.0958809469427382,1.1200233123132162,1.1221147254109383,1.0285938967551504,0.3146537712808432,0.5023153397653785,1.25578807081495,0.47463193961552214,1.0161420639072145,1.2109321520796843,1.20537652607475,0.26986860537103247,0.8384232723287174,0.852858419929232,0.8016425030572074,0.7326324560812542,0.548692950712783,0.4314371076013361,0.8531622886657715,1.0552269113915307,0.8304600077016013,1.3256449784551347,0.6237498745322227,1.1207227664334434
SRR6505446,1,-0.05970881560019085,-0.10585113348705429,-0.06309576395766012,-0.06696769914456777,-0.07329472580126353,-0.11572564606155668,-0.04779831799013274,-0.10179356884743486,-0.1134320537426642,-0.06165157790694918,-0.06421085659946714,-0.13502775451966695,-0.10261691767456275,-0.024808166415563652,0.026281540415116718,-0.06278753599950246,-0.04659869149327278,-0.09649935218372516,-0.1422166238938059,-0.09824447739603263,0.005995078810623714,-0.1475398199898856,0.0045757341597761425,-0.0051865897008350915,-0.013211227687341827,-0.12499327851193291,-0.12290775669472558,-0.09754745555775506,-0.07851521351507731,-0.1231667147949338,0.35926306141274317,0.6133560729878289,0.2932779174298048,0.1141943410038948,0.8295079980577741,0.8352140049849238,0.6295999283237117,1.3433315392051424,0.6046989804932049,1.15595814372812,1.2453764975070953,1.2364911564758845,1.2718707525304385,1.212872608431748,0.4237555821559259,0.5960702491658074,1.4247376322746277,0.6796734971659524,1.0239881511245454,1.3398147555334228,1.3692057154008321,0.43682296041931423,0.9029466682778937,1.0191806851487075,0.9314805194735527,0.8942241131195,0.6021887723888669,0.5809890888631344,1.0848943527255739,1.2163007748978478,0.989620355623109,1.5657799861260824,0.7601118928619793,1.326196048940931
SRR6505447,1,-0.10840531172496932,-0.09061128998707448,0.03404022566974163,-0.01372962657894407,-0.09944477464471545,-0.10767930719469275,-0.07642888478793404,-0.080314376907024,-0.09164032193699054,-0.07615313519324575,-0.08421256393194199,-0.0870588980615139,-0.13123567029833794,-0.03870797263724463,-0.041398441685097556,-0.1092278068619115,-0.05617807832147394,-0.05716457437457783,-0.13504497494016374,-0.11271108048302787,-0.05333661021930831,-0.1485412706221853,-0.05169752552839262,-0.04703766426869801,0.03767312916793993,-0.10418697127274104,-0.10159410536289215,-0.06781279814562627,-0.07235204854181834,-0.10264512843319348,0.4608386249414512,0.7743568952594485,0.41623800354344503,0.09353510273753532,1.0603502775941576,0.9818679988384247,0.5932848836694445,1.434582779450076,0.6371390445024839,1.1589227659361703,1.3028046659060888,1.4150367379188538,1.3873804083892278,1.1689141669443674,0.36840500409847926,0.7307777319635663,1.5308541314942496,0.712602008666311,0.8390549740621022,1.466927849820682,1.2758436160428184,0.44176556702171055,0.8967818820050785,1.159787236579827,0.909650811127254,0.9235180499298232,0.6656657574432236,0.5907846939350877,1.1873961868030685,1.0961189301950591,0.7278068624436855,1.1864522120782308,0.6869960735951152,1.3840312021119254
SRR6505448,1,0.015239444694348745,-0.1293461216347558,-0.034537465178540776,-0.08481103714023318,-0.05818864117775645,-0.12652283587626048,-0.07707556470164231,-0.14510032960346766,-0.05369357392191887,-0.07592406017439705,-0.013717956840991974,-0.1449686342052051,-0.06157191204173224,-0.04776545161647456,0.09957325884274074,-0.04692725730793817,-0.019592188830886568,-0.08018894280706133,-0.13727512662964209,-0.05993319475757224,0.033877109842641015,-0.14997937210968562,0.03404204334531512,0.02047721402985709,-0.010354000143706799,-0.04086670811687197,-0.08931731645550046,-0.11385011726192065,-0.03341246183429446,-0.011977109525884901,0.28157118388584684,0.45194597515676704,0.24999477927173888,0.10997377921427999,0.5154604753479362,0.6480528392962047,0.5975583589502743,1.0759591992412294,0.7692691822137151,1.0923929789236613,0.9892910165446145,0.9121062255331448,1.0616081804037094,0.902344703009086,0.26546638512185644,0.4441341957343476,1.203561740262168,0.36973189243248533,1.0330565268439906,1.0828182775128101,1.2344511821866035,0.28942139872482847,0.8337531350553036,0.6245843523315021,0.740447959197419,0.6799250500542777,0.4477172110761915,0.41839156832013813,0.7918358115213258,1.038735487631389,0.9849065744451114,1.5214545279741287,0.5768743639678827,0.9455505673374448
SRR6505449,1,-0.08189865946769714,-0.08656965781535421,-0.045456425685967715,0.0032544738746115138,-0.11880758005593504,-0.1193707496526518,-0.059996747371250034,-0.07040746149141341,-0.10535015897559268,-0.08840776288083621,-0.12186501600912639,-0.09751355408557824,-0.1199420824913042,0.004096461459994316,-0.06877221858927182,-0.09744960495403834,-0.06935345168624606,-0.07083997702492136,-0.1471869040812765,-0.10019306678857122,-0.021917443190302168,-0.1331983825990132,-0.03915223825190749,-0.025946963977600847,0.012452842135514532,-0.09973880009991783,-0.11247466504573822,-0.05470419196145875,-0.08453985622950963,-0.13942984864115715,0.3844875342079571,0.6183783805796078,0.434564756495612,0.0752227282417672,0.9827103561588696,0.8333795240947178,0.39398652740887236,1.3979755395225115,0.5673144459724426,1.023544613804136,1.2837792592389243,1.3048795887402125,1.2978861225502831,1.094098734004157,0.3660872081028564,0.7623431469712939,1.3279263164315904,0.6218098125287465,0.8121816877807889,1.259882731097085,1.1445984627519334,0.30397194411073414,0.8412569378103528,1.032815148787839,0.8098186712179866,0.8169062456914357,0.677945291357381,0.4616232394639935,0.9493121558002063,0.9784811000738826,0.558411809748837,0.9039918929338455,0.5254363577280726,1.2022004521318845
SRR6505450,1,0.0961645884173257,-0.07630915354405131,0.06518094773803439,-0.05828855141797768,-0.040117569267749786,-0.06826876210314888,-0.07242839836648532,-0.10487475778375353,0.034967118608100076,-0.019232691398688724,0.013739675283432007,-0.10677437537482806,0.0821308365889958,-0.009106120493795191,0.11767387922321047,-0.014462403953075409,0.12375292740762234,-0.03061651119164058,-0.10204674303531647,0.021909236907958984,0.07538988228355135,-0.11834598385861941,0.07757649623921939,0.028476120105811527,0.05516564786999619,0.051888994074293544,-0.07531494620655264,-0.10558749136648007,0.07139463243739945,0.08928577122943741,0.26823162405552076,0.40116373130253385,0.29421832838228773,0.14765424813543046,0.23443221833024705,0.5565038280827659,0.5702583358756134,0.8128555193543434,0.6547391302883625,0.9841233236449105,0.6464545556477138,0.75905812079353,0.8102790500436511,0.7751327008008957,0.14364513754844666,0.3600155461047377,0.9035648831299373,0.19043329464537756,0.9961930939129421,0.8879912719130516,1.0324634718043464,0.11779038315372807,0.762523678796632,0.38324959363256184,0.6415135221821922,0.597044112426894,0.33199458941817284,0.21886407264641353,0.5858714963708606,0.8635691271296569,0.9077466381713748,1.4360638101186072,0.4899911401527269,0.6812840338264193
SRR6505451,1,0.02657668079648699,-0.12490122658865792,-0.02695399575999805,-0.074115837258952,-0.0618211105465889,-0.11932142717497689,-0.07666225917637348,-0.14611445207680976,-0.037769214383193424,-0.06589917945010322,-0.00868873723915645,-0.14201372116804123,-0.02196523068206651,-0.04409954484019961,0.0806332491338253,-0.04956372507980892,0.005053931048938206,-0.07391458111149925,-0.13443777284451894,-0.05128101099814687,0.02314198442867824,-0.13966676699263708,0.021024178713560104,0.028438866138458252,-0.0193488531346832,-0.03404391184449196,-0.08361122677368778,-0.10581874581319946,-0.018580396260534014,0.01395413519016334,0.2233185821345874,0.42508060219032423,0.2858180914606367,0.14218964959893907,0.4532820654234716,0.6060608556228024,0.5998729813311782,1.028810481939997,0.6498411997620549,0.9443485207323518,0.8503827026912144,0.8403038563472884,1.033106735774449,0.8550975152424404,0.22065743058919907,0.3919152904834066,1.063915831702096,0.30069676680224283,0.956260196864605,0.9643259612577302,1.1047862363713128,0.2136204583304269,0.7934422524912017,0.5064936067376818,0.7209453119763306,0.6343239983543754,0.42843444645404816,0.36398448050022125,0.729004575737885,0.9779646354062217,0.9455206293080535,1.4580089460526193,0.5988619370119912,0.8612949401140213
SRR6505452,1,-0.11613526035632406,-0.0963057718638863,0.008376069899116243,-0.0637877160417182,-0.08778046603713717,-0.12410019630832332,-0.04311439492240814,-0.09001088155699628,-0.09819449231560741,-0.1093852695609842,-0.10242166689464025,-0.08749509709221977,-0.12453886520649705,-0.037531042737620215,-0.06570512801408768,-0.13134205607431276,-0.08193948811718396,-0.026046446790652617,-0.15503746484007155,-0.06445398075239998,-0.07155361558709826,-0.14113195772681916,-0.03023637644946575,-0.07833498676440545,-0.01666181268436568,-0.07664490384714943,-0.09098489462797131,-0.04635666450485587,-0.07445263117551804,-0.12169893724577767,0.46713544774268356,0.5750108233519963,0.37746949467275825,0.12855402460055693,1.0323555546679668,0.7277302678142276,0.38286746186869486,1.2963015692574638,0.5317791327834129,0.9584742997373853,0.9705193553652082,1.183213016816548,1.2401312972818102,1.036386021545955,0.41021156151379856,0.7679334937461785,1.129504076072148,0.59648968066488,0.77105641577925,1.1772850006818771,1.1101003757544927,0.2622134861137186,0.8850303079400744,0.919018634728023,0.741344153881073,0.7523921672254801,0.5127775238028595,0.5429193313632693,0.7731669316334384,0.8317779268005064,0.6199466793664864,0.7368286156228611,0.3857723538364683,1.179156658904893
SRR6505453,1,-0.097273764865739,-0.12496580236724444,-0.13338894822767802,-0.05868269077369145,-0.10196123857583318,-0.14940408297947474,-0.09909519499966077,-0.12192137805478913,-0.12446452996560506,-0.08687890001705714,-0.09271590837410518,-0.10742470462407384,-0.1632905581167766,-0.07781308889389038,-0.06385785234825951,-0.11131971116576876,-0.09686298668384552,-0.12159453332424164,-0.15184546474899566,-0.07225381795849119,-0.03995132978473391,-0.14063285610505513,-0.05863747426441738,-0.03825564602656024,-0.049196980627519746,-0.08398299305034536,-0.13176242049251283,-0.11293135317308563,-0.1355948086295809,-0.1094896202640874,0.261873465962708,0.4840568584789123,0.3007728281830038,0.02020916768482753,0.7506402784160205,0.7008566171196955,0.29821534135511946,1.0718625315598078,0.4896122430052076,0.7456605093819755,0.885319926909038,1.0463673706565584,0.9867715133087975,0.8388252684048244,0.22019059344061784,0.4434153272637299,1.0337384385722024,0.24724228839789117,0.6632595147405352,0.8921135690595422,0.9420048807348523,0.19086281156965665,0.6654665299824306,0.6889937780797482,0.61463955364057,0.45755978035075323,0.39605305982487543,0.30109506100416183,0.7175921010119575,0.6561196233545031,0.48591683246195316,0.8023744459663119,0.41064572014978956,0.7654165327548981
SRR6505454,1,-0.030041760631969998,-0.12119841682059425,-0.04676603026954191,-0.074249196265425,-0.0646749066987208,-0.1250588952430657,-0.05734584041471992,-0.12235385764922414,-0.0741375314870051,-0.05715296523911612,-0.04533961095980236,-0.13580934809786932,-0.09160525298544339,-0.03868472070566246,0.044652897864580154,-0.056272256055048535,0.010044858391795839,-0.08044171572795936,-0.12401204822318894,-0.07448690693958529,0.0033724414450781687,-0.14636544031756266,0.022474841347762516,-0.009075375539915902,-0.009828001260757446,-0.07729744698320117,-0.11172789760998317,-0.0998533655490194,-0.053030725136133175,-0.09588763051267181,0.3089736582977431,0.4585876576602459,0.2137315720319748,0.09107607390199389,0.6520822825176376,0.6774598962386206,0.568278720336301,1.1663169392517634,0.5862277325774942,1.0230642624997668,1.0216960566384452,0.982193794633661,1.0807619198624576,0.9995304569602013,0.2965063048260553,0.49279255686061724,1.1965676375797816,0.4665161690541676,0.959934773322727,1.1820140233529466,1.1968745461532049,0.27035252430609297,0.7639946469238826,0.7499752801709941,0.7598022034923945,0.6874341320778642,0.39570244933877674,0.41348797508648466,0.8307553359440395,0.974840654858521,0.8922471233776638,1.4601094097431218,0.6381061170250177,1.0637388697692327
SRR6505455,1,-0.08986584043928555,-0.10489570615547043,-0.07903819637639183,-0.09852182971579689,-0.0943650555397783,-0.10958449702177729,-0.05873954069933721,-0.10690878863845553,-0.11603966621415955,-0.06138892471790314,-0.06834062827484948,-0.13903493859938212,-0.12160029794488635,-0.035442703536578586,0.005468968035919326,-0.05967995151877403,-0.04933593847921917,-0.08762866271925825,-0.14453528502157756,-0.10070859587618283,-0.009244443050452642,-0.1491198656814439,-0.02818205314023154,-0.009158633649349213,5.899808768715177e-05,-0.12935145904443093,-0.1222152156489236,-0.11149998115641731,-0.09875427612236568,-0.11531334263937813,0.3442867174744606,0.6342781154172761,0.32995188795030117,0.1027024622474398,0.8106528669595718,0.8405318920101438,0.6347995171589511,1.3052973704678672,0.5718297436833382,1.1354093583566802,1.1881400304181235,1.2091835950102126,1.2567147218755312,1.1461713122470039,0.3593569609469601,0.6153477409056255,1.479876560824258,0.6203492198671613,1.0066210010222025,1.3611201436391898,1.2494485303759575,0.38846132372106823,0.8624966014176607,1.0004144523824965,0.9616546175841775,0.8557743384901967,0.59830506252391,0.5743397729737418,1.0701962587024485,1.167409438107695,0.8963082225194999,1.427787572145462,0.7596956142889602,1.3099789672664233
SRR6505456,1,-0.06336855302963938,-0.13210892145122802,-0.12174838728138379,-0.04461068021399634,-0.07804485836199351,-0.15567233519894735,-0.1088896564074925,-0.1277248721037592,-0.07141933483736855,-0.08432364144495555,-0.07626722965921674,-0.11895490437746048,-0.16107938757964543,-0.06806737716708865,-0.009496312056268965,-0.1067315297467368,-0.0863185463739293,-0.10288008941071373,-0.1590482613870076,-0.053759866527148654,-0.02237941856895174,-0.13845456498009817,-0.042393677468810766,-0.017576146737805436,-0.052568508578198295,-0.0495148024388722,-0.11108488802398954,-0.09748247392209512,-0.13064095910106385,-0.10438679384865931,0.2434899780367102,0.3976103131260191,0.2658286084021841,0.044965176310922415,0.6807380095124245,0.6141118862267051,0.36513214957501205,1.1052605424608504,0.5327779725193977,0.7677306958607265,0.9024448267051152,1.0038648811834199,1.0025035398347037,0.8173450401851109,0.23449950718453952,0.4098029181893383,1.0340944486004966,0.25694367555635317,0.6984679560576167,0.8074527180620602,1.0280063120382172,0.23022550238030298,0.6769522705248424,0.6690906190446445,0.575304778159729,0.48383290373853277,0.3934326672128269,0.3328768504517419,0.7214785452399936,0.7146166775907788,0.6218891202339104,0.9687291405030659,0.4253682664462498,0.7802828486476626
SRR6505457,1,-0.09204335976392031,-0.10018358792045287,0.012160158583096095,0.09228424994008881,-0.10895612090826035,-0.11016154014838062,-0.11022982537230876,-0.08118692223381783,-0.098413296309965,-0.09851407472576414,-0.09920427735362734,-0.10226588483367648,-0.11790097611291069,-0.04717077740601131,-0.1004955316228526,-0.14109683462551662,-0.09943471103906631,-0.03671159428943481,-0.14365837510143006,-0.06760838361723083,-0.08692786603101663,-0.08060851373842784,-0.06592317830239024,-0.06128764684711184,-0.0007895577166761671,-0.10319175544594016,-0.08469163200684957,-0.07148574239441327,-0.06775598281196185,-0.08985476302249092,0.33030472110424725,0.45792874480996815,0.4869525717305286,0.04888358073575156,0.8514801903760859,0.8019239019070353,0.20069691645247595,1.1809076134647642,0.5433556692940849,0.6820781848260334,0.857191509434155,1.1435035637446813,1.061695312815053,0.7935894110373088,0.1468297110072204,0.5505918147308486,0.8767188148839133,0.3095856007587697,0.42213101259299685,0.8345783374139241,0.7865585088729858,0.16268449595996312,0.6664417088031769,0.6599429925637585,0.5527923362595695,0.4108372296073607,0.4214493291718619,0.2765530177525112,0.7010031236069543,0.5015464339937482,0.2908121310174465,0.4431264767689364,0.32013069838285446,0.769379694546972
SRR6505458,1,0.08656972859586988,-0.11576705000230245,0.042472327926329205,-0.030490230236734663,-0.015824240499309132,-0.10873217501544527,-0.06155418511480093,-0.11983006234679904,0.04001683981290886,-0.03627783918221082,0.012366588626589094,-0.1039751728198358,0.03668498301080295,-0.054327316848295074,0.10627360322645732,-0.03799733040588243,0.058076352546257634,-0.02966509945690632,-0.13158496682132995,0.014646646965827261,0.07676429407937187,-0.12976906980787004,0.07334126798169953,0.06014069276196616,0.011405338001038347,3.9912228073392597e-05,-0.08942830895206758,-0.08821317659957069,-0.0003454163670539856,0.060476465948990414,0.2844280515398298,0.38070253495659145,0.249099818191358,0.14909795778138296,0.35585598754031317,0.5757163731115205,0.5830060302146843,0.9248270413705281,0.6837001996380943,0.9931730223553521,0.7192632513386863,0.7661109971148627,0.9625705139977592,0.8553165740200451,0.22712708477463042,0.37103947890656336,0.9355262815952301,0.2483368861888136,1.0015977514641625,0.9164845608174801,1.056479346539293,0.22386703320911952,0.7678154110908508,0.47213635008249966,0.6663933476167065,0.562126315597977,0.35842607968619894,0.2571494494165693,0.6647108857120786,0.8345849588513374,0.9503919878708464,1.4537701031991415,0.5570831511701856,0.6861760807888848
SRR6505459,1,-0.10936702282301017,-0.08572425240916866,0.005918531545570919,-0.058839473873376846,-0.09564101935497352,-0.0811981376193996,-0.06615681505250645,-0.07349058428579676,-0.07429507401372705,-0.06659453149352755,-0.08294267633131572,-0.12275100605828422,-0.12544939666986465,0.012811118470770972,0.010369983900870596,-0.10331323157463755,-0.06871920824050903,-0.045814752614075714,-0.13105119072965213,-0.12425740222845759,-0.052164645599467416,-0.1364719271659851,-0.0278733086639217,-0.01838438053216253,-0.004954456085605281,-0.14071238892418997,-0.09243335255554744,-0.055126345583370755,-0.062279965196337016,-0.11894257699272462,0.44686389554824146,0.7636702763182777,0.4516477403896196,0.13679618893989495,1.0837149832929884,1.0102485120296478,0.6038805001548359,1.534380628893684,0.6348857452727056,1.2461252148662294,1.4818368128367834,1.4325968836035048,1.5184551775455475,1.2834870048931666,0.4403046497276851,0.7508848921528885,1.639351453099932,0.9717228433915547,0.9900828727654049,1.5602103929434503,1.444714333329882,0.4647702026580061,1.03227413552148,1.3466913907655649,1.021124507699694,1.0733577044946807,0.8445793156528713,0.7071328556963375,1.2891762778162956,1.417240175817694,0.8973522079842431,1.4776096152407783,0.750383297247546,1.6985880264214106
SRR6505460,1,-0.10490693524479866,-0.11233674894486155,-0.09009409290073174,-0.05116132114614759,-0.09132902111325945,-0.1266598477959633,-0.08366545349625605,-0.1002795265189239,-0.11020989370133195,-0.07956215739250183,-0.06740957285676684,-0.11835992549146925,-0.14152346764292037,-0.059848645968096595,-0.03826093088303294,-0.09317642623292548,-0.09173468367329665,-0.1119680976761239,-0.14659249782562256,-0.08729284256696701,-0.030079811279262816,-0.1523423759000642,-0.02005861433488982,-0.040445493800299506,-0.03713741712272167,-0.11424415132829122,-0.12917808975492204,-0.11014675442129374,-0.11513115631948624,-0.1076124720275402,0.3829387128353119,0.5870855748653412,0.3317541691607663,0.04765981728477137,0.7584703293229852,0.823531163590295,0.5104356429406575,1.2087416457278388,0.6416049201839736,1.0554028621741705,1.0955199003219604,1.2112083733081818,1.135856993496418,1.0918732860258646,0.26547377556562424,0.6024808324873447,1.2893646189144679,0.5159872770309448,0.8711724728345871,1.2117583070482527,1.1918366593973977,0.37673842374767574,0.7756390337433133,0.9379228875041008,0.8024200594850949,0.7629592929567609,0.5188019339527402,0.4383001668112619,0.9118545108607837,0.9877965322562626,0.7105749604691353,1.1426098985331399,0.5140891979847636,1.0473882108926773
SRR6505461,1,-0.09019519149192742,-0.09149542850043092,-0.014001762760537011,0.08417293589029994,-0.1301730594464711,-0.12091975233384541,-0.09340529884710642,-0.06923228189615267,-0.10774437417941433,-0.10382107592054776,-0.10808799868183476,-0.09978221037558146,-0.11966044349329812,0.008498621838433402,-0.07255569978484086,-0.13257714520607675,-0.09977243122245584,-0.024629336781799793,-0.14412935823202133,-0.03594842366874218,-0.0831256059131452,-0.06454199871846608,-0.06325924502951759,-0.04515849838831595,0.001103983593306371,-0.08107009516762835,-0.09941803451095309,-0.06969858320163828,-0.051566145316298516,-0.12936877040192485,0.2820203865745238,0.3319430926016399,0.493220297786008,0.07225548635636057,0.8283216421093259,0.607906094619206,0.16194898528712137,1.2142526794757162,0.4388544921364103,0.6369296770010676,0.8431025168725422,0.9620433832917895,0.9011273000921521,0.7731775747878211,0.2279806828924588,0.6276030388793775,0.7222997120448521,0.25991219495024,0.5179791695305279,0.7311565109661647,0.715079494885036,0.11716142509664808,0.5928653585059303,0.6229101797299725,0.5923902860709599,0.3801834577960627,0.4010403262717383,0.17963386752775737,0.6209002658724785,0.4982200762523072,0.26289884160671917,0.4221478093947683,0.3477364092000893,0.7281780048672643
SRR6505462,1,-0.05818931918059077,-0.13504529957260406,-0.11295885539480618,-0.031966092331068854,-0.0920593451176371,-0.1466057545372418,-0.09120640052216393,-0.1212840521974223,-0.10849572345614433,-0.09288619458675385,-0.060974523425102234,-0.10920440831354686,-0.15198149319205964,-0.060233166973505704,-0.007667597915445056,-0.10195260122418404,-0.09687776970011848,-0.1031274204807622,-0.14956162976367132,-0.07219480936016355,-0.021448388695716858,-0.1396080686577729,-0.02624333756310599,-0.02701383296932493,-0.025577162259391377,-0.08639756643346377,-0.11828362515994481,-0.11531334702989884,-0.12567982503346034,-0.0830780453979969,0.25535756030253004,0.4260183870792389,0.28726604679000695,0.04459235178572791,0.6388575530477932,0.5823011084326676,0.423926875527416,1.1312416706766402,0.5489398895629815,0.8271393988813672,0.876718806368964,0.98525170981884,0.900527685880661,0.877333728330476,0.2070818349186863,0.40571172601942507,0.9595716340201241,0.2834926997976644,0.7752277318920408,0.9201161111039775,1.0061399383204324,0.24604542979172297,0.6476581405316081,0.6212254177246775,0.6936882478850228,0.5346295216253826,0.36101754042985185,0.2645625537261367,0.6983007767370769,0.7883092995200839,0.6413467334849494,1.058417213814599,0.4592228052871568,0.8034315364701408
SRR6505463,1,-0.07501025764005524,-0.1263264332498823,-0.1025933607348374,-0.015220713402543749,-0.08936244448912996,-0.1429207505924361,-0.0831125218953405,-0.11648622900247574,-0.11586247597421918,-0.08442226371594838,-0.07385658366339547,-0.09716306413922991,-0.15155607674803054,-0.046446460498762984,-0.008406797690050942,-0.10208559674876076,-0.09164239279925823,-0.11874542225684438,-0.15099200712782995,-0.06387656820671898,-0.03235322556325367,-0.1197444743343762,-0.018111542399440492,-0.030350556331021444,-0.031001736276916096,-0.09549364128283092,-0.12761510482856206,-0.12245904228516988,-0.1264977412564414,-0.09941153787076473,0.22859691003603594,0.39149840069668634,0.23865492535488947,0.022836208077413694,0.6482057286692517,0.5721722088221993,0.3480086619965732,1.1084345504641533,0.47175346155251774,0.748462975025177,0.8495397099426815,0.941857418843678,0.8899293643023286,0.8319243724857058,0.20137855676668032,0.3983311272625412,0.9433832892349788,0.28096477527703556,0.7203917333057949,0.846437292439597,0.9744201451539993,0.21280788417373384,0.5937358417681285,0.5973462020712239,0.6341643301503999,0.44900262887988773,0.33123466764975873,0.2754044370459659,0.708320717726435,0.7039971819945744,0.5862985274621418,0.967683589884213,0.4816586926047291,0.7790372903857913
SRR6505464,1,-0.07908446328448397,-0.06983827679817166,0.013102751225233078,-0.034857489966920445,-0.1145763210952282,-0.0900442541709968,-0.04441662062423087,-0.05902302955343787,-0.07434411634624537,-0.07456867982234273,-0.1035717890730926,-0.11261790139334542,-0.11369701315249715,0.068079429811665,0.027227770670184066,-0.07809092051216535,-0.0362298922347171,-0.045752111107244024,-0.11854425924164909,-0.10663708219570774,-0.004494796240968364,-0.13521961175969668,-0.020015929825603962,-0.00271254192505564,0.05359524767845869,-0.10004378429480962,-0.09482687073094505,-0.02911770556654249,-0.01794522681406566,-0.13536400028637477,0.5141071198242051,0.8978397707853999,0.45176679641008377,0.1399074247373002,1.1901034638285637,0.9956951992852348,0.7350915712969643,1.6693184386406625,0.6122138401759523,1.3444979361125402,1.5706483721733093,1.6206640090261186,1.564221311892782,1.4561474855457033,0.5872072473700557,0.8189305162855557,1.8329147100448608,1.1092744512217385,1.1552995038884026,1.756496999412775,1.5149580932089262,0.49371503399951117,1.1078676376117593,1.5069859520133053,1.1811463545475687,1.2946549249546868,1.057388180068561,0.7574636286922863,1.367888122264828,1.4963411412068777,0.999854747738157,1.5787017345428467,0.8445765812482152,1.9119078091212682
SRR6505465,1,-0.09195608645677567,-0.08305020763405732,-0.02022763980286462,-0.07875958138278552,-0.09792427133236613,-0.10176648598696504,-0.04354425781223524,-0.07201027244861637,-0.08687695328678403,-0.07294511612105582,-0.0971162925873484,-0.11927766140018191,-0.12034590941454683,0.033351609616407325,-0.016283243894577026,-0.0852273271552154,-0.035649840853043964,-0.08038209318848592,-0.12966567065034593,-0.10393853059836797,-0.0014954882540873118,-0.14238099966730391,-0.02926650769742472,-0.0033952934401375906,0.040807192612971575,-0.12947595225913183,-0.10611188704414028,-0.053164467215538025,-0.06434415813003268,-0.13699771889618464,0.4305867147631943,0.8543964382261038,0.37720716638224466,0.11141407915524074,1.1634450895445687,1.0125099292823247,0.7119281100375312,1.4954507436071123,0.5959382003971508,1.2205078899860382,1.5099007657596044,1.4929315958704268,1.4534836049590791,1.3640230979238237,0.5467103985803468,0.780295301760946,1.7155406815665108,0.9284122735261917,1.128657579421997,1.6991267906767982,1.4909666829875536,0.4650051551205771,1.097318593944822,1.3847259257787041,1.067330768065793,1.160061956516334,0.8048753341925996,0.7372144207890544,1.3157687421355928,1.3602179001484598,0.9432834280388696,1.529826819896698,0.8393146172165871,1.72374751332349
SRR6505466,1,-0.08306832584951605,-0.09285521214561802,-0.028492078451173648,-0.08047087463949408,-0.09604942918355976,-0.10353442494358335,-0.034324309755382795,-0.07461402538631644,-0.08758819808385201,-0.06909181683191232,-0.08476004802754947,-0.1255479327269963,-0.11968074818806988,0.016254013537296226,-0.01173171866685152,-0.06985034740396909,-0.03299689878310476,-0.06896814584199872,-0.1285729557275772,-0.10824942748461451,-0.005444326571055821,-0.1444204364504133,-0.023106591110782965,-0.008748640173247882,0.023717971984297037,-0.12828915725861276,-0.10837125858025891,-0.07157502163733755,-0.05518940623317446,-0.1405494511127472,0.4192434528044292,0.7949230340974671,0.4099948299782617,0.09878906394754138,1.0556573463337762,0.9344445914030075,0.6910027638077736,1.5104696048157555,0.5808069248284612,1.1937210602419717,1.3719019208635603,1.42623148219926,1.37624976677554,1.2945426212889808,0.4879618157366557,0.7574412056377956,1.6501083544322424,0.7996089117867606,1.129231748836381,1.655646653247199,1.4211786527718817,0.43074819605265346,1.0440773112433297,1.279712533844369,1.0470426306128502,1.119735371853624,0.7693552388144391,0.6540252630199704,1.218936484839235,1.2988011097269399,0.9780702378068652,1.5336226629359382,0.8264184769775186,1.6021622568368912
SRR6505467,1,-0.08020653522440366,-0.08989377319812775,-0.09115603739129645,-0.016293137201241085,-0.10542588747505631,-0.11639677985970463,-0.05682636524683663,-0.07185802242851683,-0.10269755151654993,-0.09136866964399815,-0.11097433431340116,-0.10068806047950472,-0.12135984801820346,-0.002061174384185246,-0.06985917314887047,-0.11013933696917125,-0.08409542696816581,-0.05721132670130048,-0.15183704878602708,-0.09096360472696167,-0.03253583237528801,-0.13890550498451507,-0.0353368552667754,-0.06519746148426618,0.019814442909721817,-0.10779529171330589,-0.11210185874785696,-0.0514698571392468,-0.10209748042481286,-0.1260128372481891,0.41078198894060086,0.628887842808451,0.47209663476262775,0.09068641625344753,1.003319466220481,0.8862124777265957,0.4083045337881361,1.4412600014890944,0.6165110266634396,1.0305708391325814,1.1773992010525294,1.3714384266308375,1.3160358518362045,1.1478430862937654,0.3539380742503064,0.8493380450776645,1.285057314804622,0.5790969622986657,0.7864427715539932,1.2290850946945804,1.1591880747250147,0.32932453815426144,0.9748440597738538,1.086587735584804,0.80498625763825,0.7927797245127814,0.6686752034085137,0.4856593584907906,0.9366607520995396,0.9177436131451812,0.5342060734650919,0.810112823333059,0.49197538622788023,1.205534501267331
SRR6505468,1,-0.0870540418795177,-0.10753364781183856,-0.0322048972759928,-0.11764987877437047,-0.09152813042913165,-0.10344042016991548,-0.08259831199289433,-0.104734101199678,-0.1061825193464756,-0.05487589857407978,-0.054368836539132256,-0.14917905522244318,-0.13363805200372422,-0.0485861956008843,0.029320003797433207,-0.07871798053383827,-0.030263055648122515,-0.07071252579667739,-0.1268518604338169,-0.13741265130894526,-0.05019131994673184,-0.13346378824540547,-0.014490119048527308,-0.015738569599177157,-0.004599809380514281,-0.09113802441528865,-0.10962608057473387,-0.08332465482609612,-0.015877106360026767,-0.11849896875875336,0.3272219183189528,0.640797811959471,0.37681459981415955,0.10956416598388127,0.811065066073622,0.8688828710998807,0.6422615349292755,1.340584635734558,0.6159456883158002,1.1202274763158389,1.1745799354144506,1.2367140906197684,1.249736794337098,1.0404821783304214,0.32238353309886797,0.5501305071104851,1.4796980619430542,0.6229066721030644,0.9606673100164959,1.3706144051892417,1.3132180071302824,0.35704802721738815,0.8543741436941283,0.9969928987058145,0.8657501983855452,0.851842616817781,0.5883253426956279,0.5376286687595504,1.0626534021326475,1.1024218555872463,0.9073485742722239,1.509961975472314,0.7179832143509495,1.3501136239085878
SRR6505469,1,-0.04443634461079325,-0.13443911341684206,-0.07815590554050036,-0.009288199778114046,-0.062060352215277295,-0.1494958379438945,-0.08174894916425858,-0.13583156732576235,-0.08157925414187568,-0.08405767327972821,-0.04491730672972543,-0.12271423824131489,-0.1259213803069932,-0.07069372917924609,0.025537578655140742,-0.10351389327219554,-0.07228119884218488,-0.08919065818190575,-0.14639434111969812,-0.06934479624032974,-0.0025115441530942917,-0.1434459782072476,-0.02474773888077055,-0.01759743903364454,-0.03463040265653815,-0.07866793179086276,-0.11471003932612282,-0.11121723534805435,-0.09428497297423226,-0.04473058134317398,0.2657204174569675,0.48123943459774765,0.28743492545826094,0.06605843667473112,0.6093665521059718,0.591266111603805,0.501201800070703,1.1337528313909258,0.6135232586945806,0.9040891240750041,0.9079358322279794,0.9857337613190923,1.0482002922466822,0.8834171476108688,0.23479229318244116,0.4003715443291834,1.1410841728959764,0.3270741126367024,0.8859391044825315,0.9514825522367444,1.1019317374697752,0.2475491198045867,0.7524102585656303,0.6562929105545793,0.6967342646260347,0.6068037088428225,0.4977880609886987,0.3708652470793043,0.764989568718842,0.8528425799948829,0.7963036220254642,1.2243943310209684,0.5222272614815405,0.8506746292114258
SRR6505470,1,-0.07551478009138789,-0.1322133413382939,-0.08012010968689408,-0.06436468022210258,-0.08272624973739896,-0.1475019763622965,-0.10076476580330304,-0.13563547070537293,-0.11203217559627124,-0.07865062355995178,-0.051188683935574124,-0.11841428599187306,-0.14403440483978816,-0.057129915204963515,0.016904198697635105,-0.11353672881211553,-0.06911546643823385,-0.09798485040664673,-0.13536101898976735,-0.0881155798477786,-0.023917603705610548,-0.13234330130009248,-0.03442596870341471,-0.057821091796670644,-0.001724741022501673,-0.05930081754922867,-0.11640773926462446,-0.12404460566384452,-0.10002499925238746,-0.07022648730448314,0.27817535187516895,0.47907074221542906,0.24389200285077095,0.06614480274064201,0.6063630498413529,0.5919721153165612,0.4497243631631136,1.0960691656385149,0.5592921120779855,0.787301412650517,0.8104821400982993,0.9303924393440995,0.9222594382507461,0.8025376094239098,0.1304281387212021,0.3720637283154896,1.0507235995360784,0.26336373747991665,0.7878018714753645,0.9384570882788726,1.0146367821310247,0.2037892916372844,0.6335106896502631,0.6180749155048814,0.6394729401384082,0.5043221267738512,0.3225743461932455,0.2799511583788054,0.6849548305783953,0.7057262190750667,0.6483666034681457,1.0792250101055418,0.4779865896063192,0.850442716053554
SRR6505471,1,-0.10688793180244309,-0.07467471698432096,0.03367771527596882,-0.039828069508075714,-0.08071785819317613,-0.07469487261758852,-0.09164668577692023,-0.08511537705947246,-0.06803950568428263,-0.06141957374555724,-0.09328265434929303,-0.11426680641514915,-0.12469706152166639,-0.014062532356807165,-0.0003313257225922176,-0.11159573974353927,-0.07124538506780352,-0.04011116669114147,-0.12620851770043373,-0.11383680786405291,-0.06786515191197395,-0.1424501490380083,-0.03654321593265714,-0.010196132053221976,0.05208489910000935,-0.12954731019479887,-0.0899349246174097,-0.046159494535199234,-0.04757721529209188,-0.06510040642959732,0.48709989951125215,0.8754955173603126,0.4496774524450302,0.11875739161457334,1.1985375050987517,1.1769242116383143,0.6901103407144547,1.5208049203668321,0.6918190111007009,1.3190789818763733,1.4507464127881187,1.6453304886817932,1.5577911181109292,1.2452413844210761,0.3663488852658442,0.8416342607566288,1.7272249885967799,0.8648315753255572,0.9278304832322257,1.679712957569531,1.4074508249759674,0.536407921197159,1.0271724888256617,1.4162210516099418,1.0095854593174798,1.0090269893407822,0.8052918525146586,0.7471322752535343,1.4042144130383218,1.368327400913196,0.7704358364322356,1.2840615404503686,0.7655210697225162,1.711907647550106
SRR6505472,1,-0.1138058038694518,-0.11606853189212936,-0.0466655216046742,-0.10236218252352305,-0.061935218184122016,-0.10305140912532806,-0.038743646283234866,-0.11610437437359776,-0.11243102619690555,-0.06176941043564251,-0.03648956971509116,-0.10295444620507103,-0.05231639317103794,-0.08496035901563508,0.043388091027736664,-0.023483876937202046,-0.036529447617275376,-0.09796049259603024,-0.13301735264914377,-0.06819864894662585,0.019810969808271954,-0.14894749649933406,0.028406061099043915,0.0076156870595046455,-0.04438532995326178,-0.10511024881686483,-0.12247098237276077,-0.1189753668648856,-0.06958388643605369,-0.06535052614552635,0.327493568616254,0.6769070423075131,0.24695330964667456,0.11143808492592402,0.7210361042193004,0.9241314721958978,0.6259991321712732,1.1572367953402656,0.6971697722162519,1.1996636297553778,1.221015649182456,1.0874740268502916,1.2546414307185583,1.1748713936124529,0.28355420593704495,0.5956210025719234,1.4058830738067627,0.5390176730496543,0.8444659411907196,1.29560009177242,1.2423243645046438,0.5185844568269593,0.9055866052180396,0.9527395426162651,0.8203499883945499,0.8327196634241513,0.5310664709125247,0.6046259967344148,1.19073493306392,1.1687439658812113,0.9150971030550343,1.4720311356442315,0.7500993715865272,1.1142531058618002
SRR6505473,1,-0.11445462118302073,-0.06697907699604652,0.09311352091442261,-0.012989001614706857,-0.0998321957886219,-0.060916991937639456,-0.07094880202995617,-0.08500185067532584,-0.07977465093218987,-0.041007338890007565,-0.0839044281414577,-0.11959436110087804,-0.10925816538344536,-0.02814148579324995,0.029933544549359276,-0.08589266719562667,-0.04250478677983795,-0.04160720598883927,-0.12049845100513526,-0.1039539064679827,-0.06005399115383625,-0.12249091161148888,-0.026208294805006256,0.027222407715661184,0.04045740820999656,-0.11237447788672787,-0.06033597673688616,-0.042230174876749516,-0.02619837863104684,-0.09191314343895231,0.4572573197739465,0.9516198400940213,0.4496739645089422,0.17114772913711412,1.2808880071554865,1.2558853796550207,0.7734126560389996,1.5609930966581618,0.674406176166875,1.3599581292697362,1.6135792349066054,1.5880622267723083,1.668902963399887,1.3139230119330543,0.44923838866608484,0.8283455201557705,1.8104689121246338,1.0201729599918639,0.9361325566257749,1.7333885644163405,1.492579577224595,0.6289749863956656,1.0691037050315313,1.4783426448702812,1.155539492411273,1.1511112685714449,0.9565264689070838,0.9033361997322312,1.710700622094529,1.4910714434725898,0.9253405550760883,1.5514806477086884,1.0124711043068342,1.8871284595557622
SRR6505474,1,-0.09821736865809985,-0.09044569025614432,0.01470956951379776,0.04947458101170404,-0.096206842522536,-0.11764689538228724,-0.09909484703634266,-0.06968405031199966,-0.08596033020876348,-0.1014265138655901,-0.09953200072050095,-0.10039777920714446,-0.11952171873833452,-0.056316186274800985,-0.08443416708282062,-0.13303569384983607,-0.1141553670167923,-0.00803438141675932,-0.13435777542846544,-0.09734668955206871,-0.07917255695377078,-0.12283647911889213,-0.06752612268818277,-0.08288825063833169,0.02876155823469162,-0.07153110738311495,-0.11083764582872391,-0.06595983116754464,-0.05750711488404444,-0.09997784559215818,0.44570909553606597,0.6454338537795203,0.4748831332794258,0.08109087284122195,1.0049649040613855,0.8649944468800511,0.3665779562933104,1.269824892282486,0.6592462296996798,0.9457332640886307,0.9911851414612362,1.3822016290255956,1.1635023855737276,1.0040798083479916,0.19647632831973688,0.7295702663915498,1.1666146899972643,0.37550918298906516,0.6327040248683521,1.134016570768186,0.9755325657980782,0.30373770956482204,0.8119214198419026,0.8939365851027625,0.7841339478535312,0.5465999330793109,0.5821941308677197,0.3144074481512819,0.7756566596882684,0.6095750283982072,0.34816343763044905,0.5741020011316452,0.413402296602726,0.941327548452786
SRR6505475,1,-0.047681515770299096,-0.1224618809563773,-0.07164993995684199,-0.0519453300429242,-0.07541121861764363,-0.13742272130080632,-0.07365957860435758,-0.12130624109080859,-0.10166388457374913,-0.08757990917989186,-0.07147854779447828,-0.13067231327295303,-0.1231718904205731,-0.03463202661701611,0.02563537231513432,-0.06499102977769715,-0.03526178215231214,-0.09970940516463347,-0.14585664229733603,-0.05137239981974874,-0.00824832490512303,-0.15525658960853303,-0.013280801009386778,-0.028579984392438616,-0.010914054632719074,-0.0911687005843435,-0.11437743157148361,-0.10999394341238908,-0.0826919653585979,-0.11046292792473521,0.32665884654436794,0.5121494978666306,0.31198866026742117,0.05345294411693301,0.7061979855809893,0.724869801263724,0.5847973956593445,1.1984552506889616,0.6448118441871235,1.0792643363986696,1.1177803192819868,1.1081755491239684,1.0801736957260542,1.0508921455059732,0.3424287454358169,0.538335287145206,1.2454970223563058,0.48370954394340515,1.054891454854182,1.286780423883881,1.2521329394408636,0.3014123099190848,0.9209413645522935,0.8235423352037158,0.8034947887063026,0.8103444459182876,0.5526294293148177,0.4695790463260242,0.859855055809021,1.0555152871779032,0.8978618585637638,1.301734419805663,0.5849577431966152,1.1577817733798708
SRR6505476,1,-0.09993254286902291,-0.08875864883884788,0.035941621022565026,0.02241540008357593,-0.09217967066381659,-0.11413203351133104,-0.07354754167109993,-0.07341302463152845,-0.08841620907852692,-0.08483290831957545,-0.07257611756878239,-0.09268702540014472,-0.12095596588083676,-0.023730899074247906,-0.0681411081126758,-0.11580015985029084,-0.07036469610674041,-0.03977444914302656,-0.13619793046798026,-0.11975492962769099,-0.03990824573806354,-0.1364248480115618,-0.04343529152018683,-0.06501474753687424,0.008285676328731435,-0.07808453855769974,-0.1135206866477217,-0.04057076706417969,-0.0696795800966876,-0.11625987450991358,0.4679375421255827,0.6707779626761164,0.45011215124811443,0.09067402513963836,1.0478782228061132,0.8869969062507153,0.47153095129345146,1.466309373266995,0.5774397871323994,1.0283699205943517,1.1861522921494074,1.3930859225136893,1.312849474804742,1.183957719377109,0.40019785187074114,0.7850602396896907,1.3799560751233781,0.6384673193097115,0.807848972933633,1.3668266566736358,1.1181712235723222,0.37903247135026114,0.8004889701093946,1.0930917475904738,0.9007488936185837,0.8423323769654546,0.6496894583106041,0.4026064035881843,0.9193131018962178,0.825648849031755,0.5768228412738868,0.9579231249434608,0.5555106593029839,1.271307178906032
SRR6505477,1,-0.058825944151197164,-0.1147644551736968,-0.08199748396873474,-0.047095798222082,-0.09969244045870644,-0.13860590755939484,-0.08240183096911226,-0.09894510970583983,-0.11763944397015232,-0.1017909145780972,-0.0851708512221064,-0.13087058173758642,-0.155261007802827,-0.024203282381807054,-0.01938763047967638,-0.10138298783983503,-0.08339932547616107,-0.09571985208562442,-0.14671781659126282,-0.07952485473028251,-0.027492464653083255,-0.14410232646124704,-0.04771043253796441,-0.042657872928040366,-0.011411348823457956,-0.09834914122309003,-0.13555934705904552,-0.10094231402035803,-0.12524489260145596,-0.12047799517001424,0.337592818907329,0.5127808238778796,0.34271873054759844,0.06026465605412211,0.7885389572807721,0.7028864255574133,0.4716346540621349,1.3082779837506158,0.5786645327295575,0.9431932792067528,1.092922295842852,1.20381726537432,1.1082234191043037,1.002254605293274,0.3317393319781071,0.5615378618240356,1.222469253199441,0.5407830008438655,0.9695348143577576,1.195676608809403,1.2052911115544183,0.2618997623877866,0.8498969631535667,0.9278106402073588,0.8145619556307793,0.7188528861318316,0.5014600703226668,0.39617473538964987,0.7743775812642915,0.9204073697328568,0.7572128219263894,1.1429596266576223,0.528507119842938,1.1733408808442098
SRR6505478,1,-0.04688052673424993,-0.1127284759921687,-0.05982720106840134,-0.07007474558694023,-0.09428624915225166,-0.1258192498769079,-0.07341912920985903,-0.10597476283354419,-0.11017692195517677,-0.08942766274724688,-0.06987913485084261,-0.13246931561401912,-0.1437768531697137,-0.027950538056237356,0.01655010027544839,-0.08719150615589959,-0.05641996966941016,-0.08279446884989738,-0.14199154824018478,-0.07859342638403177,-0.027838530285017832,-0.14489959393228805,-0.023719846670116698,-0.028203919529914856,-0.007391223750476327,-0.0946308406335967,-0.1225564878966127,-0.10294696741870471,-0.09696410622979913,-0.11162366249066379,0.3463381113750594,0.48636352590152193,0.29485072940588,0.07569987433297294,0.7165029219218663,0.7136644923261234,0.51979347211974,1.2643571240561349,0.5786457423652921,1.02804939023086,1.075953722000122,1.1573089701788766,1.110185308381915,1.0172286054917745,0.32247564382851124,0.5365571549960545,1.281198229108538,0.5163670097078595,0.9782900427068982,1.2148418032697268,1.220041524618864,0.2599424368568829,0.8175277018121311,0.8378701470792294,0.8453584739140102,0.724185723811388,0.5092884993978909,0.42890932730266024,0.8151394660983767,0.9926421791315079,0.8566332012414932,1.3027629171098982,0.5884159951071654,1.1202900846089636
SRR6505479,1,-0.06523250149829048,-0.1110110485127994,-0.06594296684488654,-0.05336334290249007,-0.09936031685875994,-0.12757709409509385,-0.05330223137778895,-0.10689876574490752,-0.11246947797813586,-0.07506376877427101,-0.08310555879558836,-0.1255110182932445,-0.13229516574314662,-0.024353935649352416,-0.008911372295447759,-0.09474628179201058,-0.06196872623903411,-0.09700892493128777,-0.1484233002577509,-0.09930093080869742,-0.01690158514039857,-0.149776357625212,-0.017922517444406236,-0.018796167203358242,-0.0031447294833404677,-0.12793587469163217,-0.12746688670345716,-0.10927706935659184,-0.11111913195678166,-0.12548075084175384,0.34748661305223194,0.6133623612778527,0.29487490547554834,0.07768978284937995,0.8016150332987309,0.7434438286083085,0.5447798445820808,1.298090643116406,0.5622620726270335,1.0750904721873147,1.1785080858639307,1.2090915441513062,1.2061048980270113,1.104974729674203,0.37266975667859825,0.5808070291365895,1.3891822014536177,0.5976703848157611,1.0038752279111318,1.2944873523499285,1.2548528143337794,0.33157537983996527,0.8445347462381635,0.9767249801329204,0.852312575227448,0.8064343093761376,0.5725773780473641,0.5286444436226573,0.9808203242719173,1.1391504790101732,0.8714830577373505,1.384122148156166,0.6527482851275376,1.2527937388845853
SRR6505480,1,-0.0892227967934949,-0.08210915672991957,-0.04665448729481016,-0.05928531914417233,-0.10895162262022495,-0.10634798816006098,-0.06668538081326655,-0.07253830221348576,-0.09118230135313102,-0.07849108427762985,-0.11918194858091218,-0.10533207761389869,-0.12131446014557566,0.04389471427670547,-0.032726866858346124,-0.10483387165835925,-0.06647838259647999,-0.060097712225147655,-0.14559713431767055,-0.09654637958322253,-0.02713732048869133,-0.14244639022009714,-0.02844227384775877,-0.038074567914009094,0.04491166996636561,-0.11748178462897028,-0.11654572454946381,-0.05414334210633699,-0.10156052559614182,-0.12519097301576818,0.45640947190778597,0.7439784971731049,0.3972471494759832,0.11316658343587603,1.1374343410134315,0.9436874495420072,0.5037089128579412,1.4975586043936866,0.6148957104555198,1.2022871587957655,1.4576279520988464,1.507768988609314,1.4455940169947488,1.2946019768714905,0.4520026308351329,0.8162551330668586,1.5778548632349287,0.7960294314793178,0.9598227675471988,1.4161851140005248,1.382456315415246,0.4142522322280066,1.036928576018129,1.270381364439215,0.9030434936285019,0.9553110152482986,0.7784215110753264,0.6959791130253247,1.155488204743181,1.2919762274915618,0.7171094476112297,1.1129399687051773,0.6397343139563288,1.564644637384585
SRR6505481,1,-0.0976940750011376,-0.09248121614967074,-0.04098723775574139,-0.08248857728072576,-0.10105601458677224,-0.10610406193882227,-0.05715029249300382,-0.08697253838181496,-0.0953423050897462,-0.057912353958402364,-0.0704532058111259,-0.1370027842266219,-0.11486517025956086,-0.009179579094052315,0.029726698928113495,-0.06615183076688222,-0.04682578785078866,-0.08232947552044477,-0.1302609837480954,-0.10211327485740185,-0.025635043691311563,-0.14786022369350707,-0.0012722419840948923,-0.0005499382137453981,0.001971134317240545,-0.13090917813990796,-0.11598866220031466,-0.09955624278102602,-0.059497736394405365,-0.13203388825058937,0.3922523260116577,0.7210864797234535,0.3310974598197,0.09403428275670324,0.8974232716219765,0.9479293610368457,0.6886035230542932,1.3706785280789648,0.6493411565066448,1.2959285314593996,1.346574685403279,1.342727541923523,1.3394064637167113,1.281608128121921,0.38254877073424204,0.691903503877776,1.6197733453341894,0.7940344235726765,1.0715063299451555,1.524267700101648,1.389723145536014,0.47310391600642887,0.9202267751097679,1.1446506681718998,0.989575510312404,0.9947557672858238,0.7358152696230847,0.692407217442191,1.2146565594843455,1.3562847727111407,0.9249563461967877,1.540033506495612,0.7863172811589071,1.51573924188103
SRR6505482,1,-0.10171622543462686,-0.09505152103624173,0.009810961782932281,0.14037088145102775,-0.11821324644344193,-0.11315235730061042,-0.10784932981187012,-0.07420799749836858,-0.07419055607169867,-0.10129492011453424,-0.07268902659416199,-0.1031581788722958,-0.12037769199482032,-0.06036354920693806,-0.10701676697603293,-0.13364113760846003,-0.11807405256799289,-0.036940464550363164,-0.1284041205154998,-0.0894670236323561,-0.08370405382343701,-0.10454144701361656,-0.06021435000002384,-0.08554874759699617,-0.001973989685731275,-0.07564423472753593,-0.11976275859134537,-0.07429536006280354,-0.05820807921034949,-0.11296600316252027,0.40534868756575243,0.5115261546203068,0.4452723615935871,0.08570212136588193,0.9092312008142471,0.7746614249689239,0.29446892866066526,1.181155998791967,0.5575659445353917,0.7647167199424335,0.9022126463907105,1.2085609180586678,1.0065560745341438,0.9801183771342039,0.20574016629585198,0.6383046592984881,0.9382322345461164,0.3515215909906796,0.5511486977338791,0.9563693340335574,0.809663359607969,0.18124408381325857,0.6313912996223995,0.7303537822195462,0.6628508919051715,0.4746316559612751,0.47602933113064083,0.24490030455802167,0.6327888954963002,0.46682084730959367,0.23730424791574478,0.4244933953242643,0.31522697529622484,0.7687476873397827
SRR6505483,1,-0.01995650359562465,-0.1252597783293043,-0.07130005303770304,-0.07719794341496058,-0.08265411052187639,-0.13271795319659369,-0.08210666903427669,-0.12756971163409098,-0.09917195620281356,-0.06559654059154647,-0.051422259637287686,-0.13837238614048278,-0.12167210743895598,-0.03708484023809433,0.033951839698212485,-0.08905151060649327,-0.03298108386141913,-0.08961342062268939,-0.13454978221229144,-0.08530019383345332,-0.018138005265167782,-0.13357107979910715,-0.015371746250561305,-0.023541313196931566,0.008143909142485686,-0.08138229165758405,-0.11418796969311577,-0.10440904274582863,-0.0818086074931281,-0.09543498818363462,0.2575084599001067,0.44839782799993244,0.26784335618971716,0.07475992717913219,0.6437413735049111,0.6639250522213322,0.5171875939039248,1.1843388165746416,0.5350328133042369,0.8483123076813561,0.9455526513712746,1.0199069253035955,1.0137980835778373,0.9099965638348034,0.24277814484334417,0.4333739224821329,1.1032057447092873,0.3747161797114781,0.9322589093020984,1.1046653613448143,1.1304710975715093,0.23674047738313675,0.7705467545560428,0.7132386841944286,0.7713436659957681,0.6057552892182555,0.40696302907807486,0.3313848887171064,0.8159925533192498,0.9046445510217122,0.8110767922231129,1.325418813952378,0.6142925206305725,1.0345261203391212
SRR6505484,1,-0.09514677098819188,-0.09925102016755513,-0.05196518238101687,0.07590067120535034,-0.12826634517737798,-0.12362346265997205,-0.10964820184744895,-0.08344552226896797,-0.1080746618764741,-0.1108764580317906,-0.09894615677850586,-0.0958821534046105,-0.12648605129548482,-0.004472763410636357,-0.08852531188832861,-0.14081021238650596,-0.11275643323149,-0.03755902179649898,-0.14556048970137322,-0.013633954205683299,-0.0992602753852095,-0.034089225876544206,-0.0747295692563057,-0.03529149653123958,0.014097120612859726,-0.08210808218323759,-0.08437821694782802,-0.07599800851728235,-0.06914716958999634,-0.1165547062243734,0.21892655467880623,0.2903869407517569,0.4421946108341217,0.033579414045172076,0.8135035123143878,0.7150074371269771,0.13396630542618887,1.1246824158089501,0.42944300387586865,0.5216285586357117,0.7825801989861897,0.9688289591244289,0.8983896167150566,0.722344359382987,0.1562264248329614,0.5197937803875122,0.7297298961452076,0.22798352861510857,0.4317686174597059,0.7489373973969903,0.6176922028618199,0.11673546063580684,0.5825133323669434,0.5705857735925487,0.5593550618214067,0.27999433954911573,0.33939166899238316,0.14044361667973654,0.5198112993634173,0.30757145184491363,0.2374466173350811,0.3479016228978123,0.2995682289557798,0.5733255360807691
SRR6505485,1,-0.09017297199794225,-0.10562096323285784,-0.10443555457251412,-0.016765586233564785,-0.12601499153035028,-0.12812451965042523,-0.10299396874116999,-0.08660014851817063,-0.11521083276186671,-0.1111708443079676,-0.09798445233276912,-0.11173223118696894,-0.13585886784962245,-0.012172063147383077,-0.07115297924195017,-0.13132750149816275,-0.11270728813750404,-0.06193264627030918,-0.1507901613201414,-0.023932153625147685,-0.08597533777356148,-0.06834678245442254,-0.07185336308819908,-0.027732897283775464,-0.017291227222553322,-0.09277298846947295,-0.10065300869090217,-0.08786181486876947,-0.09667340985366277,-0.11618158274463244,0.19189215118863753,0.26285911883626667,0.4028179155928748,0.023926935025623867,0.7613768077322415,0.6759314090013504,0.15674808621406555,1.1487425150615829,0.4223441353866032,0.5758955648967198,0.8224789553454944,0.9317814026560102,0.8683524876832962,0.7647505344024726,0.15820155612060002,0.5119801719806024,0.780713153736932,0.27131771735314814,0.4922265665871756,0.7581379928825689,0.6638528667390347,0.11895404223884855,0.592327526637486,0.5681087773825441,0.5759928939597947,0.3272060341301507,0.3331567150141512,0.16820678114891052,0.5118012140904155,0.36839115779314724,0.2805608795689685,0.44246806310755865,0.3024237762604441,0.6077821361167091
SRR6505486,1,0.003446466156414577,-0.11688963989061969,-0.032796416232096295,-0.10055882057973317,-0.0770693589001894,-0.10546557711703437,-0.07838211714157037,-0.1323244904300996,-0.06109347087996347,-0.06401427249823298,0.009343278195176805,-0.14262804921184266,-0.07628345768898726,-0.03684734074132783,0.07976435124874115,-0.05940707666533334,-0.006973207795194217,-0.06647894957235881,-0.11837336287966796,-0.0827296067561422,-0.0008662770103131022,-0.1298097079353673,0.02163771220615932,0.026380032300949097,0.020581640835319246,-0.026770737820437977,-0.08009316506130355,-0.10432757224355425,-0.021026249941704527,-0.018796531217438833,0.26461363370929447,0.4721291757055691,0.22898235810654505,0.09736479818820953,0.4925473337726934,0.6447430217771658,0.6271552943757602,1.0442292136805398,0.6475140431097576,0.9904696121811867,0.8035516227994647,0.8788968091830611,0.9889002272060939,0.8690293388707298,0.1602470161659377,0.4781801982649735,1.1264161041804723,0.3099075236490795,0.8885887009756905,1.031038889395339,1.0777998960443906,0.2391306534409523,0.7121937610208988,0.5316959576947349,0.7820446012275559,0.6868311617789524,0.3732618795973914,0.3158613241144589,0.7239059997456414,0.9316460607307298,0.872259395463126,1.417204826538052,0.6099178940057755,0.8940656547035489
SRR6505487,1,-0.09163315274885722,-0.11258439094360385,-0.0286997774881976,-0.11826957336493901,-0.08497833833098412,-0.09642178139516286,-0.03532348722884698,-0.11509199467088495,-0.09932646155357361,-0.06964251239384923,-0.04213640785643032,-0.1443773369703974,-0.04824689030647278,-0.07556129326777798,0.057095495983958244,-0.03326950381909098,-0.016468081091131483,-0.06423452589660883,-0.1200058561350618,-0.09904372000268527,0.01129831187427044,-0.12875280529260635,-0.004566987444247518,0.003171861171722412,-0.029057749081403017,-0.10327458594526563,-0.10687894693442754,-0.09502894112042018,-0.01046741966690336,-0.06572782514350754,0.36431401116507395,0.7390502350670951,0.3265831300190517,0.13534370277609145,0.6784646489790508,0.8781171355928693,0.7733680454215833,1.2724875807762146,0.7112136786537511,1.255284144277019,1.2971458647932326,1.1530499586037226,1.3356629056589944,1.1106501019426755,0.3278386234305799,0.6603114466582026,1.576583138534001,0.669291268501963,1.082486554980278,1.4636291350637163,1.3636661246418953,0.4676369716014181,1.0170103731964315,0.983643247612885,1.003360549254077,1.03905858764691,0.7051021414143699,0.6604183124644416,1.1841377403054918,1.2557515744119883,1.0932045068059648,1.6829341037997179,0.8058749192527362,1.3439758526427406
SRR6505488,1,-0.07324564190847534,-0.12094928483877863,-0.1002625860273838,-0.04979531679834638,-0.09454265130417687,-0.1369087557707514,-0.09431435487100057,-0.1221042163670063,-0.1155120956578425,-0.07825954152005059,-0.07337849055017744,-0.1271396747657231,-0.1536763949053628,-0.0565617097807782,-0.010177384529794966,-0.09869353978761605,-0.07811469531485013,-0.09448116911309105,-0.15014197677373886,-0.0955261614705835,-0.02342408150434494,-0.13361757940479688,-0.03705011893595968,-0.033922111349446435,-0.021235648276550428,-0.113506268709898,-0.12229917198419571,-0.11478181263165814,-0.11247361344950539,-0.1010364443063736,0.2705352178641728,0.4761200376919338,0.28904640514935764,0.04314665389912469,0.702107770634549,0.7051481679081917,0.460895547909396,1.2130278221198492,0.5488298242645604,0.902904423219817,1.000168229852404,1.1092074172837394,1.0872213577053376,0.9282644710370472,0.28972470866782324,0.42514497148139135,1.1783009682382857,0.4468969021524702,0.8496736330645425,1.0854105871237283,1.0912870565163237,0.25143798014947344,0.7779191679188183,0.7699078640767506,0.7545824891754559,0.6287895377193179,0.4651556343305856,0.3858314912234034,0.8498500255601746,0.9195894535098758,0.7956460288592747,1.2132983016116279,0.5584254312728133,1.0151867249182291
SRR6505489,1,-0.11320864728518895,-0.07866666206557836,0.10063094539301735,-0.028315267924751555,-0.0850543597979205,-0.0913041769859514,-0.0336808397428935,-0.06828241839580837,-0.0839408250883155,-0.059660557857049365,-0.08624476513692311,-0.10842789124165263,-0.11256718342857701,-0.001152236812881061,0.02061458889927183,-0.11541945513870035,-0.06531108170747757,-0.009574824245646596,-0.13092694910509245,-0.11137320101261139,-0.03349401495818581,-0.1371521736894335,-0.04951586570989873,-0.05147251593215125,0.06513490082163896,-0.1152699775993824,-0.06336612094725881,-0.015245879335062844,-0.059437534638813565,-0.10725794892225947,0.539049543440342,0.8642060245786395,0.4491741995360436,0.179087394149974,1.2393188263688768,1.008191704750061,0.729313748223441,1.7135320518698012,0.5936135926416942,1.3106509979282106,1.5091535917350225,1.5358854191643851,1.6137307626860482,1.359882727265358,0.5474688341575009,0.8280095745410238,1.6556089605603899,0.999917996781213,1.0171652223382677,1.7177317879561866,1.4513123376028878,0.589064709842205,1.0757834985852242,1.4247475830571992,1.1278422964470727,1.2891586614506585,0.9317885546811989,0.7456466869584152,1.381688095097031,1.3638081210000175,0.9871950676398618,1.4462431674557072,0.8042620037283216,1.7782894974308354
SRR6505490,1,-0.09392032772302628,-0.1048496887087822,-0.09027402794786862,-0.05297619476914406,-0.09970150089689664,-0.12424419447779655,-0.059838314939822466,-0.09124536333339554,-0.10618046897330455,-0.08896247231002365,-0.08492318860122136,-0.1270025787608964,-0.13748130787696158,-0.03359551541507244,-0.037176916641848426,-0.08492320350238255,-0.08380086081368583,-0.11139844916760921,-0.15150213560887746,-0.08736975384610039,-0.015454882489783424,-0.14977440983057022,0.0006278625556400844,-0.019410711313996996,-0.032348431779869964,-0.1388356951730592,-0.13015138783625194,-0.10599551216832229,-0.11136219610593148,-0.11964906326362065,0.34013913319047007,0.6440736853650638,0.3788220469972917,0.022773181221314838,0.8100710968886103,0.8864672822611672,0.5628434249332973,1.2178309400166785,0.6055815825238824,1.1861738626446043,1.2038231151444572,1.2523404913289207,1.1794823429414205,1.155923815710204,0.29006632417440414,0.6950095303888831,1.4140980754579817,0.5759123201881137,0.9770748104367938,1.3658604845404625,1.2054038281951631,0.3806971561695848,0.8244892465216773,1.0146457837628466,0.7897150399429458,0.8323266165597099,0.6179187425545284,0.4889237158266561,0.9562555551528931,1.1550468099968774,0.7138459775596857,1.2159824967384338,0.5490581563540867,1.1537766283644098
SRR6505491,1,-0.11157650713409696,-0.13110176154545375,-0.12324154749512672,-0.05121646289314542,-0.1063228180365903,-0.14154945952551706,-0.11680529585906438,-0.11699395573564939,-0.12939747955117906,-0.10113232582807541,-0.0676879563501903,-0.08433034004909652,-0.1635420322418213,-0.03414815956992762,-0.053104296060545106,-0.1295631118118763,-0.1024315282702446,-0.13108926372868673,-0.1533668828862054,-0.05697034512247358,-0.06067860232932227,-0.06743736777986799,-0.048735860735177994,-0.04889757399048124,-0.03724718000739813,-0.09219670455370631,-0.11986330257994789,-0.11482518379177366,-0.12991044457469667,-0.07933032193354198,0.1980050408414432,0.3392086981662682,0.25272415711411406,0.01449728012084961,0.6679033668977874,0.5846115446516446,0.21358174830675125,0.9796042523479888,0.40795491822063923,0.5251587448375565,0.6867393042360034,0.9098088783877236,0.8071942968027932,0.7147878642593112,0.13626509638769285,0.34623787365853786,0.7542123313594077,0.2164779790411038,0.4703495880322797,0.7286491010870252,0.7260774379330022,0.1285558177956513,0.5168602503836155,0.49764903554958956,0.4923961726682527,0.2844326858009611,0.2182513741510255,0.18691806282315934,0.6064603988613401,0.43167440806116375,0.3626325705221721,0.621154459459441,0.294853612780571,0.5843996416245189
SRR6505492,1,-0.044882001621382575,-0.12102762929030828,-0.10339450383824962,0.004017748603863376,-0.10986546320574624,-0.14002592329468047,-0.07720474206975528,-0.10202483939273017,-0.11224706071828093,-0.08754245245030948,-0.10774263952459608,-0.11938318370708398,-0.1560439169406891,-0.017271626740694046,-0.04355606649603162,-0.10605303517409734,-0.08949490410408803,-0.10882868777428355,-0.15210807536329543,-0.0712842307984829,-0.026442297867366245,-0.14024162079606736,-0.05141527312142508,-0.009560139051505498,-0.026761255093983242,-0.11061897368303367,-0.13462434921945846,-0.10341180302202702,-0.139009599174772,-0.12424111738801003,0.24544386233070067,0.39767762433205334,0.2978433200291225,0.03282766177185944,0.7404846941852676,0.6116700140493256,0.32833988645247053,1.1823378455426012,0.4579912785972868,0.839298414332526,0.9853461767945971,1.0400534442492895,0.9578649657113212,0.8887876676661628,0.2696930654346943,0.5159957616456917,1.017185969012124,0.3825704370226179,0.8196491301059723,0.9637768790125847,1.0172389532838548,0.22453115241868155,0.6760721334389278,0.7902538608759642,0.6559165609734399,0.5124799332448414,0.39725978832159725,0.2980837571833815,0.7043484837881157,0.7742279980863843,0.5536168026072639,0.9059741092579705,0.4735204130411148,0.9303308193172727
SRR6505493,1,-0.10399761636342321,-0.08081456034311227,-0.006050152438027518,-0.08793053084186145,-0.10377450101077557,-0.10546347478936825,-0.06124802409145299,-0.07423902199038171,-0.09749149102052408,-0.08737559456910406,-0.11987177708319255,-0.10615993450794901,-0.11451017657028777,0.009848494082689285,-0.03529430473489421,-0.12100083168063845,-0.07962640907083239,0.00808587417538677,-0.1455227860382625,-0.11204166657158307,-0.03721043361084802,-0.14013497744287765,-0.06871039500193936,-0.061096741152661185,0.04745200522510069,-0.10714585759810039,-0.09084924051005926,-0.011701229427542006,-0.08742404303380422,-0.10452856762068612,0.48361906595528126,0.6887200783405986,0.40871727785893847,0.10712292338056224,1.1396563878016812,0.9587852369461741,0.5006670664463725,1.5252914045538222,0.6884209854262215,1.2104815712996893,1.3892356412751334,1.4493878654071264,1.5593683677060264,1.1324496077639716,0.40672695237611023,0.8420195898839405,1.5073570992265428,0.8495647779532841,0.9088380336761475,1.4407937212714128,1.309959535087858,0.42245442207370487,1.0203975162335805,1.2523774853242295,0.8744266554713249,0.9344065178717885,0.7496643491488483,0.6549628036362785,1.1107760657157217,1.175061701663903,0.6940308593745742,0.9643352148788316,0.6088604373591286,1.5508062839508057
SRR6505494,1,-0.08205886427978319,-0.11162496890340533,-0.08628889173269272,-0.03715929655092103,-0.10674998962453433,-0.13319875353149005,-0.07938054084245648,-0.09339777539883341,-0.1141733673534223,-0.09524832093822104,-0.10678618720599584,-0.10548071776117597,-0.1499528427209173,-0.03456379686083112,-0.05551204936844962,-0.10225965189082283,-0.07067750713654927,-0.11057665571570396,-0.1504445874265262,-0.0736734965550048,-0.04436427354812622,-0.14191037310021265,-0.03565669033144202,-0.039041818252631595,-0.03626466595700809,-0.10972458656345095,-0.133920319378376,-0.11039512458124331,-0.10955332113163811,-0.1292104721069336,0.271139831797752,0.49790564525340286,0.370287370468889,0.04785585416746991,0.770183761204992,0.6832743212580681,0.3275169464094298,1.1461695339530706,0.4641245859009879,0.8456518224307469,0.946589215525559,1.0764281558138984,0.9853357119219643,0.968600652047566,0.23895737528800964,0.5619259380868503,1.0916148253849574,0.3422256548489843,0.7765059130532401,0.9972029823277678,0.9688579482691628,0.194062274481569,0.6860455072351864,0.7319111967725414,0.660545928137643,0.5055770905954498,0.451946440366945,0.3321496344038418,0.7113796706710543,0.7677148782781192,0.518078211961048,0.861425906419754,0.4220138979809625,0.8676570696490151
SRR6505495,1,-0.08517984939473015,-0.11116633777107511,-0.044233589699225764,-0.08006204292178154,-0.09587546544415611,-0.1172705480296697,-0.08297676563129894,-0.11079527756997518,-0.09478143921920232,-0.07909687927791051,-0.04640306106635502,-0.1480496483189719,-0.13543399210487092,-0.02879708100642477,0.031667969056538174,-0.07798245256500584,-0.03513262647071055,-0.08581317508859294,-0.1240371513579573,-0.11320898631986763,-0.03385019728115627,-0.14313967206648417,-0.01898358522781304,-0.017659501837832586,-0.0030258537403174807,-0.07563764921256474,-0.08880046542201724,-0.1098663333271231,-0.06621481903961726,-0.09898482369525093,0.2904529284153666,0.514693592275892,0.25149223527738024,0.0683520074401583,0.6827456009175096,0.7418976894446782,0.6204673568052905,1.1639331728219986,0.6227529517241887,1.0183174258896284,0.9922648540564946,1.0306017867156438,1.0861053041049413,0.9388822732227189,0.19188604104731763,0.5308256718729224,1.275375485420227,0.48563594690390993,0.8971461866583142,1.24279369946037,1.1243401020765305,0.28140861115285326,0.7187583497309659,0.7546820715069771,0.7967201322317123,0.7484151375080857,0.4446794257632324,0.44967725021498545,0.7961741185614041,1.0371226242610387,0.76610832654738,1.3125061861106329,0.6160498660589967,1.1459337898663111
SRR6505496,1,-0.08328106839741979,-0.11294187006673642,-0.07282958073275429,-0.09376254890646253,-0.09081072386886392,-0.1139313919203622,-0.05043678431372557,-0.10696420499256679,-0.09930652725909438,-0.09131445895348277,-0.03688615933060646,-0.13777615129947662,-0.10371996595391206,-0.04652419500052929,0.022317239748580114,-0.06622529695076602,-0.07184343997921262,-0.09223168556179319,-0.13577650487422943,-0.09416829375550151,0.010762842105967658,-0.1517209612897464,-0.02161229800965105,-0.025054009897368296,-0.01792372517021639,-0.11505706182547978,-0.11031658841030938,-0.11683859676122665,-0.07745510339736938,-0.0906770333780774,0.30340963176318575,0.6325069836207798,0.27289642127496855,0.09024089388549328,0.7531438661473138,0.8192278790686812,0.6873226261564663,1.2249703535011836,0.7241758438093322,1.1707574938024794,1.1653665176459722,1.0806026022349084,1.2158759936158146,1.0895758005125182,0.288040768089039,0.602045476436615,1.410383207457406,0.6134553636823382,0.9748119147760528,1.4436873812228441,1.2349674148218972,0.40622372393097195,0.8077322710305452,0.8486345852059978,0.8909069390169212,0.8738816800926413,0.5404711716941425,0.5355156064033508,0.9404373924647059,1.214169625725065,0.886313755597387,1.4470072569591659,0.6949421923075404,1.2381565030664206
SRR6505497,1,-0.11290541477501392,-0.0938264871282237,-0.020061894852135862,-0.0684030471103532,-0.09490193932184152,-0.10158212961895126,-0.04645537370067489,-0.08042543178557285,-0.0801690879410931,-0.06870719098619052,-0.0630580373108387,-0.1311575546860695,-0.13191515446773597,-0.012184611388615199,0.007338080023016248,-0.09576598554849625,-0.06835248214857918,-0.06794241935546909,-0.12887168249913625,-0.12444273116333145,-0.04045399571103709,-0.14244713421378816,-0.020336632749864032,-0.03375940663473947,-0.0167340984834092,-0.13742567279509135,-0.11111142592770713,-0.07990621861868671,-0.06102718945060458,-0.12949030314173018,0.430266372859478,0.7312540433236531,0.37667656862842186,0.12145853787660599,0.9551194033452443,0.9038441096033368,0.6633469153727803,1.422942330794675,0.6289707154833845,1.248843497463635,1.3577787109783717,1.3579963530812944,1.3825196900538035,1.2473060893160957,0.4170505031943321,0.7039340287446976,1.5495512655803136,0.8911442799227578,1.0462652061666762,1.5507244701896394,1.3879235982894897,0.4724713446838515,0.9203326318945203,1.2258928696225797,1.0245231363390173,1.0097283635820662,0.8123376390763691,0.6380707624235323,1.2293438666633196,1.3526692443660326,0.9292802172047752,1.5094985238143377,0.7593112625181675,1.5970303171447344
SRR6505498,1,-0.10341454536787101,-0.07863484083541802,0.04071061664892893,-0.011070232838392258,-0.10466050037315913,-0.08864519095680277,-0.0727533443023276,-0.07167432965902013,-0.07059843557986564,-0.0805250411587102,-0.09784309885331563,-0.10924165749124118,-0.11661244290215629,0.017467239605528966,-0.03315972217491695,-0.12749604082533292,-0.07208015743110861,-0.024919792943234955,-0.13541057759097644,-0.11485146252172333,-0.05489533208310604,-0.13956024338092124,-0.03204568831383118,-0.04389821604958603,0.044644452831042666,-0.13392941227981023,-0.09353894580687795,-0.02461428035582815,-0.08187731461865562,-0.10132612820182528,0.48500173538923264,0.7646356491105897,0.4876536577939987,0.1384693576754736,1.164585521178586,1.0303939152508974,0.5610769417669091,1.5394063198140688,0.6134426040308816,1.1927744852645057,1.427220778805869,1.5400636792182922,1.5092795001608985,1.261280785713877,0.4354091765625136,0.8223290315696171,1.4766592681407928,0.8441045773880822,0.9011619218758175,1.5046865876231874,1.3849378100463323,0.45297724487526075,1.0436221691114562,1.37374926524769,0.9275921945061002,0.9548263528517315,0.821880185178348,0.6285329578178269,1.254818137202944,1.2514519933611155,0.7185521363280714,1.124570763536862,0.6410340986081532,1.6063185100044524
SRR6505499,1,-0.10066306218504906,-0.0949121354413884,-0.049918150529265404,-0.0511837654880115,-0.11154126854879516,-0.12795088752838119,-0.08920646413129621,-0.08432544841031943,-0.10935918587659087,-0.10208589796509061,-0.11104600158120904,-0.11277544392006737,-0.12931743264198303,-0.009208134774650847,-0.04508130784545626,-0.12866424449852534,-0.0945431584758418,-0.03902210694338594,-0.1502310803958348,-0.07501670611756188,-0.06873466180903572,-0.13013702205249242,-0.04499964841774532,-0.061520394935671775,-0.014778980985283852,-0.08333155898643392,-0.1215327935559409,-0.08008998885218586,-0.0682360620370933,-0.13297395680066465,0.37093173233526094,0.4824727943965367,0.38230534243796555,0.09268770233861037,0.8718018159270287,0.7075403353997639,0.2646320281284196,1.2063853752666287,0.5021763167210987,0.8727850658552987,0.9741408888782773,1.1805564335414342,1.0540978440216608,0.9689144268631935,0.2509481712643589,0.6694872719900948,1.0703408547810145,0.43411789355533464,0.7150065664734159,0.9753345589685652,0.9686704618590218,0.18785595787422998,0.7226838959114892,0.7697115572435516,0.692990877266441,0.5272280180028507,0.5088080798408815,0.38918813318014145,0.7192082751010146,0.7039167106683765,0.4618748410471848,0.6107949486800602,0.3611359532390322,0.9763979337045124
SRR6505500,1,-0.06932499845113073,-0.11112545803189278,-0.09685973769852094,-0.05042141170373985,-0.10258413106203079,-0.13619572349957057,-0.08258117070155484,-0.09862782593284335,-0.12045598376010146,-0.0923953370324203,-0.10489182067768914,-0.11479793535545468,-0.15131372532674245,-0.025071693750630532,-0.035316240042448044,-0.09517561218568257,-0.06930352268474442,-0.10950359542454992,-0.15089280477591924,-0.06590134011847633,-0.03197044027703149,-0.14885558294398443,-0.03399738137211118,-0.03886126460773604,-0.02280675234006984,-0.10672920303685325,-0.1299228114741189,-0.11737731471657753,-0.12001826853624412,-0.12962298627410615,0.285704036376306,0.47971673535981346,0.33349201761718306,0.05079003090837172,0.748916756361723,0.7022402158805302,0.37428514872278484,1.1641872386847223,0.5118335389665195,0.9435845187732151,1.0231685553278242,1.1035408760820116,1.0158909090927668,0.9962662288120815,0.2461331103529249,0.552371084690094,1.1716351509094238,0.39295000582933426,0.8652381130627224,1.072900626808405,1.0776065811514854,0.22385503138814652,0.7368732914328575,0.7598300906829536,0.7004082139049258,0.5842743239232472,0.4805659151503018,0.3669715467840433,0.74357934402568,0.853879587990897,0.5985654475433486,0.9786388767617089,0.4636192406926836,0.9471470383661134
SRR6505501,1,-0.09114796189325196,-0.11408772692084312,-0.07019258796104363,-0.08446272888353892,-0.08899467491677829,-0.12656611044492042,-0.06883524784020015,-0.11333427471773964,-0.11098326423338481,-0.06720244245869773,-0.05516787937709263,-0.1343278278197561,-0.12079878523945808,-0.03958384692668915,0.03158314579299518,-0.07866694312542677,-0.052976565435528755,-0.09630436982427325,-0.14048021180289133,-0.10494436642953328,-0.01967055137668337,-0.14352022962910788,0.001103689627987998,-0.036726431122847965,-0.02567138203552791,-0.10638202620404107,-0.11781843059829303,-0.12124784556882721,-0.09754659501569611,-0.08568248578480311,0.2868149865950857,0.5497858247586659,0.24668365796761854,0.09019691497087479,0.6654039504272597,0.7276781882558551,0.5262195047523294,1.1711821109056473,0.601526836465512,0.9681028415049825,1.082189598253795,1.0222671436411994,1.1025278355248571,0.9974782658474786,0.25158359855413437,0.5114084232066359,1.2191966090883528,0.5015832717929568,0.8602380922862461,1.1366866965379034,1.1623174298022474,0.34006558465106146,0.7550893902246442,0.8370560285236154,0.7674866701875415,0.6924190420125212,0.4433025276022298,0.42942587179797037,0.9445945184145655,1.029713790331568,0.8159799762070179,1.3663678850446428,0.6587590889206955,1.1400922749723708
SRR6505502,1,-0.10943175027413028,-0.08391412666865758,0.0015525700790541513,-0.07036191278270312,-0.0923322117222207,-0.09685042899634157,-0.053200536688174385,-0.07719695980527572,-0.08806525636464357,-0.06986853959304946,-0.06617144814559392,-0.11341926349060875,-0.12312519470495838,-0.029561120883694718,0.0033901935177189963,-0.09071010540771697,-0.06034566941005843,-0.07966115924396686,-0.13061409337180002,-0.1054844856262207,-0.01718646633837904,-0.14410372291292464,0.0018575126305222511,-0.014275922839130675,-0.01570773430700813,-0.12903437124831335,-0.09989023288445813,-0.08483029223446335,-0.06075393621410642,-0.11780748303447451,0.4234361435685839,0.822666734457016,0.3915782091873033,0.08914386268172945,1.174167886376381,1.1053388970238822,0.6670393039073262,1.4877888123903955,0.6639996091169971,1.2424168033259255,1.4460792924676622,1.4995264623846327,1.516311370900699,1.3510842312659537,0.4172974218215261,0.7624407085989203,1.7343222839491708,0.8021249196359089,0.9944696234805244,1.596723772585392,1.4340362974575587,0.561150850462062,1.049359802688871,1.3717757580535752,0.9929546224219459,1.0169748631971223,0.8015016680583358,0.7024337904793876,1.3423998637923173,1.3388054233842663,0.8815385944076947,1.4124252051115036,0.7872456716639655,1.6031030107821738
SRR6505503,1,-0.09842982861612525,-0.09807098337582179,-0.062370648075427325,-0.04365731083921024,-0.11561457599912371,-0.12661938795021602,-0.09211180949517127,-0.08479003262306962,-0.10549116507172585,-0.09081546536513738,-0.11216136759945325,-0.11997874560100692,-0.13525723027331488,0.003716522827744484,-0.05599142398153033,-0.10770209186843463,-0.09301450901797839,-0.07846005340772015,-0.15015197013105666,-0.07981102501175233,-0.03714698712740626,-0.1293800909604345,-0.040991957166365216,-0.05700966928686414,-0.031083897554448674,-0.09888702870479651,-0.12012558270777975,-0.09984052367508411,-0.09904062002897263,-0.14025827390807016,0.3431861602834293,0.4913276731967926,0.3987605018275125,0.05338408585105624,0.8635175834809031,0.6870799155107566,0.26894701591559816,1.239036641482796,0.5309707458530154,0.8867073985082763,1.0769571023327964,1.199548521212169,1.0934632335390364,0.9647030532360077,0.2516084938709225,0.646637539778437,1.1407219426972526,0.4136194488299744,0.7278880583388465,0.959891466157777,1.0736903207642692,0.23338852782866784,0.7580871092421668,0.8722965650792632,0.6385417208075523,0.609735564062638,0.5346213025706155,0.3999223288680826,0.7786924115249089,0.8896677818681512,0.4661332504557712,0.8134644095386777,0.4529166572860309,1.0860288845641273
SRR6505504,1,-0.08162400765078408,-0.11331825756600925,-0.0766582962657724,-0.07594600958483559,-0.09266265681279558,-0.11963565381509918,-0.05775128171912262,-0.11771914469344276,-0.11332916761083263,-0.06802458422524589,-0.0779627093247005,-0.12442772250090327,-0.09947476855346135,-0.043116161333663125,0.022122076712548733,-0.04686479789337942,-0.043972406536340714,-0.103688725403377,-0.14001046546867915,-0.08418278502566474,0.01697558430688722,-0.14392114004918508,0.005645401775836945,-0.010048058416162218,-0.051305598845439296,-0.12781450844236783,-0.11864932573267392,-0.12338162479656083,-0.0890026366604226,-0.10394728715930666,0.25091867122266975,0.5176912285387516,0.22945260662319406,0.09457776589053017,0.6686319546507937,0.7144868501595089,0.5020207698856082,1.1475131596837724,0.6262563935347966,0.9571230666978019,1.1842205354145594,1.056047027664525,1.1702741070517473,1.0382857716509275,0.2858149047408785,0.4637747162154743,1.2490148288863046,0.5431320113795144,0.8543266760451453,1.1057209798267909,1.2195490900693196,0.3235949139509882,0.8092896919697523,0.8424701175785491,0.7185177654027939,0.6980153739984546,0.4637408997597439,0.5164035856723785,1.0009501576423645,1.1675563007593155,0.8679275901189872,1.4500499729599272,0.6530669850430318,1.172292751925332
SRR6505505,1,-0.09550191834568977,-0.08571353448288781,-0.05668451690248081,-0.05428636060761554,-0.1064745986035892,-0.10483823793141969,-0.06171449034549629,-0.07224823404768747,-0.09036663434069071,-0.08841552798237119,-0.11543294504683997,-0.11518992749708039,-0.12117092497646809,0.009705440008214541,-0.052488752241645543,-0.10894148371049336,-0.08026663426842008,-0.06275976502469607,-0.14376600086688995,-0.1100883095392159,-0.036327735387853215,-0.13821109597172057,-0.03883784184498446,-0.0559360957039254,0.003883030332092728,-0.13468711929661886,-0.11814145743846893,-0.03151462918945721,-0.09584799515349525,-0.11944433727434703,0.44411782414785456,0.685741765158517,0.4292292296886444,0.07934785634279251,1.0280249789357185,0.8887980665479388,0.438287116587162,1.4524242728948593,0.6127497936998095,1.110675260424614,1.3145791717938013,1.407700972897666,1.3866073829787118,1.1983086977686201,0.32706332120246123,0.822704723903111,1.3696036338806152,0.7421095765062741,0.8413740247488022,1.3377171733549662,1.2033741644450597,0.3721446937748364,0.9056776059525353,1.180191306663411,0.838840622987066,0.8748993639435086,0.6976895332336426,0.5302705716873918,0.993963109595435,1.11346535384655,0.5780652859913451,0.938310655100005,0.5118690569485936,1.346097190465246
SRR6505506,1,0.07006071135401726,-0.11281754023262433,0.039907408212976794,-0.030892265694481984,-0.041410262031214576,-0.08143768087029457,-0.0482868312724999,-0.122347427798169,-0.0017383886235100882,-0.04916132667234966,-0.0004602553589003427,-0.11502216508545514,0.06083988717624119,-0.05245066008397511,0.10060460496294711,-0.03221387525887361,0.027562928785170828,-0.05800158157944679,-0.12619860310639655,-0.016784355393610895,0.07703052993331637,-0.12652327812143735,0.05161104244845254,0.04616879565375192,0.005277358793786594,-0.0380348057619163,-0.07710279670677014,-0.09991141089371272,0.03375006041356495,0.09095909898834569,0.27591340410123977,0.4485780532870974,0.32149474488271934,0.164006484406335,0.317036720258849,0.6138411010116605,0.6498209317880017,0.9498734995722771,0.6886630581159677,1.063206591510347,0.7787097841501236,0.8271710090339184,1.0093650094100408,0.8678099693996566,0.23339929272021567,0.4000526400549071,1.0441469720431737,0.2840022737426417,1.0371605998703413,0.9668330768389362,1.0389726119382041,0.23343052502189363,0.8219380996056965,0.485301495130573,0.7325801780181271,0.6777640613062041,0.5199647971561977,0.32297031049217495,0.7281923554837704,0.8861398170036929,0.9947628679552248,1.4413369010601724,0.6152213833161763,0.72007276649986
SRR6505507,1,-0.07558792749685901,-0.08492885556604181,-0.07874817135078567,-0.051904939115047455,-0.09250742835657937,-0.11316932870873384,-0.058802452079752196,-0.07119605197970356,-0.09436257662517684,-0.07324124952512127,-0.11466356326958962,-0.11185411257403237,-0.12895516785127775,0.05351928382047585,-0.010861204404916083,-0.10898189193436078,-0.06916030935410943,-0.0710664336303515,-0.14597519380705698,-0.11035614513925143,-0.015286372442330633,-0.1413308142551354,-0.04822498533342566,-0.046889075344162326,0.023160958928721293,-0.108247951737472,-0.12246331040348325,-0.06506489303761295,-0.11388939338004482,-0.1349981278181076,0.45013250171073843,0.659915067255497,0.431530553315367,0.112846185199617,1.0340859655823027,0.9023606123934899,0.5536739517535482,1.5598191927586282,0.5822498074599675,1.1944701884474074,1.3850609574999129,1.4235737579209464,1.4006631204060145,1.2381237213100706,0.46374154317059685,0.7830284812620708,1.5847998687199183,0.8717051212276731,1.0323296274457658,1.4484496521763504,1.3587333804794721,0.40017544691051754,0.9858848644154412,1.2026655083256108,0.9214173395718847,1.027354247868061,0.8199163327725338,0.643226600385138,1.059749533023153,1.2212306431361608,0.7840398196130991,1.2121733043875014,0.6663538387843541,1.619007585304124
SRR6505508,1,-0.11368153403912272,-0.10811573000890869,0.014833860365407807,-0.0016704100583280837,-0.09506993368268013,-0.11557699154530253,-0.08071564111118537,-0.08769754464239148,-0.07678597194275685,-0.08685792283254809,-0.058450259800468175,-0.1277230211666652,-0.13835378403642348,-0.03310268811349358,-0.04612915750060763,-0.10960199417812484,-0.09368789023054498,-0.07370243131715272,-0.128826948681048,-0.11894135283572334,-0.07944048568606377,-0.15263380536011287,-0.037399141916206906,-0.035487209513251274,0.021520805678197315,-0.10817451030015945,-0.10692818689027003,-0.08967871958988585,-0.05220949011189597,-0.10396672465971538,0.35882625409535,0.7056868512715612,0.408990863976734,0.046567413955926895,0.9433630385569164,0.868274871792112,0.5704853438905307,1.2689211703836918,0.5959888994693756,1.0649109482765198,0.9996265939303807,1.2148819736071996,1.1339031010866165,1.1275440092597688,0.22629482179347957,0.7310091406106949,1.4022282361984253,0.5818163646118981,0.8476326593330928,1.3833964318037033,1.0943161036287035,0.35011425534529345,0.6785448065825871,0.9229073481900352,0.8729797793286187,0.855053437607629,0.583989914772766,0.5023578352161816,0.8925027698278427,0.9940900531198297,0.6225327562008586,0.9864197777850288,0.5367362435374942,1.243039358407259
SRR6505509,1,-0.1106681903558118,-0.11423477477260999,-0.06563228980771132,-0.047318074852228165,-0.12065259526882853,-0.12704502564987966,-0.10703508236578532,-0.09394418182117599,-0.1000292966408389,-0.11069866429482188,-0.0841351907168116,-0.1222766281238624,-0.14473711805684225,-0.04482187969344003,-0.054144565016031265,-0.11436487045804304,-0.10424198050584112,-0.09089587549013751,-0.14305966879640306,-0.0448556723339217,-0.07592846346752984,-0.11410645182643618,-0.04640781480286803,-0.05120863299816847,-0.04660275764763355,-0.07054237276315689,-0.10851591772266797,-0.09949984428073678,-0.09121034613677434,-0.10583476828677314,0.2890763723491026,0.35966955444642473,0.34104185923933983,0.02268970651285989,0.7201437098639352,0.6451794457222734,0.2754995423768248,1.0552661130204797,0.48678747032369885,0.7871952589069094,0.7755099622798818,1.0402884015015192,0.8438630487237658,0.8219511051263128,0.14619615374665176,0.5331374146044254,0.886602623122079,0.2602524257131985,0.6165812419993537,0.8548065675422549,0.8037904841559274,0.15012415392058237,0.5856589760099139,0.5804488395473787,0.6018671638199261,0.40717986172863413,0.3103163242340088,0.19489941230442906,0.5218694158164519,0.5118506125041417,0.3813066982797214,0.6129801528794425,0.2671412591423307,0.6474159274782453
SRR6505510,1,-0.1056716623050826,-0.08849456400743552,-0.04453638994268009,-0.08484085110415306,-0.1024480334350041,-0.10767078585922718,-0.07851347045340974,-0.0816171056191836,-0.10203189855175358,-0.0721308272331953,-0.09264130145311356,-0.12079172900744847,-0.13610669917293958,-0.022936968132853508,-0.03753511767302241,-0.1082926373263555,-0.08495403826236725,-0.0753896334208548,-0.1423546661223684,-0.11225897020527295,-0.04419020589973245,-0.15020934492349625,-0.034191137844962735,-0.029412368079647422,0.011087710436965739,-0.12311174846919519,-0.12208260382924761,-0.07339668327144214,-0.10624957829713821,-0.11658615938254765,0.42627869067447527,0.7240736697401319,0.36340575186269625,0.10589289079819407,1.0441171761069978,0.9329720948423658,0.5539559541004044,1.366673897419657,0.5860077871807984,1.129890337586403,1.2820375902312142,1.4083127890314375,1.3210317066737585,1.2487239858933858,0.3737193601472037,0.7050761952996254,1.5230778966631209,0.7009231490748269,0.8661094222749982,1.3798652387091093,1.2735378401620048,0.43371361813374926,0.8913439150367465,1.1543810069561005,0.9123264274426869,0.831721587904862,0.6234590773071561,0.6266856778945241,1.127177075615951,1.089210451514061,0.6933886294718832,1.1360340842178889,0.6386255930577006,1.3328089213797025
SRR6505511,1,-0.11075641959905624,-0.12145400340003627,-0.06457678308444363,-0.06041977448122842,-0.07046410654272352,-0.11559648013540677,-0.05053808759631855,-0.12061801286680358,-0.11761234115277018,-0.04659543239644596,-0.04278206825256348,-0.0810113794037274,-0.07120437973311969,-0.09094462796513524,-0.004740133083292416,-0.055975371173449924,-0.04333840204136712,-0.12040796596556902,-0.13886563905647822,-0.0569643218602453,0.030492152087390423,-0.14067258632608823,0.027465911316020147,-0.0034588266696248737,-0.05212065896817616,-0.11657319803323064,-0.122859354530062,-0.11852914680327688,-0.08461515286139079,-0.059255058211939673,0.25472179853490423,0.5592203108327729,0.19685675629547664,0.07660893670150212,0.6491439023188182,0.7895125576428005,0.4858178975326674,1.0601839593478612,0.5604877035532679,0.9843217306105154,1.0261966798986708,0.9771925934723446,1.1146252410752433,1.0029682272246905,0.21384210352386748,0.438868713964309,1.1395231996263777,0.3889676552166098,0.6781299233968768,1.0767518015844482,1.0378238910010882,0.36221709634576527,0.7124281280807087,0.7628167322171586,0.6350455467722246,0.5670128760061094,0.36472956876137425,0.4417383745312691,1.0021100001675742,0.9529104594673429,0.7348685967070716,1.2779448415551866,0.645252318254539,0.8901088780590466
SRR6505512,1,-0.05216031215552773,-0.10816398971447987,0.11910613413367953,0.2242639155260154,-0.0993715769478253,-0.11118584304183189,-0.060617103792277964,-0.044987804672148614,-0.10264459673115718,-0.09103063627013139,-0.08895083383790084,-0.09543963495109763,-0.10086726716586522,-0.05271435409252133,-0.03703295545918601,-0.15455305150577,-0.11107948076512132,0.039782095925017656,-0.13785649929195642,0.009912190692765372,-0.0740812670971666,-0.06674914487770625,-0.08235728873738221,-0.03458994467343603,0.06250064687005111,0.03072856313415936,-0.06813911774328776,-0.03369345389572637,-0.012012787163257599,-0.07630855164357594,0.40546212983982904,0.3370385489293507,0.4408488710011755,0.1081763245165348,0.8279032270823207,0.6751478271824973,0.14117463491857052,0.9811435150248664,0.5279665780918938,0.6185853992189679,0.5997052750151072,1.0135213221822466,0.7724623140612883,0.601837790438107,0.15171818062663078,0.4683969244360924,0.5853219330310822,0.12349439625229154,0.3035161058817591,0.6401099529965515,0.5860174601631505,0.11997441415275846,0.5191943028143474,0.4589544524039541,0.5533610965524401,0.1320544651576451,0.22173954593017697,0.12217897602490016,0.4446881610367979,0.16461173072457314,0.1691454808626856,0.12943374259131296,0.16530208608933858,0.3829468060617468
SRR6505513,1,-0.11618900458727564,-0.10840212952877794,-0.05220675840973854,-0.07832798361778259,-0.0863207746297121,-0.11143371343080487,-0.07895229790093643,-0.10015057825616427,-0.11881951881306511,-0.06504243559070996,-0.06538595046315875,-0.09392869099974632,-0.13481047270553453,-0.06492223284606423,-0.026109383574553897,-0.08788362198642322,-0.04273136651941708,-0.1114485434123448,-0.14121734989540918,-0.09326975047588348,-0.01875344238110951,-0.13863256254366466,-0.01564969282065119,-0.04417028943342822,-0.025578508785526668,-0.10230743139982224,-0.12440472628389086,-0.10305416317922729,-0.10512229374476842,-0.08814327844551631,0.29802678538752453,0.5534129430140767,0.23827230823891504,0.07980260252952576,0.8036938245807376,0.8265356804643359,0.44961133040487766,1.1632569602557592,0.5472549766834293,0.9135683945247105,1.086221000977925,1.1401915635381425,1.138772844203881,0.9893157588584083,0.2700025237032345,0.46482095521475586,1.2048886929239546,0.4745754599571228,0.7174834502594811,1.153670456792627,1.1784778849354811,0.35234854157481876,0.7992654485361916,0.8776706297482763,0.6996405561055455,0.6085953769007963,0.3906407148710319,0.4929590289081846,1.0050826115267617,0.8952689532722745,0.7117518537810871,1.1502417176961899,0.5867606678179332,1.0722880916936057
SRR6505514,1,-0.08266155049204826,-0.12411111273935863,-0.08278542025280851,-0.06658946190561567,-0.07558726918484483,-0.13461548728602274,-0.09047631387199674,-0.13096359292311327,-0.1287165151110717,-0.06910079025796481,-0.05152502230235508,-0.1137664791728769,-0.1341334842145443,-0.06998846254178456,0.015432772891862052,-0.07977501984818705,-0.04699504614940712,-0.10341682364898068,-0.14802324984754836,-0.0867463696215834,-0.0135299095085689,-0.1433041255388941,-0.012646581445421492,-0.046020981456552236,-0.03360411285289696,-0.06985478316034589,-0.11897835720862661,-0.11661094906074661,-0.11278376302548818,-0.06914451505456652,0.28399480879306793,0.4403671356184142,0.26172444011483875,0.08612764733178276,0.6412263927715165,0.7336821215493339,0.44662684441677164,1.1498439865452903,0.5925704054534435,0.9134606782879148,0.9235545865127018,0.9953144831316811,1.0718019125717027,0.884774604013988,0.2484679730342967,0.39272934358034817,1.1438521657671248,0.37335750247750965,0.8164821724806514,1.0047860134925162,1.1196513508246946,0.2964907171470778,0.7567776485479304,0.6813759612185615,0.7244907117315701,0.5688223660524402,0.4144244295145784,0.3877624603254454,0.8639358580112457,0.8554418832063675,0.7882325320637652,1.203958083476339,0.5671091430953571,0.9326248786279133
SRR6505515,1,-0.10343214443751744,-0.12693068917308534,-0.11294694604086024,-0.06722090819052287,-0.08694836949663502,-0.14351939197097505,-0.09600619013820376,-0.12095491002712931,-0.12774981185793877,-0.0835941316826003,-0.0658755110842841,-0.09859761542507581,-0.15813401554312026,-0.07056716709796872,-0.028305182499544963,-0.11221658305398055,-0.08169952287737813,-0.10948281681963376,-0.15551493423325674,-0.09321712995214122,-0.030673025974205563,-0.13400252802031382,-0.03929831460118294,-0.048593514998044283,-0.032364957059534,-0.08260841135467802,-0.12748890795878,-0.11018719628918916,-0.13249371200799942,-0.08395391276904515,0.2620947459737571,0.4840351204786982,0.24863124904888018,0.054471547050135474,0.7952044627496174,0.7428478726318904,0.393520181200334,1.1688904725015163,0.5209992932421821,0.7856086939573288,0.960162320307323,1.0579891800880432,1.0932261975748199,0.887099855712482,0.2825529383761542,0.4200822615197727,1.1115536093711853,0.39088101259299685,0.7174683915717261,1.002453942916223,1.1027168078081948,0.29810228624514173,0.7530774623155594,0.7813472832952227,0.6798356670354094,0.5462565076138292,0.40218548476696014,0.38609313645533155,0.8998546195881707,0.7455128420676503,0.6859025090400662,1.035743915608951,0.5251183885681842,0.9657585024833679
SRR6505516,1,-0.042039843542235236,-0.11487026938370296,-0.055211826626743586,-0.02466413378715515,-0.09095914661884308,-0.13449012913874217,-0.03380408111427512,-0.10388488482151713,-0.1135596993512341,-0.09119789462004389,-0.08227119381938662,-0.11401554090636117,-0.12581970542669296,-0.035571246540972164,-0.010876267084053584,-0.08094003769968237,-0.04945859851847802,-0.10860276955021878,-0.14928374545914785,-0.09009953907557897,0.004469823092222214,-0.15253569505044393,-0.023842344326632365,-0.01579133846930095,-0.027871663881731883,-0.11720589229038783,-0.12777274634156907,-0.10457980792437281,-0.10825275523321969,-0.1154881694487163,0.2980261870792934,0.5363370840038572,0.3143157426800047,0.061275369354656765,0.7521460450121334,0.7243493029049465,0.5309958638889449,1.267975458077022,0.5783276408910751,1.0464597621134348,1.1293990995202745,1.1171083322593145,1.1654516493103333,1.07019376541887,0.36937505805066656,0.5290112644433975,1.2301243799073356,0.5520857742854527,1.0070880970784597,1.260578560775944,1.2139924674161844,0.34271049925259184,0.8309146485158375,0.8931336984304445,0.828964368573257,0.7464522368141583,0.5503704377583095,0.44193162343331743,0.9029380162911755,1.0485944875649043,0.8517877097640719,1.3486363291740417,0.625140555202961,1.1527033778173583
SRR6505517,1,-0.09740072063037328,-0.08868428532566343,-0.018081559001335075,-0.028339063748717308,-0.08919511895094599,-0.12096825252020997,-0.024549225615503798,-0.07651186275428959,-0.11073650592671973,-0.10989495952214513,-0.1049864124506712,-0.04655791020819119,-0.11942651415509838,-0.004570857754775456,-0.07322274414556366,-0.124202233340059,-0.07540677221758026,-0.0006700204685330391,-0.15548464868749892,-0.06716940285904067,-0.06374131143093109,-0.12509845942258835,-0.05620751902461052,-0.08038891922582739,0.005306485042508159,-0.07633227296173573,-0.09261950956923622,-0.02295929752290249,-0.07902371324598789,-0.12034216736044202,0.37890597911817686,0.45522518881729673,0.4218359355415617,0.1176112097288881,1.02084414953632,0.782754410124783,0.2611800214009626,1.3669539588902677,0.5113375213529382,0.8224851999964032,0.9770588994558368,1.1519513641084944,1.1761609039136343,0.9721096477338246,0.40800023983631817,0.712795367198331,1.0586673787661962,0.4572376662067005,0.640232937676566,1.0151385931032044,1.0186371696846825,0.24034853279590607,0.8478142193385533,0.7878759003111294,0.7333904696362359,0.6243145573618156,0.48372009822300505,0.31621958475027767,0.7462697965758187,0.7023729373301778,0.4912895267563207,0.6338803821376392,0.45244614513857023,1.082877748778888
SRR6505518,1,-0.022118727011340007,-0.1282562091946602,-0.04598996921309403,-0.02721819813762392,-0.06785847446216005,-0.14054872521332332,-0.06377362938863891,-0.1302267722785473,-0.10176913041089262,-0.08703209885529109,-0.034464601959501,-0.11903266928025655,-0.11641107606036323,-0.06241777805345399,0.034933325967618396,-0.08566012286714145,-0.06420168034466249,-0.11084807717374393,-0.14670158816235407,-0.05820874231202262,-0.009015518639768873,-0.15561053795473917,0.004329369536467961,-0.01251163865838732,-0.022826551592775753,-0.07466169819235802,-0.1131641071821962,-0.11375459762556213,-0.07276146646056857,-0.06621244869061879,0.29666936078241896,0.45798887631722857,0.29398986377886366,0.06918158275740487,0.5958928779831955,0.6341879567397493,0.5656249352863857,1.1211259003196443,0.6378742147769246,1.0506061358111245,0.9072433624948774,0.9639516632471766,1.0368934526507343,0.9311713704041072,0.269320545984166,0.4358938102211271,1.1123102392469133,0.3349069654941559,0.963351132614272,1.1342871845699847,1.1314241497644357,0.31087993404694964,0.7438161128333637,0.6965199464133808,0.7566167467406818,0.6680069611008678,0.46923053690365385,0.322613034929548,0.7345117617930684,0.8985959802355085,0.8548516130873135,1.2871015731777464,0.5490490530750581,0.9124824170555387
SRR6505519,1,-0.08672808163932391,-0.1032739020884037,-0.0370177472276347,-0.08166896126099996,-0.09594315370278698,-0.10613108852079936,-0.05239366613594549,-0.09259248205593654,-0.09791929900114026,-0.07649986711995942,-0.06000204171453204,-0.1405441878097398,-0.08540688934070724,-0.023544490270848786,0.02890601394964116,-0.0629210216658456,-0.038898364773818424,-0.07123824608113084,-0.1302287301846913,-0.08729450617517744,-0.00825588298695428,-0.14600223409278051,0.014052971000117915,0.013809402074132646,-0.020560142351314425,-0.12832350975700788,-0.1201859111232417,-0.10787229027066912,-0.04394430347851345,-0.1144860020971724,0.3581031348024096,0.6916692044053759,0.37822118933711735,0.09908020868897438,0.7853005049484116,0.8516354454415185,0.6975847115474088,1.294101663998195,0.6438477705232799,1.2621331896100725,1.2636466835226332,1.2323987952300481,1.227952350463186,1.2470293321779795,0.3524821102619171,0.6777540998799461,1.5584599546023779,0.6699480627264295,1.1767241635492869,1.4993320432092463,1.357293256691524,0.4415286247219358,0.9653238948168499,1.0587280851655774,0.9806349870881864,0.9644125968750034,0.7077407512281623,0.6033888427274567,1.1036827915481158,1.3123826214245387,0.9684152251907757,1.5275402345827647,0.7561829138014998,1.3881842366286687
SRR6505520,1,-0.09906798893851894,-0.119932871311903,-0.0113461400781359,0.07263027823397092,-0.09033720142074994,-0.12425121811351605,-0.11063024035788008,-0.07500236055680684,-0.09767065543149199,-0.11786592325993947,-0.06202561724265771,-0.07815500082714218,-0.13169259471552713,-0.068998569888728,-0.03801209186869008,-0.15592813066073827,-0.10200737310307366,-0.04217319829123361,-0.14121110577668464,-0.005718933152300971,-0.08349390753677913,-0.08725190056221825,-0.07292406347447208,-0.05219068245163986,-0.009529931736843926,-0.03413065842219761,-0.08649818067039762,-0.08357599271195275,-0.0755515316767352,-0.08264262229204178,0.3205877541165267,0.2647065498999187,0.38224279328382443,0.04749399955783572,0.6953101179429463,0.590847155877522,0.18065699030246055,0.982232333293983,0.5200663017375129,0.6833118775061199,0.5993823685816356,0.968871682882309,0.7313811651297978,0.6391074391348022,0.10490176400968007,0.40189528678144726,0.608952671289444,0.14000448531338147,0.42089754130159107,0.7005193067847618,0.6501074688775199,0.14587351041180746,0.4716622063091823,0.46213418564626146,0.5618757456541061,0.17387005793196814,0.21793600471158112,0.08640774552311216,0.41205591332566527,0.27598794602922033,0.22400171469364846,0.3198155474715999,0.21863057570798056,0.3949890501265015
SRR6505521,1,-0.11419499878372465,-0.10009802585201603,-0.06751410523429513,-0.05648590038929667,-0.09050191938877106,-0.10873074776359967,-0.07023137662326917,-0.08803221796240125,-0.10181608902556556,-0.06488439600382533,-0.08076754957437515,-0.1106510880802359,-0.1305614568825279,-0.04931624313550336,-0.03706331647533391,-0.08631239804838385,-0.08352472260594368,-0.1072367246129683,-0.13974505556481226,-0.09611493003155504,-0.02186456854854311,-0.1510287363614355,-0.0208416325705392,-0.03221876307257584,-0.04637228937021324,-0.13607259786554746,-0.12752022168466023,-0.0948030770357166,-0.08673270206366267,-0.10897459728377205,0.3763299472630024,0.6675359596099172,0.32824376012597767,0.029713846743106842,0.8630671926907131,0.8838797807693481,0.48766215252024786,1.2654990128108434,0.6075194669621331,1.0780623001711709,1.2267032052789415,1.2451186520712716,1.2367228588887624,1.1460895368031092,0.282210998237133,0.6266891925728747,1.3558118343353271,0.6117074723754611,0.8204912096261978,1.2897139638662338,1.1873814655201775,0.42988539167812895,0.7806903379304069,1.0421587867396218,0.7710327367697444,0.7825367764702865,0.5493487222286474,0.5009058016751494,1.023891493678093,1.109783296074186,0.6956683450511524,1.1976906316620963,0.5613582996385438,1.1647741815873556
SRR6505522,1,-0.08626905349748475,-0.09289634467235633,-0.0903978164174727,-0.059440827263253074,-0.08785418154937881,-0.12043536414525338,-0.07685644598677754,-0.07607760240456887,-0.1038845240005425,-0.0990798617047923,-0.10547649647508349,-0.10306501335331372,-0.13085898810199328,0.0006467135889189583,-0.06620931306055614,-0.1275745284344469,-0.08869621530175209,-0.056084533887250085,-0.15273720451763698,-0.08540235326758452,-0.0525223719222205,-0.13935479521751404,-0.04175498230116708,-0.06895854803068298,-0.0009658562817743846,-0.09532647806086711,-0.12563782611063548,-0.047672388243622014,-0.1011811335171972,-0.11807344428130559,0.3801424370945564,0.535609496491296,0.4149476545197623,0.13541512643652304,0.969360594704215,0.801367250936372,0.4084917775222233,1.352955771876233,0.5266592811260905,0.9364655294588634,1.1081935348255294,1.3630218420709883,1.1533284336328506,1.0978315344878606,0.37872948603970663,0.7180562604750905,1.187297829559871,0.576961630157062,0.7827066864286151,1.107368188244956,1.1274386388914925,0.2931084930896759,0.8837469816207886,0.9294604595218386,0.7801659234932491,0.679231794817107,0.5459548538284642,0.42956255695649553,0.7981394076985973,0.7557542685951505,0.5533866757260901,0.7462100386619568,0.40399925836494993,1.1250795796513557
SRR6505523,1,-0.10833833366632462,-0.10368790331163577,-0.03605757973023823,-0.1045037108872618,-0.08527292803462062,-0.09817980016980853,-0.04941054100969008,-0.10773031759474959,-0.10288057462977511,-0.061992064650569646,-0.05334268297467913,-0.13139819992440088,-0.05833939090371132,-0.051383579682026594,0.04287227828587804,-0.018682910927704403,-0.01629402648125376,-0.09991217231644052,-0.12885867697852,-0.07538160176149436,-0.000266497688634055,-0.14818542769977025,0.04530761577188969,0.01172740917120661,-0.03126605087891221,-0.12310124188661575,-0.12424522744757789,-0.1059783005288669,-0.03886649864060538,-0.10657210009438652,0.32716595168624607,0.6987610991512027,0.2820586498294558,0.10625287251813072,0.8041432159287589,0.9633924833365849,0.6803585370736462,1.241981416940689,0.676983790738242,1.2445265331438609,1.3363573827913828,1.2089047623532159,1.2849833220243454,1.2259617383990968,0.35075314875159946,0.6415308799062457,1.5439454657690865,0.6609236576727459,1.03769194654056,1.4603534112019199,1.3639960456639528,0.48612392374447416,0.9433194186006274,1.0456722978103374,0.8911939183516162,0.8947502795074668,0.6061247693640845,0.6660782375505993,1.2343714354293687,1.2990721953766686,0.9302177381302629,1.5890721316848482,0.7832733536405223,1.331135865833078
SRR6505524,1,-0.09869251772761345,-0.1004995655800615,-0.04826600882889969,-0.08977701834269933,-0.07908689230680466,-0.11246083889688764,-0.049870712449774146,-0.09232389607599803,-0.10445467515715531,-0.06956064062459129,-0.06681969868285316,-0.1207455066697938,-0.1137462327522891,-0.022818210401705334,0.014708387931542737,-0.08572824831519808,-0.03672881903392928,-0.1007168520508068,-0.1359883067863328,-0.10926060644643647,-0.022693436592817307,-0.14696564418928965,0.005421486017959458,-0.027696897142699788,-0.011749302436198508,-0.1268122052507741,-0.12112758787614959,-0.09437435639223882,-0.07943711962018694,-0.11958966723510198,0.36238389941198484,0.6817203909158707,0.30036010114209993,0.09287795743771962,0.8638910906655448,0.9304644550595965,0.6596191685114589,1.3123236777526992,0.647031986287662,1.2044218427368574,1.3622985780239105,1.2695828463350023,1.3032070116272993,1.2186674028635025,0.39257544225880076,0.6904592599187579,1.5293689625603812,0.742681411760194,1.0615226434809821,1.5045130566826888,1.390950223164899,0.4581270164677075,0.9481251133339745,1.125615079488073,0.9393108928842204,0.9386915160076958,0.6353253833949566,0.5955377077417714,1.186609573662281,1.179685683122703,0.9234207666346005,1.5006813768829619,0.747084580095751,1.3680768864495414
SRR6505525,1,-0.095772048458457,-0.07463568116405181,-0.0009581084762300764,-0.06093688788158553,-0.09321253214563642,-0.09642575120752943,-0.08114001609698919,-0.07250753981809664,-0.08435665651424122,-0.08636415643351418,-0.11626077157312206,-0.10455844391669546,-0.11794007789077503,0.03100289138300078,-0.023660481508289064,-0.11526384151407651,-0.06752479342477662,-0.053619853486972194,-0.13159518901790893,-0.11084446736744472,-0.057000295126012394,-0.14045161168490136,-0.03504468048257487,-0.004913792546306338,0.05072885685201202,-0.12186267333371299,-0.08623454719781876,-0.02026624738105706,-0.0866720974445343,-0.09453566372394562,0.436086756842477,0.8494273400200265,0.4209678976663521,0.08866553287953138,1.2218647173472814,1.1403496606009347,0.6026617831417492,1.4872662073799543,0.6315217199070113,1.1786152784313475,1.5393766931125097,1.5812997817993164,1.5536252217633384,1.3558001454387392,0.45284714602998327,0.8718576495136533,1.7127550159181868,0.9448675704853875,0.9585571118763515,1.5972835421562195,1.4100263161318642,0.47189285340053694,1.0804982334375381,1.4387283021850246,1.023439320070403,1.0575230717658997,0.8538732597870486,0.6868705758824944,1.2909280907894884,1.2474631765591246,0.7528298776596785,1.206329705459731,0.6937796271273068,1.6510344365877765
SRR6505526,1,0.04887088601078306,-0.11306328007153102,0.04115435214979308,-0.07327808333294732,-0.054354700659002574,-0.08066755692873682,-0.04428817704319954,-0.12746313786400215,-0.038407696943197935,-0.03170728098068919,0.004433886281081608,-0.13303524468626296,0.03310076679502215,-0.06567950972488948,0.10735024751297065,-0.01709252436246191,0.04940277258200305,-0.038850234023162296,-0.11528728104063443,-0.029400272195094397,0.05075555507625852,-0.13240533002785274,0.05212574279201882,0.023378785167421614,-0.006202577280678919,-0.0476770505442151,-0.08635867373751742,-0.0999925115278789,0.04711632749864033,0.04852971487811634,0.33222995246095316,0.47027416633708136,0.347378779734884,0.17965444523308957,0.32987970433064867,0.6452398305492741,0.6516664241041455,1.0246015191078186,0.7009778810398919,1.1750538407691888,0.8145371441330228,0.8979169071785041,1.0103569711957658,0.9528707324394158,0.21380148295845305,0.4304793333368642,1.1076506546565466,0.3519830991114889,1.073525328721319,1.1011217438748904,1.0711207368544169,0.2655886049781527,0.8425245923655373,0.5568754226135623,0.8374258982283729,0.7359432173626763,0.531170517206192,0.28508406558207106,0.7315541026847703,0.9838409391897065,0.9806420443845647,1.5128533084477698,0.6286465461765017,0.8448591253587178
SRR6505527,1,-0.1030291776571955,-0.09674415258424622,-0.050704011959689,-0.08532897649066788,-0.08906444587877818,-0.10976469436926502,-0.0651334645559213,-0.08776577814881291,-0.10169561912438699,-0.06500561588576861,-0.08297339507511683,-0.11686812926615987,-0.12931144716484205,-0.016575872299394438,0.0005344564560800791,-0.09596135786601476,-0.04489154847604888,-0.09480705258569547,-0.13135874643921852,-0.12066600365298134,-0.04197378137281963,-0.14647472543375833,-0.011144838162830897,-0.03457018067794187,0.008787156747920173,-0.1276445034891367,-0.11972856574824878,-0.09474790149501391,-0.09062621582831655,-0.11874013234462057,0.3406108133494854,0.660185341324125,0.314457142093618,0.08103987255266734,0.9078397623130253,0.9049357835735593,0.5772657458271299,1.3263594178216798,0.5621289637471948,1.1053383222648077,1.2986442191260201,1.3129302901881081,1.285336434841156,1.1566745340824127,0.34059201021279606,0.6363007607204574,1.4871617300169808,0.6767950143132891,0.9657598180430276,1.4102769919804163,1.2963650545903616,0.3940002109323229,0.9064280092716217,1.0933632903865405,0.9050133334738868,0.8491768379296575,0.6298131459791746,0.5761646474046367,1.1093661236975874,1.1417246567351478,0.8220383163009372,1.343038552573749,0.7170772142708302,1.3562078092779433
SRR6505528,1,-0.06509759596415929,-0.12518902921250888,-0.06872700846620969,-0.10716258202280317,-0.07545858116022178,-0.12058315160019058,-0.06655123537140233,-0.1380934374673026,-0.09243402796398316,-0.063975348004273,-0.020812573177473887,-0.14070587498801096,-0.09260159432389108,-0.060902081962142675,0.04840225939239774,-0.058712487774235864,-0.015486421063542366,-0.05929650206651006,-0.12866062777382986,-0.09703184398157257,-0.019154431564467295,-0.14624228115592683,-0.017570297632898604,-0.02654258587530681,-0.016602329377617155,-0.07677079737186432,-0.11627002113631793,-0.11435120153639998,-0.06802998749273163,-0.05779274606278965,0.3427295397434916,0.517681214426245,0.2824346774390766,0.12750867754220963,0.5609901467604297,0.6966166538851601,0.6177799209420171,1.189073947923524,0.6990685846124377,1.0875809921750001,0.9779064186981746,0.9886482174375227,1.1297845201832908,1.0013046200786317,0.24079676398209163,0.5224461733762708,1.2626095499311174,0.5047677265746253,0.9841163927423102,1.1628962465162789,1.144360507838428,0.31464704126119614,0.7958845666476658,0.7297808370952096,0.849279026900019,0.7873273489863745,0.49576185856546673,0.44139574681009563,0.8591526278427669,1.06168304170881,0.9016256405572806,1.4399199735905444,0.6507264684353556,1.096117296389171
SRR6505529,1,-0.12140204012393951,-0.059513370340157835,0.05993480581258025,0.007583859775747571,-0.08742344326206616,-0.08535624937420445,-0.07255065733248298,-0.07168080935454262,-0.0596473293636726,-0.05262465615357671,-0.0636572012943881,-0.12703220865556172,-0.12364386693973627,-0.014732617086597852,0.04643026739358902,-0.0960071678605995,-0.06658849326361503,-0.05135892421406295,-0.12332107924989291,-0.1140759741621358,-0.0326998961557235,-0.13900670089891978,-0.009353131321924073,-0.020101603652749742,-0.022966413442710682,-0.11874962491648537,-0.08212113486868995,-0.05546986178628036,-0.010950122560773577,-0.12983231459345138,0.5247864430504185,0.8273956222193581,0.4559018737470199,0.12674065892185485,1.0410619537745203,1.0755202046462469,0.6965989390654224,1.5368863576430678,0.6700159588030407,1.3503894124712263,1.5088322843824113,1.504112958908081,1.5880325106637818,1.4792756310531072,0.442283817167793,0.8666264256462455,1.6655789017677307,1.0557948989527566,1.022727683186531,1.6068433304982526,1.353040533739009,0.571788350386279,0.8859791329928807,1.4603518119880132,1.170953430235386,1.1786871403455734,1.028569787907015,0.7053977317575898,1.3901218617601054,1.4123016861932618,0.9082468612385648,1.5977928712964058,0.8402352152126176,1.7448334012712752
SRR6505530,1,-0.09703214360134942,-0.1203979988183294,-0.08033828330891472,-0.0769284897084747,-0.09095260713781629,-0.12423296432409968,-0.07539991582078594,-0.10512960063559669,-0.1092661978410823,-0.08070581299918038,-0.059505291283130646,-0.13558592115129744,-0.13030955940485,-0.048532090548958094,0.005638029958520617,-0.07927956432104111,-0.07052989144410406,-0.09969765001109668,-0.1421867460012436,-0.08662959720407214,-0.03701434763414519,-0.15381481604916708,-0.015279558753328664,-0.047020840857710154,-0.02917401572423322,-0.11352440395525523,-0.12349904435021537,-0.10804873756465636,-0.08741881538714681,-0.10534285408045564,0.333519136267049,0.550849220582417,0.35447158983775545,0.04832171329430172,0.6857022824031966,0.7292005685823304,0.5682324181709971,1.2172278612852097,0.6329571434429714,1.0994777296270644,1.0457614489964075,1.108166971376964,1.0601110330649786,1.0703933877604348,0.2477388589509896,0.5701974193964686,1.2462225130626134,0.4996549423251833,0.9774786404200962,1.2406388755355562,1.1746497128957085,0.34222465647118433,0.7763879639761788,0.8467520682939461,0.7960088987435613,0.7753553808267627,0.5223632486803191,0.41180014590333613,0.8279886596969196,1.0339112686259406,0.7851758492844445,1.2328843240227019,0.52178890896695,1.0662938106272901
SRR6505531,1,-0.10334754096610206,-0.09507298842072487,-0.0514836311340332,-0.02037098884050335,-0.09198083781770297,-0.1181331640442035,-0.09087563893782706,-0.07951027193173234,-0.07538862686072077,-0.09148269785302025,-0.09613373236996788,-0.11466154775449208,-0.12241762144757169,-0.02075947927577155,-0.06300136387082082,-0.11730585300496646,-0.09730653584535633,-0.043104389017181735,-0.14359993913343974,-0.10198595747351646,-0.06416367207254682,-0.13962635078600474,-0.0553315006462591,-0.08714056291085269,0.007420908792742661,-0.0959859596831458,-0.11020037957600184,-0.06245178543031216,-0.07364921058927264,-0.11163030458348137,0.4626756464796407,0.6370528473385743,0.4372125640511513,0.06739354985100883,0.9367255198636225,0.784587103341307,0.3663984792573111,1.3554136455059052,0.6488409979002816,1.0008273773959704,1.062457697732108,1.3148311887468611,1.1624252455575126,1.0650037420647485,0.23573017758982523,0.7862834802695683,1.1709648200443812,0.5182981789112091,0.7425239511898586,1.1300658679434232,1.046593576669693,0.3077114277652332,0.7917987917150769,0.9709606277091163,0.7471105605363846,0.7581773683694857,0.5808792671746882,0.40755147486925125,0.8239411955291871,0.8577963172325066,0.4577047846146992,0.7404280347483498,0.4064662477799824,1.1498893012425728
SRR6505532,1,-0.10395798512867518,-0.11507265216537885,-0.04120131981159959,-0.11023217971835818,-0.0709982088633946,-0.09941073826381139,-0.04495370627513954,-0.12479451192276818,-0.09500898899776596,-0.05884529650211334,-0.025365651718207767,-0.13377263290541513,-0.022672910642411028,-0.08137975526707512,0.0703834191496883,-0.019113280943461826,-0.027190957151885544,-0.0889799560287169,-0.12797626959426062,-0.04895034219537463,0.037396515253931284,-0.14547318433012282,0.05287470429071358,0.01986822485923767,-0.04629228696493166,-0.11226644899163928,-0.11820209478693348,-0.1138119889157159,-0.012417629361152649,-0.04082581294434411,0.3096336083752768,0.6454198995072927,0.26387230306863785,0.1401985479252679,0.5839151910373143,0.8710331161107335,0.6740742719599179,1.0845381276948112,0.7115675753780774,1.2591078892250411,1.1613092379910606,1.0357040102992738,1.2167988334383284,1.1058810842888696,0.2628506879721369,0.5826814153364727,1.366042673587799,0.5235562558685031,0.9427389908981111,1.2746701080884253,1.233597575553826,0.46209718180554255,0.8793845985616956,0.858174425416759,0.8170645119888442,0.8252296192305428,0.565085557954652,0.5853149709956986,1.097351429185697,1.2272342592477798,0.9849501881482345,1.5735212617686816,0.7461124967251506,1.0682505582060133
SRR6505533,1,-0.10148011547114168,-0.06253759463184647,0.017019894954241215,-0.04863546948347773,-0.1038291696459055,-0.08916675681913537,-0.06929496424397387,-0.0750918548728805,-0.07080281509219535,-0.062021248042583466,-0.09535209621701922,-0.10789588253412928,-0.115211500985814,0.0183768594371421,-0.011197557672858238,-0.10924262388808918,-0.06812385336628982,-0.06435569049790502,-0.12704164215496608,-0.09670749572770936,-0.04284006995814187,-0.14010885783604213,-0.0242666079263602,-0.011075077844517571,0.06959766907883543,-0.12406141417367118,-0.08476667212588447,-0.0313901828069772,-0.07583816988127572,-0.09025282519204277,0.4643462843128613,0.9148240435336318,0.38555787982685225,0.09986977877893619,1.2513798070805413,1.1636165721075875,0.6953765377402306,1.5586222835949488,0.6866640606895089,1.2716097299541747,1.5893282720020838,1.6434653656823295,1.6744298040866852,1.3684885650873184,0.43938165636999266,0.8443688367094312,1.7613605942044939,0.9760786060776029,0.9426110067537853,1.6485173617090498,1.4650576880999975,0.537644086671727,1.0691014741148268,1.474845944770745,1.026757925748825,1.0743683576583862,0.8882344876016889,0.8387078015865492,1.4890423502240862,1.4365571359438556,0.7701963665229934,1.350137934088707,0.7716063899653298,1.770012946001121
SRR6505534,1,-0.11172750060047422,-0.08392980405395585,0.038946698952258885,-0.021266595593520572,-0.10986078530550003,-0.08506614689914775,-0.06416054849536781,-0.08220871370784673,-0.08819508071922298,-0.059343465736934116,-0.0812948580299105,-0.13083395574774062,-0.11884433097605195,-0.04696086222039802,0.009182035390819823,-0.07457979369376387,-0.03291720165205853,-0.06423779191183192,-0.12068389622228486,-0.11845931091478892,-0.05280377050595624,-0.1414622249347823,-0.038773614347779324,-0.01577278146786349,0.046149512486798425,-0.10030450751738888,-0.09401066148919719,-0.053422358951398304,-0.02170567214488983,-0.13183921575546265,0.42551898849861963,0.8521970904299191,0.3643009992582457,0.11428427509963512,1.0695811084338598,1.039817486490522,0.7111507467925549,1.475914406989302,0.6333951300808361,1.244886162025588,1.408544863973345,1.4274885484150477,1.4536167766366686,1.2643821835517883,0.41707373570118633,0.7280095419181245,1.6917614340782166,0.8532671587807792,0.985395576272692,1.6378137402768647,1.357012762422008,0.4562710113823414,0.9365089407988957,1.2410201824137144,1.0551519787737302,1.0280019002301353,0.7745426382337298,0.7088613004556724,1.3246242148535592,1.3039982957499368,0.8773967072899852,1.4431853698832648,0.8127156575875623,1.5789936376469476
SRR6505535,1,0.0002858191728591919,-0.11834640800952911,0.017106246735368456,-0.06978596906576838,-0.06394393050244876,-0.10612473290945802,-0.045381344322647364,-0.13806065624313696,-0.06507931223937444,-0.06777856179646083,-0.01827257658754076,-0.14369962151561463,0.016973639971443584,-0.0472508291048663,0.09500593000224658,-0.03686487302184105,0.008474797808698245,-0.06870499093617712,-0.11960571352392435,-0.053185230653200834,0.021135945405278887,-0.14143299630710057,0.04537978182945933,0.01604382480893816,-0.014477350882121496,-0.07553571994815554,-0.09957385142999035,-0.11381906058107104,0.025529482002769197,0.007722231958593641,0.3015827089548111,0.5177975778601,0.3464044822113855,0.136023131066135,0.4074272832700184,0.67322098097897,0.6347978343921048,1.0402693045990807,0.7077091014278787,1.1070010630147797,0.8962365431444985,0.9090086753879275,1.0279943176678248,0.9521791796599116,0.20951649014438903,0.459819174770798,1.1394557867731367,0.3564224828566824,1.0559653182114874,1.1300214699336462,1.1203329403485571,0.2664556662951197,0.840824194252491,0.6236313707860452,0.817654260035072,0.7382156785045352,0.5514894638742719,0.3452865832618305,0.7645188152257886,1.0348817056843214,0.9634698687919548,1.4884938903685128,0.6083241206194673,0.9257073179552597
SRR6505536,1,-0.07121556465114866,-0.12449245553995882,-0.04668977324451719,-0.08166788252336639,-0.07088877566690956,-0.11810998671821185,-0.07210891587393624,-0.13664442832980836,-0.08370697764413697,-0.057186385350567956,-0.017354572457926615,-0.13489401127610887,-0.06921166820185524,-0.055853772176695723,0.047023204288312366,-0.06532882260424751,-0.044722311797418764,-0.0923667603305408,-0.12556000383171653,-0.07802677580288478,0.0037477388978004456,-0.13673351811511175,0.026104144219841276,0.0022164051021848407,-0.010756452967013632,-0.07636590381818158,-0.11008579177515847,-0.12550010425703867,-0.042813182808458805,-0.04972607855285917,0.27437288420540945,0.5274180165891137,0.23627593794039317,0.10724548995494843,0.5431607140760336,0.6632049636516187,0.5927466505340168,1.049424633383751,0.6114640219935349,1.0139691664704256,0.8815640445266452,0.9342462521578584,1.0552514174154826,0.9159955201404435,0.1715469677001238,0.47287560014852453,1.1551457132611955,0.332542964390346,0.8853987301034587,1.0701080454247338,1.0982230992189475,0.29472180349486216,0.7207073883286544,0.6565091099057879,0.7058723044714758,0.6682967913470098,0.3984151610306331,0.4365711031215532,0.8067330207143512,1.0416264533996582,0.856062650680542,1.4203706213406153,0.5986228159495762,0.9478351111922946
SRR6505537,1,-0.10977793431707791,-0.06277315937248724,0.054334848054817746,-0.03953902729387794,-0.09926894812711648,-0.08794640471959221,-0.06656126354885471,-0.0672091909842233,-0.061226048307227235,-0.07809454681617874,-0.11238608935049602,-0.10989456410918917,-0.10438594162198049,0.050122518092393875,0.03192449241344418,-0.11465198014463697,-0.06941998989454337,-0.05045905157125422,-0.12377925829163619,-0.10285180833722864,-0.03578188469899552,-0.13540883362293243,-0.0369968974098031,-0.003192142184291567,0.05875241743134601,-0.11917979057346072,-0.08686671938214983,-0.036893438547849655,-0.04066627898386547,-0.12069995461830071,0.5268355304641383,0.8878119875277791,0.446992372029594,0.15030614925282343,1.1198646798729897,1.0857736723763602,0.7388810797461441,1.5937325549977166,0.6480939798057079,1.3876542555434364,1.624639596257891,1.6282079901014055,1.5919652666364397,1.3959636666945048,0.5242150322135005,0.8590001783200673,1.7645108231476374,1.099387139081955,1.0889773815870285,1.7066543155482836,1.5314255122627531,0.555647726569857,1.0596591510943003,1.5388393442013435,1.188714433993612,1.2143828847578593,1.0290656526173865,0.8020897721705426,1.4233806383396899,1.5704374377216612,0.985341328927981,1.5053649821451731,0.8248661192400115,1.9408703935997826
SRR6505538,1,-0.07606302840369088,-0.12527860488210404,-0.07143926993012428,-0.08664216952664512,-0.07711485398301322,-0.12591751398784773,-0.07671735462333475,-0.1291340600167002,-0.09366072661110333,-0.07440242490598134,-0.02935893727200372,-0.1370377732174737,-0.10465548293931144,-0.05794184282422066,0.03881070443562099,-0.0737995912453958,-0.06193587929010391,-0.09406863578728267,-0.1315810472837516,-0.08034819204892431,-0.006447855915342059,-0.1478821731039456,-0.00215299054980278,-0.00403595928634916,-0.01302442273923329,-0.09217487594911031,-0.10897809453308582,-0.11623903789690562,-0.06360935942835308,-0.05236513167619705,0.2821392385022981,0.532029967222895,0.2596959950668471,0.09347044463668551,0.5934325624257326,0.7097789581332888,0.5903530682304076,1.1248664494071687,0.6605051415307182,1.0396307879792792,0.9318245564188276,0.9756359080118793,1.0732280159635204,0.9273964081491742,0.20077976155360894,0.4699511496084077,1.2206201297896249,0.40890770299094065,0.8724794856139592,1.1174246799200773,1.127884995990566,0.3090567748461451,0.7192986235022545,0.6859162710607052,0.7561926546373537,0.6963738038071564,0.4248377169881548,0.41541232594421934,0.8018697276711464,0.9659521899053028,0.8182606303266117,1.358435788324901,0.594561901475702,0.9636993599789483
SRR6505539,1,-0.10385686744536672,-0.10083863026063357,0.013600534227277552,0.04031768760510853,-0.1097456089087895,-0.12379052468375969,-0.10464093406647278,-0.08431590120640717,-0.09594713219641042,-0.09888139526758875,-0.09340616422040122,-0.1258072251720088,-0.11914270823555333,-0.051982629778129716,-0.07247642853430339,-0.12809628886835916,-0.11143743359882917,-0.052760193057890446,-0.13748251620147908,-0.0708915967095111,-0.10275317622082573,-0.12556188660008566,-0.05588390691471951,-0.0584413113870791,-0.014473013446799346,-0.05948032917720931,-0.09105657307165009,-0.0715540654159018,-0.052969581979726045,-0.09577515295573644,0.407727412879467,0.5248901748231479,0.4769087125148092,0.07395655874695096,0.8423471599817276,0.859242924622127,0.3129194432071277,1.2616335994430952,0.5971740292651313,0.878251200807946,0.8824885534122586,1.222460082599095,1.102416577083724,0.947789209894836,0.15517566140208924,0.7013825305870601,1.122177311352321,0.36134097831589834,0.5752437136002949,1.0232483395042695,0.8909519016742706,0.22532469459942409,0.6633345420871463,0.755668967962265,0.7501747118575233,0.582903515547514,0.47744869494012426,0.3073702896279948,0.6904743281858308,0.5549212847171086,0.39459116544042316,0.5569736297641482,0.3349140116146633,0.8272190711327961
SRR6505540,1,-0.08008315893156188,-0.12501422901238715,-0.085752071945795,-0.07526202499866486,-0.09300669389111656,-0.13931420764752797,-0.08478840706603867,-0.12463305251938957,-0.11598899960517883,-0.09629796711461884,-0.05927406357867377,-0.12613905114786966,-0.15087066377912248,-0.04360375872680119,-0.013740880148751395,-0.11029173593435969,-0.07265760749578476,-0.10534737139408078,-0.143718455518995,-0.10020447445900313,-0.0323855568255697,-0.13265574404171535,-0.04087180271744728,-0.021408189620290483,-0.02848663553595543,-0.09645403282982963,-0.11289154126175813,-0.12032868819577354,-0.10251472251755851,-0.089384098138128,0.2517148841704641,0.5200009495019913,0.2702762343521629,0.05903027951717377,0.7100937068462372,0.6971892310040337,0.4869717210531235,1.1805250644683838,0.5743938370474747,0.8546340752925191,0.9502134834017072,1.0034033783844538,1.0628963272486414,0.912252372929028,0.23298894188233785,0.45567336146320614,1.1774334822382246,0.4218423536845616,0.8458702713251114,1.0655941580023085,1.0832581466862135,0.21830368361302785,0.7419950110571725,0.701876575127244,0.7531923523971013,0.637647342469011,0.4481089773720929,0.3885863982141018,0.782522409089974,0.8727115861007145,0.7549946425216538,1.1916795181376594,0.537297611790044,0.9903747609683445
SRR6505541,1,-0.07427302428654262,-0.11689652316272259,-0.03928018866905144,-0.08851338497229985,-0.07743711822799274,-0.10782627175961222,-0.05989755676793201,-0.12575609875576838,-0.09618526564112731,-0.06175064242311886,-0.042758009263447354,-0.13845337820904596,-0.05804156033056123,-0.051340991631150246,0.05827288276382855,-0.047005243599414825,-0.020360466625009264,-0.0857097961540733,-0.1286860550088542,-0.08244898542761803,0.011855343622820718,-0.14835079227175033,0.03150722969855581,-0.005016691982746124,-0.030758533094610487,-0.10903768773589816,-0.1028965881892613,-0.11642878502607346,-0.03162854058401925,-0.08020103243844849,0.2907763740846089,0.5425715409219265,0.26205504153456005,0.11381571527038302,0.5731111917910832,0.7231628437127385,0.5956896117755345,1.0821782393114907,0.6571012916309493,1.0631735271641187,1.0766943565436773,1.023729437363467,1.1127303945166724,1.0265164045350892,0.23041966357933624,0.49004812645060675,1.2082773872784205,0.4392459200961249,0.9194146884339196,1.1665529544864381,1.1837737134524755,0.35850032206092564,0.8170605379023722,0.7978753937142236,0.760704512574843,0.6973216789109367,0.44979928008147646,0.4441215204341071,0.9217129456145423,1.1633551035608565,0.9091392430875983,1.5244706528527396,0.6484865322709084,1.0642768549067634
SRR6505542,1,-0.06615333897726876,-0.12633748086435453,-0.056583636573382785,-0.051004928669759204,-0.07910953674997602,-0.13293448835611343,-0.07631185171859604,-0.13384265452623367,-0.09454510760094438,-0.08195220359734126,-0.03737501374312809,-0.11138575949839183,-0.09824326847280775,-0.0646268001624516,0.02740756262625967,-0.08048314547964505,-0.04822291061282158,-0.10890632548502513,-0.1416051494223731,-0.0594167315534183,0.011590002370732171,-0.1517603791185788,0.013544795236417226,-0.006138835634504046,-0.030922396906784604,-0.08579167018511466,-0.11463774527822222,-0.11848851931946618,-0.06401891371102206,-0.04338864290288517,0.2633332099233355,0.47103625003780636,0.2636895158461162,0.05860623185123716,0.5782342494598457,0.6785305871495179,0.5628270831491266,1.037621679050582,0.6227040237614087,1.040975914469787,0.9127300381660461,0.9945898114570549,0.9781618067728621,0.9520904166357858,0.23206805757113866,0.44099305091159685,1.0974694320133753,0.32919539724077496,0.9011352096817323,1.1028671387050832,1.0971664761060052,0.2865809425711632,0.7762219959071704,0.6547503513949258,0.7326753336404052,0.6497855207749775,0.4382337938461985,0.3393120233501707,0.7744839861989021,0.8696757618870053,0.8161243966647557,1.2377703551735197,0.4967239411281688,0.8133979152355876
SRR6505543,1,-0.08157275936433248,-0.12359357944556645,-0.0866969722722258,-0.055213755794933865,-0.0781106288943972,-0.1379276184099061,-0.07557289282392178,-0.1228397749364376,-0.11173416567700249,-0.06919565477541514,-0.048658862709999084,-0.1194131366376366,-0.13328683163438523,-0.039927978068590164,0.012811726757458277,-0.08789571381307074,-0.06662790477275848,-0.10048644351107734,-0.1501510175211089,-0.09057514795235225,-0.032463262123720985,-0.1506671437195369,-0.012569651805928774,-0.0470954424568585,-0.009361500984856061,-0.08171275524156434,-0.11866622364946774,-0.12448114422815186,-0.11847832266773496,-0.09195881656238011,0.32037295188222614,0.5145490318536758,0.22361650051815168,0.06977106417928423,0.6724727249571255,0.7108012224946704,0.5168998688459396,1.2033860726015908,0.6538953786449773,1.0198841196085726,1.0397471615246363,1.0027275766645158,1.0668302513659,0.9940187952348164,0.27225850549127373,0.5567651917891843,1.2225278871400016,0.48082042059728075,0.8653934975819928,1.097934587193387,1.1550798895103591,0.34160288529736654,0.6946465711641524,0.7968369041170392,0.7275881096720695,0.705867520400456,0.4302051493099758,0.42405076112066,0.8877909045134272,0.9777813979557582,0.7855401887957539,1.2717251224177224,0.6222135943493673,1.0572942133460725
SRR6505544,1,-0.07870003847139222,-0.11226791648992471,-0.023409691639244556,-0.0788951622588294,-0.07485984252499682,-0.11659812341843333,-0.04704041313380003,-0.11691332156104702,-0.11632896241332803,-0.07194115540810994,-0.05582699924707413,-0.13687446287700109,-0.08046395012310573,-0.06578640080988407,0.05470834672451019,-0.047819849103689194,-0.040728183197123666,-0.08151881237115179,-0.13463713015828813,-0.07873417117765971,-0.001375651785305568,-0.15156173599617823,-0.002050754747220448,-0.019194204892430986,-0.03931699027972562,-0.1088840759226254,-0.11745783686637878,-0.10694601945579052,-0.06677232842360224,-0.09179579253707613,0.35167490797383444,0.5868275314569473,0.32566764525004793,0.12588759777801378,0.6227678262761661,0.7442882859281131,0.6228998564183712,1.197074062057904,0.6403912076992648,1.1451148358838898,1.0998328626155853,1.0841412876865693,1.1953853443264961,1.098029992410115,0.28396225893603905,0.5352886525381889,1.318825670651027,0.5046689148460116,1.0144725750599588,1.2798651243959154,1.2162758260965347,0.3933090993336269,0.87096527751003,0.8638451408062663,0.8833667497549739,0.800505641980895,0.5671100616455078,0.4847993424960545,0.9539405458739826,1.1318158145461763,0.9310433912822711,1.4951303989759512,0.6920210322631257,1.1373680659702845
SRR6505545,1,-0.0973249508866242,-0.07691566752535957,-0.010902020947209426,-0.06392218970826694,-0.10900605736034256,-0.09748036500864796,-0.04718925999207256,-0.06889250532757225,-0.07956870957942945,-0.07090191277010101,-0.10875752408589635,-0.10736556297966413,-0.1176750128423529,0.02983609081379005,-0.030604937512959753,-0.11509271897375584,-0.06953534776610988,-0.04797883498083268,-0.13962485109056746,-0.10500169172883034,-0.03611127287149429,-0.14068319009883062,-0.02089719002002052,-0.03239273279905319,0.034931405780038664,-0.1226963262472834,-0.09520389339221376,-0.03348256115402494,-0.08853677766663688,-0.10871996198381696,0.46447336780173437,0.7924317592488868,0.4288848617247173,0.10987274774483272,1.1568924954959325,1.0047077145427465,0.5708200793181147,1.5550780147314072,0.6319041261449456,1.2176753069673265,1.4663661973817008,1.5312190311295646,1.54510375218732,1.3467654415539332,0.4505652032260384,0.8949677688734872,1.5810485993112837,0.9156093639986855,0.9493396069322314,1.5222339161804743,1.3840890995093755,0.46296740429741995,1.009967857173511,1.379857128219945,0.9983196748154504,1.00949933805636,0.8633240479975939,0.7288243899820372,1.2989972893680846,1.2732484483027033,0.7017646839043924,1.18181178186621,0.673724424626146,1.609459366117205
SRR6505546,1,-0.042402109929493496,-0.12535464125020163,-0.038349522543804984,-0.057994907455784936,-0.06175811828247139,-0.12496479813541685,-0.061694633248927336,-0.1298644510763032,-0.0985898185255272,-0.07688006279723984,-0.02375902554818562,-0.13679162625755584,-0.07471313646861485,-0.06104434521070549,0.06096949242055416,-0.06194832588412932,-0.03787157578127725,-0.09050285842801843,-0.13528133343373025,-0.07127170690468379,-0.0028489413005965097,-0.14900877007416316,0.0074145011603832245,-0.018646172114780972,-0.01775789966008493,-0.08945440394537789,-0.10796965871538435,-0.12021135813223996,-0.04457499299730573,-0.05218200492007392,0.30988687915461405,0.5422907916030714,0.31699822523764204,0.10316430351563863,0.6149499522788184,0.7084984555840492,0.6444550044834614,1.2094919489962714,0.6907256948096412,1.1107674517801829,0.9949546924659184,1.0170599424413271,1.1162978314927645,1.0318615968738283,0.2623619559620108,0.5177824374820504,1.2784238968576704,0.4156145921775273,1.032966026770217,1.2177773494539517,1.220289962100131,0.3236491744007383,0.8555247847523008,0.7306487868939128,0.8276500149763056,0.800549892442567,0.5700950601271221,0.44197506457567215,0.8306661982621465,1.0793669245072774,0.9531697716031756,1.4698387256690435,0.6413514129817486,1.0262070346091474
SRR6505547,1,-0.1014231565807547,-0.12095328207526888,-0.10296636394092015,-0.09485099996839251,-0.08794983795710973,-0.13211864126580103,-0.0789805565561567,-0.12302033363708428,-0.1190150606312922,-0.08426161642585482,-0.05015064988817487,-0.1391070101942335,-0.1479299302612032,-0.0827268763844456,-0.008240436070731707,-0.09770868372704301,-0.08762611342327935,-0.1123871063131706,-0.14903090574911662,-0.11013091887746539,-0.02320528669016702,-0.15078837211642945,-0.052158915038619726,-0.04265989948596273,-0.044860142682279856,-0.10639789806944984,-0.11990756435053689,-0.11286001200122493,-0.11566412129572459,-0.08717917863811765,0.2820889162165778,0.6291497498750687,0.3327499542917524,0.07156247539179665,0.8148421389716012,0.80344728912626,0.6064571174127715,1.236467461500849,0.6113500078873975,1.0021632186004095,1.0824110976287298,1.0987439208797045,1.2263953068426676,1.0241592707378524,0.29460552441222326,0.5327264991189752,1.340190282889775,0.4952128380537033,0.9173209560768945,1.2042008791384953,1.1852847774113928,0.3706295181597982,0.8344795682600566,0.8285738439964396,0.7892211287149361,0.785689155970301,0.5887182408145496,0.570830376552684,0.9485860562750271,1.0917496074523245,0.7786357368209532,1.2803648241928645,0.5858210233439293,1.132405512034893
SRR6505548,1,-0.08007751352020673,-0.08599599211343698,-0.087041465166424,-0.012764920081411089,-0.1064442105458251,-0.1209244110754558,-0.0834157938869404,-0.07214860724551338,-0.10189270307975155,-0.0979789359761136,-0.09069886025307435,-0.10895824804902077,-0.12830323167145252,-0.02073560974427632,-0.07374698934810502,-0.11143858996885163,-0.09509923362306186,-0.059575263144714494,-0.14926880491631372,-0.09821008518338203,-0.046598991113049645,-0.14553747539009368,-0.04976848805589335,-0.05214037001132965,-0.013873330583529813,-0.08983958140015602,-0.11284502994801317,-0.07867273588531784,-0.1063089764543942,-0.12213076651096344,0.3855872972469245,0.7264256445424897,0.4940652975014278,0.08256795483508281,1.0756200525377477,0.8919139913881996,0.5017214683549744,1.4294448069163732,0.6385862018380847,1.0629285084349769,1.2559095929775919,1.356590905359813,1.3253875129989214,1.1377302280494146,0.302018355312092,0.8449604883790016,1.524447304861886,0.5497323806796756,0.9095553031989506,1.3172006093497788,1.1673499643802643,0.34707906522921156,0.9435226640530995,1.0912550097065312,0.8153355903923512,0.8186514803341457,0.7353589752955096,0.540623065084219,0.8562245592474937,0.9692156330815384,0.5045686562412551,0.8429959698447159,0.5111883559397289,1.2831673324108124
SRR6505549,1,-0.011812535779816764,-0.10745043919554778,0.0025473072060516904,-0.09721820588622775,-0.058511443702237945,-0.08075184055737086,-0.06462240245725427,-0.13688907359859773,-0.07059674523770809,-0.04154326660292489,-0.026713179690497264,-0.14540927963597433,-0.0002480734671865191,-0.04054904808955533,0.0951058609685528,-0.02067803591489792,0.04490116877215249,-0.04733508027025631,-0.11676696904136666,-0.06555282005241939,0.040049490119729726,-0.13466382984604156,0.05002918081091983,0.021926386015755788,0.001127980915563447,-0.06860677897930145,-0.09846349486282893,-0.10642466082104615,0.020590415224432945,-0.0213174575141498,0.29864850853170666,0.5153074397572449,0.28386145191533224,0.15277456172874995,0.46869935148528646,0.733544357653175,0.6352468239409583,1.0902696720191412,0.6659011151641607,1.1321244391479663,0.9437432970319476,0.9413048582417625,1.1269746593066625,0.9472619358982358,0.2054502016731671,0.4723955374211073,1.235556994165693,0.3695489125592368,1.0303732194006443,1.1237052442239863,1.1601749584078789,0.2954834241952215,0.8357333647353309,0.6842173391154834,0.7991976988102708,0.69319734615939,0.4988361064876829,0.4106279952185495,0.8584410942026547,1.0965410194226675,0.9856964786137853,1.6151881574520044,0.7085509417312486,1.003438679235322
SRR6505550,1,-0.11522911382572991,-0.11954915363873754,-0.10708951364670481,-0.09487526331629072,-0.10597017194543566,-0.12708033940621785,-0.1159170645156077,-0.10536370639290128,-0.12341100722551346,-0.0988443646846073,-0.09030472380774361,-0.11282600941402572,-0.15774896528039659,-0.05843515481267657,-0.04612491040357521,-0.13479494516338622,-0.10136642839227404,-0.09644768174205508,-0.15575369341032846,-0.06766379198857717,-0.06474901256816727,-0.12790423578449658,-0.04072236455976963,-0.05554032904495086,-0.045656545752925534,-0.0663309209048748,-0.10059214276926857,-0.11169284475701195,-0.1170514647715858,-0.09975517487951688,0.2794181060578142,0.3970418694828238,0.3482099638453552,0.03528687943305288,0.7261873818933964,0.6889477127364704,0.287140103323119,0.99193885682949,0.49782448687723707,0.726893024785178,0.818742458309446,1.0408605486154556,0.9003963321447372,0.7763682284525463,0.1709551701455244,0.4510535789387567,0.9335854394095284,0.22940124005877546,0.5913287486348834,0.7863184713891574,0.9037954232522419,0.17530395409890584,0.6351349061088902,0.6057251174268978,0.5796601037893977,0.36138844170740675,0.3326959338571344,0.3152030825481883,0.6626139900514058,0.5846591336386544,0.4542051799861448,0.6676348128489086,0.32308236615998404,0.6849684885569981
SRR6505552,1,-0.0780327987990209,-0.11433540164892163,-0.021689133452517644,0.05451621926788773,-0.13009629079273768,-0.12036960990267939,-0.09157503574221794,-0.051841647580399046,-0.09519649533155773,-0.11339874272899968,-0.09900847849036966,-0.10155157319137029,-0.1084286847284862,-0.06323041820100375,-0.04571352879117642,-0.14907685773713247,-0.11875066746558462,-0.0014239195401647262,-0.14146350909556663,-0.03160432832581656,-0.10224868037870952,-0.10011351660692266,-0.06352012870567185,-0.03052773965256555,-0.03295005112886429,0.005383990705013275,-0.04081467166543007,-0.05593019138489451,-0.024923433948840414,-0.06785062487636294,0.31589809485844206,0.3407339091811861,0.47336970855082783,0.05003665068319866,0.7375044428876468,0.6737232873482364,0.13845046290329524,0.836223093526704,0.49476960407836096,0.6734719989555222,0.6400257114853177,0.9162806144782475,0.7267630292501833,0.636810049813773,0.030418318563273976,0.5099789829525564,0.6031015089579991,0.1710395993930953,0.36684478712933405,0.614959541708231,0.5129494549972671,0.08753349472369466,0.4588696765048163,0.43179695308208466,0.47604940618787495,0.07971685220088277,0.24076053446957044,0.13895013236573764,0.3891858511737415,0.24565033933946065,0.11040710950536388,0.1376720273068973,0.11582790581243378,0.3088176484618868
SRR6505553,1,-0.0887702147343329,-0.09530142641493253,-0.09505927988461085,-0.08108042712722506,-0.09616565275272089,-0.11343980527349881,-0.05976213581327881,-0.09215696289071015,-0.11701209151319095,-0.06741404001201902,-0.0990581948842321,-0.11431228848440307,-0.1316308645265443,-0.009711942369384425,-0.020568102864282473,-0.09348224263106074,-0.06717357411980629,-0.10410528084529298,-0.15211981534957886,-0.10014273711879339,-0.011176952293940954,-0.14681457621710642,-0.022091112498726164,-0.007447999236839158,-0.009868746889489037,-0.14115800336003304,-0.12385937358651843,-0.08814558586371797,-0.11803663881229502,-0.1264264972082206,0.35718522699815886,0.668186139847551,0.33802106737026144,0.09183816611766815,0.9475480828966413,0.9456100996051516,0.5826554819941521,1.395195955676692,0.6164910878453936,1.1307632837976729,1.4045256802013941,1.346133176769529,1.408306896686554,1.1828592685716492,0.4487043959753854,0.6500291387949672,1.5645543251718794,0.7833151561873299,0.9949682461363929,1.3844842442444392,1.3726835463728224,0.4154188760689327,0.9821118073804038,1.1541738060436078,0.8797779881528446,0.9536657812339919,0.6804974605994565,0.670806836070759,1.1970538196286984,1.2618233667952674,0.8951216063329152,1.4047809413501195,0.7335687455322061,1.4548888057470322
SRR6505554,1,-0.102895906993321,-0.10018992663494178,-0.060462494513818195,-0.09809587150812149,-0.09148224017449788,-0.10889003824974809,-0.069091957328575,-0.10169435452137675,-0.10931054343070302,-0.07045734141554151,-0.06519078250442233,-0.14068361265318735,-0.1089168398840619,-0.042609709298371205,0.02830601403755801,-0.058824482773031504,-0.04748815298080444,-0.0779815845723663,-0.135643265077046,-0.09529681131243706,-0.016257186819400107,-0.1475339521254812,-0.009438662523669856,-0.016228409750120982,-0.021578113481934582,-0.13098826073110104,-0.11957913158195359,-0.1128776605640139,-0.06408495136669703,-0.12036550537283931,0.40015644473688944,0.6860739429082189,0.35706906765699387,0.11497384629079274,0.7726711386016437,0.8972567405019488,0.685635374060699,1.2808992585965566,0.6953534430691174,1.2899420516831535,1.276619872876576,1.2485304049083166,1.273309285087245,1.2160884163209371,0.32671525861535755,0.633364950971944,1.5677663598741804,0.6724187923329217,1.0767260129962648,1.4729794976966721,1.3240360404763902,0.44946067886693136,0.9553236932094608,1.062074236970927,0.973108932642,0.9359301967280251,0.6816871522792748,0.5908783626343522,1.1358942953603608,1.3055913554770606,0.9277562334069184,1.5194779123578752,0.7512787367616381,1.400588876434735
SRR6505555,1,-0.09920728259852954,-0.10477643885782786,-0.08448139737759318,-0.08797887712717056,-0.09176493063569069,-0.11726131290197372,-0.06275003988827978,-0.11022147536277771,-0.11816532883260931,-0.06661613551633698,-0.07131191449505943,-0.12919749319553375,-0.11558383224265915,-0.0423462570511869,0.009059136467320579,-0.06888509328876223,-0.04509645061833518,-0.10543640756181308,-0.14636657812765666,-0.09119732890810285,-0.006700178342206138,-0.14844997652939387,-0.005481847694941929,-0.017785466143063138,-0.01348766325307744,-0.13229109293648175,-0.12816402901496207,-0.11014613988144058,-0.09535013777869088,-0.11804870037095887,0.3411689001534666,0.6559534807290349,0.260828294392143,0.11048583367041179,0.8610565321786063,0.8421273827552795,0.5827535949647427,1.274701789021492,0.6129459717444011,1.1198949760624342,1.275728212935584,1.2483388440949577,1.3141526829983508,1.1211003895316805,0.3669715257627623,0.5598190900470529,1.4847999555724007,0.6534663311072758,0.9591975637844631,1.3253248717103685,1.326670243803944,0.4093657636216709,0.9373921214469841,1.0359973891505174,0.8685122279982481,0.8384271685167083,0.586159713034119,0.6366915117417064,1.171998760529927,1.2604225192751204,0.9205475257975715,1.457949691585132,0.7422213008893388,1.3731512938226973
SRR6505556,1,-0.012726522982120514,-0.11755063491208213,-0.02219892679048436,-0.09379449486732483,-0.08455925328390938,-0.11767998657056264,-0.06783299573830195,-0.14083332674843924,-0.10394482208149773,-0.07070908801896232,-0.03314792897020068,-0.14897493698767253,-0.09029613056087069,-0.05460967256554535,0.058458304298775535,-0.07089623961863774,-0.012304615761552538,-0.08405296078750066,-0.14119465968438558,-0.07288359690989767,-7.303378411701747e-05,-0.15435689368418284,0.008151936743940626,-0.0047477952071598595,-0.027538051828742027,-0.060794475355318615,-0.10630624834448099,-0.10529908218554088,-0.06287713242428643,-0.07178566764507975,0.3329135456255504,0.47659577342814635,0.3227551856211254,0.13174112460442952,0.5648814338658538,0.677975129868303,0.613539570676429,1.1344613965068544,0.6493576089851558,1.1315031929739885,0.9895360852990832,1.0026127791830473,1.100246331521443,0.9819820661629949,0.2770035447818892,0.47433839631932123,1.2407109992844718,0.4073136108262198,1.0811589030282838,1.200621576713664,1.2078767432165998,0.29408180500779835,0.8392185069886702,0.7061494961380959,0.8363718829516854,0.7273839469999075,0.5139064001185554,0.42960582247802187,0.8352183752826282,1.0690994262695312,0.950429110920855,1.4754981342703104,0.6536625454734478,1.0567272874925817
SRR6505557,1,-0.10548745867397104,-0.07513650663063995,0.02579154260456562,-0.01824600196310452,-0.10550590391669955,-0.08574567816685885,-0.08271091348901141,-0.07247483977698721,-0.07891961948813073,-0.061853187424795966,-0.09847472820963178,-0.11552375022854124,-0.11958489753305912,0.0016953375722680772,-0.0010466940168823516,-0.10030340350099973,-0.06242123618721962,-0.04029906481238348,-0.12550936453044415,-0.1099752847637449,-0.0483452436913337,-0.1421401851943561,-0.040635558061434755,0.012253110163978167,0.0515576002321073,-0.12507479850734984,-0.08802299520799092,-0.0513589210542185,-0.05695997231772968,-0.11008666455745697,0.49233846619193045,0.9044766298362187,0.48664316322122303,0.100324864632317,1.1484085502369064,1.098716412271772,0.668665774166584,1.5898312394108092,0.689040122287614,1.3337436382259642,1.4433802110808236,1.597754418849945,1.5847919072423662,1.3116425658975328,0.41392426937818527,0.8499813356569835,1.7754398839814323,0.9463157504796982,0.9892980477639607,1.6680164651146956,1.3943676352500916,0.5004160249871867,0.9913689627844308,1.3471053966454096,1.078858726790973,1.1535539009741373,0.9352073328835624,0.7077463144170386,1.3125948166208607,1.3826322534254618,0.8294256831120167,1.364101956997599,0.757297929908548,1.6887260409338134
SRR6505558,1,-0.10666100707437311,-0.08632635870682341,0.015190907887050084,0.017797469028404782,-0.10434140557689327,-0.12331396883486637,-0.09869027522550564,-0.08287795829320592,-0.09810747957921453,-0.08751771811928068,-0.1052716254655804,-0.09370359725185803,-0.11565103222216878,-0.022573096411568776,-0.08365537412464619,-0.13962224551609584,-0.09515182860195637,-0.019019841815211942,-0.14312639087438583,-0.09388796559401921,-0.07411694899201393,-0.12341145053505898,-0.05410868168941566,-0.08380141335406474,0.04503189439752272,-0.05424773267337254,-0.10515325942209788,-0.06880367281181472,-0.04948756950242179,-0.12447226100734302,0.4451772639794009,0.5789127637233052,0.4671433945851667,0.13146046974829265,1.0213489612298352,0.8245519776163357,0.3515718856028148,1.2850408969180924,0.5537271095173699,0.9283668036971774,1.0443668365478516,1.2768091218812125,1.225275236581053,1.0134454752717699,0.31955680676868986,0.6424752841038364,1.1973243355751038,0.5251037969387004,0.6532393970659801,1.0929337476513215,1.0204987568514687,0.26182531884738375,0.7283166923693248,0.7918730096093246,0.7470394255859512,0.5998799396412713,0.6042909455884781,0.4385752092514719,0.823058722274644,0.7404718425657068,0.43934024018900736,0.6810271590948105,0.454868991460119,1.1073924345629556
SRR6505559,1,-0.09970445904348578,-0.10227317522679057,-0.05908361190397825,-0.10597764354731355,-0.09855661268479057,-0.11300708779266902,-0.0627317924185523,-0.10282013565301895,-0.11297225207090378,-0.07306825369596481,-0.07303655253989356,-0.13836987103734696,-0.12721175806862967,-0.05226741575669231,0.018629966037614003,-0.08461992602263178,-0.04955289725746427,-0.08561255596578121,-0.1383803497467722,-0.10650370243404593,-0.023198034082140242,-0.15043227587427413,-0.01341328610266958,-0.039770613823618205,-0.022465616265045747,-0.1195013097354344,-0.12451837850468499,-0.1022949612566403,-0.08266404517261046,-0.11789520829916,0.3632743401186807,0.6757056638598442,0.3509640704308237,0.11469113507441112,0.8318219482898712,0.8399997587714877,0.6250315505479064,1.308876029082707,0.6139219983347824,1.1761668452194758,1.2248318365642004,1.2575293257832527,1.2728819416037627,1.1321868374943733,0.33614685918603626,0.6198115817138127,1.4956307240894862,0.6129547378846577,1.0365844517946243,1.403813753010971,1.306988707610539,0.40185132516281946,0.9194841863853591,1.0223379238658319,0.8996563756040165,0.8787956197879144,0.667887149678011,0.6316087086285863,1.1104545380387987,1.2143196750964438,0.8804777581244707,1.4161607857261385,0.7185213885137013,1.3276441714593343
SRR6505560,1,-0.11554363103849548,-0.12668719302330697,-0.10339253395795822,-0.07515348281179156,-0.08847420769078392,-0.1324288887637002,-0.09736533835530281,-0.1114077525479453,-0.09904379583895206,-0.0963068859917777,-0.04232895587171827,-0.12136929269347872,-0.15390716173819133,-0.07572029424565178,-0.029179133474826813,-0.10848959375705038,-0.10661588818766177,-0.1033913089361574,-0.14441227806465967,-0.09769069722720555,-0.05827564213957105,-0.15215384853737696,-0.04963367924626384,-0.04527076659724116,-0.019895012357405255,-0.09076193187917982,-0.11570525116154126,-0.11288513269807611,-0.11276897914441568,-0.0729999765753746,0.31404891503708704,0.5586080167974744,0.35322013231260435,0.037773482501506805,0.7199189752739455,0.7272030711174011,0.5263288590524878,1.1670155227184296,0.6391731729464871,0.9526955911091396,0.8447862820965903,1.0500635611159461,1.0380298026970454,0.8861272377627236,0.2039282743686012,0.4987309891730547,1.1999492474964686,0.38837642648390364,0.785423783319337,1.1013848893344402,1.0234190097876958,0.31719292274543215,0.6765261553227901,0.6687525281948703,0.7664911906634059,0.7022356486746243,0.4613982015954597,0.38857696631125044,0.7248541172593832,0.878922660435949,0.6680752243846655,0.9883878145899091,0.42044160461851526,0.9036546381456512
SRR6505561,1,-0.09381428813295704,-0.07357708431248154,-0.02982267058853592,-0.05118703203541892,-0.09282370310808931,-0.10022907464631967,-0.05933901321051443,-0.06512411208158093,-0.09553582226258836,-0.07887650706938334,-0.10507550835609436,-0.10446950261081968,-0.1228584898635745,0.059685212559998035,0.009591795238001006,-0.10036983181323324,-0.06497748448912587,-0.04438832761453731,-0.12941214655126845,-0.10034155925469739,-0.02847851307264396,-0.14090558354343688,-0.033621746414740174,-0.01961768844297954,0.09886869565317673,-0.10071279693927083,-0.09754780786378044,-0.0037868890379156384,-0.08470213838985988,-0.11453662812709808,0.49534418859652113,0.8894304864640746,0.4337607728583472,0.12471147333937031,1.2426991100822176,0.9890062212944031,0.6827906018921307,1.6393710119383675,0.6828187288982528,1.2981014507157462,1.511580032961709,1.6297098738806588,1.573207055883748,1.3416801627193178,0.4712900341089283,0.9390940453325,1.8045490043503898,0.969612044947488,1.0946530572005682,1.6768774313053914,1.4582369178533554,0.5090835118400199,1.1071492497410094,1.4376435854605265,1.0346533847706658,1.1773087563259261,0.9071848839521408,0.7887215924981449,1.2766027274940694,1.3754256298499448,0.8736964868647712,1.265563971229962,0.768701362822737,1.8061907355274474
SRR6505562,1,0.020968018897942135,-0.12328060130987849,-0.04273741053683417,-0.003913569131067821,-0.058417911508253643,-0.14298185386828013,-0.06061718612909317,-0.11985766275652818,-0.06369970392967973,-0.08374532578246933,-0.06114886701107025,-0.13854459673166275,-0.10128029296174645,-0.04433477257511446,0.026635147631168365,-0.045867110203419416,-0.027297055082661763,-0.07278236347649779,-0.14398591433252608,-0.05250577202865055,0.021923203553472246,-0.15487887071711676,0.0003095029720238277,0.0013945954186575754,-0.013850178503032242,-0.08818816633096763,-0.11990541805114065,-0.1007127980036395,-0.09235507569142751,-0.08996936146702085,0.34076134700860294,0.46622039484126226,0.30717763490974903,0.06656027159520558,0.6349762859089034,0.7037646765155452,0.5784337406179735,1.2017130851745605,0.6840221166327994,1.1073975669486182,1.0985213816165924,1.062093303671905,1.0953719921942269,1.0970228559204511,0.3538558584238802,0.5240785415683474,1.2520886489323206,0.4876112682478769,1.110762283205986,1.2483538123113769,1.2759323620370455,0.3053663255912917,0.8737914317420551,0.8300274062369551,0.8489542422550065,0.7799901164003781,0.544191490326609,0.40821603153433117,0.8327249022466796,1.060284131339618,0.911149553422417,1.4397546436105455,0.6130616340254035,1.1129740817206246
SRR6505563,1,0.08605952996627561,-0.13741043955087662,-0.024056723341345787,-0.06057063915899822,-0.052067270768540244,-0.12678858318499156,-0.09307149265493665,-0.12351480026596359,0.03658981142299516,-0.031207841954060962,-0.01621895602771214,-0.12147449914898191,-0.05278550514153072,-0.013950252107211522,0.09068287642938751,-0.07327149861625262,0.041669838928750584,-0.035805155123983114,-0.13379590878529207,-0.024824964414749826,0.03671664638178689,-0.09363843819924764,0.039429480476038795,0.07321971229144505,-0.002358837718410151,0.01643132431698697,-0.08266833078648363,-0.08539027135287013,-0.04493771706308637,-0.000891725133572306,0.18049599443163192,0.26044084557465147,0.16640821312155044,0.12650214774268015,0.5199645938617843,0.555609364594732,0.5103063817535128,1.0282980820962362,0.543123720479863,0.7707444652915001,0.7526870029313224,0.7934368709102273,0.95550879410335,0.8148947685424771,0.20861161733046174,0.31842428339379175,0.9005272870085069,0.27242171125752584,0.8731494843959808,0.8621761506157262,1.0230495567832674,0.18205332622996398,0.6939286802496228,0.4401769760463919,0.6241615191102028,0.454225874372891,0.27508409693837166,0.29863307412181583,0.7167474031448364,0.7560953199863434,0.878762250500066,1.4251467138528824,0.5947109588554927,0.8039906195231846
SRR6505564,1,-0.02100784970181329,-0.11914143924202238,-0.018898088485002518,-0.07666470536163875,-0.059449448117188046,-0.1162428195987429,-0.059990529769233296,-0.1369307174214295,-0.07865997550210782,-0.07793461957148143,-0.019534122731004442,-0.13874493220022746,-0.02200945726196681,-0.06566124675529343,0.07710530156535762,-0.047115067818335125,-0.016940332150885036,-0.07163861606802259,-0.13614420273474284,-0.05611525848507881,0.021875705303890363,-0.14353352040052414,0.03745017333754471,-0.006037367241723197,-0.016117037872650793,-0.07116977231843132,-0.10999908564346177,-0.11010758392512798,-0.013970933322395598,-0.01119097215788705,0.30315925606659483,0.5305978594613927,0.35363965162209104,0.12551864928432874,0.4691273998136499,0.7064649271113532,0.6596281728042024,1.0320483382259096,0.6979821204606976,1.1448616523827826,0.9353944999831063,0.9730982652732304,1.032720148563385,0.9972336473209518,0.23409599172217505,0.47525566603456226,1.194855238710131,0.36035006599766867,1.0356520323881082,1.1532554722258024,1.1401329876056738,0.3217319580061095,0.8894020563789776,0.6800155309694154,0.80454417477761,0.7523314870361771,0.5450995841196605,0.4002168998122215,0.844245472656829,1.0010539570025034,0.9313411813761506,1.4460532659930843,0.587707850150764,0.9389155464512962
SRR6505565,1,-0.05452543071338108,-0.11506821374808039,-0.023156375491193364,-0.09274071774312428,-0.0815073624253273,-0.11160897410341672,-0.060240933006363254,-0.12838624258126533,-0.10272567878876414,-0.06677649489470891,-0.04361629805394581,-0.14874318454946792,-0.06843271372573716,-0.06756145427269596,0.06646268974457469,-0.057266449090093374,-0.011592179536819458,-0.07437845266291074,-0.12962408204163825,-0.08537138200231961,-0.009203027401651655,-0.14909249437706812,0.01871589890548161,-0.018143379262515476,-0.02915773993091924,-0.09159661935908454,-0.11680355401975769,-0.11425993272236415,-0.02418478950858116,-0.05771358630486897,0.3410567566752434,0.5868404574160065,0.39600584868873867,0.1462373552577836,0.5775363535753318,0.759378509329898,0.663273529282638,1.1490336954593658,0.6507441962936095,1.214962970997606,1.0291564634868078,1.0636152949716364,1.1198664882353373,1.0590630716511182,0.25704883348329793,0.5311510605471474,1.3174413527761186,0.4469203416790281,1.0810135336858886,1.2729605521474565,1.1862237275178944,0.32941586311374393,0.8905806019902229,0.7797622850963047,0.8624444140919617,0.8124821539968252,0.6209694530282702,0.46581209344523294,0.9406348136918885,1.1284010516745704,0.9402196713324104,1.4817420345331942,0.6623988904591117,1.0883830721889223
SRR6505566,1,-0.04108292503016336,-0.13084841519594193,-0.07429607531854085,-0.045447218630995066,-0.06879087910056114,-0.14054415268557413,-0.07335097741867815,-0.14215162795569217,-0.07763783953019551,-0.07174271238701684,-0.03812354377337864,-0.09889305063656398,-0.08994391454117638,-0.06635502180350679,0.013869569769927434,-0.07397696641939026,-0.025251612599406923,-0.10542715287634305,-0.14162593973534449,-0.052269573722566874,0.007148456360612597,-0.14856854187590735,-0.01748942317707198,-0.004833886665957314,-0.011251169389912061,-0.07574098969676665,-0.11124477934624467,-0.12538561384592736,-0.08596074048961912,-0.03837831105504717,0.24931679772479193,0.4693279968840735,0.1868981122970581,0.07961639336177281,0.5624464492180518,0.6243121932659831,0.537606092435973,0.982324481010437,0.5743242353200912,0.9515062284522823,0.8979311628001077,0.8748957179486752,0.9475652266825948,0.909793666430882,0.2351484195595341,0.4043649733066559,0.9866833857127598,0.2960714516895158,0.8312750847211906,1.015296665153333,1.0544011539646558,0.25223869723933084,0.7289692813064903,0.6288747126236558,0.6504911370575428,0.5418843829206058,0.31502427054303034,0.36775527043001993,0.8005657919815609,0.8809577035052436,0.8054607114089387,1.2630423882177897,0.5431285386106798,0.8244379460811615
SRR6505567,1,-0.0443693787923881,-0.13048082802976882,-0.1168665053056819,0.008704163134098053,-0.07423995488456317,-0.15939858768667495,-0.09693247139719981,-0.1121971176138946,-0.038899212543453486,-0.08479907576526914,-0.06628132717950004,-0.0862168116228921,-0.1521817637341363,-0.06233463775632637,-0.025405520839350566,-0.10527085725750242,-0.054066973073141913,-0.06664208429200309,-0.13934682203190668,-0.06087416729756764,-0.022134296596050262,-0.13493829905720695,-0.046989076903888156,0.009606025048664637,-0.03326179805610861,-0.06517234684101172,-0.11943928471633367,-0.09319711243733764,-0.14520947422300065,-0.08862301600830895,0.2096064245062215,0.40490549051069785,0.21872050009135688,0.02644411101937294,0.692941200520311,0.6056132337876728,0.3526062156140272,1.1015632461224283,0.4829214788042009,0.7366037166544369,0.9159655272960663,0.9107273987361363,0.9851439345095839,0.8149841406515667,0.2618617797270417,0.3745628371834755,0.9874301872083119,0.3104241777743612,0.7538457598005023,0.8724219229604516,0.9717200632606234,0.1948356745498521,0.6598523956324372,0.5891216360032558,0.6083070752876145,0.45230146178177427,0.34457839212596547,0.3301607519388199,0.7605186466659818,0.6947633730513709,0.6177731560809272,0.9640596849577767,0.4784094238919871,0.7815146382365908
SRR6505568,1,-0.10531401022204331,-0.09827505371400289,0.005087577870913914,0.08032483501093728,-0.13303819937365396,-0.11486418575181492,-0.1106638583836944,-0.07208637154794165,-0.09812583002660956,-0.11879593187144824,-0.10607118984418255,-0.09731488302350044,-0.12133686510579926,-0.031882546842098236,-0.08941418890442167,-0.14197472376482828,-0.13132240729672567,-0.020703941716679504,-0.14524588201727187,-0.05453054926225117,-0.10600109025835991,-0.07085717575890678,-0.06749611826879638,-0.05400518833526543,-0.024316239303776195,-0.0958618950098753,-0.1074768714606762,-0.06958683473723275,-0.03856751109872546,-0.11255153375012535,0.32639491158936706,0.32358598921980175,0.5028670286493642,0.06013740846122216,0.8391823428017753,0.6482075495379311,0.15500058912272965,1.0980758113520486,0.48337332691465107,0.652675010396966,0.7968207512583051,1.0271580900464738,0.8956710185323443,0.7804529261110085,0.16453036087165987,0.6287475171765047,0.7293554608310971,0.22146269785506384,0.5022689976862499,0.71048735880426,0.6514890428100314,0.10926296136208943,0.6133480646780559,0.5757437699607441,0.6247461440839938,0.28899733549250023,0.3900826232773917,0.19959827618939535,0.5689893311687878,0.4252387296541461,0.2597960648792131,0.328324663319758,0.2699856406876019,0.6207225370619979
SRR6505569,1,-0.10051857413990158,-0.11804403151784625,-0.1168011405638286,-0.05529424335275378,-0.1095621387607285,-0.13746193370648793,-0.10259903009448733,-0.11435744698558535,-0.12864744290709496,-0.08400741379175868,-0.07412615418434143,-0.11670798362631883,-0.16183813554900034,-0.047500793422971456,-0.04691512669835772,-0.12169910388599549,-0.09183492471597024,-0.11866122005241257,-0.15703579144818441,-0.07703466926302228,-0.04325474585805621,-0.11101203518254417,-0.03608096497399466,-0.04570451644914491,-0.049350704798208814,-0.10269416868686676,-0.1193930229970387,-0.11922531654792172,-0.12305672253881182,-0.11812088186187404,0.2367270668702466,0.3999559450894594,0.28980694498334614,0.015948491703186716,0.7600625157356262,0.6388324876981122,0.31709535100630354,1.0817773468526346,0.4532393935535635,0.6867460161447525,0.8621805565697807,1.0362768088068282,0.9762266086680549,0.8431777762515205,0.17667395328836782,0.4690398847950356,0.9500562250614166,0.28987664143954006,0.6576292514801025,0.8986879984981248,0.8933306847299848,0.21716122435671942,0.5924322009086609,0.7129459860069411,0.624452506857259,0.394794300198555,0.3676666191646031,0.2576782224433763,0.717471222792353,0.6146631985902786,0.4654741585254669,0.8605721188443047,0.44736802152224947,0.8182534894772938
SRR6505570,1,-0.11317799240350723,-0.125353570495333,-0.12043106529329504,-0.050414216837712696,-0.10585113668016025,-0.13832828934703553,-0.10568785188453537,-0.11161069252661296,-0.1287246426301343,-0.09397642048341888,-0.07936910007681165,-0.08776802622846194,-0.16168313367026194,-0.06424088456801005,-0.06590734847954341,-0.12675167620182037,-0.1043066361120769,-0.12768333511693136,-0.15895045016493117,-0.08821780580495085,-0.04567782900163105,-0.12835300713777542,-0.047855032341820855,-0.044649798689143996,-0.05670745451269405,-0.10468299793345588,-0.12444488438112396,-0.11463124092136111,-0.1327268640909876,-0.0924839898943901,0.2519787246627467,0.4574980355267014,0.30130151606031824,0.010194867051073484,0.7695472432034356,0.6384801800761905,0.29420372737305506,1.0198238965656077,0.46928013914397787,0.6896853915282658,0.802824297121593,1.0066332093306951,0.928202673792839,0.8188919063125338,0.18843436347586767,0.45899746300918715,0.8736448969159808,0.23666862724348903,0.5863133817911148,0.8591045806450504,0.8318435251712799,0.23104715240853174,0.5887496279818671,0.7063676448804992,0.6282131214226995,0.4031492940017155,0.3504304460116795,0.2649212522166116,0.711711514208998,0.5842447536332267,0.4436412788927555,0.7330632082053593,0.3984104873878615,0.695897809096745
SRR6505571,1,-0.08221734261938504,-0.10960653743573598,-0.08835707125919205,0.012365166630063738,-0.10815247786896569,-0.13023069873452187,-0.08961870029036488,-0.08182629942893982,-0.11948109205280032,-0.11079572194388934,-0.10050406173935958,-0.07349308314067977,-0.12906003530536378,-0.06457229384354182,-0.09742264156895024,-0.13557984972638742,-0.10660868617040771,-0.053588060928242545,-0.15216469658272608,-0.031524679490498135,-0.06394337277327265,-0.09867629621710096,-0.0956452808209828,-0.06077666075101921,0.014602529550237315,-0.04923096991011074,-0.13273049678121293,-0.06839430438620704,-0.07052332907915115,-0.11148269048758916,0.33339787563974305,0.39670026089463917,0.400826444982418,0.07951367140880652,0.8445865490606853,0.5941677136080605,0.13982666496719634,1.1540022726569856,0.49762732642037527,0.6604445299931935,0.8778342657855579,1.0272631645202637,0.8690025859645435,0.7629402950406075,0.18901760230905243,0.5693909653595516,0.7255297686372485,0.1809741109609604,0.5224816639508519,0.7060047101113014,0.7904135755130223,0.10679953438895089,0.655711234680244,0.5972766684634345,0.5663674401917628,0.3566968504871641,0.3240028034363474,0.17552463657089643,0.478868197117533,0.3824128599039146,0.1967928752835308,0.35667293093034197,0.2704312971660069,0.6272947838796037
SRR6505572,1,-0.03625946917704174,-0.11299914813467435,-0.06404129309313637,-0.07405044244868415,-0.0890779479273728,-0.12684917449951172,-0.05973539288554873,-0.11631404475442,-0.10114552546292543,-0.06713877565094403,-0.06984749542815345,-0.1406896976487977,-0.10799930267967284,-0.027967382089367936,0.02655108831822872,-0.07064400879400116,-0.05443259674523558,-0.08940265726830278,-0.1376502173287528,-0.1002769446266549,-0.0013470282512051718,-0.14905670285224915,-0.026380902156233788,0.015152907797268458,-0.00818689659770046,-0.11244669130870275,-0.12254632636904716,-0.10604096150824002,-0.08339083620480128,-0.11371442233212292,0.31403862791402,0.5641429903251785,0.2684454599927579,0.1058400028518268,0.7703175672463008,0.7626463941165379,0.6075010100113494,1.2945210082190377,0.637718851012843,1.1055752113461494,1.1673511735030584,1.1221895473343986,1.2117839506162065,1.0803363876683372,0.37513231406254427,0.5265124216675758,1.380343462739672,0.6255151097263608,1.0459209786994117,1.2608436314123017,1.2821677550673485,0.37009729870728086,0.8624537693602699,0.9191804073218789,0.910411818751267,0.8082017488777637,0.5695266776851245,0.5633626782468387,0.9929120274526733,1.1505780890583992,0.9510557353496552,1.4985966756939888,0.7180727448846612,1.2886823969227927
SRR6505573,1,-0.07566851217831884,-0.1080767996609211,-0.09283580152051789,-0.011855261134249824,-0.10659349137651068,-0.13258962812168257,-0.04455492765243564,-0.08061192623738732,-0.11000330746173859,-0.10773969760962895,-0.1090779762182917,-0.0853932648897171,-0.128255552479199,-0.013969919511250086,-0.06564010041100639,-0.1285085744623627,-0.07777479051479272,-0.04762941598892212,-0.15590716898441315,-0.06567252640213285,-0.06042254875813212,-0.11974136478134564,-0.0843699462711811,-0.056810728407331874,0.00598277071756976,-0.08589931258133479,-0.13664415265832627,-0.037874111107417514,-0.08404968253203801,-0.11620892265013286,0.29321489800765577,0.48007017374038696,0.3812704469476427,0.09443057062370437,0.9407460934349469,0.6591676377824375,0.2492458171078137,1.2756086649107081,0.45046828261443544,0.7604248736585889,1.0114456532256944,1.1542671833719527,1.0190873997552055,0.88991636463574,0.30422809320901123,0.6626552854265485,0.9525346117360252,0.3495865597256592,0.6337623213018689,0.841520746770714,0.9116889366081783,0.1555224061012268,0.8585524197135653,0.7831411896539586,0.6402723118662834,0.5746162641527397,0.5149787760206631,0.34508682627763065,0.7137753005538668,0.59113902172872,0.4177346004705344,0.5080257007586104,0.36159602286560194,0.9345774879412991
SRR6505574,1,-0.08512247806148869,-0.11656822956034116,-0.06373039446771145,-0.0473866659615721,-0.0819184769477163,-0.12944123787539347,-0.053608693714652746,-0.11214181301849228,-0.11064249543207032,-0.06578682469470161,-0.0574998248900686,-0.11524379093732152,-0.11732391041836568,-0.043620990057076724,0.015496910150562013,-0.08540791858519826,-0.0689721517264843,-0.11445814637201172,-0.145480891423566,-0.08129319548606873,-0.00929156584399087,-0.1531629849757467,-0.004198100983298251,-0.024163135460444858,-0.029329924445067133,-0.10890682573829379,-0.12625157779880933,-0.11370937313352313,-0.0988786572124809,-0.10116318826164518,0.31440153398684095,0.5778173868145261,0.27014863890196594,0.0713137537240982,0.7241857317941529,0.7368438520601818,0.5297891928681305,1.20187788775989,0.5900657214224339,1.0511122303349631,1.0931363829544611,1.113636420241424,1.1391091756522655,1.0462354379040855,0.2808742874435016,0.5293171970572855,1.2700842108045305,0.44951299258640837,0.8941875281078475,1.151380999812058,1.2026090334568704,0.3650372379592487,0.8091234107102666,0.8856704429324184,0.7439868380980832,0.7301684884753611,0.5041774415544101,0.5160604364105633,0.9472751042672566,1.0681705858026231,0.8010505492399845,1.3099306204489298,0.6124146421040807,1.097643249801227
SRR6505575,1,-0.09312312943594796,-0.10089290727462087,-0.04844828774886472,-0.006813350532736097,-0.08738450439912933,-0.11766571099204677,-0.026015681879861013,-0.0838472471971597,-0.09543655253946781,-0.07703561069709915,-0.10472084368978228,-0.0867350772023201,-0.1299475740109171,0.007427285558411053,-0.025329394532101496,-0.09405349886843137,-0.05706887426120894,-0.09822432257767234,-0.14398168559585298,-0.09301257612449783,-0.02105404170496123,-0.15163240901061467,-0.03112147588815008,-0.030269517696329525,0.01879547123930284,-0.12212561031005212,-0.12505131268075534,-0.08730356767773628,-0.10815223785383361,-0.13029522129467555,0.35828512175274746,0.6908082025391715,0.3173830340217267,0.055949671796822385,0.9321010650268623,0.7722037370715823,0.4464310482144356,1.3642551678099804,0.5226313988012927,1.0573479511908122,1.224466289792742,1.2371146168027605,1.192062952688762,1.132058784365654,0.35573177970945835,0.6875749759908233,1.3474400724683488,0.579993697149413,0.853189019220216,1.2778278695685523,1.1977582148143224,0.3604777359536716,0.849127899456237,1.0490754917263985,0.807742463690894,0.8516414133565766,0.594900415012879,0.515739318116435,1.0069717999015535,1.0923509065593993,0.7117510203804288,1.1288320337023054,0.6433782210307462,1.2698674287114824
SRR6505576,1,-0.10590296877282006,-0.08047992160676845,0.04815032386354038,0.022394137723105296,-0.10809685476124287,-0.09403934421217335,-0.08073485086710466,-0.07442316190905071,-0.07872985204448923,-0.07053305261901446,-0.09882020098822457,-0.1158595180937222,-0.1198499273242695,-0.020128769001790454,-0.04682739664401327,-0.12181554841143745,-0.08584224565752915,-0.049220153562990684,-0.1320135010672467,-0.1181324805532183,-0.049953333235212734,-0.14010587015322276,-0.043423146242275834,-0.04485804694039481,0.02354574323232685,-0.12551944064242498,-0.09820532851985522,-0.053790917220924585,-0.0732373691030911,-0.1039464824966022,0.47566343152097296,0.7956791796854564,0.47233848593064715,0.10538046634090799,1.0904496141842432,0.9996273794344493,0.55117039169584,1.501618068665266,0.6258234529689487,1.1384493495736803,1.3375381061008997,1.4863922170230321,1.4493476237569536,1.2552104464599065,0.37101258763245176,0.8016949998480933,1.4890317916870117,0.8097460248640606,0.8477251082658768,1.4688913758311952,1.2738409638404846,0.44496181128280504,0.8611843825450965,1.2589099907449313,0.9746027439832687,0.947744077869824,0.770988404750824,0.5902424699493817,1.1855507439800672,1.1527039693402392,0.6570111723350627,1.1726033581154687,0.6483320583190236,1.505133671419961
SRR6505577,1,-0.09720813030643123,-0.10311657802334853,-0.053397769041891606,-0.0889962272984641,-0.10220140032470226,-0.10284534602292947,-0.05825688277504274,-0.09382070255066667,-0.10431227859641824,-0.07112010355506625,-0.06766059568950109,-0.1386647213782583,-0.12349003925919533,-0.026435439607926776,0.01959122291633061,-0.07621087666068758,-0.05907718198640006,-0.08379453021500792,-0.13685863677944457,-0.10732139647006989,-0.02313749651823725,-0.14905288176877157,-0.007134314360363143,-0.024110247514077594,-0.024870106551264013,-0.13483619024710997,-0.11810679627316338,-0.10663138915385519,-0.06942157447338104,-0.12230197473296098,0.37777690243508133,0.618139773607254,0.33013299613126684,0.0901003863130297,0.752866271351065,0.8321294954844883,0.6266588281307902,1.318878105708531,0.6825956386913147,1.2046094707080297,1.2563733884266444,1.198382243514061,1.2272599437939269,1.1761169167501586,0.33081617632082533,0.6230525696384055,1.4457393203462874,0.6995664877550942,1.0379105295453752,1.4400161802768707,1.3166412147693336,0.40812321645872934,0.8696998591933932,1.030310865757721,0.9117189454180854,0.8936950660177639,0.6208983035092908,0.547312811948359,1.0469608392034258,1.2945369737488883,0.9236432186194828,1.5160690184150423,0.6956081240038786,1.3557109981775284
SRR6505578,1,-0.08740407135337591,-0.10805242455431394,-0.050602181415472715,-0.08010007015296391,-0.06971206968384129,-0.10986447014978953,-0.044849576827670844,-0.10906935509826456,-0.11439134805862393,-0.06787226561989103,-0.049025325902870724,-0.13434929294245584,-0.0880528496844428,-0.05445366512451853,0.04814885663134711,-0.06165528616734913,-0.051896918032850535,-0.09102269474949155,-0.14007404765912465,-0.08341875140156065,0.004764731973409653,-0.15028657338448934,0.025526728880192553,-0.006430976092815399,-0.04186158587357828,-0.12255106334175382,-0.11996502775166716,-0.11946938719068255,-0.06112501238073621,-0.10209439056260246,0.3521387992160661,0.6446910234434264,0.3362319671681949,0.101771813418184,0.7278615693960871,0.8483413500445229,0.6563943039093699,1.276953052197184,0.7020469228071826,1.26959528028965,1.24010226556233,1.1769253313541412,1.2804262254919325,1.2236450580613953,0.33991680826459614,0.6327776472483363,1.4819748316492354,0.6043520952974047,1.0490659390177046,1.3803109835301126,1.3049206186884217,0.48233640300376074,0.9044510284438729,1.0051080350364958,0.9083272990371499,0.8863977949534144,0.6597655149442809,0.5785706777657781,1.1039031424692698,1.2596280723810196,0.972049888755594,1.5680185386112757,0.7457756363520665,1.216298436479909
SRR6505579,1,-0.018141801868166243,-0.11647620318191391,-0.02019728666969708,-0.10106254156146731,-0.06681180532489504,-0.11577152939779418,-0.07069265177207333,-0.13607781806162425,-0.07298257680875915,-0.08072050022227424,-0.012254284960883004,-0.13998666831425258,-0.026513289660215378,-0.06851761202727046,0.08771216762917382,-0.03667510354093143,-0.000846507992329342,-0.06563986092805862,-0.12391274528844017,-0.03865411225706339,0.024154781230858395,-0.15062157383986882,0.036806292831897736,-0.006993638617651803,0.0004426495039037296,-0.05652561890227454,-0.1032230800815991,-0.10736509997929845,-0.012457805020468575,-0.00023077800869941711,0.3120044150522777,0.5028101775263037,0.31885395092623575,0.1113670830880957,0.43239048389451845,0.6576892286539078,0.6369045113346407,1.028920265180724,0.7327155108962741,1.1203602217137814,0.8687807385410581,0.9095165452786854,1.010119970355715,0.9264527213360582,0.18295416555234364,0.44264026837689535,1.1746082305908203,0.3183541936533792,0.9955023229122162,1.1192799654922314,1.1217400750943594,0.2962366970522063,0.8141658710581916,0.5912644426737513,0.7890312815351146,0.7310308824692454,0.4518932444708688,0.34435947452272686,0.7438823137698429,0.9812961720994541,0.9037244417413604,1.4087930349633098,0.5533400390829358,0.892964916569846
SRR6505580,1,-0.09754083199160439,-0.0950281819594758,-0.067543163895607,-0.007366988807916641,-0.12791205729757035,-0.1129321834471609,-0.09979296413699298,-0.07381213536219937,-0.09992573210703475,-0.11207834737641471,-0.10823172011545726,-0.09795937806900058,-0.11711329195116248,-0.050854094326496124,-0.09825131988951138,-0.13612521439790726,-0.12290660245344043,-0.029971456421273097,-0.14659457547324045,-0.07148537412285805,-0.09050795861652919,-0.10329329036176205,-0.051426139793225696,-0.06841014857803072,-0.019261818512209823,-0.1150677821465901,-0.10403761054788317,-0.048841857484408786,-0.08563021197915077,-0.09970045196158546,0.33424525654741694,0.44213746807404924,0.4648579124893461,0.049817971885204315,0.8766765370965004,0.7825331602777753,0.23671311885118484,1.187202172619956,0.5308606794902256,0.7827609383634159,0.8625793967928205,1.2053919689995902,0.9723472275904247,0.8406676394598824,0.14040308126381465,0.6559569367340633,0.8864605001040867,0.24431668727525643,0.4866761787395392,0.8632559939952833,0.7640307141201836,0.17643084483487265,0.7304686052458627,0.6553610805422068,0.571709162555635,0.40534837716924293,0.3924806054149355,0.21972160606778093,0.6226526464202574,0.4973529577255249,0.2727478215737002,0.40434891251581057,0.2720615970236914,0.6535171632255826
SRR6505581,1,-0.006382878337587629,-0.1264691757304328,-0.03559146289314542,-0.05076084392411368,-0.0622570240604026,-0.12149005915437426,-0.07978889386036567,-0.14775448026401655,-0.045396822903837473,-0.06627724532570158,-0.0006958086575780596,-0.12724222987890244,-0.05300967315477984,-0.03818865958601236,0.07314644434622355,-0.06478272804192134,-0.02069447921322925,-0.07342035270162992,-0.1189361640385219,-0.055992109434945245,0.020633739552327564,-0.13061262986489705,0.023346693654145514,0.00734034606388637,0.007483795817409243,-0.04430721487317767,-0.09184381951178823,-0.11508349116359438,-0.03554830700159073,0.01141011927809034,0.25561201359544483,0.4304871556482145,0.23457463830709457,0.09080483019351959,0.4294114756797041,0.5847539342939854,0.6072690263390541,1.0784618513924735,0.6719919677291598,0.9232673120817968,0.7803212361676353,0.8384642718093736,0.9700901806354523,0.8333425457988467,0.167092464864254,0.39001312319721493,1.0984954919133867,0.29005164759499685,0.9069881428565297,0.9148702625451344,1.0531999213354928,0.2398272305727005,0.6955459469131061,0.5045352650008031,0.72758820440088,0.6397039256989956,0.3823125681706837,0.32297096827200483,0.650649966938155,0.8994997643998691,0.8599360626456993,1.3795041628181934,0.5787693219525474,0.8303658557789666
SRR6505582,1,-0.0873300236250673,-0.10769223900777954,-0.08777885138988495,-0.08907010193381991,-0.09736026796911444,-0.11646837847573417,-0.059321898917135386,-0.09835703537932464,-0.1192408362403512,-0.06633691383259636,-0.08150362755571093,-0.12940129957028798,-0.13878046082598822,-0.01998133451810905,-0.013604494077818734,-0.08820885313408715,-0.07618253731301852,-0.1006441478218351,-0.15076362235205515,-0.10293220921552607,-0.0020657831004687716,-0.14903526221002852,-0.029442899993487766,-0.02701821816819055,-0.02606918290257454,-0.13964565524033137,-0.12657232263258525,-0.11117678880691528,-0.10670603731913227,-0.12472823608134474,0.3322341101510184,0.6065630444458553,0.3225523297275816,0.061495878866740634,0.7837731923375811,0.7891101666859218,0.5341626554727554,1.3206371750150407,0.6357116081884929,1.0836152562073298,1.2478086948394775,1.19447560608387,1.2619585948331016,1.1016510959182466,0.3414941520563194,0.5660734607705048,1.399464990411486,0.6301751573170934,0.9329954258033207,1.2522975451179914,1.287571475974151,0.379502745611327,0.8421837240457535,1.0268309743010573,0.7952726265149457,0.8140033680413451,0.5741488039493561,0.5329298770853451,1.0379003467304366,1.2115783925567354,0.8703951239585876,1.4173140206507273,0.6469839917761939,1.2760607174464635
SRR6505583,1,-0.06198259230170931,-0.11844019006405558,-0.07294056644397122,-0.06876613412584577,-0.10167027424488749,-0.12505729815789632,-0.06664539873600006,-0.1123068207608802,-0.10637090701077666,-0.082480467323746,-0.06826702931097575,-0.12873352319002151,-0.12316489326102394,-0.03441316607807364,0.009371726640633174,-0.07020819995419256,-0.05789364076086453,-0.0969962083867618,-0.13797282533986227,-0.07891811324017388,-0.0055448269205433985,-0.15029752041612351,-0.006874078618628638,-0.021563372441700528,-0.023635873437992165,-0.11809643783739635,-0.12183965795806476,-0.11339263904041477,-0.08242546578782951,-0.10406588237466556,0.3163990687046732,0.5010246304529054,0.28234515339136124,0.04779813119343349,0.6470511278935841,0.666393267256873,0.5366234284426484,1.2014226359980447,0.6273293915603843,1.0475192687341146,1.0708339725221907,1.0994436581219946,1.086172948458365,1.0544971344726426,0.3064691478253475,0.4903092900557177,1.1998794504574366,0.5350569784641266,0.9795444096837725,1.1842745446733065,1.194001939679895,0.3066998209272112,0.7698295337281057,0.8291392544550555,0.7852665707468987,0.7303474255438361,0.4847970636827605,0.39740654826164246,0.8353884294629097,1.0895670077630453,0.8917969103370395,1.4092610606125422,0.5682845349822726,1.1060431408030647
SRR6505584,1,-0.06973423542720932,-0.11836248556418079,-0.04034953484577792,-0.06564270279237203,-0.06996976584196091,-0.1246684869485242,-0.06057167878108365,-0.11472016892262868,-0.09055096975394658,-0.062054961919784546,-0.033008302961077006,-0.1425370637859617,-0.10358867049217224,-0.04058570201907839,0.030341386795043945,-0.0573813659804208,-0.038838268956169486,-0.07265397533774376,-0.12443385007125991,-0.09507112843649727,-0.003923210714544568,-0.14651320768254145,0.00022328831255435944,-0.028039262763091495,-0.009282987830894334,-0.0867096558213234,-0.1126336742724691,-0.10440909011023385,-0.05406831417764936,-0.10050010308623314,0.3160970913512366,0.5255342785801206,0.2733810895255634,0.0941254086792469,0.6682452178959336,0.7259626651315817,0.5928718075156212,1.222488773720605,0.6194547340273857,1.0306160960878645,0.9810562091214317,0.991216605263097,1.107003927230835,1.0438694964562143,0.28116086018936975,0.5703814844600856,1.250029674598149,0.5239296065909522,0.9687515263046537,1.24965365337474,1.1724019476345606,0.31284494804484503,0.7514924598591668,0.7778910612645892,0.8468783636178289,0.8063892820583922,0.469308791416032,0.4232941333736692,0.7966250447290284,1.0279333570173808,0.8587146731359618,1.458066021225282,0.6271540735449109,1.1226167849131994
SRR6505585,1,0.0016799590417316981,-0.12374689536435264,-0.017510633383478438,-0.06946805651698794,-0.05315834257219519,-0.11331086446131979,-0.08324593305587769,-0.14069000285651004,-0.06708563970667976,-0.07812742250306266,-0.016055886234555925,-0.13881113699504308,-0.04578677538250174,-0.065432180251394,0.0942570507925536,-0.03663478312747819,-6.818984236036028e-05,-0.06800486998898643,-0.13481712021997996,-0.04229465579347951,0.04032440483570099,-0.14921422089849198,0.036484726305518834,-0.0068291234118597844,-0.010278417329703058,-0.04371868589493845,-0.09339709420289312,-0.10350483336618968,0.014551613014191389,0.010402507813913482,0.30315744451114107,0.4495797487241881,0.3102546376841409,0.12249609615121569,0.4210128736283098,0.6561288740485907,0.6316079257854393,1.024391429764884,0.73198455412473,1.112986156983035,0.890173648084913,0.9423558807798794,0.9997815830366952,0.9217652771621943,0.22922571429184505,0.4195895418524742,1.1489050132887704,0.35346156465155737,1.019646294414997,1.0675530646528517,1.143942586013249,0.2600157686642238,0.8410650534289223,0.5712724744475314,0.7701702197747571,0.7359169604522842,0.5192481577396393,0.36503227055072784,0.7295052797666618,0.9886103400162288,0.9575780462473631,1.4716871434024401,0.544538372063211,0.8825725551162448
SRR6505586,1,0.02375692129135132,-0.1159258306558643,-0.008136371682797159,-0.07526881620287895,-0.04896858174886022,-0.107945267111063,-0.08890768246991294,-0.13825911576194422,-0.07927515996353966,-0.05801025352307728,-0.013821502881390708,-0.1351128795317241,-0.0745890380016395,-0.03087930753827095,0.0751606606479202,-0.056961984506675174,0.03535356220423377,-0.07839699302400861,-0.11921544698998332,-0.03903011924454144,0.0169542809682233,-0.13877665304711886,0.01537940970488957,0.0073287274156297955,0.007145123556256294,-0.016810958672847067,-0.08610843281660761,-0.10847503239555019,0.0016515815098370825,0.0038182432098048075,0.24377655131476267,0.3610630529001355,0.27967220544815063,0.08031995488064629,0.42935843552861896,0.6031564766807216,0.5240189848201615,0.9473666953189033,0.583517641893455,0.904716242636953,0.7205605932644435,0.8535385397928101,0.8608102372714451,0.8294635111732143,0.15623645910194942,0.3312876240483352,0.9106359311512539,0.23638407302288605,0.8702983292085784,0.9001302389161927,0.9769173679607255,0.1880169798220907,0.716440315757479,0.45479766705206465,0.6637012020551732,0.5329142710460084,0.3322381635329553,0.20664414231266295,0.6255802128996167,0.79739846182721,0.8001585014696632,1.2974273920325297,0.4819157671715532,0.7142341583967209
SRR6505587,1,-0.09470888626362596,-0.08592369340892349,-0.03563535852091653,-0.07806734341595854,-0.1062076844807182,-0.10735700472391077,-0.06282211466376404,-0.07349688253764596,-0.08510566309892706,-0.08596414354230676,-0.09411413754735674,-0.12071742968899864,-0.13087999514703239,0.01408077244247709,-0.014914852833109242,-0.10770530572959355,-0.06260065335248198,-0.07449681032449007,-0.1321107361997877,-0.11543976355876241,-0.044791191550237794,-0.1402506743158613,-0.02350074950871723,0.0002475024334021977,0.013404770687754666,-0.12164324921156679,-0.10541039758494922,-0.06128171964415482,-0.07376434760434288,-0.13085364497133664,0.41394457859652384,0.7855098822287151,0.44363716670445036,0.07065788390380996,1.0840939325945718,1.0242551671607154,0.7042227185198239,1.5225361351455962,0.6529150339109557,1.2779111138411932,1.4368461455617632,1.4697609458650862,1.3835153920309884,1.2791607252189092,0.3915668087346213,0.8299814430730683,1.6871437685830253,0.8740305943148476,1.1553365119865961,1.7157091772449868,1.3763631241662162,0.45119423419237137,0.9813117597784314,1.2942800197218145,0.9868949353694916,1.0523865999920028,0.8382753755764237,0.6795600402568068,1.1034627418432916,1.3351729224835123,0.8551206985222441,1.3161566108465195,0.7311887517571449,1.6409010333674294
SRR6505588,1,-0.09011597771729742,-0.09090772883168288,-0.08033898419567517,-0.06979772874287196,-0.11201586308223861,-0.12041635212621518,-0.05667693665184613,-0.08246627822518349,-0.10000883002898522,-0.08194019193095821,-0.0884787238069943,-0.12403376081160136,-0.13377336492495878,0.0036427941439407213,-0.017018364925336624,-0.08117961298142161,-0.07016094960272312,-0.0859980842630778,-0.14332254763160432,-0.10000856872648001,-0.01540295806314264,-0.14979955021824157,-0.022742036463958875,-0.015772506594657898,0.005778838348175798,-0.12801333250744001,-0.12140292621084622,-0.07880518984581743,-0.11127348483673163,-0.13637892582586833,0.3809047442461763,0.6827428809234074,0.3471547599349703,0.06175904029182026,0.9310645833611488,0.8957427356924329,0.6053986772894859,1.3567400776914187,0.5981913387243237,1.166254426751818,1.2601384265082223,1.3562300503253937,1.2937556696789605,1.176464747105326,0.3565994990723474,0.7516864527549062,1.532163339001792,0.7103488104684013,1.018098961029734,1.4523642222796167,1.2663209539438998,0.3806202664439167,0.869733818939754,1.09998776444367,0.8897840944784028,0.9273909777402878,0.6837403228772538,0.5812932247562068,1.037701923932348,1.1937087156942912,0.7489099917667252,1.2681511385100228,0.6467101669737271,1.3749747502484493
SRR6505589,1,-0.0804385808961732,-0.10694851566638265,-0.036775252648762295,0.09715258942118712,-0.1088827664830855,-0.13186435188565934,-0.10367589869669505,-0.0858030349814466,-0.11520841079098838,-0.10886454369340624,-0.10648811981081963,-0.052948983652251105,-0.14117302639143808,-0.003201044031551906,-0.10562537357743297,-0.14591662479298456,-0.11408834691558566,-0.06357271171041898,-0.1495220469576972,0.0548140284206186,-0.07015712383352886,0.023433006767715727,-0.08229473233222961,-0.05185845707144056,0.09303163045219012,-0.08803826201307986,-0.099806351054992,-0.04379735141992569,-0.07285070765231337,-0.06985068055135864,0.1247281480048384,0.3737672971827643,0.41596887367112295,0.02122484605726121,0.8655136706573623,0.5657395459711552,0.17092065193823405,1.0669143008334296,0.35461773191179546,0.3590985004390989,0.7265478798321315,0.9277029378073556,0.9213844276964664,0.6434686762679901,0.15477504767477512,0.41174411454371046,0.678946145943233,0.16508973842220648,0.43825807315962656,0.7449126499039787,0.5908848057900157,0.04996210549558912,0.6247427511428084,0.48696435721857206,0.5110067895480565,0.23255256124372994,0.3658440884734903,0.16142121755651065,0.48777721769043375,0.2158380640404565,0.24461337072508677,0.2822847520666463,0.24440709109018957,0.5208927744201252
SRR6505590,1,-0.07498276233673096,-0.13635695512805665,-0.12828797208411352,-0.037944697375808446,-0.0994650543600853,-0.14849210956266948,-0.1163863827075277,-0.1264795453420707,-0.11060602750097003,-0.10088168191058296,-0.08451466688088008,-0.09253797307610512,-0.1666936448642186,-0.06730177200266294,-0.055754274662051885,-0.11703686841896602,-0.07703766226768494,-0.10106060707143374,-0.15644054966313498,-0.020423122814723423,-0.0498024257166045,-0.13751175999641418,-0.045792904981811135,-0.026347256132534573,-0.033728571475616524,-0.0855643195765359,-0.10428826830216817,-0.10279327108790833,-0.12709813458578928,-0.07365555855046425,0.20388889499008656,0.35448602706726107,0.3080246379332883,-0.002363874576985836,0.6382554024457932,0.6363723075815609,0.34558420947619845,1.045588770615203,0.5049408615699836,0.75806839125497,0.8514573361192431,0.9492518433502742,0.8769324315445763,0.7991254861865725,0.17455818291221345,0.4194381104898639,0.8837485866887229,0.2308479334626879,0.7084760282720838,0.9260070371840682,0.9076691344380379,0.13065968693367072,0.679235648896013,0.5699626747518778,0.5932279213198594,0.4252844197409494,0.35234598176819937,0.22239785375339644,0.5864905193448067,0.5453185864857265,0.5314053504594735,0.7549997568130493,0.3348215680037226,0.65288664826325
SRR6505591,1,-0.0925192441791296,-0.10831798293760844,-0.0506832982812609,0.07112008732344423,-0.11826020425983838,-0.1311048769525119,-0.10576533739055906,-0.0864974485178079,-0.11830123567155429,-0.10295169108680316,-0.10487830213138036,-0.0600799774484975,-0.14556608561958587,-0.00041167650903974263,-0.09626050187008721,-0.13996169237153872,-0.10921048585857664,-0.08159822012696948,-0.1502569637128285,0.04695828365428107,-0.07236857871924128,0.005571857626949038,-0.06994340568780899,-0.04389354693038123,0.06440437185977187,-0.09987832293180483,-0.10103452099221093,-0.06433947065046855,-0.08386110461183957,-0.08026949209826333,0.13125873569931304,0.340903035231999,0.3940983869667564,0.01609665248543024,0.8069255910813808,0.5679173881716062,0.16704422661236354,1.0772610157728195,0.3681558296084404,0.37213933787175585,0.7701642635677542,0.8962286455290658,0.9071771779230663,0.6775872047458377,0.1517922841012478,0.401205936513309,0.7253967182976859,0.192633977558996,0.4691234124558313,0.7487463791455541,0.6189479801271643,0.062419380992650986,0.6151808606726783,0.498296761353101,0.49476597032376696,0.28042852798742907,0.34196194101657185,0.18295501678117684,0.5324075530682292,0.2976688863709569,0.29424864133553846,0.3523874953389168,0.2756254630429404,0.5737950918929917
SRR6505592,1,-0.02762340395046132,-0.10680369354252305,0.05310996728284018,0.21262423188558646,-0.09027860054214086,-0.12016183623511877,-0.0961882523926241,-0.07138274583433356,-0.11007069144397974,-0.11511176185948509,-0.09840676986745425,-0.06832029244729451,-0.12319036892482213,-0.0051816510302679876,-0.09716589549290282,-0.14966928852455957,-0.12111855963511127,-0.015188493632844515,-0.14482294395565987,0.1017138244850295,-0.05675599737099089,0.0785966172282185,-0.10961264744400978,-0.04180978823985372,0.17751533378447806,-0.0518484003841877,-0.0592235050031117,-0.029321125043290003,-0.020293584891727993,-0.03402153934751238,0.16744752175041608,0.34490503477198736,0.46499500423669815,0.029633958957024982,0.8417480609246663,0.5355357793825013,0.14915564017636435,0.9693642918552671,0.3881547951272556,0.33491600225014345,0.5639737120696476,0.8341087102890015,0.810635215469769,0.5332192725368908,0.08294621908238956,0.3957391743149076,0.4965321517416409,0.07392924638198954,0.34326830612761633,0.6259217581578663,0.46321300523621695,0.03014849764960153,0.5407288542815617,0.3813101832887956,0.4730939801250185,0.09366031363606453,0.30829423160425257,0.09216432912009102,0.3601671776601246,0.12284367637974876,0.1339462867804936,0.13952050943459784,0.14338515592472895,0.3435354389200386
SRR6505593,1,-0.020397245351757323,-0.12290715851954051,-0.036502311272280555,-0.0432038971089891,-0.06855895467223101,-0.13959145013775145,-0.06881245598196983,-0.1349024134022849,-0.08210413131330695,-0.0852313834641661,-0.05563405475446156,-0.1311717118535723,-0.09924841672182083,-0.04959992665265288,0.03651676805956023,-0.0619318030242409,-0.01331907750240394,-0.09080981835722923,-0.14236970778022492,-0.038637367210217884,0.003652311861515045,-0.15398253500461578,0.0014957365180764879,-0.017423555254936218,-0.0166450206722532,-0.07555477746895381,-0.11467248307807106,-0.11104844829865865,-0.07562265864440373,-0.06197879250560488,0.28833940625190735,0.45133625875626293,0.2863283029624394,0.060920464141028266,0.572382855628218,0.619936215026038,0.5815877515290465,1.1349646406514304,0.6446939664227622,1.0297806901591164,0.9721096796648843,1.0008827543684415,1.0412270722112484,0.972745877291475,0.2581618832690375,0.4603211919644049,1.141995600291661,0.391709708741733,1.0418338403105736,1.1414700065340315,1.1607960111328535,0.24703058387551988,0.8077598905989102,0.6931511349976063,0.7818171552249363,0.7075240910053253,0.5124828368425369,0.39232821443251203,0.7387981446725982,0.9759802179677146,0.8436537725584847,1.3708559141627379,0.551964130784784,0.9985368970249381
SRR6505594,1,-0.09972733658339296,-0.1001160554587841,-0.1169466444324436,-0.09760231950453349,-0.11867919670683998,-0.1221020839044026,-0.10561848212299603,-0.08453085486377988,-0.11192769982985087,-0.10700272076896258,-0.11565397892679487,-0.11117855938417572,-0.13568489785705293,-0.06164739280939102,-0.07949194950716836,-0.12908519059419632,-0.12147812625127179,-0.05031207895704678,-0.15600734736238206,-0.10817206451403243,-0.06961868916239057,-0.13476301836115973,-0.07988813892006874,-0.07140178659132548,-0.011211364729596036,-0.09622316754290036,-0.11533657993589129,-0.06966335752180644,-0.10873012218092169,-0.10273430815764836,0.3615342102545713,0.5757830749664988,0.39501227332012995,0.052047641415681155,0.9216600180204425,0.8328928511057582,0.3705750373857362,1.2032091072095292,0.6023166669266564,0.8787458113261631,1.008310045514788,1.2956561020442419,1.1724196438278471,0.906408143895013,0.21181053668260574,0.6268042496272496,1.1918433819498335,0.4273036281977381,0.6909737267664501,1.0392548362059253,0.974250750882285,0.2420984793986593,0.7799546825034278,0.8087499816901982,0.7189438647723624,0.5611984447709152,0.49029272608458996,0.3769461148019348,0.7456459222095353,0.717276605045689,0.4310668191340353,0.6579519169671195,0.3580017643315451,0.9422897212207317
SRR6505595,1,-0.0666934573756797,-0.079708014481834,-0.07680632054273571,-0.029201141957725798,-0.11298296840063163,-0.12094999304307359,-0.049711949464316216,-0.0679343013824629,-0.1047171530579882,-0.08627692343933242,-0.1136631683579513,-0.09057324592556272,-0.1301040794434292,0.041168378932135444,-0.06304538249969482,-0.09687887664352145,-0.05578944991741862,-0.0760908181920448,-0.1483249068260193,-0.08152472680168492,-0.016160672264439718,-0.14288618309157236,-0.002831851930490562,-0.009005068668297358,0.0214621514148478,-0.09804530388542584,-0.11809524095484189,-0.027619306530271257,-0.1083139745252473,-0.12348605585949761,0.38511961911405834,0.6849537140556744,0.3965214416384697,0.10864246955939702,1.1138812936842442,0.9159312410546201,0.4965653027424456,1.412144853600434,0.5373751095363072,1.1090683660336904,1.3197627833911352,1.4870268872806005,1.3134265691041946,1.258004571710314,0.460104979042496,0.822949788400105,1.4736716321536474,0.7364732963698251,0.9611388189452035,1.4033634243533015,1.2836282679012843,0.33450756275228094,0.9502001064164298,1.1715189005647386,0.8367120272346905,0.8752704965216773,0.7504706668800541,0.5818081621878913,0.9859630476151194,1.0456833304571254,0.6306737262223449,0.9466823254312787,0.5481369027069637,1.388198574738843
SRR6505596,1,-0.10285142356795925,-0.10097650411937918,-0.07904241659811564,-0.04004651574151857,-0.1056955275791032,-0.12376174689935786,-0.08493471453298948,-0.08717908364321504,-0.10397488863340446,-0.08436510365988527,-0.08486041320221764,-0.08678375024880682,-0.14091279996292932,-0.049023943287985663,-0.06102347959365163,-0.10845869619931493,-0.08678409244332995,-0.10537997952529363,-0.14572034563337052,-0.07971697673201561,-0.04332736134529114,-0.13748834495033538,-0.014331110353980745,-0.037288199444966655,-0.021079662655081068,-0.1112570044185434,-0.1224868723324367,-0.09030738898686,-0.10883415383952004,-0.10725524419519518,0.31995879699076923,0.5923470620598111,0.3585386968084744,0.033630731515586376,0.877543066229139,0.8455604804413659,0.41556238383054733,1.217416464949825,0.5536944693220514,0.9029368566615241,1.0758018067904882,1.2657746587480818,1.1249452424900872,1.0176966765097208,0.25651623734406065,0.5916144379547664,1.2287670969963074,0.4420256231512342,0.7176938674279622,1.1398769680942809,1.1076291331223078,0.29360795127493994,0.7489422777933734,0.8747148976794311,0.7155982883913177,0.6394422543900353,0.4970631922728249,0.4426848611661366,0.8529070147446224,0.8363411032727787,0.5343897358647415,0.8988031425646373,0.47210144251585007,0.9909319771187646
SRR6505597,1,-0.016545782131808146,-0.11340791838509696,-0.018425259739160538,-0.10104016940957601,-0.07553992154342788,-0.10644612773986799,-0.0857969910970756,-0.1365403397274869,-0.06255499699286052,-0.05772923891033445,-0.02834341994353703,-0.14936812222003937,-0.03733756020665169,-0.02799946255981922,0.08900420154844012,-0.016449088230729103,0.03673551085272005,-0.06336530723742076,-0.12044630758464336,-0.05244224039571626,-0.0031551005584853037,-0.14014161165271485,0.07165936966027532,-0.0042284173624856135,0.014991074933537416,-0.024709388613700867,-0.08205554421458926,-0.12252187289829765,0.03504498662160976,-0.02905858414513724,0.3172462678381375,0.469019461955343,0.308817165770701,0.11699042096734047,0.41496591376406805,0.6726139209100178,0.6475265079310962,1.0042138206107276,0.7377465260880334,1.1564420238137245,0.9242324233055115,0.9563456294792039,0.9557817322867257,0.9245854221018297,0.2038407368319375,0.43467328803879873,1.1806033721991949,0.3626043221780232,1.050086728164128,1.164186634921602,1.2009551972150803,0.23381985617535456,0.8403224157435554,0.615022541156837,0.7528911296810422,0.7694989134158406,0.4719359448977879,0.3516519601855959,0.7673241416258472,1.1076132112315722,0.9840280184788364,1.5316837110689707,0.6107569885041032,1.0410143626587731
SRR6505598,1,-0.11452704242297582,-0.10630905282284532,-0.0018214326617973192,-0.07422790676355362,-0.10386069864034653,-0.09527194613058652,-0.08120150614247125,-0.10102925283302154,-0.08919928502291441,-0.03920991452676909,-0.061878048947879245,-0.13612054927008493,-0.12717108987271786,-0.040264014420764785,0.003118476165192468,-0.07149081637284585,-0.03715733651603971,-0.06873549933412246,-0.12018639275005885,-0.13203782801117217,-0.04946325932230268,-0.13872258897338594,-0.017001851994012083,-0.00830413999834231,0.0049189482150333265,-0.11221198631184441,-0.103716001446758,-0.08866666975830283,-0.03029225766658783,-0.11890686170331069,0.36059597853038994,0.6962615794369152,0.3379721561712878,0.1208365900175912,0.890498623251915,0.9067361269678388,0.6337606342775481,1.3195993602275848,0.5663269720971584,1.152100343789373,1.2065367911543166,1.275876202753612,1.2274096421897411,1.0683904162475042,0.32494494930974077,0.5946443323045969,1.5231443899018424,0.6207298380987984,0.9129209113972527,1.4431226221578461,1.270428323053888,0.3744021249668939,0.8617119852985654,1.0042269288429193,0.8915413650018829,0.8694145843120558,0.5977254627006394,0.566129053809813,1.163638245846544,1.1703363859227724,0.8849312365055084,1.392440757581166,0.7537799727703843,1.3655466032879693
SRR6505599,1,-0.10319989866444043,-0.1144609877041408,-0.12991832941770554,-0.0962630592818771,-0.11935583009783711,-0.13383891539914267,-0.09906729656670775,-0.1045731883496046,-0.12553670789514268,-0.10327451569693429,-0.10292386157172066,-0.11832177745444435,-0.15696680332933152,-0.05304804178220885,-0.05525322790656771,-0.12324701169771808,-0.10526557905333382,-0.1072084635462878,-0.15548019856214523,-0.10878339196954455,-0.0679768483553614,-0.1351491936615535,-0.06743624487093516,-0.04607234223346625,-0.023755965222205435,-0.1077307579772813,-0.12407455433692251,-0.0897249701832022,-0.13797716796398163,-0.1112842650285789,0.2700883134135178,0.5613979057941053,0.33597581940037863,0.04970929944621665,0.88880626644407,0.7979761511087418,0.37865142204931806,1.2083416631711381,0.5231264818991933,0.7964282972472054,1.025281744343894,1.1652909474713462,1.130357755081994,0.9013434989111764,0.25425481610000134,0.515909201332501,1.1845263753618513,0.42230442059891565,0.7288615533283779,1.0456585801605667,1.0280711608273643,0.2124704590865544,0.7443787910576377,0.7622394048874932,0.7152013491306987,0.5866740005356925,0.4790866676817781,0.41532300119953497,0.8154476072107043,0.8047198898025921,0.551131434738636,0.850522198847362,0.4534017209495817,0.9842077025345394
SRR6505600,1,-0.09216255275532603,-0.11341045743652753,-0.10750606230327062,-0.09547828350748334,-0.11134354850011212,-0.1315505834562438,-0.09431140311062336,-0.1053469968693597,-0.11232616539512362,-0.09597264762435641,-0.08495882047074181,-0.1358315008027213,-0.15050949582031795,-0.05665522255003452,-0.018463762743132456,-0.09148687017815453,-0.07730255967804364,-0.10960579344204494,-0.15065112284251622,-0.08911733595388276,-0.04119380297405379,-0.15173941318477904,-0.039009341703993936,-0.05109418662531035,-0.032791217256869586,-0.09925258798258645,-0.12157680253897395,-0.10303667773093496,-0.10079137631691992,-0.11447999094213758,0.33734187789793524,0.5513513854571751,0.371636194310018,0.05053196421691349,0.7328979266541344,0.7749212602419513,0.5584201685019902,1.1739562451839447,0.6208338005734342,1.0998655259609222,1.0633481655802046,1.2029373858656203,1.041163255061422,1.029178717306682,0.26042578369379044,0.558205958455801,1.2588909438678197,0.4694794054542269,0.9388558779444013,1.2523691792573248,1.1484235471912794,0.27889274273599896,0.7886403458459037,0.8001893029681274,0.8029589557221958,0.7631607098238808,0.5487877971359661,0.4026170271847929,0.8057586763586316,0.9700669784631047,0.7129488582057613,1.0976789253098624,0.46225074040038244,1.044215249163764
SRR6505601,1,-0.09677639550396375,-0.09088432309882981,-0.06397633467401777,-0.06140141721282687,-0.07759644463658333,-0.12604700853782042,-0.07450289929485214,-0.08367951320750373,-0.1010092060480799,-0.0912504116339343,-0.11470783628257257,-0.10107163552727018,-0.12607371008821897,-0.03254928546292441,-0.04291386104055813,-0.12292379353727613,-0.07827420376374253,-0.030551571931157793,-0.1560129395553044,-0.08493099734187126,-0.05866648469652448,-0.15260800399950572,-0.04244662235890116,-0.0910493231079142,0.04099442024848291,-0.08031815689589296,-0.1066711356065103,-0.07074176152569375,-0.10173035732337407,-0.10977449800286974,0.5054611272976867,0.7628584850047316,0.44354603971753803,0.09604738120521818,1.058089962495225,0.8612150730831283,0.4365106723936541,1.4467034148318427,0.6604173609188625,1.1186586043664388,1.1890460380486079,1.343895094735282,1.3579848174537932,1.076992457466466,0.31250254969511715,0.8344713641064507,1.4776024775845664,0.5587677317006248,0.8676998828138623,1.2571629429502147,1.2200711837836675,0.3802494427987507,0.9771468383925301,1.0602063281195504,0.8001172441457,0.8605237773486546,0.7063919210008213,0.6001527937395232,0.9218580765383584,0.9504442970667567,0.5904300502900567,0.835786949310984,0.5195270563874926,1.3630399576255254
SRR6505602,1,-0.1204419955611229,-0.10371799500925201,-0.04903991201094219,-0.10906380494790417,-0.07722708503050464,-0.1076923640710967,-0.04063037337203111,-0.11057454666921071,-0.10854014701076917,-0.06456950839076724,-0.07373830463205065,-0.11765204749203154,-0.05892027435558183,-0.05969900770911148,0.03655844394649778,-0.04318479874304363,-0.024973356298037937,-0.10598052213234561,-0.1337663403579167,-0.05982999077865055,0.008105563265936715,-0.1526020307626043,0.011183834102536951,-0.0002966736044202532,-0.03219004806929401,-0.13046470044979028,-0.1267207499061312,-0.11617352653826986,-0.05519871200834002,-0.08582203941685813,0.3464032049689974,0.7108671654547963,0.24890287114041193,0.11708362932716097,0.76031522665705,0.905974343419075,0.6396170061613832,1.1634088775941305,0.6625861078500748,1.2094451114535332,1.3019366264343262,1.1591681646449226,1.2285111525229044,1.201458494578089,0.2921216147286551,0.6000841520726681,1.4221293245043074,0.5950261950492859,0.9200963207653591,1.378449732703822,1.2946471382331635,0.46427606365510393,0.9369106282080922,1.0461687251393283,0.8547723873385361,0.8691543276820864,0.5581627035779613,0.6469685664134366,1.2485127278736659,1.2873193323612213,0.906978571820738,1.5127290104116713,0.7612136084187243,1.267896474472114
SRR6505603,1,-0.1225510702601501,-0.10794530941971711,-0.03565397645745959,-0.0811317586838933,-0.0878927931189537,-0.11446384806185961,-0.0708862404239231,-0.09902964512418423,-0.09998979791998863,-0.07196334483368057,-0.07901104007448469,-0.11984250268765859,-0.13272939303091594,-0.07591274912868227,-0.01929032084132944,-0.0797772732829409,-0.05961277038191578,-0.09574489135827337,-0.1365764311381749,-0.09802402316459588,-0.04611399610127721,-0.157851656632764,-0.03808751529348748,-0.03912265545555523,-0.023412125717316355,-0.11400482377835683,-0.12105449501957212,-0.10061343839125973,-0.0873303445322173,-0.10134943361793246,0.37766280450991224,0.7064109551055091,0.3251569483296147,0.06922934842961175,0.8222843536308834,0.9014993735722133,0.579994506069592,1.2369414546660014,0.6280688888260296,1.0991313170109476,1.1918734950678689,1.1648718544415064,1.2050694205931254,1.1099635671292032,0.26518253662756514,0.6259096541575023,1.372858933040074,0.5777144942964826,0.8031966196639198,1.342897569494588,1.1710846764700753,0.41571008414030075,0.8091840147972107,0.9898529680711883,0.8277752048202923,0.8750283789954015,0.5536421482850399,0.5817230620554515,1.0877949531589235,1.0938506977898734,0.7154756175753262,1.1773100729499544,0.630463964172772,1.2235778304083007
SRR6505604,1,-0.12288384458848409,-0.09592633454927377,-0.02327010141951697,-0.10011937628899302,-0.06107378704473376,-0.09583733932647322,-0.02373749205227276,-0.10148903394916228,-0.1061464900017849,-0.057823557938848226,-0.06826266114200864,-0.1065642556973866,-0.07142871844449214,-0.07788989147437471,0.028036663308739662,-0.03533407407147544,-0.04390177343572889,-0.11142729302602154,-0.1347385442682675,-0.03544998914003372,0.017534678535802022,-0.15237844841820852,0.03909119837252157,0.015548268865261759,-0.05789255236075925,-0.12939185808811868,-0.12321183830499649,-0.09795377616371427,-0.05663759793554034,-0.07483507373503276,0.34744054584630896,0.7579128965735435,0.24059064047677176,0.10966386326721736,0.8651973477431706,1.0430407779557365,0.6057500692882708,1.1680852238621031,0.6261128235076155,1.2161685430577822,1.4055440149136953,1.1697248284305846,1.344968633061009,1.2358885226505143,0.3430767474429948,0.6338332460394928,1.5011124440601893,0.6987744335617337,0.825022605913026,1.3997218725936753,1.2919930049351283,0.5347689938332353,0.9163849843399865,1.1260027587413788,0.7968251457703965,0.8924716508814267,0.5906644708343914,0.698349115039621,1.3541095788989748,1.3077131169182914,0.8565032242664269,1.4973918071814947,0.7736902284835067,1.2879547625780106
SRR6505605,1,-0.07401905634573527,-0.11836042787347521,-0.09328970206635338,-0.07849280536174774,-0.09680399511541639,-0.13186744281223842,-0.08896981179714203,-0.12376164006335395,-0.11488746106624603,-0.07131300494074821,-0.06029958065067019,-0.13560819253325462,-0.13499306035893305,-0.04478056675621441,0.01675232233745711,-0.07666169692363058,-0.05835368697132383,-0.09813023544847965,-0.14302290230989456,-0.09316461533308029,-0.02084480651787349,-0.14313265681266785,-0.020363469208989824,-0.03753736402307238,-0.03244779338794095,-0.08923716310943876,-0.1142584654901709,-0.1205451994069985,-0.10735892610890525,-0.08960298023053578,0.2997701418186937,0.49946208936827524,0.2609196337206023,0.0734518404517855,0.6391740776598454,0.6918534263968468,0.5044260163392339,1.1925657881157739,0.6300385724753141,0.9349851789219039,1.0557025841304235,1.0077513956597872,1.1000869859542166,0.9375433389629636,0.26934563368558884,0.47186760338289396,1.2205316764967782,0.44059779388563974,0.8793422494615827,1.082459700426885,1.1556438324706895,0.28577508138758795,0.7563147015337434,0.7954955239381108,0.7592903439487729,0.6745148479406323,0.4449219065053122,0.4134114922157356,0.8654109580176217,0.9963204626526151,0.8144704614034188,1.3131511530705862,0.5987526691917863,1.0472722734723772
SRR6505606,1,-0.09157621434756688,-0.10867757563080106,-0.10830310093505043,-0.033213668768959384,-0.14394734799861908,-0.12866416972662723,-0.10552998489168074,-0.09034067325826202,-0.10676218356404986,-0.1175861731171608,-0.1232558133612786,-0.12288544965641839,-0.12409216697726931,-0.024780242570808957,-0.06584869484816279,-0.12748076553855622,-0.12482903738107,-0.0936504038316863,-0.14099118965012686,-0.059483246345605166,-0.08920589036175183,-0.053692060123596876,-0.07862151946340289,-0.02335300695683275,0.008297845721244812,-0.12003382508243833,-0.1141701228916645,-0.08339928090572357,-0.07909601181745529,-0.08319042410169329,0.16198492795228958,0.34769829149757114,0.43534074923289673,0.0028521610157830374,0.672778246658189,0.5964246424181121,0.12451749993488193,1.0631803476384707,0.38004982471466064,0.5563253834843636,0.7308784340109143,0.9370118294443402,0.7979901794876371,0.6699033693543502,0.053825167672974725,0.476371873336445,0.665190227329731,0.2212796684886728,0.42135279519217356,0.6578515640326908,0.5769630106432098,0.033027461264282465,0.5403295648949487,0.5156538592917579,0.38180784987551825,0.2939686016512236,0.2684182631117957,0.20313770323991776,0.4663048487688814,0.4308440036007336,0.23692001615251815,0.3927404380270413,0.1802853923290968,0.5478943031713632
SRR6505607,1,-0.07854282281394782,-0.08603277217064585,-0.06120715210480349,-0.06875160975115639,-0.10207046834485871,-0.11402046600622791,-0.03926365616332207,-0.07341525384357997,-0.10249142734599966,-0.08820044994354248,-0.1029074958392552,-0.12058452729667936,-0.12753411781575,0.009452945552766323,-0.01601738389581442,-0.09596377983689308,-0.07074148899742536,-0.07688921656725663,-0.1446480346577508,-0.10022288401212011,-0.001470483041235379,-0.14037959916251047,-0.03230652958154678,-0.01288918565426554,0.008582166196512324,-0.1186228719140802,-0.11188566266875048,-0.06384974531829357,-0.11031636728772096,-0.1465936345713479,0.4358277533735548,0.7160018714410918,0.3879001539732729,0.11316203113113131,1.0520641548292977,0.9383486796702657,0.646835449550833,1.4823148623108864,0.6429274159350565,1.2915393220526832,1.412482636315482,1.407679557800293,1.4245177911860603,1.2847803043467658,0.49781270298574654,0.8190053797193936,1.6664372767720903,0.8468329927750996,1.1448431419474738,1.5822352783621423,1.4307930363076073,0.451977401971817,1.011070626255657,1.2613274368257927,0.9930110116090093,1.0617932357958384,0.8013395858662469,0.6798226285193648,1.0952721301998412,1.3463949953272407,0.902901865541935,1.3467252254486084,0.7015140331350267,1.6021156098161424
SRR6505608,1,-0.05299740391118186,-0.12254273465701512,-0.022281565836497715,-0.07265007070132665,-0.061502713443977494,-0.10020825320056506,-0.03697555565408298,-0.13418978133371898,-0.06888416342969451,-0.05616920867136547,-0.012635681246008192,-0.12161950218225163,0.028599887154996395,-0.07393860950001649,0.08286283484527043,-0.03711230627128056,-0.016254512859242305,-0.08188531228474208,-0.12733377516269684,-0.05454582720994949,0.04744848662189075,-0.13582524976560048,0.07032965123653412,0.019774862698146274,-0.02358157666666167,-0.09314709263188499,-0.10958921217492648,-0.11637113562652043,-0.0017862888053059578,-0.006625192505972726,0.311439539705004,0.6088507973722049,0.27402626403740477,0.15181008726358414,0.46704332743372234,0.7718681951186487,0.6921741520719868,1.0726347884961538,0.7520270491284984,1.1959169038704462,1.0407296908753259,0.9612306579947472,1.1784688553639822,1.0072465240955353,0.24697076888488873,0.5432513058185577,1.3080612676484245,0.4223201104572841,1.0379616000822611,1.1996873569275652,1.2150653978543622,0.3926673159003258,0.8710636645555496,0.7943174447864294,0.7989699505269527,0.7758803213281291,0.5578332245349884,0.4639179216963904,0.9740841151215136,1.0647274585706847,1.0033977992300476,1.5584398315155081,0.7282109271202769,0.9615221555743899
SRR6505609,1,-0.09382170997560024,-0.07949489887271609,-0.06273175629654101,-0.055701563001743386,-0.10721811732011181,-0.11856861705226558,-0.06083927667350508,-0.07250731540677537,-0.08218214022261756,-0.08829901367425919,-0.0999533844047359,-0.11776718444057874,-0.12439572451902288,0.03614468180707523,-0.013601004012993403,-0.090774624475411,-0.08092533424496651,-0.05162913425426398,-0.1451704204082489,-0.10136206554515022,-0.018480288396988596,-0.13884963733809336,-0.02167865334610854,-0.054319661376731734,0.010739234143069811,-0.10758763631539685,-0.1044906782252448,-0.05110779990042959,-0.09935240341084343,-0.12848767345505102,0.5056948157559548,0.7746632748416492,0.43347521126270294,0.09691443759948015,1.0371640303305216,0.9344722586018699,0.5655681927289281,1.4760495850018092,0.6859335196869714,1.2702488814081465,1.3618984264986855,1.5399480972971236,1.4477984543357576,1.2787545514958245,0.38182497130973,0.9313313279833112,1.5865965059825353,0.7706418590886253,1.0387817727667945,1.4898453343526594,1.315930038690567,0.42739954218268394,0.9671181738376617,1.29688173905015,0.9499133974313736,1.0561119626675333,0.900357968040875,0.6264378337987832,1.0891363498355662,1.3002700532254363,0.6983907228069646,1.1317372343369894,0.5903554345880236,1.619913473725319
SRR6505610,1,-0.0642652442412717,-0.11538623379809516,-0.07800152046339852,-0.0010962635278701782,-0.09974050096103124,-0.13679935463837214,-0.0722784771184836,-0.0918492344873292,-0.1044127345085144,-0.08887446139539991,-0.08167053971971784,-0.12924200828586305,-0.15061641271625245,-0.022777118054883822,-0.03331477354679789,-0.11037588864564896,-0.0861619311783995,-0.11514094498540674,-0.14981742203235626,-0.08323929458856583,-0.02472952433994838,-0.1484437095267432,-0.03540441979254995,-0.028249573494706835,-0.023206967195229872,-0.11611733954798963,-0.13115364100251878,-0.10920612826677305,-0.11803508337054934,-0.12444324046373367,0.36866274050303866,0.5012721291610173,0.3277679681777954,0.05448619196457522,0.728787827704634,0.7114929011357682,0.5054346716829708,1.2280822923140866,0.5802849830527391,1.0759223869868688,1.0673846730164118,1.1153550786631448,0.9808918067387172,1.0716372323887688,0.2805632765271834,0.6383139661380223,1.1655570013182504,0.48995232582092285,0.9799876851694924,1.21446692943573,1.1434034710483891,0.32336737694484846,0.7109972525920186,0.9402729656015124,0.8225659323590142,0.7348185383847782,0.5001311179782663,0.31551159439342363,0.7873845249414444,0.9183085241488048,0.6710602300507682,1.1094116206680025,0.5198599887745721,1.0504928303084202
SRR6505611,1,-0.09064544045499393,-0.06012398669762271,-0.01670420855017645,-0.06867271821413722,-0.10956659434097153,-0.08761585423988956,-0.061166093014825104,-0.06547217399513881,-0.07263277441130153,-0.0758857402418341,-0.09823904346142497,-0.11166516372135707,-0.10906635238123792,0.05638759463493313,0.019723044442278997,-0.07078381521361214,-0.05021867901086807,-0.06520289798001093,-0.1254520762179579,-0.09478720490421567,-0.012002096910561835,-0.133725677217756,-0.006812837706612689,0.027129260024854114,0.01563802594318986,-0.1121982681964125,-0.10149528565151351,-0.03853182188634362,-0.04213512582438333,-0.13993614379848754,0.49185875271047863,0.8140619644629103,0.4156270282609122,0.1232338369424854,1.1563047894409724,1.0649480479104179,0.6610758740987096,1.5710159561463766,0.6411776441548552,1.417269223502704,1.5928711124828883,1.614738472870418,1.5530487596988678,1.4588771419865745,0.5593827505196843,0.8390366456338337,1.8054578772612981,1.1119061623300825,1.1174566788332803,1.6667194834777288,1.5332737820489066,0.5653383481715407,1.0313304395614458,1.4818791447739517,1.1540722054030215,1.1767588428088598,0.9957128167152405,0.7947190529001611,1.3501907395465034,1.572535916630711,0.9425935805109995,1.5057865913425172,0.7759890939508166,1.9108819961547852
SRR6505612,1,-0.08748352234917027,-0.10076399200728961,-0.09155451293502535,-0.07698495419962066,-0.10681586978690964,-0.11864825604217392,-0.053630660221512826,-0.0828195306073342,-0.1197851656803063,-0.09013085546238082,-0.11451974085399083,-0.12207866140774318,-0.1292921687875475,-0.0045451947620936805,-0.02643715244318758,-0.08044540456363133,-0.08368394124720778,-0.09999964905104466,-0.1570741491658347,-0.10313088899212224,-0.01601048399295126,-0.14118953900677816,-0.03241329427276339,-0.03928495650844915,-0.028934304735490253,-0.1441551617213658,-0.12058480722563607,-0.09281561270888362,-0.11599812656641006,-0.14187725526945932,0.3085649481841496,0.5953477945710931,0.3350492771714926,0.054565366191257327,0.8635887147725693,0.798190006187984,0.4210739444409098,1.3453114005761952,0.5648745937006814,1.0178098838244165,1.2832757234573364,1.2135316984994071,1.2546720994370324,1.1039969154766627,0.30279989753450665,0.6555817521044186,1.3380023666790553,0.7164446477379117,0.8276860926832471,1.2134027161768504,1.2103227887834822,0.2907416330916541,0.8501351507646697,0.9800385271332094,0.7250213367598397,0.7795371551598821,0.5713097325393132,0.5553114062973431,0.9058734066784382,1.1424573021275657,0.6871524250933102,1.1763189264706202,0.5453692227602005,1.2710644283464976
SRR6505613,1,-0.10034368612936564,-0.07084665740174907,-0.056826161220669746,-0.0814307454441275,-0.10451314904327903,-0.09902343546439495,-0.07053407628076716,-0.06831303504960877,-0.094012525065669,-0.08614657340305192,-0.10172924292939049,-0.11744648963212967,-0.11816864646971226,0.016905186165656363,-0.034002769206251414,-0.0945055333099195,-0.06762131356767245,-0.05207274667918682,-0.14399109780788422,-0.09975375581000533,-0.03459401322262628,-0.14097448651279723,-0.01812916641522731,-0.035374301352671216,0.023407007700630596,-0.10491668379732541,-0.09613520758492607,-0.02907037442283971,-0.07764670039926257,-0.12551833635994367,0.46017445663788487,0.7566766776144505,0.46009732809449944,0.1205773254457329,1.130781774009977,1.0455827617219515,0.5906294348782727,1.5141811690160207,0.6360422436680112,1.2347659532512938,1.4565112335341317,1.560847955090659,1.5444549173116684,1.3729244129998344,0.47306001079933985,0.9311191780226571,1.683237177985055,0.9647304884025029,0.9692521116563252,1.5297410828726632,1.3670645632914133,0.4173845031431743,1.0257201844028063,1.279859530074256,0.9505284279584885,1.0008441571678435,0.8477864639301386,0.7561027474169221,1.1794238910079002,1.2141529103474957,0.7336934586720807,1.147938289812633,0.6235570460557938,1.6359401515551977
SRR6505614,1,-0.0790410999740873,-0.11407366288559777,-0.04738273045846394,-0.07429730147123337,-0.06253387196920812,-0.10699024157864707,-0.03251209855079651,-0.11983778460749558,-0.09731193671801261,-0.06470444798469543,-0.03673070562737329,-0.11884725058916956,-0.029576831896390234,-0.06371490697243384,0.05578539653548172,-0.027014797819512232,-0.021365181609456028,-0.10300781497997898,-0.1345471271446773,-0.061067993619612286,0.046918847997273715,-0.15004520543984004,0.04974021789218698,0.022833888019834245,-0.038770866846399646,-0.11731817041124616,-0.12019216801439013,-0.11810537906629699,-0.04722384948815618,-0.07521050210509982,0.3199357773576464,0.612886834357466,0.23822616360017232,0.12420037495238441,0.6816846621888024,0.8689802576388631,0.6596798228565603,1.1594896103654588,0.6834540526781764,1.232966058488403,1.2196224182844162,1.1043008363672666,1.2389818983418601,1.1672406217881612,0.33175171485968996,0.5944813191890717,1.3922650473458427,0.5587825285536903,0.9839738362601825,1.3313127580497945,1.2965516465316926,0.4594519542796271,0.9113712273538113,0.9404042381793261,0.8706888338284833,0.8251423936869416,0.5543770087616784,0.5896737282829625,1.122886453888246,1.196099368589265,0.974569687087621,1.5940329411200114,0.7784046285918781,1.1413530984095164
SRR6505615,1,-0.042037900537252426,-0.12004517817071506,-0.03427590083863054,-0.06869440179850374,-0.07641578971275262,-0.11646393580096108,-0.05360205697693995,-0.13172787614166737,-0.10118129450295653,-0.07062502684337753,-0.05033925282103675,-0.13797467521258763,-0.1013985127210617,-0.028681960755160878,0.06282718586070198,-0.07360584930782872,-0.01905385564480509,-0.07901616447738238,-0.13178184442222118,-0.0815571557198252,-0.005022208605493818,-0.13537897169589996,-0.005804986826011113,-0.02229985807623182,-0.011896175997597831,-0.10013337220464434,-0.10279441039477076,-0.11010431391852242,-0.053740458829062324,-0.07674972074372428,0.25368604170424597,0.4882167434053762,0.2658680688057627,0.10226694813796453,0.6076381259730884,0.6321479742016111,0.5617392715066671,1.1875655012471336,0.5532700919679233,0.9376967293875558,0.9976722342627389,0.9938059048727155,1.1128594327185835,0.9438789114356041,0.2593413069844246,0.47404771936791285,1.1863898890359061,0.4737779178789684,0.950744808784553,1.1265469145561968,1.1779903125550066,0.2356211809175355,0.8202982353312629,0.6887784914246627,0.7466722604419503,0.7244710940867662,0.47791904610182556,0.4599573952811105,0.8344252961022514,1.0471386036702566,0.9063414431044033,1.4490649753383227,0.6174865779466927,1.1000098969255174
SRR6505616,1,-0.11022918006139142,-0.08259985609246152,0.02191629952618054,-0.009223624531711851,-0.10207354330590793,-0.10460647641281996,-0.060589254188276494,-0.07634211385655883,-0.08823957535371717,-0.07769293444497245,-0.0984874814748764,-0.12174181853021894,-0.1171065317466855,0.003076269158295223,-0.023687741586140225,-0.12122547360403198,-0.07648562480296407,-0.05647371995395848,-0.13509749142186983,-0.10728936376316207,-0.04814357204096658,-0.14602443682295935,-0.050224235747009516,-0.04957122089607375,0.05341068615338632,-0.1248530029718365,-0.09882714705807823,-0.03235334690128054,-0.06187653222254345,-0.10419556072780065,0.47945280163548887,0.8019876554608345,0.47525459049003466,0.1292140018194914,1.0603295202766145,0.9228956981429032,0.5772338882088661,1.5011606003556932,0.6042204617655703,1.1909568905830383,1.2970821176256453,1.4463190691811698,1.4663139900990896,1.231357917189598,0.39278763851949144,0.8166406250425747,1.5070729809147971,0.8340736499854496,0.8668884251798902,1.4507215736167771,1.292355946132115,0.42806225429688183,0.8971058513436999,1.2173363694122858,0.9572965375014714,1.0187021025589533,0.7918872963637114,0.6244447901844978,1.1381075925060682,1.1967540883592196,0.7225231789052486,1.1651451694113868,0.6106370304312024,1.5123096076505524
SRR6505617,1,0.0005924637828554426,-0.1288514201130186,-0.0012243504502943584,-0.07095325472099441,-0.06485414950709258,-0.12330594033535038,-0.06323879351839423,-0.14798571595123836,-0.031062797776290348,-0.06273062633616584,-0.02446355244943074,-0.13175124994346074,-0.03571454023144075,-0.04073644509272916,0.07047169868435178,-0.05043282073789409,-0.0025462372161980185,-0.05779347515531948,-0.13604196533560753,-0.039107530776943476,0.032224898193297644,-0.14968895060675486,0.03905687906912395,0.010102493422372,-0.004053057304450444,-0.06581754902643817,-0.09166494118315834,-0.10216981704745974,-0.012875013053417206,-0.02424671341265951,0.29175123465912683,0.45313567348888945,0.28195840013878687,0.11192070373467036,0.44137182406016756,0.6182908313515197,0.6004523975508553,0.9965920576027462,0.671760680153966,1.0795129463076591,0.910393476486206,0.9013471326657704,0.9585990352290017,0.9535767776625497,0.25650985326085773,0.42801571424518314,1.0556589279856001,0.3737827369144985,1.0594458431005478,1.0847089402377605,1.1472722180187702,0.25462754709380014,0.8302982045071465,0.6215385946312121,0.7366963891046387,0.735306550349508,0.465184496981757,0.33807963665042606,0.7658659155879702,1.0184358762843269,0.979071285043444,1.4779131449759007,0.5551642488156047,0.9577099702187947
SRR6505618,1,-0.10734244223151888,-0.07066203653812408,-0.0006846458251987185,-0.06933030299842358,-0.10552739844258342,-0.09249162155070476,-0.05556625301583803,-0.07278403003666815,-0.0804363302886486,-0.06647735800860184,-0.09710210029567991,-0.12164636914219175,-0.11642313016844648,0.05035487243107387,0.019250604457088878,-0.08037262409925461,-0.05426668295902865,-0.06797176702613276,-0.1298457118017333,-0.09304818218307835,-0.019770124528024877,-0.14049710759094783,0.007369006085874779,-0.00023705725158963884,0.03584560751914978,-0.13390945962497167,-0.09519933004464422,-0.07108194550632366,-0.05241131888968604,-0.13141833245754242,0.4510054886341095,0.8998970620866332,0.4130534190418465,0.10478582818593297,1.177518184695925,1.0628078877925873,0.6793383445058551,1.4953796512314252,0.6393642063651767,1.3488896914890833,1.5757301620074682,1.5699417718819209,1.5520035581929343,1.4318473126207079,0.4868266795362745,0.8380827569801893,1.813098933015551,0.966876072543008,1.1037750776324953,1.6779505301799094,1.5253101140260696,0.5453405382909945,1.0704176468508584,1.4524220542183943,1.0649513474532537,1.1483400059597832,0.9568262323737144,0.8235726989805698,1.4461765853422028,1.5586811724518026,0.9300765043922833,1.5315736894096648,0.8529712579080037,1.830216129177383
SRR6505619,1,-0.09492668030517441,-0.11251571348735265,-0.10254744121006557,-0.08400545721607548,-0.10968048883868116,-0.13355302118829318,-0.06573367251881532,-0.1004954611084291,-0.11835825948842935,-0.09049341322055884,-0.10670079929488045,-0.12338412872382573,-0.14088506464447295,-0.015918631638799394,-0.035528368183544705,-0.0975673965045384,-0.08917467987963132,-0.10541608903024878,-0.15317293788705552,-0.10338008403778076,-0.036036068839686256,-0.136815967304366,-0.05783968525273459,-0.041141441757125516,-0.022735322559518472,-0.13486605190805026,-0.12143363803625107,-0.10854863162551608,-0.12423508933612279,-0.12165369093418121,0.26340942980771487,0.5351370758643108,0.30032683429973467,0.038408799429557154,0.7861646159685084,0.6743784227541515,0.4086062897528921,1.2491673092756952,0.4924237738762583,0.8894407004117966,1.0508090811116355,1.1012265384197235,1.117448131952967,0.9425232048545565,0.23261185509285756,0.552908545093877,1.1788906369890486,0.5302569419145584,0.7582930220024926,1.0873962811061315,1.0602944855179106,0.21273742296866008,0.7144165823036539,0.7991393844463995,0.6808028540440968,0.6619102422680173,0.4569246289985521,0.4506694409730179,0.7674962228962353,0.9476435248340879,0.6425524517627699,1.05966217815876,0.48330181517771315,1.0968898662499018
SRR6505620,1,-0.06847819286797728,-0.09115237769271646,-0.08045272342860699,-0.026205063930579593,-0.09561601094901562,-0.12873278371989727,-0.062369168553102226,-0.07803458108433656,-0.11264471390417644,-0.09311600401997566,-0.11212184173720223,-0.08687898835965566,-0.13141247097934997,0.0016903589878763472,-0.06539794536573547,-0.12015567826373237,-0.07511063399059432,-0.04997426537530763,-0.15707769564219884,-0.07803887873888016,-0.03288475849798748,-0.13565997779369354,-0.04595531629664557,-0.065533865276458,0.010440046034221138,-0.07069542418633189,-0.12257082441023417,-0.06332446209021977,-0.10726535213845116,-0.139370252511331,0.32834991067647934,0.4923655412026814,0.37440159171819687,0.10535525091524635,1.0226961842605047,0.7975265559341226,0.32294560756002155,1.3399228256727969,0.47716575355402063,0.892884265099253,1.1345443448850088,1.2714972070285253,1.1408464525427138,1.042226611503533,0.36760370060801506,0.6709340023142951,1.2256137473242623,0.5055195870144027,0.766831928065845,1.0737375816596406,1.1045047725949968,0.24109041690826416,0.8453369353498731,0.8850098656756538,0.7396685981324741,0.6461450264656118,0.5762913836432355,0.4360370199595179,0.7693924616490092,0.7600291956748281,0.49543838894792963,0.7053078603265541,0.48623811985765186,1.1189677199082715
SRR6505621,1,-0.0078054022576127735,-0.1305996493569442,-0.05472297540732792,0.0003006601972239358,-0.07948665081390313,-0.14758952813489096,-0.06758021616509982,-0.11496726237237453,-0.04078888201287815,-0.081403235239642,-0.07875682200704302,-0.1314160472580365,-0.130954274641616,-0.0426715790693249,0.010830869099923543,-0.07568185776472092,-0.04749387848590102,-0.04959243722259998,-0.14148486512047903,-0.05295382573136261,0.0043042802384921485,-0.14696845518691198,-0.010749928520194121,0.041645944118499756,-0.03244739185486521,-0.10358333467905011,-0.1124366010938372,-0.0991349917437349,-0.11436298808881215,-0.08988943110619273,0.26266942492553164,0.4209885804780892,0.29973880095141275,0.04817291562046323,0.6245399861197386,0.6027991377881595,0.4568193879510675,1.1848583306585039,0.5782224802699473,0.9365430793591908,0.9965808859893254,1.004998430609703,1.0547010978417737,0.9797883651086262,0.298477797635964,0.4413571481127292,1.0978942811489105,0.4228377661534718,0.9642555825412273,1.0356451810470648,1.1167895474604197,0.23351508591856276,0.7357352953404188,0.7082981036177703,0.7048984436052186,0.6210752954440457,0.4600011089018413,0.3528606614896229,0.7650623183165278,0.9815247527190617,0.8212140346212047,1.3017385580710001,0.5697266380967838,0.9761264728648322
SRR6505622,1,-0.05858826228151364,-0.09565132111310959,-0.09239724211926971,0.02133534529379436,-0.12123930587300233,-0.1237514331670744,-0.06956866322018739,-0.07452323893085122,-0.11364552485091346,-0.09845405710594994,-0.11792731231876782,-0.10076391976326704,-0.12762714736163616,0.00881047626691205,-0.07709768308060509,-0.10375126131943294,-0.08470907754131726,-0.06838718775127615,-0.15411317348480225,-0.0716394697249468,-0.03190742379852703,-0.12182606118065971,-0.03155795218689101,-0.039935265185444484,0.0018260771009538854,-0.0868903174996376,-0.13260052459580557,-0.07684601923184735,-0.09411788944687162,-0.12928329088858195,0.34606936174843994,0.5072337559291294,0.46108814062816755,0.09012163270797048,0.9093400202691555,0.7728143206664494,0.2636701187917164,1.303530981098967,0.5089027764541763,0.9129575682537896,1.120039524776595,1.2160251481192452,1.0936020953314645,1.0719945175307137,0.2858540902712515,0.7613443327801568,1.1166818993432182,0.4547133580116289,0.7103069041456495,1.0171404693807875,0.9914945151124682,0.21540129342715122,0.8334430903196335,0.8698044182466609,0.6881290924336229,0.6253935260964292,0.5658607248749051,0.35546383181852953,0.7536129940833364,0.763865800840514,0.40159204894942896,0.6622066066733429,0.4185655361839703,1.0088035843468137
SRR6505623,1,-0.031204622238874435,-0.11988846638372966,-0.04855995252728462,-0.07704469218983181,-0.08928380071717713,-0.13545321886028563,-0.0621119679084846,-0.12341623912964549,-0.08518546660031591,-0.0887637095791953,-0.07548259624413081,-0.14546787100178854,-0.11865381346017655,-0.03303190852914538,0.03454269176082952,-0.06300437982593264,-0.03250194540513413,-0.08273944870701858,-0.13524309918284416,-0.0859731946672712,0.0037447288632392883,-0.1546716849718775,-0.03093234875372478,-0.018369268093790327,-0.002390386470194374,-0.08509633477245059,-0.12309750861355237,-0.10691545052187783,-0.07974032631942204,-0.09841095203799861,0.30542243272066116,0.514554116342749,0.2778389932853835,0.08186972460576467,0.6394810350611806,0.6596950202115944,0.5442332694573062,1.1721439361572266,0.6090392331991877,1.0037053035838264,1.0515530875750951,1.0401672103575297,1.0786616679813181,0.965492522077901,0.28219303488731384,0.49069546322737423,1.2736411690711975,0.4677614527089255,1.0925925076007843,1.1933133346693856,1.1926242666585105,0.2599027433565685,0.8359392673841545,0.7849034661693233,0.8053835042353187,0.7568318364875657,0.5238766201904842,0.4342783966234752,0.8356524642024722,1.1204295328685216,0.8756160874451909,1.407933948295457,0.6075109216118497,1.176658671349287
SRR6505624,1,-0.07305355849010604,-0.10160640573927335,-0.07961167102413517,-0.03789565885173423,-0.0980827622115612,-0.1247975549527577,-0.05070018149646265,-0.08958806150725909,-0.1044936032433595,-0.07388675745044436,-0.10400509089231491,-0.11867567683969225,-0.13264060286538942,0.0020911823958158493,-0.024882032136831964,-0.07915707092200007,-0.05136885440775326,-0.10711130153919969,-0.15057495023523057,-0.09190323257020541,-0.007186280829565865,-0.14678332103150232,-0.016581093626362935,-0.01777123925941331,-0.0010167880515967096,-0.1306098752788135,-0.13652458680527552,-0.0979273517483047,-0.11501562635281257,-0.14107464998960495,0.3608318253287247,0.6063802476440158,0.26849044433661867,0.05890410819223949,0.8753290921449661,0.7431141100823879,0.4443639985152653,1.2711469110633646,0.515024708583951,1.0374439784458704,1.2102955835206168,1.245921058314187,1.175386083977563,1.0979315234082085,0.38021087560004424,0.6353963565613542,1.303942688873836,0.5835753519620214,0.8983298923288073,1.2014153424118246,1.2341404833963938,0.3270629218646458,0.8027264646121434,1.0273145139217377,0.7908552448664393,0.7646490037441254,0.5335095423672881,0.5189646514398711,0.9813077270186373,1.0870643109083176,0.711608065026147,1.2280005323035377,0.5979926804346698,1.217670847262655
SRR6505625,1,-0.07126803190580436,-0.09742772153445653,-0.05079457350075245,-0.04103229620626995,-0.10181034274864942,-0.12238521062369857,-0.04701694588376475,-0.07919553866876024,-0.08155541973454612,-0.08529798739722796,-0.08935293874570302,-0.12832510258470262,-0.1278855452047927,0.018246574327349663,-0.021333924627729824,-0.09166056024176734,-0.03826793363051755,-0.07362858166119882,-0.14061777187245234,-0.10728623292275838,-0.03327449411153793,-0.14530060866049357,-0.023644056703363146,-0.03798946525369372,0.007416527518736464,-0.10401669517159462,-0.12483215651341847,-0.07163673559469837,-0.10911072897059577,-0.14590551384857722,0.41110827387975796,0.597528341625418,0.33109945857099127,0.07879332023938852,0.8755739352532795,0.7520903990204845,0.4706317037343979,1.3618258096809899,0.5236693455704621,1.0776448207242149,1.1836916676589422,1.2537564252104079,1.1626615162406648,1.1311783194541931,0.37514512799680233,0.7293614319392613,1.3205212014062064,0.6501044205256871,0.9507690327508109,1.3195846977510624,1.219076404614108,0.29869252762624193,0.783242649265698,1.0114852264523506,0.8725657367280552,0.8553982781512397,0.6076373995414802,0.48401979516659466,0.9024426213332585,1.035408802330494,0.6948825206075396,1.1636953864778792,0.5763213879295758,1.299908154777118
SRR6505626,1,-0.07025782311601299,-0.09664330312183925,-0.06705112063458987,-0.02040746169430869,-0.10965550424797195,-0.12718899468226091,-0.05668488410966737,-0.07900381154779877,-0.09271087577300412,-0.1004122623375484,-0.11317410306738955,-0.121164470911026,-0.120384545730693,0.0023376047611236572,-0.051443645996706824,-0.10299224725791387,-0.060202542160238535,-0.055709716996976306,-0.15935551481587545,-0.09333043811576706,-0.04283388704061508,-0.13152619025536946,-0.03745891952088901,-0.07316574401089124,0.005537515373102256,-0.08722928592136928,-0.11771856966827597,-0.05245631081301586,-0.08637522480317525,-0.1390041754181896,0.40358192580086844,0.544597327709198,0.41425320346440586,0.11665477364190988,0.946559479194028,0.7509183213114738,0.33206572915826527,1.3392412758299284,0.50234754383564,0.9465385207108089,1.1102295470024859,1.202954283782414,1.1521898529359273,1.0606691475425447,0.3544517404266766,0.753958636695253,1.1647208716188158,0.5598518193832466,0.7745103282587869,1.0805136965853828,1.1112767032214574,0.2235257082751819,0.8641517247472491,0.8897984086402825,0.7405061939997333,0.7422105217618602,0.6369696860866887,0.46903094170348986,0.8123489160622869,0.8439921244114105,0.5225593093782663,0.798378016267504,0.42633052063839777,1.175335839922939
SRR6505627,1,-0.11673582850822381,-0.07128375615658504,-0.04799707127468927,-0.09576725374375071,-0.04779532365500927,-0.07608012051787227,-0.0223470678663164,-0.06957662123854139,-0.08520683425012976,-0.0897883123585156,-0.10468172388417381,-0.11162065501723971,-0.08956767778311457,0.023709475994110107,0.016758084297180176,-0.11390370396631104,-0.07663026505282947,-0.007573270438505071,-0.13958044350147247,-0.1115360041814191,-0.06263993813523225,-0.1344550283891814,-0.011561060158003653,-0.02975659824941041,0.009423693575497185,-0.11475529362048421,-0.05608701067311423,0.08034412030662809,-0.0917887134211404,-0.061988908265318186,0.5130019006984574,0.8359973207116127,0.45282139096941265,0.26026194063680513,1.2411819196173124,1.2054414663996016,0.6728084566337722,1.5890562108584814,0.5831503728404641,1.2946970356362206,1.6180164899144853,1.6216732093266077,1.7039552969591958,1.3893388573612486,0.5820041426590511,0.909162411732333,1.7187195931162154,1.2959537761551994,0.9807464331388474,1.6516327373683453,1.4531353946243013,0.4841741672051804,1.006093063524791,1.3652961552143097,1.1284554387841905,1.2504475648914064,0.9569546708038875,0.9312563377565571,1.326273680797645,1.230981762387923,0.9522519490814635,1.3737365731171198,0.6210152262023517,1.8200209949697768
SRR6505628,1,-0.090067627706698,-0.1235179269154157,-0.06463986588642001,-0.07321794810039657,-0.08184166545314449,-0.132382208481431,-0.0971992116288415,-0.11409706249833107,-0.10841623480830874,-0.08663882315158844,-0.03647094752107348,-0.11742629802652768,-0.140910519020898,-0.07232688726591212,-0.008232985756226949,-0.09468046788658414,-0.0437986315228045,-0.10288567734616143,-0.13193770604474203,-0.08005583392722267,-0.03979638644627163,-0.15072712408644812,-0.036078535951673985,-0.03633731816496168,-0.010188918560743332,-0.046052688998835425,-0.10549844641770635,-0.10889120027422905,-0.08665038179606199,-0.049043382185378244,0.27970810128109796,0.4729841628244945,0.28621492109128405,0.051062045352799554,0.5920928461211068,0.6780428567102977,0.49012212614927975,1.003732290651117,0.5948025488427707,0.9003324444804873,0.7820147233349937,0.9570292553731373,0.8748151920735836,0.8306424192019871,0.1382831907165902,0.4121030970875706,0.9876584325517926,0.2877259775996208,0.7441544085741043,1.0158239483301128,0.9790973259368911,0.23802401551178523,0.649827494685139,0.5851545019873551,0.7202291839889118,0.5696836009322267,0.33428977323429926,0.3053475192614964,0.6942025252750942,0.7381436164890017,0.6279875303818179,1.000244757958821,0.41797580586613287,0.7941354853766305
SRR6505629,1,-0.10225858858653478,-0.09164564630814961,0.05950669212532895,0.06289314292371273,-0.10784491577318736,-0.11097156426071056,-0.0940559760965698,-0.07219114666804671,-0.09253102981684995,-0.08768963068723679,-0.09324255053486143,-0.10971486142703465,-0.12318045778998307,-0.009550207427569799,-0.047389352428061624,-0.1207744660122054,-0.09396898507007531,-0.02158660368461694,-0.13633869934294904,-0.09136250508683068,-0.05101476716143744,-0.12688748272401945,-0.06017166628901448,-0.07565781048366002,0.024046233788664852,-0.08108967276556152,-0.11112138628959656,-0.06777846778277308,-0.06188556605151722,-0.14045305975845881,0.43067156969170484,0.5154329075344971,0.43462489172816277,0.11594660260847636,0.9440056013741663,0.7403745840170554,0.3828958413962807,1.3935031813702412,0.5619995232139315,0.9585912099906376,1.0866443599973405,1.2683978463922227,1.1932625557695116,0.9806224086454937,0.341432163225753,0.6550766681986195,1.2360684956823076,0.5350121296942234,0.7847499826124736,1.1568950189809715,1.1029481887817383,0.3103262913812484,0.7298687270709446,0.8999484329085264,0.8285862846699145,0.7225915547460318,0.5706365251514528,0.42135308949010714,0.8445126254643712,0.850460533185729,0.5761545726231166,0.8817270206553596,0.5300372008766446,1.208375102707318
SRR6505630,1,0.04017456727368491,-0.12564770398395403,0.002521038055419922,-0.029341978686196462,-0.03104458563029766,-0.11776369969759669,-0.07236664742231369,-0.14488534735781805,-0.04084232609186854,-0.0747070631810597,-0.018534368702343533,-0.13073554901140078,-0.021741328561412438,-0.059939408408744,0.10475958963590008,-0.05727439613214561,-0.0007077890581318311,-0.060235856899193356,-0.14025178232363292,-0.02749523946217128,0.033516455973897664,-0.14692300983837672,0.029337095628891672,0.007415969456945147,-0.008230429940990039,-0.04974726427878652,-0.09239394581943218,-0.0952227706355708,-0.016659818589687347,0.03423207412872996,0.30271044799259733,0.42278688347765375,0.32436498893158777,0.12583122508866446,0.40950821127210346,0.6123154040791893,0.6091747432947159,1.0574543880564826,0.7241387264803052,1.07408314624003,0.8396192916801998,0.8777835635202271,1.033688513295991,0.9059744136674064,0.2520571436200823,0.39123263848679407,1.0854254875864302,0.34251791132347925,1.0140896790793963,1.0031375171882766,1.1123119869402476,0.25005940560783657,0.8156288255538259,0.5568624367671353,0.7543365907456193,0.6833588847491358,0.5065595720495496,0.3237800672650337,0.7168088108301163,0.921963095664978,0.9637000414409808,1.4465589943741048,0.5671034306287766,0.8273068427640412
SRR6505631,1,-0.09582264721393585,-0.07924980350903102,-0.01671768119558692,-0.009911239679370607,-0.12117717627968107,-0.1071673777686166,-0.076934551175717,-0.07248493013737191,-0.09070409026129969,-0.07462465763092041,-0.10222241282463074,-0.11770581241164889,-0.12325438511158739,0.0010179709643125534,-0.04073505635772433,-0.1059333426611764,-0.08698323954428945,-0.05720260107357587,-0.13909781777432986,-0.10535347142389842,-0.026070187400494303,-0.14274447837046214,-0.03292449264387999,-0.03571301219718797,-1.52984367949622e-05,-0.12000028895480293,-0.1128782369196415,-0.07205044558005673,-0.08135852217674255,-0.1266267736043249,0.5069405375314611,0.7321445699781179,0.4663072121994836,0.09518347241516624,0.9711582506341594,0.921536898240447,0.5715913804514068,1.5073565116950445,0.6371151858142444,1.2460421238626753,1.389967748097011,1.4734660003866469,1.4507607498339243,1.245841656412397,0.4196017341954367,0.8270337177174432,1.5660410693713598,0.8335951694420406,0.9329854931150164,1.4479486718773842,1.2859665879181452,0.42443888261914253,0.8888029669012342,1.2640278340716447,0.9303308581667287,1.0294723638466425,0.8304221282846161,0.599039349971073,1.1316369761313712,1.244125874446971,0.7212407338832106,1.1787462404796056,0.6037066813026156,1.4995747275118316
SRR6505632,1,-0.10801016379679952,-0.11417515123529094,-0.05470307809965951,0.014272108674049377,-0.10373334852712494,-0.13077531209481613,-0.0946994957048446,-0.09534262040896076,-0.10971255866544587,-0.0737469664641789,-0.07665854479585375,-0.07971558294125966,-0.14840865028756006,-0.08035814389586449,-0.07227108680776187,-0.09907899584089007,-0.08154684345104865,-0.11854843582425799,-0.14165169639246805,-0.05741673920835767,-0.04126449674367905,-0.12350221962801047,-0.01820705990706171,-0.0477585992110627,-0.04663884799395289,-0.1053090887144208,-0.11995435931852885,-0.10924413933285645,-0.09434640194688525,-0.08864099532365799,0.2683197619127376,0.49922933748790194,0.33121966623834204,0.010961199977568217,0.7069884368351528,0.7191923875361681,0.3351585173181125,1.0603543742825943,0.4729895215215428,0.784298660499709,0.8445996386664254,1.0694664801870073,0.8930838278361729,0.9066850181136813,0.1705197228917054,0.425566513074695,0.9833430903298515,0.2530942016414234,0.5694154245512826,0.9447627174002784,0.9016845503023693,0.20485804176756314,0.6200352795422077,0.6445963558341775,0.5932312841926303,0.4516022354364395,0.365667797891157,0.24983447869973524,0.7193367805864129,0.606144864644323,0.4644904432020017,0.8151056191750935,0.40386716169970377,0.6843554547854832
SRR6505633,1,-0.07531208438532692,-0.13326671566548093,-0.00225744183574404,0.09267866904182094,-0.08928176228489194,-0.13149205478839576,-0.1119306800413012,-0.09498870345331463,-0.05693174139430214,-0.11091885635895389,-0.014614993972437722,-0.11567046972257751,-0.13504279325050966,-0.07502166607550212,-0.06526552247149604,-0.1263278547142233,-0.10631092098940696,-0.08337417910141605,-0.12685796565243176,-0.1307491394025939,-0.11466455033847264,-0.1349740954382079,-0.052884672701890977,-0.06918859934168202,0.020461537609142915,-0.04471789939062936,-0.08554828300007752,-0.09525767767003604,-0.04626508376428059,-0.07633459089889325,0.34066043235361576,0.5657607588384833,0.374708534351417,0.013874573433505637,0.727382701422487,0.7297980061599186,0.4580444352967398,1.0869151683790343,0.632139076079641,0.8769760983330863,0.6420998243348939,0.9789775865418571,0.8607636796576636,0.7994791633848634,0.06747354201174208,0.5714188697082656,1.0498036444187164,0.3259995047535215,0.6408144033380917,1.0784541565392698,0.7551845950739724,0.20954381940620287,0.40424622914620806,0.5520130674620825,0.6989969589880535,0.6035356138433728,0.35960542410612106,0.21777881469045365,0.46263197703020914,0.5919084176421165,0.37156728548663004,0.556344598531723,0.24752563770328248,0.7627888476209981
SRR6505634,1,-0.09624656343034335,-0.11134310386010579,-0.08395689300128392,0.004685553056853158,-0.09563355493758406,-0.12855358182319573,-0.07590056297236256,-0.09540633857250214,-0.11397053673863411,-0.0679590180516243,-0.0735606285078185,-0.07564169381346021,-0.14004556462168694,-0.07540285880012172,-0.06744105155978884,-0.08662804109709603,-0.08026762892092977,-0.1250367792589324,-0.14930896673883712,-0.07102218163864953,-0.014572224978889738,-0.141581657741751,0.0029774473181792666,-0.035782657231071165,-0.04551252190555845,-0.11807536440236228,-0.1260625422000885,-0.11299350345507264,-0.11179517422403608,-0.10813501424023084,0.28834170049854685,0.5316579778279577,0.3129583166113922,0.018785097104098116,0.7446565119815725,0.7624884018940585,0.36060201695987154,1.1309106802301747,0.50782164771642,0.8794365088854518,0.9981828246797834,1.1249070763587952,1.0142016261816025,0.9990511579172952,0.2320969865790435,0.4725443170006786,1.1127772416387285,0.33225112301962717,0.6622288695403508,1.0364358872175217,1.0242198535374232,0.2936593166419438,0.688663838165147,0.7716873298798289,0.6390373866472926,0.5520695841738156,0.4201763703354767,0.3141551704279014,0.8276377490588597,0.7757356613874435,0.5592447678957667,0.9662240999085563,0.4845708693776812,0.810382183109011
SRR6505635,1,-0.0972397904843092,-0.09153950420607414,0.050526603524174006,0.09454251240406718,-0.11739736542637859,-0.12114076146722905,-0.09705405039962248,-0.07331770774076826,-0.10625829471142165,-0.09445156157016754,-0.09247838067156929,-0.09927392564713955,-0.12281205132603645,-0.07803407098565783,-0.08768412151506969,-0.11587286802075271,-0.08348529413342476,-0.05448911269195378,-0.1353469110493149,-0.04670967934985778,-0.06268578235592161,-0.13296943370785033,-0.05699680905256953,-0.05728760960378817,-0.015159622766077518,-0.06835843130413975,-0.10405816457101277,-0.0695929537261171,-0.041200597903558185,-0.12572445068508387,0.4395629636876817,0.570579224399158,0.4846165973160948,0.0905932028378759,0.8995336847645896,0.7978132154260363,0.33499990829399656,1.282994708046317,0.5791520604065487,0.9778810313769749,0.9921055563858577,1.2467644384929113,1.13380894277777,0.9931343623570034,0.2851211923573698,0.6633954433325145,1.155098455292838,0.37844252799238476,0.5939648236547198,1.0822391253425718,0.9612489236252648,0.2528929891330855,0.7519526971238,0.8216139056852886,0.7526329295443637,0.6531268931659204,0.5744235457054206,0.2909451254776546,0.7373074580516134,0.6529307883631971,0.46584494784474373,0.6648830406899963,0.3850509801081249,0.8708210183041436
SRR6505636,1,-0.09294868047748293,-0.11523453039782387,-0.1081201226583549,-0.07364711804049355,-0.10794378923518318,-0.13348352589777537,-0.09415654305900846,-0.10469820297190122,-0.12099617293902806,-0.09127526889954295,-0.08866663170712334,-0.11699600710666605,-0.15792393258639745,-0.06627945389066424,-0.05732231906482151,-0.10581715937171664,-0.08436424245259591,-0.11046359368732997,-0.14959866340671266,-0.07974864223173686,-0.05339637079409191,-0.1428543616618429,-0.04271954298019409,-0.05046317553413766,-0.02902371742363487,-0.09826355533940452,-0.12449889842953,-0.10791193547525577,-0.12684102675744466,-0.1174723758761372,0.2786810920972909,0.5046776096735682,0.3296885711273977,0.031470821372100284,0.7967457997479609,0.7262015997299126,0.3914280853101185,1.1440671973728709,0.5183541647025517,0.8419858834573201,0.9382862576416561,1.1630589365959167,1.0271094590425491,0.9118864174400058,0.24322736156838282,0.4907258131674358,1.1330141936029707,0.3396228700876236,0.7286609751837594,1.0351565989798732,1.0213404297828674,0.21473770482199533,0.7406740028943334,0.7637148456914085,0.7072103364127023,0.5680276655725071,0.4549968575260469,0.348050268633025,0.7688693244542394,0.7640734570366996,0.5745384725076812,0.8900017035858971,0.45828063998903545,0.9018023077930722
SRR6505637,1,-0.10005178462181773,-0.12511747649737767,-0.08693495924983706,-0.07025372183748654,-0.08917911869606801,-0.13455098548105784,-0.09976313529270035,-0.12280160774077688,-0.1182531618646213,-0.06627324649265834,-0.06755374372005463,-0.1307920292019844,-0.15449564797537668,-0.06936412517513547,-0.016999073326587677,-0.07245060641850744,-0.06757066824606486,-0.10681471494691712,-0.14588203813348496,-0.06601130536624364,-0.030167992625917708,-0.132199049528156,-0.008684445704732622,-0.05098988328661237,-0.03889301951442446,-0.1031537726521492,-0.11596950462886266,-0.12657684513500758,-0.08662002294191293,-0.09090716923986163,0.26719594267862185,0.4508659988641739,0.31379570630295867,0.018630866493497576,0.6483839335186141,0.6858599413452404,0.39932052152497427,1.0882610093270029,0.5227383385811534,0.8584046810865402,0.8635852336883545,1.0397445463708468,0.9709447318954127,0.904054582118988,0.1702163384429046,0.4183512638722147,1.0504486049924577,0.30144780022757395,0.720367428447519,0.9768300761601755,1.0252096658306462,0.22979745268821716,0.6643216365150043,0.7092392339504191,0.6194218812244279,0.5451093019052807,0.4111859973386994,0.28510398670498815,0.7485874763556889,0.7755689237798963,0.6205893508823854,1.1196698205811637,0.45902240169899805,0.8359554708003998
SRR6505638,1,-0.06951720979330796,-0.10474344579103802,0.08389005064964294,0.23546233347484044,-0.09711301113877978,-0.10496179150816586,-0.11315538889695224,-0.04518808371254376,-0.10293309334000307,-0.11610933925424304,-0.08724039473703929,-0.09529686399868556,-0.10904328365411077,-0.04384431402598109,-0.07488758542707988,-0.1531026033418519,-0.12414566427469254,0.004962248228756445,-0.1415604507284505,-0.0202069173433951,-0.09830357590025025,-0.017188086041382382,-0.09031905623019806,-0.06641142309776374,0.07758878650409835,-0.015498200697558267,-0.10266903096011706,-0.04231677480441119,-0.018911637365818024,-0.07761067152023315,0.3577658174825566,0.29303004486220224,0.4678014407732657,0.1043913561318602,0.7839688179748399,0.6119487626211983,0.10910383638526712,1.005135525550161,0.4621986060270241,0.41229022334196735,0.5773070266337267,0.9205089041164943,0.7425361687450537,0.6113491590533938,0.12194997178656715,0.43653784080275465,0.5026643393295152,0.09756850943501506,0.26792737202984945,0.5417238814490182,0.4820155623768057,0.12222846171685628,0.42389808914491106,0.4298800341784954,0.5157628861655082,0.12087087812168258,0.22606912281896388,0.11242790626628059,0.48175466526299715,0.17074126853341504,0.062483452792678564,0.13124067362930095,0.21042282985789434,0.3699448652831571
SRR6505639,1,-0.09350998992366451,-0.09688599221408367,-0.024799433669873645,-0.06827370715992791,-0.10017372574657202,-0.10800211517406362,-0.052505268008514704,-0.0817284554775272,-0.09850458188780717,-0.06176616996526718,-0.07739009814602989,-0.13428891556603567,-0.1305782880101885,-0.010372509248554707,0.012562801263162069,-0.08594637630241257,-0.046871642981256754,-0.0803378141884293,-0.13269307570798056,-0.11959078907966614,-0.020300694342170442,-0.14638603691543853,-0.021471503722880567,-0.025931699134941612,-0.012874926141064082,-0.1303578620510442,-0.11271059087344579,-0.0979832531946678,-0.07016552133219582,-0.13308523808206832,0.3911691808274814,0.6797069076980863,0.35197803817157236,0.11750055530241557,0.8943001074450356,0.8648034887654441,0.6719956227711269,1.41751472226211,0.6269123964011669,1.1986721668924605,1.3114334344863892,1.2767874555928367,1.2928478632654463,1.2146866513150079,0.3650272733398846,0.6324556001595089,1.5557552235467094,0.7817472517490387,1.0449546788419997,1.492333313184125,1.3236498307170612,0.43856710514851976,0.886490706886564,1.1046218125681793,0.9543609746864864,0.937801592318075,0.6732886816774096,0.576995886862278,1.1003458148666792,1.2569002509117126,0.9135448719773974,1.5094777388232095,0.7783885853631156,1.4681379635419165
SRR6505640,1,-0.06269187480211258,-0.09448995973382678,-0.11331542900630406,-0.002208961972168514,-0.1003840992759381,-0.12239340147269624,-0.04924114720363702,-0.07368710517351117,-0.12803155396665847,-0.1120502839663199,-0.12222488809909139,-0.05333433406693595,-0.13028322905302048,-0.04465639325124877,-0.08233818890792984,-0.12164265981742314,-0.10629585651414734,-0.02993218813623701,-0.1601510771683284,-0.0193695386073419,-0.04154335334897041,-0.12546491410051072,-0.07007278501987457,-0.07263762078114919,-0.011731627862900496,-0.06954472911145006,-0.12423642565097127,-0.02921403625181743,-0.10534090282661575,-0.13132584494139468,0.2774639836113368,0.3851979672908783,0.40514142758079935,0.11528921127319336,0.9884293686066355,0.7936632920588765,0.2270427064171859,1.2179540395736694,0.4718510141330106,0.7166083093200412,0.983119550560202,1.2242150562150138,1.0267108998128347,0.8618159219622612,0.3416424995022161,0.6479765224669661,0.9139637904507774,0.30977929729436127,0.5393388548067638,0.8813839916672025,0.85999781531947,0.19092991948127747,0.9292256278651101,0.7744293283405048,0.669332319604499,0.4596040983285223,0.4643964522651264,0.23427848571113177,0.6432792741273131,0.3959910699299404,0.350537097081542,0.3996185419548835,0.35815677472523283,0.7434454938130719
SRR6505641,1,0.061049053711550574,-0.12921039760112762,0.01151583663054875,-0.026605214923620224,-0.03932637774518558,-0.12823344554219926,-0.055039213238550086,-0.14548360716019357,-0.02425302511879376,-0.07290836104324885,-0.023527708436761583,-0.12733329805944646,-0.03322891465255192,-0.06037763798875468,0.07164156826079957,-0.054143566106046946,0.011157316022685595,-0.07723566038267952,-0.13745978474617004,-0.014343882245676858,0.03986413936529841,-0.15655424339430674,0.02159047086856195,0.018204533628055027,-0.011064197069832258,-0.04399041139653751,-0.10132412426173687,-0.0964038334786892,-0.03908909218651908,0.001617988305432456,0.28166032688958303,0.38118344279272215,0.3017739642943655,0.09732992521354131,0.43942921741732527,0.5634903370269707,0.5660195111164025,1.0232130416801997,0.6455277255071061,1.0616855866142683,0.8352399255548205,0.8671234164919172,0.9558124393224716,0.9167059723820005,0.2641964150326593,0.3537313773163727,1.048129882131304,0.2891871040420873,1.058719851076603,1.0287229759352547,1.0735268417213644,0.24514093037162507,0.7705722637474537,0.5010892631752151,0.7457980657262462,0.6273271409528596,0.4671561654124941,0.25994681992701124,0.6430606096982956,0.9255033167345184,0.9100831798943025,1.3759974858590536,0.5431461839803627,0.7941174191821899
SRR6505642,1,-0.08809243435306209,-0.11089797424418586,-0.08007213300360101,-0.026442504354885647,-0.08260399316038404,-0.12597871252468654,-0.0433271945055042,-0.09740092445697103,-0.11255048614527498,-0.07164549401828221,-0.07536082927669797,-0.08706673926540784,-0.12279949975865227,-0.04023928235151938,-0.0335158250693764,-0.08925808833113738,-0.06603622223649706,-0.11247896429683481,-0.1437234463436263,-0.09482756263709494,-0.004023968641247068,-0.15456890953438623,-0.026820248791149685,-0.03128546050616673,-0.016089119848662188,-0.11324701671089445,-0.12469376038227763,-0.09196177497506142,-0.11593109608760901,-0.11140933952161244,0.3255724521087749,0.668746965272086,0.3401955823813166,0.0684071523802621,0.8795532499040876,0.8004865220614842,0.597634131354945,1.2940958876694952,0.5949143251138074,1.0588028069053377,1.2118506261280604,1.2065428282533373,1.2108204237052373,1.09617853058236,0.4046236372419766,0.5967364077057157,1.3790412034307207,0.6394042330128806,0.9575021777834211,1.3485515607254845,1.2803651094436646,0.41147009283304214,0.8742217921784946,0.9697564925466265,0.8363450419689927,0.8540739677846432,0.5775756991601416,0.5708393364080361,1.020849379577807,1.064088492521218,0.8227960807936532,1.2518939886774336,0.6309639204825673,1.2408289558121137
SRR6505643,1,-0.11861539312771388,-0.118599240668118,-0.04914158210158348,-0.04479876719415188,-0.07396891081173505,-0.11874054132827691,-0.06301582454969841,-0.12049367358641964,-0.11186545395425387,-0.06491695876632418,-0.04511693652187075,-0.08970484882593155,-0.08076996196593557,-0.0868318473720657,-0.012197094836405345,-0.05590280890464783,-0.02868818092559065,-0.10886728071740695,-0.12849457136222295,-0.07028199412993022,0.012875126408679145,-0.14569116809538432,0.0026877461267369135,-0.030830382236412594,-0.020961003111941472,-0.10479776454823357,-0.1150733684854848,-0.11850200593471527,-0.08267519410167422,-0.05140534256185804,0.3068674866642271,0.6154527579035077,0.20027719278420722,0.07509368445192065,0.6241652007613864,0.7808181196451187,0.5450171477028302,1.0259552640574319,0.5677361477698598,1.000428169965744,1.0033383922917503,1.010781535080501,1.0735621881405157,0.9967830500432423,0.1636776721903256,0.46508439044867245,1.2068286878722054,0.3914902061223984,0.6714412458240986,1.1110345040048872,1.0436048337391444,0.3420581498316356,0.7060369567147323,0.7529555825250489,0.6992896096780896,0.6347023713003311,0.35976380482316017,0.44835027892674717,0.9716772979923657,0.9596492754561561,0.7194259544568402,1.2341197984559196,0.6232718309121472,0.9317748908485685
SRR6505644,1,-0.07064625567623548,-0.11148279319916453,-0.09483250283769198,-0.036590845457145145,-0.0780905969440937,-0.13217536945428168,-0.062558294406959,-0.10214893785970551,-0.1083824062453849,-0.07673175845827375,-0.08117120393684932,-0.09653662677322115,-0.13379562326839992,-0.05382925484861646,-0.03147223378930773,-0.07702873540776116,-0.057072642658438,-0.1110910384782723,-0.14335191143410547,-0.06585594532745224,0.004569079726934433,-0.1508521501507078,-0.011271241520132338,-0.017524591514042447,-0.016424635225640877,-0.11669497218515192,-0.12581765119518554,-0.11369470826217107,-0.11155734264424869,-0.10452812910079956,0.30477937470589367,0.5654607393911907,0.26625433810945004,0.03221329514469419,0.7700334691575595,0.7603033727833203,0.46160376391240526,1.2056320469294275,0.5905340846095767,1.0107534442629134,1.1350437573024206,1.1426276713609695,1.1225341183266468,1.0246316343545914,0.30578025590096203,0.5226458887835699,1.2866973195757185,0.43388137221336365,0.8513215822832925,1.1706595277147633,1.18812672155244,0.30321211900029865,0.7930642387696675,0.855939581990242,0.7397639155387878,0.6814950512988227,0.45975502473967417,0.4348695565547262,0.877106531390122,0.9784164279699326,0.7478245938462871,1.216049877660615,0.5680197015338179,1.0043015884501594
SRR6505645,1,-0.0014141499996185303,-0.1260428045477186,-0.053262551448174884,-0.018520528184516088,-0.07382405775466136,-0.14061239361763,-0.07302716853363174,-0.10932704859546252,-0.029763157878603255,-0.0725658003773008,-0.08145240587847573,-0.12342150855277266,-0.10564609510557992,-0.04722718122814383,0.015637140721082687,-0.06796471277318362,-0.0336507899420602,-0.0594801502302289,-0.13329156062432698,-0.08444258889981679,0.02423965824501855,-0.1470698948417391,-0.01671809862766947,0.04155066290072033,-0.018921753657715663,-0.08634661404149872,-0.11527722009590693,-0.089338452222624,-0.11218260654381343,-0.09263628934110914,0.24161678978375026,0.46921282900231226,0.2927643603512219,0.09215150134904045,0.7386621023927417,0.6920168522213187,0.4961255283227989,1.2549909544842583,0.586239085665771,0.9246113481266158,1.1187853174550193,1.037054636648723,1.170836335846356,0.9666015314204353,0.3737984195883785,0.4257198234221765,1.2948496682303292,0.4831183808190482,1.0105240877185548,1.093015696038492,1.2202229898955141,0.29351965337991714,0.8805897931701371,0.7636106892355851,0.76839625995074,0.6663831107850585,0.5074944246028151,0.49756632479173796,0.9330768127526555,1.0530037028448922,0.9202786694679942,1.3918825494391578,0.6610073197100844,1.1230942798512322
SRR6505646,1,-0.020230434302772795,-0.12598580228430883,-0.058079141325184276,-0.06027370358684233,-0.06440024290766035,-0.1324694390807833,-0.07364383073789733,-0.13480499998799392,-0.07880642624305827,-0.07669441880924362,-0.06109553575515747,-0.13626123006854737,-0.11662241843129907,-0.030957897060683796,0.05542981731040137,-0.06492035729544503,-0.03278946849916663,-0.08185604667024952,-0.13952574346746718,-0.06318033805915288,0.015583162329026632,-0.13469827068703516,0.002442147449723312,-0.021942828382764543,-0.013673637328403336,-0.07913817571742195,-0.11190530977078847,-0.1135086336040071,-0.07354956439563207,-0.06813572932566915,0.24826723443610327,0.3953591514644878,0.22215157640831812,0.05678985267877579,0.6077240194593158,0.5936210677027702,0.49111288679497583,1.1619888033185686,0.599610000582678,0.9095917535679681,1.000872050012861,0.9997306829983634,1.091254831025643,0.9184845414544854,0.29025873116084505,0.4043585093958037,1.1827846680368697,0.392053342291287,0.9377622487289565,1.0294175914355688,1.1679099085075515,0.2378097102046013,0.7824411376246384,0.6997628164078508,0.7021641388003316,0.6432426486696515,0.4464287039424692,0.38087369395153864,0.7972817474177906,0.9703604483178684,0.8934970136199679,1.3776798897555895,0.5969323337610278,1.029895339693342
SRR6505647,1,-0.05904555054647582,-0.11015527748635837,-0.08467285707592964,-0.05826022582394736,-0.10201929083892278,-0.1278632671705314,-0.027852680134986128,-0.08924741909972259,-0.11166017981512207,-0.09068266834531512,-0.11505381230797086,-0.10470631080014366,-0.12942963625703538,0.0020628401211329867,-0.04084619419882074,-0.07774186001292296,-0.049441936292818615,-0.11250697182757514,-0.15154736595494406,-0.08710879247103419,-0.0049869950328554425,-0.1443380702819143,-0.04348253458738327,-0.02260102883779577,0.005111602534140859,-0.13368631526827812,-0.12833875311272486,-0.09172957072899278,-0.13063123715775354,-0.14131303770201548,0.27437456883490086,0.5307381993957928,0.26043111830949783,0.05445061131779637,0.8399343611339906,0.7467161794858319,0.35867823341063093,1.2746266249035085,0.5008849395172936,0.9160276385290282,1.2145119139126368,1.1431595555373602,1.1224379603351866,1.0383981061833245,0.3393600430738713,0.5415164051311356,1.2289536680494035,0.5997627079486847,0.81187818305833,1.1858929746917315,1.1999080372708184,0.24456716009548732,0.8356398950730052,0.8959970729691642,0.7379061590347972,0.723452240228653,0.4511116253478186,0.4659137043303677,0.8803158849477768,1.0933709059442793,0.738906421831676,1.1767525992223196,0.5707948133349419,1.251476702945573
SRR6505648,1,-0.10213178635707923,-0.10862301316644464,-0.044083471543022563,0.05610521084495953,-0.1240790704531329,-0.12400128399687153,-0.10819899350670832,-0.0796156161730843,-0.10571393902812685,-0.1121764135147844,-0.07658156859023231,-0.07823884008186203,-0.13493661795343673,-0.04667132241385324,-0.08167246622698647,-0.15245730429887772,-0.12568343497280562,-0.03444139819060053,-0.14522630348801613,-0.004602217248507908,-0.09195606357284955,-0.06216556505699243,-0.07426954167229789,-0.05498428789100477,0.002167460641690663,-0.04811725552592959,-0.09031048523528236,-0.07300474281821932,-0.08275234140455723,-0.09659489124481167,0.25762070023587774,0.30435929340975626,0.38959627731570173,0.056182064315570254,0.8113773139193654,0.5869790480605194,0.15862870815077,1.014802947640419,0.4374182628733771,0.5353097968867847,0.6476908581597465,0.9854141260896411,0.7733569070696831,0.6517111126865659,0.11986865954739707,0.4552176275423595,0.6447523662022182,0.14212791994214058,0.37129000042166027,0.6526953522115946,0.5832993377532277,0.1180834663765771,0.5345833706004279,0.48641564909900936,0.5506375219140734,0.20733949129602738,0.2586182742379606,0.08084568700620107,0.45318368609462467,0.20614118820854596,0.1703651568719319,0.2597263364919594,0.23230171629360744,0.398900894182069
SRR6505649,1,-0.11894543921308857,-0.06178369269972401,0.09626407335911479,-0.007810082818780627,-0.08818813466600009,-0.0810202730187614,-0.05403612327622146,-0.07563732988741581,-0.07649549549179417,-0.06546244770288467,-0.10295664891600609,-0.11534385489565986,-0.1196605821938387,0.018798861652612686,0.04472051427832672,-0.09650891573567476,-0.05674416997603008,-0.051802142024306316,-0.12707920611969062,-0.09824382247669357,-0.04461518355778286,-0.13625683156507357,-0.022828599571117332,-0.009508631325193815,0.04084127449563572,-0.11917786140527044,-0.0885342386152063,-0.05324037306542907,-0.04787991328963211,-0.10556896988834653,0.48999626615217756,0.9384108888251441,0.41790048139435904,0.13727914169430733,1.2239258150969232,1.142731751714434,0.6722114942967892,1.5276175418070383,0.6379331584487643,1.3019218423536845,1.6255530970437186,1.5801151820591517,1.6282066745417458,1.3621053035770143,0.5083773003092834,0.827850307737078,1.7855715581348963,1.0173531919717789,0.9880131440503257,1.6645314767956734,1.4931556859186716,0.6007993800033417,1.0542373699801308,1.5259841552802496,1.1215069549424308,1.1499699034861155,0.956330846462931,0.8324157116668565,1.555560726672411,1.508225397339889,0.9146405828318426,1.5209043260131563,0.9016467215759414,1.921531394124031
SRR6505650,1,-0.08980506671858686,-0.09475662692316941,-0.00030716056270258766,0.031663273993347375,-0.11696669665564384,-0.11389657960639202,-0.10854519583933454,-0.0752932053791093,-0.10156434298759061,-0.1098789915974651,-0.10747958200850657,-0.10061029231707964,-0.10661328371082034,-0.06328050898654121,-0.09754245608512845,-0.14711309969425201,-0.11794456480337041,0.028150425359074558,-0.13907833211123943,-0.042101203330925534,-0.09417942299374513,-0.09063557695065226,-0.08657602699739593,-0.057189746626785824,0.027620593351977214,-0.07720412739685603,-0.09174452828509468,-0.033174824501786916,-0.07177937079021442,-0.07869261822530202,0.3613590326692377,0.4155058435031346,0.47881447550441536,0.09359712951949664,0.9690909444221428,0.809373748089586,0.21763985164995706,1.1795566784484046,0.5416394504053252,0.663899373795305,0.8172761010272163,1.175024492400033,1.0031007996627264,0.7813568290855203,0.1815093835549695,0.5728697260575635,0.8365623950958252,0.24986546420093095,0.4560679793357849,0.8349769158022744,0.7435563531305108,0.14997708584581101,0.7433669396809169,0.6444315066827195,0.6647284690822873,0.3543342005993639,0.3882648128284408,0.20375532656908035,0.5880824880940574,0.31706312032682554,0.25005467023168293,0.30641812219151426,0.27843155179704937,0.649854410971914
SRR6505651,1,-0.10685080396277565,-0.12777610921433993,-0.08457749230521065,-0.01325543544122151,-0.11449672867144857,-0.13155044881360872,-0.11649605232690062,-0.10401949658989906,-0.11917125114372798,-0.11244595529777664,-0.07299057500702995,-0.06859327959162849,-0.15720948789800918,-0.04322294731225286,-0.0557241328060627,-0.15053929069212504,-0.11757705679961614,-0.09481295411075864,-0.15096184292009898,0.014880577368395669,-0.079698596149683,-0.06189628903354917,-0.0640592308981078,-0.04979488379987223,-0.0058012961276939935,-0.06139405690399664,-0.09796502334730965,-0.10192870668002538,-0.10829841664859227,-0.0878347914965291,0.20251688693783113,0.25274779434715,0.2963396201708487,0.006129588931798935,0.6756549658519881,0.48190368951431345,0.161087910511664,0.9336434815611158,0.3571164703794888,0.4990126277719225,0.5534324624708721,0.8918165479387555,0.6710269823670387,0.5936109977109092,0.09804749781531948,0.33829785377851557,0.6050909347832203,0.11584002976971013,0.42579492181539536,0.623066218969013,0.5625629137669291,0.08515632897615433,0.4428098329475948,0.3964325301349163,0.47201516585690634,0.1727203962260059,0.19022379868796893,0.07178205012210778,0.4137195144513888,0.2304393287215914,0.24677068154726708,0.33685208005564554,0.2204731378172125,0.3708406314253807
SRR6505652,1,0.03212490198867662,-0.1090740484318563,0.008246121662003654,-0.08892961378608431,-0.05031330076911088,-0.09188030487192529,-0.06811087738190379,-0.1258213682366269,-0.05371086671948433,-0.05763725084917886,-0.01534415568624224,-0.129900047821658,0.010671654982226235,-0.05760350025125912,0.11176849236445767,-0.02604474313557148,0.03540008355464254,-0.06066089176705906,-0.12887718581727572,-0.027292546651941457,0.05400927151952471,-0.13236686374459947,0.04848864461694445,0.028026295559746877,-0.00630054237054927,-0.04282426182180643,-0.09096549690834113,-0.10272465805922236,0.030231780239513943,0.031095988250204494,0.2922981541071619,0.44123489516122,0.2882609473807471,0.16081361632261956,0.3629425870520728,0.6244386710625675,0.6171949431300163,0.9594478522028241,0.6961310958223683,1.0946993519152914,0.8297608196735382,0.8684895506926945,1.0285435829843794,0.8805564320646226,0.21157190735851014,0.3986801853669541,1.0489809002195085,0.2788553259202412,0.9520887306758335,1.012463890016079,1.0956276953220367,0.25196636468172073,0.8225489450352532,0.5701643718140466,0.7226805830640453,0.6595831971083369,0.4311434882027762,0.3393158231462751,0.769147474850927,0.973023418869291,0.9934130134060979,1.4942343570291996,0.5969731828996113,0.819442052926336
SRR6505653,1,0.09103007933923177,-0.1317026444843837,0.033759450273854394,-0.04987614176103047,-0.03658671836767878,-0.12314324400254659,-0.07584494245903832,-0.13418012963874,0.028782332049948827,-0.061353800020047596,0.002663799694606236,-0.12922739769731248,0.007930403309209006,-0.030740717692034587,0.09921699975218091,-0.039092203336102624,0.0013083629310131073,-0.0686977564224175,-0.132440235465765,-0.04884623709533896,0.042800381779670715,-0.14747084038598196,0.03250374724822385,0.041294823799814494,0.014447770081460476,0.028688894318682805,-0.08137064746447972,-0.09815090575388499,-0.023998325424534932,0.030716904971216406,0.2889469638466835,0.4033061643796308,0.2756061793438026,0.14282999347363198,0.4214862936309406,0.5852629940158555,0.6275526652378696,1.0280165459428514,0.7882414891251496,1.033540753714208,0.8457328336579459,0.8060059393090862,0.9925964155367443,0.8568859009870461,0.2691580168902874,0.3882089342389788,1.116299603666578,0.32705806834357126,1.0914643577166967,0.9977116185639586,1.1708546781114169,0.2298957939658846,0.8210940839988845,0.4684149724032198,0.7826383337378502,0.6722798387220662,0.4420972040721348,0.3470584324428013,0.6707489479865346,0.9276867476957185,1.0169262917978423,1.466461287013122,0.5923573321529797,0.8618629393833024
SRR6505654,1,0.06089169532060623,-0.12253034859895706,0.02358955637152706,-0.017953433628593172,-0.03407402389815876,-0.10822331107088498,-0.06990759473826204,-0.1295005681791476,0.018845055252313614,-0.05579832888075283,-0.009490724120821272,-0.11122727979506765,0.03588305413722992,-0.051790032003607066,0.09552935484264578,-0.046147857925721576,0.030876692422940062,-0.060446471508060186,-0.1283442314182009,-0.015957279396908625,0.054491031382765086,-0.13724117406776973,0.04524407482572964,0.032903097569942474,0.007908162261758531,-0.02285416317837579,-0.09102809402559485,-0.08640879499060768,0.012430551861013685,0.06193203638706889,0.271154561745269,0.4070019487823759,0.2853405001972403,0.14381126420838491,0.3390194017972265,0.5561476847422975,0.5931546299585274,0.9037505111524037,0.6612062136243496,1.0197242322776998,0.7649647955383573,0.8064865131662893,0.9415356708424432,0.8372942666922297,0.2297995729105813,0.3501975280897958,0.9760195144585201,0.2573418281722947,1.003786216889109,0.9158969553453582,1.0223430086459433,0.19158465202365602,0.8017431987183434,0.4763509881283556,0.6909232858036246,0.6370433654103961,0.4431435614824295,0.2796937589134489,0.6565818233149392,0.8566681795886585,0.9277406956202218,1.3986630886793137,0.5273375404732568,0.7112052685448101
SRR6505655,1,-0.08144788071513176,-0.09003097883292607,-0.08687505365482398,-0.04925638224397387,-0.10409978085330554,-0.11134117262970124,-0.0504453711619135,-0.07182205578179232,-0.09357910603284836,-0.08429908592786108,-0.11012230214795896,-0.10394815781286784,-0.11991626889045749,0.03512800724378654,-0.057483449312193055,-0.12794826392616546,-0.08530428446829319,-0.04807037061878613,-0.14996398985385895,-0.10403669199773244,-0.040729218029550145,-0.14170879232031958,-0.0363686199166945,-0.056716621454272954,0.051690983186875074,-0.11416439179863248,-0.11592318383710724,-0.022859142294951847,-0.11790568561160139,-0.11559030094317027,0.4416793430490153,0.6993104591965675,0.4046984612941742,0.14209465203540667,1.1039255421076501,0.8505006794418607,0.5040214152208397,1.461759301168578,0.6088363751769066,1.1184661367109843,1.3469742621694292,1.4200818879263741,1.3081507767949785,1.1661766192742757,0.3936225191823074,0.8397433715207236,1.3860111619744981,0.7252031990459987,0.9075491854122707,1.3383612026061331,1.292643232004983,0.33931598705904825,0.9505709473575864,1.1535156949290208,0.8586098551750183,0.8976128888981683,0.6702463871666363,0.5966589251267058,0.9806025807878801,1.101699334170137,0.6224522329866886,0.8721553406545094,0.48983932392937796,1.3598554357886314
SRR6505656,1,-0.10756228411836284,-0.08330617738621575,0.019590021643255438,-0.04463533791048186,-0.09326560928353242,-0.10328895152945604,-0.027731328732833,-0.07307718794826153,-0.08104142686352134,-0.07187619805335999,-0.1036295656647001,-0.11255615311009544,-0.12018337845802307,0.02821814322045871,0.018789597121732577,-0.1045071075537375,-0.05693301970937422,-0.03492929001471826,-0.13405963672058924,-0.10041984756078039,-0.025050430292529718,-0.14738317898341588,-0.05047574186963694,-0.05119768476911953,0.07068485580384731,-0.11667578640793051,-0.07574103772640228,-0.03663027871932302,-0.07877517491579056,-0.1106857992708683,0.5295804007244962,0.9324769569294793,0.47395209116595133,0.1253363820058959,1.1084648509110724,0.9657426050731114,0.6278290184480804,1.5584503188729286,0.663757996899741,1.2516326670135771,1.4479949218886239,1.4827084456171309,1.4981915823050909,1.2860494649835996,0.45915709462549004,0.8397642278245517,1.6499022245407104,0.878107875585556,1.0255008403744017,1.5995970421603747,1.4345343698348318,0.5287204453987735,1.0438706302084029,1.3615998370306832,1.0786726219313485,1.1991206726857595,0.9108816672648702,0.727702872561557,1.3507734473262514,1.3724269632782256,0.8399690198046821,1.3820580137627465,0.7840068265795708,1.6915621659053224
SRR6505657,1,-0.062172788594450266,-0.11570154981953758,-0.09463953812207494,-0.06516063958406448,-0.08013610701475825,-0.13676565566233226,-0.06736749570284571,-0.1203927429659026,-0.109487545011299,-0.06894124352506228,-0.07132854206221444,-0.1261576408786433,-0.13705627620220184,-0.047808805746691566,-0.0010097170514719827,-0.08838654682040215,-0.05200855753251484,-0.09424374092902456,-0.1468848820243563,-0.09468915526356016,-0.015016880418573107,-0.14734679886272975,-0.045915601508958,-0.0209880354149001,-0.00220610573887825,-0.10955930714096342,-0.12453075125813484,-0.10998467821627855,-0.11437170420374189,-0.1103832617934261,0.3190712769116674,0.5673714237553733,0.30263190949335694,0.09935323255402702,0.8056957945227623,0.714360063629491,0.5642118842474052,1.2853757292032242,0.5619601979851723,1.0216312003987176,1.1457304911954063,1.1668035962751933,1.1978532860853843,1.017820231616497,0.3715314673525946,0.5230443392481122,1.325333637850625,0.563622555562428,0.962613793356078,1.20978227310947,1.2403862976602145,0.32790914816515787,0.8755188175876226,0.9215101003646851,0.8340494402800687,0.7582320081336158,0.54608325447355,0.5554745042962688,1.0185507663658686,1.0696335190108843,0.8917346692511013,1.344047031232289,0.6921850353745478,1.2353047281503677
SRR6505658,1,-0.08083403722516128,-0.10884551065308708,-0.0882795841566154,-0.05815409230334418,-0.0781199469098023,-0.12468041426369122,-0.06653474537389618,-0.102806509871568,-0.11517189602766718,-0.06725899768727166,-0.06965569619621549,-0.12067504333598274,-0.13308499434164592,-0.04473977802055223,-0.01219683513045311,-0.09401973975556237,-0.07406385934778623,-0.10011080772216831,-0.1456515874181475,-0.09587388379233223,-0.00675057087625776,-0.14887088856526784,-0.006212480366230011,-0.03338419858898435,-0.020130558804209744,-0.1253849326499871,-0.12380493006535939,-0.10876014766316595,-0.10758778186781066,-0.11534420507294792,0.3206544377441917,0.5649528077670506,0.2876091775085245,0.05328070904527392,0.8156346785170692,0.7769553416541645,0.5304088507379804,1.2552728961621011,0.5858601969620005,1.0483735352754593,1.13965505361557,1.2368703739983695,1.2011191083916597,1.0856814427035195,0.3129477657577289,0.548756543546915,1.353129804134369,0.5148238092660904,0.8941082273210798,1.2267408055652465,1.2190068545086044,0.3699014846767698,0.8235114301953997,0.938789385237864,0.8079657671707017,0.7430124506354332,0.5262003567601953,0.47236276630844387,0.9475244943584714,1.0209632558482034,0.7932000075067792,1.2944097795656748,0.6131190066891057,1.1206557090793337
SRR6505659,1,0.05460921674966812,-0.1249236911535263,0.004862833768129349,-0.040646216699055264,-0.0439308882424874,-0.09432152472436428,-0.06513488665223122,-0.1274689273642642,-0.014507845044136047,-0.060394592583179474,-0.008331960865429469,-0.12363932015640396,0.03160374079431806,-0.05714480259588787,0.10808047811899867,-0.015425610222986766,0.03840668246682201,-0.06018710775034768,-0.1287877658115966,-0.02127567698646869,0.06673508350338254,-0.1352359258702823,0.06394565637622561,0.053643260683332174,-0.0011183835033859526,-0.029526452933038985,-0.08928473283802825,-0.09956209787300654,0.012860348182065147,0.06050414139670985,0.27408801957166623,0.420983935041087,0.2950597346893379,0.1601191194994109,0.35869392433336805,0.6528304771387151,0.633582418518407,0.9753207904951913,0.6893619836441108,1.0974548400512762,0.8324574168239322,0.8641214409310903,1.02955661714077,0.904945927539042,0.24423909400190627,0.40905771890122977,1.0869917018072945,0.30353420440639767,1.0204217274274145,0.9809856042265892,1.0864057115146093,0.2373110396521432,0.8246714898518154,0.5078745085213866,0.7361562954527991,0.6875830103776285,0.47897046378680636,0.35557582122938974,0.7676313825483833,0.9224353986127036,0.9712665921875409,1.5097202334020818,0.6173586568662098,0.7654571586421558
SRR6505660,1,-0.09257458203605243,-0.07802421173879079,-0.029895706102252007,-0.05055981182626316,-0.10668083759290832,-0.10834762237833015,-0.03991073739390621,-0.06833990604666594,-0.09055492844033454,-0.09134388794856411,-0.11458635316895587,-0.11063716879912786,-0.12062148237600923,0.06637030520609447,-0.01733507016407592,-0.10281235125980207,-0.07677468564361334,-0.06290613879848804,-0.13963436973946436,-0.10423313028046063,-0.0038170606962272097,-0.1332846230694226,-0.010148405230471067,-0.017759540783507482,0.03282206389121711,-0.11378636663513524,-0.09810911118984222,-0.0343498560999121,-0.09375543573072978,-0.12997582494946464,0.45874109278832165,0.7982131343867097,0.4013345436126526,0.117546370452536,1.2159993957195963,0.9714561573096684,0.6575599658702102,1.5426581799983978,0.6167214342526027,1.3462344301598412,1.5190713575908117,1.55502074105399,1.520058389220919,1.4165253468922205,0.5158838547234025,0.9545158999306815,1.7279923132487707,0.9659277285848346,1.126208456499236,1.6212818933916944,1.4125810393265315,0.48809209519198965,1.0339010921972138,1.4198064402277981,0.9925118833780289,1.1577850899526052,0.9038407722754138,0.7082671674766711,1.1738909142357963,1.3783985042412366,0.8282355229769435,1.2706224854503358,0.7001200419451509,1.7119929364749364
SRR6505661,1,-0.09884375892579556,-0.08411259616592101,-0.03566512665046113,-0.05940289848617145,-0.10112241469323635,-0.10546817151563508,-0.03970072835987334,-0.0716632463570152,-0.09432717352839452,-0.08561846986413002,-0.09845696708985738,-0.12452813770089831,-0.1236211485894663,0.03139228160892214,0.006927851853626115,-0.10550789535045624,-0.07545114494860172,-0.059423683277730434,-0.13630412199667521,-0.10946893532361303,-0.02189502918294498,-0.1397969914334161,-0.02520328008436731,-0.01090322621166706,0.009769548113191766,-0.11744342052510806,-0.0972761767251151,-0.06118221401369998,-0.0879604167171887,-0.14403666023697173,0.454919109120965,0.7544816466314452,0.4304010905325413,0.09882793628743716,1.0637607244508607,0.9120828257873654,0.6463137141295842,1.534549345927579,0.6347698164837701,1.3089475695575987,1.3963446617126465,1.419431895017624,1.4370030122143882,1.341769963502884,0.4388041469667639,0.8723603380577905,1.6792824353490556,0.8840731297220502,1.1052261995417731,1.5702714323997498,1.3919327812535423,0.4798409776496036,0.9329497101051467,1.2760091159226639,1.020164178950446,1.089312074439866,0.8373910231249673,0.7035253063908645,1.1129686683416367,1.3394280755892396,0.8736505823076836,1.3208233714103699,0.7042102095271859,1.5528403499296732
SRR6505662,1,-0.046451522303479056,-0.11030628292688302,0.012447323117937361,-0.09028770987476621,-0.0699318666011095,-0.10630634746381215,-0.053177915912653716,-0.12330809980630875,-0.09818226311888013,-0.06346717263971056,-0.044101782143116,-0.15088605880737305,-0.05161442421376705,-0.0595542099326849,0.09371752398354667,-0.051087653530495505,-0.02143223743353571,-0.0696975328028202,-0.11767493028725896,-0.09076710284820624,0.00964309913771493,-0.14268555066415242,0.017630964251501218,-0.00746377557516098,-0.006360766610928944,-0.09061881899833679,-0.11501868973885264,-0.1050437047545399,0.001966778721128191,-0.06618554570845195,0.3729205269898687,0.6158498669309276,0.30091567976134165,0.1324239277413913,0.5818632758621659,0.7832394029412951,0.654577619263104,1.1748905245746886,0.7019436276916947,1.1956976939524924,1.088413723877498,1.0713160586144244,1.1743149948971612,1.0502289842282022,0.26975530705281664,0.5508963180971997,1.3646623492240906,0.4871950341122491,1.0849124831812722,1.2968642734257239,1.261626866646111,0.4135912592921938,0.8775196386102054,0.8910257906786033,0.8983031293111188,0.8151309671146529,0.6041739732027054,0.4797845887286322,0.9654415847201433,1.1626585572957993,1.007794353578772,1.606681486857789,0.7227165571280888,1.1717308961919375
SRR6505663,1,-0.09715917706489563,-0.104825459420681,-0.027037817053496838,-0.0893297090494473,-0.08160908307347979,-0.11283295654824801,-0.07414718943514995,-0.10872787290385791,-0.10208601823874883,-0.06300398654171399,-0.05455040505954197,-0.1495706151638712,-0.11969554690378052,-0.050919117139918466,0.07306209446064063,-0.05379885754414967,-0.03840991322483335,-0.07553523432995592,-0.12379806488752365,-0.1178018098164882,-0.02953015427504267,-0.1428903830902917,-0.007456367037125996,-0.03437897509762219,-0.01389383604483945,-0.08046455468450274,-0.11736523093921798,-0.1111496447452477,-0.03788072722298758,-0.1061969016279493,0.36779462679156233,0.5796701482364109,0.29811994092805044,0.10769497283867427,0.6765780233378921,0.8295498149735587,0.626856447330543,1.2500823863915034,0.6709396668842861,1.09122512702431,1.1233420031411308,1.1300687768629618,1.1550001950402344,1.0487386967454637,0.22675456146576575,0.5667562128177711,1.4076251898493086,0.5322041128362928,0.9554504517998014,1.2715570476970501,1.2473435141146183,0.39210205738033566,0.8019473872679684,0.939820974533047,0.8774629889854363,0.8188372371452195,0.5260883846453258,0.5154272520116397,0.9600867990936551,1.1780600803239005,0.8705150902803455,1.489395059645176,0.7107779069670609,1.3056846729346685
SRR6505664,1,-0.09724789591772216,-0.09228291043213435,-0.039659280862127035,-0.009460683912038803,-0.10944562312215567,-0.12042814734325345,-0.09447948869118201,-0.07693422979874802,-0.10130913509055972,-0.09215734313641276,-0.1046019760625703,-0.09767882392874785,-0.12716385855206422,-0.04806025432688849,-0.07398225779512099,-0.12077344687921661,-0.10731986039900221,-0.049725119822791645,-0.13819919686232293,-0.08483497479132243,-0.06202710685985429,-0.14277797724519456,-0.061833989806473255,-0.05943922246141093,0.00416889286134392,-0.08972822369209357,-0.11597754167658943,-0.06410923433889236,-0.07227370941213199,-0.0996223549757685,0.42995137109288145,0.6607495759214673,0.44032167536871775,0.07550966686436109,0.9583661958043065,0.860277248280389,0.37130059940474375,1.277544920665345,0.6174686018909726,0.9902093942676272,1.0588094613381795,1.3583188652992249,1.1656947093350547,1.0116164599146162,0.21680887735315732,0.6915794270379203,1.259659503187452,0.3945366314479283,0.6950848358018058,1.1653043241240084,1.0038339069911413,0.30177819782069754,0.7645930967160633,0.9234952053853444,0.7605919912457466,0.6142346215035234,0.5683709606528282,0.34042369414653095,0.8304427117109299,0.7495839425329385,0.41180378411497387,0.6649437996425799,0.4389605437006269,0.9330500087567738
SRR6505665,1,-0.08554412318127495,-0.11448006484923619,0.004099358405385699,-0.0685448870062828,-0.04490294999309948,-0.09404870787901538,-0.030188458372971842,-0.1209179162979126,-0.08827243426016398,-0.05475809744426182,-0.02050195953675679,-0.1151097153446504,0.013159803513969694,-0.08043416602803129,0.0724373252264091,-0.017267185130289624,0.0035835601655500276,-0.09116264485887118,-0.11733537380184446,-0.05271705559321812,0.06504989255751882,-0.13951278690780913,0.053669627489788194,0.012662238308361598,-0.049371324346533844,-0.09555715242666858,-0.11627782854650702,-0.10546545897211347,-0.006959656519549233,-0.023928883152880838,0.3133144165788378,0.6044588551989624,0.23498650746686117,0.16539010192666734,0.5414361740861621,0.8374489933651473,0.6404227296422634,1.0791992034230913,0.671242991728442,1.190424061779465,1.1336625899587358,1.0247319657355547,1.2268266401120596,1.0794981409396445,0.25349957815238405,0.5518413675682885,1.2940175533294678,0.47109111079147886,0.9278176788772855,1.2271571569144726,1.1921878084540367,0.45696229700531277,0.8659103385039738,0.8409250954615085,0.828510196613414,0.7723957630140441,0.5216584141765322,0.5251058345394475,1.064671568040337,1.1321915600981032,0.9621149280241558,1.5960672157151359,0.7497059160045215,1.021314921123641
SRR6505666,1,-0.09645165024059159,-0.1233925534678357,-0.05578046611377171,-0.04691696433084352,-0.09404781460762024,-0.12648421333038382,-0.1037600110783907,-0.10443188117018767,-0.09112041190798793,-0.08986738004854747,-0.04259820708206722,-0.13264598484550202,-0.14705870300531387,-0.06340780162385531,-0.010978707245418004,-0.10902064027530807,-0.08344055459435497,-0.08473819680511951,-0.1257285475730896,-0.09933482509638582,-0.06830730502094541,-0.1438302504164832,-0.035223836079239845,-0.040352173149585724,-0.0019868040191275732,-0.0636484899691173,-0.09303866113935198,-0.10692695022693702,-0.06881802542401212,-0.07092610480529922,0.3001473471522331,0.5162941281284604,0.3228688647172281,0.033796598868710656,0.6775058074189084,0.7314675876072475,0.5097453455839839,1.1554810713444437,0.6500344406813383,0.9238329902291298,0.833648145198822,1.0089639584933008,0.9474294643316951,0.86160830195461,0.13068453541823796,0.5102397397692714,1.1600020953587122,0.3461462972419603,0.759331255619015,1.130327784722405,0.9890049754508904,0.24494051720414842,0.6029365254299981,0.6455215665378741,0.757038414478302,0.6577127586518016,0.4057921916246414,0.33536431725536076,0.6507700934473958,0.8065943568944931,0.5998895253453936,0.9615171615566526,0.4065965845116547,0.8758498781493732
SRR6505667,0,-0.09664036306951727,-0.09423677915973323,-0.0534534826874733,0.026911736066852297,-0.137326180934906,-0.11946717925768878,-0.10733663990894067,-0.06887543101661972,-0.1116149720868894,-0.11685431163225855,-0.10699398602758135,-0.0930032352251666,-0.11804947097386632,-0.038865488687796254,-0.10541113466024399,-0.1279140024312905,-0.11963998207024165,-0.03483766011361565,-0.14978935037340438,-0.019532605473484312,-0.10438837962491172,-0.03973830611045871,-0.06351082452705928,-0.052198542548077445,0.000651962256857327,-0.0612308442027175,-0.08224725909531116,-0.05263183319142887,-0.05417767034045288,-0.08842372787850243,0.22752270554857595,0.3324690525020872,0.4716591861631189,0.048977410686867576,0.8707817196846008,0.7265571313244956,0.17479114766631806,1.074344888329506,0.4614987447857857,0.5174988622644118,0.7949908993073872,1.0355291281427657,0.9247933530381748,0.7600516272442681,0.15555682592093945,0.567784445493349,0.7276566411767688,0.2180646631334509,0.418964615889958,0.7270549346825906,0.6399224496313504,0.0789127413715635,0.6544412821531296,0.5060663760107543,0.5276447747434888,0.2604628125471728,0.31921046493308886,0.1921358864222254,0.5513121847595487,0.2668381301420076,0.18580723766769683,0.32222083157726694,0.22898245942113654,0.528722480471645
SRR6505668,1,-0.0474334428352969,-0.10684167327625411,-0.05161140167287418,-0.04158650870834078,-0.09732814452477864,-0.13059968128800392,-0.05597161428470697,-0.0962274931371212,-0.09139471767204148,-0.07353367177503449,-0.08119618041174752,-0.1398962363600731,-0.13781592675617763,-0.01851370544838054,0.01073562992470605,-0.07014193585408586,-0.03990430624357292,-0.08936863472419125,-0.14026459732225963,-0.09852055566651481,-0.008355318967785155,-0.1530272119811603,-0.03403776405113084,-0.03832974178450448,-0.010286127084067889,-0.10194150784185954,-0.13134243339300156,-0.10492412745952606,-0.1057505759277514,-0.1341442231621061,0.37600312051030677,0.5706287260566439,0.3153714622770037,0.07581829093396664,0.7600628536726747,0.6808686511857169,0.5387724073869842,1.2724945225885935,0.548947491816112,1.0780139906065804,1.105547479220799,1.1725679678576333,1.1021803500396865,1.05063653417996,0.3274805040231773,0.6027493349143437,1.3063155157225472,0.5426353492907116,1.039014424596514,1.272427614246096,1.215933437858309,0.3051859512925148,0.7848100742059094,0.89551269435989,0.8374566925423486,0.8095870475683894,0.5573672492589269,0.4640679714669074,0.8690068035253457,1.0768234985215324,0.7860406977789742,1.3209444199289595,0.612697576305696,1.2252918960792678
SRR6505669,0,-0.11413525364228658,-0.1213998906314373,-0.07361428546054023,-0.05076359012829406,-0.10023422432797295,-0.12805918710572378,-0.1084633506834507,-0.10960718031440463,-0.12186340029750552,-0.08522466676575798,-0.06922731016363416,-0.10449246210711342,-0.16103710872786386,-0.0633308355297361,-0.04237361039434161,-0.11503037357968944,-0.08433017879724503,-0.1233184209891728,-0.1510577244418008,-0.06124538076775415,-0.048479663474219184,-0.08742383335317884,-0.022500989293413504,-0.05876299020435129,-0.0455363073519298,-0.09233208905373301,-0.10330284173999514,-0.11797344870865345,-0.1060823705047369,-0.08786797842809133,0.2045263477734157,0.4087288560611861,0.3174295797944069,0.009778779266136033,0.6949409118720463,0.6620462329259941,0.2919728181191853,1.0327536655323846,0.43485374056867193,0.6504234905753817,0.7706706140722547,0.9881449512072972,0.8985503039189747,0.768110317843301,0.13523394667676517,0.3736615761050156,0.9353583582809993,0.21413545536675624,0.5531055070459843,0.8327405165348735,0.8435558346765382,0.18867956048675946,0.5736570358276367,0.5730487037383553,0.512639231979847,0.3741068152178611,0.33277238053934916,0.26473464337842806,0.7103320445333209,0.589629916208131,0.45340823009610176,0.800450303724834,0.4041037101830755,0.7434759895716395
SRR6505670,0,-0.05387777169900281,-0.08805476129055023,0.01908016258052417,-0.07785665233885604,-0.09191990377647537,-0.12841641091342484,-0.002394062666488545,-0.08103093398468834,-0.12264988252094813,-0.0991948853646006,-0.1278659211737769,-0.05680337388600622,-0.12270183275852885,0.006615434906312397,-0.046219971030950546,-0.10856285411864519,-0.01785297691822052,-0.01631968721215214,-0.15624127430575235,-0.03612245672515461,-0.009590698672192437,-0.1493974977305957,-0.05151487833687237,-0.0635309639785971,0.033752664391483576,-0.006771078067166465,-0.11706768508468356,-0.04064889629704079,-0.05853964973773275,-0.15725520785365785,0.4620438470904316,0.534928343125752,0.3057304745806115,0.16808000985266908,1.0209765444908823,0.7127459820892129,0.2805872936733067,1.3426251549805914,0.49015880482537405,1.0335490426846914,1.195479086467198,1.1008804781096322,1.1991548421127456,1.0148155327354158,0.5797435460346085,0.6578155511191913,1.2746641976492745,0.6427979016942638,0.8081555941275188,1.0585198977163859,1.3001503092902047,0.27687825901167734,0.8819151584591184,0.9493612764137132,0.7767704384667533,0.7418631421668189,0.5420317857393196,0.5528241310800824,0.8864930889436177,0.9406137849603381,0.6909078822604248,0.9027005327599389,0.5467528998851776,1.3423022010496684
SRR6505671,0,-0.07198494992085866,-0.11177568244082588,-0.0716799221866365,-0.0881018415093422,-0.11247225850820541,-0.12149831865515028,-0.05963246165109532,-0.11124809831380844,-0.10836916017745223,-0.09148986797247614,-0.07991504137005125,-0.14123555272817612,-0.13445516675710678,-0.04090127428727491,0.003983304968902043,-0.07039545582873481,-0.03961410479886191,-0.100902152380773,-0.14354665258101054,-0.08339016352381025,-0.01145845651626587,-0.14888476686818258,-0.008196476314749037,-0.016727577362741743,-0.021124721903886114,-0.1118358661021505,-0.10737393769834723,-0.10983924408044134,-0.08855525058295045,-0.10098365481410708,0.236798172550542,0.5274561239140374,0.2715912122761698,0.05538037845066616,0.6945141915764127,0.7284446752497128,0.5315375775098801,1.1480596980878286,0.554790801767792,0.9340064823627472,1.070968359708786,1.0626132552112852,1.0826440724943365,0.9758853475962367,0.246497243642807,0.5093064526362079,1.2483830792563302,0.46076938616377966,0.8806309103965759,1.1338136435619421,1.165192955173552,0.24230798759630748,0.7809521428176335,0.7896657953304904,0.6954519514526639,0.6745109621967588,0.43227551225572824,0.46371535930250374,0.8468036789979253,1.0704129615000315,0.7571417182417852,1.3287970955882753,0.567782383944307,1.1139878098453795
SRR6505673,0,-0.10544468089938164,-0.1281246053321021,-0.05630037294966834,0.022646442853978703,-0.12065925874880382,-0.13055178922201907,-0.09782912881512727,-0.08157083498580116,-0.11541357210704259,-0.10819664810385023,-0.09167945172105517,-0.10246324805276734,-0.147437684237957,-0.044248796334224086,-0.04860946855374745,-0.1425479395048959,-0.11537593177386693,-0.08257695393902915,-0.134891611124788,0.03601169053997312,-0.07370820535080773,-0.031455994716712406,-0.06028348792876516,-0.035740728090916364,0.018942361963646754,-0.02955430586423193,-0.0662590605872018,-0.09911647864750453,-0.09136865633938994,-0.07447444547766022,0.17575818938868387,0.21605089945452555,0.35366433805653025,-0.0006799514937613692,0.6414227314027292,0.530643241746085,0.07660664724452156,0.870772932256971,0.40151197569710867,0.426916415137904,0.5506005106227738,0.8073679506778717,0.6302010363766125,0.5250178064618792,0.036444731056690216,0.3199673807248473,0.585004170026098,0.07585143723658153,0.35783604851790835,0.569819448781865,0.4899561535567045,0.046520269342831204,0.4049881121941975,0.33841312270877616,0.3980455638042518,0.07737261003681592,0.1814210425530161,0.06440852635673114,0.362665345626218,0.168238228186965,0.14941994473338127,0.2693422761346613,0.16387014942509787,0.2992155296461923
SRR6505674,0,0.019148208733115877,-0.11921146132850222,0.1198613452059882,0.27775281774146215,-0.08781298728925842,-0.10567253216036729,-0.012657011925641979,-0.014127212975706373,-0.07740749352212463,-0.09352292173675128,-0.08181306718116892,-0.1151099284844739,-0.11120607810361045,0.03534705351505961,0.10159472216452871,-0.1563256404229573,-0.09836239474160331,0.0073383889560188565,-0.1210042302097593,0.11204915280852999,-0.021753696458680288,0.09669740923813411,-0.08594407194427081,0.027388871780463626,0.1386817451899073,0.03847163702760424,0.0752780990941184,-0.039865675781454356,1.4033700738634383e-05,-0.024371114426425526,0.17729389667510986,0.16782713761287077,0.4780540753688131,0.03532451284783227,0.6260925025812217,0.5496119715805564,0.07926006615161896,0.8499824356819902,0.4169196369392531,0.44252147898077965,0.36605446466377806,0.6337488208498273,0.5240769173417773,0.3666972339685474,-0.024914921394416263,0.3715620718763343,0.334817821426051,0.0639718733727932,0.18593806929753295,0.4617464125954679,0.298352079765339,0.09297420297350202,0.34888144096891793,0.32261176088026594,0.3455339137996946,-0.05375253143055098,0.11156536638736725,0.030275621052299227,0.1830856959734644,0.05886386867080416,-0.0024889989623001645,0.0462059069957052,0.04056717561823981,0.16116076707839966
SRR6505675,0,-0.08894636328997356,-0.12748566855277335,-0.071798922760146,-0.034698939216988425,-0.0809342954973025,-0.13632266063775336,-0.1152810627328498,-0.11717010555522782,-0.12423743094716753,-0.10038640669413976,-0.06175485359770911,-0.10042077196495873,-0.16428579602922713,-0.05756029167345592,-0.019257125045572008,-0.11149513402155467,-0.07594723839844976,-0.12287700601986476,-0.14596443942614964,-0.006128002490316119,-0.02908852164234434,-0.10468323741640363,-0.010790051094123296,-0.041033679353339333,-0.04366577150566237,-0.04161433556250164,-0.09181651898792811,-0.12793116883507796,-0.09489251167646476,-0.052757129073143005,0.19543472890342986,0.31903705320187975,0.2831153789801257,0.008058676762240273,0.5180463242743697,0.573920250205057,0.29252547823957037,0.928128297839846,0.5224837841732162,0.6686200414385114,0.691196722643716,0.8796147289020675,0.767480189778975,0.7110366225242615,0.10103696238781724,0.2552054135927132,0.8529509029218129,0.168588252472026,0.5829200672784022,0.7186249883047172,0.8411207507763591,0.14939357845910958,0.5391387141176632,0.43423400606427875,0.5407250877469778,0.31279152631759644,0.2502615616789886,0.16365991619282536,0.5465918885810035,0.5462725864989417,0.5183692649006844,0.8152828386851719,0.31484307774475645,0.5569165604455131
SRR6505676,0,-0.09709189606032201,-0.09085803133036409,-0.06497383011238915,0.007232663354703358,-0.12991981314761297,-0.11763198474156004,-0.10143733177600163,-0.07293277892417141,-0.10688531451991626,-0.11146574733512742,-0.11093397664704494,-0.08732658092464719,-0.12238125396626336,-0.025233341114861623,-0.09373011692826237,-0.13463793029742582,-0.11136996426752635,-0.017374608665704727,-0.15071776722158706,-0.02300111949443817,-0.08788520310606275,-0.06817892273621899,-0.06801626299108778,-0.062081863837582726,-0.007060919223087174,-0.07194627941186939,-0.09032557532191277,-0.048331313101308684,-0.07162499873499785,-0.10198366854872022,0.23805530129798821,0.35634671790259226,0.48193666179265293,0.07359326524393899,0.902570305126054,0.7246742440121514,0.2045004250747817,1.1447857597044535,0.4436039828828403,0.5712757142526763,0.8288695280041013,1.0826229367937361,0.9579249215977532,0.7603106275200844,0.22865654634577887,0.5793209405882018,0.801928677729198,0.26161875628999304,0.4518733556781496,0.7920913770794868,0.6975210011005402,0.11160517803260259,0.7274325489997864,0.5803887178855283,0.5780878657741206,0.3345531645630087,0.39722731549824986,0.20166821777820587,0.6025857739150524,0.36955521325580776,0.2727788543062551,0.36665698140859604,0.29241865520764676,0.6604553370603493
SRR6505677,1,-0.10073831837092127,-0.07070567046425172,0.007042374727981431,-0.05374494248202869,-0.09801744882549558,-0.07441467116586864,-0.060760445651664795,-0.06786473399344166,-0.0713842618279159,-0.07378382821168218,-0.10520296597055026,-0.10974192832197462,-0.11066917057282158,0.05631912073918751,0.0068229032414300105,-0.0931206326931715,-0.0546517518482038,-0.05670868429089231,-0.1274575809282916,-0.0991700789225953,-0.01892201163406883,-0.13500585140926497,-0.021391785237938166,-0.004830646195581981,0.06487301923334599,-0.12537953151123865,-0.08999806003911155,-0.01758878997394017,-0.07463378326169082,-0.12501913889510824,0.49488854834011625,0.8701712595564979,0.44383835150113427,0.1447973610567195,1.2492443599871226,1.0927163575376784,0.7231203498584884,1.6088775587933404,0.6517506039568356,1.3302981874772482,1.6000401718275887,1.6249123471123832,1.5982988561902727,1.453614503145218,0.6078368531806129,0.8706866832716125,1.7868966460227966,1.0896493388073785,1.0825686667646681,1.7074537734900201,1.5454446375370026,0.5763262316052403,1.1163019921098436,1.5213300612355982,1.1660941924367632,1.2359140068292618,0.9308283637676921,0.7956920715847186,1.4149313760655267,1.5046729104859489,0.9393643013068608,1.511740620647158,0.8379406024302755,1.8726528039468187
SRR6505678,0,-0.09585113690367766,-0.08333776625139373,-0.040968279753412516,-0.05761408992111683,-0.10950823261269502,-0.11302858132070728,-0.06726372681649602,-0.07037645424549867,-0.0915829710595842,-0.08621913247874805,-0.09902395095144,-0.10938333187784467,-0.11711774593485254,-0.015826666993754252,-0.06066456383892468,-0.11468705055969101,-0.0942278334072658,-0.047302519237356525,-0.1439158863254956,-0.11858805641531944,-0.030622137976544245,-0.13849115637796267,-0.0488599156960845,-0.04077874243791614,-0.013636763540229626,-0.11969091477138656,-0.10047930904797145,-0.04937833946730409,-0.09617071492331368,-0.10615224710532598,0.494079283571669,0.7280077146632331,0.46853505607162205,0.06534846712435995,1.0318047776818275,1.0200135484337807,0.5270131464515414,1.5120166093111038,0.6763529436928886,1.1571044964449746,1.3485017589160375,1.439663222857884,1.4870964586734772,1.244337567261287,0.37976936783109394,0.9075755476951599,1.5533471277781896,0.8543442402567182,0.928278637783868,1.4633046580212457,1.2806253603526525,0.4446385385734694,0.9000350300754819,1.2888060914618629,0.9251305514148304,0.9525735729507038,0.7906115871321943,0.5236969842642013,1.066556376005922,1.108820537504341,0.6066195110657385,1.0738354261432375,0.562694074852126,1.472699929827026
SRR6505679,0,-0.03130631561258009,-0.11936571249472243,0.11275941239936012,0.278953541336315,-0.08219508720295769,-0.11264531374243754,0.014480001792045576,0.0008201260851430041,-0.05291388958825597,-0.07694950007966586,-0.05667228038821902,-0.07809376823050636,-0.09981367470962661,0.01871441983218704,0.07345723413995334,-0.1592845278126853,-0.09956817648240499,0.013401655779619302,-0.11973228731325694,0.058377008619053025,-0.02704010478087834,0.050757280950035365,-0.06493419674890381,0.008652446525437492,0.04727479815483093,0.07935550383159093,0.02888715746147292,-0.03647569354091372,-0.0040305789027895245,-0.024427430537928427,0.32389854746205465,0.18037184327840805,0.4465232246688434,0.057358370295592716,0.6131051491413798,0.5306254061205047,0.07158250318441008,0.822834562510252,0.45805634026016506,0.4497513333335519,0.332237895578146,0.6666501121861594,0.4969457145780325,0.3968112926398005,-0.00674873696906226,0.3795503295425858,0.3042792531528643,-0.003357543210898127,0.1724367594080312,0.4123697802424431,0.3013840083565031,0.08845699126166957,0.2685526524271284,0.246693488742624,0.3596785621983664,-0.04136658938867705,0.11883520973580224,0.019830783563000814,0.19366334910903657,0.0760031004236745,-0.018522851169109344,0.008415976805346352,0.02735631966165134,0.06570829876831599
SRR6505680,0,-0.10171899465577942,-0.08229595908362951,0.0573896590088095,0.03435315645765513,-0.0952386547412191,-0.09838495879167956,-0.0947135240335878,-0.06939697957672511,-0.08117221858369053,-0.08041978946753911,-0.09043835316385541,-0.11729787396533149,-0.11970160070008465,-0.030442738639456884,-0.046308482331889014,-0.12661026790738106,-0.1030640857560294,-0.01791063603013754,-0.13225347309240273,-0.11130129333053317,-0.06356078386306763,-0.1437786359872137,-0.05683645413124135,-0.05430089722254446,0.04285217701856579,-0.11314031189041478,-0.10861902790410179,-0.03056953820799078,-0.054631360939570835,-0.08096743641155106,0.4995491941060339,0.7481662875839642,0.47102952136525084,0.13313320265816792,1.0701396760663815,0.9317762899611678,0.5229459969060761,1.4247039593756199,0.61656725193773,1.1731470695563726,1.2077877393790655,1.5611992648669653,1.3471256090062005,1.123617444719587,0.3499864898622036,0.7612851868782725,1.4164739421435766,0.6697261716638293,0.7414267169577735,1.3324072898831218,1.191799338374819,0.3905312663742474,0.8761641361883709,1.100274417815464,0.9015008737998349,0.8873717870031085,0.6985882486083678,0.536863012239337,1.0306758944477354,0.9439089096018246,0.6150805194463048,0.8936934087957654,0.49545113316604067,1.2941341421433858
SRR6505681,1,-0.08903789626700538,-0.14271581172943115,-0.1182425958769662,-0.05422245923961912,-0.09716859725969178,-0.15129804185458592,-0.11908828041383199,-0.13052163273096085,-0.11325684083359581,-0.0998278334736824,-0.058122556124414713,-0.09790345441017832,-0.16277397956166947,-0.026167803577014377,-0.023528737681252614,-0.11309669100280319,-0.0828213534717049,-0.12083293816873006,-0.14634795167616435,-0.028501385024615696,-0.03777591564825603,-0.07924652312483106,-0.05147956205265863,-0.040747928832258494,-0.04105212220123836,-0.0452568610531411,-0.11053267547062465,-0.12573234204735076,-0.12558657782418386,-0.05080057041985648,0.16617046615907125,0.2819164759878601,0.21944174702678407,0.0066849517502955026,0.5478637367486954,0.49257085785003646,0.25293397371258053,0.9705870509413737,0.43462923914194107,0.5540119665009635,0.6301276300634656,0.799891825233187,0.7225973041994231,0.6528330349496433,0.10979923719008054,0.26841568840401514,0.7595149244048766,0.1611194328538009,0.566125381072717,0.7029208120490823,0.7482232993996669,0.11122156502512683,0.5053163341113499,0.3924721186714513,0.521154154956873,0.30259403799261364,0.20107917381184442,0.1554439440369606,0.5229482310158866,0.4837954363652638,0.47318888349192484,0.7167723796197346,0.3004305117896625,0.5770676306315831
SRR6505682,1,-0.06310813767569405,-0.07736881409904786,-0.013566310916628157,-0.06383249749030386,-0.11540763319603034,-0.09660225953640682,-0.01994001937315001,-0.057559774623119404,-0.09196792276842254,-0.0887829711926835,-0.11332862824201584,-0.11085686406918935,-0.10310586847897087,0.06391984530325447,0.015173180095319237,-0.08483041876128741,-0.03973275635923658,-0.051755607061620267,-0.13539306500128337,-0.10210352444222995,0.0013628772326878139,-0.13199171370693616,-0.004827337539089578,-0.002865482121706009,0.054604230831111114,-0.10513857539211001,-0.102238943534238,-0.032943127277706354,-0.07952493096568755,-0.1439557426742145,0.4909058170659201,0.8202775748712676,0.42012964455144747,0.1382285538794739,1.1480889565178327,0.9865249033485141,0.664753509419305,1.6420197657176427,0.5862307029643229,1.3498079861913408,1.5530688847814287,1.6117946079799108,1.5060164013079234,1.424978392464774,0.5926043131122631,0.8480420878955296,1.7548749532018388,1.0686502988849367,1.0968550507511412,1.6850758689854826,1.5164160813604082,0.5007144383021763,1.0807446581976754,1.506830483675003,1.13281759885805,1.2383163486208235,0.943796672991344,0.718673457258514,1.3108289779296942,1.470309900385993,1.0184659654540675,1.5012263442788805,0.796770096889564,1.8707726555211204
SRR6505683,1,-0.1132382122533662,-0.09901416940348488,-0.06101550268275397,-0.08622870168515614,-0.09490466437169484,-0.11576905686940465,-0.052409824499461265,-0.0905658948634352,-0.0975118802328195,-0.07680832594633102,-0.07148902756827218,-0.12069652123110634,-0.13506858316915377,-0.02856272006673472,-0.01799045064087425,-0.09546999180955547,-0.07084477739408612,-0.08897806344819921,-0.14269219551767623,-0.10792559651391846,-0.02093769343835967,-0.14879348874092102,-0.012959531641432218,-0.040825102544788806,-0.006834977406210133,-0.1328533443489245,-0.11987755607281413,-0.09467329430793013,-0.10408404682363782,-0.12313997426203319,0.39239129716796534,0.7218644682850156,0.31865242150213036,0.06363218064819064,0.9570177921227047,0.884935302393777,0.5771998039313725,1.3254831113985606,0.6024902774287122,1.1368906774691172,1.2492873455796922,1.3022392732756478,1.3320078679493494,1.1678206792899541,0.33414930916790453,0.699766361287662,1.4494046228272575,0.6962031211171832,0.9104115068912506,1.39894650131464,1.2679535363401686,0.4256703427859715,0.8840380992208209,1.1142031497188978,0.8668724841305188,0.8737279645034245,0.6106168505336557,0.5758672063904149,1.1007962045925004,1.1763831717627389,0.7732276320457458,1.3383789275373732,0.6608870284897941,1.3568358133946146
SRR6505684,1,0.06109786619033132,-0.13746939173766545,0.020390040607058575,-0.02236411294766835,-0.046309888762022765,-0.13070191762277059,-0.05553008828844343,-0.13674972339400224,0.040229158475995064,-0.05336968334657805,-0.034712484904697964,-0.1396057137421199,-0.05794537865689823,-0.0347668979583042,0.0758954044431448,-0.033611164561339786,-0.005969066172838211,-0.04405903989183051,-0.13610263168811798,-0.04402500603880201,0.0394373961857387,-0.15135330813271658,0.03391841014048883,0.054343648720532656,0.002663017250597477,-0.03662679876599993,-0.10103968105145864,-0.09582253439085824,-0.048970564135483334,-0.03363269620708057,0.2947154452225992,0.3998244159987995,0.263454081756728,0.099331796169281,0.5155960672668048,0.5919904113481087,0.5815486636544976,1.0977146412645067,0.6760194408042091,1.028793869274003,0.9002501453672137,0.8817312036241803,1.0662412835018975,0.9477117008396557,0.32707808379616055,0.42976220111761776,1.1487298820699965,0.38655761097158703,1.1128786472337586,1.041893559973687,1.2485016446028436,0.24155942989247187,0.8007555726383414,0.6133355280118329,0.7574102564581803,0.666621248636927,0.4386274346283504,0.3704392005290304,0.7650176542145866,1.0293235246624266,1.0289850639445441,1.554571976086923,0.6498753918068749,0.9785848217351096
SRR6505685,1,0.06986894032784871,-0.11680090906364578,0.031279516007219045,-0.03900393630777087,-0.03884016888748322,-0.10402341493006263,-0.058298616537026,-0.13237652980855533,-0.01582187520606177,-0.05541675537824631,-0.007594878120081765,-0.13097036736352102,0.028711425938776562,-0.044317581823893955,0.11079283118514079,-0.032148116933447976,0.02375959466111713,-0.04833960426705224,-0.1287642488522189,-0.02203840795638306,0.04582052677869797,-0.13968594372272491,0.04430490180051753,0.033461804900850566,0.004317447277052062,-0.02223383156316621,-0.08329174813947507,-0.09586855236973081,0.006748947714056287,0.049024441645347645,0.3010939343699387,0.4359587569321905,0.3489508958799498,0.1606198035712753,0.3658973276615143,0.5999533401003906,0.6540206010852542,1.0186327419110708,0.7396991795727185,1.092021893709898,0.7995842312063489,0.8290243051680071,1.0329059170825141,0.8911587191479546,0.2427542805671692,0.41541095743221895,1.1336969307490758,0.32338955998420715,1.0977589381592614,1.0283584690519743,1.131044985992568,0.23376279643603734,0.841279176729066,0.5188567808696202,0.7765952960721084,0.7153808602264949,0.4871787897178105,0.34921231865882874,0.6910794148487704,0.9613158069550991,1.0164758009569985,1.5035710324134146,0.6055529756205422,0.847134483579014
SRR6505686,1,-0.07334768452814647,-0.10951679253152438,-0.061312043241092136,-0.07360299856268934,-0.09349249782306808,-0.1222966041948114,-0.0592981752540384,-0.10338383966258594,-0.10413717717996665,-0.06719928820218359,-0.07215371195759092,-0.14028694374220713,-0.13207194741283143,-0.0382661617227963,0.013574553387505668,-0.06095116851585252,-0.03976573050022125,-0.09373953911874976,-0.1376079491206578,-0.09742845594882965,-0.007741469357694898,-0.1514912343450955,-0.016216105116265162,-0.02189417396272932,-0.023645002927098955,-0.11508392436163765,-0.12256066714014326,-0.10898924579045602,-0.08803663123399019,-0.13091778382658958,0.32952988520264626,0.5645699032715389,0.3064934516026239,0.07444080071789878,0.7711215534114412,0.7639540433883667,0.5433766533221517,1.2399162437234605,0.5849301032721996,1.0563424570219857,1.1108446248940058,1.135850463594709,1.1707105141665255,1.0410744920372963,0.30543012438075884,0.5810735804427948,1.3181581837790353,0.5360906400850841,0.9734420755079815,1.2875042421510443,1.2082928685205323,0.31035442863191876,0.8253465853631496,0.9076946186167854,0.8223526658756393,0.7635387395109449,0.5302398045148168,0.46537688427737783,0.9119117738945144,1.0788546140704836,0.8116884061268398,1.3707314091069358,0.6397259416054502,1.1828324752194541
SRR6505687,1,0.03789822863680976,-0.13542704284191132,-0.03243253805807659,-0.014843442078147615,-0.056989061779209545,-0.14490283812795365,-0.08936374075710773,-0.1479105188378266,-0.013541934213468007,-0.07104555304561343,-0.01514972107751029,-0.10831780891333308,-0.07681938314012118,-0.07210218427436692,0.03358048626354763,-0.08193517063877412,0.005253130836146218,-0.08759154379367828,-0.14442098247153418,-0.01856640407017299,0.013410557360787476,-0.15566263667174748,-0.009312126253332411,0.016292038772787367,-0.0008925686457327434,-0.021149659795420512,-0.09718009789607354,-0.10614247327404362,-0.0782587251492909,-0.0024617676224027362,0.2834078318306378,0.3848897415612425,0.24535487911530904,0.08297642426831382,0.46393114647694994,0.5346369764634541,0.5407545726214137,1.0036005015884126,0.6095650925167969,0.9735576739268643,0.7615398168563843,0.8291324989071914,0.822511898619788,0.8254725874534675,0.21014767539288318,0.34566932996468885,0.9108967568193164,0.244535536638328,0.9492608489734786,0.9531560955303056,0.9914113472082785,0.19071034927453315,0.667067292545523,0.47211849104080883,0.689416733769966,0.5320602666054454,0.33426340190427645,0.2190371166382517,0.5699291601777077,0.7337585666349956,0.7451458509479251,1.1766159199178219,0.4160540561590876,0.6573918791753905
SRR6505688,1,-0.09925157363925662,-0.10075308116418975,-0.09454052629215377,-0.08515415340662003,-0.1032319889803018,-0.1178967718567167,-0.051365235288228304,-0.10042465531400271,-0.12010245810129813,-0.07593283403132643,-0.09092841616698674,-0.12113622895308904,-0.1371319219470024,-0.02171241638383695,-0.019423406038965498,-0.09191689746720451,-0.07310731416302067,-0.10772048642060586,-0.1537660594497408,-0.1024499556847981,-0.017512954771518707,-0.14444045190300261,-0.01716916582414082,-0.01920219324529171,-0.01368920864271266,-0.14467727446130343,-0.1282478698662349,-0.0884718298246818,-0.12468964659741946,-0.12697555656944,0.3371377768261092,0.671489451612745,0.2758244462311268,0.08232859309230532,0.9801606386899948,0.863312440259116,0.5054425863283021,1.2920566057520253,0.5573121224130902,1.0486475133470126,1.2802069187164307,1.2443438981260573,1.3468337122883116,1.1438748559781484,0.40612370893359184,0.6590886754649026,1.3833341002464294,0.6963514749492917,0.86869073339871,1.309912851878575,1.2515309240136827,0.37773069739341736,0.8932655283382961,1.103468544781208,0.8438216905508723,0.819352775812149,0.6014604254492691,0.6023627567504134,1.1506483852863312,1.1486291480915887,0.7834508695772716,1.3274509417159217,0.6726327088794538,1.3148402614252908
SRR6505689,1,-0.09900483196335179,-0.0870617681315967,-0.024682780461651937,-0.06244831106492451,-0.09103575215807982,-0.1115883054610874,-0.05513993147178553,-0.07542106815214668,-0.08399167310978685,-0.0920087636581489,-0.08844263000147683,-0.11870640622717994,-0.12323913403919765,0.002519071102142334,-0.046936064160295894,-0.1141678589795317,-0.0771610735516463,-0.04109839602772679,-0.14538558572530746,-0.11564766349537033,-0.03719431561018739,-0.14241574385336467,-0.04701350403151342,-0.07206056692770549,0.0009815571164446218,-0.11249246661152158,-0.08663583440440041,-0.00932330425296511,-0.08848715892859868,-0.11891180596181325,0.5073402172752789,0.7185541315536413,0.483835260782923,0.14509831360607808,1.1134356853019978,0.8833152460200446,0.5923535445971149,1.5279913012470518,0.6169983861701829,1.1775999133075987,1.2548768605504717,1.4242540470191412,1.4686590688569205,1.221351025359971,0.4722801098333938,0.8577079293983323,1.4272936752864294,0.8816570000989097,1.0016267193215234,1.5269058016794068,1.3503263422421046,0.40584265760013033,0.958865829876491,1.234095765011651,0.9915158599615097,1.0219294194664275,0.8124914265104702,0.6062067049954619,0.9833167376262801,1.1511784323624201,0.7508094560887132,1.1737841878618513,0.5511648314339774,1.5559741045747484
SRR6505690,1,-0.05565815791487694,-0.11744982483131546,-0.09096481704286166,-0.056919560368571966,-0.09462294142161097,-0.13849347829818726,-0.07754973375371524,-0.11029516905546188,-0.11419284556593214,-0.08576103140200887,-0.07196929412228721,-0.13524121258940017,-0.16045707677091872,-0.051432025751897266,-0.01182402138199125,-0.09147639466183526,-0.07398697973362037,-0.09566835580127579,-0.14541466214827128,-0.058257997035980225,-0.022633243884359087,-0.14096479543617793,-0.04485721992594855,-0.042448071496827264,-0.02125479227730206,-0.09351058304309845,-0.12505445522921427,-0.1157046481301742,-0.11021183963332858,-0.10894210476960454,0.28459302123103825,0.4517736743603434,0.33961967804602217,0.02497700335724013,0.6690978957007506,0.6345334712948117,0.43979940350566593,1.2011903205088206,0.5186462764229093,0.8874702283314296,0.8779907811965261,1.0682459819529737,0.9615431534392493,0.9394026473164558,0.2210303864308766,0.4947239624535931,1.0761063354355949,0.34861185614551815,0.8796921122287001,1.0891995962177003,1.0274004324206285,0.20623562804290227,0.6814733775598663,0.7146185370428222,0.741687291434833,0.5956174220357623,0.4563702552446297,0.27778966299125124,0.6618442471538272,0.799954491002219,0.6154160898711,1.0615902372768946,0.4816411840064185,0.9041644526379449
SRR6505691,1,-0.06489887607416936,-0.0844513193837234,-0.060295872789408476,-0.01896191548023905,-0.11270434036850929,-0.11371579267350691,-0.04228315637945863,-0.06911496751542602,-0.10200815607926675,-0.09498399815389089,-0.11581451020070485,-0.09460220219833511,-0.12408213330698865,0.04262525801147733,-0.05230368806847504,-0.09279468549149376,-0.09176410202469144,-0.04157472401857376,-0.14505145060164587,-0.0946261225534337,-0.00012597627937793732,-0.1348846714411463,-0.027934585165764605,-0.05373067781329155,0.05469348867024694,-0.09844233255301203,-0.1196081212588719,-0.046006620462451665,-0.10666341387799808,-0.13189751548426493,0.44522914183991297,0.6903363019227982,0.41222230025700163,0.12406340800225735,1.0946961758392197,0.8841531361852374,0.5035468925322805,1.5439372169119971,0.5985587300466639,1.1493412320102965,1.3604261577129364,1.469935621534075,1.35448180777686,1.2567308694124222,0.4678482179130827,0.8670960403978825,1.5122326612472534,0.7987706363201141,0.9547920716660363,1.4604125618934631,1.3348585367202759,0.38701337268243413,1.0465054320437568,1.2732880041003227,0.8783434821026666,0.960442320576736,0.7228407604353768,0.5467840634020311,1.0314001478254795,1.06315949346338,0.6387885718473366,0.9957350620201656,0.5760259649583271,1.4689394932772433
SRR6505692,1,-0.015702949570758,-0.12578438807811057,-0.03683293564245105,-0.04755873765264239,-0.06719212587423888,-0.13132739705698832,-0.054573358701808114,-0.13551647615219867,-0.08124085342777627,-0.0817042025072234,-0.051097984824861796,-0.1274153840328966,-0.07381021524114269,-0.05129558114068849,0.06393392809799739,-0.06889358349144459,-0.03736309015325138,-0.07963504615638937,-0.1451983739222799,-0.05736995381968362,0.01799829144562994,-0.14992206756557738,0.005072883729423795,-0.019712460892541066,-0.009964320143418652,-0.08982327899762563,-0.11451555841735431,-0.11063878264810358,-0.052047669887542725,-0.06391753309539386,0.29839581144707544,0.4904621440385069,0.2918614628059523,0.08161143852131707,0.6085868791810104,0.6200095830219132,0.5948010253986078,1.2122171585048949,0.6489200054202229,1.0548058929187911,1.0123358964920044,1.0743928980082273,1.133439193878855,0.9904673706207957,0.30744621264083044,0.4255839277591024,1.220962839467185,0.41273127709116253,1.0336897979889597,1.1613110436924867,1.2234087075505937,0.2918888745563371,0.8804114003266607,0.7469987603170531,0.7831466080886977,0.7373962019171033,0.5347148818629128,0.4444390599216734,0.8624624333211354,1.0416942547474588,0.9824701121875218,1.44588275040899,0.6315092725147095,1.0444872283509798
SRR6505693,1,-0.05458143725991249,-0.11603194954139846,-0.05050579298819814,-0.0803762823343277,-0.08578586897679738,-0.12533187600118773,-0.05391667038202286,-0.10808827089411872,-0.10949673636683396,-0.07666747272014618,-0.06968051195144653,-0.13558634157691682,-0.10998221992381982,-0.03807432257703373,0.031595424349818914,-0.0703037457008447,-0.05121377270136561,-0.0918865432696683,-0.14257169195583888,-0.09433083229565195,-0.016703122428485324,-0.14846059573548182,-0.020306081910218512,-0.032053547246115546,-0.022781807064477886,-0.10763727873563766,-0.119497433836971,-0.10114603542855807,-0.07129439033035721,-0.11223621160856315,0.367108122578689,0.5641440025397709,0.3408432666744505,0.11282308679074049,0.7156397024435657,0.7860153998647418,0.6494324276489871,1.3078437873295374,0.6786344519683293,1.2275146692991257,1.2099167960030692,1.1520273078765189,1.1587399968079157,1.1200214581830161,0.3792345490572708,0.5534087233245373,1.4218491911888123,0.6237630439656121,1.103769036276,1.3747835036899363,1.3159740322402544,0.3930456191301346,0.9113159166382891,0.8923315544213567,0.9092511430914912,0.8936499749709453,0.6252280963318688,0.4965821946305888,0.9885655098727771,1.1795485807316644,1.0009425048317229,1.452904227588858,0.6870299428701401,1.3067370014531272
SRR6505694,1,-0.07053191693765777,-0.11473764106631279,-0.08037402853369713,-0.045483075082302094,-0.08234144640820366,-0.13098970907075064,-0.048903421099696844,-0.11446102868233408,-0.11810404408190932,-0.06410257465073041,-0.0746194166796548,-0.1198278833180666,-0.12300531246832438,-0.04334138533366578,0.002844095230102539,-0.07953001106423992,-0.0680141793563962,-0.10142918064125947,-0.14646223400320327,-0.0971295636679445,0.013477445180927004,-0.14924987299101694,-0.014752185770443507,-0.033517814108303616,-0.020936602859624794,-0.11769433372787066,-0.12391692719289235,-0.11731153034738132,-0.11753015778958797,-0.12049115475799356,0.29493986283029827,0.5849624105862209,0.2673456769968782,0.07639131482158389,0.7970996562923703,0.7468265018292836,0.4903379747910159,1.2660278167043413,0.5980551785656384,0.999884099832603,1.2137770184448786,1.0944761208125524,1.2155269043786185,1.0369710911597525,0.3469497744393136,0.5383865364960262,1.3462634767804826,0.5406142920255661,0.9388513692787716,1.1667279771396093,1.2515364717692137,0.36196219495364595,0.822733289961304,0.881921473890543,0.7841785174262311,0.7306453656139118,0.5232346135058573,0.5150477694613593,1.0109667501279287,1.1200214943715505,0.8549411413925034,1.3977855720690318,0.6927850219820227,1.1925650175128664
SRR6505695,1,-0.0960113706865481,-0.08531679399311543,-0.04566021463168519,0.014819718897342682,-0.09125781671277114,-0.11430375673808157,-0.06590438767826916,-0.07253608503378928,-0.08522537124476262,-0.08444657762135778,-0.11195717698761395,-0.09003037104516157,-0.12176842136042458,0.014943215996026993,-0.058430153344358714,-0.12573906247104918,-0.09116636961698532,-0.02760774309613875,-0.1417427510023117,-0.10675931854971818,-0.04738929548433849,-0.13485053926706314,-0.034347186397228925,-0.08684895826237542,0.05085784649210317,-0.09626529019858156,-0.09882922310914312,-0.04703815920012338,-0.07775524258613586,-0.1154938233750207,0.39944289278771195,0.6943122542330197,0.503393258367266,0.09892217921359199,1.0550520032338682,0.8015570108379636,0.4186038928372519,1.434635522775352,0.5889773177249091,0.9855687362807137,1.1780364025783325,1.315763030733381,1.249150744506291,1.130191832780838,0.3250449390283653,0.8543622025421688,1.31800611104284,0.568234350000109,0.7967584984643119,1.244865070895425,1.1051334568432398,0.30739312512534006,0.8696396542446954,0.9990855992904731,0.7948501771315932,0.787139526435307,0.7035139761865139,0.4867642069501536,0.9190574754029512,0.8731759531157357,0.4826403318771294,0.8028267568775586,0.5146899340408189,1.2278857656887598
SRR6505697,1,-0.09575190501553672,-0.08959705781723772,-0.04466342180967331,0.04048188775777817,-0.11468941798167569,-0.11532856730212059,-0.08336235695917692,-0.07253903419976789,-0.09767278689625007,-0.10144862213305064,-0.09810519271663257,-0.09225361155612129,-0.11774322417165552,-0.014908858707972936,-0.07865613592522484,-0.13484392102275575,-0.10543549746008855,-0.026520106941461563,-0.14598566719463893,-0.060388029153857915,-0.08111462156687464,-0.09911915207547801,-0.0389417191701276,-0.06882187996857933,-0.004525562615266868,-0.09722222770298165,-0.1016450934112072,-0.06179507475878511,-0.06307942240632006,-0.10151900138173785,0.3213986023994429,0.521996904696737,0.510777972638607,0.07108467604432787,0.9595368887696948,0.7541070601769856,0.27919984475842546,1.3168858428086554,0.5098637044429779,0.821182909820761,0.9458718704325813,1.2026100158691406,1.05548560832228,0.9895483739674091,0.2324705163815192,0.7464589827827045,0.98847696185112,0.31881642288395334,0.5791267089745296,0.9734244852193764,0.796315386891365,0.1871984675526619,0.7920815210257258,0.7316002630229507,0.6815869648541723,0.543990330097066,0.5741584835840123,0.2553175701094525,0.6813248704586711,0.503571269767625,0.33234610089233946,0.4779586930360113,0.38913068015660557,0.7718054769294602
SRR6505698,0,-0.07256216795316764,-0.11032106527792555,0.04337242551680122,0.16000020184687205,-0.113427063051079,-0.10920695065786797,-0.07167863645424534,-0.05857387610844204,-0.0853505365417472,-0.1111216779266085,-0.08545343260214265,-0.11402127971606595,-0.11545100275959287,-0.03535199058907373,-0.03433416570935931,-0.1556215456553868,-0.118151981250516,0.002906479739717075,-0.12766975350677967,-0.021614419562476023,-0.06399175844022206,-0.002804218126194818,-0.0829336488885539,-0.0400375123800976,0.027185960672795773,-0.04339477699249983,-0.03176766288067613,-0.07171702704259328,-0.044126486139638085,-0.07040290907025337,0.2663207564037293,0.28726649284362793,0.5019218325614929,0.05501637341720717,0.7833087316581181,0.6242951867835862,0.12531862407922745,0.979328738791602,0.5085819086858204,0.5020703939454896,0.6044912806163276,0.8978700765541622,0.7458690101546901,0.5771981009415218,0.057005874546510835,0.47172143975538866,0.5685637534729072,0.11038194490330559,0.3503747114113399,0.5944863057562283,0.526594312362639,0.1243968318615641,0.45956540427037645,0.4517537323491914,0.45074207867894855,0.12260902034384864,0.2882581800222397,0.1227040524993624,0.4235268139413425,0.2463055162557534,0.11160336621105671,0.22605471472655023,0.1873353381774255,0.3824424066447786
SRR6505699,0,-0.10758893085377556,-0.12717747262545995,-0.05365604055779321,0.017197324495230402,-0.10938186135276087,-0.1332822497934103,-0.1026511729827949,-0.0852040887943336,-0.11597104530249323,-0.11221009918621608,-0.0910454701100077,-0.11034481387053217,-0.1483748842562948,-0.06000446295365691,-0.051636128553322384,-0.14154702531439917,-0.11270089394279889,-0.09535713600260871,-0.13376513229949133,-0.008208623688135828,-0.07336355000734329,-0.040556449975286214,-0.06895750674552151,-0.04754368907638958,-0.00457992111997945,-0.04100756799536092,-0.074981546827725,-0.09908576628991536,-0.09054739061476928,-0.07557489829404014,0.17894803679415158,0.2854945260499205,0.3891352399119309,0.0010653074298586165,0.6427247811641011,0.560004398226738,0.10339795531971115,0.8789023565394538,0.4194305432694299,0.440025983112199,0.5408923333244664,0.8372304844004768,0.6647293099335262,0.5306749008595943,0.032678241176264625,0.34039001712309463,0.6373535485139915,0.07217417763812202,0.355076076728957,0.6022434750837939,0.5289500094950199,0.05772933789661953,0.4208196848630905,0.370083058785115,0.42297046578356196,0.11358758913619178,0.21313762132610595,0.0756648491535868,0.38938306272029877,0.2015627415052482,0.1651685099516596,0.31056603310363634,0.17471822564091002,0.33752724315438953
SRR6505700,0,-0.07552438388977732,-0.1367965436407498,-0.11092911873544965,-0.05820633790322712,-0.08717986222888742,-0.1464013084769249,-0.12325778071369443,-0.13541222097618238,-0.122970153976764,-0.11052812423024859,-0.049653583339282444,-0.10761942288705281,-0.16160702918257033,-0.07785048761538096,-0.013266517647675105,-0.11506512880857502,-0.07760167940120612,-0.12800161487289838,-0.15231017768383026,-0.017979214234011515,-0.03985637319939477,-0.14082118017332895,-0.024625013981546675,-0.033868142536708286,-0.024122590465205058,-0.03550801279821566,-0.08943708028112139,-0.11730314551719598,-0.10590355983003974,-0.031149594113230705,0.24521915082420623,0.34700099911008564,0.33104584366083145,0.015270388019936425,0.5003391662612557,0.5759866264249597,0.3676616778331144,0.937193187219756,0.5590187396321978,0.8058979702847344,0.673719340137073,0.8872117664931076,0.7319724235151496,0.7228836731186935,0.11872135129358087,0.31795308010519613,0.8344413127217974,0.1546145902414407,0.678327803267166,0.7914560356044343,0.8862083650061062,0.16039181074925832,0.573071052985532,0.4672139853771244,0.59745975370918,0.396357029144253,0.29988903232983183,0.15608784556388855,0.5106603077479771,0.5663340006555829,0.531344295080219,0.8030553672994886,0.2630661481193134,0.5170891540391105
SRR6505701,0,-0.0971461795270443,-0.12866505927273206,-0.05274420231580734,0.06488354291234698,-0.10912192173834358,-0.12807530191327846,-0.09069364078875099,-0.07972456834145955,-0.11882802631173815,-0.1087416543492249,-0.08959152602723666,-0.09117950765149933,-0.146489788378988,-0.04422497641228672,-0.042657867074012756,-0.14361391642263957,-0.10859361064753362,-0.09395018911787442,-0.13926287846905844,0.045582725533417294,-0.06513894775084086,-0.029424421356192658,-0.05690996548427003,-0.04396183238298233,0.026253600205693926,0.0005297188514045306,-0.05360936267035348,-0.10329820428575788,-0.0761940638933863,-0.0657226862385869,0.20111996973199503,0.24259473702737264,0.40973916995738235,0.0070421599916049415,0.5911402332463435,0.5303293051464217,0.08727659178631646,0.8269185317414147,0.4241023382970265,0.38523074904722826,0.5032618933224252,0.7743301476751056,0.6027194490390164,0.47693048949752537,0.007788077262895448,0.3466277484382902,0.555281081369945,0.032875758196626394,0.3174480263675962,0.4997245616146496,0.467639807877796,0.06289684719273023,0.3746212859238897,0.3142410742917231,0.37236410060099195,0.0761802824480193,0.16525570090327943,0.07992923898356301,0.35418347482170376,0.1532170878989356,0.13007313907811685,0.22155882339991098,0.14215721110148088,0.27178376806633814
SRR6505702,0,-0.10395203025213309,-0.07122236643252629,0.05669328224446092,0.0019513823457860521,-0.10782412253320217,-0.08965886104851961,-0.08240313909820023,-0.06921277683743808,-0.07599784590586621,-0.07926606972302709,-0.08862731552549771,-0.11141738987394742,-0.11749770039958614,-0.00253678166440555,0.001103381227169718,-0.11615839094987937,-0.07699803848351751,-0.041927894743691595,-0.12968830950558186,-0.10790968952434403,-0.04454931031380381,-0.14310838175671442,-0.04545011607530926,-0.018383800850382874,0.0428404604483928,-0.11457044365150588,-0.09207770867007119,-0.054373729707939286,-0.061781265905925205,-0.11196613843951907,0.511892516698156,0.8538947541798864,0.5038879928844315,0.11338912642427854,1.133893111454589,1.0737518795898982,0.6703741145985467,1.5955649039575033,0.6733814541782651,1.3003666486058916,1.460569339139121,1.5954296248299735,1.6045166509492057,1.3194871608700072,0.4478706336979355,0.8907294017927987,1.7382642541612898,0.9285429247788021,1.0044059199946267,1.624308958117451,1.3701175877026148,0.525652538985014,0.9391452096460853,1.3863786331244878,1.0905107579060964,1.1268799709422248,0.9325929304052677,0.7190261163881847,1.2893523057656628,1.3247299566864967,0.7893984464130231,1.2833825711693083,0.7201430073806218,1.6883560993841715
SRR6505703,0,-0.11161493563226291,-0.09557304797427994,-0.07209181785583496,-0.09216752754790443,-0.07221730266298566,-0.10417991078325681,-0.0525959139423711,-0.10020487569272518,-0.11326727603695222,-0.06674792990088463,-0.055099702307156155,-0.1128667678151812,-0.10110275660242353,-0.0503919692710042,0.013470523857644625,-0.072060068537082,-0.05615366569587162,-0.11210973580767002,-0.14485690210546767,-0.07828215988618988,0.014645344710775785,-0.1480856654899461,0.02740873848753316,-0.004823339304753712,-0.0400906606976475,-0.13353643912289823,-0.12196825391479901,-0.11111757451934474,-0.09225554498178619,-0.10301092479910169,0.33882187120616436,0.7342542367322105,0.2720937542617321,0.07951012679508754,0.9375621250697544,0.9876699915954045,0.633001521229744,1.2809984779783659,0.6402623706630298,1.137428188962596,1.3763404531138284,1.29725581407547,1.3644874633422919,1.231094659439155,0.37584319258374826,0.6541578013982091,1.526832401752472,0.6911252396447318,0.9399456211498806,1.403087100812367,1.3632666958229882,0.5244387994919505,0.97127366065979,1.1663431621023588,0.8672918210005653,0.8824006498658231,0.6293509983058486,0.6929780739758696,1.2515252155384846,1.257734170981816,0.8825505535517421,1.50260536053351,0.7502049282193184,1.3410942639623369
SRR6505704,0,-0.10753578745893069,-0.1058308734957661,-0.03960898891091347,-0.08706135728529521,-0.08224485841180597,-0.11063943883138043,-0.05985755080889378,-0.10553037534867014,-0.10560527989374739,-0.07614131910460335,-0.05105075240135193,-0.13209619585956847,-0.09010202490857669,-0.05867941877139466,0.03533997745918376,-0.05358684595142092,-0.05317733543259757,-0.0881998355367354,-0.13556029434714997,-0.07951625702636582,-0.0019370240292378835,-0.14926726796797343,0.012062381287770612,-0.003884485789707729,-0.03768167358690074,-0.12589226130928313,-0.1185888270182269,-0.10945594763117177,-0.0554035274045808,-0.09063933151108879,0.35473027506044935,0.656298931155886,0.3372469874364989,0.10068748252732414,0.7471784012658256,0.8950199271951403,0.6844940605972495,1.2352066529648644,0.6914491829063211,1.2507795372179575,1.2323206194809504,1.2147427658949579,1.2152111340048057,1.187776739043849,0.31543110736778807,0.611130964277046,1.4620986665998186,0.6252655237913132,1.024755624788148,1.4098572816167558,1.2815920788728232,0.48498922692877905,0.9181826033496431,1.0125003039969929,0.9512005386474941,0.8943570245589528,0.642713189125061,0.5724084962691579,1.104665691299098,1.2397915486778532,0.9207524745059865,1.49637399826731,0.700404801006828,1.2598834133573942
SRR6505705,0,-0.09031649359634944,-0.09803903102874756,-0.05764876625367573,0.029687032103538513,-0.1163669622370175,-0.11661513957993261,-0.09972806976708982,-0.06332393569339599,-0.09530609965856586,-0.10282008270067829,-0.09683885478547641,-0.07015229122979301,-0.11960149157260146,-0.05263932794332504,-0.11131892602757684,-0.13561581926686422,-0.11615457252732345,-0.034711074882319996,-0.1464381835290364,-0.062327271327376366,-0.08653377794793674,-0.11602538185460227,-0.05596266793353217,-0.07750947640410491,-0.008433806576899119,-0.08181704075208732,-0.10083633341959544,-0.06926742302519935,-0.07519210396068436,-0.10561343495334898,0.34480057789811064,0.5056459137371608,0.5148034745029041,0.06389305900250163,0.934945638690676,0.7826881829117026,0.2785499042698315,1.2234985732606478,0.610713507447924,0.7993501222559384,0.9413016470415252,1.1995777147156852,1.0485567663397108,0.8921722114360559,0.1888931156801326,0.7348605852041926,0.9449650645256042,0.270007928168135,0.5586743855050632,0.9156684854200908,0.8685786197228091,0.21794812913451875,0.7775302508047649,0.7630091517099312,0.6500169091991016,0.42611278487103327,0.5039791273219245,0.2587231559945004,0.6842014374477523,0.48179618176072836,0.23938156398279326,0.4145606883934566,0.33783838442260666,0.6844782728169646
SRR6505706,0,-0.09075056841330868,-0.1147827325122697,-0.08187633553253752,-0.04781927700553622,-0.09279678229774747,-0.1282506404178483,-0.087633638110544,-0.09993705738868032,-0.1161914159144674,-0.07943658850022725,-0.07134215427296502,-0.10714962972061974,-0.1475713135940688,-0.052916280393089564,-0.02833180661712374,-0.0843878516129085,-0.0727169034736497,-0.11006525957158633,-0.14922714233398438,-0.06817439178537045,-0.03022266605070659,-0.14785946905612946,0.003691169965480055,-0.05549507960677147,-0.018055833102802614,-0.10056106959070478,-0.12425862146275383,-0.12422365535582815,-0.09842433780431747,-0.11656289334808077,0.34940085134335924,0.5236623883247375,0.31565102549003704,0.034284486942591945,0.7706395749534879,0.7649200106305736,0.4517291709780693,1.2027895141925131,0.6156578883528709,1.005029834806919,1.0670708077294486,1.143820807337761,1.049842227782522,1.0787570455244608,0.27083887164813597,0.584455568409924,1.178482404776982,0.38831187784671783,0.8531281990664346,1.1744441166520119,1.139901299561773,0.3130926319531032,0.7616683287279946,0.8488469427185399,0.7289231983678681,0.6401548151459012,0.45211167979453293,0.3591956404436912,0.8524295261928013,0.9213386816637856,0.6792017785566193,1.1202610113791056,0.5236703710896629,0.9666265643068722
SRR6505707,0,-0.09773512450712067,-0.10407382915062564,-0.06140714245183127,-0.032707203711782186,-0.10076852142810822,-0.11889790344451155,-0.08351867752415794,-0.09226590341755322,-0.10803598138902869,-0.06900844244020325,-0.07551270510469164,-0.09962712547608785,-0.13892649114131927,-0.04896793248397963,-0.036410420068672726,-0.09295590541192464,-0.08211100207907814,-0.10565757671637195,-0.14532139045851572,-0.09393104219010898,-0.021127005240746906,-0.14354328278984343,0.004418965429067612,-0.037737524935177395,-0.017593628593853543,-0.12272942146020276,-0.123672040445464,-0.10865031275898218,-0.09790592534201485,-0.12040196039846965,0.353639329118388,0.5896456475768771,0.3057378652904715,0.03638137770550592,0.8387828554425921,0.8020495548844337,0.47040707617998123,1.2292308072958673,0.5913837677133935,1.0240380040236883,1.1509737968444824,1.192705282143184,1.1634620619671685,1.0846405220883233,0.30077567792198223,0.5821710030681321,1.267028910773141,0.4781313400183405,0.8233485179288047,1.221485429576465,1.1786708789212363,0.3655812165566853,0.7706607324736459,0.9667591016207423,0.7538468369415828,0.6644393418516431,0.4768387973308563,0.4083989624466215,0.9498938130480903,0.9759121345622199,0.6851371079683304,1.1749619330678667,0.5676644055971077,1.0559419776712144
SRR6505708,0,-0.08563182157065187,-0.09452792177242893,-0.032185934484004974,0.05310052280713405,-0.12607276173574583,-0.11983979692948717,-0.10214850327299375,-0.05979734133662922,-0.10517699284745115,-0.1076550701899188,-0.07852735117610012,-0.09065687230655126,-0.12008454863514219,-0.05005369761160442,-0.07674635614135436,-0.14723808531250274,-0.12677845784596034,-0.031872358306178024,-0.1411867652620588,-0.05354056081601551,-0.0817955673805305,-0.08621954119631223,-0.0756600775888988,-0.0543956294921892,-0.048341507225164344,-0.05576895922422409,-0.12790115496941976,-0.04526138039571898,-0.03654385677405766,-0.1184425838291645,0.34410070401749443,0.3854936297450747,0.5250161673341479,0.11844504198857717,0.8555505786623273,0.6898173562117985,0.2319768007312502,1.1173681542277336,0.4622572958469391,0.7375470325350761,0.8617311673504966,1.1577202890600478,0.8706547107015338,0.8824372068047523,0.17758768507545547,0.5926115789583751,0.7162252451692309,0.26384321686678697,0.4795015731028148,0.7675135673156807,0.652727609433766,0.16217783465981483,0.5868133221353803,0.6085408830216953,0.6675677278212139,0.28387521393597126,0.4569348320364952,0.1287180855870247,0.5145555479185921,0.35284812854869024,0.20959138783759304,0.2756918227033956,0.25076458496706827,0.5397560678954635
SRR6505709,0,-0.10938814309026514,-0.08508718402923218,0.04763787665537426,0.017158141093594686,-0.10521937321339335,-0.11316729463370782,-0.07676955927698666,-0.07304879012683939,-0.09799212899192103,-0.0855618305504322,-0.10078240931034088,-0.10095085469739777,-0.1252745230283056,-0.03731877037457058,-0.07154545986226626,-0.12523627973028592,-0.08464514916496617,-0.054174890309306126,-0.13736482656427793,-0.10868051115955625,-0.03750301791088922,-0.1411387569137982,-0.05388382848884378,-0.06784829976303237,0.02489222226930516,-0.09714969141142708,-0.10916459720049586,-0.04188191544796739,-0.06493983843496867,-0.11038203218153544,0.4438594864415271,0.7023555710911751,0.43166218804461615,0.12380485768829073,1.0847141098763262,0.8752904740561332,0.47267345352364437,1.3591170954917158,0.5842426275568349,0.978389750633921,1.2012718745640345,1.4154806307383947,1.3198461681604385,1.1003683337143488,0.39611460853900227,0.7271363373313632,1.3222877596105849,0.6273528539708683,0.7242074076618467,1.265746347606182,1.2185894378593989,0.3623459062405995,0.8175407094614846,1.1185800401227814,0.8351089486054012,0.7473861364913839,0.6112073958585305,0.5071225089154073,1.02391381668193,0.8765212084565844,0.5313523383811116,0.881130260016237,0.5152264897312436,1.2558089047670364
SRR6505710,0,-0.08847966657153197,-0.07764124218374491,0.0168113469013146,-0.025156819660748755,-0.10725045470254761,-0.11031318256365401,-0.03287689795563763,-0.06712278862583584,-0.0822689527163415,-0.08208612618701798,-0.10511458751612476,-0.10657098357166563,-0.11784261591466409,0.011520457587071828,-0.023893103003501892,-0.11729015223681927,-0.0773347986063787,-0.017388252009238516,-0.13531884125300817,-0.11456427510295596,-0.021538805748735155,-0.1371227806167943,-0.048401126238916604,-0.057428312088762014,0.028813452160518085,-0.10036445515496391,-0.09088754973241261,-0.016911223264677182,-0.08179268666676112,-0.12313446628728084,0.5107892102428845,0.791389562189579,0.4744579738804272,0.14910883376640932,1.1343065782317094,1.002095369356019,0.6180566932473864,1.5918496293681008,0.6059850092445102,1.249917290040425,1.4322655200958252,1.5970497727394104,1.5138854448284422,1.2694002326045717,0.5009272338024208,0.8661382709230695,1.584520697593689,0.8660213010651725,0.9630793247904096,1.5784181489476137,1.3687870459897178,0.45509990624019075,1.0195114995752061,1.4008080699381285,1.0327799916267395,1.102184856576579,0.9273814109287092,0.5920518092545015,1.1947426918361868,1.1663312784263067,0.778053795519684,1.1853239514998026,0.669963430081095,1.6248117951410157
SRR6505711,0,-0.10157682879694871,-0.08621973175156329,0.023673208696501597,-0.009776805760338902,-0.10259755168642316,-0.10109817908544626,-0.0946118482113109,-0.07635594019666314,-0.08293165548405211,-0.08238880229847771,-0.07596283512456077,-0.12448682848896299,-0.11632361755307231,-0.07571298203298024,-0.06035306357911655,-0.1304069235920906,-0.08525798709264823,-0.0370844265645636,-0.13040204013564757,-0.12754820819411958,-0.06622866754020963,-0.14475649382386888,-0.08010212847563837,-0.043249428272247314,0.00887948035129479,-0.10354004401181426,-0.09337070318205017,-0.047668167256883213,-0.07042414588587624,-0.11724276042410306,0.5078902287142617,0.7384788393974304,0.5217762578810964,0.14124605698244913,1.0302063755558006,1.0077339581080846,0.5856416919933898,1.4772147664002009,0.6726959134851184,1.1931076688425881,1.198460408619472,1.4375713765621185,1.4058753017868315,1.1572506704500742,0.33275449169533594,0.7566959432193211,1.4721761686461312,0.642878637782165,0.8607096927506583,1.4242428147367068,1.1828890868595667,0.397376332964216,0.8466594863150801,1.107280941946166,0.991871137704168,0.892460826252188,0.7888963126710483,0.5387832705330636,1.0059272396777357,1.0205605423876218,0.6309361200380538,0.9973122200795582,0.5640162399836949,1.2660137138196401
SRR6505712,0,-0.00319545143949134,-0.12391278250808162,0.1381670289805957,0.42348147755754845,-0.05908956059387752,-0.10608777310699224,-0.002238004867519651,-0.012748342672629016,-0.05338654826794352,-0.09963515640369483,-0.033495064226112196,-0.08320720839713301,-0.10145510679909162,0.04061978203909738,0.07311078174305814,-0.15433681862694876,-0.0897015290600913,0.010292013308831624,-0.1267096804721015,0.07432443435703005,-0.03242663144400077,0.10616772834743772,-0.07647940676127161,-0.018441588218723024,0.13556275836059026,0.05017314851284027,0.028954094541924342,-0.051433736458420753,0.005914268749100822,-0.030083826077835902,0.2437637820839882,0.19826905110052653,0.5137163150523391,0.04553857844855104,0.6138332591259054,0.4987660798111132,0.11640074742691857,0.8338200614920684,0.46797960517661913,0.37615237278597696,0.30903870086850865,0.6197361946105957,0.5104236235576016,0.3805474873100008,-0.03158906966980014,0.4061692436890943,0.3128234637635095,-0.013826065297637666,0.18486804994089262,0.4020920844216432,0.29114230828625814,0.11657436937093735,0.2627827628914799,0.2329407845224653,0.34085184974329813,-0.02366009939994131,0.1478482937174184,0.016836742205279216,0.14333835457052505,0.031243337052209035,-0.043167055185352056,-0.004781539951051984,0.040561127343348095,0.13144131217684066
SRR6505713,0,-0.06660574647997107,-0.11215925828686782,0.10320519011708841,0.24106933282954351,-0.08029712949480329,-0.11793208864816863,-0.06639764046537623,-0.05437341946110662,-0.08997278915817983,-0.09815707536680358,-0.06380188664687532,-0.08698401334030288,-0.11124669015407562,-0.08353239257952996,-0.09617725972618375,-0.14786137001855032,-0.08277649671903678,-0.0024742646741547753,-0.13537182499255454,-0.06153232284954616,-0.08398369486842837,-0.06672895061118263,-0.07079579082450696,-0.06491754709609918,0.07879375932472092,-0.019487854625497545,-0.0584326120359557,-0.07329892486866031,-0.0318679894719805,-0.05222487556082862,0.3860087228406753,0.5384609401226044,0.5055865890213421,0.06697424634226731,0.9093300253152847,0.8058066900287356,0.28207894694060087,1.0925376266241074,0.5884593246238572,0.6859903250421796,0.6811923203765348,1.0982416697910853,0.8769231300268855,0.7218966803380421,0.07024294244391578,0.500812293695552,0.8171520531177521,0.12264450832403131,0.3871843921286719,0.8296202944724688,0.693412006433521,0.19410462038857595,0.5294395174298968,0.5159663137580667,0.6169866914195674,0.24584034138492175,0.3521107532017465,0.20108667335339955,0.5767417635236468,0.274192502456052,0.174563187107976,0.29789850541523527,0.3039162169609751,0.4897175963435854
SRR6505714,0,-0.08682869015527624,-0.10302886446671826,0.006033634899982384,0.1042218804359436,-0.12180000516985144,-0.11018832094435181,-0.09569083669755075,-0.06488206397209849,-0.09681762302560466,-0.11897512738193784,-0.09093690676880735,-0.06159563309379986,-0.11491802600877625,-0.05961924472025463,-0.03934397481914077,-0.1536014207771846,-0.13553813099861145,0.029362966705645834,-0.13981739644493377,0.07345461845397949,-0.07423670150871788,-0.020954652556351254,-0.09136385151318141,-0.04248438562665667,0.05210654889898641,-0.013786153069564275,-0.07493761075394494,-0.05078434604885323,-0.03702684598309653,-0.06484784718070712,0.32952877998884234,0.2496179108108793,0.4358062084232058,0.08153413182922772,0.8229361389364515,0.6141621811049325,0.11957840368683849,1.0077084377408028,0.48180813980954035,0.46474551409482956,0.5710187660796302,0.9058916866779327,0.7371803836098739,0.5963405242988041,0.12672635380710875,0.4965493455529213,0.5194086294089045,0.08373478267874036,0.31038367641823633,0.5812424253672361,0.5060333689408643,0.08553087445242065,0.5971906302230698,0.4319344671177013,0.5084210879036358,0.10839614165680748,0.21220980744276727,0.0829053388110229,0.34161740115710665,0.12836394033261708,0.15619332236903055,0.11529928046677794,0.14924032906336443,0.3436874727527278
SRR6505715,0,-0.09428628427641732,-0.10171164459149752,0.04024731048515865,0.09575751956020083,-0.1121555824897119,-0.11274615495598742,-0.10784572190355643,-0.07715427426488272,-0.0962241031229496,-0.10166473926178046,-0.09624458317245756,-0.08603558742574283,-0.11772012763789722,-0.062399852679975866,-0.11348526685365609,-0.1421748474240303,-0.10450668845857893,-0.03194117160247905,-0.14339249474661692,-0.06240723494972501,-0.09622840955853462,-0.06779526599815913,-0.06690243631601334,-0.07283933859850679,0.0039045013088200775,-0.0876542508069958,-0.06807965499215893,-0.07821594481356442,-0.05684585044426577,-0.08598409805979047,0.2744241904334298,0.45547667145729065,0.4909497456891196,0.032034815954310555,0.9426465832761356,0.764903547508376,0.23640248126217298,1.189473597066743,0.5547141283750534,0.6480679746185031,0.7759703095736248,1.0713870823383331,1.061214953660965,0.7740302075232778,0.1627173913376672,0.5902512116091592,0.8749461216585976,0.20642187552792685,0.47447124336447033,0.8626016899943352,0.7600407738770757,0.20477435844285147,0.6349912881851196,0.6205250376037189,0.5600799098610878,0.3534561161484037,0.46058626053854823,0.2609199753829411,0.6912861785718373,0.44692753574677874,0.2241367070902405,0.4602234640291759,0.35901725611516405,0.704403932605471
SRR6505717,0,0.11118313430675439,-0.12194382883691494,0.3002215267292091,0.49004735691206797,-0.014958845185382026,-0.10628934179632259,0.13361061820095138,0.10225001672681953,0.00012984694746722068,-0.021758340831313814,-0.06059296775077071,-0.1006237305700779,-0.09391400643757411,0.17327608726918697,0.19489533879927226,-0.16089436837605067,-0.024087453793202127,0.019027610725191022,-0.10179228295705148,0.0960231465952737,0.05332303446318422,0.11125026749713081,-0.032107689284852574,0.013502847935472215,0.1445290752287422,0.0830686262675694,0.12111435191971916,-0.04245613036411149,0.033907724278313775,-0.02462619436638696,0.25091279085193363,0.22077415457793645,0.5041425238762584,0.030450730451515744,0.5892684981226921,0.5865991003811359,0.08337127310889107,0.8117869730506625,0.4716326413410051,0.39195105912429945,0.34383166900702883,0.6212441309222153,0.4773345962166786,0.31252999124782427,-0.03130973995264087,0.3510819933310683,0.32311625885111944,0.053700155445507596,0.16092376384351934,0.40704603493213654,0.28974280825683046,0.11869750012244497,0.2578061329466956,0.2657333077596767,0.3662488566977637,-0.0290242571915899,0.11170240917376109,0.06638573617601651,0.19281730534774916,0.038035555609634945,-0.028821274105991636,0.00494094831602914,0.04579450509377888,0.16068736942751066
SRR6505718,1,-0.12054401263594627,-0.048746997299271504,0.07213054011975016,-0.006686796035085406,-0.09430312099201339,-0.06451853195072285,-0.06710744004898775,-0.07365506891385719,-0.06378837883156459,-0.05898120919508593,-0.08986889198422432,-0.11080298040594373,-0.11727246296192918,0.01161504430430276,0.055005943668740134,-0.0933110378017383,-0.05243467712508781,-0.04003562339182411,-0.1158852566565786,-0.09700359457305499,-0.0428475093628679,-0.1292582399078778,-0.02756149522195171,0.02759570495358535,0.04771745816937515,-0.1230689606496266,-0.07721555499093873,-0.054485587369916696,0.009514857615743364,-0.09479857342583793,0.47717038967779707,0.9949888056809348,0.41789082610713585,0.11436618225915092,1.2402137943676539,1.2333714025361198,0.7401017099618912,1.5742031655141286,0.6811826649521079,1.3792950468403953,1.6658383522714888,1.6408455967903137,1.6939017261777605,1.409312098154,0.47038901118295534,0.8418328094163111,1.8615245733942305,1.1282475271395274,1.0229592663901192,1.7801379657217435,1.5224782015596117,0.6077632009983063,1.0875869223049708,1.5782591668622834,1.1822941384411283,1.1866259351372719,1.0547854666199004,0.8662663072879825,1.6418730989098549,1.6406892974461829,0.9854537658393383,1.625357442668506,0.9368721012558255,2.0156306198665073
SRR6505719,1,-0.11184744164347649,-0.07582533073478512,0.022903253989560262,-0.06460509396025113,-0.08988810756376811,-0.09748864305272166,-0.05517127581645452,-0.0709830049392102,-0.07991670509467699,-0.07631275510149342,-0.09332114670957838,-0.11501201880829674,-0.11963535552578312,0.02592952416411468,0.0008715125066893441,-0.11704779363104276,-0.07105402595230512,-0.05395170341112784,-0.13240523476685798,-0.11127646799598422,-0.05086504242249897,-0.14269841143063136,-0.025563139601477554,-0.021126309675829753,0.007448256015777588,-0.11257711904389518,-0.08835297290767942,-0.04875572092298951,-0.07331878798348564,-0.10369648890835899,0.47838026604482103,0.832281873694488,0.47869790172470467,0.14197535483565712,1.0827553176454134,1.1216958846364702,0.6416185647249222,1.5731722435780935,0.68575036672077,1.2959081487996238,1.4377491559301103,1.5111945952687944,1.6068104313952583,1.3516977897712164,0.45255258147205624,0.8713360918419701,1.7288685185568673,1.011878822531019,1.0183423331805639,1.6899157507078988,1.4273482880422048,0.4977761379310063,0.9621582286698478,1.4081075766256876,1.1012796663812228,1.0966944779668535,0.9951423348060676,0.7427373509854078,1.2733070046773978,1.3929216153919697,0.8446827046573162,1.3507984855345316,0.7626474999955722,1.8119469338229723
SRR6505720,1,0.06626355115856443,-0.12482535200459617,0.0020482446998357773,-0.06782511408839907,-0.03862590342760086,-0.10715575622660774,-0.0734215843092118,-0.14323027777884687,-0.014786375420434135,-0.04794920448746,-0.0178113654255867,-0.13914533917393004,-0.016282455197402408,-0.023011909132557257,0.12049447106463569,-0.035290581839425225,0.03179826174995729,-0.057594136734093936,-0.12898769309478147,-0.03582733656678881,0.058079191616603305,-0.14382011336939676,0.03138122095593384,0.031077163560049876,0.00601557016904865,-0.021504216162221774,-0.08802822378597089,-0.09379962938172477,0.01308343985251018,0.00958664555634771,0.2868079287665231,0.436607690261943,0.3073457490120615,0.14886783489159175,0.44965640349047525,0.6139375269412994,0.6475291603377887,1.11244883281844,0.7094054948538542,1.1196901550449962,0.9043168893882206,0.8944835886359215,1.0900081332240785,0.907102492238794,0.28853921645454,0.41546425436224255,1.2177405783108302,0.3448295657123838,1.1032368285315377,1.0589037133114678,1.2133392872554916,0.24656589754990169,0.8549140021204948,0.5687845455748695,0.7470563022153718,0.7448935742889132,0.5007476764065879,0.40884931811264585,0.7602572983929089,1.0229886802179473,1.091302544942924,1.5681144717548574,0.6482373071568353,0.9240959488919803
SRR6505721,1,-0.07705619718347277,-0.1255335227719375,-0.03938571470124381,-0.051828381206308095,-0.07291705391669114,-0.12345339464289802,-0.050384187272616794,-0.1252359545656613,-0.11117630478526865,-0.07056487245219094,-0.03949916575636182,-0.12033534608781338,-0.0509221324963229,-0.06793319300881454,0.049396702221461704,-0.04615966922470501,-0.029563501477241516,-0.090205331998212,-0.13350710379225866,-0.05607936318431582,0.004342706075736454,-0.1520409041217395,0.029628213495016098,-0.02236232374395643,-0.03326324825840337,-0.10126035554068429,-0.11684142159564155,-0.12036280812961715,-0.06706282343449337,-0.06008416347737823,0.31925443559885025,0.554041411860713,0.31269196633781704,0.09241933269160134,0.543063241256667,0.6929886160152299,0.5639842269676072,1.1184270573513848,0.6423586553760937,1.0963871468390738,1.0034769432885307,1.0129674460206712,1.0540684717042106,1.0453588313290052,0.24051668654595101,0.5153538386470505,1.2015244790485926,0.39810019731521606,0.962846453725693,1.1844820247164793,1.1710600786443268,0.3547630491001265,0.8215619458683899,0.7779956189915538,0.8046497509681753,0.741108368283936,0.49294435126440866,0.38375112627233776,0.8866571741444724,1.0376015518392836,0.892568648393665,1.3772899104016167,0.6022208825285945,0.9454462347286088
SRR6505722,1,-0.09881727118045092,-0.09347184521279164,-0.01968794422490256,0.035706933055605204,-0.1133667698928288,-0.11035311165531832,-0.10204202631471812,-0.06782939462989036,-0.09890645489628826,-0.10959187362875257,-0.10163323448172637,-0.09470941764967782,-0.1109933608344623,-0.03381995005267007,-0.0899174048432282,-0.13307699773992812,-0.11991348596555847,-0.027781126288963214,-0.1440227356340204,-0.05812765657901764,-0.09039542185408729,-0.10600135521963239,-0.06993516507957663,-0.07002767867275647,-0.016995929713760103,-0.08917838574520179,-0.09316573930638176,-0.05875570686267955,-0.051430298281567435,-0.09822404491049903,0.3671852637614523,0.47190103999205996,0.5106131052598357,0.07179344551903862,0.8658890910446644,0.7895997110754251,0.21046456641384534,1.2279973700642586,0.582143919808524,0.780820791210447,0.8842546643157091,1.1967583979879106,1.0473357907363348,0.873672431068761,0.19387556931802205,0.7013481919254575,0.9512904712132045,0.32636417249679134,0.4846423513122967,0.9007890889687198,0.8482384958437511,0.20797167931284224,0.7554248166935784,0.7281009640012469,0.6604920753410884,0.47289555945566725,0.4359083590762956,0.24151691528303282,0.6554358468524047,0.5212572425204728,0.3025815725060446,0.43111132331458585,0.30306235754064154,0.7672275006771088
SRR6505723,1,-0.06151891393320901,-0.12819281965494156,-0.04929928960544722,-0.04980336555412838,-0.06854648302708354,-0.1346829512289592,-0.05444538593292236,-0.1364386510103941,-0.09048489474558405,-0.05812861930046763,-0.03727751544543675,-0.11306962849838394,-0.06048890096800668,-0.05878582064594541,0.05714141125125544,-0.056665768480992744,-0.03431013148344521,-0.07544908672571182,-0.13544305680053575,-0.05642135068774223,0.009695095675332206,-0.14932261407375336,0.024031299565519606,-0.012550314622265952,-0.03451516040201698,-0.09107337892055511,-0.11264308701668467,-0.119146394942488,-0.07764751889875957,-0.05848808852689607,0.28832765775067465,0.5152303565825734,0.27873440831899643,0.09090655190604073,0.5774816025846771,0.6740458990846362,0.5646477232554129,1.155516002859388,0.6618561680827822,1.0405838872705186,1.0242576173373632,0.9960433678435427,1.0916772846664702,1.005588958305972,0.2504715472459793,0.4825496646974768,1.1858876943588257,0.3908108302525112,0.9673850791794913,1.1428958848118782,1.2052563303815467,0.32428361581904547,0.8514579353587968,0.753322206969772,0.7679999292429004,0.7269096853477615,0.49114198982715607,0.4153681035552706,0.8712499599371638,1.0067640181098665,0.8984699919819832,1.4239796730024474,0.6271816273885114,0.959346456187112
SRR6505724,1,-0.08071338119251388,-0.1299539463860648,-0.07361070412610259,-0.03463902537311826,-0.06443752102287752,-0.13653410332543509,-0.060295985745532174,-0.12942160293459892,-0.1090434401163033,-0.07335899663822991,-0.03370375292641776,-0.11871524155139923,-0.10796870184796196,-0.07536374624552471,0.01305880450776645,-0.07785745493934623,-0.07039364746638707,-0.08728227977241788,-0.14940529529537475,-0.07183907659990448,-0.00896340502159936,-0.1520142416868891,0.018023661204746792,-0.014459111860820226,-0.0407404580286571,-0.09877971346889224,-0.12062430647867066,-0.11881793210549015,-0.10463909166199821,-0.07836162618228368,0.29205907242638723,0.5513994715043476,0.317263268998691,0.05924016875880105,0.6198129321315459,0.7098004541226796,0.5228564036743981,1.1450259302343642,0.6131159716418811,0.953005527811391,0.9757085016795567,1.0084911020738738,1.090289709823472,1.0186184729848589,0.25937449506350924,0.5169501145303782,1.1729571563856942,0.40179838453020367,0.8785580284893513,1.0742564329079218,1.14153803139925,0.3459425376994269,0.7807877034481082,0.7733313249690192,0.7598023143197808,0.6816526725888252,0.4563861297709601,0.4096981542451041,0.8834766181451934,0.9264724126883915,0.8251025486471397,1.3330545169966561,0.5788372765694346,0.9133153898375375
SRR6505725,1,-0.07790962074484144,-0.11255631484423897,0.142801291176251,0.237619620348726,-0.07939464066709791,-0.11530365166254342,-0.0905033515404544,-0.07016448357275554,-0.09369769807173205,-0.10726755005972725,-0.07866917018379484,-0.08534620223300797,-0.1097911319562367,-0.06573895058993783,-0.08881145822150367,-0.1473271314586912,-0.08167101655687604,-0.02555589304704751,-0.13896512346608297,-0.08492375165224075,-0.09464964270591736,-0.06234962386744363,-0.055782857217958996,-0.08027600523616586,0.13211518366421973,-0.01418602466583252,-0.09545563054936272,-0.07509219460189342,-0.05462967976927757,-0.03232130834034511,0.43273428375167505,0.4776111575109618,0.4627616820590837,0.09308528208306857,0.8711939278457846,0.8547591843775341,0.23918177719627107,1.0289026073047094,0.559112973511219,0.5903063341975212,0.7173578068614006,1.1144283328737532,0.9239443285124642,0.6896536919687476,0.13117619949792111,0.43580773898533415,0.8275809756347111,0.22610030908669745,0.2954509715948786,0.7092495677726609,0.7746513086770263,0.23869851231575012,0.5207161658576557,0.5820980252964156,0.5806414293391364,0.26831348878996714,0.2889446350080626,0.280571848154068,0.7170179337263107,0.32204838150313925,0.20405343281371252,0.30343566622052875,0.29697121360472273,0.6557125449180603
SRR6505726,1,-0.07516795875770706,-0.12990587364350045,-0.09048534397568021,-0.08102877970252718,-0.07021022401750088,-0.13191161730459758,-0.08246952987142972,-0.1345838558460985,-0.09917642708335604,-0.0898729573403086,-0.017074183693953922,-0.13226026722363063,-0.11112779352281775,-0.06189640085878117,0.042156395431188036,-0.0728810860642365,-0.07391318146671567,-0.0951562938945634,-0.1406485853450639,-0.09070674489651408,0.006532759937856879,-0.14886458218097687,-0.009607845119067602,-0.031804159283638,-0.015206707641482353,-0.08127370370285851,-0.10246073880365916,-0.12438663254891123,-0.07133267340915543,-0.04301294152225767,0.28014661584581646,0.5561207916055407,0.26190532531057087,0.09402821213006973,0.5974427584026542,0.7036284729838371,0.5934577953469541,1.1325043461152486,0.7138099468180111,1.0085226723126002,0.9237626620701381,0.9441413985831397,1.081165801201548,0.9068076791507858,0.2085128932126931,0.4635572593126978,1.2515378168651037,0.39378758307014194,0.8714132159948349,1.0717837948884283,1.1623817182012968,0.3144814467855862,0.7492689554180417,0.6550406607400093,0.7535160376823374,0.7413919509521553,0.4453072366969926,0.4455608161432402,0.7846893487232072,1.018995246716908,0.8678665145167282,1.3428825959563255,0.5474872099501746,0.9431174589054925
SRR6505727,1,-0.06138552778533527,-0.12290978272046361,-0.10149870779631394,-0.062494942120143344,-0.062050782942346165,-0.13218268964971816,-0.09653951813067708,-0.11829490746770586,-0.11991874181798526,-0.08396271616220474,-0.051205172070435116,-0.1189511599285262,-0.1528081468173436,-0.044654038335595815,0.01143420727125236,-0.11032165746603693,-0.07819424676043647,-0.10258525503533227,-0.1464370542338916,-0.05354407961879458,-0.037659600377082825,-0.14640082631792342,-0.02414341058049883,-0.03468528177056994,-0.014319485718650478,-0.06566907465457916,-0.09459860090698514,-0.10525374200993351,-0.11318758609039443,-0.07186124766511577,0.3191871717572212,0.4637362744127001,0.36933458330375807,0.07254158918346677,0.6976625738399369,0.6922487589929786,0.5147888224039759,1.2526323667594366,0.6712874051715646,0.9598668345383236,0.9371960205691201,1.0564351166997636,1.0613611627902304,0.9101557348455701,0.2635685043143375,0.4884859671250784,1.1936230404036385,0.36631018987723757,0.8780662193894386,1.0109509406611323,1.1638851325426782,0.27599599744592396,0.756337048219783,0.6607788872871814,0.7755608978747789,0.6679587970886912,0.4510597868689469,0.3957547588007791,0.7022071427532605,0.8632089006049293,0.7819072774478367,1.1406935027667455,0.5085660384169647,0.8810204246214458
SRR6505728,1,-0.1089102386363915,-0.08353907721383232,-0.02250361322824444,-0.05454585628051843,-0.09204592928290367,-0.09323297853448562,-0.048271287554858384,-0.08117721311282367,-0.09562083905828851,-0.06529407096760613,-0.09551525115966797,-0.0913398058286735,-0.11639381905219384,0.006461329492075103,-0.022112496995500157,-0.09901030537938434,-0.049630029393093925,-0.09728803139712129,-0.13218232776437486,-0.10703713500073977,-0.029640825199229375,-0.14493806766612188,0.005790591306452241,0.0026823553655828747,0.01680729877469795,-0.13727930613926478,-0.10853653028607368,-0.055052046397967,-0.08860293376658644,-0.11369168944656849,0.3585265747138432,0.7952550468700272,0.32656425184437204,0.08151838289839881,1.1653655299118586,1.0912838322775704,0.5967688358255795,1.3534334839454718,0.5566468395824943,1.1375235893896647,1.5049662504877364,1.45347033228193,1.4257978328636713,1.3060156383684702,0.4608909344034536,0.7394649450268064,1.6141115597316198,0.8553022167512349,0.8851178927080972,1.5175904620971,1.3583714323384422,0.4769269589866911,0.9909554975373405,1.3102409834308284,0.9545898309775761,0.9667011871933937,0.7050222546926567,0.6809226841266666,1.3527140585439545,1.2060043838407313,0.7789275454623359,1.3311525604554586,0.7776071184447834,1.4878666592495782
SRR6505729,1,-0.07844134726162467,-0.09561812862687345,0.03591083948101316,0.12412755776728902,-0.12093560716935567,-0.11098621821396851,-0.09999271016931743,-0.06645600826180141,-0.08459312294975721,-0.0989370346069336,-0.09981233466948781,-0.12853632707680976,-0.10757192171045712,-0.053582427757126946,-0.10552037081548146,-0.13102064494575774,-0.09714729498539652,-0.01408684576329376,-0.12723706955356257,-0.0809464587696961,-0.09088266268372536,-0.10060316111360278,-0.07955121342092752,-0.05546486071710076,0.002949512962784086,-0.06994310121185013,-0.07680970004626683,-0.05692585251693215,-0.04686487180047801,-0.056950121585811884,0.370258486696652,0.536176993378571,0.534983437275514,0.04191435767071588,0.9037778973579407,0.8686601149716547,0.28469725645014216,1.2048106406416212,0.6425767338701657,0.8321129041058677,0.9033433039273534,1.3076331956045968,1.0541772012199675,0.8310547965977874,0.1011069023183414,0.6219689537371907,0.9803895311696189,0.2956527386392866,0.5183461076979127,0.9802031490419593,0.7870776695864541,0.1754439121910504,0.7182470155613763,0.7557855365531785,0.6748212490762983,0.4603691704438201,0.4938769888664995,0.26440657675266266,0.6821324261171477,0.4697287766528981,0.2696876845189503,0.43625185106481823,0.2966912787939821,0.7762509914381164
SRR6505730,1,-0.03224042004772595,-0.11717850927795682,-0.055734289943107536,-0.06284082680940628,-0.07603137514420918,-0.127364310835089,-0.0638738681695291,-0.11619773107979979,-0.10803462964083467,-0.07381819561123848,-0.060958018260342736,-0.14125440482582366,-0.11677856896338719,-0.036885597610047886,0.04875259580356734,-0.06644278445414134,-0.041205418961388726,-0.08460415274436985,-0.13522101193666458,-0.09327504970133305,-0.01958382236106055,-0.14817196556500026,-0.006614457283701215,-0.01052605573620115,-0.0027708138472267558,-0.09244611859321594,-0.11733179326568331,-0.11183131326522146,-0.07669636287859508,-0.1096752452264939,0.3365222556250436,0.49149109210286823,0.2934251997087683,0.09478400009019035,0.6989351058644908,0.7113220132887363,0.5467480474284717,1.2805747474942888,0.650939364518438,1.0537114292383194,1.091967693396977,1.1031703768031937,1.1389826682529278,1.0044759948338782,0.31857219710946083,0.5072992034256458,1.320755924497332,0.5098846427031926,1.0440718276160104,1.2438615998253226,1.2505546467644828,0.3220671904938562,0.8252249392015594,0.8419338235897678,0.863014494734151,0.7320664930822594,0.5364261737891606,0.44918945751019884,0.875593193939754,1.0928940560136522,0.9022075587085315,1.439057115997587,0.6624450029339641,1.1794609161359924
SRR6505732,1,0.03950673235314233,-0.12602184925760543,-0.0050483037318502155,-0.05632907152175903,-0.054311979562044144,-0.12120578171951431,-0.08357658929058484,-0.14663501243506158,-0.03293452677982194,-0.07486197139535632,-0.030270555189677646,-0.13654334843158722,-0.04872201489550727,-0.05095286827002253,0.08848902529903821,-0.05857956915029457,0.022739698312112262,-0.07696904242038727,-0.13556180787937983,-0.030075539435659136,0.013422234782150813,-0.15179445168801717,0.04876636287995747,0.007698895675795419,0.009023814062987055,-0.020561849931254983,-0.1009982071284737,-0.10029642709663936,-0.021794040288243974,-0.014037651142903737,0.31234816355364664,0.3996025876674269,0.26071056723594666,0.10740836177553449,0.44280956579106195,0.6193233212190015,0.6043617911636829,1.0026335311787469,0.6583849276815142,1.0407900448356355,0.8633551342146737,0.8714761121996811,0.9458645071302142,0.8942567102078881,0.2460316408957754,0.3859555846346276,1.0643232549939836,0.29565003514289856,1.0081693732312746,1.0235293486288615,1.1251139396003313,0.21312875300645828,0.7830551405038152,0.559074841439724,0.6957845570785659,0.6299549915960857,0.41306499604667934,0.30460699647665024,0.7081943867462022,0.9284848804984774,0.9324354734271765,1.4062480527375425,0.58143503804292,0.8721181957849434
SRR6505733,1,-0.08154307784778732,-0.10765640384384564,-0.08142750923122678,-0.07712628266641072,-0.0960246239389692,-0.1260613708623818,-0.06919271765010697,-0.10787432906883103,-0.12184581932212625,-0.08357824012637138,-0.086089588701725,-0.12933660937207087,-0.1377104999763625,-0.04387288374294128,-0.003200054168701172,-0.07361781543919019,-0.04739322513341904,-0.10395903632576976,-0.14582580115113938,-0.10105612661157336,-0.01606134538139616,-0.14886015121425902,-0.017792402101414546,-0.04834696490849767,-0.017544479641531194,-0.11683736369013786,-0.12014910472290856,-0.12105143602405276,-0.10776282045324999,-0.12904992327094078,0.2941179408558777,0.5518570648772376,0.27157965439671117,0.06498436842645917,0.7610027694276401,0.769917223070349,0.5053781749946731,1.216490673167365,0.5857398776071412,0.9580559581518173,1.1473708833966936,1.1323462682110923,1.1438122306551253,1.0482771449855395,0.2702200963561024,0.5211685739174884,1.3125409909657069,0.5205838243876185,0.8812718944890159,1.1698027226541723,1.198710165518735,0.30149982018130167,0.8053709673030036,0.894808520829039,0.7505794071725437,0.6765681809878775,0.48465113647814306,0.4927233335162912,0.9133217696632657,1.0727927727358681,0.768377415037581,1.2810013315507345,0.6091467291116714,1.1760075049740928
SRR6505734,1,-0.09338687892471041,-0.0882914981671742,-0.04952831140586308,-0.03650707538638796,-0.10241319106093474,-0.1241901731451175,-0.08292349227849627,-0.07893273763225547,-0.10319332286183323,-0.09474284201860428,-0.09067000768014363,-0.11607713305524417,-0.13015562641833509,-0.039888202611889155,-0.05251845344901085,-0.11125659476965666,-0.07489532285502978,-0.038775207474827766,-0.14385094812938146,-0.09421253204345703,-0.054514127650431225,-0.14540654846600123,-0.055706787521817853,-0.05394974510584559,0.03346243806715522,-0.08181986398994923,-0.11142687872052193,-0.03949095428522144,-0.10191573521920613,-0.13220863097480365,0.43725602328777313,0.5747015836781689,0.40248735940882135,0.11032569980514902,1.0579331144690514,0.9382593099560056,0.5180652354444776,1.3708576186160957,0.578414690813848,1.0627082479851586,1.0851942258221763,1.3628241760390145,1.233245387673378,1.0839778525488717,0.3610415852495602,0.71884928217956,1.3571444579533167,0.5265893723283496,0.7670002813850131,1.2683053186961584,1.1019787745816367,0.32342780514487196,0.7771905171019691,0.9455193973013333,0.8452066635446889,0.7705273415361132,0.5723905616572925,0.40753493564469473,0.8542000161749976,0.7842968899224486,0.5313229745786104,0.9362497127481869,0.587109101670129,1.2079629222197192
SRR6505735,1,-0.09851916852806296,-0.10886766841369015,-0.09777804889849254,-0.022724263103944913,-0.14012862422636577,-0.1294964292485799,-0.103426256666093,-0.09024598037025758,-0.09577843600085803,-0.10839614804301943,-0.11433010175824165,-0.12229457710470472,-0.12436703858630997,-0.012266162250723158,-0.05731169759695019,-0.12998854289097445,-0.1235098306621824,-0.09328077893171992,-0.13883977276938303,-0.07959054516894477,-0.08196825534105301,-0.06995343598204531,-0.07064998362745557,-0.014053870774140316,-0.015472409980637687,-0.11718956593956266,-0.11418916497911726,-0.09443040883966855,-0.07712742792708534,-0.0957328411085265,0.19806610580001557,0.3651011884212494,0.43067258489983423,-0.0013748364789145334,0.684618167579174,0.6028110182711056,0.14600498442138946,1.0770390986331873,0.382078903062003,0.6591142703379903,0.7736501842737198,0.9712873186383929,0.7971449813672474,0.7117059752345085,0.053631999396852086,0.5118146783539227,0.7164692516837802,0.2450125730995621,0.4656303546258381,0.704603622002261,0.6058934522526604,0.06966552989823478,0.4940861889294216,0.5720947459340096,0.42405189148017336,0.3305903987160751,0.2829784857375281,0.20021568717701094,0.49940090041075436,0.4954518675804138,0.2553273694855826,0.4531160393463714,0.23310729222638266,0.596563043605004
SRR6505736,1,-0.10178103377776486,-0.09617561833666903,0.05436646459358079,0.1742168292403221,-0.1169844392154898,-0.12249433402238148,-0.10505055701027491,-0.07063795040760722,-0.09391916975645083,-0.11548876123768943,-0.09258671560590821,-0.07220153457352094,-0.12097991843308721,-0.01646985805460385,-0.0870745399900313,-0.13126313473497117,-0.11847352502601487,-0.02741246311260121,-0.1415766216814518,-0.002032006159424782,-0.09271931222506932,-0.03620200817074094,-0.06353800158415522,-0.08238749861318086,0.012199195900133677,-0.05598853422062738,-0.09064758755266666,-0.07272527992193188,-0.022497045142310008,-0.09980402567556926,0.30900832842702847,0.35056392422744204,0.4597058314830065,0.06106146903974669,0.8043707779475621,0.5887122537408557,0.135865380987525,1.1303741527455193,0.4653748337711607,0.5325703429324287,0.7319160071866853,0.9342791948999677,0.8755747101136616,0.7097799036252711,0.18072740946497237,0.5771207585930824,0.7075807984386172,0.18516461551189423,0.42192105097430094,0.6514259055256844,0.6818791116986956,0.11588945878403527,0.5991242155432701,0.551094406417438,0.5078157016209194,0.34937866324824945,0.32765726266162737,0.14721460321119853,0.5232296958565712,0.40770802380783217,0.23850035507764136,0.3156940008380583,0.2628402667386191,0.6833764942628997
SRR6505737,1,-0.0985293516090938,-0.11716102595840182,-0.11298318659620625,-0.04306178593209812,-0.1143586963548192,-0.13336766777294023,-0.10783179742949349,-0.09048725558178765,-0.11817284886326108,-0.10798347475273269,-0.09455497243574687,-0.08568113297224045,-0.15072892499821527,-0.051365589323852746,-0.07474613003432751,-0.13659884248461043,-0.11204493684428078,-0.07476897005523954,-0.15186128233160293,-0.02438959213239806,-0.08445865022284645,-0.10978963505476713,-0.07261140325239726,-0.06681747042707034,-0.020160989170627936,-0.07204825590763773,-0.11439637786575726,-0.09614567777940206,-0.115301792775946,-0.11111448013356753,0.24907516448625497,0.3753770792058536,0.37133250704833437,0.02902225637808442,0.7815301162855965,0.6560837639761823,0.21900961388434684,1.0846810170582362,0.4683273881673813,0.6273274123668671,0.7894693857857159,1.0656382143497467,0.8762933313846588,0.7730929924707327,0.14643176778086595,0.4813762291201523,0.8324990315096719,0.21065754097487246,0.5124512046043362,0.7860496916941234,0.7646839363234383,0.11407513703618731,0.6658824809959957,0.5662506484825697,0.5781252235174179,0.32404564533914837,0.3223399024988924,0.1816133771623884,0.539961396583489,0.3616477900317737,0.3324271517672709,0.45767586040684755,0.2995979626263891,0.5628238469362259
SRR6505738,1,-0.10277534302856241,-0.12016712448426656,-0.12902602340493882,-0.05338319869978087,-0.12565873310502088,-0.1357985394341605,-0.11805017877902303,-0.09733061598879951,-0.1293837640966688,-0.12058024959904808,-0.10385018161364964,-0.09981250283973557,-0.1489746325782367,-0.04822450556925365,-0.07657828873821668,-0.14823936777455465,-0.11922446212598256,-0.06423452922276088,-0.1607716828584671,-0.02464943432382175,-0.10025935194322041,-0.05533172296626227,-0.09106445791465896,-0.06318860980016845,0.01111997663974762,-0.0650552132033876,-0.09977387530463082,-0.0786026625760964,-0.11191572115889617,-0.09602293285674282,0.20100451167672873,0.34911938650267466,0.3981368712016514,0.044121990113386085,0.8301550139273915,0.6265005968910243,0.17549544466393335,1.0068357299481119,0.3819413440568106,0.47040761368615286,0.6708971836737224,1.001939799104418,0.8404338796223912,0.6568196479763303,0.14705882221460342,0.44902709800018265,0.6744937673211098,0.16626061272940465,0.4182615503668785,0.6937864965626171,0.5908613566841397,0.07034029172999519,0.5975392162799835,0.4710876281772341,0.47962162271142006,0.194372970610857,0.3119967892499907,0.15201262890228204,0.48029472146715435,0.24694644899240561,0.2119646237364837,0.3157389041235937,0.2357119099636163,0.4576976639883859
SRR6505739,1,0.006913963173116956,-0.1324321680835315,-0.03284015932253429,-0.06698552572301456,-0.050030377826520374,-0.12894913447754724,-0.07004500812451754,-0.14419286086090974,-0.043836799051080434,-0.05512083747557232,-0.029697963169642856,-0.12202772657786097,-0.07426340505480766,-0.021577637642621994,0.06977204499500138,-0.07178484222718648,-0.01588248970386173,-0.08814430609345436,-0.13264657237700053,-0.07616419345140457,-0.000796651201588767,-0.12530634073274477,-0.0019050621028457368,0.008613469345229012,-0.01416697965136596,-0.054387985595635006,-0.09693602951509613,-0.10231462546757289,-0.047686372484479635,-0.03726779030902045,0.21898431756666728,0.36711094954184126,0.19584967728172029,0.12847353198698588,0.4892669453152588,0.5728345071630818,0.5299782886036805,1.0849558327879225,0.5942008354301963,0.9265684464148113,0.8785252783979688,0.8170791239743787,0.9730147059474673,0.8740368836692401,0.24342735218150274,0.37896411067673136,0.9954510033130646,0.35354564019611906,0.8849791299019542,0.9003197476267815,1.0791996837194477,0.2315393782087735,0.7180816025606224,0.5295774904744965,0.7165743556938001,0.5999290256627968,0.3843613990715572,0.3470225983432361,0.7463004482643945,0.915527594941003,0.9274496563843319,1.4061797825353486,0.5904678712998118,0.8831096525703158
