,label,dim_0,dim_1,dim_2,dim_3,dim_4,dim_5,dim_6,dim_7,dim_8,dim_9,dim_10,dim_11,dim_12,dim_13,dim_14,dim_15,dim_16,dim_17,dim_18,dim_19,dim_20,dim_21,dim_22,dim_23,dim_24,dim_25,dim_26,dim_27,dim_28,dim_29,dim_30,dim_31,dim_32,dim_33,dim_34,dim_35,dim_36,dim_37,dim_38,dim_39,dim_40,dim_41,dim_42,dim_43,dim_44,dim_45,dim_46,dim_47,dim_48,dim_49,dim_50,dim_51,dim_52,dim_53,dim_54,dim_55,dim_56,dim_57,dim_58,dim_59,dim_60,dim_61,dim_62,dim_63
SRR8534034,1,-0.08563279600015708,-0.08195415564945766,-0.08016638085246086,-0.08246495415057455,-0.10033931317073959,-0.1519787311553955,-0.10543860016124589,-0.10320284856217248,-0.07517179367797715,-0.0755442466054644,-0.12609247863292694,-0.07551804504224233,-0.09262986294925213,-0.10217815211841039,-0.12825062179139682,-0.10720453304903847,-0.11133346094616822,-0.12339217641523906,-0.09477496519684792,-0.11492497846484184,-0.0919907848749842,-0.10173198793615613,-0.05071135716778891,-0.11618476999657494,0.19291341198342188,-0.1143380565834897,-0.03206605038472584,-0.05804683480943952,0.027476535577859198,-0.05594504278685365,0.20894621525491988,0.35877698713115286,0.7189488740903991,0.5506817581398147,1.1146716826728411,0.6669355524437768,1.3083590843847819,1.7224010825157166,1.4857767905507768,1.4276133967297417,0.7900793951536927,0.6854896971157619,0.8186441325981703,1.4698031406317438,1.3013454782111304,1.2540860792365234,1.551484853029251,0.6120514550379345,0.7992010308163506,1.663729646376201,0.7956239166004317,0.4665891783578055,1.0855181642941065,1.4878295436501503,0.5888898722561342,0.8651620586003576,0.51505705434829,0.5288817797388349,0.8528795795781272,0.7066888250410557,0.5344112238713673,0.3885211300637041,0.27512314383472714,0.40644996566697955
SRR8534035,1,-0.08288672114057201,-0.08891942937459264,-0.08203709231955665,-0.09930870921484061,-0.11252559029630252,-0.11660844939095634,-0.06187343544193676,-0.11395368512187685,-0.10219806485942431,-0.10363137296267919,-0.11854010660733495,-0.10018506539719445,-0.0923210389113852,-0.12148504118834223,-0.13822529624615396,-0.09469041328078934,-0.11497574299573898,-0.09011927752622537,-0.11478491446801595,-0.11993886530399323,-0.10293700452893972,-0.12143282379422869,-0.042731424527508874,-0.056408121649708064,0.17800667243344442,-0.09125790651887655,-0.040789744683674405,-0.07294741432581629,0.03059502478156771,-0.030492943911147968,0.21290336575891292,0.3908520420747144,0.7486319659011704,0.45263109462601797,1.198637716472149,0.6263252446161849,1.2715213596820831,1.5625565946102142,1.3954941656972681,1.2492712065577507,0.8667532790984426,0.6159304172864982,0.5576863773167133,1.3406931228403534,1.11246423636164,1.475219079958541,1.4573542390550887,0.6305414204086576,0.7836507963282722,1.5400958572115218,0.7905673411275659,0.36415242267373416,0.9030938872269222,1.7395856348531586,0.4041485381977899,1.0468593505876405,0.5757625826767513,0.6979743763804436,0.5522244828087943,0.6950278354010412,0.5451050996780396,0.4215353290949549,0.3554993724184377,0.49873471246766193
SRR8534036,1,-0.05158065784988659,0.09414358649935041,0.020686845162085125,-0.06745190619091902,0.04316279398543494,0.4034061548965318,0.28741028692041126,-0.006489887833595276,0.10406726971268654,-0.09335907335792269,-0.1074877314801727,0.07268995525581497,-0.014830721010054861,0.16187184862792492,0.10781479493847915,0.17496228324515478,-0.04658162593841553,0.044886316039732525,-0.10811848299843925,-0.015289508870669774,0.00635790079832077,0.04438900149294308,-0.05587526623691831,-0.06935198924371175,0.25879322098834173,-0.06531042738684587,0.21875315372432982,-0.06197266886010766,0.1546600035258702,0.03074801660009793,0.043863087626440186,0.23863297275134496,0.27451485821178984,0.4112767092883587,0.7822023236325809,0.02694224752485752,0.5425888994442565,0.850311598607472,0.6778130210171055,0.6179596590144294,0.3580770934266703,0.2648065462708473,0.4127016445355756,0.7089670609150615,0.47271256148815155,0.7672301401450697,0.8711458614894322,0.045532124915293286,0.36945892551115583,0.538967107555696,0.29177502451264964,0.13509519504649298,0.3701908207897629,0.8067586102655956,-0.040163981329117505,0.31026931532791685,0.08620214302624975,0.13327703092779433,0.1269357172506196,0.1362815105489322,0.12152127176523209,0.06373273873967784,0.040546346987996786,-0.12505689689091273
SRR8534037,1,-0.09577546235440033,0.09654241214905467,-0.09236954378762416,-0.0739639193883964,-0.0021617311452116284,0.1389636748603412,0.23029898319925582,0.1145170692886625,-0.07397243985906243,-0.01737181469798088,-0.13306410717112677,0.05029505956918001,0.18725035605686052,0.10050435257809502,-0.039990248424666267,-0.0046409086457320625,-0.11530238070658275,0.3409853758556502,0.05403401968734605,-0.0025885014661720823,-0.06272728954042707,0.1447622094835554,0.17412339789526804,0.2103536863412176,0.33203103819063734,-0.013862755681787218,0.24427797113146102,0.21545929967292718,0.15955519303679466,0.17347665929368564,0.006514580654246467,0.1614131278225354,0.3143201842904091,0.22010838027511323,0.6899262323443379,0.25041083046900375,0.4724395413483892,0.7024943480002028,0.6683613019330161,0.4499781153031758,0.43926611968449186,0.08260516050670828,0.2568816358647642,0.6209099196961948,0.4442253719483103,0.4473156748073442,0.6924837449831622,0.03612579458526203,0.30042552415813717,0.4794968451772417,0.4154948060001646,0.05919504538178444,0.22236302441784314,0.7150182787861142,-0.06312308673347745,0.24642094118254526,-0.06128003767558506,0.1942735858195062,0.040198019572666714,0.03592113165983132,0.08183334342070989,-0.0350804046860763,-0.03593946807086468,-0.10136998910456896
SRR8534038,1,-0.08234801702201366,-0.0683398177581174,-0.09638047274867338,-0.07620233789618526,-0.08223511571330684,-0.044986878388694355,0.07907120670591082,-0.08463009845997606,-0.06725049391388893,-0.09539950106825147,-0.12678606435656548,-0.03036692985084041,-0.07993960027982082,-0.0942876408142703,-0.13207437417336873,-0.08782890439033508,-0.08002635490681444,-0.028397667088678906,-0.12870180500405176,-0.10036089164870125,-0.06989780281271253,-0.10634097456932068,-0.07691035872059208,0.004197922668286732,0.2112565471657685,-0.06346818112901279,0.06923907569476537,-0.06640676089695521,0.0341458590035992,-0.006354914712054389,0.12466509041509458,0.3649744519165584,0.6012593571628843,0.44374749769589733,1.103396515761103,0.4429513428892408,1.0681909088577544,1.4402435251644679,1.2524124405213766,1.1626845438565527,0.7584179607885224,0.5451079564435142,0.5133520971285179,1.263691653364471,0.9777657240629196,1.3931019673390048,1.3432507174355643,0.47079881546752794,0.6882463842630386,1.3592150381633215,0.7270178773573467,0.34711203383215306,0.7523142354828971,1.6398543044924736,0.3415208288601467,0.9356243706175259,0.4856446364096233,0.5590745442147765,0.3700536074382918,0.6578474550374916,0.5050965409193721,0.4551538729241916,0.4149344765714237,0.41660090695534435
SRR8534039,1,-0.09901019292218345,-0.059101885982922146,-0.07422633788415364,-0.07894425706139632,-0.0806950011423656,-0.13183767747666156,-0.08744971773454122,-0.08119874926550048,-0.08351906522044114,-0.0803945478317993,-0.11411327017205102,-0.07611915123249803,-0.07512709551623889,-0.10539783856698445,-0.11376355269125529,-0.09538529600415911,-0.10654962155967951,-0.10765596332826785,-0.09133852782127048,-0.10101963260344096,-0.08260221460035869,-0.08844503248110414,-0.02489414917571204,-0.11146311674799238,0.16590839784060205,-0.09754316828080586,-0.03859077926192965,-0.04643121860655291,0.037212327654872625,-0.047994832907404215,0.21950007336480276,0.3817951838885035,0.732245575104441,0.6195780911615917,1.1981051883527212,0.6671272750411715,1.3593969057713235,1.8371193196092332,1.5391478762030602,1.5262578896113805,0.8652965926698276,0.7295461946300098,0.8896571419068745,1.5105240877185548,1.424390482051032,1.3369908247675215,1.6537512285368783,0.5811206147606883,0.9661924293530839,1.7365531027317047,0.8676813327308212,0.515150673687458,1.1644474353109087,1.4510051203625542,0.7142392843961716,0.9866891452776534,0.44510665429489954,0.5083868487605027,0.8502948752471379,0.7197517305612564,0.5027578704591308,0.35393708997539114,0.2780522390135697,0.310296290154968
SRR8534040,1,-0.10549974268568414,-0.10725815141839641,-0.09682704042643309,-0.08351438971502441,-0.0836792386003903,-0.13219207578471728,-0.08210104331374168,-0.13191043904849462,-0.12438273057341576,-0.11830343785030502,-0.12820354529789516,-0.09428881108760834,-0.08522395310657364,-0.07666010569248881,-0.13244446686335973,-0.06394588095801217,-0.12736985074090107,-0.015233796622071947,-0.12670121554817473,-0.1193632815266028,-0.0765493991119521,-0.1259600967168808,-0.04299642464944294,-0.0728222546832902,0.19046406235013688,-0.11470624817801374,-0.002533691270010812,-0.059754076812948496,0.10371749315943037,0.05684012946273599,0.03356696452413287,0.2090893057840211,0.3882039764097759,0.33417187950440813,0.7631098894136292,0.3582663131611688,0.736762560904026,0.8952913486531803,0.8825619923216956,0.7886531853250095,0.5141178263085229,0.25113446691206526,0.4035034993929522,0.7839676993233817,0.7254440944109645,0.6777730115822383,0.937925689986774,0.10574564430862665,0.4030683647309031,0.7434305197426251,0.48419079197836773,0.11412628846509117,0.34302138314316316,0.8478880992957524,0.013107321092060633,0.32852565071412493,0.020110770860420808,0.34492973810327904,0.16019061633518764,0.12075428105890751,0.14831826729433878,-0.02114155941775867,-0.014440513215959072,-0.04589639976620674
SRR8534041,1,-0.07736860428537641,-0.09568882573928152,-0.08426261400537831,-0.07922685172941003,-0.10054150436605726,-0.16047197154590062,-0.10533696785569191,-0.10647323834044593,-0.06702948547899723,-0.08084308036736079,-0.12626362006579125,-0.04859561260257449,-0.10342898113386971,-0.09700438220586095,-0.13176667903150832,-0.11204269155859947,-0.09361000518713679,-0.12695889174938202,-0.10318748865808759,-0.11100646906665393,-0.09003158339432307,-0.1152828601854188,-0.07007718086242676,-0.12468647318226951,0.2018051461449691,-0.10352269134351186,-0.021376149462802068,-0.07695296726056508,0.021739471969859942,-0.045620222709008625,0.18595868668385915,0.3790866807103157,0.7485272213816643,0.5318357210074153,1.1228514633008413,0.690011879163129,1.2542878197772163,1.6986422283308846,1.4768978697913033,1.4239321159464973,0.7761538290817823,0.6672899009925979,0.7662194528217826,1.446526167648179,1.3165611603430338,1.233123244451625,1.4792388805321284,0.6278640904596874,0.7352013098342078,1.6091475103582655,0.7864586545952729,0.4651435704103538,1.0542134940624237,1.5066534440432275,0.6069692234907832,0.8852379556213107,0.5171011611819267,0.5169302501848766,0.8178151484046664,0.7179488859006337,0.5292421326573405,0.48183353298476767,0.3172165384250028,0.41934879842613426
SRR8534042,1,-0.08655603615833181,-0.07549898060304779,-0.08968353856887136,-0.09053593235356468,-0.10579007491469383,-0.14574061440570013,-0.10357865957277161,-0.10093149702463831,-0.09054205140897206,-0.08825937977858953,-0.13017742335796356,-0.08434413586344038,-0.09184518855597291,-0.10341046856982368,-0.12824417810354913,-0.11447127110191754,-0.11828272922762803,-0.11950756290129252,-0.09566524678042956,-0.11275879879082952,-0.10893312415906362,-0.09408926325184959,-0.05537930663142886,-0.11272450909018517,0.23538084062082426,-0.12979095109871455,-0.05242872451032911,-0.05094142337994916,0.01973267751080649,-0.03207186822380338,0.22646697823490416,0.33419177681207657,0.7125233773674283,0.4867491126060486,1.0924218956913267,0.6853998926069055,1.2134315467306547,1.606682573046003,1.429418655378478,1.3258351172719682,0.8065225611041699,0.6088816608701434,0.7245633044471366,1.3657158740929194,1.2613289888416017,1.2083956801465578,1.449872876916613,0.5208131756101336,0.7271220300878797,1.569834291934967,0.7052752416847008,0.3977771592991693,0.9644761681556702,1.4768710631345,0.4847196577382939,0.7880761418491602,0.39500215862478527,0.483202800154686,0.7536477957453046,0.5624787674418518,0.47169714740344454,0.29403038123356445,0.19317704439163208,0.30559880153409075
SRR8534043,0,-0.09651951199131352,-0.07996963230626923,-0.08244494588247367,-0.09115019626915455,-0.09217507232512746,-0.13874766656330653,-0.1110498027077743,-0.11856129659073693,-0.1123204454779625,-0.10244859276073319,-0.13021541400147335,-0.10089358381394829,-0.09524691849946976,-0.10478065641863006,-0.1280897068125861,-0.08643034952027458,-0.12795277472053254,-0.0766863322683743,-0.10394988847630364,-0.13039966406566755,-0.10839708362306867,-0.10705100532088961,-0.016191416020904268,-0.05916305371959295,0.09861309400626592,-0.09388630730765206,0.0024676216500146048,-0.06432827881404332,0.06447485887578555,-0.05582259488957269,0.09384404601795333,0.2976131097280553,0.5261279812880925,0.3549965540213244,0.9162840672901699,0.5337276352303368,1.016643973333495,1.2860051989555359,1.0804220267704554,1.0409701423985618,0.6737767194530794,0.3317511518086706,0.5950627268425056,1.0729837619832583,1.0264418327382632,0.9187441851411547,1.076082319021225,0.28248422792447464,0.656026300575052,1.1910493160997118,0.6892540253299687,0.15221206430578604,0.5250681276832309,0.9436855422598975,0.109722871865545,0.5834727393729346,0.14277938540492738,0.4659772589802742,0.3315616212785244,0.2805118707141706,0.2032944027866636,0.00938583943726761,0.06607600195067269,-0.06673803686031274
SRR8534044,0,-0.09769151166879705,-0.06457668170332909,-0.10418479803151318,-0.11145111572529588,-0.13020345781530654,-0.08956305789096015,-0.08472554073003787,-0.09469060599803925,-0.1155509798388396,-0.08778683575136322,0.0682301375865271,-0.09378312138973602,-0.09763186990416475,-0.09283259830304555,-0.13903429891381944,-0.08988657543834831,-0.07800565606781415,-0.003413624462804624,-0.10738225414284638,-0.1374348880989211,0.1997371433036668,-0.06590975248920065,0.08539984322019986,0.13499618853841508,0.27097375265189577,-0.08071442746690341,-0.05047337178673063,0.10131675537143435,0.12857339211872645,0.10951939405640587,0.09333483794970172,0.15391028885330474,0.28694455698132515,0.0963211605059249,0.6634333024599722,0.37510578321026905,0.5426753599728856,0.5610792519790786,0.768224794949804,0.5719048423426492,0.6529123101915631,0.18170796068651335,0.2220758077289377,0.45035191093172344,0.5385746689779418,0.47632124594279696,0.5298882041658673,0.13153778229440963,0.20534206926822662,0.5565912563885961,0.4249299759311335,-0.04767686341490064,0.06872791371175221,0.32820613788706915,-0.10738525646073478,0.09149431703346116,-0.12797533135328973,0.24225949496030807,0.0395913336958204,0.005759410560131073,0.05444495885499886,-0.12544783098357065,-0.0906000587024859,-0.15284178725310735
SRR8534045,0,-0.10815276025927492,-0.0443858416484935,-0.10659514553844929,-0.12491741364023515,-0.11435860555086817,-0.09509144377495561,-0.07180727020438228,-0.10736040198909384,-0.12932437299085514,-0.08820708974131516,0.0292374710718702,-0.09581911776747022,-0.09184648728530322,-0.08641656967146057,-0.1297560270343508,-0.10846601000853948,-0.08527195240770068,-0.07419715469170894,-0.09318314812013082,-0.12743384976472175,0.10956132199083056,-0.07752084811883313,0.015519490199429649,0.025864265859127045,0.22507572227290698,-0.1508239060640335,-0.10495175713939327,0.07753183852349009,0.06445008409874779,0.03207517974078655,0.15649309315319573,0.23160612370286668,0.5169052529547896,0.2022965992135661,0.8150398433208466,0.5089592867131744,0.8126000389456749,0.9209802193301064,1.0771735746945654,0.8393562947666007,0.8161137662827969,0.28661616678748814,0.3714503252080509,0.6853057787354503,0.8447422056591937,0.7628033650772912,0.7901610737400395,0.23695058987608977,0.3467025767479624,0.9430378160572478,0.5073243774074528,0.0417081889297281,0.331778932628887,0.5974606786455426,0.030543218765939985,0.2398054746112653,-0.01912143507174083,0.33482819369861055,0.2651423806590693,0.05978329266820635,0.21027017597641265,-0.0877727067896298,-0.07358886833701815,-0.14061369746923447
SRR8534046,0,-0.01244814321398735,-0.027781008360242204,0.11594850067506611,0.15598770284226962,-0.04528702476194927,-0.04408114886401953,-0.05288792891691888,0.010359918565622397,0.03656499560124108,0.1981700701372964,0.2531251979775594,-0.06459135322698525,0.042905928434005806,-0.07289750301944357,-0.08560673147439957,-0.02318623129810606,0.3167613819241524,0.13551692638014043,-0.10134181752800941,-0.09403618135755616,0.5627295428088733,-0.0723896621327315,0.17652352260691778,0.2937667252761977,0.5415974115686757,0.12949080865031906,-0.012757652572223119,0.23334649418081557,0.14852492937019893,0.2699555304965803,0.10897795190768582,0.07333358067886106,0.19476662868899958,-0.029449071202959334,0.5065656730106899,0.3553963452577591,0.4278747620327132,0.25943769567779135,0.517240143248013,0.32734439901209306,0.5254355296492577,0.037574613001197577,0.06256264661039625,0.22512619835989817,0.24496861334357942,0.23875012887375696,0.25115049058305366,0.16455454472452402,0.16042279292430198,0.3115537757320063,0.23884229308792523,-0.10773943151746478,0.061153413993971686,0.14421635706509864,-0.12603756000420877,0.03129629045724869,-0.11411104138408389,0.24942912480660848,-0.04344904635633741,0.02699058715786253,0.013555474047149931,-0.1262707965714591,-0.05118073576263019,-0.14644790653671538
SRR8534047,0,-0.10134911863133311,-0.05933772612895284,-0.11540137670402016,-0.11522259403552328,-0.11639338518892016,-0.11098072198884827,-0.10630253063780921,-0.13601915751184737,-0.1310818243239607,-0.12035563002739634,-0.01594532746821642,-0.10846124216914177,-0.10454143450728484,-0.1147346134696688,-0.14994253643921443,-0.07938097789883614,-0.10432129779032298,-0.06704467109271459,-0.13210698323590414,-0.14555692885603225,-0.03074589478118079,-0.10528216590838772,0.05477590286838157,0.04163511097431183,0.13623344419257982,-0.0620354867673346,-0.05505400417106492,0.028584572885717665,0.10254755190440587,0.01436859939713031,0.06468989034848553,0.20687052394662583,0.3649585374764034,0.11325479591531414,0.7293284088373184,0.41576031542250086,0.5636836999495115,0.6046260893344879,0.6859116618122373,0.5718193016946316,0.5206877418926784,0.10265393555164337,0.26484301553240847,0.5339142979189221,0.5686697640589305,0.40600605947630747,0.5304575048919234,0.13700507128877298,0.30884107894131113,0.5935463160276413,0.46272933429905344,-0.029179878532886505,0.1348067599215678,0.4202078567551715,-0.07336690489734922,0.20722382116530622,-0.08774280175566673,0.2798174811261041,0.104410639830998,0.032298809715679715,0.11265891524297851,-0.0856527169900281,-0.08630587040845837,-0.14182218057768686
SRR8534049,0,-0.1149549518844911,-0.07073413946532778,-0.09900996913867337,-0.11017026832061154,-0.10063698302422251,-0.11745643828596387,-0.09169483823435647,-0.11369582531707627,-0.11229184615824904,-0.11473003189478602,-0.12054266620959554,-0.09955207098807607,-0.0829942814473595,-0.11061020940542221,-0.1359019534928458,-0.09082983434200287,-0.13142443661178863,-0.08032162035150188,-0.10506471339613199,-0.12282114795276097,-0.06156432921332972,-0.09351505232708794,-0.03335919923016003,-0.04481187728898866,0.16491046015705382,-0.13572756201028824,-0.07080044065202985,-0.007962645696742194,0.037799687790019174,-0.015308379727814878,0.1192427429237536,0.2721984052831041,0.5184984739337649,0.353277980483004,0.911228639206716,0.46498551884932177,0.9193756710737944,1.1144209738288606,1.1517478855592864,1.0810325209583556,0.7035649631704602,0.3572910539805889,0.4568025227636099,0.9013789594173431,0.9701439541365419,0.883565251316343,1.0767267942428589,0.2579762161227076,0.5300343723169395,1.0912286756294114,0.6450696373358369,0.2017649428120681,0.4954184256494045,0.7830674446054867,0.2183972607765879,0.37462698561804636,0.06023068938936506,0.3534514590033463,0.35166519986731665,0.2097419137135148,0.2602391852332013,-0.004839229796613965,-0.003653142601251602,-0.0629238917359284
SRR8534050,0,-0.0909218276584787,-0.08352918497153691,-0.12186412300382342,-0.11358904891780444,-0.11668458793844495,-0.11745391892535346,-0.10123509461326259,-0.13228375677551543,-0.12873591110110283,-0.12412824002759797,-0.02709208312444389,-0.1167124520455088,-0.11683322675526142,-0.11626974919012614,-0.1502100537930216,-0.07845025935343333,-0.10864824801683426,-0.03635462054184505,-0.12328162576471056,-0.1409474057810647,-0.05398046677666051,-0.09638963799391474,0.010989791580608912,0.042220273188182285,0.15520572343042918,-0.06547858246735164,-0.06772080808877945,0.017280076231275285,0.08246467215940356,0.022538839972444942,0.047360148280858994,0.2330057450703212,0.3181050366589001,0.14816155258033956,0.7451422704117638,0.3809784469859941,0.6114136049124811,0.6544851272233895,0.7628537560147899,0.5739305860229901,0.5429995251553399,0.12238722321178232,0.2812528750593109,0.546243432377066,0.5230480296803373,0.46955233599458424,0.6206754511222243,0.13832274744553225,0.3201974928379059,0.5885839483567646,0.4275988479410963,-0.013175691877092634,0.18029235416491116,0.4546335626925741,-0.09161389086927686,0.20285306046051638,-0.09493088961711951,0.3001841599387782,0.04207121687276023,0.039169488208634515,0.08603782100336892,-0.07594008530889239,-0.060403098984222324,-0.14210675337484904
SRR8534055,1,-0.09917536757088133,-0.051704413656677516,-0.1116032786667347,-0.12271689490548202,-0.12077868037990161,-0.09762203719999109,-0.09068664735449213,-0.10646686942449637,-0.1290861228480935,-0.07827899977564812,0.03616175853780338,-0.09852736203798226,-0.09452287307275194,-0.09858501010707446,-0.13604899229747908,-0.07726834820849555,-0.07611085048743657,-0.03164442894714219,-0.09895521961152554,-0.1346880735031196,0.10094520090413946,-0.07828681417075652,0.05712018175316708,0.08654024451971054,0.19991069925682886,-0.09537650804434504,-0.056867974145071845,0.07352850692612785,0.09721046579735619,0.07788730080106429,0.09946605190634727,0.23795619873063906,0.4902384398239,0.08761286948408399,0.7407545447349548,0.46388981281779706,0.6808367435421262,0.6376158946326801,0.9077635428735188,0.7340280046420438,0.6750436276197433,0.1926425046154431,0.27092568336852957,0.5761692635715008,0.7121111356786319,0.5434322953224182,0.6295483128300735,0.18313990639788763,0.3143498622646023,0.7123555423957961,0.48617646523884367,-0.020329484449965612,0.15668530496103422,0.49055041053465437,-0.019174533230917796,0.21762014659387724,-0.097381022891828,0.3317723955426897,0.12152088752814702,0.060649141669273376,0.1502217376338584,-0.11640544395361628,-0.0736390897738082,-0.14459587527172907
SRR8534056,1,-0.09239155712670513,-0.08810419788850206,-0.08154142647981644,-0.07895208522677422,-0.09464610846979278,-0.12598255276679993,-0.10533764213323593,-0.0908943098038435,-0.07736718761069435,-0.06949509839926447,-0.09204774482973985,-0.058663277088531425,-0.0740132350474596,-0.09766011898006711,-0.12340335547924042,-0.0727924614080361,-0.09772505185433797,-0.0566347931245608,-0.08909901850191611,-0.08767607914549964,-0.02090189286640712,-0.08608204239447202,-0.04342505229370935,-0.09008425367730004,0.2874216501201902,-0.10966426719512258,0.0009053998759814671,-0.039977560085909705,0.03645669509257589,0.0011188736451523645,0.19466644977884634,0.3668926813240562,0.6659070620579379,0.28700702876916956,1.0543708109429903,0.6255948288100106,1.0652975868433714,1.3525926343032293,1.388328020860042,1.2355723083019257,0.8648701922169754,0.4901115952857903,0.5272364419485841,1.1529348332967078,1.1943827995232172,1.189600526222161,1.293203898838588,0.37061520107090473,0.5756281816533634,1.3064560230289186,0.7169872083302055,0.2502839766176684,0.5569232454789537,1.1555714250675269,0.26234742999076843,0.5926058989550386,0.1610186089362417,0.47405037922518595,0.5258650593459606,0.38130650682640926,0.3568396717309952,0.1106053250176566,0.11321088724902698,0.11787204870155879
SRR8534057,1,-0.08794876760137933,-0.07177668929632221,-0.09516152792743274,-0.0830726425296494,-0.08689844076122556,-0.12932436700378144,-0.07898338963942868,-0.08250250454459872,-0.08163113040583474,-0.07984575629234314,-0.12323120555707387,-0.0925545192190579,-0.07573765037315232,-0.09870458979691778,-0.11958036837833268,-0.09749718861920494,-0.12498791196516582,-0.09643302565174443,-0.08759637695870229,-0.08469056737210069,-0.07846379492964063,-0.08615661598742008,-0.07408316646303449,-0.11218315682240895,0.2863485871681145,-0.12905120423861913,-0.0558379308453628,-0.06710896029004029,0.01364987130675997,0.04093083047441074,0.21788230857678823,0.3466494091387306,0.6805916545646531,0.5263684024768216,1.0857394859194756,0.663562474506242,1.2719502007322652,1.7412671872547694,1.4840090860213553,1.367827717747007,0.8553953178759132,0.6080281659960747,0.8229729260451027,1.4462659571852003,1.3508209905454092,1.3316789482321059,1.5672376837049211,0.5125741213560104,0.9510936204876218,1.6348003149032593,0.7166489956102201,0.47313329417790684,0.993754540170942,1.4295903918599444,0.5198500520283622,0.7871086065258298,0.32519849709102083,0.45764037540980745,0.6746229912553515,0.6000255388872964,0.36776178223746164,0.347948331518897,0.26119243619697435,0.18759364634752274
SRR8534058,1,-0.09494167932176165,-0.034696490104709356,-0.10323817761049472,-0.12493746967187949,-0.10880726629069873,-0.09342677954451314,-0.08899536146782339,-0.10693021437951497,-0.12846518707062518,-0.09586233778723649,-0.025276456585353508,-0.07561876997351646,-0.08130354607211691,-0.09189218881406955,-0.12712154457611696,-0.053534500034792085,-0.10544339567422867,-0.02266980375030211,-0.09784022878323283,-0.12382237613201141,0.03302285542512046,-0.08105336285994522,0.06901851083551135,0.050362142601183484,0.19101842998393945,-0.10055317809539181,-0.000849957178745951,0.017307530024221966,0.08220050537160464,-0.023971717272486006,0.12468748998695187,0.28631280761744293,0.6077176092990807,0.13447956581200873,0.8771812639066151,0.5863198435732296,0.8496389410325459,0.9226235289658818,1.0972679119024957,0.9296471104025841,0.7784939472164426,0.22160563125674212,0.2846163971615689,0.7381431508277144,0.9246595203876495,0.7233148206557546,0.6801405229738781,0.3095425098602261,0.4267644477742059,0.9450072175823152,0.697757674647229,0.04087111832840102,0.2282802253695471,0.6262463847441333,0.04943880332367761,0.34960202540137936,0.007862380572727748,0.4369301822568689,0.2248215845652989,0.16206766664981842,0.1797077219401087,-0.05111681989261082,-0.029317151622048447,-0.12750190390007837
SRR8534059,1,-0.09704112155096871,0.016096513252705336,-0.09001713435697768,-0.1179113718015807,-0.08990365586110524,-0.09873626434377261,-0.07331623496221644,-0.09025605834488358,-0.09557477092104298,-0.09791189738150154,-0.1291066324338317,-0.08507212810218334,-0.06587836545492921,-0.09273843254361834,-0.10477533351097788,-0.10348984971642494,-0.1229070286665644,-0.1023904751720173,-0.0874222449160048,-0.11290100057210241,-0.11238415299781732,-0.0849034554058952,0.032791653381926675,-0.07906410098075867,0.14256093384964125,-0.1037166358104774,-0.06442300230264664,-0.004558414752994265,0.05164565145969391,-0.06698012112506799,0.19939835609069892,0.41149110559906277,0.7402757235935756,0.48907019410814556,1.1685732187969344,0.688389830361757,1.3270578465557523,1.636730160032,1.500284762254783,1.4425507400717055,0.9381955085056168,0.5870169683226517,0.7483256762581212,1.3422556955899512,1.4051764969314848,1.2863730527460575,1.5138251696314131,0.6261769126036337,0.8554181435278484,1.7292310042040688,0.8645470174295562,0.37999274155923296,0.931132048368454,1.351453879049846,0.4817909002304077,0.8765148637550217,0.3771802325333868,0.6087981622133937,0.7340527027845383,0.5636064846600805,0.4224061189452186,0.22958855490599359,0.15725919497864588,0.2709607391485146
SRR8534060,1,-0.10734017871852432,-0.05421566776931286,-0.08717673617814269,-0.0935472771525383,-0.09443492814898491,-0.11272261690880571,-0.08766660945756095,-0.09889927506446838,-0.11198978844497885,-0.09451200892882687,-0.11489493998565845,-0.07991678320935794,-0.07243799498038632,-0.10343845295054573,-0.12420187730874334,-0.07493249539818082,-0.12645069083997182,-0.05523639009334147,-0.09982077980280987,-0.12180663485612188,-0.09001588528709752,-0.08711578291175621,0.0029402439083371845,-0.06491406687668391,0.08386986276933125,-0.07700930535793304,0.005204289087227413,-0.04246526264718601,0.08343478984066419,-0.04655421205929348,0.0857996294008834,0.3280267098120281,0.5730447779808726,0.2673397141375712,0.9653930653418813,0.5819821208715439,0.9991720510380608,1.2998079380818777,1.1677690808262144,1.0685427976506097,0.8382546901702881,0.37528819125145674,0.5305350454790252,1.01481579882758,1.1037772340433938,0.9373009247439248,1.0674440988472529,0.31265537813305855,0.6031495577522686,1.1599316096731596,0.7986017835459539,0.1520647888204881,0.42964280556355205,0.8345091332282338,0.09107619630438941,0.5674745201000145,0.03384038060903549,0.3988896533846855,0.3011113687285355,0.2272162243191685,0.21745584585836955,0.0597583396094186,0.04912657131041799,-0.03412458460245814
SRR8534061,1,-0.08538185266245689,-0.08553102173443351,-0.07433896272310189,-0.07252418396196195,-0.09346249859247889,-0.127565168642572,-0.10360772721469402,-0.08042681935642447,-0.06485536960618836,-0.05603860132396221,-0.11907071034823145,-0.041742728291345496,-0.07060065858864359,-0.1019381902047566,-0.11214263577546392,-0.0810498579272202,-0.09687390976718493,-0.05766648577160335,-0.08426576289015689,-0.08795594477227756,-0.05177102770124163,-0.09077348613313266,-0.03457212660993848,-0.10518587806395122,0.2712994936321463,-0.08854788488575391,0.014182793242590768,-0.05307437000530107,0.036219315603375435,0.004056806010859353,0.20585938596299716,0.41968486085534096,0.7227786124816963,0.36401113654885975,1.1274006185787064,0.693920435650008,1.199934362832989,1.644045033625194,1.5289258126701628,1.4079650065728597,0.970693730882236,0.5969290100038052,0.6392621557627406,1.324440716632775,1.363470516034535,1.373645302440439,1.4654571328844344,0.5164203111614499,0.7139054598020655,1.5704970359802246,0.8512093116130147,0.34867338623319355,0.7116946109703609,1.3446468567209584,0.3748719710856676,0.7961293905973434,0.29640411479132517,0.5744861225996699,0.6400036811828613,0.5498952588864735,0.4177964734179633,0.25423396857721464,0.2321263998746872,0.25558166950941086
SRR8534062,1,-0.09773740225604602,-0.01226988188656313,-0.07762937706762127,-0.0988009784902845,-0.07394872765455927,-0.1039280526872192,-0.07969489959733826,-0.07729149184056691,-0.07480696781671473,-0.08135702075170619,-0.11626854838271226,-0.07681585608848504,-0.06839180019284997,-0.08717455049710614,-0.10021130527768816,-0.10094110255262681,-0.10748900566250086,-0.10524509800598025,-0.08079624217602291,-0.10227333275335175,-0.0998486275119441,-0.08292193544496383,0.011386857501098089,-0.1003311877804143,0.11555527363504682,-0.07464748940297536,-0.04461343799318586,-0.0371011242802654,0.04127369288887296,-0.021525096414344653,0.22747591989380972,0.5316731828664031,0.8635367665972028,0.6142981318490845,1.2449558962668692,0.7748867736331054,1.5160971071038927,2.0256244199616567,1.6821075624653272,1.6794780301196235,1.0340848469308443,0.7517814955541066,0.8817027306982449,1.6626807914248534,1.5903781673737936,1.4536570619259561,1.7614696025848389,0.7951095700263977,1.0726382221494402,2.0598271659442355,1.1284571976533957,0.5310474906915,1.279029199055263,1.5146902347249644,0.8107678677354541,1.175952100727175,0.6419525082622256,0.7866346346480506,0.9855004868337086,0.8770878644926208,0.6112154041017804,0.5145064379487719,0.3278254568576813,0.4955600622509207
SRR8534063,1,-0.10979404094229851,-0.06998373341879674,-0.09028013822223459,-0.09543771270130362,-0.098185856161373,-0.12079072238079139,-0.10089402379734176,-0.10638810534562383,-0.1164351754954883,-0.1000952756564532,-0.10199192844863449,-0.09083904139697552,-0.07944441373859133,-0.1077549010515213,-0.12715476804545947,-0.07242509829146522,-0.13179059326648712,-0.047942466967340024,-0.09824780075411711,-0.1262559433068548,-0.0490243136882782,-0.08950596841584359,-0.006282070917742593,-0.06012728012033871,0.11406755500606128,-0.09854391855852944,-0.023920496659619466,-0.03105530408876283,0.07998286746442318,-0.028887310198375156,0.09502385290605682,0.28124410381341086,0.5819664368672031,0.2430867231450975,0.9104352086516363,0.5340492278337479,0.9310315961816481,1.139918286885534,1.1217199617198534,1.0136517520461763,0.79849716595241,0.3393237106502056,0.5055162784244333,0.8735386250274522,1.0512403616947787,0.8836090777601514,0.9732709590877805,0.22797694642628943,0.5236801132559776,1.0701266936957836,0.7061714226646083,0.11821356894714492,0.3638307662414653,0.7987534574099949,0.08384194650820323,0.47634533380291294,0.0077418482729366845,0.38058887315647943,0.26084597249116215,0.16666180261277727,0.22684710153511592,0.0003211131053311484,0.0008242925895111901,-0.07430741882749967
SRR8534064,1,-0.09740226755716971,-0.006312512825908405,-0.09377808855580431,-0.11175435541995934,-0.09080820983009678,-0.09458618544574295,-0.0772193990913885,-0.08054922481200524,-0.10912764784214753,-0.09520195331424475,-0.09510814292090279,-0.07810869999229908,-0.06634177031394627,-0.08846751121538025,-0.11077932161944253,-0.09772796330175229,-0.12014043464192323,-0.07852376312283534,-0.08497937409473318,-0.10994104774934906,-0.07253625350339073,-0.09052288048301957,0.02977836238486426,-0.0873727959613981,0.10994065712605204,-0.08167238480278424,-0.031080020857708796,-0.006350683846643993,0.07797055372170039,-0.06275977540229048,0.1706822192562478,0.36082914393461707,0.6744788278426442,0.24948847054370812,1.065203882753849,0.6738985659820693,1.1416275485285692,1.4423077063901084,1.3898026368447713,1.2536501714161463,0.9713197095053536,0.4711155891418457,0.5237783218867013,1.1682652841721262,1.2608743879411901,1.127492314470666,1.2025565803050995,0.43497580928461893,0.6835616880229541,1.4088181725570135,0.8985687691186156,0.17322770253356015,0.5621881729790142,1.0805330931075983,0.21388756803103856,0.6856858847396714,0.1476316430738994,0.4790734031370708,0.5176027166723672,0.3350542592150824,0.2990881545203073,0.1305196876970253,0.13067660533956119,0.021991268332515444
SRR8534065,0,-0.06571468843945436,-0.0445774852165154,-0.016408330178819597,0.03843065324638571,-0.03521489884172167,-0.07439610777821924,-0.08209687813151893,-0.06323737012488502,-0.03940494784287044,0.006647846528462001,0.2513324567324681,-0.09229973015109343,-0.053887714232717245,-0.09080788200455052,-0.1160162128508091,-0.040599124772208076,0.15698232182434627,0.029265153571031988,-0.12106674058096749,-0.1305674740246364,0.4413612697805677,-0.08209355042449065,0.11837448073284966,0.1806312067700284,0.4684748686850071,0.056782511728150506,-0.043088077434471676,0.17841298239571707,0.16780013591051102,0.21038404339924455,0.09689644750739847,0.11325621578310217,0.19275359490088054,0.012170574494770594,0.5323285130517823,0.3363892888384206,0.3789783843926021,0.29827813484839033,0.5135413876601628,0.26529284566640854,0.5144325877938952,0.02578019430594785,0.13771716877818108,0.2758776279432433,0.2433424804891859,0.23530550407511847,0.35933607989656074,0.11765832358755038,0.17531263402530126,0.33230682941419737,0.30585696787706446,-0.07945703182901655,0.07246455869504384,0.20954386570623942,-0.12879721394607,0.0473641465817179,-0.1326924775327955,0.19000700329031264,-0.021410221500056132,-0.03300255537033081,0.014968910520630223,-0.12798770357455527,-0.08033565325396401,-0.149938525898116
SRR8534069,1,-0.10961456816377384,-0.08490912589643683,-0.11380233509199959,-0.11565533373504877,-0.12980563725743974,-0.12230111232825688,-0.09104718480791364,-0.1228817275592259,-0.1303855382970401,-0.0981985769633736,-0.10202223005970674,-0.10764964084540095,-0.0944729418094669,-0.08486442321113177,-0.14429306558200292,-0.10097981084670339,-0.13589985987969808,-0.04627903737127781,-0.10358033941260406,-0.12004562813256468,-0.016141259776694433,-0.07899611602936472,-0.035438237977879386,0.008665299309151513,0.20787848638636724,-0.12665092679006712,-0.07115966188056129,0.038001893886498044,0.06703262137515205,0.01773798030002841,0.09422309776501996,0.18266395692314422,0.3395626438515527,0.27413285097905565,0.7886412633316857,0.33864789376301424,0.7596334652709109,0.8369083771748203,0.9763481623626181,0.7535637207329273,0.7057320943900517,0.301677725144795,0.4459243709487574,0.6634304629904884,0.7288580254784652,0.7621899502617973,0.8182797389371055,0.16375235291863127,0.31204340926238466,0.8332636312448553,0.3880456973399435,0.07552125198500496,0.2854452726564237,0.5736891728426728,-0.08067403307982854,0.22463425461735045,-0.03585639103714909,0.2611591986247471,0.15003674796649388,0.05001738986798695,0.12265410593577794,-0.09877328361783709,-0.08925783289929054,-0.15231615092073167
SRR8534074,1,-0.0939234315550753,-0.0653224681903209,-0.07185131045324462,-0.08248958364129066,-0.09115683500255857,-0.12820384811077798,-0.0867514940244811,-0.0898235108969467,-0.08419938891061715,-0.07621921625520502,-0.11028989138347763,-0.09008971628333841,-0.07838572362171752,-0.08588134976369995,-0.11820007009165627,-0.10604838627789702,-0.11737481651029416,-0.11749384472412723,-0.08179781439581088,-0.10037758680326599,-0.07126360639397587,-0.08203807100653648,-0.030098556141768183,-0.1026964360581977,0.16418728871004923,-0.1010671215397971,-0.05891006652797971,-0.04061596967013819,0.030315434294087545,-0.03557335505528109,0.2901491751628263,0.47714023504938397,0.8774263904696065,0.6923777024660792,1.2867798581719398,0.7461486453456538,1.539369563971247,2.1351945059640065,1.7618610454457146,1.7199450028794152,0.9366287988211427,0.8519518827753407,0.9948918318176376,1.6687114600624358,1.4967258061681474,1.494766007842762,1.9073577310357774,0.8576299846172333,1.101201789719718,1.989719467503684,0.9454241299203464,0.6047983935901097,1.3548172116279602,1.6781366531338011,0.9107708776635783,1.19969556587083,0.7445587707417352,0.716992906161717,1.1374228256089347,0.9756836247231279,0.6504040631864753,0.6167655672345843,0.44053051088537487,0.6169793126838548
SRR8534075,1,-0.1016351065066244,-0.06523989194205829,-0.10996655800512858,-0.12053293521915164,-0.11898153700998851,-0.10195058198379618,-0.08035289496183395,-0.11338404552744967,-0.1282847322789686,-0.09083154611289501,-0.05443096235727093,-0.09459098667970725,-0.08410801528953016,-0.09025319612451962,-0.1315635112779481,-0.0704680612044675,-0.11317053756543569,-0.04903849367318409,-0.09148474516613143,-0.1237307848142726,0.040070321410894394,-0.07925061116527234,-0.006070541750107493,0.015280380312885557,0.21537004304783686,-0.14046453258820943,-0.07792158424854279,0.05056018382310867,0.045992573989289146,0.0017921099040125097,0.11557475384324789,0.25909242246832165,0.5522923224738666,0.22533251025847026,0.9193567527191979,0.48954503022001256,0.8543641854609761,0.8996067031818841,1.1294713541200119,0.9596217317240578,0.7502866770539965,0.2900983765721321,0.3874443250575236,0.7160517099712577,0.8821248116769961,0.8165986367634365,0.8518714904785156,0.269499933347106,0.35674448776990175,0.9429292996813144,0.526190508423107,0.05022701554532562,0.2841921666903155,0.6498571911028453,0.018158189952373505,0.31740863408361164,0.012244347482919693,0.4192384822028024,0.2323310806282929,0.1485933863690921,0.22769149179969514,-0.07984272284167153,-0.046864661521145275,-0.129989214773689
SRR8534076,1,-0.08479337500674385,-0.035611339445625036,-0.0890768492827192,-0.06912202048780662,-0.02685068707380976,0.13429283137832368,0.14810419880918094,-0.09527723757284028,-0.04720913086618696,-0.09850873638476644,-0.1359343422310693,0.0003537812403270176,-0.04073248816920178,0.013166738674044609,-0.041732133499213626,-0.03595468761133296,-0.06592390766101223,-0.0015659630298614502,-0.13788179574268206,-0.07610300076859337,-0.043611039008413045,-0.08212422819009849,-0.10531773285142013,-0.109030314588121,0.1950955545263631,-0.09453621080943517,0.1044524008674281,-0.10684562687362943,0.07890846420611654,-0.014013850263186864,0.11451193637081555,0.2787394960011755,0.41925141853945597,0.49642084751810345,0.9337546867983681,0.22364551707037858,0.8557296810405595,1.240626263831343,0.9870888518967799,0.9326364866324833,0.5443161502480507,0.3505669693861689,0.512607740504401,1.0188578282083784,0.7323477840317147,1.0583905292940992,1.210434922150203,0.23558105954102107,0.6244450008629688,0.9209469918693814,0.44493308247599217,0.25585254175322397,0.6358373372682503,1.2283076396478074,0.2023409562451499,0.6510223230080945,0.2896365619131497,0.3002878882523094,0.3741440794297627,0.37066312240702765,0.25174282278333393,0.166709516197443,0.21549298773918832,0.059257770223276954
SRR8534077,0,-0.09813002210908703,-0.08808312245777675,-0.09513157952044692,-0.0469858454806464,-0.04848112378801618,-0.11469723876299602,-0.09983657699610506,-0.10929587802716664,-0.09006106001990181,-0.07888145904455866,0.13864991660895093,-0.1217767194445644,-0.12320004510028022,-0.0907167520906244,-0.1307153015264443,-0.034236466112945764,0.01976941685591425,0.030358776949079975,-0.12718780072672026,-0.1177838433733476,0.2735754070537431,-0.10133215971291065,0.03649265385632004,0.12313944846391678,0.36144428487334934,0.02723211156470435,-0.050816568945135386,0.11126717273145914,0.17250734674079077,0.18807928769716195,0.092381462720888,0.1516172598515238,0.2754735414470945,0.07514853615845953,0.5532249524923307,0.24637261518676365,0.37455192022025585,0.3445971735886165,0.4811218109514032,0.22551314107009343,0.4701081972037043,0.051543302834033966,0.1801208815138255,0.30779159175498144,0.28687319585255217,0.22350861983639853,0.4164771299277033,0.04291344540459769,0.1948742770722934,0.37958500667342115,0.2774463194821562,-0.03836933523416519,0.01326881828052657,0.30695052205451895,-0.13459624456507818,0.024682406868253435,-0.13571662030049733,0.21744553106171743,-0.03642068177993808,-0.0035734623670578003,0.009530285905514444,-0.13262153949056352,-0.08840956059949738,-0.14403483590909413
SRR8534079,0,-0.09862888384876507,-0.04790906288794109,-0.10999204338129077,-0.10796875852559294,-0.12420493683644704,-0.09256421481924397,-0.08993651797728879,-0.10603901504405908,-0.12142615594036345,-0.08405819482037,0.0555653579400054,-0.10051940567791462,-0.09582540605749403,-0.1019934309380395,-0.14647780997412546,-0.07679700824831213,-0.08257846853562764,-0.017636356609208242,-0.11293202532189232,-0.14777737536600657,0.16517051681876183,-0.08422762581280299,0.05381568095513752,0.11936506416116442,0.23587185037987574,-0.0755652692168951,-0.0698136453117643,0.08219924994877406,0.09594558112855468,0.07056308697376933,0.08917910672192063,0.12654912006109953,0.301108042044299,0.08757756384355682,0.6324731438819852,0.3188043872692755,0.5080003812909126,0.5259463659354618,0.687525063753128,0.5197307387965598,0.585565984249115,0.12288359978369304,0.206993717700243,0.42500572332314085,0.5352209327476365,0.4316895252891949,0.49675737800342695,0.1049642562866211,0.22387883732361452,0.4967573981599084,0.41367058030196596,-0.07170413008758,0.058706205870424,0.34497504734567236,-0.12670730692999704,0.11310458928346634,-0.123375232730593,0.18864394298621587,0.025110214948654175,-0.014433667063713074,0.0380888647798981,-0.1284078306385449,-0.08763500396162271,-0.15024762387786592
SRR8534080,0,-0.11446463709164943,-0.08863050756709916,-0.11450208457452911,-0.12330101004668645,-0.12803899071046285,-0.10571642379675593,-0.09654309494154793,-0.11285973393491336,-0.13923253970486776,-0.11649966772113528,0.01949026621878147,-0.09358810260891914,-0.10096833881522928,-0.09043162582176072,-0.14819046003477915,-0.08425454888492823,-0.1242791629462902,-0.012734356702172331,-0.11393525398203305,-0.1354075531874384,0.116361068295581,-0.07069053793592113,0.020363081246614456,0.06111158749886921,0.25742712982797195,-0.10080118889787368,-0.03758835925587586,0.042586984378950934,0.11194555993591036,0.0628083998204342,0.0869378208049706,0.1097840421966144,0.26324338572365896,0.13151820908699716,0.6281275706631797,0.3131868360298021,0.5180074758827686,0.6287157737783023,0.7263402523738998,0.5198823820267405,0.6365949788263866,0.14339107594319753,0.24538111420614378,0.4880733788013458,0.5695669097559792,0.5361669614378896,0.5129659702735287,0.08774217404425144,0.209762322849461,0.5338083537561553,0.43132446120892254,-0.04518192793641772,0.07797526954008001,0.3727084544952959,-0.12288141995668411,0.09746459020035607,-0.12160159541027886,0.17062897235155106,0.034036870513643534,-0.030541275228772844,0.016882474667259624,-0.10689706960693002,-0.08513555210083723,-0.14671250858477183
SRR8534081,0,-0.1057727904325085,-0.10794280096888542,-0.08618920589131969,-0.09288150391408376,-0.10921478537576539,-0.14545723050832748,-0.11826687678694725,-0.14188951679638453,-0.11415132081934384,-0.11102466817413058,-0.133616464478629,-0.11756257944008601,-0.10439900894250188,-0.05948560046298163,-0.13551545568874904,-0.053854339356933324,-0.13061142287084035,-0.015064033014433724,-0.12617114558815956,-0.12194128121648516,-0.08637340739369392,-0.11038494579094861,-0.035535060933658054,-0.04663731077952044,0.19639097154140472,-0.10482395493558475,0.024657087666647776,-0.052899256348609924,0.09121313052518028,-0.016721606786761965,0.08617296468998704,0.1656035812837737,0.36184966351304737,0.29559894118990215,0.7680007815361023,0.35346801379429443,0.7597711791417429,0.9863434689385551,0.8457129863756043,0.7867081591061184,0.5721366479992867,0.24116691095488413,0.4144907205232552,0.7800799246345248,0.7441823918904577,0.7543766040887151,0.8126280456781387,0.13161649714623178,0.4247040407998221,0.8814912087150982,0.5122949049941131,0.11505199170538358,0.3111098185347925,0.7722031293170792,-0.032797851732798984,0.28674102371691595,0.04333440174481699,0.2503174671104976,0.17386161429541452,0.14824863922383105,0.07271945157221385,-0.019519745771374022,-0.04375888753150191,-0.13865782959120615
SRR8534082,0,-0.10809557572273272,-0.07771764589207512,-0.08850145260138172,-0.09796776595924582,-0.10357844776340894,-0.12846818459885462,-0.09684873611799308,-0.10929154072489057,-0.10392597530569349,-0.102056406970535,-0.13216780059571778,-0.09507025325936931,-0.08310903901500362,-0.10421312440718923,-0.12425449277673449,-0.06907371005841664,-0.11972954496741295,-0.05105682675327573,-0.1038230202559914,-0.11759768319981438,-0.10134910153491157,-0.09304782748222351,-0.03943797094481332,-0.08022089994379453,0.20644893603665487,-0.11324123086939965,-0.040541387030056546,-0.048553197511604855,0.06432017511022943,-0.03680169622280768,0.1583632645862443,0.26892190107277464,0.6220022823129382,0.4492905182497842,0.9805302167577403,0.5387090769197259,1.083042741886207,1.3671214942421233,1.2095870769449644,1.1485911096845354,0.7482551667573196,0.4138212211962257,0.6054145443652358,1.1088662445545197,1.061535768210888,1.0980959061001028,1.2428007636751448,0.3417494568441595,0.7027988311435495,1.3274456901209695,0.6752800446535859,0.30273668438063134,0.6809552780219487,1.136453662599836,0.2761617808469704,0.6150746217795781,0.1853657854454858,0.4150045822773661,0.44066110998392105,0.3701525330543518,0.22651105693408422,0.08920826802828483,0.07833586899297577,0.017437072736876353
SRR8534084,0,-0.02145845496228763,-0.0350755310916741,0.10210660073373999,0.13482362244810378,-0.016337900289467404,-0.052287478058133274,-0.04107635040626129,-0.006631902818168912,0.030201382535908903,0.18726352309542044,0.2591561060190933,-0.08028117753565311,0.014979871522103037,-0.06921048635350806,-0.08426951883094651,-0.030689474727426256,0.3111668543091842,0.11628867419702667,-0.10773975481944424,-0.09649555890687875,0.5361606702208519,-0.07324129459448159,0.1671758033335209,0.27088976757866995,0.5158452247934682,0.11438693851232529,-0.03769075125455856,0.23768087050744466,0.14598157789025987,0.292889552456992,0.10602712923926967,0.09320224568779979,0.22246594141636575,-0.027398701225008284,0.5260221032159669,0.35427017044276,0.41499729294862064,0.26671313281570164,0.5491610531296048,0.3484161075736795,0.4948651897055762,0.0396693854667579,0.06724709606039271,0.24311281514487096,0.2503817935607263,0.23173442482948303,0.26438083179527894,0.16034623368510179,0.17205520612852915,0.35244064445474316,0.23024777748755046,-0.11241414291518075,0.0528227516583034,0.16156545068536485,-0.11681236805660385,0.015802418813109398,-0.11172627870525632,0.2977931664458343,-0.022369382636887685,0.045307950249740055,0.04127754004938262,-0.13517317814486368,-0.05038205826921122,-0.14382109365292958
SRR8534085,1,-0.08981447866452592,-0.07344083647642817,-0.08379311966044563,-0.09029327120099749,-0.10470558596508843,-0.1428682410291263,-0.09890861250460148,-0.11274489973272596,-0.09879466093012265,-0.08930518903902598,-0.12296230026653834,-0.10485873664064067,-0.09389999894691366,-0.10328707764191287,-0.12928283321005957,-0.11901783464210373,-0.1277588408972536,-0.1432214922138623,-0.10180357098579407,-0.11867217772773334,-0.060717232658394744,-0.09662582778504916,-0.02999176936490195,-0.11021957493254117,0.17792967706918716,-0.13931551149913243,-0.07894121895411185,-0.03553729664002146,0.02815411612391472,-0.06354535650461912,0.2922211126424372,0.36317452575479237,0.7363616520805019,0.4634160878402846,1.1002489626407623,0.6501435286232403,1.2848823709147317,1.65734486920493,1.4192985306893076,1.294348093015807,0.8552655609590667,0.5609462686947414,0.687024579516479,1.2465406198586737,1.175726359444005,1.1715712834681784,1.3838413570608412,0.593132563999721,0.6881552296025413,1.4936130493879318,0.7021032724795597,0.3360176312810706,0.9272821928773608,1.3522425038473946,0.48227645988975254,0.8173649311065674,0.49774595562900814,0.5137256852218083,0.8229480119688171,0.5160487805094037,0.4901817206825529,0.27046499135238783,0.19418596369879587,0.21738298184105329
SRR8534086,1,-0.09744061895513109,-0.061414031577961783,-0.10094404114144188,-0.10603746918163129,-0.10822161499943052,-0.11744906221117292,-0.08212641200848989,-0.10746932029724121,-0.10840940635119166,-0.09762599345828805,-0.10018938886267799,-0.10868507091488157,-0.0877289470019085,-0.10140376750911985,-0.1303041438971247,-0.116750140275274,-0.1165723901774202,-0.12464735124792371,-0.0917358004621097,-0.11411361183438982,-0.04675729785646711,-0.07927840708621911,-0.025614148804119656,-0.07507259718009404,0.20251628969396865,-0.15608817977564676,-0.11312420559780938,0.00022534493889127458,0.04729127138853073,-0.03957091059003558,0.23546275616224324,0.32391150615045,0.6722808363182204,0.3851346788661821,0.9685029036232403,0.6077882290950843,1.1120359067405974,1.3975861413138253,1.27350721934012,1.107109125171389,0.8497909525675433,0.470542600112302,0.6079962030053139,1.079762662095683,1.0714105165430479,0.9998823659760612,1.2038403110844749,0.3900636127218604,0.6088060116661447,1.2674563867705209,0.6123372084860291,0.2072520080421652,0.6700339200241225,1.075320765376091,0.26700753612177713,0.5401401168533734,0.24149113733853614,0.42442105604069574,0.5590518372399467,0.2610471844673157,0.3857951643211501,0.06623666414192744,0.030317396989890506,-0.019302717676120146
SRR8534087,0,-0.08915244375488587,-0.057671871302383285,-0.08233155363372394,-0.10106590802648238,-0.12152214507971491,-0.09022019497518029,-0.08160214931038874,-0.09299327007361821,-0.11221144960394927,-0.0541022534349135,0.07364295832979094,-0.09912291887615408,-0.09724617090874485,-0.08863690761583191,-0.13564503246120044,-0.09480529464781284,-0.04691497875111444,0.0025890726995255265,-0.1032243762165308,-0.1318522681082998,0.2181660681962967,-0.06953081345584776,0.07276912326259273,0.13684487396052905,0.29153375008276533,-0.0785268491932324,-0.060103096067905426,0.11116627976298332,0.1172910024012838,0.14355746570176312,0.10220954084901937,0.15695520490407944,0.3491584616047995,0.07250397401678908,0.6800391024776867,0.42098930584532873,0.6163526624441147,0.613075294797974,0.8258745468088559,0.6122710545148168,0.6600219543491092,0.20175510165946825,0.2326878740319184,0.4760578689830644,0.5582426030720983,0.5163480788469315,0.5860332293169839,0.14688236798558915,0.25558582161154064,0.6303532155496734,0.4183394020157201,-0.03778977319598198,0.11585696254457746,0.3916959549699511,-0.07934939861297607,0.11468672486288208,-0.12217000659023013,0.2859378212264606,0.07682470019374575,0.03208001170839582,0.08173873009426254,-0.1264092123934201,-0.07191170379519463,-0.15651802931513106
SRR8534088,1,-0.1055266312988741,-0.03674815255882485,-0.08572842060987439,-0.0979548410645553,-0.08979573207242149,-0.0988730603296842,-0.061223798032317846,-0.08877063136813897,-0.09135276318660804,-0.08789802109822631,-0.11637065626148667,-0.10105887148529291,-0.0734665444386857,-0.07930413048182215,-0.10740452259778976,-0.1107128837278911,-0.12286184302398137,-0.11764896812383085,-0.08775316777921814,-0.10073277354240417,-0.08295960824138351,-0.07601883133507467,-0.006176854882921491,-0.0750549172184297,0.1382657986666475,-0.13248918418373382,-0.07571162123765264,0.012271236728078552,0.03401576567973409,-0.046488383252705844,0.23091290784733637,0.3599537454678544,0.6601777630192893,0.6157158272606986,1.0134905600654227,0.6639183284049588,1.2789931701263413,1.8371397001402718,1.597795102578987,1.4178515353373118,0.954141344342913,0.7288385661584991,0.7979892981903893,1.3799814549939973,1.369418194251401,1.216853913451944,1.6319702970130103,0.678360104560852,0.977701336145401,1.7375582115990775,0.9380333173487868,0.44436896432723316,1.1485953671591622,1.1158627636198486,0.6410909944346973,0.8043788160596576,0.44280453452042173,0.55769651808909,0.7953848625932421,0.5717952344566584,0.4923162396465029,0.21628568534340178,0.1576474415404456,0.10362438644681658
SRR8534089,1,-0.11278677272743412,-0.07838005838649613,-0.1068236173263618,-0.08889162061469895,-0.11231834654297147,-0.1338384206007634,-0.10608257779053279,-0.09379828042749848,-0.11893466913274356,-0.10235786783908095,-0.09663037955760956,-0.0969453678865518,-0.08201738925916809,-0.1215073647243636,-0.12853711258087838,-0.09979803853535227,-0.12943431628601892,-0.04239593635845397,-0.09936068987008184,-0.11064121818968228,-0.041180823530469625,-0.08919314823911659,-0.03785025594489915,-0.10372310930064746,0.17982392119509832,-0.1330730521253177,-0.0461497391973223,-0.0475056151460324,0.08246026973107032,0.0006979214293616158,0.15648676428411687,0.31132963246532847,0.6476569250226021,0.348784711544535,0.9809101899819714,0.49210000157888445,1.0061979634961713,1.3023937599999564,1.2785436263574022,1.132905153291566,0.9183819746332509,0.4487983015133068,0.5007574064199746,1.0108133831194468,1.1232763741697585,1.1158201907362257,1.2572820165327616,0.28230180378471104,0.6295664885214397,1.1455739268234797,0.7077171712049416,0.20292875064270838,0.5502219711031232,1.087575554315533,0.19881716477019445,0.63013417539852,0.06698668375611305,0.327736034989357,0.3691294893090214,0.2068675836282117,0.26230551834617344,0.04493163313184466,0.09692685785038131,0.005229817312543413
SRR8534090,0,-0.09374599837298904,-0.031570992299488614,-0.0998752316975567,-0.11883622860269887,-0.09895899040358407,-0.0871738700329193,-0.06635228747368924,-0.0981402964929917,-0.10897327685129962,-0.09744000261915582,-0.12080607107574386,-0.0704676970240793,-0.07687182129094643,-0.07342054003051349,-0.1154286555413689,-0.10155949156199183,-0.12542893498071603,-0.05308277100890076,-0.07661240953685981,-0.10596318915486336,-0.07984478588748191,-0.07047691863096718,0.06404308149857181,-0.01096458506903478,0.17339038742440088,-0.12053060185696397,-0.045447097292968204,0.05630219914019108,0.06743107523236956,-0.010092223196157388,0.21025212774319307,0.31955096232039587,0.6781313738652638,0.3011221257703645,1.0345907370959009,0.6805729993752071,1.2274047689778464,1.37537204261337,1.4355970658361912,1.2820129532899176,0.9489860343081611,0.41963185875543524,0.5517832157867295,1.1403998008796148,1.1060535843883241,1.1454861227955138,1.1525613154683794,0.5041474925819784,0.6525023148528167,1.4640882409044675,0.8041498051690203,0.2445555848202535,0.585343495543514,0.9615248718432018,0.2737577131816319,0.595155594604356,0.19259109880243028,0.5736068561673164,0.5704571583441326,0.32052130558128866,0.2825478102479662,0.05605969498200076,0.0578922980598041,-0.04838314871968968
SRR8534091,1,-0.0863331109950585,-0.10683583840727806,-0.08303923053400857,-0.0749983327197177,-0.016266795141356333,-0.04507093557289669,-0.12154308653303555,-0.10019483949456896,-0.044154022953339984,-0.10428044173334326,-0.1407506029520716,-0.015632851847580502,-0.07333420722612313,-0.06381572197590556,-0.133589434836592,-0.08924750504749161,-0.0884341946137803,-0.07685534629438605,-0.10550664391900812,-0.08078117562191826,-0.044675023428031375,-0.10103143911276545,-0.11421100569090673,-0.12438086899263519,0.24861442404133932,-0.1224441658705473,-0.04700973417077746,-0.08344265552503723,0.0027593555194990976,0.001170828938484192,0.16783754634005682,0.2983550780585834,0.7078169648136411,0.42576191467898233,1.0632901042699814,0.45314987296504633,1.0800794092938304,1.376077915940966,1.3391924258321524,1.2836527143205916,0.79031358606049,0.5025464333593845,0.6079501082754827,1.1620615561093603,1.1806868932076864,1.231654176754611,1.3090239592960902,0.27676951778786524,0.6155544428953102,1.2429499966757638,0.6090897944356714,0.3337624285902296,0.6535834244319371,1.3576376419514418,0.494111250021628,0.6558868874396596,0.23635860745395934,0.3419592061213085,0.492580662880625,0.38092594646981787,0.37135607429913114,0.16732772093798434,0.18809978451047624,0.1542707488739065
SRR8534092,1,-0.07028862015743341,-0.08931783373866763,-0.027315594122878144,-0.06925287550049168,-0.028799059135573252,0.00835288648626634,-0.08980873147291797,-0.10738353431224823,-0.1254758116390024,-0.09102674307567733,-0.14812696831566946,-0.06939541708145823,-0.06678821904850858,-0.03508483139531953,-0.08967010437377862,-0.07852914131113461,-0.11538629712803024,0.00904763865816806,-0.10242271702736616,-0.09015388467482158,-0.06685242163283485,-0.09895842070026058,-0.08739526676280159,-0.1044740549155644,0.22361079337341444,-0.135467957173075,0.026134052446910312,-0.08221517450043134,0.1424093416758946,0.011835370744977678,0.09378857059138161,0.2744905762374401,0.4807322823575565,0.3698314183524677,0.8514934198132583,0.2783845801438604,0.7214197266314711,1.078996085694858,1.0406438460839647,0.939302530671869,0.7789466378412077,0.4035303315946034,0.5296800487807819,0.8491276534540313,0.9780793030347142,0.913759280528341,1.0833698958158493,0.12056236394814082,0.45485040119716097,0.8408204317092896,0.5674565072570529,0.1829001275556428,0.4486432173954589,0.8243532053061894,0.10530472919344902,0.4342454661216055,-0.03732250867012356,0.11611000608120646,0.17327762235488212,0.02795551055377083,0.14220969378948212,0.014983376221997398,0.05685943045786449,-0.08570534097296852
SRR8534093,1,-0.07564637237893683,0.02305469661951065,-0.04063338907768151,-0.07083231396973133,0.02140229567885399,0.27331132122448515,0.2087376399763993,-0.05722488037177494,0.05880066965307508,-0.10510634178561824,-0.13767662271857262,0.034347404326711385,-0.00011158506718597241,0.11118775136024592,0.04160126617976597,0.0159581612263407,-0.10259454883635044,0.09773445714797292,-0.10411014407873154,-0.024000168977571384,-0.0046780045543398175,-0.00828095099755696,-0.030229329131543636,-0.03358727893126862,0.27917284784572466,-0.08893509448638984,0.19505426500524795,-0.019778249519211904,0.11136577424726316,0.06718216836452484,0.0733864711863654,0.18112296717507498,0.32513466690267834,0.30766212035502705,0.7793091822947774,0.14017601417643683,0.6105978845485619,0.8451402772750173,0.7082749794104269,0.6206490354878562,0.4787723475268909,0.22766394261270761,0.40106727182865143,0.6644792748349053,0.49902739665204926,0.7888019148792539,0.8516012595168182,0.06120655685663223,0.3729432672262192,0.5759975713278566,0.29410905364368645,0.12438449882236975,0.26762343171451775,0.9939621162401246,0.006053134266819272,0.30727636215410065,0.08650025645537036,0.1857034798179354,0.1333801592034953,0.08697945065796375,0.12457245322210449,0.030998735023396357,0.047342609081949504,-0.0776335256440299
SRR8534094,1,-0.07178508410496372,0.023666366934776306,-0.043933017778077295,-0.0720884828562183,-0.0017621501215866634,0.2419408815247672,0.1943099174116339,-0.07531565906746047,0.05824594306094306,-0.11031898323978696,-0.1326578280755452,0.0330297127366066,-0.046865309056426795,0.09492483681866101,0.012188205761568887,-0.0005146227777004242,-0.08166922549051898,0.029432686311858042,-0.12305677309632301,-0.04274990063692842,-0.026542664106403078,-0.03937949346644538,-0.05929195614797728,-0.06961566114997757,0.2619591387254851,-0.09591183977733765,0.18225943190710886,-0.05393347463437489,0.10928408987820148,0.036219238968832154,0.05860667595905917,0.17083645079817092,0.3307983920510326,0.3127905476306166,0.779732768024717,0.12867763957806996,0.6197551762951272,0.8640461606638772,0.7612848715590579,0.6918395757675171,0.46557906376464026,0.2373800783285073,0.4041214372430529,0.7040981235248702,0.581181522990976,0.85154590010643,0.8591597165380206,0.07598867693117686,0.3926050694925444,0.6451285199395248,0.3356724294966885,0.12993447056838445,0.2961410033915724,0.9902405829301902,0.020222964031355723,0.3245576960699899,0.11446818260342947,0.19506305243287766,0.15623752267232963,0.1215449156505721,0.13286563168678964,0.050134318215506415,0.06967161489384514,-0.05937343090772629
SRR8534095,1,-0.09818021128220218,-0.10305400618485042,-0.10532490696225848,-0.0718884566532714,-0.11792640068701335,-0.10117149565901075,-0.10924979352525302,-0.1240868547133037,-0.10439784026571683,-0.09706347648586545,-0.14758220208542688,-0.1191080015684877,-0.09907398399497781,-0.09609455695109707,-0.12375895945089203,-0.11639228942138809,-0.12335495730595929,-0.10264423981841121,-0.11129446168031011,-0.1233683175274304,-0.07456633448600769,-0.12150385762963976,-0.09152716185365405,-0.11737107951194048,0.18184298596211843,-0.12492843291589192,-0.021261568580354964,-0.0650341979094914,0.0780434278505189,-0.06118231958576611,0.17434958847505705,0.27588819552745136,0.5421873810035842,0.5258899240621498,1.0270910326923643,0.34806597229492453,1.0354369939970118,1.462333306670189,1.163809799988355,1.1463429778814316,0.6495804919728211,0.5631617697487984,0.7272365183702537,1.0742291499461447,1.0177438855171204,1.116981057184083,1.4092458188533783,0.3545408067958696,0.6506519360201699,1.1779434702226095,0.510287791756647,0.3899774897311415,0.8091131672263145,1.1425798796117306,0.38454172228063854,0.6415503621101379,0.26219093586717335,0.2567182997507708,0.58836658511843,0.43407061589615686,0.33362626510539223,0.26681625097990036,0.17405799989189422,0.07500386823500906
SRR8534096,1,-0.10926767172557968,-0.08869649097323418,-0.10126111656427383,-0.07910106730248247,-0.11112687098128456,-0.14462484845093318,-0.1156616849558694,-0.11631656331675393,-0.09670644093837057,-0.09753106161952019,-0.13666523780141557,-0.11134203150868416,-0.09548109197723013,-0.11254923790693283,-0.13407130166888237,-0.11760867227401052,-0.1280535137546914,-0.12311256889786039,-0.10373571302209582,-0.12873436829873494,-0.07921598425933293,-0.10563758441380092,-0.07178876123258046,-0.11221015639603138,0.17215956055692264,-0.1264182584626334,-0.04559316166809627,-0.047344018306050985,0.030629854649305344,-0.06037342441933496,0.2041324552680765,0.3187774786991732,0.649795688688755,0.5413052003298487,1.0683576400790895,0.46863693105322973,1.177556369985853,1.5503339256559099,1.3141134946740098,1.2946812510490417,0.6779991896556956,0.6281764887805495,0.7763283694429057,1.2065197644489152,1.1770761076893126,1.2009619719215803,1.4964700596673148,0.48475297327552525,0.7655963695475033,1.412091389298439,0.5619891455197441,0.43001329205331523,0.9221402193818774,1.245592863964183,0.5356317604226726,0.7590006331780127,0.3674160231437002,0.4317096599510738,0.7317714116403035,0.5689923119332109,0.4390971777694566,0.27301550869430813,0.1613290629216603,0.2230918732072626
SRR8534097,1,-0.10115289089402982,-0.06751301418989897,-0.0895978691322463,-0.07765547984412738,-0.08461219764181546,-0.12387138339025634,-0.07809639722108841,-0.08227503565805298,-0.08563566793288503,-0.08122277718835644,-0.12131609967244524,-0.10282343732459205,-0.07601993624120951,-0.09902139859540122,-0.11537749692797661,-0.094500832259655,-0.12442589444773537,-0.10037424814488206,-0.08829640067415312,-0.08950463309884071,-0.08468020281621388,-0.08527831766488296,-0.06619647517800331,-0.1109463277139834,0.27014764877302305,-0.1226149850658008,-0.061431536983166425,-0.04710445140621492,0.030772782196956023,0.018939492957932607,0.244479979654508,0.3928438433046852,0.6896635975156512,0.5907456704548427,1.0795672195298331,0.6846218896763665,1.3214638052242142,1.8592289430754525,1.58534285692232,1.4662131581987654,0.9076559791075332,0.6560792731387275,0.8706745813999858,1.542963717664991,1.3961999927248274,1.3630068195717675,1.6933858735220773,0.6044309501137052,1.0276040615780013,1.7525238863059454,0.8371313991291183,0.5413472013814109,1.0708537612642561,1.4086952294622148,0.6238103115132877,0.8572141144956861,0.3535539231130055,0.6338910524334226,0.72248418203422,0.6397277191281319,0.4716376470667975,0.3004662061908415,0.3324383816548756,0.22788982093334198
SRR8534098,1,-0.0957796967455319,-0.04915537312626839,-0.09291735251567193,-0.09235394852502006,-0.09169060896549906,-0.11754508635827474,-0.07069880834647588,-0.08440782502293587,-0.09231500274368695,-0.0836873021242874,-0.12731599927480733,-0.09716902593416828,-0.07565073535910674,-0.09712957324726242,-0.11385189156447138,-0.0963411879326616,-0.12555776376809394,-0.1003013321065477,-0.08589168308701899,-0.0973058816577707,-0.0980632986341204,-0.0838642061821052,-0.04436341194169862,-0.1077441977603095,0.24884086261902535,-0.12787295877933502,-0.07277523513351168,-0.05085442042244332,0.03606391618294375,-0.004389074231897082,0.24423996112974627,0.36026666845594135,0.6884061949593681,0.5729548590523856,1.0952270786677087,0.6927060314587185,1.3274063956258553,1.813294836453029,1.5122054006372179,1.3931782330785478,0.9184430454458509,0.6101190277508327,0.7927059195935726,1.4795796307069915,1.3335537718875068,1.3669985447611128,1.6558599386896407,0.5864653454295227,0.9955432638525963,1.6761696551527296,0.8207391231719937,0.471917562186718,1.0379208879811423,1.4020457728100675,0.5180271067573423,0.8270158235515866,0.3546557037958077,0.5728143070425306,0.6994977955307279,0.619032469178949,0.42977078578301836,0.2689889012170689,0.29681892533387455,0.22849575855902263
SRR8534099,0,-0.09381770715117455,-0.11804526299238205,-0.129257648651089,-0.1147799843123981,-0.12684162014297076,-0.12182295215981347,-0.09400195149438721,-0.14472530037164688,-0.14413057693413325,-0.1239667082471507,-0.08053639670833945,-0.1294556606028761,-0.12048885066594396,-0.11041061686617988,-0.14774409362248012,-0.07705610830868993,-0.1229649843797753,-0.036218457988330295,-0.13356972698654448,-0.1128097256379468,0.013410546949931554,-0.08445777744054794,-0.03732774087360927,0.04162093145506723,0.19444124773144722,-0.056436573820454736,-0.0782545560172626,0.04540631813662393,0.06170795006411416,0.05074131382363183,0.08483392359422785,0.16227337079388754,0.14812934984053885,0.24660941106932505,0.7576534088168826,0.2655734789690801,0.5979442386222737,0.7013889247817653,0.8331228494644165,0.5290582754782268,0.5208441125495094,0.12870382171656405,0.24793284492833273,0.5057394320943526,0.39737599343061447,0.5990439791764531,0.6238612681627274,0.22083134287303047,0.17718096396752767,0.60939138442544,0.31061757169663906,-0.015683253960950033,0.21363781153091363,0.5102120382445199,-0.11940850530351911,0.18479642644524574,-0.022933764117104665,0.273528910108975,0.036341343607221334,0.10001636762171984,0.06236149184405804,-0.05955740090991769,-0.07080179718988282,-0.1582083659512656
SRR8534100,0,-0.09337161561208111,-0.07446675022531833,-0.08999017700885556,-0.12225062932286944,-0.12586515237178122,-0.08572808137562658,-0.0666128619174872,-0.1055264085797327,-0.12813523581384548,-0.06963374518922397,-0.03683215555169487,-0.0955079620970147,-0.0974659753431167,-0.08375612047633954,-0.13109951519540378,-0.08057137685162681,-0.10146303953869003,-0.01404434529000095,-0.09415383583733014,-0.10936988105199166,0.06539211994303125,-0.07405021660295981,0.010242080582039697,0.05131943577102253,0.24372911040804215,-0.137787469795772,-0.08192634476082665,0.04172566905617714,0.040535339287349155,0.017770272812673023,0.1369557066687516,0.25822423504931585,0.4792508514864104,0.23543741846723215,0.9096259911145482,0.5477713889309338,0.8893633420978274,0.9987395144999027,1.1635612228087016,0.9363139399460384,0.8446886858769825,0.2729116864169815,0.2950943492885147,0.7783504192318235,0.785947580688766,0.8399735667875835,0.8509313283222062,0.3138314208814076,0.3486853593162128,0.9528684848254281,0.5688307261360543,0.03236221854708025,0.3526633848835315,0.6496458458048957,0.04172177133815629,0.287951456915055,0.025833980047277043,0.43178208598068785,0.1919055591736521,0.1951411563370909,0.1733074305312974,-0.039906258561781476,-0.016443340639982904,-0.15499299126011984
SRR8534109,0,-0.10214437697348851,-0.011324001077030386,-0.09005731693468988,-0.11767458623009068,-0.11706497999174255,-0.09207361763609308,-0.07937274869930531,-0.11015434177326304,-0.13121206692552992,-0.06588861319635596,0.08542372184040557,-0.09166026660906416,-0.08737115295869964,-0.08175074734858104,-0.1267456832740988,-0.08204459718295506,-0.07717900670000485,-0.039131317021591325,-0.09757361747324467,-0.13556556510073797,0.18800918491823332,-0.08042086833821875,0.0723310796810048,0.06471345680100578,0.2762544830994947,-0.12458798861397165,-0.08918816170522145,0.0906779116817883,0.0867271577673299,0.051631906984506974,0.1472959058093173,0.21792256512812205,0.5473908340292317,0.1541728489100933,0.8006475174001285,0.4937220126656549,0.7524545203362193,0.7032650145036834,0.9513882888214928,0.7195738282586847,0.8007083939654487,0.22634941339492798,0.2829948871263436,0.6029805562325886,0.7800692809479577,0.6695127998079572,0.7054649995906013,0.23309693858027458,0.3273044071559395,0.7829165493271181,0.46371521667710375,-0.004924008356673377,0.258245548499482,0.5687240505857127,-0.003224042909485953,0.2483678124845028,-0.05703215939658029,0.33273510209151674,0.2040811308792659,0.04692180667604719,0.18505149627370493,-0.10335564294031688,-0.0717791196491037,-0.13104715730462754
SRR8534114,0,-0.09113366323124085,-0.03747311593698604,-0.08369668945670128,-0.11828356834926776,-0.10905152186751366,-0.09489220061472484,-0.07801785878837109,-0.10488084118281092,-0.12103438237681985,-0.07073223278192538,-0.12886651465669274,-0.09152132898036923,-0.09775692410767078,-0.07983727540288653,-0.12135849254471916,-0.10773273025240217,-0.13638266867824964,-0.06263938898752842,-0.08557354020220893,-0.11073956984494414,-0.032513394951820374,-0.06908922379703394,0.04818146649215903,0.07761340801204954,0.1626832022198609,-0.09931877787624087,-0.08996760685529027,0.0969302843191794,0.08351799473166466,0.07324549875089101,0.13021336575703962,0.1961994974740914,0.5143849924206734,0.28136877143489464,0.8129096925258636,0.5599770952415254,0.9668687475475183,1.0188749767839909,1.1285361732755388,1.0298618802002497,0.6346135001097407,0.4376299838934626,0.5637309260200709,0.8632389221872602,0.8933058631207261,0.7334922488246646,0.966220387922866,0.12160494018878255,0.5308622313397271,1.0390785081045968,0.5425955192851168,0.17149680852890015,0.48445121943950653,0.7217320972787482,0.2385814424071993,0.25836139717804535,-0.043210076434271674,0.35323534267289297,0.35747961699962616,0.21307174754994257,0.19182434039456503,-0.0933028023157801,-0.05704588735742228,-0.15052439378840582
SRR8534123,0,-0.10425729570644242,-0.04826649324968457,-0.09458711769964014,-0.1216234000665801,-0.10473647926534925,-0.09774685824023825,-0.08190106499075357,-0.10859615162813238,-0.12209249171428382,-0.06365703219281775,-0.1091588046900662,-0.08775025845638343,-0.08930208537328456,-0.08840337156185082,-0.11822660533445221,-0.09835870856685298,-0.12734458329422133,-0.032648188926811726,-0.08229840210905033,-0.1117712754224028,0.015747372593198503,-0.07110843842383474,0.008775683385985238,0.04531480318733624,0.18458233853535994,-0.13401612493076495,-0.06753730348178319,0.0553845228361232,0.053720246468271525,0.060567999192114384,0.1648476059947695,0.24109326196568354,0.6623374069375652,0.2214100265077182,0.8309898461614337,0.5166598946920463,0.9399131157635046,0.9628941512533596,1.1815792896917887,0.9675893204818878,0.822319032890456,0.35233631251113756,0.4692520145326853,0.784333369561604,1.0009093486836977,0.8128634542226791,0.8958601046885762,0.22429184429347515,0.4667956226372293,1.1022386633391892,0.6069631140146937,0.11422695858137948,0.36650419182011057,0.7215356858713287,0.13668342573302134,0.3110449867589133,-0.030578308871814182,0.3549943853701864,0.27949212597949163,0.1269847064145974,0.18835718823330744,-0.09477128514221736,-0.05162104804600988,-0.13384950852819852
SRR8534124,1,-0.09907068328798882,-0.09714082122913428,-0.09901863921965871,-0.09380270434277398,-0.10422523958342415,-0.13353286577122553,-0.10121278996978487,-0.11794642997639519,-0.11120892528976713,-0.06845428156001228,-0.12732607259282044,-0.11378789427024978,-0.08398186255778585,-0.07649938549314227,-0.12808115567479814,-0.07676734349557332,-0.12890344272766793,-0.010437235502260072,-0.10294504955943141,-0.09882949452315058,-0.09461991914681026,-0.10313923390848297,-0.08378247171640396,-0.09673840046993323,0.255610571375915,-0.13704683046255792,-0.009197772081409181,-0.05535402361835752,0.09659425807850701,-0.010842771934611457,0.07809501753321715,0.3201322172369276,0.3903283088334969,0.3455266611916678,0.8817776047757694,0.40826258222971645,0.852098466030189,1.1464404117848193,1.1091941786663873,0.9427172052008765,0.7545647631798472,0.4048723533217396,0.5497933855014188,0.8441216019647462,0.9844694627182824,0.9572224318981171,1.0329158870237214,0.26490058031465324,0.4290901204305036,1.01451803956713,0.49628315440246035,0.13758461017693793,0.45189781540206503,0.8674413710832596,0.013578779330211026,0.41159540694206953,0.024633117020130157,0.2896688048328672,0.14693223535349326,0.21278871170112065,0.1490129716694355,0.040258351513849835,0.07664876417922122,-0.07435051830751556
SRR8534125,1,-0.10801902180537581,-0.05698145553469658,-0.11591553528394018,-0.11756599747708865,-0.10937428900173732,-0.11749335165534701,-0.1015355187867369,-0.11803916415997914,-0.1260111198893615,-0.1118790406201567,-0.10583675725917731,-0.10889461077749729,-0.09044996143451758,-0.11292728941355433,-0.14213821291923523,-0.09340024263864118,-0.13030648018632615,-0.07885993697813579,-0.10157879175884384,-0.13349579434309686,-0.08581402897834778,-0.0974671473460538,-0.04121857775109155,-0.04273999482393265,0.14736071974039078,-0.11540290606873375,-0.08089611892189298,0.016749768384865353,0.05552121038947787,-0.016855592839419842,0.10854820179832002,0.28504236893994467,0.5352400509374482,0.23847105114587716,0.8325382824987173,0.4764746047024216,0.7987057768872806,0.9322761852028114,1.0661858091396945,0.9005150880132403,0.7069389564650399,0.3101934434047767,0.4978904537856579,0.8122074848839215,0.9150490356343133,0.7193648133959089,0.9014101198741368,0.20955511728035553,0.46690484615308897,0.9964057696717126,0.5619766158717019,0.10312308956469808,0.3969313632696867,0.7972303586346763,0.02006082928606442,0.42650415003299713,-0.006366460717150143,0.32145997669015614,0.2315552830696106,0.07165471312639836,0.22839571003402984,-0.03906178580863135,-0.030340841306107386,-0.10950453699167285
SRR8534126,1,-0.09418154428047794,0.03793783179883446,-0.07732539411102023,-0.0965214270566191,-0.052337098866701126,-0.086721092994724,-0.06368615780957043,-0.062229176318006854,-0.0547281308723281,-0.07812459919867772,-0.11232078388067228,-0.06822423051510539,-0.04939232370816171,-0.07420373628182071,-0.09100317635706492,-0.10609161128689136,-0.10892985934125525,-0.09890613192692399,-0.07529578039455893,-0.08688339324934143,-0.11222328245639801,-0.08038624688716871,0.0733825813180634,-0.10629044366734368,0.07570147261555706,-0.046522958536765406,0.006806401269776481,-0.04329051250325782,0.06720610495124545,-0.05737280739205224,0.2510175582553659,0.5203399040869304,0.9423959223287446,0.6418309456535748,1.2953952997922897,0.8844779751130513,1.6156704521604948,2.2374498503548756,1.7656729077654225,1.7323562566723143,1.0902067747499262,0.8307217881083488,0.9450340373441577,1.7869754008549665,1.6816469893923827,1.4978865853377752,1.7967443210738046,0.9601425576422896,1.1959714900170053,2.084250671522958,1.2549841505076205,0.5305882814739432,1.3189734646252222,1.5906224197575025,0.7783225764121328,1.3053599021264486,0.641946479678154,0.7056607997843197,1.0289602439318384,0.8966611794063023,0.6168947826538768,0.5494674635784966,0.39866603751267704,0.5571537145546505
SRR8534127,0,-0.11018503257738692,-0.07037159294954368,-0.11128755579037326,-0.11893083368028913,-0.13185278752020427,-0.12157640819038663,-0.09002606943249702,-0.1167880602713142,-0.12945405393838882,-0.1196399802075965,-0.07401729468256235,-0.106448998142566,-0.08971020366464343,-0.10534653493336268,-0.14239857771566936,-0.09351975470781326,-0.1287366577557155,-0.04629100885774408,-0.1127130716506924,-0.1395042378987585,-0.03908816246049745,-0.09366068363721881,-0.011688098311424255,-0.039445891976356506,0.19211106960262572,-0.11476615736527103,-0.039593667324100225,0.004461321979761124,0.08258616465276905,-0.027519635257444212,0.09492803950394903,0.18663077588592256,0.4117957651615143,0.2663759674344744,0.8747846500149795,0.3689812376563038,0.7935975054611585,0.9810708183795214,0.9848335846992475,0.8737553390009063,0.6901066242051976,0.29456246245120254,0.42318301275372505,0.7074344413621085,0.8428403713873455,0.8442707913262504,0.8926172964274883,0.22932664145316398,0.40649282932281494,0.9441142178007534,0.45498363035065786,0.10364725653614316,0.36400626067604336,0.794230757015092,0.0005575514265469142,0.35514980075614794,-0.011109313262360436,0.27760626269238337,0.24661059251853398,0.15071211835103376,0.14042891349111283,-0.029149480164051056,0.0013613094176564897,-0.09461131266185216
SRR8534128,1,-0.09469297980623585,0.04448448311138366,-0.07583387166128627,-0.09550487596009459,-0.049212515886340825,-0.08428614387022597,-0.06665071193128824,-0.06093195353501609,-0.0506432202445077,-0.0809225949591824,-0.1071716454545302,-0.06981688751173871,-0.045155719122184176,-0.07079020621521133,-0.08989637797432286,-0.1066974950954318,-0.10881738750530141,-0.09233433645775742,-0.07335353602372509,-0.08537344528096062,-0.1088634974190167,-0.07844328629185579,0.07984884336058583,-0.10636783843593937,0.08526686139936958,-0.03730454242655209,0.006880146584340504,-0.037656140114579885,0.060074654008661,-0.03833306687218802,0.2838158889540604,0.5499496326914856,0.9740901333945138,0.64940013683268,1.2994229335870062,0.9248641559055873,1.6620458172900336,2.3116471597126553,1.7869830748864584,1.7748484526361739,1.1143150414739336,0.8459626670394625,0.9632839001715183,1.8241344456161772,1.759514354701553,1.5782283693552017,1.869890638760158,0.9623283318110875,1.2855048456362315,2.178472706249782,1.2892858593591623,0.5699826585394996,1.3622196997914995,1.6837444680609874,0.8589643452848706,1.4070525509970528,0.6860472027744565,0.7779239607708794,1.049615619438035,0.9122060920510974,0.6419885573642594,0.5774797414030347,0.4410511798092297,0.6131355741194316
SRR8534131,1,-0.09635150871638741,-0.04739399922878614,-0.09483479016593524,-0.11143868443156991,-0.0988568477332592,-0.09651696136487382,-0.05095066662345614,-0.09984627242998353,-0.09136345816243972,-0.08930987073108554,-0.10840849501879088,-0.10560788812914065,-0.07249423974592771,-0.0691652385784047,-0.11299121858818191,-0.1083846108189651,-0.12194135252918516,-0.11516916575575513,-0.07811540586408228,-0.09045886088694845,-0.039225660264492035,-0.07430912195039648,-0.006950487715325185,-0.08359184728137084,0.14464368085776055,-0.13387644716671535,-0.10777126691703286,-0.002488829262022461,0.03245234569268567,-0.04091559310576746,0.2709084674715996,0.4067853937989899,0.7391323819756508,0.5897726876262043,1.1047233673078674,0.7289474345743656,1.3779956168894256,1.9186533093452454,1.5517951042524405,1.4387630351952143,1.0012940937387091,0.7438471546130521,0.8555457091757229,1.4037475069718701,1.2845549075199025,1.2904745068933283,1.6253133118152618,0.6626274154654571,0.9253233373165131,1.6593886784144811,0.8459946098072189,0.4109090937833701,1.1208940829549516,1.2053904341799873,0.6870936517204557,0.931267763887133,0.4613403011379497,0.526055351964065,0.8129899358110768,0.5570340316210475,0.49394120808158604,0.3044916998062815,0.2271362351519721,0.05492161852972848
SRR8534133,0,-0.11795211849468094,-0.08671115977423531,-0.1143813833062138,-0.12423519337815898,-0.11043191009334155,-0.11077699091817651,-0.10873022888387952,-0.1215561500617436,-0.13336656455482757,-0.106167093451534,0.026114823230143105,-0.10180964320898056,-0.09762606304138899,-0.09882510559899467,-0.14331637855087007,-0.09231697621622256,-0.12514036002435855,-0.01023010497114488,-0.10026988573372364,-0.13992776721715927,0.1388412799154009,-0.0776491356747491,0.005277268189404692,0.07022127296243395,0.2509910389780998,-0.10944499953516892,-0.0617380558646151,0.06895020923444203,0.12286850437521935,0.11787408710058246,0.07172819953744433,0.13339886721223593,0.2884529951427664,0.11782925788845335,0.6052788232586214,0.28534177371433805,0.4516019755974412,0.4865400141903332,0.7022392781717437,0.5211608686617443,0.6346670793635505,0.16521640441247396,0.23670366778969765,0.3993149532803467,0.6018463240138122,0.45857258194259237,0.5192766594035285,0.036664334791047234,0.1914371930638481,0.5094720831340445,0.40859093783157213,-0.04163911087172372,0.040852944038176374,0.29629017412662506,-0.11325506014483315,0.05793573946825096,-0.1388202469263758,0.17502328008413315,0.02522019935505731,-0.0457443967461586,0.03581049479544163,-0.13003871270588466,-0.10388407430478505,-0.1417552594627653
SRR8534146,0,-0.10139485854389411,-0.04790433921984264,-0.07983235160021909,-0.1164641458807247,-0.10064859874546528,-0.0950937994722543,-0.07803310511683646,-0.10634046047925949,-0.11781863824996565,-0.05603994269456182,-0.11744817971651043,-0.07120608418647732,-0.0837253897750218,-0.07926975376904011,-0.11378736115459885,-0.09715022279747895,-0.12358757906726428,-0.03965335733456803,-0.0827101353955056,-0.10956577504319805,0.004889897270394223,-0.06913200040747013,0.02738653602344649,0.054594037256070545,0.20008179572011744,-0.13118766793715103,-0.041946910587804656,0.053454117849469185,0.07236029207706451,0.05539902579039335,0.1878894085862807,0.2680719043793423,0.7272890832807336,0.26239379961043596,0.8857087599379676,0.571074578911066,1.0484391102301223,1.0871855478201593,1.258230026279177,1.036031766661576,0.8966506059680667,0.37255397013255526,0.5165371607456889,0.8706999910729272,1.066410525568894,0.9102243717227664,0.9313032329082489,0.31556109338998795,0.5406814010015556,1.2373003379574843,0.6647490643497024,0.17913574512515748,0.4527311106877668,0.7599296154720443,0.2298091288123812,0.38225606296743664,0.01295417214610747,0.4441110300166266,0.3594485840627125,0.19043723014848574,0.2180476715522153,-0.06891686229833535,-0.03801135026982853,-0.13264550295259273
SRR8534147,0,-0.11729536378490073,-0.06679523496755532,-0.11726665869355202,-0.12390943244099617,-0.11179526948503085,-0.10748581721314363,-0.10455746363316264,-0.11776185807372842,-0.13093202880450658,-0.10057719158274787,0.010813404939004354,-0.10040279717317649,-0.09449772337185484,-0.10374072034444128,-0.14357429955686843,-0.09617198717647366,-0.12884706551475184,-0.026305225677788258,-0.0969919389379876,-0.1429953511272158,0.11777087620326451,-0.08284594557647194,0.016368417981928878,0.05827899490083967,0.22703959686415537,-0.10437852915908609,-0.06828091200441122,0.07094862418515342,0.11893963318185083,0.10198921104893088,0.06687269529460796,0.1448813288339547,0.324206391615527,0.11174245710883822,0.6338447313755751,0.32947439168180737,0.48840934091380667,0.5021115067814078,0.7136488727160862,0.554109124732869,0.6564200988837651,0.19593028724193573,0.2611520185933581,0.43534800303833826,0.6470496766269207,0.47759212500282694,0.5640070672546115,0.043281405099800656,0.21170266571321658,0.5375866972442184,0.44483715508665356,-0.03621608763933182,0.07471900592957224,0.31234536692500114,-0.11192842466490609,0.10092350255165781,-0.13179909863642283,0.16297547519207,0.033101463956492286,-0.04549919281687055,0.048786577369485586,-0.12026993983558246,-0.10142952403319734,-0.1398027954357011
SRR8534148,0,-0.0860695131123066,-0.06369350531271525,-0.10160576019968305,-0.11996446603110858,-0.11151431873440742,-0.08920764390911375,-0.09531824383884668,-0.1149383115449122,-0.10933134877788168,-0.0990262134000659,-0.12895812413522176,-0.09160950327558177,-0.07600062619894743,-0.10397564114204474,-0.13870907894202641,-0.08474613885794367,-0.13718838563987187,-0.033353966128613265,-0.1271775205220495,-0.12358893347637993,-0.007016008453709739,-0.0740147161164454,0.1337057358718344,0.13675119195665633,0.06658306398562022,-0.017283292753355845,0.016618922352790833,0.030046572110482624,0.11200553604534694,0.02350577065122447,0.023424488625356128,0.12218304676935077,0.22067864558526448,0.16171521267720632,0.6336183760847364,0.3899266927370003,0.6057159975171089,0.7003299689718655,0.6502800647701535,0.6862445759054806,0.43163272545539905,0.22883248116288865,0.3584760176683111,0.5367067589291504,0.6284482585532325,0.39292493356125696,0.6126836075314454,0.07927089317568711,0.340681220803942,0.6322368149246488,0.4979500727994101,0.004808603652885982,0.1851344933467252,0.29708516092172693,-0.0044889897108078,0.14877198849405562,-0.10808144988758224,0.20796868284898146,0.047058057838252614,0.1164877542427608,0.007330006786755153,-0.07241071281688553,-0.05456237381856356,-0.14793863041060312
SRR8534159,0,-0.10047178795295102,-0.057296369424355884,-0.041402596747502685,-0.06932292160178934,-0.11396633088588715,-0.08330756259549942,-0.07790583251543078,-0.08367677432085786,-0.07764073248420443,0.013085088027375085,0.14516456281333895,-0.09494717605412006,-0.10066523110227925,-0.08171960452039327,-0.12868080980011395,-0.09318489262035914,-0.018028173063482558,0.04737889088158097,-0.09766678033130509,-0.1301493543599333,0.4780950631414141,-0.069385712334354,0.041955064716083665,0.18009432245578086,0.3921098607991423,-0.0710939025240285,-0.08190331391857139,0.1811167991587094,0.13284241408109665,0.2633110240733783,0.1331550002630268,0.11898924555030785,0.35384770961744444,0.08118117687159351,0.5676468383254749,0.3633159634524158,0.46347079519182444,0.4563270924346788,0.7225714113031115,0.4361641641174044,0.6583467487777982,0.18872651351349695,0.20494593626686505,0.33482993819883894,0.484080542411123,0.43460223025509287,0.4861426598259381,0.08164284537945475,0.15581631341150828,0.47844781620161875,0.28664429432579447,-0.044397520566625256,0.06157407058136804,0.2814144015844379,-0.1235513910651207,0.019399965181946754,-0.144541757447379,0.2393569541828973,0.007518359592982701,-0.023629267300878252,0.04254596387701375,-0.13208729371295444,-0.07775704848713108,-0.13581245498997824
SRR8534160,0,-0.10418432904407382,-0.05914761046213763,-0.10851512024445194,-0.11697400733828545,-0.12193681406123298,-0.0954288225620985,-0.09488049255950111,-0.11129887881023544,-0.13399337524814264,-0.11039408376174313,-0.05320502973959914,-0.08599542972764798,-0.08895486273935863,-0.10129795622612749,-0.1312800943851471,-0.08659676382584232,-0.1338537974017007,-0.05130759646583881,-0.098129681710686,-0.12744108055319106,-0.03172337090862649,-0.07664676662534475,0.05643603737865176,0.025837283049310957,0.1528454598571573,-0.1151220395362803,-0.04633878677019051,0.04204330965876579,0.09689157775470189,-0.0032039210200309753,0.10172684490680695,0.24724666667836054,0.4946936070919037,0.17898887342640332,0.812302860231804,0.5443981853978974,0.8142942099698952,0.86465052967625,0.9964180099112647,0.8991791009902954,0.7428919694253376,0.25283606190766605,0.3679258968415005,0.7295117144073758,0.8370882690485034,0.723115303686687,0.7737044479165759,0.22524244484624692,0.3689161547060524,0.8670805692340114,0.5988685925092015,0.03208105452358723,0.21780043414660863,0.5729401500097343,-0.010827034711837769,0.2735204590218408,-0.052697627672127316,0.35004451125860214,0.20201884595943348,0.0954650134912559,0.15930810836809023,-0.06426039178456579,-0.07514009917421001,-0.14070787174361093
SRR8534171,1,-0.09508640844640988,-0.09791148187858718,-0.08830068978880133,-0.0670188075995871,-0.08592145863388266,-0.14803426499877656,-0.12611897609063558,-0.11056267363684517,-0.08845290541648865,-0.0833233366055148,-0.1303274663431304,-0.07916098380727428,-0.09302587953529187,-0.10888676425176007,-0.12240356472986084,-0.08894182422331401,-0.09550030050533158,-0.04811289267880576,-0.10943447080041681,-0.12057086718933922,-0.08194085955619812,-0.10259245655366353,-0.0782548359462193,-0.11568748259118625,0.14352718048862048,-0.08983799469258104,0.06159442862761872,-0.08249797831688609,0.0714830511382648,-0.06595479803425926,0.09024801211697715,0.2657806362424578,0.5421380954129356,0.5106636897793838,0.9267164639064244,0.45387191431862967,1.0107711580182825,1.4839234522410802,1.1775345540871578,1.1827150391680854,0.7161549363414191,0.4604785463639668,0.6542993922318731,1.169756198035819,1.1805275561554092,1.0643154771200247,1.2248592845031194,0.3039206638932228,0.7144282332488469,1.3140846533434731,0.7832627770091806,0.3014998787215778,0.708847165107727,1.0728566753012794,0.2542180198111704,0.6992540827819279,0.19251896228109086,0.2819371090403625,0.44620283959167345,0.32104302450482336,0.22431265030588424,0.19223284694765294,0.11706279484289032,0.014423224409776074
SRR8534172,1,-0.10544666155640568,-0.09345257867659841,-0.09352048486471176,-0.10462980744029794,-0.1283752822450229,-0.14606640275035584,-0.11392519649650369,-0.13288040352719171,-0.14684416673013143,-0.11663328324045454,-0.09365256928971835,-0.1360910034605435,-0.10071537324360438,-0.08371932591710772,-0.14814826207501547,-0.10695624990122658,-0.13191732977117812,-0.10575750470161438,-0.12529852081622397,-0.1362653337419033,-0.0392826327255794,-0.10465357080101967,-0.05665654848728861,-0.059945407190493176,0.19075641674654825,-0.13098165605749404,-0.0804499928407105,-0.045705421694687436,0.06102763009922845,-0.04928134468251041,0.18144935183227062,0.1867912294609206,0.47633859728063854,0.36849175819328855,0.8959759713283607,0.4016631616811667,0.8773436886923653,1.0720786090408052,0.9983309869255338,0.885778338781425,0.6579343224210399,0.2991875811879124,0.4385667709367616,0.8521264110292707,0.8120069525071553,0.8145233903612409,1.0190748529774802,0.2844137964504106,0.5222878711564201,0.9703730195760727,0.45810589673263685,0.12353714395846639,0.4235399599586214,1.0399200298956461,0.05239408888987133,0.48830829028572353,0.15435183261122024,0.3373174582208906,0.37275933460997684,0.20498234732076526,0.19482188565390451,0.02382942182677133,0.03308828281504767,-0.049229122033076625
SRR8534173,0,-0.0971660538177405,-0.07377183450652021,-0.07910223198788506,-0.07825514700795923,-0.06655234364526612,-0.12892577637519156,-0.08233511713998658,-0.12874069809913635,-0.07296334419931684,-0.07363146623330456,-0.12992570336375917,-0.05038109568080732,-0.08277417506490435,-0.08703512538756643,-0.1181962357035705,-0.05027654341288975,-0.1141625786466258,-0.015926729887723923,-0.10458971081035477,-0.08714391397578376,-0.08206309378147125,-0.10751512433801379,-0.0859180720789092,-0.10328211848224912,0.19018940095390593,-0.11999494183276381,0.017701037228107452,-0.07184411558721747,0.06354569430862154,-0.009148053026625089,0.06364922438349042,0.29417193258580354,0.4365998921649797,0.3671274141836745,0.8709558599096324,0.40384572371840477,0.9741612433322838,1.2242235312504428,1.1815061611788613,1.1327587004218782,0.6989999711513519,0.3521188701935379,0.5301248260906765,0.9937959504978997,0.937006277697427,1.0443770725812231,1.1385434695652552,0.2658472071800913,0.5306123250297138,1.0513706122125899,0.6274847321744476,0.1965924513393215,0.48679498782647507,0.9160007280962807,0.09381492276276861,0.4221542863441365,0.13088895327278546,0.41258102868284496,0.2893958368471691,0.3087742562804903,0.21725475362368993,0.05913493574397372,0.08371611365250178,-0.042525150414024084
SRR8534182,0,-0.10179030210045832,-0.04131992147969348,-0.06104491937107274,-0.08422902412712574,-0.11662906913885049,-0.0818436927428203,-0.08056755865358614,-0.09433188409145389,-0.09424038151545185,-0.011424812355211802,0.12258326175755688,-0.09666065153266702,-0.10352459742820688,-0.08156104891427926,-0.13518646199788367,-0.09124313827071871,-0.030199346265622547,-0.0009918616020253726,-0.09903100292597498,-0.13596601677792414,0.39682635931032045,-0.07472991930054766,0.03443934502346175,0.1413946311388697,0.342480370508773,-0.0891365015080997,-0.09332944027015141,0.16197829507291317,0.11704745110390442,0.19636222134743417,0.14686655406174914,0.12093514762818813,0.3641908658402307,0.11176049110612699,0.6166970006057194,0.38809871713497807,0.46464490172054085,0.5160128208143371,0.7590225871120181,0.4599653674023492,0.6541639151317733,0.16292381915263832,0.21447053338800157,0.39800000190734863,0.5209097989967891,0.46201626637152265,0.4942330079419272,0.10498743504285812,0.17451394349336624,0.527386781626514,0.3183507392449038,-0.041262466992650716,0.11220281584454435,0.34200430661439896,-0.10971881023475102,0.06266508490911551,-0.13306385278701782,0.22539897954889707,0.06091752222606114,-0.03800176190478461,0.05877954911972795,-0.13033805787563324,-0.08405845386109181,-0.14165983774832316
SRR8534185,0,-0.10277590069121548,-0.05745011248758861,-0.10685740690678358,-0.11915975463177476,-0.11824343247073037,-0.0911760559704687,-0.08281520335003734,-0.11373875928776604,-0.13211196714213916,-0.0914129622812782,0.03487754465978859,-0.08901874481567315,-0.08605597959831357,-0.0973023444946323,-0.14059212590966905,-0.0716112530125039,-0.1038135854261262,-0.036666972296578546,-0.10774213474776063,-0.1393866618829114,0.1767805138868945,-0.07170180876606277,0.05222631152719259,0.0922527446278504,0.26246268142546925,-0.10722740739583969,-0.04952883507524218,0.054663499018975666,0.0949763176696641,0.07625059969723225,0.10893080596412931,0.14128205393041884,0.36118209255593164,0.15097296876566751,0.7210595501320702,0.4086392132033195,0.6727651144777026,0.663642318919301,0.817417928150722,0.6666927018335888,0.6885980793407985,0.1909389373447214,0.24892310159546988,0.5470062441059521,0.6525951528123447,0.6276385986379215,0.5688422838492053,0.17165513868842805,0.27248026377388407,0.6601574431572642,0.4394521526992321,-0.026318136602640152,0.12045831765447344,0.3762356995471886,-0.0739275302205767,0.12366352017436709,-0.07645118688898427,0.2993560566433838,0.1357275460447584,0.058412503983293264,0.08280935883522034,-0.11020566150546074,-0.06004266148166997,-0.15083755127021245
SRR8534186,0,-0.10104382171162538,-0.07505220973065921,-0.10516177736488837,-0.12095637978719813,-0.10544633146907602,-0.10797982583088535,-0.0760324928643448,-0.104656731842884,-0.11586895039571184,-0.09964852114873272,-0.11704691331500985,-0.08287357538938522,-0.08669042068400554,-0.0926254295877048,-0.12176834738680295,-0.08731835142576269,-0.12970065006187984,-0.04590130078473261,-0.08901189187807697,-0.1031665438786149,-0.07014913644109454,-0.07740845730794328,-0.008292834141424723,-0.01897939933197839,0.2146379505949361,-0.14171841368079185,-0.06917344140154975,0.016969594838363782,0.037836121661322455,-0.007712681644729206,0.12658763996192388,0.28700384790343897,0.5980511179992131,0.30274148245475124,0.8992708218949181,0.5734746392284121,1.0038013021860803,1.1606976789023196,1.2479386462696962,1.0830271393060684,0.8150099515914917,0.3267772655401911,0.5236779408795493,0.9519715543304171,1.050651571580342,0.9376623758247921,1.0377087954963957,0.2857042896960463,0.5206143313220569,1.1759142620222909,0.636598399441157,0.19689965740378415,0.5191764432404723,0.852200767823628,0.15404627046414784,0.3439991644450596,0.05040147208741733,0.3784100596926042,0.3072159120014736,0.17992490330444916,0.20938323118856975,0.005997862400753158,-0.03605465537735394,-0.1294629850557872
SRR8534187,0,-0.07101860695651599,-0.042519144979970794,-0.011997405040477003,0.004825900441833905,-0.060011849871703556,-0.08111803824015494,-0.07842076072535877,-0.07711736166051456,-0.048623341135680676,0.01034272595175675,0.18737519267181466,-0.10452035175902503,-0.0735998190274196,-0.09517227199726871,-0.12071569130889007,-0.06678456813097,0.1135815078658717,0.003694377307380949,-0.11006070433982781,-0.13411145444427217,0.3357485793530941,-0.08530252393601197,0.07569716258772782,0.161537980394704,0.38003419765404295,0.007214759409959827,-0.06738009410245079,0.15309757686087064,0.13812018505164556,0.2047568086002554,0.09732493206060358,0.13937469199299812,0.28527308787618366,0.020271427929401398,0.6038256271609238,0.35210595599242617,0.46450251606958254,0.3957660086452961,0.6348603043173041,0.4016415450189795,0.5417173398392541,0.08911044895648956,0.15125362002956017,0.33808760344982147,0.3634364583662578,0.3046279549598694,0.46044698464018957,0.14832670667341777,0.1982318429010255,0.3953576646745205,0.3066380689186709,-0.08556800122771945,0.09749255116496768,0.28994567160095486,-0.10961752917085375,0.07310387332524572,-0.13411250497613633,0.23930052667856216,0.010163558380944389,0.0009126727070127215,0.06388759346944946,-0.12493751331099442,-0.07932709210685321,-0.15643488935061864
SRR8534188,0,-0.09376644955149718,-0.0008542199752160481,-0.09592544111157102,-0.12411945765571934,-0.09722003580204078,-0.08646638737991452,-0.06567232433839568,-0.09801887451404971,-0.10723534681268834,-0.09727663985852684,-0.11923660284706525,-0.07384602432804448,-0.06923590329409178,-0.06755104927080018,-0.11369343501116548,-0.10454496794513293,-0.12067460481609617,-0.05120192437399445,-0.07477819453924894,-0.10517728169049535,-0.07097085425630212,-0.0762935589965699,0.06475439055689744,-0.02237525688750403,0.1767598151096276,-0.12544750186082507,-0.06258559413254261,0.06652389799377748,0.061014785298279355,-0.02140413238001721,0.24584438573635584,0.32438442749636515,0.7372126882629735,0.33894398382731844,1.0927106541182314,0.6800193414092064,1.3154375734073775,1.4542888786111559,1.5102272666990757,1.347555442580155,1.020225970872811,0.47581496754927294,0.5777564751250404,1.2004018255642481,1.1836466092084135,1.2438956243651254,1.255938104220799,0.5740947819181851,0.720195581637589,1.592249748962266,0.8318766632250377,0.2828147794519152,0.7057799654347556,1.116613718015807,0.3316979168781212,0.733891419001988,0.27256493030914236,0.6214385250849384,0.6398583501577377,0.37397666541593416,0.32296450223241535,0.08398341214550394,0.08962545597127505,0.009998787194490433
SRR8534199,1,-0.0937160348652729,-0.09145339578390121,-0.08284055601273264,-0.08255279915673393,-0.08940840139985085,-0.1368003628615822,-0.11274944245815277,-0.10486633623284954,-0.08393635760460581,-0.0847343338121261,-0.12691602776093142,-0.07285373737769467,-0.07943610634122576,-0.10677738540938922,-0.1248112821153232,-0.07960698487503189,-0.11898540811879295,-0.0345899927695947,-0.09834420039052409,-0.11350927661572184,-0.07531714226518359,-0.10012826449902994,-0.07090442734105247,-0.0988883658179215,0.256402316902365,-0.11480413882860116,-0.022021585277148654,-0.054832477920821736,0.05265985003539494,-0.01293668310557093,0.11452460342219897,0.2617620031482407,0.5738172488553184,0.29163392739636557,0.9172993717449052,0.5106850424781442,0.9540205981050219,1.2464702767985207,1.2472587279709322,1.1120427240218436,0.8169965121362891,0.45753596297332216,0.5619577361004693,1.0462003616350037,1.090881158198629,1.0277208717806,1.117409007889884,0.24760340473481587,0.5652673762025577,1.1425333597830363,0.6949763114431075,0.156209867979799,0.4478225367409842,1.001400239765644,0.17632548404591425,0.46877298610551016,0.04097773773329599,0.31862905408654896,0.35635892514671597,0.1982715811048235,0.2737927681633404,0.03273475409618446,0.0679634085723332,-0.04575813441936459
SRR8534200,1,-0.10872820472078663,-0.08624216089291233,-0.10116257305656161,-0.10461001177983624,-0.10550637566484511,-0.14369983332497732,-0.1301799373967307,-0.1343511055622782,-0.12382197273629052,-0.1155526132455894,-0.12560557228113925,-0.11240676205073084,-0.10213109265480723,-0.11883693294865745,-0.14862314292362758,-0.07452104559966496,-0.14238362227167403,-0.0730493004832949,-0.10934798951659884,-0.13817720700587546,-0.11180880240031651,-0.11278061888047627,-0.04097423702478409,-0.0627296439238957,0.1342552261693137,-0.09527817581381116,-0.050137320799486976,-0.02012508362531662,0.0603325169400445,-0.010407610397253717,0.07652312463947705,0.2555522210896015,0.45035078270094736,0.22681141857589995,0.8082572376089436,0.45445068765963825,0.7853477788822991,0.925244635769299,1.0023274812847376,0.9189968896763665,0.6143678192581449,0.23171879297920636,0.4673440754413605,0.8589961252042225,0.824975209576743,0.7134822564465659,0.8689955515520913,0.195145740040711,0.4711223744920322,0.933532348700932,0.5917401963046619,0.08836618119052478,0.34279631450772285,0.8116604047162193,0.0022712956581796917,0.4033073303954942,0.0056101615939821515,0.3157640237893377,0.21686689422598907,0.10339053134833064,0.1809921514775072,-0.020471627158778056,-0.0199235768190452,-0.09828490128607623
SRR8534201,1,-0.10104336376701083,-0.08210195361503533,-0.09808459505438805,-0.10103828779288701,-0.10889787546225957,-0.14977946238858358,-0.10987550233091627,-0.12296823731490544,-0.11948713340929576,-0.09901370054909162,-0.12757037180875028,-0.11398799398115703,-0.09560856435980115,-0.10718040035239287,-0.1412646264902183,-0.10284727173192161,-0.1408559169088091,-0.10075664200953074,-0.10110507958701678,-0.12965447615299905,-0.09039440431765147,-0.10592936830861228,-0.06061657624585288,-0.10208200397236007,0.19138278279985702,-0.14313154880489623,-0.08843678874628884,-0.036795422434806824,0.03650294520360019,-0.04946211698864188,0.13722541662199156,0.2911324304129396,0.5496298308883395,0.40097456851175856,0.9019740830574717,0.5276643293577113,1.0444236089076315,1.2992949741227287,1.1561938066567694,1.05726914533547,0.7087443407092776,0.3840258089559419,0.6108086135770593,1.0247341766953468,1.0363246649503708,0.960185346858842,1.1802383405821664,0.2858418625380312,0.6342923694423267,1.200668410531112,0.5917533042707613,0.19326744634392007,0.6185092862163272,1.0655386128595896,0.20594318211078644,0.5749788965497699,0.2000457218715123,0.43328649763550076,0.41521944950467776,0.3038537579455546,0.3094652827296938,0.0736978673376143,0.07577814481088094,-0.00909934172938977
SRR8534202,1,-0.10098011838272214,-0.04215626644768885,-0.09219067749966468,-0.10252323693462781,-0.10413771335567747,-0.10001490557832378,-0.0968981853553227,-0.10623386076518468,-0.11542498493301016,-0.10607454859252487,-0.1331187218560704,-0.08240487799048424,-0.07745062346969332,-0.09642962286514896,-0.12514771414654596,-0.0893494359084538,-0.12469333995665823,-0.05901991329821093,-0.09294613399210253,-0.12077982989805085,-0.11480110404746872,-0.0906399240983384,0.01943770263876234,-0.013666425432477678,0.10920641518064908,-0.08082504676921028,-0.023943536781838963,0.00475948303937912,0.0591229647397995,-0.037870614124195914,0.13334100054843084,0.3359019144305161,0.6304588498813766,0.3434027878101915,0.9408960576568332,0.6493839408670153,1.0984535504664694,1.2434599141457252,1.2856491075030394,1.1546706748860223,0.8221907636948994,0.42987415034856113,0.5411161301391465,1.0017505575503622,1.1531348048260301,0.9192737085478646,1.1606697525296892,0.33138734714261125,0.6836744866200856,1.250596432281392,0.8335093560495547,0.18875291437974998,0.5184393216456685,0.7946404197386333,0.2289676613041333,0.5557038187980652,0.050651743209787777,0.42276898425604614,0.3759965108973639,0.20513453547443664,0.25638010459286825,0.004395227879285812,0.017041183209844997,-0.06473400443792343
SRR8534203,1,-0.0979202360446964,-0.06555656197347812,-0.0935525516314166,-0.10031983309558459,-0.10218877771071025,-0.12283411249518394,-0.09394694651876177,-0.10176735131868295,-0.10954778109277997,-0.08732006153357881,-0.12036517116108111,-0.10355198809078761,-0.07391528279653617,-0.09854243802172798,-0.11920472500579697,-0.11225907877087593,-0.12690086396677153,-0.0721985206806234,-0.09363361448049545,-0.12421242733086858,-0.0911027437874249,-0.09262769908777305,-0.04947334634406226,-0.0887965080993516,0.21879511645862035,-0.13571064280612127,-0.05661142936774662,-0.02839766229901995,0.044470535059060366,-0.056769258475729396,0.18563845101743937,0.3057883876774992,0.5729378850332328,0.3209511392882892,0.9693999364972115,0.5153989685433251,1.0172913276723452,1.3409439602068491,1.2451902365844165,1.0993283657091004,0.8072038122585842,0.49294969758817125,0.5966286518211875,0.946955569088459,1.1539696082472801,1.0677732537899698,1.1696526578494482,0.36985157643045696,0.5781037671757596,1.2333410105534963,0.6047370468399355,0.1354445873626641,0.5025956449764115,1.0261225455573626,0.15079389565757342,0.5939037656145436,0.12928613647818565,0.3720300575452192,0.3750368186405727,0.23525118847776735,0.26223537751606535,0.008547396931265081,0.10208041327340263,-0.024397871190948144
SRR8534204,1,-0.09735205064394645,-0.10387512402875083,-0.11607403893555913,-0.1010935695043632,-0.10392799547740392,-0.13417630789003201,-0.09167078669582095,-0.12579780284847533,-0.11789644935301372,-0.10330140963196754,-0.12071022976722036,-0.12005919218063354,-0.08779941259750298,-0.10513148403593472,-0.14354253028120315,-0.1083724605185645,-0.1393531361328704,-0.07211183064750262,-0.1124670532132898,-0.10959946257727486,-0.08133478462696075,-0.09531253203749657,-0.041757846582705885,-0.10364640926543091,0.18982689029404096,-0.13890399783849716,-0.07659286979053702,-0.04767870969538178,0.022385349896337305,-0.04180839019162314,0.196623282573585,0.3181420702354184,0.5310726868254798,0.4427618554660252,0.9122617542743683,0.53750370961747,1.0889568900955575,1.3321564751011985,1.0899115870041507,0.9431813806295395,0.7056753603475434,0.35165370042834965,0.5700289553829602,1.0673775193946702,0.816884274993624,1.0084898631487573,1.1439264161246163,0.37038226957832066,0.6077222614881715,1.1645679423319442,0.5181008870048183,0.2002489659935236,0.6716100850275585,1.199376918375492,0.21054801291653089,0.6984288362520081,0.283705792256764,0.4588725870209081,0.42038064769336153,0.3356165695669396,0.3431112840771675,0.09124778151246053,0.16228965456996644,0.02540098343576704
SRR8534205,1,-0.1043688150654946,-0.09401189961603709,-0.08471836788313729,-0.09209233575633594,-0.09273135901561805,-0.15080383739301137,-0.12743420153856277,-0.13349762452500208,-0.10643817537597247,-0.10548537224531174,-0.1160878540415849,-0.08607822124447141,-0.10202490165829659,-0.0884128947343145,-0.1297271123954228,-0.0695840593959604,-0.12919934200389044,-0.039963871240615845,-0.11428810443196978,-0.1266284068780286,-0.1104687729052135,-0.11088862482990537,-0.014675333031586238,-0.050334268382617404,0.14852922090462276,-0.09655334574303456,0.01612097690148013,-0.05217175292117255,0.11184397925223623,-0.02452581056526729,0.054318979382514954,0.21608097493715053,0.4229252572570528,0.27228230770145145,0.7424474699156625,0.4582719584660871,0.7733515511666026,1.0099812364870948,0.9200713474835668,0.8144172376820019,0.6665719311152186,0.22040042813335145,0.4505454514707838,0.8289343139954976,0.8458611874708107,0.7161319042955127,0.7531405463814735,0.153165959553527,0.4612906032374927,0.8896190013204303,0.6436075940728188,0.0837022875036512,0.24905395188501903,0.6989396714738437,-0.03295599562781198,0.32016212812491823,0.0011375336242573602,0.28803467750549316,0.19694986087935312,0.10297397204807826,0.11719579462494169,-0.027236799044268473,-0.0428769974304097,-0.08899518581373352
SRR8534206,1,-0.0928194252108889,-0.09974307753145695,-0.0709676763841084,-0.08054259126739842,-0.05582318401762417,-0.12632006193910325,-0.11648357047566346,-0.11529776560408729,-0.03973149401800973,-0.08023639528879098,-0.12529326350029027,-0.04688817954489163,-0.08893543614872865,-0.10953552009803909,-0.11106725888592857,-0.029133197984525135,-0.09825026403580393,-0.004240262455173901,-0.09211793967655726,-0.08965332061052322,-0.08606747750725065,-0.08726491725870542,-0.0647848557148661,-0.07425610561455999,0.23146901386124746,-0.12354840497885432,-0.008369818329811096,-0.05231803070221629,0.032111599509205134,0.03228721794273172,0.14134347385593823,0.3884434923529625,0.6851712071469852,0.31856788588421686,0.9323705722178731,0.5565152657883508,1.1382399081651653,1.2818723022937775,1.3442410017762865,1.2122288793325424,0.7938059525830405,0.3155180173260825,0.5467374963419778,1.1065064743161201,1.0689423786742347,1.1160396220428603,1.114495996917997,0.3373839143397553,0.59483321679623,1.229063714189189,0.6898828877934388,0.2656689983393465,0.49825317532356295,1.0835039849792207,0.32072693003075464,0.5096669175795147,0.16292643357467437,0.5758810681956155,0.374070127095495,0.30820166426045553,0.26717719435691833,0.046704196969845464,0.0882460969899382,-0.0432655451077153
SRR8534207,1,-0.10307877537395273,-0.05421554549996342,-0.09088195554379906,-0.09607551912111896,-0.10340564697980881,-0.1052972562611103,-0.10059697819607598,-0.10768478736281395,-0.11274181678891182,-0.10863111700330462,-0.13597727427259088,-0.08761720705245223,-0.0803400416459356,-0.09854626495923315,-0.1264623382261821,-0.08489937654563359,-0.12199976401669639,-0.060163811181804965,-0.09183676025298025,-0.12191000660615307,-0.09018883375184876,-0.08811686706862279,0.005497617380959647,-0.01623924246190914,0.13085439641560828,-0.0960828700502004,-0.014943576284817286,0.007459961410079684,0.05390673343624387,-0.014281548825757844,0.15116856566497258,0.3329162511508912,0.6296419384224075,0.34822046430781484,0.9346256511551994,0.6112831591495446,1.0879665432231767,1.1966685274798823,1.297436652438981,1.1487477166312081,0.7886004469224385,0.4051887573940413,0.5242089544023786,0.9994984875832286,1.1329856550853168,0.9209823863846915,1.14779560480799,0.32269126709018436,0.6322623177298478,1.262795902788639,0.7695196446563516,0.1978069083499057,0.504011370241642,0.8067397751978466,0.2341126049203532,0.528331384062767,0.06776388920843601,0.43414344106401714,0.4214229860476085,0.21939724470887864,0.26657718207154957,-0.013600380226437534,-0.012870070657559804,-0.07560973295143672
SRR8534208,1,-0.10578646524144071,-0.029955269768834114,-0.09016146085092,-0.11168964473264557,-0.10352959856390953,-0.10678228815751416,-0.09472352718668324,-0.10415536378111158,-0.11947756420288767,-0.10148366221359797,-0.08940545316519481,-0.08348128518887929,-0.07577958144247532,-0.10326015097754342,-0.12113563077790397,-0.07067803453121867,-0.12805786728858948,-0.05292497881289039,-0.09712191132296409,-0.12815459604774201,-0.07061931278024401,-0.09082126417862517,0.018509363489491597,-0.046615330302821736,0.13618420383759908,-0.09031908320529121,-0.03604857410703387,-0.013037383024181639,0.06562654461179461,-0.04831874955977712,0.12221032168184008,0.26442244881764054,0.5699578619429043,0.2386134620755911,0.8919202642781394,0.5329935486827578,0.9591841037784304,1.0925370356334108,1.161206883511373,1.016018305506025,0.7975242584943771,0.30133859467293533,0.4799171228493963,0.8952138636793409,1.049066694719451,0.8790797601853099,0.96004148040499,0.2628471909889153,0.5393705828381437,1.1178944174732481,0.7233501358755997,0.11051353373165641,0.35692734830081463,0.8734747682298932,0.08166369636143957,0.487032559301172,0.05083694282386984,0.3711265857730593,0.3359662134732519,0.1709106362291745,0.2231396585702896,-0.04061426914163998,-0.0037324920828853336,-0.0644657380346741
SRR8534209,0,-0.09628910757601261,-0.029455143293099745,-0.07401858107186854,-0.09617243893444538,-0.1181533932685852,-0.07760969489546758,-0.08137854489697409,-0.1011523934347289,-0.11577441290553127,-0.04757135600915977,0.10220419656252488,-0.09178297860281807,-0.09476364886255137,-0.08836321798818451,-0.13776888538684165,-0.0813156243945871,-0.07554022169538907,-0.03632928557427866,-0.10313101325716291,-0.14405650698712893,0.2702981616769518,-0.0774238269909152,0.05159054324030876,0.10719981736370496,0.3155017356787409,-0.09924518689513206,-0.0824106905077185,0.09634589510304588,0.11108387900250298,0.10694369048412357,0.1251388077757188,0.14341602687324798,0.37381176756961004,0.13074401287095888,0.7129844576120377,0.4294277844684465,0.6178880674498421,0.6138665834441781,0.7804745712450573,0.5803895933287484,0.7305184879473278,0.18842676228710584,0.21990258326487883,0.5177417418786457,0.5982485605137688,0.564503652708871,0.6061987174408776,0.14920190615313395,0.25623326243034433,0.5835366398096085,0.4263527329478945,-0.05210192182234356,0.16577901584761484,0.38668023934587836,-0.0877777955361775,0.12874666703698626,-0.09427442188773837,0.26013109779783655,0.11027243094784873,0.011814272829464503,0.09705585055053234,-0.11143853275903634,-0.07885208805756909,-0.15143977105617523
SRR8534210,0,-0.09443094927285399,-0.017857493832707405,-0.0967301931232214,-0.11191104432301861,-0.0993250443467072,-0.1015362124890089,-0.0865585170686245,-0.10394659877887794,-0.11890720549438681,-0.10639606176742486,-0.12487464321644179,-0.08656629527519856,-0.06903376443577665,-0.09411220358950752,-0.11954826648746218,-0.08126297609747521,-0.13020262068935803,-0.06281747043664966,-0.09655631346894163,-0.12607494848115103,-0.09199173296136516,-0.09089334176055022,0.022021762494529997,-0.030015844319547926,0.09642674401402473,-0.09114940810416426,-0.03997489597116198,-0.01844084049974169,0.0602238518851144,-0.03862141894309649,0.11716418926204954,0.31925184186547995,0.6412641363484519,0.26424241065979004,0.9811661234125495,0.5777417431984629,1.0132826029189996,1.1662900469132833,1.1664091518947057,1.0919783881732397,0.771196865609714,0.35927783059222357,0.5143059869962079,0.9662814938596317,1.0884179236101252,0.919405568923269,1.0514417333262307,0.3056013807654381,0.5653961109263557,1.1671566058482443,0.7115529433691076,0.099849384278059,0.45952583104372025,0.8767628754888263,0.13635571407420294,0.5757769457995892,0.05920616830033915,0.45346127982650486,0.3132327270827123,0.2463653220662049,0.24806796227182662,-0.02725994267633983,-0.0016560030302831105,-0.0912943332056914
SRR8534213,0,-0.10413644955094371,-0.07282610423862934,-0.10833185645086425,-0.1333774644881487,-0.11534939280578069,-0.10084985263113465,-0.07719058693120522,-0.10691985115408897,-0.1276862282705094,-0.09732453152537346,-0.07789484799806294,-0.08029011743409294,-0.09229627065360546,-0.0883987197386367,-0.12174944419945989,-0.09526634642056056,-0.1251010580786637,-0.026818391600889818,-0.09231427764253956,-0.10649586452304252,0.014422524321292127,-0.07117708493024111,0.011276608066899436,0.0453901541020189,0.2244646011718682,-0.14163442541446006,-0.07690382402922426,0.03585221166057246,0.042040805731500895,0.031961942091584206,0.13657776532428606,0.2359696298039385,0.600004252578531,0.2054083783711706,0.8154516869357654,0.5410838638033185,0.8838847745209932,0.9797116443514824,1.1253525550876344,0.928815555359636,0.8155749142169952,0.2796481406050069,0.4274256146912064,0.7861739503485816,0.9288161545991898,0.8250580919640405,0.8769959732890129,0.24255334985043323,0.422357083431312,0.9982187747955322,0.5788001998194626,0.09203865392399686,0.3387300566370998,0.6895480153949133,0.06808796099254064,0.2544662058353424,-0.029997808991798332,0.3417943865060806,0.19864282783653056,0.11174700036644936,0.14614929471697127,-0.06654774131519454,-0.06061393581330776,-0.14843784698418208
SRR8534214,0,-0.1120332959773285,-0.09437862437750612,-0.11468679511121341,-0.11709735223225184,-0.11464749170201165,-0.12523191076304233,-0.10839794310075897,-0.12766948980944498,-0.14157703412430628,-0.11767555879695075,-0.022220011168558682,-0.11025554394083363,-0.10809298232197762,-0.09834514132567815,-0.14391308916466578,-0.08834868426700788,-0.11951054206916265,-0.042791622025626044,-0.118543912257467,-0.133374956037317,0.009885368336524283,-0.09609589991824967,-0.012987896800041199,0.037169420293399265,0.21887958981096745,-0.10577432478645019,-0.0840886075581823,0.03475385797875268,0.08563695847988129,0.06391050117755574,0.10719329291688544,0.18516803000654494,0.43520789061273846,0.1547241217589804,0.7034585638237851,0.42073670901092036,0.6136013253458908,0.673628015493575,0.8147245517798832,0.6047560140224439,0.635307816522462,0.11894824355840683,0.3047791837847659,0.5842301116458007,0.6313779896923474,0.5600014328956604,0.6153720287340028,0.11536957855735507,0.29715893417596817,0.6556025300108429,0.4327956038926329,0.004847499808030469,0.14517753092306002,0.5479820338410458,-0.060701114790780206,0.1550952313201768,-0.07051943774734225,0.2645317922745432,0.11255085042544774,0.021404667624405453,0.09666437788733415,-0.10730616821508322,-0.07762401471180576,-0.1501727050968579
SRR8534215,0,-0.05679163310144629,-0.03998535844896521,-0.04624450356433434,-0.044922316180808206,-0.11493025187935148,-0.06432125028888029,-0.0768824951789741,-0.061114344745874405,-0.05590998088674886,0.026489843747445514,0.1075607832670877,-0.08693398821300694,-0.027324560098350048,-0.10094513211931501,-0.13373112572090967,-0.07659285196236201,0.10095222294330597,0.0170695779046842,-0.11261384880968503,-0.12705539113708905,0.23899191937276296,-0.08325263019651175,0.1417063373540129,0.18588984571397305,0.2893873591508184,0.03411440657717841,-0.021380567124911716,0.15536356610911234,0.13686009922197886,0.15412495524755546,0.048748720570334365,0.12006558311570968,0.1736279289637293,-0.02876326920730727,0.5395267600459712,0.33641286407198223,0.4314947532755988,0.31406279121126446,0.5405245114650045,0.4089202992618084,0.5032826523695674,0.08014108213995184,0.13233844696411065,0.325131248150553,0.359267526439258,0.26225744081395014,0.3693724216095039,0.10760449564882688,0.18446690482752665,0.38064855550016674,0.36806407517620493,-0.088328945849623,0.03971945920160839,0.19283841576959407,-0.1366098081426961,0.06639082197632108,-0.12839539561952865,0.1783981259380068,-0.031644903123378754,-0.008425118667738778,0.004785579762288502,-0.12216943715299879,-0.09573391053293433,-0.153880133160523
SRR8534216,0,-0.05449558608233929,-0.03977335164589541,-0.027849583088287284,-0.032133515392030985,-0.11423297226428986,-0.05697940356497254,-0.08347576758491673,-0.0737625810184649,-0.06129656971565315,0.027548601318682944,0.1472681736839669,-0.07859664410352707,-0.03212139555918319,-0.1005741570677076,-0.1328122429549694,-0.07664568439525153,0.0663406497665814,0.015390690283051558,-0.1134592555463314,-0.13088505928005492,0.3043477950351579,-0.0772507550926613,0.1526237442823393,0.19157061353325844,0.31873191573790144,0.015641693558011736,-0.010809470500264848,0.13708804893706525,0.16076855787209102,0.14372975804976054,0.05694521694178028,0.09699383404638086,0.17260679815496718,-0.025031583849340677,0.5310971293864506,0.3702066844063146,0.4350672295050962,0.32599673819329056,0.5350101411874805,0.3954762598233564,0.5417525374463626,0.09557405566530568,0.10632721753790975,0.2989296865250383,0.35245405243975775,0.29498734857354847,0.389786036419017,0.11014903017452785,0.1952093882220132,0.3648764711937734,0.3943599813750812,-0.08374241420200892,0.0690351277589798,0.20536099906478608,-0.1396734459059579,0.0683120989373752,-0.1256513808454786,0.14288677913802011,-0.03582930671317237,-0.03288074050630842,-0.018509142100811005,-0.10392021880085979,-0.09178687538951635,-0.15631539268153055
SRR8534217,0,-0.018426370940038135,-0.004768937526802931,0.12692309265756713,0.12312588069055762,-0.08149245807102748,-0.024996811634212333,-0.04898890091304305,0.006953238509595394,0.020923636787171875,0.2052273971161672,0.16251618074186677,-0.05331125823847417,0.05225187533402017,-0.06397031833018575,-0.09889978183699506,-0.07392930665186473,0.23011179055486405,0.1263391621676939,-0.09612306633165904,-0.09234517413590636,0.5423729574041707,-0.07600515551998147,0.2054442036896944,0.2800112696630614,0.47526017017662525,0.07759845043931689,-0.0070878128920282635,0.24932085509811128,0.13611772337130137,0.24176594694810255,0.12942657247185707,0.07046626614672798,0.19460835786802427,-0.007821052202156611,0.5386779350893838,0.41448892652988434,0.4539496377110481,0.2557388608609991,0.5738873976681914,0.3827389031648636,0.6057473995855877,0.10356993161674057,0.0746469045323985,0.2598276968513216,0.3091848950300898,0.31734467457447735,0.28438563857759747,0.19788178854754992,0.12588072195649147,0.39949474803039003,0.2795155979692936,-0.09686987740652901,0.08618880701916558,0.1101621219090053,-0.11772494603480611,0.0242030673793384,-0.1213864064110177,0.24729832660939013,-0.009369594710213798,0.003131453480039324,0.030603678364838873,-0.1118696214897292,-0.06809424928256444,-0.14477493720395224
SRR8534218,0,0.0015144326857158116,-0.004164222594616669,0.11044441228191967,0.08996568407331194,-0.08691708264606339,-0.032834416120229956,-0.055150816921533466,-0.021374526832784926,-0.02184413273685745,0.1737875323742628,0.13899885086305272,-0.062253602115171294,0.026176895214510814,-0.06435267201491765,-0.09447307139635086,-0.07481560962540763,0.20604171923228673,0.09668349022311824,-0.10577272091593061,-0.10634574134434972,0.4467427948755877,-0.07799325773625501,0.1775784811803273,0.26976904166596277,0.3930773487580674,0.06316179116921765,-0.014832533895969391,0.22790373329605376,0.12029403128794261,0.1880084023411785,0.1396570061998708,0.08525009719388825,0.2086560736809458,0.015290780259030206,0.5901854762009212,0.4416006122316633,0.6007848882249424,0.42428014640297207,0.6938351435320718,0.4933308182018144,0.5916724439178195,0.14084396724190032,0.12380338353770119,0.3598952277430466,0.3551551015781505,0.4336269382453923,0.4079569312078612,0.24016720322625978,0.2019003736121314,0.5586765334010124,0.31767474700297627,-0.07696457526513509,0.11334832119090217,0.22949976846575737,-0.10686610000474113,0.0772103626347546,-0.08374159756515707,0.3114142194390297,0.04280600058180945,0.06750662012823991,0.03735212502735002,-0.10574417162154402,-0.04272890463471413,-0.1444526868207114
SRR8534219,1,-0.10911909444257617,-0.023892562836408615,-0.08533283452769476,-0.08151850263987269,-0.09913197419207011,-0.12187221539872033,-0.047406598925590515,-0.11850796613310065,-0.08001200695122991,-0.10739050592694964,-0.13899845949241094,-0.08845955226570368,-0.11090695911220141,-0.0012919556881700242,-0.07437637820839882,-0.04475809580513409,-0.13279779521482332,-0.0018276178411075047,-0.13131243735551834,-0.11683967283793859,-0.09494796821049281,-0.10532744867461068,-0.005006235358970506,-0.0558605252632073,0.15336788552148,-0.09061611793003976,0.11690199268715722,-0.0649145809667451,0.09636815743786949,-0.03283065930008888,0.035531170666217804,0.14062259559120452,0.30028530795659336,0.3120984009334019,0.7123254218271801,0.3198046992932047,0.7590391898660788,0.952245502599648,0.7469353303313255,0.7680425431047168,0.5170725828169712,0.18993735419852392,0.535115184528487,0.737227530351707,0.7071141398378781,0.747547655233315,0.8286837520343917,0.11876816887940679,0.45367738817419323,0.8734833832298007,0.45264005980321337,0.0944375776286636,0.3115138793364167,0.8278622089752129,-0.08396580815315247,0.3644141098484397,0.05782490489738328,0.28368101375443594,0.18292907093252456,0.15140292633857047,0.04390371058668409,-0.023352270679814473,-0.002924671396613121,-0.09951657429337502
SRR8534220,1,-0.11183526746130415,-0.08087403007916041,-0.08663734860186066,-0.09133973025849887,-0.10184756826077189,-0.14110792641128814,-0.09491224507136005,-0.1292965422783579,-0.1159714577453477,-0.10034632895674024,-0.11463381296822003,-0.10085398224847657,-0.10677395228828702,-0.0201006286910602,-0.10440434435648578,-0.07256131087030683,-0.14004906054053987,0.009655081800052099,-0.11676882420267377,-0.11747781932353973,-0.09675369518143791,-0.10071049151676041,-0.01638977974653244,-0.03173205575772694,0.1828672673021044,-0.10427453688212804,0.05990062228270939,-0.03751395217009953,0.09696946505989347,-0.014354924006121499,0.047686461359262466,0.14504961483180523,0.3361150762066245,0.2733276564893978,0.6862160425101008,0.34181628801992964,0.7602294273591335,0.9457379962716784,0.8238221236637661,0.7444908757294927,0.606829933822155,0.18040489990796363,0.5546489804983139,0.7149833132113729,0.7897477788584573,0.7469357228172677,0.851044991186687,0.11132356045501572,0.45840741055352346,0.9013402626982757,0.4666094316967896,0.11883304773696832,0.3270937592855522,0.8484458582741874,-0.10177953967026301,0.3317902386188507,0.014271943696907588,0.2679499877350671,0.16464788945657866,0.11035312499318804,0.04208107079778399,-0.05617083928414753,0.004815399912851197,-0.10682968688862664
SRR8534221,1,-0.0896758532284626,-0.041134725723947795,-0.08778740439031806,-0.09996169512825352,-0.09009356264557157,-0.11942335910030774,-0.0931959141577993,-0.09989475618515696,-0.10772053471633367,-0.09822942236704486,-0.1298759256356529,-0.08244711348587382,-0.08049364387989044,-0.10120028204151563,-0.11842952349356242,-0.10757572097437722,-0.12608105316758156,-0.09049308512892042,-0.09152455015906266,-0.1189424879848957,-0.11450476092951638,-0.08659098829541888,-0.021436817944049835,-0.08477141761354037,0.19527028022067888,-0.12763056052582605,-0.04571633040904999,-0.03211248027426856,0.046456768576587947,-0.030061462029282535,0.1516392608838422,0.25432335266045164,0.622317798435688,0.4575312253353851,0.945884957909584,0.6364994991038527,1.1041796186140604,1.40362149477005,1.2943981513381004,1.174553893506527,0.7504552517618451,0.45651996242148535,0.6373162707979125,1.1800030757273947,1.2053533302886146,1.0337955036333628,1.210919874055045,0.28660453696336063,0.6810983728085246,1.3429028200251716,0.7423292669866767,0.24558134164128984,0.7305960016591209,1.1481951240982329,0.22842753784997122,0.540178405387061,0.17829670437744685,0.3577468049313341,0.5083297831671578,0.264814153712775,0.2620494599853243,0.05929598052586828,0.025870451969759806,0.022429421544075012
SRR8534222,1,-0.09703859513891595,-0.0425376013985702,-0.10323089121707849,-0.11270803878349918,-0.10035574861935206,-0.10486546158790588,-0.0805449549640928,-0.10318970307707787,-0.11633050973926272,-0.095438830022301,-0.10499237361364067,-0.084063241923494,-0.08093372226825782,-0.0950739226703133,-0.12345931306481361,-0.11189070184315954,-0.12451480169381414,-0.08449180064988988,-0.09265731621001448,-0.11877743580511638,-0.04903795849531889,-0.0818913390061685,-0.02268325909972191,-0.057555226875202994,0.19177583871143206,-0.14926544576883316,-0.0863060647887843,-0.015963112137147357,0.04644888533013208,0.004621119770620551,0.12843871861696243,0.22023294945912703,0.5307271842445646,0.2987168640164392,0.8834289120776313,0.557463353233678,0.9323306235351733,1.1588628515601158,1.1181694865226746,0.9258795444454465,0.7822662112968308,0.35490683146885466,0.5374979685459819,0.9774120790617806,1.0053280208792006,0.8927174657583237,1.0253276143755232,0.201839538823281,0.4876666324479239,1.0556433594652586,0.5719648974814585,0.11579130909272603,0.4789548558848245,0.9137180671095848,0.03777655480163438,0.36722236978156225,0.03383730245488031,0.3178689735276358,0.3437850722776992,0.14009380713105202,0.2166455930897168,-0.041544598660298755,-0.02311519905924797,-0.07453188725880214
SRR8534223,1,-0.10131901981575149,-0.029596017939703807,-0.1049851887925927,-0.12150461546012334,-0.12053706177643367,-0.09043458157352038,-0.0906842660125611,-0.11333457753062248,-0.12829960962491377,-0.09918378133858953,-0.02028177008365414,-0.0806552552218948,-0.09138080278145415,-0.0981124894959586,-0.12654648508344377,-0.06683652395648616,-0.10004573528255735,-0.05776515177318028,-0.11944594154400485,-0.13497535565069743,0.00940615258046559,-0.08270681263612849,0.09850069055599826,0.05230960675648281,0.13917678275278636,-0.05618073259081159,0.006100258124726159,0.014375404587813787,0.1388609382723059,-0.025242784725768224,0.06737908295222692,0.1989681731377329,0.38412140735558103,0.1388423703610897,0.7918218374252319,0.4997101830584662,0.6734676845371723,0.9016022032925061,0.8215249223368508,0.694462674004691,0.6165557870907443,0.1664789795343365,0.2738661018333265,0.6802675191845212,0.7474471916045461,0.5381338242441416,0.6573263321604047,0.22873976301135762,0.36809795163571835,0.7858840458627258,0.648623393050262,-0.017567867812301432,0.212260634505323,0.5440232104488781,-0.07035189441272191,0.29666894863891813,-0.05945255288055965,0.2522627849664007,0.13475134649447032,0.14020892126219614,0.06146296965224402,-0.04891899593972734,-0.05660610665966358,-0.144558741578034
SRR8534224,1,-0.10258072621322104,-0.005244159937969276,-0.1022467927874199,-0.12140908784099988,-0.10350040319774832,-0.09018590593976634,-0.08424396520214421,-0.10293201463563102,-0.1270273955804961,-0.10301004669495992,-0.10674527392257005,-0.07259086519479752,-0.08017449134162494,-0.09425262973776885,-0.11733654673610415,-0.08617716748267412,-0.12844703186835563,-0.08361813346190113,-0.1077735357518707,-0.12142933160066605,-0.11363682370366794,-0.09213657697130527,0.07218875589647464,-0.014972015683140074,0.04324174446186849,-0.06657763038362775,-0.004750423399465424,-0.008281894028186798,0.10301286195005689,-0.06916856632700988,0.06703320252043861,0.3114845412118094,0.5130583526832717,0.2942750906305654,0.9415799421923501,0.6472030335239002,0.9847049957939557,1.2828203152332986,1.0699146259576082,1.01848084798881,0.808320307305881,0.31653259593128624,0.481372465113444,1.0543368490678924,1.0164287147511328,0.7539124893290656,0.9932712268616471,0.3927667321903365,0.6513551186238017,1.193957585575325,0.8990244828164577,0.10993093731147903,0.4813713569726263,0.7164228461416704,0.11201272691999163,0.5224817674607038,0.08279409259557724,0.437995119286435,0.317168014390128,0.2797706685960293,0.18493575283459254,0.08310611718999487,0.03742726639445339,-0.03961245236652238
SRR8534225,1,-0.10392056951033217,-0.01528983230569533,-0.10175145656934806,-0.12013042239206177,-0.10784939836178507,-0.09354255069047213,-0.08388562866353563,-0.10244864491479737,-0.12531531163092172,-0.10450337188584465,-0.10451700508461467,-0.08047907559999398,-0.07800461218825408,-0.09352340256529194,-0.11819036943571908,-0.09049540678305286,-0.12582289959703172,-0.08164116793445178,-0.10526095699918057,-0.12499829967107091,-0.11023978596287114,-0.09021346809874688,0.06528357576046671,-0.021363028192094395,0.07253452762961388,-0.07487722486257553,-0.013618011892374073,-0.0084663810474532,0.09841751626559667,-0.06588953573788915,0.08453924474971634,0.3063723274639675,0.5298169883234161,0.3037507220038346,0.9495293359671321,0.629549255328519,0.9660274455589908,1.286968633532524,1.1085236455713,1.0394126560006822,0.782091709119933,0.33696069445327986,0.46362006245180964,1.031251884996891,1.0391950543437685,0.8047067235623088,1.032588348856994,0.38586634477334364,0.6351002646344048,1.1889822291476386,0.854288037866354,0.11550047165448112,0.49396980021681103,0.7768213701035295,0.13002439056124007,0.5215749517083168,0.08393047962869916,0.441622689898525,0.3315645988498415,0.2891839811844485,0.19891405690993583,0.05921920056321791,0.04213283823004791,-0.055088834570986886
SRR8534229,1,-0.09858312883547374,-0.054240339435637,-0.08838195247309548,-0.08549452812543937,-0.08438567444682121,-0.12047738541982003,-0.07143186378691878,-0.07901014743505844,-0.08219518236416791,-0.08613825170323253,-0.12584597457732474,-0.06613188077296529,-0.07398554290245686,-0.08024107584995883,-0.10145064390131406,-0.10862681389387165,-0.10919511291597571,-0.11421116734189647,-0.08636317285709083,-0.09485634363123349,-0.09609920691166605,-0.0801893730780908,-0.001602443600339549,-0.10454061893480164,0.1582207748932498,-0.08135890415204423,-0.01766332345349448,-0.05014520810384836,0.029618147960198776,-0.04501581790723971,0.2779817751475743,0.4646684963788305,0.9682064987719059,0.5818526606474604,1.2831011531608445,0.7350227514481438,1.4086309373378754,2.0210302557264055,1.7157879801733154,1.660070879118783,1.0891602925424064,0.8358574243528503,0.8410399902079787,1.5638644115201064,1.5178959837981634,1.5165069353367602,1.766963345663888,0.8169084680931908,0.9186033585241863,1.8914460412093572,0.9658184341554131,0.4968787953257561,1.2877194115093775,1.5977522491344385,0.837483789239611,1.1301026621035166,0.6047018819621631,0.6464843260390418,1.0205725239855903,0.8685010948351451,0.6112886663260204,0.4390341703380857,0.3961855779801096,0.47672834034476963
SRR8534230,1,-0.09923217073082924,-0.05473020187179957,-0.08758939164025444,-0.07744962695453848,-0.09043490301285471,-0.10553692973085813,-0.08018354220049721,-0.07324728502758912,-0.07553393802871662,-0.08334272128662892,-0.13416149892977305,-0.0570925386356456,-0.07554223877377808,-0.09373841594372477,-0.10397185970629964,-0.10263742745987006,-0.09887167498735445,-0.10298749003725659,-0.09126697740118418,-0.09765110271317619,-0.08388325359140124,-0.08737180895903814,-0.03694249742797443,-0.12138432530420167,0.1625747965382678,-0.057469622631158145,-0.024313764912741526,-0.07473677629604936,0.025175694176661118,-0.02935321762093476,0.2534520737826824,0.4720856174826622,0.9610974857849734,0.6023283111197608,1.327432815517698,0.6702255098415273,1.3856150380202703,2.02959873846599,1.7119401097297668,1.6784348743302482,1.076790536088603,0.8252773024141788,0.9016613207225289,1.6075619315462453,1.5542828717402049,1.5626066100916691,1.8025361682687486,0.7896992372614997,0.9445919820240566,1.909438099179949,0.9373149022992168,0.5422012114099094,1.3066396117210388,1.6519346543188607,0.8521972213472638,1.2139634362288885,0.5631463282874652,0.6027518846094608,0.9944753242390496,0.9368808546236583,0.6362017169594765,0.5017862676509789,0.4528549458565457,0.5410993418523243
SRR8534231,1,-0.09530507254281215,-0.08204096342836108,-0.08630263678995627,-0.06711403945727008,-0.07606561694826398,-0.15270973316260747,-0.10347296058067254,-0.11801722113575254,-0.08340416422912053,-0.07729731713022504,-0.13287658031497682,-0.0744991267898253,-0.09234635917735952,-0.09191344891275678,-0.11361956436719213,-0.08091306686401367,-0.09627533597605568,-0.0538106949201652,-0.10795080981084279,-0.11500075725572449,-0.06902935675212316,-0.11196644497769219,-0.08959088155201503,-0.12024884830628123,0.13194092416337558,-0.09822048193642072,0.07068975482668195,-0.09135919702904564,0.06367663932698113,-0.07400558463164739,0.0812150633760861,0.26430719026497435,0.46338152991873877,0.45198177147124496,0.9223392190677779,0.42150910411562237,0.9860535657831601,1.392042275518179,1.123913155070373,1.1540161882128035,0.6964014896324703,0.42200815996953417,0.6254178402679307,1.132464206644467,1.0532391986676626,1.0343636668154172,1.158466168812343,0.2999640022005354,0.6212829990046365,1.2138416171073914,0.729773477609602,0.23477010442210094,0.5937496181577444,0.9922721151794706,0.14041035063564777,0.6498921034591538,0.17811172136238643,0.2966624210987772,0.4095507649970906,0.33813924874578205,0.2335909766677235,0.14866381072040116,0.11178606908236231,0.008648657373019628
SRR8534232,1,-0.10325201880186796,-0.02224403832639967,-0.059860535232084136,-0.07482436113059521,0.058269987148897986,-0.010346536125455583,-0.0006552210875919887,-0.11693303712776729,-0.018485350800412043,-0.09984565473028592,-0.14248567606721604,-0.04832130031926291,-0.07552125145282064,-0.006150017891611371,-0.05521707768951144,-0.052594415311302455,-0.12514662875660829,0.022594315132924488,-0.11816663667559624,-0.03955831698008946,-0.04024730409894671,-0.09193775802850723,-0.07967277895659208,-0.06435719238860267,0.23522170739514486,-0.12926653559718812,0.07368656354291099,-0.037272014655172825,0.1137682228083057,0.045458091755530665,0.04886656281139169,0.14732413406350783,0.2959956537399973,0.41501271032861303,0.6572221602712359,0.2333051370722907,0.6539665343505996,0.9875505396298,0.8576787803322077,0.8342324740120343,0.508748149233205,0.2204595814858164,0.4894488533692701,0.7491243779659271,0.7601244635879993,0.720675704734666,0.8873079355273928,0.044916217614497454,0.4809590439711298,0.8301515417572644,0.5522988537060363,0.2449767283563103,0.3527134014792474,0.5340262981397765,0.07448916669402804,0.17251782598240034,0.016545542648860385,0.25179836579731535,0.12288889288902283,0.10225675175232547,0.06680965297190207,-0.003275808479104723,-0.05417030357888767,-0.13461137350116456
SRR8534233,1,-0.09197754040360451,0.023027222137898207,-0.08264555116849286,-0.10615614934691361,-0.07034609360354287,-0.09378483731831823,-0.0600931765511632,-0.09350463980808854,-0.08680829808249005,-0.0987284894633506,-0.1070004537967699,-0.09194002872599023,-0.06613389708633934,-0.07651732808777265,-0.10251019735421453,-0.10895624118191856,-0.11594193109444209,-0.11430026244904314,-0.08424541407397815,-0.10279328695365361,-0.10096830129623413,-0.07146941351571254,-0.010735288262367249,-0.07497314869293145,0.14333338929074152,-0.11470516185675349,-0.10202285727219922,0.0004613677239311593,0.0491418620305402,-0.04187484298433576,0.2487644164024719,0.3301110714673996,0.743267762873854,0.5227720992905753,1.1608271981988634,0.7362456150086862,1.4001604451664857,1.7733155531542641,1.4857651804174696,1.4399206936359406,0.8781044658805642,0.7097131604594844,0.8408509280000415,1.391555313553129,1.30091000774077,1.1592508798930794,1.5812031009367533,0.4788129281784807,0.9143403438585145,1.5790149218269758,0.8211557729435819,0.38487159673656735,1.0242742385183061,1.2753447187798364,0.6747099171791758,0.8385523105306285,0.3366639826978956,0.4782359610710825,0.7915831761700767,0.5968969278037548,0.47621126792260576,0.14016060205800127,0.17560023282255446,0.12146993673273496
SRR8534234,1,-0.08776187956599253,-0.09543501426066671,-0.08867212957037347,-0.058932164151753695,-0.09330054212893758,-0.11837796121835709,-0.10380623542836734,-0.10017028397747449,-0.08906995851014342,-0.06828748887138707,-0.12756306092653955,-0.08999758213758469,-0.09676090508167233,-0.11450953834823199,-0.12531270299639022,-0.12207671467747007,-0.10024593105273587,-0.10054128377565316,-0.09712072568280357,-0.09818542642252785,-0.05585327265518052,-0.11328263474362237,-0.05727913124220712,-0.13649679134999002,0.20613126030990056,-0.10124062773372446,-0.02292817964085511,-0.08057679448808942,0.0664151067446385,-0.04226759422038283,0.19819542978491103,0.3944189686860357,0.6838154164808137,0.6344699508377484,1.1485771494252341,0.5631413161754608,1.1738086119294167,1.8109747767448425,1.5080879884106773,1.4517277032136917,0.7974476646631956,0.7384684606056128,0.8995643654572112,1.497728916151183,1.3810797759464808,1.2609025867921966,1.6601020182882036,0.5533786575709071,0.8650477158038744,1.5831787032740456,0.7475210509396025,0.4712539219430515,1.1096177186284746,1.404494264296123,0.6585063487291336,0.8913945811135429,0.4155931565910578,0.4209948144853115,0.7852227730410439,0.7025201916694641,0.574994791831289,0.37927687394299675,0.3548702448606491,0.2878804621951921
SRR8534235,1,-0.09935618650966457,-0.015547678406749452,-0.07219416185814355,-0.07931735779025725,0.030094854001488005,0.03305968056832041,0.02332736392106329,-0.11609882275973048,0.012228468699114663,-0.11024438829294272,-0.14716408721038274,-0.04544239571051938,-0.08962613078100341,0.01746561803988048,-0.030424310160534724,-0.04046081379055977,-0.11771421453782491,0.01774660444685391,-0.12488785971488271,-0.05585527752659151,-0.057179766041891913,-0.09946881394301142,-0.08531044902546066,-0.08256367753658976,0.22426745401961462,-0.14069975912570953,0.10007560678890773,-0.06137598891343389,0.10212302846567971,0.039814958215824196,0.04162283082093511,0.13225320833069937,0.2966583775622504,0.41685176321438383,0.676310350320169,0.18976332087601935,0.6813725186511874,1.0023628185902322,0.8057188993053777,0.7762097375733512,0.4756888731249741,0.21865157590114645,0.45219921480332104,0.7199487824525151,0.6876624037644693,0.7625229826995304,0.9414808446807521,0.041507878872965066,0.5035908243485859,0.7791534595723663,0.48095898809177534,0.22189605848065444,0.37017113582364153,0.6757546386548451,0.03364708540695054,0.21220954720463073,0.048710220626422336,0.2897451307092394,0.0924144174371447,0.11550266508545194,0.07406135648488998,-0.005423070064612797,-0.0018634585929768427,-0.1278084186570985
SRR8534236,1,-0.10121201178325075,-0.050007057509252,-0.09822596815813865,-0.11416217857705695,-0.11553417997700828,-0.11171970356787954,-0.0831468818443162,-0.11008107263062682,-0.11729114555886813,-0.099327060260943,-0.12293233150350195,-0.10560599927391325,-0.08386711696428913,-0.09294013918510505,-0.1263957821897098,-0.10947579784052712,-0.12426068101610456,-0.10555766948631831,-0.08858436079961914,-0.11672784388065338,-0.04248913696834019,-0.08038640767335892,-0.01767055317759514,-0.03597250474350793,0.23115565414939607,-0.15662974757807596,-0.10096489505044051,0.026842200064233372,0.07106521565999303,-0.012628260999917984,0.23935413686558604,0.24296114540525846,0.6169725507497787,0.47744446992874146,0.962200037070683,0.550764837967498,1.1688185355493002,1.3472043786730086,1.2761276332395417,1.1547416682754243,0.8288536561386926,0.440758510359696,0.6351799829197782,1.0950045734643936,1.0605181258703982,1.132404591356005,1.2632103562355042,0.3835802653006145,0.68840409762093,1.3748307462249483,0.5814762522599527,0.3310332739991801,0.7922068302120481,1.1655914985707827,0.3057377865271909,0.5863287949136325,0.2617767687354769,0.44671897111194475,0.6137670811066138,0.3237537150603852,0.29362822643348147,0.11172755302063056,0.017401842134339467,-0.033615854169641225
SRR8534237,1,-0.10346431484712022,-0.11262286241565432,-0.10173404163547925,-0.10060922961149897,-0.12551969023687498,-0.15972662610667093,-0.11856939271092415,-0.14321058243513107,-0.13299082006726945,-0.12250258294599396,-0.11355937086045742,-0.1276192862008299,-0.10526737357888903,-0.07797986268997192,-0.15052628091403417,-0.08789769879409245,-0.1285036722464221,-0.08217884014759745,-0.12684404583913939,-0.13247156888246536,-0.07532404216804675,-0.11574902491910118,-0.05251017851488931,-0.0633146267916475,0.1850691075835909,-0.08484613363231931,-0.025824872510773794,-0.026058997426714216,0.0750103433217321,-0.008342006376811437,0.12240843128945146,0.16420989624956356,0.3814489373138973,0.29698326757975985,0.8129964375070163,0.34092866802322014,0.7658934140844005,0.93509177757161,0.9293850785387414,0.7524060351508004,0.5972715123955693,0.2354873897773879,0.40270343822027954,0.7837388589978218,0.664597428802933,0.8127158539635795,0.8536241129040718,0.22430696764162608,0.47370374415602,0.8359624126127788,0.4411270269857986,0.08056069404951163,0.3673793271716152,0.9330741725862026,-0.02317900849240167,0.3641497426267181,0.1262301206588745,0.288937400494303,0.2711130880883762,0.13689772146088736,0.14515280084950583,-0.0417320297232696,0.020094134977885654,-0.11463150754570961
SRR8534238,1,-0.09312722246561732,-0.04896134377590248,-0.07205552102199622,-0.07634407361703259,-0.07392058468290738,-0.12774879272494996,-0.08275886332350117,-0.07991645751254899,-0.06354268427406039,-0.06046029579426561,-0.10597770661115646,-0.06949660980275699,-0.07196453679352999,-0.08889036465968404,-0.10829505377582141,-0.11332300491631031,-0.10200990477044668,-0.11596757466239589,-0.08430110423692636,-0.10663694728698049,-0.06927306311471122,-0.09217592594879014,0.004579556839806693,-0.11584616292800222,0.12387897340314728,-0.09457737021148205,-0.05590542938028063,-0.06356482819787093,0.02659800462424755,-0.05351241145815168,0.2798850717289107,0.46247630353484837,0.8513720333576202,0.704851752945355,1.3213036805391312,0.7794574408658913,1.619079053401947,2.2829554762159074,1.7361636821712767,1.69314877476011,0.9784075660364968,0.852319000089275,1.0032396859356336,1.7615570489849364,1.536462249500411,1.5058123128754752,1.8624225556850433,1.008429897150823,1.1251129231282644,1.9819258749485016,1.0252807036574398,0.5916009947125401,1.4708707673209054,1.6012349777988024,0.9942070533122335,1.2886187093598502,0.7729111803429467,0.6440738893247077,1.1674329218055521,1.1251355236662286,0.73911548565541,0.6719290667346546,0.5917344763875008,0.5347230210900307
SRR8534239,1,-0.09424503446955766,-0.0813155850129468,-0.10134287072079522,-0.10358060909701246,-0.11308442854455539,-0.12438074605805534,-0.09188594562666756,-0.1089767228279795,-0.11745908909610339,-0.09795594321829933,-0.11857989776347365,-0.10319694770233971,-0.0816502363554069,-0.10019989178649016,-0.1328653512256486,-0.1109205995287214,-0.11858214065432549,-0.11764489965779441,-0.10108145326375961,-0.11253821457337056,0.0020331921322005136,-0.08628492376634053,-0.0481878189103944,-0.02764576460633959,0.2152365589780467,-0.1547938244683402,-0.07706143707036972,0.0005316649164472308,0.06103648737605129,0.004506629492555346,0.21257042831608228,0.21829174645245075,0.5975705321346011,0.3874574899673462,0.913331677871091,0.5254304051133138,1.025175089282649,1.2133095839193888,1.1873009353876114,1.0223507274474417,0.7979317427213702,0.40127359330654144,0.5959674843720028,0.9805101571338517,1.025785820292575,1.0232401745659965,1.0635317713022232,0.33334358036518097,0.5330085424440247,1.21858101817114,0.5440431641680854,0.2548222302326134,0.6662731958287103,1.0203197939055306,0.17821504455059767,0.46904459382806507,0.21753747229065215,0.3670079048190798,0.4876027149813516,0.22383730379598482,0.2621391053710665,0.05863283122224467,-0.007376302565847125,-0.1019398005945342
SRR8534240,0,-0.0837613874381142,-0.050306047179869244,-0.10580377739721111,-0.11104162223637104,-0.10975389395441328,-0.08940659769411598,-0.0875993577231254,-0.10567794660372394,-0.10178124638540405,-0.06462266678655786,0.11912893231159874,-0.10639967317027706,-0.09110583271831274,-0.09454883475388799,-0.14064956775733403,-0.06403347956282752,-0.031744033630405157,0.007182686988796506,-0.11124485358595848,-0.1414464728108474,0.2803155216222097,-0.08059663804514068,0.06441645164574895,0.10734740218945912,0.29883365013769697,-0.04639260311211858,-0.04512992714132581,0.10874560794660024,0.16023575301681245,0.12609729756202018,0.07937355605619294,0.155466444258179,0.31540210225752424,0.05828681907483509,0.6351439404700484,0.33460117370954584,0.490835291998727,0.4378491448504584,0.672173091343471,0.4776671039206641,0.5964349274124418,0.12832688726484776,0.17827521776780486,0.3748730165617807,0.4864652752876282,0.37354594256196705,0.49044831596048816,0.1210661908345563,0.229680774467332,0.4834885897913149,0.34543757353510174,-0.059851125947066715,0.06083792554480689,0.3340182219232832,-0.11481833670820508,0.0944275933184794,-0.12492720835975238,0.24761671998671123,0.018910608121326992,0.025189403976712908,0.04739166849425861,-0.1241907998919487,-0.08540372577096735,-0.15645931022507803
SRR8534241,1,-0.10151002462953329,-0.0393047112572406,-0.08496570134801525,-0.08710047176906041,-0.07326885419232505,-0.11715507294450488,-0.0700284702969449,-0.07500369800254703,-0.06986340720738683,-0.08812129038519093,-0.1029536101434912,-0.09721509420445987,-0.06286397849076561,-0.08887428231537342,-0.09967071190476418,-0.10149281950933593,-0.11303172739488739,-0.11534716967227203,-0.09128358885313251,-0.10045138586844717,-0.06178250429885728,-0.07851427178164679,-0.031497936828860214,-0.10456376203468867,0.11785457309867654,-0.09132764674723148,-0.05162207782268524,-0.04136381887032518,0.04994225635060242,-0.03187462421400206,0.28213680455727236,0.42292529557432446,0.8600805295365197,0.7923595782901559,1.3212575912475586,0.7672104955251727,1.5629942715168,2.232466425214495,1.7895705103874207,1.7476017560277666,0.9820618810398238,0.964807754116399,1.073625591716596,1.717653205086078,1.5576052750859941,1.4700695622180189,1.9084588864019938,1.0311937353440694,1.1941281056829862,2.006026187113353,0.9759714342653751,0.6581852318985122,1.5391430429049902,1.7303560014281953,1.0405900685914926,1.313041593347277,0.743063428572246,0.6511897877124804,1.1971508434840612,1.1181262678333692,0.7199210689536163,0.6216802831207003,0.5038358281765666,0.6140771721090589
SRR8534242,1,-0.11047717060760728,-0.10200982115098409,-0.10047591158321925,-0.10359803879899639,-0.10890211058514458,-0.13096905845616544,-0.11315924408180374,-0.12311879811542374,-0.13493698303188598,-0.10435250135404724,-0.04853529868913548,-0.09873290156039209,-0.08884905039199761,-0.0863499715924263,-0.13916074271712983,-0.08307072360600744,-0.13018613202231272,-0.01208630550120558,-0.10270702705851623,-0.12236856882061277,-0.008965143135615758,-0.08706188760697842,-0.031002305448055267,-0.013267500059945243,0.24021612160972186,-0.11622200054781777,-0.04294484108686447,0.004192188382148743,0.08735471431698118,0.04682987369596958,0.10006628333524402,0.18284994310566358,0.3757256950650896,0.1989226240132536,0.7224162516317197,0.3556760105171374,0.6883706828313214,0.7951383047870227,0.9342894532850811,0.7400880839143481,0.673495891903128,0.224705271422863,0.4023027201848371,0.6627112861190524,0.7508092916437558,0.7045530868428094,0.736029375610607,0.10229127375142914,0.2978330169405256,0.7596176162894283,0.45223947960351196,0.04858802258968353,0.20983937968100821,0.6538879866046565,-0.0413393463407244,0.20013420736151083,-0.07366030237504415,0.22299812734127045,0.13148667982646398,0.037196259147354534,0.09624264602150236,-0.10477797846708979,-0.06804118771106005,-0.14773837796279363
SRR8534243,1,-0.10726126160339586,-0.07359802456838745,-0.12043442417468343,-0.11943685423050608,-0.11425298878124782,-0.11752692556806973,-0.09047890188438552,-0.11817270570567676,-0.13515280878969602,-0.10848680777209145,-0.02177998915846859,-0.10788004020495075,-0.09994159426007952,-0.09609914810529777,-0.13891847750970296,-0.09626907110214233,-0.11448732683701175,-0.026571897523743764,-0.10665840123380933,-0.12447498233190604,-0.000555155798792839,-0.08780283587319511,-0.0233992731996945,0.008517517575195857,0.2371791595859187,-0.11851050278970174,-0.08808613408889089,0.02447313496044704,0.0725684573075601,0.04044937515365226,0.1207845911516675,0.1962290448801858,0.440003117280347,0.16997035167046956,0.731931242027453,0.423176464757749,0.686936288007668,0.8020150193146297,0.9254119470715523,0.6490142377359527,0.681706112410341,0.1983738861578916,0.3810646470103945,0.6523003445139953,0.7141895815730095,0.6736930906772614,0.7019610914534756,0.13980053418448993,0.32834297737904955,0.7533608062991074,0.43536801396736075,0.05232863605488092,0.2446012566132205,0.6932608668825456,-0.0444267104778971,0.22795821566666877,-0.0754179327881762,0.23261657037905284,0.10988598210471016,0.03026180128966059,0.08042441042406219,-0.10228187218308449,-0.05429940191762788,-0.14272687690598623
SRR8534244,1,-0.10995718291295427,-0.09326877391764096,-0.10567700969321388,-0.10334285801010472,-0.11883346151028361,-0.1539762786456517,-0.12374556437134743,-0.13988241340432847,-0.13256962171622685,-0.11725539926971708,-0.13237418420612812,-0.13295035064220428,-0.11080981258835111,-0.10424864052661828,-0.14410688621657236,-0.10041029338857957,-0.1439843944140843,-0.07152662639107023,-0.10504030595932688,-0.13471144437789917,-0.09128173414085593,-0.11214801722339221,-0.039773406726973395,-0.06277208123356104,0.15124708946262086,-0.1352983276758875,-0.08299042071614947,-0.006889766880444118,0.02799699645090316,0.0008061034604907036,0.12174632333751235,0.20040060792650496,0.49495202728680204,0.27805308997631073,0.8038971456033843,0.39218726794829956,0.804925334240709,0.9333756805530616,0.9671654541577611,0.8083999156951904,0.5863127740366119,0.25315287177051815,0.5253274068236351,0.7719319963029453,0.807639118283987,0.7361528085810798,0.9317087797181947,0.17055205308965274,0.48291939723172356,0.9117325693368912,0.4778360479644367,0.08757149241864681,0.3939809650182724,0.8650597349873611,0.09234792047313281,0.3988647780248097,0.055251634546688626,0.32108322211674284,0.21938604914716311,0.08403014913866562,0.20689831195133074,-0.06293230397360665,-0.01102891777242933,-0.11881114010299955
SRR8534245,1,-0.10628715017810464,-0.1222212410398892,-0.10043708926865033,-0.09194641746580601,-0.09728732066495079,-0.15429051220417023,-0.11517896077462605,-0.14136887448174612,-0.12843614178044455,-0.116097484848329,-0.13815398221569403,-0.12092859351209231,-0.10723249986767769,-0.09198985887425286,-0.14505995703595026,-0.08334607098783765,-0.13889595121145248,-0.04062963809285845,-0.1204734253031867,-0.10597072541713715,-0.08833018690347672,-0.10825674129383904,-0.04600655393941062,-0.050006759486028125,0.18554809263774327,-0.121901949601514,-0.03149682715801256,-0.021006951374667033,0.07181072980165482,0.027230773320687667,0.08552251436880656,0.1751171387732029,0.3897169147218977,0.20917013573593327,0.7610540358083588,0.3413557569895472,0.6648043181215014,0.8271858976887805,0.8703975358179638,0.7146900785820824,0.5224776572680899,0.15414845890232495,0.42575419162000927,0.7242081122738975,0.6757534305964198,0.6346038154193333,0.7289071684437138,0.13472839764186315,0.35045770555734634,0.7687264180609158,0.4853257481008768,0.053161598409393,0.26880941979054895,0.7416043664727893,-0.012848211186272758,0.30012498210583416,0.0233260520866939,0.2322542667388916,0.12826572784355708,0.053269157917904,0.12747550383210182,-0.060784565550940375,-0.020114321261644363,-0.14009995013475418
SRR8534246,1,-0.10372061947626728,-0.11978436154978615,-0.0987042428127357,-0.09076544057045664,-0.09290229742016111,-0.15164126881531306,-0.10567467074309077,-0.140228128858975,-0.12933517779622758,-0.11484012859208244,-0.13973331025668553,-0.11771641033036369,-0.10292539426258632,-0.08028931649667877,-0.13899087480136327,-0.08618753084114619,-0.13950444012880325,-0.03141697549394199,-0.12047923462731498,-0.10466607766492027,-0.09283580631017685,-0.11168764212301799,-0.041131152638367245,-0.05891474336385727,0.18396280173744475,-0.12391734229666847,-0.014936250235353197,-0.02895705827644893,0.06532830106360572,0.020454701834491322,0.07755472723926816,0.15694082421915873,0.37734885088035036,0.216308029701135,0.7389984295836517,0.33081804535218645,0.6694439351558685,0.8331966200577361,0.8510736163173404,0.7085032569510596,0.5219546950289181,0.15444195483412063,0.4393048259828772,0.7236068610634122,0.6799090962324824,0.6481004804372787,0.7367124333977699,0.13506863053355897,0.36130899829523905,0.7596049170408931,0.47574205084570814,0.04795572614031179,0.2782181335080947,0.7657183855772018,-0.015589457537446703,0.30260127942476955,0.031008843332529068,0.22197204296078002,0.11673611615385328,0.04921070732442396,0.13219385328037397,-0.06133244426122734,-0.00603800213762692,-0.13909997684615
SRR8534247,1,-0.09132109489291906,-0.028118699057293788,-0.09340162515374166,-0.10590993586395468,-0.08526184063936983,-0.10187091871297785,-0.07173035706260375,-0.09007923724129796,-0.09174139473387706,-0.08457367634400725,-0.12306637057502355,-0.08456144614943437,-0.0728125214310629,-0.07878695588026728,-0.11296844748514039,-0.10172092475529228,-0.12227273253457886,-0.08180888695642352,-0.07281122649354595,-0.09668324807924884,-0.10896590525018317,-0.07521199721044727,0.032943004476172585,-0.08843586168118886,0.21560426455523288,-0.13262168105159486,-0.0530932354075568,-0.027564713465315954,0.017888847206320082,-0.03998379595577717,0.2903347983956337,0.40604658371635843,0.925978457821267,0.4268544039555958,1.1366303552474295,0.7382087457392897,1.3514759881155831,1.6010700932570867,1.5668085744338376,1.392552558864866,1.014256555054869,0.5010381154716015,0.6662094624979156,1.3843715685818876,1.3666171644415175,1.2792173283440726,1.4313875862530299,0.5801491865089962,0.7967242460165705,1.66027809040887,0.8570299153881413,0.3527085376637323,0.8605567472321647,1.368751418377672,0.5182712275002684,0.8987299054861069,0.33248129886175903,0.6235222997409957,0.6734338573047093,0.4530992348279272,0.42778943266187397,0.16338018434388296,0.17597681709698268,0.11827559848981244
SRR8534248,1,-0.09502744102584464,0.017607111217720166,-0.08946453976178807,-0.11657579003700189,-0.08542367709534508,-0.1017443962129099,-0.07424366740243775,-0.09019875127289977,-0.09267198380881123,-0.09770836494863033,-0.12015261005477182,-0.09137065070016044,-0.0678511488118342,-0.08498654434723514,-0.10710922628641129,-0.10598732757249049,-0.12089455127716064,-0.10283389421445983,-0.08147041060562644,-0.11026704045278686,-0.10761939787438937,-0.08168027164148432,0.033118567296436856,-0.08222172089985438,0.15145140806479113,-0.11103491418595825,-0.06695900112390518,-0.000378972983786038,0.05616087998662676,-0.0409121997654438,0.2738156732437866,0.4596613991473402,0.8555026629141399,0.5681387441498893,1.1941636630467005,0.7273159867950848,1.4536136988151287,1.7322508437292916,1.5875156275661928,1.5092409976891108,0.9383471416575568,0.63227414978402,0.7724838719836303,1.4315237275191717,1.4602534877402442,1.3667103174541677,1.592967254774911,0.6970683491921851,0.9525122089045388,1.8620194239275796,0.8924289452178138,0.4642501782093729,1.0730528576033456,1.4759589375129767,0.6389864278691155,0.9965565585464772,0.47344508288162096,0.7042875279273305,0.822707576411111,0.6275469953460353,0.494038778756346,0.3009180777839252,0.19259530678391457,0.3426346443593502
SRR8534249,1,-0.09778446052223444,-0.015249539100165879,-0.08236886800399848,-0.09993447735905647,-0.08720601137195315,-0.09869738960904735,-0.08628061573420252,-0.07862319690840584,-0.10041985753923655,-0.08951951816145863,-0.1061432492653174,-0.06837097648531199,-0.06574408882962805,-0.09415430788482938,-0.10894392537219184,-0.0873556039961321,-0.12007127542580877,-0.07864820661987844,-0.08708982361713424,-0.11296980189425605,-0.09706814054931913,-0.09267400782222726,0.03251138648816517,-0.08969905200813498,0.08920595901353019,-0.07182521359728915,-0.010401962058884757,-0.023586646520665715,0.0826318689755031,-0.06556009873747826,0.14894356951117516,0.38716200306745513,0.6951485717935222,0.2940293414119099,1.0764982221382005,0.6933549280677523,1.1814852952333499,1.4813261372702462,1.3822443474616324,1.293763382094247,0.9635858876364571,0.4951469749212265,0.5878755184156554,1.2190146829400743,1.29887430742383,1.16986345260271,1.2300823330879211,0.4331232910709722,0.7237881347537041,1.4326051771640778,0.9424793012440205,0.2029427428330694,0.5828430610043662,1.0824595530118262,0.21393151368413652,0.7081776708364487,0.174088325883661,0.5192160688872848,0.5282346953504852,0.35903491266071796,0.3177198368523802,0.15189011754201992,0.11164672406656402,0.08344950154423714
SRR8534250,0,-0.10331892015944634,-0.027186770723866566,-0.09789571425478373,-0.12881364433893136,-0.12043560189860207,-0.09186719417838114,-0.08376344376509744,-0.11120784282684326,-0.13544893304684333,-0.08557602896222047,0.03524442891856389,-0.08577611277412091,-0.08797620762405652,-0.08666798339358397,-0.12637583778372832,-0.08411485116396632,-0.10373760733221259,-0.0482386526751465,-0.09648206390972648,-0.13232239282556943,0.11112476299915995,-0.08125251014384308,0.0679357038544757,0.05876976464475904,0.24943908091102326,-0.11569798418453761,-0.04775694917355265,0.05398545254554067,0.08148877216236931,0.03313032963446209,0.1566205813682505,0.26895715509142193,0.5910650874887194,0.13738897323076213,0.8214995924915586,0.5313418624656541,0.8243517471211297,0.8136588356324604,1.0305002991642271,0.8323632058288369,0.8303230404853821,0.2412615264100688,0.2803561316936144,0.6891924909182957,0.8379919486386436,0.7285434624978474,0.7499690630606243,0.2868596365941422,0.35872299862759455,0.873943013006023,0.5555619976283717,0.023149917434368814,0.23735046599592483,0.5962049641779491,0.05121780186891556,0.29805147275328636,-0.050377215657915385,0.3787074568016188,0.22882822368826186,0.09533134954316276,0.1806693018547126,-0.07444732716040951,-0.0539617549095835,-0.132040515009846
SRR8534251,0,-0.08830916056675571,-0.09239107476813453,-0.07588748913258314,-0.0823563930711576,-0.0500226372054645,-0.1482643676655633,-0.0921684056520462,-0.13507721573114395,-0.07063240770782743,-0.08599571298275675,-0.12638611000563418,-0.06222182086535862,-0.09803147454346929,-0.08980320021510124,-0.12454329218183245,-0.05063669090824468,-0.11046999160732542,-0.04534044010298593,-0.10732175782322884,-0.09885018638202123,-0.07387147630964007,-0.12552166197981154,-0.07463241794279643,-0.10636946878262929,0.19342877396515437,-0.12287297079871808,0.02072862535715103,-0.08599385299852916,0.04790771646159036,-0.025630648913128034,0.08337340397494179,0.2648590739284243,0.49704189385686603,0.3584428701017584,0.8522768292043891,0.44465543436152594,0.9497421287399318,1.2372025485549654,1.1095319017767906,1.117051282099315,0.6410261679972921,0.27153466641902924,0.5755836814641953,1.0120079017111234,0.9078624929700579,0.9872561884777886,1.0387293973139353,0.24727619838501727,0.5754096673003265,1.090404897928238,0.6421466208994389,0.18942406134114467,0.5162657553446479,0.9985350391694477,0.11084173752793244,0.4755840636789799,0.20416014535086496,0.4093747745667185,0.33032602284635815,0.27980825677514076,0.21857643446752004,0.051740445994905064,0.07552194382463183,-0.04182056417422635
SRR8534252,0,-0.07285051779555422,-0.07177271800381797,-0.1101165876856872,-0.09698564133473805,-0.09875467579279627,-0.09439370528395687,-0.08987785210566861,-0.09297866108162063,-0.07673985617501396,-0.0642579761998994,0.09163649646299225,-0.10980946277933461,-0.07327399615730558,-0.10611682598079954,-0.1582865140267781,-0.08012660995258816,-0.02886244761092322,0.0033365674316883087,-0.11198713151471955,-0.13706600027424948,0.2245834842324257,-0.07766204606741667,0.11174883014921631,0.16480569967201777,0.2075834103993007,-0.0338553927306618,-0.016201981476375034,0.09247809329203197,0.13788021656884147,0.1538252162614039,0.024864387964563712,0.12801074449505126,0.17814823346478598,0.02954477391072682,0.5290761057819638,0.2545037716627121,0.35103097770895275,0.3508315621209996,0.455810336130006,0.42292105140430586,0.42634626744048937,0.10654109849461488,0.1648773606866598,0.25357846240513027,0.38449000673634665,0.2430084672357355,0.40819969666855677,0.028404929276023592,0.15865588188171387,0.3186259296323572,0.2970798640911068,-0.08612844135080065,-0.007722719971622739,0.13651566633156367,-0.1449553444981575,0.03177005584750857,-0.14161016366311482,0.1711526598249163,-0.05727980339101383,-0.02638473148856844,-0.006860880447285516,-0.13023619194115912,-0.07993194234690496,-0.1479673364332744
SRR8534253,1,-0.10089097358286381,-0.051682588777371814,-0.09743387438356876,-0.1240400243550539,-0.11757680560861315,-0.096290109047134,-0.08432362893030845,-0.10775033184992415,-0.1255007618705609,-0.06830720071281705,-0.09528208894854677,-0.09050482458301953,-0.0873488464858383,-0.0810285032327686,-0.1267203539609909,-0.08777681631701333,-0.12819926041577542,-0.04027766588010958,-0.08809748185532433,-0.12098553244556699,0.0010584625748119184,-0.07917837825204645,0.04059533668415887,0.02979355677962303,0.19986619347972528,-0.13739621665860927,-0.06930852920881339,0.04646982891219003,0.06160113854067666,0.0008458488487771579,0.14278882409312896,0.27012018273983684,0.6539426052144596,0.20149887459618704,0.858639446752412,0.5633533618279866,0.8847277994666781,0.9052267856895924,1.1540210161890303,0.9412126761994192,0.7896913854139191,0.31033538175480707,0.4155054536781141,0.7951577667679105,0.9075409535850797,0.8130642409835543,0.7881798196051802,0.26344665073390516,0.3949502275458404,1.0168882049620152,0.5993853009172848,0.03746365223612104,0.32558119642947403,0.6667753916699439,0.0747379194945097,0.31020289553063257,-0.011040470429829188,0.4162335491606167,0.26131928698824985,0.11775771049516541,0.2344751182411398,-0.10207043016063315,-0.05002698940890176,-0.14430834246533258
SRR8534254,1,-0.09916062167446528,-0.023967242550237904,-0.08341185016823667,-0.12536893851522887,-0.11177246006471771,-0.09164389043248125,-0.07615643079459135,-0.10552246496081352,-0.1219275273781802,-0.06035591981240681,-0.0973494725767523,-0.0867282102948853,-0.0840861303399184,-0.07396536613149303,-0.12174648578677859,-0.09761520634804453,-0.12504077702760696,-0.036869567985247285,-0.0840474431003843,-0.11669708735176496,-0.013215327369315284,-0.07878263969905674,0.04950232058763504,0.01739552670291492,0.21463808297578776,-0.13159452485186712,-0.07797463211630072,0.0509229555193867,0.05580147675105503,-0.014580132439732552,0.17939897718107595,0.28968443827969687,0.6922598954822335,0.2297904443527971,0.899679788521358,0.6106348261237144,0.9638338834047318,1.0636109212147338,1.249451328601156,0.9792052722935166,0.8803047452654157,0.36778396580900463,0.4590050423783915,0.8719011225870678,1.0073561082993234,0.9014105498790741,0.9097269592540604,0.3005487974733114,0.44944287304367336,1.1293101129787309,0.6891804068083209,0.07658722570964269,0.4142196250946394,0.7553613765963486,0.1175525678055627,0.3750359256352697,-0.005674169531890324,0.4186017241861139,0.30131831472473486,0.1231102469776358,0.24780216174466269,-0.07776017593485969,-0.03684995589511735,-0.12998959315674646
