,label,dim_0,dim_1,dim_2,dim_3,dim_4,dim_5,dim_6,dim_7,dim_8,dim_9,dim_10,dim_11,dim_12,dim_13,dim_14,dim_15,dim_16,dim_17,dim_18,dim_19,dim_20,dim_21,dim_22,dim_23,dim_24,dim_25,dim_26,dim_27,dim_28,dim_29,dim_30,dim_31,dim_32,dim_33,dim_34,dim_35,dim_36,dim_37,dim_38,dim_39,dim_40,dim_41,dim_42,dim_43,dim_44,dim_45,dim_46,dim_47,dim_48,dim_49,dim_50,dim_51,dim_52,dim_53,dim_54,dim_55,dim_56,dim_57,dim_58,dim_59,dim_60,dim_61,dim_62,dim_63
SRR6463032,1,-0.11672588118485042,-0.04761279548984021,-0.02112345982875143,-0.08850512374192476,-0.049897726093019755,-0.07501453629629395,-0.07138715092358845,-0.08155421594502903,-0.08494982016938073,-0.10912416388237034,-0.07261760319982256,-0.07049386575818062,-0.1328825785645417,-0.122447217818782,-0.09629282355308533,-0.07878000733658805,-0.06140637770295143,-0.11340852720396859,-0.07319048888582204,-0.06459701955983681,-0.10481050283436032,-0.09786359293918524,-0.07685540570361939,-0.07276448181697301,-0.035079514919613884,-0.10904992212142263,-0.03814509590821607,-0.09403130508560155,0.05741303467324802,-0.09088242905480522,0.21424611511507205,0.8079650274344853,0.9301912592990058,0.8742563697908606,0.8663786567215409,1.3631838208862714,1.4242909124919347,1.6280185963426317,0.997663354235036,1.0529510836516107,1.194099219782012,1.5758901025567735,0.6265475302934647,1.3892310474600111,1.5747363886662893,0.6515965932714087,1.7510596088000707,1.6213829687663488,1.2154346874782018,1.2146081583840507,1.6799759439059667,0.5446087702044419,1.1774802750774793,1.1007036923297815,0.7970109166843551,0.8702993475432906,0.7711997202464512,0.37270451869283405,0.8324793390929699,1.0319149526102203,1.0530278661421366,0.5445987646068845,0.3625782845275743,1.5701905829565865
SRR6463037,1,-0.09998542602573122,-0.06083385533254061,-0.11205825262836047,-0.08648467090513025,-0.10415143040674073,-0.08222026537155866,-0.06838614493608475,-0.07870983173156024,-0.1049073114991188,-0.11434622721779826,-0.07570928601281983,-0.07905070510293756,-0.12922683065491064,-0.11517114371859602,-0.09865733761606472,-0.10886608761835045,-0.10712221424494471,-0.1102869828630771,-0.07449093101812261,-0.06265234967161502,-0.11717403688401516,-0.10784015811181494,-0.07753977537920166,-0.10176172287070326,0.11084071955909687,-0.1065043429178851,-0.040571491100958416,-0.08316158203940306,-0.04499741856540952,-0.11136286007240415,0.23621926486625203,0.701925391331315,0.8112035893968174,0.7564441178526197,0.895119938201138,1.1946682248796736,1.1696114540100098,1.5079504059893745,1.0837513953447342,0.9847800199474607,1.0480422590460097,1.294014688049044,0.5235865733453205,1.317205731357847,1.6591561626243805,0.6797925223197255,1.6873475137565817,1.45354163646698,1.048057449715478,1.0689083869968141,1.5858571827411652,0.5558513634439025,0.9138570427894592,1.1463247824992453,0.7417657699968133,0.8397329109055656,0.7773900181055069,0.3681713375928147,0.9879315021846976,1.1888816739831651,1.0109536184796266,0.4680991524032184,0.2570965699851513,1.4755806997418404
SRR6463039,1,-0.10085148151431765,-0.06295757075505597,-0.10650275062237467,-0.06207742545354579,-0.011446772941521235,-0.0838204739349229,-0.11913873627781868,0.09510332851537637,-0.124775944011552,0.023991819471120834,0.004487580220614161,0.009155430140838559,-0.07917120041591781,-0.10990713297256402,-0.01182639439191137,-0.04597003704735211,0.06994104757905006,-0.09115668066910335,-0.008806296358151096,-0.11709266182567392,-0.1140475015022925,0.040817723742553165,-0.14253451568739756,0.13737476550574815,0.18489951720195158,0.10254765035850662,-0.09631768520921469,-0.08606863873345512,0.12549182632938027,0.2656469451529639,-0.030945148851190294,0.21099055611661502,0.3127519597432443,0.410889192085181,0.5791296660900116,0.5090588288647788,0.6672418702925954,0.6097756347485951,0.11363296529244897,0.04615978344476649,0.17595957592129707,0.5718951097556523,0.18782660817461355,0.4814405667462519,0.6179920605250767,0.14108094439974853,0.39764549902507235,0.49778170457908083,0.6925079339583006,0.013910114765167236,0.2984131654458387,0.03983633007322039,0.3957333979862077,0.23987548425793648,0.09628321656158992,0.15709945346627915,0.005423505391393389,-0.12003902452332633,0.14905970862933568,0.056778619930680306,0.19951100328138896,-0.1401403977402619,-0.059641145169734955,-0.027897315099835396
SRR6463041,1,0.24651468483664626,0.050233873655088246,0.21950562936919077,0.17423388521586144,0.23544561304152012,-0.11014048036720071,-0.08406072668731213,0.26038338656404186,-0.12026071974209376,0.10060147615149617,0.07568781077861786,0.17930896254256368,0.0989350937306881,-0.08031272948054331,0.19133283091442926,-0.0407621477331434,0.21495834646546946,0.04851141146251133,0.03931311438126223,-0.08551761321723461,-0.11346173745446972,0.11271179893187114,-0.12043349019118718,0.3097177084003176,0.18974542245268822,0.329068304172584,-0.09487208777240344,0.05429382336192897,0.23718964468155587,0.33695068689329283,-0.04774263541081122,0.20418595841952733,0.2948337676269667,0.3764305795942034,0.4125543651836259,0.510486975312233,0.7899225210504872,0.6958167308143207,0.1579411913241659,0.0665080760206495,0.13860738277435303,0.6017616135733468,0.22580755901123797,0.4124633776290076,0.4917500971683434,0.11783864043120827,0.4791778650666986,0.4993327711542536,0.6019372673971313,0.12300412942256246,0.2967938027743782,0.08613007622105735,0.4493038324373109,0.20016710460186005,0.1814498800252165,0.07927069919449943,-0.011339612837348665,-0.0878197071807725,0.2895696362746613,0.15575031670076506,0.22291360263313567,-0.11330557321863514,-0.027792130197797502,0.10323843732476234
SRR6463046,1,-0.104545389435121,-0.08548096713743039,-0.12328997307590076,-0.07434432474630219,-0.049198358452745845,-0.10502502476031493,-0.09235815550865871,-0.09355690273722368,-0.1149597769337041,-0.08568430133579698,-0.07915916772825378,-0.1272174987409796,-0.11829406129462379,-0.10339049238245934,-0.10329765028187207,-0.09613697443689619,-0.09091874903866223,-0.13528893568686076,-0.11743351870349475,-0.0965612969760384,-0.11402278638394948,-0.0910076807652201,-0.12818718521988817,-0.03633517771959305,0.1389405421713101,-0.09148163800793034,-0.08917003337826047,-0.10253492317029408,0.053279882829104154,0.007847278245857783,0.18373371767146246,0.5959690479295594,0.5573946309408971,0.6972450837492943,0.7371062615088054,0.9508681063141141,0.9765566459723881,1.1715973722083228,0.5267358954463687,0.5147518983909062,0.7699520960450172,0.8940773212483951,0.38680056908300947,1.0471593540694033,1.386800532894475,0.5095601578110031,1.1438344972474235,1.0056635694844382,1.0623465116534914,0.6549642559673104,0.9406831956335476,0.40392591671219896,0.802825537111078,0.5593066907354763,0.3726921741451536,0.46485407118286404,0.37423846232039587,-0.008194261895758765,0.5004752531780728,0.4948584682175091,0.5347007193735668,0.04195511181439672,0.008346316005502428,0.6331066137978009
SRR6463054,1,-0.10390446707606316,-0.0848740858158895,-0.09671532149825778,-0.09546488097735814,-0.10801231382148606,-0.09922639209876902,-0.07935576673064913,-0.09601376199030451,-0.109618552295225,-0.1140370792709291,-0.08630012840564762,-0.09257252807063716,-0.11501138604113034,-0.12388836811961872,-0.09473043387489659,-0.0968712628153818,-0.12016917445829936,-0.11503322209630694,-0.07910897902079991,-0.08153542610151428,-0.11865629595039147,-0.11885093365396772,-0.09559636150619813,-0.09112767715539251,0.12122464871832303,-0.11065057079706873,-0.07015974074602127,-0.09782422067863601,-0.04149544278958014,-0.09245552974087852,0.2762372376663344,0.6163049233811242,0.7293251007795334,0.7338873499206134,0.8729350542915719,1.0556664701019014,1.097218115414892,1.4433030124221529,0.8145016144428935,0.8037523302648749,1.06833951068776,1.1387847257511956,0.47583172789641787,1.2684002774102348,1.5311246045998164,0.572528649387615,1.4597190376371145,1.1897837136472975,1.0209443856562888,0.9505515737192971,1.3965683574123042,0.5127041542104313,0.9420205580868891,0.919211886290993,0.6810439441885267,0.7324588394590786,0.5743511521390506,0.07766784940447126,0.7887790660773005,0.9974312910011837,0.7052480514560427,0.30619953998497557,0.15231875543083465,1.253597161599568
SRR6463059,1,-0.09489072220666069,-0.1252129493015153,-0.09796956926584244,-0.098411425948143,-0.09976572756256376,-0.09527916574318494,-0.10888152569532394,-0.1175374404660293,-0.12271646782755852,-0.12570474190371378,-0.09265683418405908,-0.12165645616395133,-0.11973786460501808,-0.13364162828241075,-0.10235443764499255,-0.10061295969145638,-0.1315650440353368,-0.13458130082913808,-0.11740777269005775,-0.1118485126644373,-0.1310499081654208,-0.10212364047765732,-0.13836295583418437,-0.07438802931989942,0.11705034226179123,-0.12603790472660745,-0.10238883072244269,-0.12567810927118575,-0.012608142835753304,-0.03237734269350767,0.10873720874743802,0.455983324774674,0.6586995331038322,0.6229445732065609,0.7452425970030683,0.9020007572003773,1.0105445757508278,1.1605227685400419,0.6302420198917389,0.45098504929670263,0.7319869707737651,0.9759197391769183,0.37819443749529974,0.985381444650037,1.283173456788063,0.39405279473534655,1.178424528666905,0.9800890465932233,0.8790759497455188,0.6067009887525013,1.0095281197157289,0.30529647480164257,0.706420549856765,0.8346357324293682,0.4616649491446359,0.5025650991925171,0.36720519619328634,0.02710934728384018,0.6856548498118562,0.712278214948518,0.4388988148421049,0.03060070425271988,-0.010550762393644877,0.8153044772999627
SRR6463068,1,-0.10094727948307991,-0.05486535390705934,-0.12450487964919635,-0.08415847670819078,-0.06041373126208782,-0.08953575709373192,-0.07284114889002272,-0.09195844014383121,-0.09907044896057673,-0.1130650772455348,-0.07955791029546942,-0.08487417362630367,-0.11434889531561307,-0.10728878142461847,-0.10158551218254226,-0.1078646455924692,-0.09102566965988704,-0.11352122561740023,-0.09861842981938805,-0.07172821608505078,-0.11421419990905893,-0.10420137969776988,-0.10143866869787287,-0.06189272978476116,0.06255966714317245,-0.08774027446218367,-0.05413140995161874,-0.09589080033557755,0.037728039281708856,-0.08153075937713895,0.20663304304304933,0.7100880869797298,0.7051186071974891,0.8392546113048281,0.8723333084157535,1.2800907301051276,1.1672503565038954,1.4844793613467897,0.7995499034545251,0.7868270554712841,1.1733482714210237,1.1812116711267404,0.5507767072745732,1.3428224069731576,1.6255582060132707,0.7142719607800245,1.5715387278635586,1.3526472449302673,1.2194466409938676,1.0047393249613898,1.4534766341426544,0.5930304349000964,1.0782523644821984,0.8358418984072549,0.6283053042633193,0.8084884695708752,0.6168354015265193,0.13194066286087036,0.6744688850428376,0.9533483449901853,0.8178168455404895,0.2718701660633087,0.15916109164910658,1.083683552486556
SRR6463074,1,-0.09510500516210284,-0.0701928987566914,-0.11189813193465982,-0.07922355883887836,-0.06472685893199273,-0.08454512067380295,-0.06742085609585047,-0.0910928361076263,-0.10514415268387113,-0.11397128775882136,-0.08599370132599558,-0.09009299959455218,-0.13048387318849564,-0.10182039056754937,-0.09476670203730464,-0.1089438402226993,-0.11517153201358658,-0.115788774165724,-0.0966375053727201,-0.09166759412203516,-0.11165025329267207,-0.10386037108089242,-0.09170798877520221,-0.08451273239084653,0.11449423003276545,-0.08704397657753102,-0.06161380426159927,-0.07866833339046155,0.002715332167489188,-0.10140153645936932,0.20303725158529623,0.686138889087098,0.7424009516835213,0.8411305360496044,0.8527127206325531,1.1750622604574477,1.1362186074256897,1.373086114014898,0.8540322221815586,0.8531426633042949,1.0143972975867135,1.0891088960426194,0.5187416949442455,1.3718742376991682,1.6320403409855706,0.7212401878620897,1.5810333043336868,1.356940746307373,1.0881891857300485,0.9720346416745868,1.4007780019726073,0.598719259724021,1.0397342943719454,0.8525653907230922,0.5832940956544397,0.7804806732705661,0.7034295265163694,0.19814184760408743,0.7573051601648331,1.0125072236571993,0.9194620475172997,0.38249590141432627,0.13841263683778898,1.2873266307371003
SRR6463078,1,-0.09334899857640266,-0.06772114679084293,-0.10809189852859293,-0.049565303937665055,-0.06355614394747786,-0.09133289392255912,-0.07261386221008641,-0.09696711991065447,-0.11233485011117798,-0.10378976346899955,-0.08706418970333678,-0.09774040484002658,-0.11671243927308492,-0.08145426389195823,-0.09468378898288522,-0.10269853715518755,-0.10318370163440704,-0.1186396104416677,-0.10293985371078763,-0.09792565953518663,-0.11082109623073068,-0.08741225994059018,-0.11168863913709563,-0.042936575199876516,0.1539474751002022,-0.06212015420065394,-0.06021528584616525,-0.09042636351659894,0.06618194015962738,-0.07665217561381203,0.13168405528579438,0.650977222515004,0.6973511949181557,0.7404763012060097,0.8154138571449688,1.1819617237363542,1.1269611290522985,1.218621441828353,0.6539344393781253,0.6695860483284507,0.9801969453692436,0.900271583880697,0.5161365540698171,1.2024215825700335,1.5378614600215639,0.7737368909376008,1.4467367444719588,1.2262495372976576,1.172447504741805,0.8367088160344532,1.1708367062466485,0.6276160031557083,0.8835922293365002,0.7208426307354655,0.5071006789803505,0.694025554295097,0.5540901262845311,0.08506570596780096,0.5826508573123387,0.7694220436470849,0.7611552157572338,0.1976121717265674,0.10257551765867642,1.0439427239554269
SRR6463081,1,-0.10564231712903295,-0.09996790598545756,-0.11907815507480077,-0.097325684768813,-0.04877511039376259,-0.0993737194554082,-0.08666968159377575,-0.09332321238304887,-0.1072928463774068,-0.1027703427576593,-0.08260942583105393,-0.11988300723688942,-0.12000259757041931,-0.12480876581477267,-0.11040099124823298,-0.08686758843915802,-0.09143778043133872,-0.12647232892257826,-0.10943337822599071,-0.09717295861004718,-0.11439295612009508,-0.10250123816409282,-0.11822969759149211,-0.07540093947734151,0.05476985100124564,-0.12577484867402486,-0.09537335555069149,-0.09108544433755535,-0.0012723196830068315,-0.0443509646824428,0.20446032817874635,0.49308055319956373,0.6267869036112513,0.7010282522865704,0.7228529804519245,1.0254040232726507,1.0896845587662287,1.3110875370247024,0.693193895476205,0.6341991190399442,0.8533396241920335,1.060274044850043,0.43013776732342585,1.1277395827429635,1.3777143039873667,0.46717596905572073,1.2815161411251341,1.1143269836902618,0.996091362621103,0.7667815280812127,1.0795155107708914,0.4169639247868742,0.9006099653031144,0.7392963586109025,0.5201685127935239,0.5162889872278486,0.4700528479048184,0.02078467554279736,0.6768951538418021,0.7207978814840317,0.5392711835780314,0.13638948356466635,0.01712339318224362,0.8913473955222538
SRR6463083,1,-0.099910385374512,-0.09785283484961838,0.047259998108659475,-0.05643142759799957,-0.036197303129093986,-0.08261905653801348,-0.1041612208022603,-0.05016516762719091,-0.11617699318698474,-0.06937948272596779,-0.041836591703551154,-0.1410188621708325,-0.08869177262697901,-0.11846184118517808,-0.12182880139776639,-0.0644761174917221,-0.03493881491678102,-0.13645984125988825,-0.0920175035218043,-0.0976769592879074,-0.11132317190224837,-0.08111281160797391,-0.14473903072731836,0.002385142126253673,0.11171094381383487,-0.09586043868746076,-0.09905206012938704,-0.10606517483081136,-0.005897674177374158,0.1391341643674033,0.11096947853054319,0.3341514960130943,0.47276625835469793,0.5992472214358193,0.6487083095125854,0.7905699844871249,0.8482304641178676,1.0013327768870763,0.3684112605239664,0.29845078183071955,0.5300969311169216,0.8242863831775529,0.2573512707437788,0.8314132807177624,1.0102441789848464,0.2837824761601431,0.8161403137658324,0.7173849956265518,0.8221025828804288,0.35734790031399044,0.5876784580094474,0.1922963708639145,0.5776499935558864,0.4483051896095276,0.31103927216359545,0.33535197297377245,0.14218502172401973,-0.07332026532718114,0.4675632023385593,0.362058729997703,0.3005908248679979,-0.09961247217974492,-0.005957356521061489,0.37490683794021606
SRR6463084,1,-0.10021016374230385,-0.10619040312511581,-0.10582051958356585,-0.08075437960880143,-0.06536997402352947,-0.08828669074656707,-0.09050214130963598,-0.0911004724247115,-0.10951529283608709,-0.11297288137887206,-0.07184968090483121,-0.11027288197406701,-0.11567844769784383,-0.1276707902018513,-0.08789367840758391,-0.08392797729798726,-0.10755160025187901,-0.12143276259303093,-0.10975753728832517,-0.0866785926877388,-0.11568858647452933,-0.0951834148062127,-0.11320747568139009,-0.06623177842370101,0.10513154683368546,-0.10213283555848258,-0.0735125368727105,-0.10608091843979699,-0.014241356934819902,-0.012755556830338069,0.22536167395966394,0.5755938823734011,0.6158140833680851,0.720377898641995,0.7804136175130095,1.1007540502718516,1.0760851800441742,1.3288144426686423,0.6886954444593617,0.6053670753857919,0.9073329578552928,1.0827038884162903,0.4389479724424226,1.1800675030265535,1.41497126860278,0.5510189102164337,1.2823669639016901,1.0887606229100908,1.0641090422868729,0.794590454016413,1.1083771048911981,0.49471901782921385,0.8822192975452968,0.810458090688501,0.4946713240018913,0.6198105426239116,0.38401444788490025,0.005916857293673924,0.6069101829613958,0.6913201266101429,0.5095726783786502,0.09921042621135712,0.0464864330632346,0.7618850278002876
SRR6463087,1,-0.1220531410404614,-0.08539977297186852,-0.12014357958521162,-0.0706671556191785,-0.04110926283257348,-0.09996769311172622,-0.10961539404732841,-0.006112891914589065,-0.12560684021030152,-0.021489570116890327,-0.03190187717388783,-0.135822167886155,-0.11394378649336952,-0.106075665514384,-0.11147619491176945,-0.06915822412286486,-0.009441685729793139,-0.1399472260049411,-0.09461439374302115,-0.1223190746137074,-0.11347010093075889,-0.02472842431494168,-0.1593610027006694,0.0226532622639622,0.14481621767793382,-0.05024542020899909,-0.11271226552448102,-0.08472450104142938,0.050502193825585504,0.15454321461064474,0.03248918375798634,0.28718794270285536,0.38867161742278505,0.5060969442129135,0.5822296286267894,0.6693344307797295,0.8119079981531415,0.8473373447944011,0.2846729042274611,0.18698095264179365,0.38950264028140474,0.6342995132186583,0.24308716053409235,0.7314032901610646,0.8880303033760616,0.253191590176097,0.6923636187400136,0.6253176922244685,0.7782570879374232,0.2226500420698098,0.4657536476318325,0.16728835073964937,0.46961451627846273,0.2918866500258446,0.18926447842802321,0.2384172095251935,0.10338365712336131,-0.10649007558822632,0.32706551253795624,0.25238274144274847,0.2831709257193974,-0.1097722899700914,-0.046863877081445286,0.14164308105994547
SRR6463088,0,-0.040014789040599553,-0.039217954368463585,-0.015619177903447832,0.005044486905847277,0.02712084911763668,-0.09611151260989052,-0.11350475437939167,0.13936672998326166,-0.1192905945437295,0.0644198020121881,0.00914493708738259,0.01441638171672821,-0.04141858113663537,-0.10814492244805608,0.011766283639839717,-0.04002299452466624,0.10381494835019112,-0.05494345298835209,0.004574232867785862,-0.1138084637267249,-0.11259043975067991,0.06617101800761052,-0.14161155532513345,0.14346473915169813,0.18893613293766975,0.1410085287477289,-0.10535171015986375,-0.0459055807441473,0.1122027300298214,0.2927169320838792,-0.009440923375742776,0.20564622964177812,0.3149429115333727,0.38832723535597324,0.497756082032408,0.5137036911078862,0.7165623328515461,0.6897403065647397,0.17010397730129106,0.08264200761914253,0.20502383687666484,0.5665460409862655,0.2045382283894079,0.4841200092009136,0.6009628027677536,0.13188418799213,0.471528558326619,0.46782028754906996,0.64302562762584,0.07424943787711007,0.2839980807953647,0.06164655302252088,0.38829975575208664,0.2028209673506873,0.15484227899911016,0.1254535141800131,0.014767158244337355,-0.11883129073040825,0.2343754129750388,0.13187014188484422,0.19427703427416937,-0.1303240917623043,-0.019754676946571896,0.014258894004992076
SRR6463090,0,-0.12372543077383723,-0.08367362904495426,-0.06885489076375961,-0.07893657458147832,-0.03765793464013508,-0.10820361426366228,-0.10330387630632945,-0.030684760372553552,-0.11798054299184255,-0.03682226102266993,-0.046390114086014886,-0.13967610469886235,-0.10869354914341654,-0.11047212513429779,-0.11687042244843074,-0.06846687197685242,-0.01634139141866139,-0.14414288635764802,-0.08792810448046241,-0.1139276134116309,-0.11475251342302986,-0.06913748330303601,-0.15363337631736482,-0.02107029301779611,0.13157354002552374,-0.09915530255862645,-0.10491734902773585,-0.09183759508388382,0.022788610442408493,0.10858504560643009,0.0988193481628384,0.32309370108747054,0.45202746401940075,0.5649222156831196,0.6064398335292935,0.7974186688661575,0.9173770653350013,1.0713054237088986,0.35819206493241446,0.32813973844583544,0.5575097533208984,0.7934966731284346,0.3195756381111486,0.8474205881357193,1.0018451777952058,0.28005726881591336,0.8848836677415031,0.7312649765184948,0.8625100978783199,0.40850188370261875,0.6354356450693948,0.2117298288004739,0.6240199282765388,0.4322517365217209,0.3527567165770701,0.34572010008352144,0.21214121087853396,-0.07811168155499867,0.4575359161411013,0.4267939818756921,0.3272119941455977,-0.06380541995167732,-0.01200182523046221,0.39989254836525234
SRR6463092,0,0.04671851173043251,-0.06599949789233506,0.1563035792538098,0.10311266939554896,0.06671406754425593,-0.11602171342487314,-0.10359685675108007,-0.02012424481758249,-0.1271280199289322,-0.058312839525959656,-0.0444704004164253,-0.07606800006968635,0.006767230374472482,-0.10195049749953407,-0.07342737061636788,-0.08018297169889722,0.008199446194339544,-0.07181924155780248,-0.06639732570952869,-0.11220976816756385,-0.10592203103338502,-0.045247363192694526,-0.1523998017821993,0.1544882676431111,0.17553283387262905,0.052750742728156705,-0.10745184256562165,-0.06848596561966198,0.1040843693273408,0.21746017624224936,0.0017244028193610056,0.2852365331990378,0.449595019487398,0.5288205327732223,0.539117389092488,0.7517323642969131,0.930140281362193,0.8965318995927062,0.24427983377661025,0.21749197744897433,0.36990394230399815,0.6974265990512711,0.3117736072412559,0.6499747154968125,0.8279749793665749,0.21381570837859595,0.758222186671836,0.6632091913904462,0.7824933528900146,0.2516996999953075,0.5292874202132225,0.1758140985454832,0.5569710231253079,0.27253298461437225,0.30179798576448646,0.23584215555872237,0.12252825498580933,-0.07542994658329658,0.41113180401069777,0.38600583161626545,0.33958741064582554,-0.06225673854351044,0.016823355640683855,0.3996314374463899
SRR6463094,0,-0.08508511765726975,-0.05654512089677155,-0.07158665359020233,-0.07968614197203092,0.010703785078866141,-0.09742488233106476,-0.11020933091640472,0.03919677569397858,-0.1189665033348969,0.0024577278111662182,0.012119349092245102,-0.05224172558103289,-0.08140717526631695,-0.1025660897472075,-0.0292134237076555,-0.06299687309988908,0.06263652976070132,-0.11203461246831077,-0.03128582179280264,-0.11065214952187878,-0.11025729509336608,-0.03303153333919389,-0.16139001718589238,0.060725536729608266,0.14388446296964372,0.022563769349030087,-0.1078583300113678,-0.08615978434681892,0.060589863785675595,0.19041937376771653,-0.0015866618071283614,0.28677704823868616,0.3976833437170301,0.49549506551453043,0.5831146910786629,0.6797408227409635,0.7848001984613282,0.777694356228624,0.21953463481206978,0.14564710296690464,0.31785753475768225,0.7227361244814736,0.23217306126441276,0.6549070807439941,0.7631328276225499,0.22881487124998653,0.6385978715760368,0.6002851687371731,0.7830496366534915,0.17058553280574934,0.4125422140849488,0.0995022441659655,0.5117600451090506,0.3440666842673506,0.1961997239185231,0.2303053875054632,0.05596575726355825,-0.09321416488715581,0.2951862561915602,0.20708840446812765,0.2769806150879179,-0.12939724432570593,-0.039129960749830515,0.1643039956688881
SRR6463096,0,0.07794846168586186,-0.03362974205187389,0.10648359784058162,0.08951419432248388,0.16751435665147646,-0.11942084399717194,-0.10505546469773565,0.0436197543250663,-0.13286387654287474,-0.05550305066364152,0.008655581357223647,0.03594830845083509,0.047995341276483874,-0.09545358376843589,0.0665508322417736,-0.05429411945598466,0.08262409575815712,0.019151408757482256,-0.01575170244489397,-0.11373438340212617,-0.1146321137036596,0.028104795941284726,-0.15274105966091156,0.1568810295845781,0.15187537776572363,0.20184678584337234,-0.10371141987187522,-0.041379268148115704,0.1599603220820427,0.19346873994384492,-0.0526158543569701,0.23583082375781877,0.399771154991218,0.4833170675805637,0.5198594911822251,0.7156587839126587,0.867488695042474,0.7782189643808773,0.21855791764599936,0.1327817780630929,0.2974927393453462,0.6971646366374833,0.2879992925695011,0.6167144466723714,0.6149410328694752,0.16968858148902655,0.6359138169458934,0.6463413089513779,0.7330048025718757,0.22520065866410732,0.46718486797596726,0.15614856566701615,0.5825667870896203,0.3173407944185393,0.2750590436958841,0.1898460925024535,0.062069566055600135,-0.07205019013157912,0.4072325921484402,0.29748127715928213,0.29124858868973597,-0.09516745379992894,-0.05696604613746915,0.3664350797023092
SRR6463099,1,-0.12289511572037425,-0.03352324006014636,-0.08378242701292038,-0.08701394338692937,-0.09991823030369622,-0.07537106763006055,-0.0857145581394434,-0.08541645480519426,-0.09913285449147224,-0.12287815131380089,-0.07112774465765272,-0.07733889163604804,-0.13397981146616594,-0.11970442656560668,-0.10290348716080189,-0.08673687864627157,-0.04931921299014773,-0.10769003656293664,-0.06680621116954301,-0.08041834408816483,-0.12131001594077263,-0.08500864782503673,-0.08269837531094838,-0.08140582804168973,0.038631495886615345,-0.089744308963418,0.03918553489659514,-0.093335413773145,0.020539846271276474,-0.09538587821381432,0.2694651558995247,0.7473303249904087,0.8837372522268977,0.8607328486229692,0.7937708379966872,1.3001836932131223,1.4407963752746582,1.6356779677527291,1.0288821394954408,1.1584870889782906,1.1395708679088525,1.5678396224975586,0.7290283271244594,1.4299651767526353,1.5814238073570388,0.7854627040880067,1.7319866376263755,1.5587761487279619,1.0663574327315604,1.3091604220015662,1.7446452804974146,0.5291153321574841,1.197496193328074,1.2451355287006922,0.9082036997590747,0.951618533049311,0.7912972420454025,0.5425427885992187,1.0629080667027406,1.2700468567865235,1.2333927622863226,0.8991213025791305,0.5246185500706945,1.7823269367218018
SRR6463102,1,-0.12380613014101982,-0.063239293555463,-0.04972309033785548,-0.10446050882871662,-0.05916355763162885,-0.0854114592127319,-0.06465576136750835,-0.09820276520414543,-0.10415412698473249,-0.11201597018433469,-0.07911833329126239,-0.08954177743622235,-0.1381562692778451,-0.12475731726902138,-0.10341482050716877,-0.11012954930109638,-0.08186351161982332,-0.1170779817870685,-0.10285988047585956,-0.06904813520876425,-0.1138732521545275,-0.10773354050304208,-0.08356737877641406,-0.10209491004102997,0.04025561101402023,-0.11410399765840598,-0.06301650059010301,-0.08359704951622657,-0.014036233802991254,-0.07873511367610522,0.2528503199240991,0.5964718342625669,0.7978821971586773,0.8646188687000956,0.7952385991811752,1.1764377717460905,1.2013496586254664,1.4984459642853056,0.959840714931488,0.9330361373722553,1.0085720430527414,1.2723367937973566,0.5944768339395523,1.353863537311554,1.510001887168203,0.6048835505332265,1.6030493410570281,1.402294635772705,1.0387147111552102,1.070408814719745,1.4096220476286752,0.5290326426870057,1.028902789843934,0.9763589107564518,0.711851495717253,0.7604588679969311,0.721239580639771,0.26161032170057297,0.9053501803427935,1.0572695370231355,0.9086428273696063,0.41232375374862124,0.18369354041559355,1.403482569847256
SRR6463114,1,-0.09811401819544179,-0.06021156142066632,-0.12021677089588982,-0.08285746723413467,-0.058815217310828824,-0.10067418029731405,-0.07597858511975833,-0.09852203178784943,-0.10601066797971725,-0.10881271185020783,-0.07947147903697831,-0.094587914911764,-0.11006244857396398,-0.11388421219973159,-0.10005041025578976,-0.09348892650034811,-0.09521858926330294,-0.1186285178576197,-0.0988693586550653,-0.08447662699368916,-0.11528350110165775,-0.10767779246504817,-0.10481919714116625,-0.07244729410324778,0.10522514259043549,-0.09907883103005588,-0.08084411440151078,-0.09068515604095799,0.05550013396090695,-0.07332150638103485,0.21459161809512547,0.6684976603303637,0.6625560154872281,0.8262164518237114,0.7904034475130695,1.1729294210672379,1.208871407168252,1.3864746178899492,0.720698316182409,0.7368959454553468,1.0460579129202026,1.1036013122648,0.4993509256414005,1.289651744067669,1.5934148132801056,0.6579236188637358,1.4808716848492622,1.2991159217698234,1.1690343820622988,0.9430365972220898,1.3239396598988347,0.5569824539124966,1.093178256813969,0.7895157007234437,0.5756694084307777,0.6438078118621239,0.5531665682792664,0.0793384521135262,0.7077520244887897,0.8636664780122894,0.7172939564500537,0.25084108859300613,0.12227693891951016,1.0832430092351777
SRR6463117,1,-0.12468049116432667,-0.08353566311831985,-0.11582892813852855,-0.1033360841018813,-0.05941641703248024,-0.10452314540244904,-0.09171289817563125,-0.10339387460511976,-0.11631598696112633,-0.12062436734725322,-0.08056024076150996,-0.1231664280806269,-0.12686096451112203,-0.11423094114953918,-0.12388325110077858,-0.08983425037669283,-0.08430774323642254,-0.13489960240466253,-0.11878346831404737,-0.09573519895119327,-0.11695415424765088,-0.09975572369460549,-0.12878360825457744,-0.04250456605638776,0.1568399472827358,-0.08584826333182198,-0.06967277186257499,-0.10790848858388406,0.05564200931361744,0.0026048943400382996,0.1095576382109097,0.5766730947153909,0.5871831656300596,0.6886684713619096,0.7452311309586678,1.0669751295021601,1.100953459739685,1.2041137612291746,0.5455598448004041,0.5648148682500634,0.8285112285188266,0.9722993203571865,0.5197776124945709,1.0616990149553334,1.3140462360211782,0.5501148169860244,1.2989932699128985,1.1186844621385847,1.092334400330271,0.7609256133437157,1.0978852093519111,0.4658892937004566,0.917377737483808,0.6564504887376513,0.4863535091280937,0.5119506442653281,0.32586803287267685,0.05214869976043701,0.5164074626352105,0.6571960204413959,0.5821924337318966,0.17324956825801305,0.0801717724118914,0.8958229662052223
SRR6463122,0,0.16593775206378528,0.01028520059272913,0.20505998177187784,0.12919480872473546,0.1573758843754019,-0.10813934528934104,-0.09185301592307431,0.14152390220468597,-0.11578440134014402,0.056439289868909066,0.06213547209543841,0.06924766834293093,0.04351324588060379,-0.06335502596838134,0.08840220790755536,-0.05223961387361799,0.15065972668318345,-0.031077133757727488,0.027426835540349463,-0.09811920592827457,-0.1110777677302914,0.027336865397436277,-0.13327894413045474,0.2071555256843567,0.17839287776899124,0.16280913831932203,-0.10617890634707042,0.004662783683410713,0.16619242461664335,0.3412455655634403,-0.03132396936416626,0.262802674302033,0.3392443944300924,0.4433490623320852,0.4736304740820612,0.5969681079898562,0.8295878587024552,0.7844312829630715,0.15482256348643983,0.11949126721758928,0.24603719583579473,0.6435001567006111,0.22854380682110786,0.5179755645138877,0.6007299976689475,0.12734330851318582,0.551166278177074,0.5286475566348859,0.7372608610561916,0.15102839476561972,0.3797927287274173,0.08762949598687035,0.5012037743415151,0.24397789261170796,0.21993989018457277,0.1592045570058482,0.03000949110303606,-0.08517601953021117,0.3007453445877348,0.21476493822410703,0.2936576306819916,-0.10194508518491473,0.010990414236273085,0.1871502473950386
SRR6463123,0,0.03261064578379903,-0.01115459283547742,0.05046038755348751,0.10733847745827266,0.13310061714478902,-0.10564858122130058,-0.10699203450764928,0.14712228359920637,-0.12477206119469234,0.057301384795989306,0.027504289655813148,0.06896703690290451,0.05619637708046606,-0.10326904537422317,0.104932715850217,-0.008715291108403887,0.10664155606978706,0.033132776618003845,0.008734601416758128,-0.11121421839509692,-0.1137747804501227,0.10538122802972794,-0.12249289719121796,0.23548691613333567,0.16910600675536053,0.2898030238492148,-0.09750771149992943,-0.017141439286725863,0.17492800738130296,0.3062140185918127,-0.057156267534342726,0.1631527000239917,0.31875928225261824,0.40058704572064535,0.4657155190195356,0.5407800344484193,0.7339834182390145,0.6843677413250718,0.15908026695251465,0.03819867329938071,0.1661801604287965,0.5603996472699302,0.19937488782618726,0.4407672573413168,0.5231940794203963,0.12899081142885344,0.436368676168578,0.4666756162686007,0.5944112454141889,0.08568477577396802,0.2763754821249417,0.0727974112544741,0.42535845722470966,0.21061896532773972,0.16858840733766556,0.12617381289601326,0.011272017977067403,-0.11790057591029576,0.2809898853302002,0.13937736036522047,0.1796940022281238,-0.12531128020158835,-0.044585036379950385,0.030392885208129883
SRR6463124,0,0.5769113898277283,0.17318871170365518,0.43464894060577663,0.4050584350313459,0.4356919244996139,-0.10926858788090092,-0.028566628162349974,0.5081853035704366,-0.10995854756661824,0.20818647682816455,0.18146502998258388,0.4573760149734361,0.25794084476573126,-0.040400958486965725,0.5130734454308238,0.04463677347770759,0.3316471225864786,0.19674615349088395,0.16188449941442482,-0.009022359869309835,-0.11858248710632324,0.3257116908207536,-0.029710330069065094,0.5034191211951631,0.2852166199258396,0.6626288044665541,-0.05761896712439401,0.18495898773627623,0.4072656322802816,0.49913068222148077,-0.07057762944272586,0.20119864280734742,0.20316338139985288,0.26069885093186584,0.3061038755944797,0.3739406721932547,0.6614654308983258,0.6623632098947253,0.1480974704027176,0.027018446076129164,0.08323538303375244,0.444011994770595,0.22392666047172888,0.33722347925816265,0.3561476990580559,0.0685358471237123,0.3270898791296141,0.3941303491592407,0.5042560936084816,0.10907382518053055,0.20937631385666983,0.07195434080702919,0.38293889111706186,0.18166156033320086,0.15587659632521017,0.004040090633290154,-0.056095900546227186,-0.11575707833149604,0.22016597352921963,0.08310572457100664,0.14898286440542766,-0.1198432557284832,-0.028068292353834425,-0.04942250358206885
SRR6463125,0,0.11617907668863024,0.032636690485690324,0.12324652607951846,0.0785129118178572,0.15684813420687402,-0.09918967368347305,-0.09930434131196567,0.20475663297942706,-0.11081792094877788,0.09261877728360039,0.10663256368466786,0.07314895412751607,0.022664882774863924,-0.06539189655865942,0.13033321553042956,-0.040983417204448154,0.1815499330405146,-0.027191807116780962,0.030628927451159273,-0.0860236424154469,-0.11427979124709964,0.039664359497172494,-0.13893825514242053,0.20375535730272532,0.1674136540719441,0.20960395596921444,-0.09930844471922942,0.0020771255450589316,0.139823691919446,0.29637474407042774,-0.025043744460812638,0.2246136377964701,0.3112424521573952,0.416945180190461,0.4708197521311896,0.5816033748643739,0.7768877938921962,0.7559764652313399,0.1782937619302954,0.06696984464568752,0.19439963357789175,0.6628186692084584,0.19854138046503067,0.47115522024354767,0.5950074323586055,0.1444083443576736,0.520897101610899,0.49916499573737383,0.6546088510325977,0.12440465683383602,0.3010148284956813,0.0683802387544087,0.45632189192942213,0.2610734903386661,0.1845825000533036,0.14129025302827358,0.0010928806981870107,-0.10032220610550471,0.27206722646951675,0.16149585960166796,0.22024330869317055,-0.1290012358554772,-0.03859181808573859,0.0784718282520771
SRR6463141,1,-0.09293427477989878,-0.005411356820591858,-0.12771076868687356,-0.06767454517206975,-0.04872514573591096,-0.0775660676465902,-0.07135622096913201,-0.07935206066550952,-0.0977836252589311,-0.11086991635550346,-0.08355512283742428,-0.08142443081097943,-0.12429591694048472,-0.11157964632314231,-0.09760556113906205,-0.10084702699844326,-0.07948054532919611,-0.10585808647530419,-0.047552693369133134,-0.07036790783916201,-0.12062496207987092,-0.08705365870680128,-0.07001184319545116,-0.10242701108966555,0.09474812554461616,-0.10087950550951064,-0.018733933035816466,-0.10852113898311343,-0.02706287508564336,-0.13373763007777079,0.2192767464688846,0.7161261028876262,0.8419627802712577,0.8121739774942398,0.9598630205062884,1.247307418712548,1.3010841522897993,1.4232735165527888,1.070579957216978,1.2053264986191476,1.0975371881255083,1.4918243629591805,0.5978985279798508,1.4021820213113512,1.6536904317992074,0.7409603638308389,1.7759476857525962,1.5891209074429102,1.1427051573991776,1.1538904756307602,1.7009915709495544,0.5197712840246302,1.131384763866663,1.3081106202942985,0.8033748766673463,0.9184719898871013,0.8329617455601692,0.5801104985709701,1.007044811866113,1.1972159437303032,1.2256618993622916,0.744115092924663,0.473443335720471,1.7549430174486977
SRR6463142,1,-0.11364584043622017,-0.11506607543144907,-0.11538978985377721,-0.12507567767586028,-0.06582115484135491,-0.09316237896148648,-0.10597100960356849,-0.10662868964884963,-0.11357219597058636,-0.10572572025869574,-0.09391415172389575,-0.10914299424205508,-0.14034686450447356,-0.12493121331291539,-0.11912106456501144,-0.07454471609422139,-0.07813609364841666,-0.15450307088238852,-0.08073860992278371,-0.10260429978370667,-0.11024787995432105,-0.09141581292663302,-0.13566759122269495,-0.05598716863564083,0.1468302644789219,-0.09354562312364578,-0.08665357789556895,-0.1275369886841093,0.020997166633605957,0.04336427291855216,0.10701022243925504,0.4616193579775946,0.5469277528838055,0.5711658024894339,0.7724246286920139,0.712844688977514,0.8289185613393784,0.9022720221962247,0.41384132020175457,0.38178645659770283,0.4893778104867254,0.8792875994529042,0.3281311041542462,0.8677819488304002,1.1931495389768056,0.3567535552595343,0.9445839302082147,0.9057689301137414,0.8998146025197846,0.3502457048743963,0.7503734976053238,0.20844321006110736,0.650907749576228,0.6933996831732137,0.17088326705353601,0.35565254810665337,0.24272052784051215,0.015551837826413768,0.45200893336108755,0.2959651295095682,0.4584719772849764,0.02120926763330187,-0.07332960090466908,0.5396450428026063
SRR6463146,1,-0.1158177959067481,-0.11749529452728373,-0.11075854727200099,-0.11334549582430295,-0.06416080785649163,-0.09673146504376616,-0.11858948639460973,-0.0687188378402165,-0.1337529154760497,-0.06040326080151966,-0.07800697455448764,-0.14261699042149953,-0.12105899623462132,-0.13223569627319062,-0.11714011643614088,-0.09242049711091178,-0.06365950512034553,-0.14453440265996115,-0.12088169902563095,-0.11578186521572727,-0.132009391273771,-0.08376810486827578,-0.14342122205666133,-0.034375338682106564,0.09963537193834782,-0.0793265136224883,-0.10707315306977502,-0.11718579767537969,0.0010798621390547072,0.03821678512862751,0.00017348304390907288,0.2494080737233162,0.482203198330743,0.576039695846183,0.6689796954326864,0.6410711407661438,0.7801995633968285,0.8074309964265142,0.30759093537926674,0.1762545539864472,0.36458159663847517,0.7950837960732835,0.2669529608849968,0.744316749806915,0.9355321505240032,0.296232172953231,0.7922533077320882,0.7461855124150004,0.6933621114918164,0.3240678480693272,0.6696127647800105,0.11084132827818394,0.46336381669555393,0.47206616933856693,0.20363356918096542,0.29345591871866156,0.21577715767281397,-0.05282953966941152,0.4896871160183634,0.31479442971093313,0.2688123637012073,-0.10872590754713331,-0.061718086046831946,0.2961787389857428
SRR6463148,1,-0.11959961801767349,-0.08511255920997687,-0.11157111557466644,-0.09882827209574836,-0.04613071201103074,-0.07679384627512523,-0.11273219848849944,0.017175206981067146,-0.11917899761881147,-0.002666794096252748,-0.031480113310473304,-0.126982717109578,-0.11515659599431924,-0.10951630797769342,-0.1005817742219993,-0.06182473685060229,-0.010514836492283004,-0.15608574450016022,-0.08712357695081405,-0.11631042616707939,-0.11502918976891253,-0.026434593967029026,-0.15363348701170512,0.015182426465409142,0.15928526009832109,-0.06562415829726628,-0.10381913550996355,-0.09126968269369432,0.04045437861766134,0.18833966233900615,0.07576370505349976,0.30274278457675663,0.3973230708922659,0.5205388830176422,0.585866775895868,0.6869729331561497,0.7738687949521201,0.8748395113008363,0.2825969649212701,0.1999073028564453,0.41274879447051455,0.676187239587307,0.22804459849638598,0.6878702927912984,0.9220214773501668,0.25512348587757777,0.7120889584933009,0.6100882845265525,0.759341972214835,0.27329188851373537,0.4624151975980827,0.13851734357220785,0.5134755851966994,0.38224193746490137,0.22858285212091037,0.25941178748118027,0.11845129036477633,-0.10203771931784493,0.33853004234177725,0.22057364215808256,0.25017256209892885,-0.12277372713599886,-0.03665997087955475,0.11298548829342638
SRR6463150,1,-0.1192788944712707,-0.10170010610350541,-0.13355525583028793,-0.07278400553124291,-0.05696385194148336,-0.11036931670137815,-0.10473579673894814,-0.0760197282901832,-0.13159009282078063,-0.07160536199808121,-0.08789156696626119,-0.14244247547217778,-0.12445846625736781,-0.09498913526268941,-0.13507870265415736,-0.08447922766208649,-0.04729715841157096,-0.14768661984375545,-0.12415270773427826,-0.12916596233844757,-0.11358181626668998,-0.046360333051000326,-0.15770950061934336,0.006723607225077493,0.15463572527681077,-0.06325887755623885,-0.1079539765903194,-0.09904149733483791,0.06422974275691169,0.06402420146124703,0.0034712787185396466,0.30966027613197056,0.4560645027086139,0.5414056171263967,0.6181447000375816,0.7256180260862622,0.8684890270233154,0.8498075040323394,0.2875796833208629,0.23130072333983012,0.3847841726882117,0.6708310672215053,0.29510106718433754,0.745581046811172,0.9308293440512249,0.31220103667250704,0.8145980089902878,0.7166628912091255,0.8036251861069884,0.2726459614932537,0.54349420858281,0.1860480167503868,0.46896365923540934,0.3171934730240277,0.22172087643827712,0.2779679021665028,0.19784261392695562,-0.07554370484181813,0.3348896822759083,0.3339015862771443,0.3609582558274269,-0.0798023199396474,-0.05765404791704246,0.2857023947206991
SRR6463152,1,-0.02943458833864757,-0.010069699957966805,-0.016059877617018565,0.029262086043932607,0.046176609716245105,-0.10608683579734393,-0.10749244237584728,0.18405795948846,-0.12226829358509608,0.05969512675489698,0.010982229640441281,0.07302943670323916,-0.018902539674724852,-0.0903599899528282,0.05576010713619845,-0.038236363657883236,0.09626526425459556,-0.017774950180734907,0.0023079469267811093,-0.1106135972908565,-0.11616664260093655,0.0782063105808837,-0.12797644894037927,0.18270176316478423,0.2055798231491021,0.2162399845463889,-0.10005055500992707,-0.03525769231574876,0.1616950977061476,0.3164696448615619,-0.04211405558245523,0.1694399192929268,0.2898467754546021,0.37107539815562113,0.4798015835029738,0.48631754517555237,0.6709303227918488,0.6066847773534911,0.1187061635511262,0.034517940665994375,0.14224351889320783,0.488403357565403,0.20183019499693597,0.45125046585287365,0.5185643232294491,0.1124619031990213,0.37125124296705636,0.46066116195704254,0.6132980076862233,0.03675066999026707,0.2904870573963438,0.049928599170276096,0.3819740286895207,0.19907607031720026,0.1198722565812724,0.11531136451022965,0.003986985023532595,-0.1156618595123291,0.1861358338168689,0.12270787970295974,0.2114425485155412,-0.12410654952483517,-0.029352149793079922,-0.00010888358311993735
SRR6463160,1,-0.10203548467585019,-0.09092611679807305,-0.11707086807915143,-0.09625467445169177,-0.0640310559953962,-0.09007716695071265,-0.07175046032560724,-0.09822745759239686,-0.10789364443293639,-0.1192716583609581,-0.0703542163329465,-0.104716138115951,-0.12751409358211926,-0.11987374126744856,-0.10368237591215543,-0.10748840289722596,-0.10443483399493354,-0.11938157996961049,-0.09918479381927423,-0.08339019106434924,-0.11114047892624512,-0.10375686921179295,-0.09055849397554994,-0.08937822867717062,0.11893488087558321,-0.09754921402782202,-0.07483416050672531,-0.09638753613190991,-0.0191034624086959,-0.0783203834933894,0.26088094739576,0.6582656404934824,0.7409202264887946,0.7298647676195417,0.818417951464653,1.1591759834970747,1.1558279288666589,1.3660097058330263,0.8579564073256084,0.7829870246350765,0.8803018980792591,1.1753154226711817,0.4963285561118807,1.2126559881227357,1.5593300185033254,0.6113156468740532,1.5067139430237668,1.2887291823114668,1.132340734558446,0.8774940626961845,1.2772785020726067,0.49036918700273546,0.9191752661551748,0.9408244703497205,0.5882853008806705,0.6361568442412785,0.5366235268967492,0.17144657458577836,0.7889194402045437,0.8845514506101608,0.7910338797207389,0.3354629746505192,0.09980646520853043,1.2196310769234384
SRR6463161,1,-0.12171219715050288,-0.09762333014181682,-0.10384570168597358,-0.09333710510483277,-0.0643556724701609,-0.08747508110744613,-0.1185595765709877,-0.02816984589610781,-0.11657902012978281,-0.02690717045749937,-0.044683191393102915,-0.11422091616051537,-0.09453280988548483,-0.1353674264890807,-0.11845623542155538,-0.061198568769863675,-0.042838447860309055,-0.10366142221859523,-0.09020763422761645,-0.1276629524571555,-0.12406894937157631,-0.03853038538779531,-0.14348000128354346,0.01591102353164128,0.11656687461904117,-0.0095704442688397,-0.1164976917207241,-0.07091385338987623,0.0006852695452315467,0.1425362548657826,0.03631373601300376,0.2195769835795675,0.4696402829140425,0.5347999525921685,0.6145582769864372,0.5934109794242042,0.7956316039697933,0.7881436363926956,0.321559907070228,0.14255507742719992,0.2598150904689516,0.7220176639301437,0.19268283993005753,0.6443597154159632,0.8500108005745071,0.20219245074050768,0.7460858789937836,0.6826028227806091,0.649267181221928,0.1783456690609455,0.4768776372075081,0.06603785950158324,0.43730025365948677,0.38516667558412465,0.19306940206193499,0.300214378961495,0.12638539182288305,-0.06858661557946887,0.4242911485822073,0.2615048273333481,0.2633271371679647,-0.11706029730183738,-0.08202619105577469,0.3009305489914758
SRR6463176,1,-0.12009094522467681,-0.10203093253741306,-0.12882535478898458,-0.09954824564712388,-0.02715068683028221,-0.10327025559464735,-0.09713673335500062,-0.08696357320461955,-0.11924467076148305,-0.10818726264655457,-0.060340737125703266,-0.13513053953647614,-0.11175932575549398,-0.0989343702260937,-0.14166911212461336,-0.10357592334704739,-0.05292038380035332,-0.14801519364118576,-0.11700273850666625,-0.10532204700367791,-0.10609494801610708,-0.06468295731714793,-0.14008558222225734,0.03387732324855668,0.13759527395346335,-0.06304718128272466,-0.09378675730632884,-0.11817344510927796,0.09627488894121987,0.05494379145758493,-0.05277620894568307,0.40739423994507107,0.4515968078464669,0.582061265196119,0.7274776250123978,0.8655289943729129,0.965742404971804,0.7620235447372709,0.27701021996991976,0.25374759627240046,0.49847071511404856,0.8412098843338234,0.31432609872094225,0.7686536296137741,1.0233627366168159,0.43353306422276155,0.9163737909070083,0.8196086351360593,0.943677048598017,0.2963181787303516,0.6429191524428981,0.22782338543662004,0.616767803473132,0.44211250650031225,0.24744155736906187,0.3076500621225153,0.16172984136002405,-0.001874550644840513,0.2742252467599298,0.3033424701009478,0.4099218802792685,-0.05678032764366695,-0.042584030223744254,0.42998773604631424
SRR6463178,1,-0.08755356299557857,-0.06834614669371929,-0.1099259379718985,-0.07174129358359746,-0.0939416688467775,-0.07642132282489911,-0.07142352286194052,-0.07437655513474185,-0.10585116116063935,-0.10935517959296703,-0.07157605620367187,-0.08571800296860081,-0.12727225997618266,-0.1071500538465833,-0.08787108202730971,-0.10215295548550785,-0.11430462529616696,-0.10706273512914777,-0.08148212345050913,-0.08033386577985116,-0.11606863634993456,-0.09960662892886571,-0.07658274812690381,-0.08761871393237795,0.17760895192623138,-0.09192545890774843,-0.044597077050379345,-0.07561688338007246,-0.02928396686911583,-0.117976483689355,0.22770328606878007,0.7814490316169602,0.807527166392122,0.7533349682177816,0.8743052929639816,1.190317302942276,1.1371265330484934,1.3311637107815062,0.9341461881995201,1.054498806063618,1.0761156092797006,1.168199313538415,0.5159020317452294,1.3360566752297538,1.757787277655942,0.7841349041887692,1.6698748235191618,1.4957238946642195,1.073697027351175,1.1079299013529504,1.5770146208150047,0.6777928836111512,0.969601317175797,1.0101375941719328,0.7436686019812312,0.8464324761714254,0.7781250732285636,0.2866176992122616,0.9602305585784572,1.1910398538623537,1.0338113840137209,0.575880271515676,0.2889010097299303,1.5913607435567039
SRR6463179,1,-0.12884093554956572,-0.052390041877515614,-0.07628312919821058,-0.07818869594484568,-0.03558354079723358,-0.06832465934115005,-0.06791403157902616,-0.09697839165788277,-0.09284154591815812,-0.09834475784113497,-0.0891336447426251,-0.08055897855332919,-0.13846341094800405,-0.1197745305170039,-0.08782374779028553,-0.09340793546289206,-0.03905252646654844,-0.10394427073853356,-0.07786108237425131,-0.09762651293671556,-0.11791183508362987,-0.061603946212146966,-0.0851383366888123,-0.0745935304689088,-0.021048033726401627,-0.11682161223143339,-0.041576936707964966,-0.09517688763194851,0.02580599327172552,-0.11685279331036977,0.2572242571040988,0.6896768696606159,0.8354610534650939,0.8210744261741638,0.7100108202014651,1.1904877408274583,1.4530038322721208,1.4461763841765267,1.025105316724096,1.3524606174656324,0.968113685292857,1.6664912445204598,0.6196772860629218,1.3697225494044167,1.4596904420426913,0.6990873494318554,1.799896287066596,1.572583190032414,0.9743962926524026,1.2400118219000953,1.6320721677371435,0.4583706383460334,1.1809242995721954,1.1351273049201285,0.8439309022256306,0.739470970417772,0.9221405333706311,0.7089664536927428,1.064296308372702,1.1173891052603722,1.2333020206008638,0.9225799813866615,0.5242568541850362,1.7732070636536394
SRR6463189,1,-0.09319685133440155,-0.09772030902760369,-0.10728865010397774,-0.08451072206454617,-0.08996906557253428,-0.09465060223426137,-0.09759477313075747,-0.10387560193027769,-0.1187646109610796,-0.13344980563436235,-0.08406068650739533,-0.10564913281372615,-0.118838903095041,-0.12821234815887042,-0.10238680110446044,-0.1030077151954174,-0.11673912884933609,-0.11445334713373866,-0.09893623845917839,-0.09692011480884892,-0.12131038627454213,-0.11775049247911998,-0.10553064942359924,-0.09648281868015017,0.11272037242140089,-0.10957091035587448,-0.06715127240334239,-0.10973647609353065,-0.014915457926690578,-0.0517930288666061,0.23458240500518254,0.5762120953627995,0.6600080877542496,0.767585606447288,0.8335110923009259,1.0304241201707296,1.0913239227873939,1.3404643844280923,0.735688750232969,0.6843870537621635,0.9556805693677494,1.0784758159092493,0.451670446566173,1.232897190111024,1.4273500165769033,0.5651270111224481,1.329350474689688,1.2062305850642068,1.0466041682021958,0.7910123361008508,1.265732403977641,0.5049602006162915,0.9346232802740165,0.8252911993435451,0.5520775211708886,0.6297015599640352,0.5404903228793826,0.055507167375513485,0.752004054508039,0.9010064836059298,0.6697306505271367,0.21324070223740169,0.08865972448672567,1.1717284555946077
SRR6463192,1,-0.09780682330685002,-0.031903663384062905,-0.10517446803195137,-0.08568721304514579,-0.1101691664329597,-0.0881874643964693,-0.0761234959853547,-0.07057378820276686,-0.10174744695957218,-0.11109109818270164,-0.08529372034328324,-0.07627135315643889,-0.12413239904812404,-0.09199659351725131,-0.09335073276555964,-0.10901812908040094,-0.09796142418469701,-0.10613373620435596,-0.0516744328529707,-0.0487856012103813,-0.12263497723532575,-0.09999871400317975,-0.07090021994164479,-0.1031063161790371,0.1470894540127899,-0.1063047705351242,-0.03732944918530328,-0.0769706094371421,-0.04904676973819733,-0.1109853410827262,0.2522983208099114,0.7278885248649333,0.9107054195233754,0.773108956004892,0.8806082185889993,1.3146494797297887,1.2642105434622084,1.5292250428880965,1.1385951404060637,1.2186899312904902,1.1562783505235399,1.3332703156130654,0.6049400823456901,1.387647420167923,1.7337193643408162,0.7662006659167153,1.8197922110557556,1.5493872676576887,1.102266741650445,1.2229942364751227,1.7761539561407906,0.6623670692123207,0.9909501458917346,1.3559096870677811,1.025810350530914,0.9982677304318973,0.9050815424748829,0.46217505873313974,1.1663972663560085,1.4000749353851591,1.174174482801131,0.762667893831219,0.470729584140437,1.9573406332305499
SRR6463196,0,-0.12000849257622447,-0.0805863510634351,-0.03545333764382771,-0.09100174584559031,-0.028817025678498403,-0.10140589802176692,-0.09521906962618232,-0.052199811560318006,-0.10867409035563469,-0.07588786483496993,-0.05442404906664576,-0.1331054142543248,-0.10943196926798139,-0.11418840388900467,-0.12867391748087748,-0.08456915430724621,-0.017449349697147096,-0.14614022097417287,-0.11465430672147445,-0.10183080711535045,-0.10905259304854553,-0.08286504394241742,-0.13127520753602898,-0.028666581426348006,0.07512647911374058,-0.10052197107246943,-0.09709175250359944,-0.10259818511881999,0.06491970696619578,0.07181246259382792,0.09901344456842967,0.49623727266277584,0.5292018550847258,0.6970698439649173,0.6682249414069312,1.0473669980253493,1.0920582583972387,1.2726724254233497,0.48014394513198305,0.5040277907890933,0.8215505523341042,1.010942382471902,0.4043364370507853,0.954937391515289,1.2257987633347511,0.43168124303753885,1.1308047462786948,0.9566886978490012,1.065633020230702,0.702283193490335,0.909355063523565,0.3600030988454819,0.8712479658424854,0.5618992064680371,0.4588882327079773,0.4590842526938234,0.29630315702940735,0.008721303726945604,0.46118701568671633,0.5151818548994405,0.48041013947554995,0.04183557629585266,0.0417985873562949,0.6251983091767345
SRR6463198,0,0.15796328814966337,0.011882199142876613,0.2348145086850439,0.13817291946283408,0.12291208654642105,-0.10829132998229138,-0.09184963395819068,0.16016099354185695,-0.12085778053317751,0.0617085772329509,0.08375902926283223,-0.005374581686088017,0.04181192788694586,-0.06591763240950448,0.09556373634508677,-0.05709135652120624,0.16923938336549327,-0.0670652517250606,0.014237729790953122,-0.09690123423933983,-0.11054800824162417,0.018982946340526854,-0.12332161808652538,0.1952223466443164,0.1771955649767603,0.10376193387699979,-0.09294979646801949,0.03307404009891408,0.15737084232802903,0.2971060925296375,-0.010003797177757536,0.2621867688638823,0.33629245151366505,0.4113441061760698,0.4227459944252457,0.646195470222405,0.9003521384937423,0.8803214696901185,0.18786289649350302,0.15225840506276914,0.3148858440773828,0.6661116874643734,0.2510137989052704,0.5221721945064408,0.6447305477091244,0.15057020255231432,0.5784861285771642,0.5068472592559244,0.6899286923663956,0.23139245488813945,0.38178419947092024,0.1530299974339349,0.502603819327695,0.22458633886916296,0.2745129716183458,0.12852029289518083,0.03072605388505118,-0.0831754037312099,0.34292292488472803,0.24890324100852013,0.20772898343524762,-0.11117922221975667,-0.018620612365858897,0.13542843290737697
SRR6463200,0,-0.05986152110355241,-0.06912321650556155,-0.045944188854524066,-0.01686087330537183,0.012520745928798403,-0.08863580492990357,-0.11406796398971762,0.07114785084767002,-0.12578011836324418,-0.005424518936446735,0.010344222986272402,-0.04139634487884385,-0.038993577872003825,-0.11117535829544067,-0.007964707378830229,-0.045168546826711724,0.07381463290325233,-0.0685090252331325,-0.030197824551058666,-0.12015496008098125,-0.11001916828432254,0.02649451925286225,-0.15441809594631195,0.12397384643554688,0.14915573969483376,0.11813729149954659,-0.10520084095852715,-0.08706508310777801,0.07976552923875195,0.2500006364924567,-0.04349604249000549,0.18855765461921692,0.3592462079333408,0.44166004970403655,0.55181620908635,0.6079181411436626,0.7574900069407055,0.7182821544951626,0.18186742147164686,0.07383803564256855,0.23797251816306794,0.6430528036185673,0.18254273704120091,0.5061697789600917,0.6545808027897563,0.17144383969051497,0.5354881478207452,0.5355853965239865,0.7135743403009006,0.09880518913269043,0.32973987768803326,0.07488127265657697,0.4293144079191344,0.27166604144232614,0.15050413832068443,0.1940242350101471,-0.007373784801789692,-0.09968179251466479,0.22644580262047903,0.14919391806636537,0.21547073109208473,-0.13789859360882215,-0.0675284740115915,0.05594432620065553
SRR6463202,0,0.5725671036967209,0.22564929496313976,0.40284164782081333,0.3101222866347858,0.30676813556679655,-0.07944851395274911,-0.004143462782459599,0.5115493694403475,-0.09039514511823654,0.2320264041326092,0.25976502682481495,0.30568829897258964,0.21269522527498858,-0.017480096646717617,0.3983308385525431,-0.014887904482228416,0.4097329041188849,0.07624329200812749,0.17350711986572215,0.01700097428900855,-0.11233985769961562,0.16997605402554786,-0.0009212807885238103,0.5653969906270504,0.3362454096121447,0.4541031861943858,-0.06927252081888062,0.3325232568063906,0.4033955750720842,0.38925483503511976,0.04260737485102644,0.3377949542232922,0.1736372356036944,0.24933561882270233,0.2924698446877301,0.39132421583469423,0.9254626541265419,0.7592423238924572,0.16166607396943228,0.10608309134840965,0.10432584903069905,0.5337670434798513,0.22334197802203043,0.23178756702691317,0.3977011415575232,0.1194659269281796,0.45556602094854626,0.38364362716674805,0.4216241601555209,0.16237966769507953,0.16300784211073602,0.09305124623434884,0.48041449167898725,0.1355386142219816,0.25839955679007937,-0.058330003704343526,-0.03271301303591047,-0.08339347477470126,0.323169685368027,0.0957133866114808,0.13650878784911974,-0.10633545901094164,-0.022720449471047947,0.1119786123079913
SRR6463208,0,-0.11240478711468833,-0.0885390422440001,-0.0859890388590949,-0.09989396802016667,-0.022613859070198878,-0.08964815948690687,-0.10866427554615907,-0.013711467651384217,-0.12099841183849744,-0.0670563985726663,-0.027078542858362198,-0.09129977864878518,-0.10037385246583394,-0.10769685144935336,-0.08735433593392372,-0.0874282398394176,0.010736990320895399,-0.13435799947806767,-0.07870752736926079,-0.11633449446942125,-0.11243301969287652,-0.05548164142029626,-0.15962376126221248,0.03102850168943405,0.1278111506253481,-0.042407310966934474,-0.10895404113190514,-0.09849065355956554,0.03529217413493565,0.096809957309493,0.030659071568931853,0.2990424893796444,0.44460420097623554,0.5360916198364326,0.6343275387106198,0.7542132948126111,0.8687509979520526,0.8753805777856282,0.3099487418574946,0.20959435350128583,0.38211870725665775,0.8198084168668304,0.2776228780192988,0.7432642323630196,0.8623548565166337,0.25644114427268505,0.7487625351973942,0.6821324966315713,0.8233244195580482,0.25352214170353754,0.49082006035106523,0.14784769594137157,0.5560277423688343,0.4422237426042557,0.23587040453484015,0.2675736080855131,0.08469133577974779,-0.08079295924731664,0.3529433310031891,0.2689295384500708,0.312089387859617,-0.10881138859050614,-0.059074822281088145,0.2879315949976444
SRR6463213,1,-0.11221765301057271,-0.10547695076093078,-0.06340571439691953,-0.11873993862952505,-0.12677069966282165,-0.0953749916266783,-0.09984360768326692,-0.09345296936641846,-0.11423416914684432,-0.09739816701039672,-0.06097943176116262,-0.12476893727268491,-0.1266642569431237,-0.11583742695594472,-0.10910814654614244,-0.0713522654425885,-0.0803683272429875,-0.1333535515836307,-0.08937219380667168,-0.0998820188854422,-0.10655014270118304,-0.0902146388377462,-0.11894598410331778,-0.04800135003668921,0.2036531823022025,-0.09926194750836917,-0.058729810640215874,-0.09619269227342946,-0.017836585640907288,0.0697673446099673,0.309997989663056,0.630107442183154,0.6604845744690725,0.5988774331552642,0.7316114878548043,0.8114281914063862,0.9032920471259526,1.2985888903162308,0.6139758207968303,0.5721229612827301,0.7690859266689846,0.9368174906287875,0.3610909219299044,0.9453061733927045,1.339104250073433,0.3890064624803407,1.1393951047211885,0.9511980265378952,0.9847652326737132,0.6659047497170312,0.9824562237731048,0.40804459154605865,0.8296904457466943,0.7413666379704539,0.4544970169663429,0.5448551789990493,0.3178603393690927,-0.010562656713383538,0.6276285430150372,0.63390116500003,0.5141717669154916,0.11334033629723958,0.005134434306195804,0.764934914452689
SRR6463215,1,-0.09720766437905175,-0.07357509773490685,-0.11695758146899086,-0.09508789703249931,-0.12327038709606443,-0.09488681819389708,-0.09047647884913854,-0.07914849384022611,-0.10622352335069861,-0.12220657709985971,-0.06852432500038828,-0.08982829829411847,-0.12684655508824758,-0.10959987726528198,-0.10076822340488434,-0.10870411513107163,-0.10125591925212316,-0.11255969320024763,-0.07889626680740289,-0.07358452710988266,-0.11648318294568785,-0.11074100301734038,-0.08603636544596936,-0.10170434708041805,0.1665182891967041,-0.0914651005129729,-0.0467066972383431,-0.07790770641128932,-0.03720323209251676,-0.05277792204703603,0.26451539115181993,0.7160211226769856,0.8230504893830844,0.7668088557464736,0.8008825082298634,1.161988051874297,1.1546104007533617,1.434813842177391,0.9721168088061469,0.8819223610418183,1.0866870571460043,1.1386290618351527,0.5518263557127544,1.27257182768413,1.6687859275511332,0.6886937325554234,1.5643983749406678,1.375382913010461,1.1874958383185523,0.9829196908644268,1.5523072523730141,0.6609428957370775,1.0356368483709437,1.159481370555503,0.7773243524134159,0.7887194422738892,0.6125474114503179,0.1954708727342742,0.9577117499762348,1.208911465747016,0.8552495038269886,0.5438244598252433,0.24320918640920094,1.5373243048254932
SRR6463217,1,-0.11325785517692566,-0.04602234143697258,-0.1015663000621966,-0.08211216942540236,-0.06694851496389934,-0.06905903740049066,-0.06666468176990747,-0.0871162665342646,-0.09423726903540748,-0.11492853203422523,-0.06518208658599178,-0.07375118655285665,-0.1357886040849345,-0.12211473701297239,-0.09691228511344109,-0.09136065135576896,-0.05986361631325313,-0.10514624709529537,-0.06905747461132705,-0.07595208124257624,-0.10692189117669061,-0.0936571459418961,-0.06777150591369718,-0.10020284534298948,-0.001521924602067364,-0.10587585611002785,-0.011710671441895621,-0.09365743604887809,-0.007784448830144746,-0.10641888342797756,0.2709804344922304,0.7454337509615081,0.8740897104144096,0.9189833242978368,0.9377223543290581,1.3421165623835154,1.3695705107280187,1.5611557215452194,1.1083006773676192,1.149745958192008,1.1559748527194773,1.4965368594442094,0.6644217563526971,1.4335203000477381,1.6469811467187745,0.7175832608980792,1.7786107914788383,1.692353708403451,1.1578080611569541,1.195576012134552,1.7731493285724096,0.5513174723434661,1.1995458395353384,1.177212013729981,0.7704982832074165,0.9277412226157529,0.8261422131742749,0.5401697750868542,0.9513235623016953,1.169848980648177,1.1341839177267892,0.7103733212820121,0.38090325625879423,1.7239972714866911
SRR6463221,0,0.0009146306131567274,-0.02346771860694779,0.0615345761179924,0.011847492207639984,0.04154385519879205,-0.10066982425217118,-0.10413076289530311,0.08154246803107006,-0.11165789089032582,0.044245488941669464,0.0663517891828503,-0.03830626836445715,-0.03323191297905786,-0.07990122373614993,0.017127174884080887,-0.055130679958633015,0.11922968997220908,-0.09254809149674006,0.001406165970755475,-0.10336750373244286,-0.10795323444264275,-0.014536872506141663,-0.15060718251126154,0.10502435586282186,0.12460253068378993,0.02361753157206944,-0.1137935072183609,-0.04352572001516819,0.09542218063558851,0.22158162934439524,0.01643663485135351,0.2797696776688099,0.3955725846546037,0.45648723787495066,0.4985938005681549,0.6871695731367383,0.8606229020016534,0.8784590028226376,0.2228103250797306,0.17773762584796973,0.3626523347837584,0.7395280498479094,0.22893350305301802,0.6457491868308612,0.7438411260289806,0.1926174475811422,0.6431408434041909,0.5709239393472672,0.7304088984216962,0.2379341855911272,0.415571824248348,0.09654517365353447,0.5189189953463418,0.3023964124066489,0.24599367300314562,0.2309623258188367,0.06897228852696051,-0.08886812308004924,0.35779235751501154,0.26115650311112404,0.26563423020499094,-0.11392139962741307,-0.016265325248241425,0.1924868683729853
SRR6463222,1,-0.04995581241590636,-0.05984254226288093,0.11587273595588547,-0.061252593461956294,-0.016781162470579147,-0.10516230195753451,-0.09662843143035259,-0.04261250312005619,-0.094215935628329,-0.038128278067363554,-0.04913156772298472,-0.12572667002677917,-0.10277056960122925,-0.09146213920653931,-0.1145361592727048,-0.06925138738006353,0.0358401094729613,-0.15974307698862894,-0.10911898586242127,-0.10803769568779639,-0.10932923259939084,-0.0930822567814695,-0.1299638543277979,0.022149949201515744,0.07217876227306468,-0.121431222983769,-0.11137937674564975,-0.07916673999612353,0.06267081227685724,0.0702552939099925,0.1699449350791318,0.5493012911507061,0.5766210055777005,0.6767928602473278,0.5689434600727898,0.9341351283448083,1.1560094399111611,1.2472884867872511,0.5062511267938784,0.5600038016481059,0.6780144817062786,1.1165651535349232,0.33791852103812353,0.9222884571978024,1.1471370298947607,0.4251015407166311,1.1554144227078982,0.8721346727439335,0.9370886917625155,0.7537649401596614,0.8058099885072026,0.3293012040002005,0.820941373705864,0.515189880239112,0.48791857888656004,0.43720297302518574,0.28181427663990427,-0.005981466599873134,0.5137422255107335,0.540145837568811,0.5320686655385154,0.10791596238102232,0.10851941592825044,0.7121180697743382
SRR6463227,1,-0.1165255962737969,-0.08347990703103798,-0.10043884494474956,-0.09760860140834536,-0.06863261333533696,-0.09217163595790875,-0.07596178060131413,-0.09517245807884527,-0.10569248135600771,-0.11825482704443857,-0.08303380954644776,-0.09962076853428568,-0.1270835537995611,-0.12675015455377953,-0.10285063939435142,-0.10229515409030553,-0.09002269325511796,-0.11928128823637962,-0.09540291506397937,-0.07614302562017526,-0.11730770135181956,-0.1082335931382009,-0.10228138681434627,-0.08908517924802643,0.1013719975515934,-0.10749626199581794,-0.05176423490047455,-0.10733404489500183,0.017253834754228592,-0.07081001637769598,0.2613136995766711,0.6283573859504291,0.7158392822103841,0.7977410246218953,0.8221740648150444,1.149169615336827,1.1453892716339655,1.4248715293194567,0.8082583504063743,0.8362968175538948,0.9983395359345845,1.2118138202599116,0.5473424238818032,1.289114583815847,1.4841779321432114,0.6174754521676472,1.4693065636924334,1.2651620081492834,1.1404514483043127,0.9593996235302517,1.30303159568991,0.5309180447033474,1.01479597017169,0.9298688301018306,0.6137708712901387,0.7197181209921837,0.5104475457753453,0.12667987788362162,0.7575753985771111,0.873020161475454,0.7527567591917302,0.3058233772005354,0.13443180160330875,1.149196398976658
SRR6463230,1,-0.09247887320816517,-0.089048121124506,-0.11475594022444316,-0.08488221067403044,-0.06387580026473318,-0.0964711350388825,-0.076638860894101,-0.09809847981003779,-0.11044269161564964,-0.11668365076184273,-0.08427556524319309,-0.09798374665634972,-0.12091715899961335,-0.11883038761360305,-0.10345865120845181,-0.10297670454851218,-0.11692825385502406,-0.11773996108344623,-0.10623575115044202,-0.08810462353618018,-0.11670502488102232,-0.10857195194278445,-0.10458472876676492,-0.08272264498685088,0.10249262123501726,-0.10485255571880511,-0.08076407653944832,-0.10352319878126894,-0.007321368370737348,-0.07401118001767568,0.1671586904142584,0.603565585400377,0.658513929694891,0.758717954158783,0.8302679562142917,1.0495165309735708,1.111587405204773,1.2757321851594108,0.7182828209229878,0.6883887063179698,0.9257468187383243,1.0744946136006288,0.4310466466205461,1.2904674432107381,1.4598983249494009,0.5718534516968897,1.4185166670275586,1.1951321704047067,1.0595575336899077,0.8187138651098523,1.2221268489956856,0.4675986096262932,0.9164762709821973,0.7975616518940244,0.5319883546658924,0.626013415732554,0.5179235488176346,0.0914811087506158,0.6406438968011311,0.7972577512264252,0.7042329247508731,0.20247756370476314,0.06206035560795239,1.0494266588773047
SRR6463243,1,-0.12304839651499476,-0.09311991055229944,-0.08763523133737701,-0.11089707432048661,-0.03856868988701275,-0.1007080658538533,-0.09553155994841031,-0.07498212880454957,-0.10600756428071431,-0.07825880492704787,-0.07090953098876136,-0.12904732993670873,-0.12232453642146927,-0.12176983484200068,-0.12346415647438594,-0.08599245734512806,-0.038251912487404685,-0.15162119695118495,-0.11290198251871127,-0.10120826300408226,-0.11577811132052115,-0.10076430799173457,-0.12951565587094852,-0.03087827350412096,0.06680564908310771,-0.113936851998525,-0.1032517674778189,-0.10328381362238101,0.039011268178001046,-0.0071511488141758105,0.1311002964419978,0.501020607139383,0.5428960153034755,0.6785132496484688,0.6708020142146519,0.9633830828326089,1.04134282044002,1.1485628381903683,0.5012066164719207,0.5063128279788154,0.7166367130620139,1.030808656343392,0.3790438909615789,0.9435756451317242,1.2568575622779983,0.45389505445824135,1.1644389799663,0.9771766747747149,0.9608866966196469,0.662286788225174,0.9202080762812069,0.318751443709646,0.8519370140108679,0.6156679993229253,0.40803822156574043,0.4434836089078869,0.33299449299063,-0.008384082724140691,0.5342830528638193,0.49665151642901556,0.4672860705426761,0.08302972558885813,0.03728554770350456,0.7070770911606294
SRR6463245,1,-0.10906405374407768,-0.048742290411610156,-0.11390858888626099,-0.0853344762830862,-0.06917196086474828,-0.08597781582739117,-0.07358221804523575,-0.09347836554349799,-0.09860428422689438,-0.1086696078451236,-0.0931980311870575,-0.0819132716528007,-0.1174856892653874,-0.060393767275464985,-0.10253001230635814,-0.11392773102436747,-0.09701311668115002,-0.11729307366268975,-0.10213224679630782,-0.08753484028524586,-0.10860513654837892,-0.09133254803184952,-0.10075743053208239,-0.043070701616150994,0.12866507668721688,-0.05619713713947151,-0.04884138996047633,-0.09292407127629433,0.11006213671394757,-0.07370904167847973,0.16222667481218064,0.7158086991735867,0.7285545138376099,0.8384050354361534,0.8281859563929694,1.2303124474627631,1.1497181057929993,1.3377009587628501,0.7236583701201847,0.8243058178839939,1.1137783777500903,1.0044807051973683,0.5141208560339042,1.3153578766754694,1.611277618578502,0.7700783243136746,1.5754864968891655,1.3531412993158614,1.1285801944988114,0.953079203409808,1.3791367408952542,0.6048616170883179,1.0643585744713033,0.6480226293206215,0.6144118787986892,0.7462027684918472,0.6476132688777787,0.2234659737774304,0.6197014046566827,0.9031504946095603,0.8960859627862062,0.31203747008528027,0.1811355405620166,1.1814928778580256
SRR6463249,1,-0.02107906581035682,-0.03508878978235381,0.03250306951148169,0.006739855344806399,0.033355885850531716,-0.10027888576899256,-0.11348069672073637,0.03052231217069285,-0.09955602990729469,0.04316895428512778,0.023393431279276098,-0.08609981409140996,-0.048795907092945914,-0.0892031980412347,-0.05355732036488397,-0.06545499073607582,0.09613248932042293,-0.0910809508391789,-0.03415795003197023,-0.10565921823893275,-0.10956887222294297,-0.01953140872397593,-0.1584924523319517,0.07219516060182027,0.1277214703815324,0.009031192532607488,-0.10313424497144297,-0.07342905125447682,0.08863222545811109,0.2367248758673668,0.048870207741856575,0.3193977837051664,0.43369278418166296,0.5234733905111041,0.541706621513835,0.720940466438021,0.9027440106230122,0.890917104269777,0.2273593332418906,0.19827804175604666,0.37565028773886816,0.7771300452628306,0.23099277820438147,0.649608730604606,0.8043770119547844,0.2012141094809132,0.7190891866173063,0.5781557204734001,0.7403331606515816,0.2624556560601507,0.48568678966590334,0.10120548580640129,0.6040901094675064,0.3528309368661472,0.28952736780047417,0.2858217206916639,0.08355140792472023,-0.08163087176425117,0.3701902406077612,0.24643624414290702,0.25413349074577646,-0.1084358777318682,-0.024260219718728746,0.2887390700301954
SRR6463255,1,-0.10153223680598396,-0.07229038421064615,-0.12296020665339061,-0.08881730346807412,-0.09258567475314651,-0.08990028930462099,-0.0777228559766497,-0.08406054888785418,-0.10505730871643339,-0.11956516826259238,-0.06751510979873794,-0.09037108612912041,-0.13133674381034716,-0.12548319328509802,-0.10180927546960968,-0.10549794396917735,-0.09056328662804194,-0.11320876489792552,-0.08131086347358567,-0.07483088411390781,-0.11795316667329254,-0.10917503852397203,-0.09203007880465261,-0.089869050309062,0.10267272461870951,-0.08399100744697664,-0.004566848943276065,-0.0910800996103457,-0.025361455710870878,-0.07499901364956583,0.22264747534479415,0.6491919170532908,0.6628712287970951,0.7549908703991345,0.9124698048191411,1.2073191830090113,1.15095331626279,1.378417360995497,0.8337197434157133,0.782290870057685,1.1139229025159563,1.1587290242314339,0.48218059114047457,1.2731356237615858,1.5747191991124834,0.677183889916965,1.5338910967111588,1.3447968448911394,1.1507056908948081,0.8880287877150944,1.4938269523637635,0.5556638977889504,0.9996499743844781,0.9909494359578405,0.6359176864581448,0.7891378897641387,0.5203082838228771,0.17550465145281383,0.744179581957204,0.9579816609621048,0.816300283585276,0.3168967068195343,0.2133762312919966,1.3031390543494905
SRR6463258,1,-0.11636071119989667,-0.03555176506883332,-0.08133517684681076,-0.07863286709679025,-0.04217126912304333,-0.07142909749070116,-0.07249856553971767,-0.08264528660635863,-0.09017314868313926,-0.10760142777248152,-0.07911693730524608,-0.07768998694206987,-0.12923609811280454,-0.12210532412531652,-0.10098049164350544,-0.09693728231026658,-0.04603201363767896,-0.10778862716896194,-0.058791563247463534,-0.07088427877585803,-0.12044079656646188,-0.07195239673767771,-0.07248552306555212,-0.0989788222525801,-0.005234593459005866,-0.10783840636057514,-0.028203420074922696,-0.10487079034958567,0.0017248157943998063,-0.13524944122348512,0.23674176487007312,0.7381378944431033,0.8403443204505103,0.8185841345361301,0.877480562643281,1.2672440484166145,1.4313212292534965,1.5573719782488686,1.087723673986537,1.241281261401517,1.087708072470767,1.6998060601098197,0.6219116428068706,1.3825799482209342,1.5500014796853065,0.6980011771832194,1.7715165615081787,1.5959583009992326,1.0555091478994914,1.2232697276132447,1.733432309968131,0.4579551560538156,1.1490190923213959,1.2851847410202026,0.8445196449756622,0.8944012549306665,0.9540319847209113,0.6243306212127209,1.009342335164547,1.2442594335547514,1.2494899183511734,0.8342594248907906,0.5021491678697723,1.7139956158186709
SRR6463260,1,-0.1167040579020977,-0.08089760922095073,-0.05072527112705367,-0.10020639268415314,-0.09776801935264043,-0.09441951773546212,-0.07817234903840083,-0.09266024036748734,-0.10242266633680888,-0.11997058189341,-0.07450938863413674,-0.09318448363670281,-0.13577186316251755,-0.12823570523427666,-0.10772255568632058,-0.10100155751985897,-0.08358099284980978,-0.12021018245390483,-0.09350193218727197,-0.0853662331189428,-0.11620503674722775,-0.11134614143520594,-0.09505487803835422,-0.09075249199356351,0.07437177183705249,-0.0950689786779029,-0.024689016065427234,-0.09717587727521147,-0.008419670430677277,-0.06492897814938,0.2522536966550563,0.6925894394516945,0.7393533885478973,0.7368899019701141,0.8373918368348053,1.1456329418080193,1.1923929367746626,1.5071623942681722,0.865480301635606,0.8190676170800414,1.0156590257372176,1.30625348005976,0.5647394146238055,1.2311980639185225,1.5460179533277238,0.5647217053920031,1.5233646211480456,1.3613389645304,1.0943502358027868,0.9957721510103771,1.452447028032371,0.506103340536356,0.9911005422472954,1.0021267647721939,0.5952012038656643,0.7328794981752124,0.5155512137072427,0.1982717945107392,0.8338145076164177,0.8774559795856476,0.7504704365772861,0.35921560866492136,0.16286809902106011,1.2109884832586562
SRR6463265,1,-0.10753514564463071,-0.00436902984178492,-0.0956005435436964,-0.07762484259105154,-0.06899017148784228,-0.06952742334916755,-0.06511024492127555,-0.07839465209482503,-0.09732658735343389,-0.10746277662526284,-0.08182482314961297,-0.07025717039193426,-0.12516370202813829,-0.10509062732203997,-0.09617519854301852,-0.10870120636120971,-0.07292926045400756,-0.10205030627548695,-0.05051367976037519,-0.040672809949943,-0.12182047263818926,-0.08697368510599647,-0.06078009210094543,-0.1085889610861029,0.04201556279856179,-0.10115566380721118,0.003721510193177632,-0.10364276203992111,-0.037045879023415704,-0.13746052288583346,0.26316092376198086,0.759845145046711,0.9307053344590324,0.8350733023669038,0.9000100599867957,1.266980814082282,1.3579768283026559,1.592426985502243,1.187360725232533,1.3440837115049362,1.0825083330273628,1.5965955768312727,0.6306005075041737,1.486724819455828,1.663012906908989,0.7575821472065789,1.8368187844753265,1.6241489137922014,0.9963256674153464,1.3460009970835276,1.8131918396268571,0.5383970227890781,1.0354223868676595,1.3955931035535676,0.9367819729128054,0.9872450232505798,1.0178603476711683,0.6992009705198663,1.174792512186936,1.4050452666623252,1.3624360667807716,0.9094547294080257,0.5455173238047532,1.8717089827571596
SRR6463268,0,-0.10206661027457033,-0.0923183348162898,0.013743017933198385,-0.07126041182449885,-0.05640823287623269,-0.09444606053044222,-0.09958204819953867,-0.07680704632574427,-0.1179094740322658,-0.09250338503209475,-0.053514565740312846,-0.14400718999760492,-0.10295174563569683,-0.11526921298354864,-0.13240015080996922,-0.08141343189137322,-0.06042898552758353,-0.14897114357778005,-0.10658479723081525,-0.09779533664030689,-0.11360942896239326,-0.08945873379707336,-0.13798955189330236,-0.012858592772058077,0.1324383125507406,-0.11060649263007301,-0.09498742276004382,-0.09557389301647033,0.0044827695403780255,0.1110896138208253,0.1003096124955586,0.3830753820283072,0.506505806664271,0.6392927137868745,0.6670369994826615,0.8653851577213832,0.9352909432990211,1.0616363326885871,0.3890275066452367,0.33025505313915865,0.5884424022265843,0.8536709802491325,0.3157692290842533,0.8795834179701549,1.1208692522985595,0.32997268943914343,0.9428193952356066,0.7655612491071224,0.8663691825100354,0.4834613118852888,0.7112227039677756,0.23848513939550944,0.6409881423626628,0.5141971898930413,0.3722432354937025,0.3897644864129169,0.17733741764511382,-0.07529400182621819,0.48672740161418915,0.41825212644679205,0.32641411146947313,-0.05683796713128686,-0.019917318331343786,0.48571555955069406
SRR6463269,0,-0.11992006935179234,-0.11352291916097913,-0.10518322033541543,-0.1170930489897728,-0.04735086006777627,-0.07430177601054311,-0.1055868508826409,-0.06780643122536796,-0.11616607861859458,-0.08128393787358489,-0.027772450553519384,-0.10950643915150847,-0.11542352395398277,-0.11735905627054828,-0.11221005022525787,-0.07717862139855113,-0.0357894381242139,-0.15081254179988587,-0.08089543586330754,-0.09947371216756958,-0.10663831416916635,-0.04618563981992858,-0.14213360579950468,-0.02766255502189909,0.12026399773146425,-0.08338837112699236,-0.09925913737554636,-0.11675455181726388,0.02420597816152232,0.08261545321771077,0.11425022993768964,0.4440844495381628,0.507452948817185,0.5794981095407691,0.7038039417883348,0.8605635357754571,0.9148965903690883,1.0571007909519332,0.4658486151269504,0.34460264816880226,0.6101841841425214,0.9404412933758327,0.31056481493370874,0.857627011569483,1.1048325662102019,0.30710539408028126,0.8856962456234864,0.8139049554509776,0.9990956463984081,0.3763505869678089,0.6643397100269794,0.2269557932657855,0.7035735590117318,0.6159185320138931,0.29610964549439295,0.3494233960019691,0.13945471069642476,-0.05448342966181891,0.44951008579560686,0.3567472994327545,0.327053254204137,-0.056027679038899283,-0.03608214163354465,0.48040506882326944
SRR6463270,0,0.026049848645925522,-0.03108222732719566,0.12105397986514228,0.05910920298525265,0.10824615029352051,-0.09795795966471944,-0.10722614771553449,0.0941617830789515,-0.115081287920475,0.03359155503234693,0.04457152741295951,-0.009528379355158125,-0.012703347552035536,-0.08448935619422368,0.009610602898257119,-0.049233396138463704,0.12839531635732523,-0.05932719473327909,-0.008556449586259467,-0.10533837947462286,-0.11022760991805367,0.014751115880374397,-0.15193943679332733,0.1154593016420092,0.15500832961073943,0.09889790628637586,-0.1053572531257357,-0.047605990166110654,0.10806503401337457,0.26214407810143064,0.00479583947786263,0.2795841959970338,0.3744924845440047,0.480514937213489,0.5204138660005161,0.6379093187195914,0.8078767258141722,0.8195288660270827,0.20996916719845363,0.15046509348654322,0.30438316081251415,0.7025952190160751,0.22408653689282282,0.5987892267959458,0.6926075496843883,0.13572169833683542,0.6122447395963329,0.5788169428706169,0.7448828954781804,0.1999020701540368,0.4044300285833223,0.09839303152901786,0.5131577649818999,0.2666942486539483,0.2243745821927275,0.19877998850175313,0.048201712646654675,-0.09214142603533608,0.3154678153140204,0.22254845712866103,0.25108680182269644,-0.10828221456280776,-0.02802485227584839,0.1976857152102249
SRR6463271,0,-0.10031150494303022,-0.06610588117369584,-0.12827091770512716,-0.06879116847578969,-0.07008041228566851,-0.09725921143711146,-0.073404478973576,-0.10167208081111312,-0.10489313251205853,-0.11075494613864326,-0.08688747669969286,-0.094577856361866,-0.12152981066278049,-0.08157187507354788,-0.10533055077706065,-0.11201887720796679,-0.11133574534739767,-0.11363695136138371,-0.11236900969275407,-0.08970714706395354,-0.11317123105982319,-0.10184685579900231,-0.10423559881746769,-0.08651838864066771,0.1114816130804164,-0.0777854156414313,-0.08349313959479332,-0.08223845729870456,0.02541196865162679,-0.07312678705368723,0.17165991344622203,0.6401650360120195,0.6727401305522237,0.820409934435572,0.8247855284384319,1.1547391819102424,1.1468457622187478,1.3651594711201531,0.7478425055742264,0.7470926975033113,1.0553469466311591,1.0004329681396484,0.4759868404694966,1.3111120403877325,1.5941570018018996,0.6747334330741849,1.552435747214726,1.3356587716511317,1.1645652055740356,0.8916365754391465,1.349474681807416,0.588650553088103,0.9274839987712247,0.7707995995879173,0.5598911291786602,0.6915427504905632,0.6379215280924525,0.11894237862101623,0.7013847700187138,0.9164043579782758,0.805329438831125,0.25495780259370804,0.14700483371104514,1.1516649217477866
SRR6463272,0,-0.05059164496404784,-0.06457994971424341,0.026362963020801544,0.04817638998585088,0.05409397344504084,-0.11633219782795225,-0.10660930616515023,0.013569572674376624,-0.12050245755485126,-0.024402344865458354,-0.03314685688487121,-0.047088365469660075,-0.009764129828129495,-0.11114683294934886,-0.052916652389935086,-0.04442066699266434,0.03332291516874518,-0.030721319573266164,-0.04784541377531631,-0.12881453574768134,-0.11484603903123311,-0.010884596300976617,-0.1607329100370407,0.10544351381914956,0.14593242641006196,0.10025071086628097,-0.11594845327947821,-0.0642458453242268,0.09477624190705163,0.21689712362630026,-0.008025687986186572,0.22991279299770082,0.4030992090702057,0.4930313378572464,0.5368223020008632,0.6416458253349576,0.8529072510344642,0.8205161181810711,0.23917471830333983,0.1874248225774084,0.3070791172129767,0.7010687238403729,0.2583524781678404,0.668240066085543,0.7104520318763596,0.17819472921213933,0.7038694620132446,0.6355539624180112,0.7420392259955406,0.20649847202003002,0.45058184010641916,0.14030811616352626,0.5091936077390399,0.2643976105110986,0.23334594975624764,0.24604132645098226,0.11388209515384265,-0.08687486499547958,0.3441951402596065,0.2806709903691496,0.3311320404921259,-0.08952506844486509,-0.025940338415758952,0.28941163207803455
SRR6463273,0,-0.08712117267506463,-0.0807893444268432,-0.039744634713445394,-0.06603114679455757,-0.02132358348795346,-0.11418509805974152,-0.10301951561788363,-0.06220265315330055,-0.12621221584933145,-0.06039399247206997,-0.08372355013021401,-0.1289874804871423,-0.07846739089914731,-0.09296760082777057,-0.1402580083480903,-0.09522493822234017,-0.00631973087521536,-0.1381516908960683,-0.11362466435613376,-0.11688626025404249,-0.1093281266179734,-0.06833996570536069,-0.14154924399086408,0.11636986184333052,0.1632358828958656,-0.05374080581324441,-0.0965683747615133,-0.0827580349785941,0.12785487941333226,0.09466692645634923,-0.013790512723582131,0.36943688350064413,0.42820502052615794,0.5674259119800159,0.610380579318319,0.7528465070894786,0.9758759183543069,0.8927732616929072,0.26068294420838356,0.26870180826101986,0.40729296313864843,0.7604679209845406,0.31678359636238645,0.6806867590972355,0.9384733832308224,0.29594072486673084,0.8750314478363309,0.7213522169206824,0.7881465777754784,0.32914168919835773,0.5650486648082733,0.21021800807544164,0.6072568531547274,0.2631885481200048,0.2894195414015225,0.23164184923682893,0.17194385613713944,-0.04251518685902868,0.33253679706415695,0.33879692533186506,0.3951237840311868,-0.05511712535683598,-0.04886544070073536,0.36005035574947086
SRR6463274,0,-0.10701309969382626,-0.10975776719195503,-0.11183424932616097,-0.09227971679397992,-0.05720576750380652,-0.09197254053183965,-0.10311155287282807,-0.08705031818577222,-0.1174217372068337,-0.08503768273762294,-0.07829121899391923,-0.1382453888654709,-0.12388705089688301,-0.1261081871177469,-0.1024992008294378,-0.08493285519736153,-0.09674746862479619,-0.14944583284003393,-0.12222810089588165,-0.10666125986192908,-0.11815713266176837,-0.09736668424946922,-0.1456831693649292,-0.051460035145282745,0.11725826960589204,-0.11497310442583901,-0.10939581213252884,-0.11322958022356033,-0.011813909746706486,0.03193039074540138,0.10282529358352933,0.44818168027060373,0.5165670455566475,0.6513900852629116,0.7532921553190265,0.8583806263548988,0.9204190245696476,1.0194007331239325,0.42232889868319035,0.36399039972041336,0.6497913758669581,0.8939586840569973,0.330393057848726,0.948282815515995,1.214099567915712,0.4198400068229863,1.0387843687619482,0.9205328779561179,0.8990549721888134,0.4862982785063131,0.8234124545540128,0.2528116192136492,0.7049393760306495,0.6065546550921032,0.306098535656929,0.438697683225785,0.2835683450102806,-0.04399436951747963,0.46011245995759964,0.3990849629044533,0.36073821570192066,-0.030707760847040584,-0.04149403599356966,0.5084459355899266
SRR6463275,0,0.4100115932524204,0.09971821280903116,0.316587117101465,0.24231973822627748,0.2756766511925629,-0.11583387898281217,-0.054672609482492716,0.3419091372883746,-0.12379491329193115,0.09810453525278717,0.12860355326639755,0.22161949425935745,0.10716162409101214,-0.05039029475301504,0.2863480746746063,-0.03619718870946339,0.27754444426890196,0.030955723353794644,0.10761272109812126,-0.06316173449158669,-0.1132559247447976,0.09700430088144328,-0.09019007214478084,0.3591265561325209,0.21316279204828398,0.3829081018588373,-0.09037251903542451,0.1428649201989174,0.28505052413259235,0.3574918753334454,-0.04140581350241389,0.23517847560080035,0.2822212938751493,0.33860891525234493,0.33794499933719635,0.5150042628603322,0.8174003203665572,0.7745877214308295,0.16097187995910645,0.10620008515460151,0.14454426243901253,0.604399388389928,0.24451308990163462,0.42517223209142685,0.45476401277950834,0.10678520559200219,0.4761847358729158,0.49272503171648296,0.583812700850623,0.1894089180443968,0.2820753199713571,0.09452871126788003,0.4685444916997637,0.18540073399032866,0.21826540166512132,0.06071699996079717,-0.009644511022738047,-0.09152501009936843,0.2987674874187048,0.19015364136014665,0.22771822978808945,-0.10682647834931101,-0.03263182086603982,0.0914482347268079
SRR6463276,0,-0.06544507215065616,-0.06175988606576409,-0.0038492786032812937,-0.01268644364816802,0.025494296103715897,-0.09681069624743291,-0.11344201170972415,0.08104611640529973,-0.11601902704153742,0.057691727365766256,0.01824277825653553,-0.04889290886265891,-0.05188359546342066,-0.10774713967527662,-0.03873913575495992,-0.05670980816440923,0.08347568514623813,-0.08283368391650063,-0.05434866329388959,-0.1229742020368576,-0.11609562632760831,0.010939457320741244,-0.15891019787107194,0.12159019495759692,0.12817336139934404,0.06880005063222987,-0.11371207558217325,-0.05863301056836333,0.09501328585403306,0.2539346473557608,0.007084179669618607,0.23200080543756485,0.3656501919031143,0.4670814078833376,0.530970635158675,0.5843648548637118,0.77899348203625,0.7688189361776624,0.19859511804367816,0.11545710904257638,0.24387072665350779,0.6886232048273087,0.19221813338143484,0.5791356121855122,0.7303343707961696,0.16038807301915117,0.5882671454123088,0.5511252667222705,0.6298351820026126,0.17166513217879192,0.35025132447481155,0.06869593688419887,0.45341480523347855,0.24265087502343313,0.1793587158567139,0.2012798067714487,0.058233545294829776,-0.11456673379455294,0.2585209823612656,0.15847464970179967,0.2282205317169428,-0.12878793318356788,-0.05560962842511279,0.060056092483656745
SRR6463277,0,-0.12256048300436564,-0.08268355658011776,-0.11911494045385293,-0.06185989188296454,-0.04948060054864202,-0.11683846265077591,-0.09977433990154948,-0.08153043713952814,-0.1295905943427767,-0.08089463613993887,-0.07153918753777232,-0.14269900960581644,-0.10757688326495034,-0.08959556956376348,-0.14037956723145076,-0.0957547945103475,-0.04337584333760398,-0.13015035220554896,-0.11702280518199716,-0.11729788248028074,-0.10916930147712785,-0.06306118305240359,-0.1544688812323979,-0.0017897062934935093,0.14787717083735125,-0.051137626237635105,-0.11034586234018207,-0.08878325838928244,0.07395991150821958,0.0734000216637339,-0.016327549304280962,0.2842174640723637,0.48593063093721867,0.5667976854102952,0.5983904383278319,0.8338663748332432,0.9347415353570666,0.9313026708550751,0.33165605046919416,0.2701257493879114,0.49377894188676563,0.6654761571969304,0.33796872118754046,0.7935664355754852,0.9487884789705276,0.3306435981233205,0.9078745543956757,0.7566366967345987,0.8597779593297413,0.31292276297296795,0.6463314039366586,0.24455749203584023,0.5387318591986384,0.3135291114449501,0.3107768861310823,0.29760849635515896,0.22423858887382916,-0.04883436007159097,0.42539360959615025,0.48300778809269623,0.41783493544374195,-0.04370635535035815,-0.013718345335551671,0.44480294247945756
SRR6463278,1,-0.11664584146014281,-0.07107198591776458,0.05989166402391025,-0.06871851167774626,-0.0565204673579761,-0.09232977528777805,-0.08310720364430121,-0.08675782797217835,-0.10375805039490972,-0.11722474428929022,-0.0919694791414908,-0.10325514738048826,-0.13339928218296596,-0.12512343736099346,-0.12047098310930389,-0.07879156220172133,-0.03778990318200418,-0.13228665079389298,-0.08780295267102442,-0.10259571465264473,-0.11974726503831334,-0.09910508644367967,-0.1028398798579084,-0.06833936486925397,0.06298368981307638,-0.12527757350887572,-0.043933866279465814,-0.10389995947480202,0.05864632661853518,-0.042711674102715085,0.2097136781417898,0.6029039578778403,0.6737603590424571,0.7494672475648778,0.7711199681673732,1.1369272364037377,1.290292582341603,1.4030813447066717,0.7245187908411026,0.7969768936080592,0.8867293926221984,1.2786079006535667,0.48134526291063856,1.1303697867052895,1.325562902859279,0.48291550603296074,1.405513503721782,1.1989882588386536,1.036702675478799,0.9170858263969421,1.2660418046372277,0.39860628279192106,0.9862131130482469,0.8589594465281282,0.6478297518832343,0.6365008407405445,0.4423598604542868,0.13573175509061133,0.7160154517207827,0.8367101848125458,0.7309694178402424,0.33914163070065634,0.181351580790111,1.1567052640020847
SRR6463283,1,-0.1098560941006456,-0.10432121610002858,-0.10490278367485319,-0.11384720887456622,-0.07254998226250921,-0.08465627487748861,-0.10180318408778735,-0.07597959281078406,-0.1027728548007352,-0.06520166620612144,-0.07245265719081674,-0.12271049938031606,-0.11881783391748156,-0.12751189260078327,-0.10326656486306872,-0.07196463245366301,-0.06740068750722068,-0.14076935287032807,-0.07484967607472624,-0.09494049434683152,-0.10493243266163128,-0.08450169701661382,-0.12143085843750409,-0.07465921408895936,0.06680361281282135,-0.10560894757509232,-0.0771448692040784,-0.1189519427716732,-0.01601918094924518,0.04687685891985893,0.2343526986161513,0.5319110176392964,0.6154813856950828,0.6866313804473195,0.8001304185017943,0.8352297650916236,0.8871309927531651,1.2206881413502353,0.6396878736891917,0.5174436100891658,0.7119800757084574,0.9973463818563947,0.348599017730781,0.9648756619010653,1.3041647246905737,0.4138571552133986,1.1099247666341918,1.012091254549367,0.9900553705436843,0.5746549272111484,0.9290110882637757,0.279931479865419,0.7459211993430342,0.7090277331215995,0.3442838819963591,0.548498804547957,0.32280751530613216,0.01721809698002679,0.5572418245886054,0.5298788280592167,0.5400390342942306,0.0597203118460519,-0.0284482373722962,0.716201188308852
SRR6463288,1,-0.1152959620313985,-0.12401171454361506,-0.11685520091227122,-0.09196571952530316,-0.09564249536820821,-0.10509547619689588,-0.11584839544125966,-0.12088108382054738,-0.12659565199698722,-0.13261843898466655,-0.0816094079054892,-0.12767411236252105,-0.12786145401852472,-0.13894252691950118,-0.10749263103519167,-0.08622180883373533,-0.12536018820745604,-0.13835760631731578,-0.13481397607496806,-0.10404119534151894,-0.13410577550530434,-0.10014048218727112,-0.14284642147166388,-0.07125314634426363,0.12010042741894722,-0.11185238616807121,-0.10561869293451309,-0.10695319569536618,-0.023045985294239863,0.009395641939980643,0.16473878121801785,0.4092647411993572,0.6124840839100736,0.6825743748673371,0.7329307984161589,1.0084800124168396,0.8983833066054753,1.1360764689743519,0.5468568769948823,0.4626338614949158,0.7637586114662034,0.8885486796498299,0.4641686731151172,1.0218481591769628,1.296891165631158,0.46291231856282267,1.1148554725306374,0.9942310548254422,0.9160590480480876,0.6308472603559494,1.0229972914925642,0.45467703683035715,0.7338661849498749,0.8012846090963909,0.47503694226699217,0.5987202785909176,0.4876371143119676,0.016311383673122952,0.6727195845118591,0.6233187147549221,0.45329555230481283,0.05918836487191064,-0.02246568405202457,0.8393668415290969
SRR6463292,1,-0.0985876281878778,-0.059337116312235594,-0.12238266079553536,-0.07805140768843037,-0.06622167703296457,-0.06859563495839081,-0.06305831564324242,-0.0846002877057929,-0.10764179192483425,-0.11219948763027787,-0.07366248682540442,-0.08684096964342254,-0.13006117594029223,-0.11330576246005616,-0.09839276038110256,-0.11645307006048304,-0.10775021596678666,-0.1118351367435285,-0.08620579208114318,-0.08142943866550922,-0.1101506644793387,-0.10638289818806308,-0.0753542239212298,-0.09966377860733441,0.11460392310151032,-0.09570493153296411,-0.04867126686232431,-0.09534760937094688,-0.03112098840730531,-0.12900653907230922,0.24888139497488737,0.7140070870518684,0.8275366989629609,0.7937539597707135,0.8949212469160557,1.2326774458800043,1.2017131362642561,1.4313500386529736,1.0220436986003603,1.025076181760856,1.0355917736887932,1.2459555204425539,0.6022254526615143,1.3801122222627913,1.6439410256487983,0.7726330075945173,1.6950686281280858,1.4980795426028115,1.1719218577657426,1.052467908178057,1.4955508325781142,0.6153444033116102,0.951826172215598,1.0741854224886214,0.6909707845853907,0.8684744446405342,0.7407482500587191,0.39066559289182934,0.9071388210036925,1.1558671465941839,1.0538621236171042,0.5142050848475525,0.25283247604966164,1.6024725479739053
SRR6463295,1,-0.11812481816325869,-0.060187182979591726,-0.05957995195473943,-0.1009597912031625,-0.10481590165623597,-0.08723838576029916,-0.06790788398523416,-0.09914931884954317,-0.10069868341088295,-0.11900224424919413,-0.07349615091724056,-0.08295527952057975,-0.13315519424421446,-0.12395462375051076,-0.10053948911705188,-0.0976082592221376,-0.09579319719757352,-0.11712113980736051,-0.07856474740297667,-0.06132946868560144,-0.10627496766600027,-0.12000818071620804,-0.08839728239191962,-0.10444397695495614,0.07483381909384791,-0.11610992545528072,-0.013779016477721078,-0.07090029406494328,-0.016510285437107086,-0.07201535999774933,0.2689707675682647,0.6734579727053642,0.8017619039331164,0.8915930954473359,0.8025200675640788,1.1699037445443017,1.221904137304851,1.5169479974678584,0.9096204595906394,0.932992127857038,1.0427167511412077,1.207823327609471,0.5878574571439198,1.3806751327855247,1.5811656543186732,0.5869664328971079,1.6080444561583656,1.4192983422960554,1.0344154898609434,1.0819718050105231,1.5100554802588053,0.5232033677665251,1.0566046360347952,0.9951074879084315,0.6645554889525686,0.7627431893987315,0.6726646732006755,0.2132915219824229,0.9592091446476323,1.0268115986670767,0.8174093271206532,0.42353577805416925,0.1642431528972728,1.3826585513140475
SRR6463308,1,-0.11598171213907855,-0.09536505976159658,-0.1314743688063962,-0.040743970445224216,-0.06383522333843368,-0.10887018364987203,-0.09972135429935795,-0.10711824022499579,-0.1261983620268958,-0.09741712297961515,-0.08179003692099027,-0.14815308260066168,-0.13133419517959868,-0.06306222174316645,-0.1304866527872426,-0.0944081467709371,-0.05553455916898591,-0.15123524091073445,-0.12817769018667086,-0.11487899827105659,-0.11103884330285448,-0.04755251482129097,-0.13509746907012804,-0.005321839026042393,0.17763428669422865,-0.05402564470257078,-0.06876001240951675,-0.10886686381750874,0.09390084871223994,0.048967809549399784,-0.003046389136995588,0.40687322190829683,0.4526432917586395,0.527787341603211,0.6742358133196831,0.7853638338191169,0.8664615324565342,0.7826766132244042,0.251112381794623,0.26150080734597786,0.5030657425522804,0.605720900531326,0.32043589904372183,0.79866602484669,1.027998447418213,0.3861967681774071,0.831343982900892,0.7282417322109852,0.8711646912353379,0.3203739917704037,0.6025462544390133,0.30994200174297604,0.5108165336506707,0.3489424575652395,0.22901105667863572,0.3280128815344402,0.20628554453807219,-0.06569768594844001,0.29251414643866674,0.36508231929370333,0.39796625077724457,-0.06326403309191976,-0.045868322253227234,0.29249972637210575
SRR6463310,1,-0.10300496965646744,-0.07038485524909836,-0.11386558786034584,-0.06365511885711125,-0.04488780535757542,-0.10470142824176167,-0.08363367324428898,-0.11155075480097107,-0.11493447476199695,-0.11082554715020317,-0.07680425553449563,-0.11942551604339055,-0.12185534089803696,-0.08681001707113215,-0.11342290469578334,-0.10384791770151683,-0.10768423429025072,-0.13043428372059548,-0.11977823664035116,-0.10077084867017609,-0.10947611626969385,-0.09267247867371355,-0.12167955988219806,-0.05457281427724021,0.15074813113148725,-0.07454285025596619,-0.08022201194294862,-0.09816169313022069,0.03921929354380284,-0.029206525002207075,0.05835239908524922,0.5030848256179264,0.598591012614114,0.7236782189990792,0.7955666131206921,1.0414985141583852,1.052968374320439,1.0733437266732966,0.4971653225698641,0.45835425172533306,0.8120422682591847,0.8363775163888931,0.42473669396713376,1.1379447697295941,1.3404692092112132,0.6124081103397268,1.2751437244670731,1.0333052575588226,1.061131731740066,0.6291397192648479,0.975877155150686,0.4402907096913883,0.769227918769632,0.5832150514636721,0.4050875369991575,0.527324835636786,0.38078250895653454,0.008704998796539647,0.4829363359936646,0.6151460728475026,0.5524781931723867,0.05667151191404888,0.012138302304915019,0.7836877485471112
SRR6463313,1,0.14387846205915725,-0.046652644265642654,0.257719666830131,0.20568522518234594,0.1933048346212932,-0.09329044722419765,-0.10604622291534074,0.06407796912493982,-0.12400661941085543,0.013158232718394305,0.04803587017314775,0.02306207482303892,0.08060443015503031,-0.0819099811570985,0.045458566929612844,-0.04772089208875384,0.10797239092270113,-0.009641560060637338,0.006905372936411628,-0.10012479179671832,-0.10904722585941531,0.016523948471461023,-0.14985281016145433,0.2255354023405484,0.14315365966675536,0.14699567535093852,-0.10085794303034033,-0.06327634637377091,0.13719017803668976,0.3051934966019222,-0.038130077932562144,0.22937821388664556,0.3833569884300232,0.4572886659630707,0.5370197777769395,0.6724198311567307,0.8064590149692127,0.7744760369615895,0.17013974953442812,0.07715328543313912,0.2949746557777481,0.6861872641103608,0.2295323003615652,0.5332819947174617,0.6360226922801563,0.16461712341489537,0.5346387225602355,0.5504256457622562,0.7645506826894624,0.13114975871784346,0.38743540751082556,0.086446898324149,0.4938758515885898,0.27518909318106516,0.20704940194264054,0.19019926924790656,0.015031929527010237,-0.09776463785341807,0.29994774769459454,0.1931356926049505,0.21604822150298528,-0.12493145252977099,-0.04330117681196758,0.11593304627708026
SRR6463331,1,0.20294172795755522,0.03879070458476365,0.2474042187844004,0.11302352590220315,0.0951565190085343,-0.10955939583696558,-0.08869868380549763,0.17693219246263783,-0.11299026065639087,0.05610408503382912,0.09441983540143285,0.009240682369896345,0.0031355982646346092,-0.043015586744461744,0.10534146481326648,-0.03424001272235598,0.16218626972321154,-0.11486183745520455,0.037609987322606946,-0.08759250491857529,-0.11034230981645773,-0.0008143154638154167,-0.11872183425085885,0.15303270878004177,0.19319897193262087,0.06373241490551404,-0.08955607363688094,0.03308620563309107,0.11819083296826907,0.3491901824516909,0.04911277762481144,0.3126038887671062,0.330941233251776,0.4466734102794102,0.4497268263782774,0.6450243315526417,0.8473816684314183,0.9600663078682763,0.25155521290642874,0.20509073031800135,0.35919125271695,0.6449696937842029,0.25592578841107233,0.577315268771989,0.6992831560117858,0.18437022888766869,0.6032179588718074,0.5456397929894072,0.7528939491936139,0.2590015908437116,0.384029878835593,0.16931728167193277,0.5139483665781361,0.26815452819157926,0.26619340798684527,0.1779411238219057,0.034202500113419125,-0.0954830472224525,0.3361640575208834,0.2776733290936266,0.28130963497928213,-0.08908417554838317,0.05078785015004022,0.19423357769846916
SRR6463332,1,-0.138678713036435,-0.041489781300437505,-0.07698497176170349,-0.07436576645289149,-0.044575947735990794,-0.06700604517703011,-0.07444894270572279,-0.08423905318756754,-0.08986319548317365,-0.08677387200129617,-0.10018082122717585,-0.06655667482742242,-0.11176508824740138,-0.11924973788596357,-0.051505471380161386,-0.08231132856079577,-0.07813847131494965,-0.10684054012277297,-0.09795791945154113,-0.05010454963693129,-0.12004446631596823,-0.07900403666176967,-0.09312092436760265,-0.02670133246907166,-0.04094832082046196,-0.1067924190512193,-0.04061473387160471,-0.04756023392214307,0.005525238013693264,-0.11808921629562974,0.26865721121430397,0.8077078376497541,0.9239774889179638,0.9520109679017749,0.6347194702497551,1.3027611208547438,1.5137785587991988,1.7068624767873968,1.228950678503939,1.523429383124624,1.1927829422056675,1.6308484418051583,0.7119096807603326,1.5058690309524536,1.6033023233924593,1.0490100596632277,2.0469949330602373,1.871335847037179,1.0359207264014654,1.6214281448296137,1.914970806666783,0.5903224894178233,1.2135170995856501,1.3209968635014124,0.9982976892164775,1.045828572341374,1.2231269883258002,1.0522795024194889,1.3734760279101985,1.3355188146233559,1.5373403302260809,1.2669633592345886,0.9214327165058681,2.111555508204869
SRR6463337,1,-0.09479291470987457,-0.07104003642286573,-0.11433316767215729,-0.08087020793131419,-0.09000175818800926,-0.09993682189711503,-0.07955406552978925,-0.09721178335270711,-0.11056053319147655,-0.12057672387787274,-0.08751263043710164,-0.08835691453090735,-0.11238080422793116,-0.11990191508084536,-0.0994703836206879,-0.10570167550551039,-0.11897927948406764,-0.1128435820075018,-0.11044535626258169,-0.08388538658618927,-0.11950678524694272,-0.11388065000729901,-0.10972159808235508,-0.0828677255095889,0.10583294342671122,-0.09826963800670845,-0.05894063040614128,-0.08039968434189047,0.002717695598091398,-0.06524395304066795,0.22420463218752826,0.6281596049666405,0.6783083879521915,0.7950723506510258,0.8155503374125276,1.1417397558689117,1.1977842875889368,1.439339088542121,0.7792879960366658,0.7100085491048438,1.0830288199441773,1.0602339756275927,0.5262774559003967,1.319622271827289,1.5921936269317354,0.6218390717570271,1.5071177674191338,1.2619459969656808,1.1299110938395773,0.942132504923003,1.4123511133449418,0.5735573891018119,1.0855148078075476,0.8514166218893868,0.5816766225865909,0.7127124411719186,0.576852064047541,0.08196989593229123,0.710450429469347,0.9392959720322064,0.7216652679656234,0.25076025085789816,0.11131509659545762,1.1558042213852917
SRR6463344,1,0.04773434437811375,-0.03976266909324165,0.09942189497607094,0.09433653791035924,0.09659400156566075,-0.11414404506129879,-0.09873844044549125,0.08326153729909233,-0.13034159051520483,-0.0028502867706785245,0.028705463345561708,-0.01026349195412227,0.005228945719344276,-0.07298105731024407,0.03572682570666075,-0.07565521821379662,0.08932841326376158,-0.07025472394057683,-0.010528121409671647,-0.10630436587546553,-0.11037016688247345,-0.019431094505957196,-0.14567612963063375,0.1736529864636915,0.16868761048785277,0.13304085350994552,-0.09796542754130703,-0.06020028639717826,0.12426659627817571,0.20724616731916154,-0.05589879836354937,0.22604274164353097,0.37909890711307526,0.4361191743186542,0.5094921892242772,0.6574709053550448,0.8311103603669575,0.8170766213110515,0.20146049159978116,0.12473196004118238,0.3128578151975359,0.6396589438830104,0.27557599384869846,0.5700988929186549,0.664181051509721,0.24076656172318117,0.6036974715867213,0.5506260533417974,0.7303457377212388,0.1892315415399415,0.3748073987662792,0.15452483083520616,0.47615312891347067,0.23557151428290776,0.2317732502706349,0.2026826659483569,0.055707493530852456,-0.08741962789957013,0.26379803514906336,0.26841472195727484,0.2860142726983343,-0.10553941104028906,-0.022194654813834598,0.1393400815847729
SRR6463347,1,-0.11697826215199061,-0.1128581226138132,-0.1229070435677256,-0.0699675773004336,-0.0530284158885479,-0.10745305408324514,-0.10433037898370198,-0.0724259125334876,-0.11859835311770439,-0.08798528835177422,-0.05722119393093245,-0.15538680766310012,-0.12188062923295158,-0.11609825172594615,-0.1290909679872649,-0.09191498053925377,-0.06531211520944323,-0.14425489625760488,-0.12289617982293878,-0.11272869578429631,-0.11159442764307771,-0.05813400340931756,-0.15671037989003317,-0.04904712417296001,0.0880671814084053,-0.09330707256283079,-0.11943304858037404,-0.10453892006937947,-0.022425209305116107,0.0578313735978944,0.08824428170919418,0.33202413370184203,0.5073467093919005,0.5927910772817475,0.6846397460571357,0.8479996302298137,0.9123136018003736,1.0595008194712656,0.4631442337163857,0.32209792280835764,0.6393343103783471,0.8205022194555828,0.3149641997047833,0.9437078644654581,1.0651339579905783,0.3881680139207414,0.9726260943072182,0.826965286662536,0.9189820406692368,0.4284812222634043,0.6863298384206635,0.2859327069350651,0.6221140048333577,0.4982118691716875,0.3315789875175272,0.409812329603093,0.24588317104748317,-0.060466556676796505,0.42520368099212646,0.4225841739348003,0.35478101670742035,-0.07146583890010204,-0.012923134756939752,0.4509814482714449
SRR6463349,1,-0.1245293782225677,-0.10153187319104161,-0.10911458411387034,-0.11300766042300633,-0.0882383936217853,-0.1094395157748035,-0.10556477095399584,-0.09613100732011455,-0.11080929184598583,-0.08132899392928396,-0.08434599159019333,-0.13368162087031774,-0.1267645369682993,-0.12458556624395507,-0.12503148668578692,-0.07741218752094678,-0.0692536820258413,-0.15175344049930573,-0.10022492533815759,-0.11974062131983894,-0.11253541335463524,-0.11441869501556669,-0.12746911070176534,-0.04168379732540676,0.11074027898056167,-0.12348598374852113,-0.0992737306015832,-0.08090915477701596,0.025316741849694933,0.003274607871259962,0.2523496890706675,0.5335404840963227,0.6431057719247681,0.6326268065188613,0.7052029706537724,0.8592259777443749,1.0422258973121643,1.2304019100431884,0.5885590272290366,0.576327516564301,0.6528301707335881,0.9862698465585709,0.40786299854516983,0.9643676610929626,1.2316393107175827,0.4546287054462092,1.1508506129362754,0.9824126235076359,0.9279386475682259,0.6119867520672935,0.9303581379354,0.323383404075035,0.8520466477743217,0.6181260171745505,0.44577701376484974,0.48607246710785795,0.35733055642672945,-0.0002297567469733102,0.6220270922141415,0.6324476110083717,0.61429017622556,0.14570730927932476,0.04711667661155973,0.9831128908055169
SRR6463351,1,-0.09294750435011727,-0.06930921331097904,0.13909553363919258,-0.04283532127737999,-0.005136638613683837,-0.09540045970892866,-0.09068796737119555,-0.053251285546658825,-0.10640253153230463,-0.08225760240955944,-0.05911440382312451,-0.12568870718990052,-0.11259918686534677,-0.10293347368549023,-0.12777387084705488,-0.08111367840319872,0.0021900967694818974,-0.14601602511746542,-0.10587519424734637,-0.09584620694762894,-0.11403781146301688,-0.09861816572291511,-0.11674559362498778,-0.04632095566817692,0.055095610092394054,-0.13046266404645784,-0.08834513915436608,-0.11050119789849434,0.0203639417886734,0.017787261732986996,0.17785417940467596,0.5010992565325328,0.5990048008305686,0.7197473772934505,0.6350616988326822,0.9798606016806194,1.0797185567872865,1.2748920225671359,0.5587680307882172,0.5615846887230873,0.7652410077197211,1.17352495581976,0.36787458083459307,1.0354389995336533,1.183494700917176,0.3592313690377133,1.1666036631379808,0.9228608863694328,0.980616417314325,0.7712093283023153,0.9918960854411125,0.3086019977927208,0.7978097391980035,0.6981676838227681,0.49887692236474585,0.501777359949691,0.2957547498600824,0.005830545510564532,0.6096547517393317,0.6189433059522084,0.46812437368290766,0.09290144113557679,0.03745795147759574,0.7093704513141087
SRR6463355,1,-0.11352474082793508,-0.033654562064579556,-0.07865338932190623,-0.0833754435713802,-0.08395796482052122,-0.07610811755408317,-0.0763996853493154,-0.08079682753928605,-0.09467539004981518,-0.1174847893666343,-0.06965057658297676,-0.0791949031076261,-0.12572839643274034,-0.1107478856948936,-0.10140200651117734,-0.09412787418114021,-0.06661383461739336,-0.10543825344315597,-0.05422841421594577,-0.06728621116573257,-0.12278054396197799,-0.08400120802356728,-0.07296119831153192,-0.09353989948119436,0.06867577417454283,-0.10214349541014858,-0.0026933236845902036,-0.10585396025063736,-0.01763898693025112,-0.13156915296401298,0.2790617642125913,0.8248724937438965,0.8218676958765302,0.7647572793066502,0.875993886962533,1.20724072520222,1.3289890715054102,1.543688761336463,1.0500982800232512,1.276785098016262,1.1021879677261626,1.6190249068396432,0.5167281031608582,1.3786045610904694,1.6219100111297198,0.7326001791017396,1.7661423981189728,1.4817258885928564,1.0676970418010439,1.2457536506865705,1.7566967947142464,0.5543425139039755,1.0808339422302586,1.296997566308294,0.8810713881892818,0.9324155641453606,0.8676428581987109,0.5441841643436679,1.0189181986664022,1.2985237911343575,1.207188959632601,0.7678883778197425,0.47699231441531864,1.6955528589231628
SRR6463368,1,-0.01615792459675244,-0.08388720051984169,0.11486471710460526,0.09025406052491494,0.05686115526727268,-0.08960165259694415,-0.11018263788095542,0.00896288501098752,-0.11460712445633751,0.012242452673880118,-0.05656079016625881,-0.0969269038843257,0.0015970572297062194,-0.11474748062235969,-0.10826077525104795,-0.06489897040384156,-0.015777839813381433,-0.06476488496576037,-0.0708881405714367,-0.11307939035551888,-0.11378927056544594,-0.03214950753109796,-0.15734544609274184,0.09526506172759193,0.13935064205101558,0.03940422407218388,-0.10973502163376127,-0.07939875380335641,0.04038575105369091,0.2649320885539055,0.0033321986640138285,0.20019632577896118,0.43487641321761267,0.5212209426930973,0.5595001796526569,0.6089132492031369,0.7857429638305413,0.8349797765591315,0.21419748770339148,0.16198075083749636,0.30096095374652315,0.6843406174864087,0.2118189377444131,0.5760158151388168,0.8028612956404686,0.17120326669620617,0.6616281451923507,0.5686873335923467,0.6184973791241646,0.23502853619200842,0.4168369954651488,0.06462076359561511,0.4561621605285576,0.28657402178006514,0.22367638083440916,0.2425366389964308,0.1299041668659941,-0.09122973254748754,0.3396659195423126,0.2488052174448967,0.2439248780719936,-0.1109146238969905,-0.030842380864279612,0.17182424900654172
SRR6463371,1,-0.11637125004615102,-0.08239450791318502,-0.09813248578991209,-0.08923654817044735,-0.07104125831808362,-0.10419790465234005,-0.07767221767322294,-0.10511100180260005,-0.10313522975359644,-0.11050746337527276,-0.08000969620687622,-0.09953561531645912,-0.11739614659122058,-0.09990006989599871,-0.10727626085281372,-0.09742524935531297,-0.09670279387916837,-0.12067182787827083,-0.1152783878912617,-0.09441751973437411,-0.11269049007959049,-0.1082032078078815,-0.10931034462659486,-0.05686548565115247,0.10739920228453619,-0.10701000929943152,-0.09669103396923415,-0.0787033203523606,0.04266721388557926,-0.04508173279464245,0.24404814945799963,0.5819914106811795,0.64444995831166,0.7304966558835336,0.7550300402300698,1.0486725228173392,1.1345924649919783,1.3799289273364204,0.749676125390189,0.7574464439281395,0.9806725574391228,0.9986560099891254,0.42796729292188374,1.1941766781466348,1.4645394108125143,0.5735195231224809,1.4271816472922052,1.2081022007124764,1.0337498528616769,0.8463924665536199,1.1730290363941873,0.49802584094660624,0.9827614788498197,0.6206942227269922,0.5758617970028094,0.5557767046349389,0.4784659392067364,0.06986187240025694,0.6230573026197297,0.7797287202307156,0.7074136595640864,0.23489890779767716,0.10128830000758171,1.0483288706413336
SRR6463377,1,0.035120228571551185,-0.031168656348849515,0.12355540267058782,0.041463294199534824,0.07811624929308891,-0.10878364362620882,-0.10555133409798145,0.04155644897504577,-0.11212511892829623,0.0032410906527989675,0.018425661139190197,-0.08079711454255241,-0.05038370245269367,-0.07593581665839468,-0.029634891876152585,-0.07126129844358989,0.09323655537861798,-0.11866183366094317,-0.038193408699174015,-0.10670611342149121,-0.1102545806539378,-0.05617283710411617,-0.14681528827973775,0.09612159324543816,0.12470313613968236,-0.02731273802263396,-0.11331028491258621,-0.03872230263160808,0.06262208627802986,0.17655094500098908,0.0324738509953022,0.3015022341694151,0.43863136959927423,0.5172602129834039,0.49997361323663164,0.7193424424954823,0.9468153829553297,0.9792748128197023,0.3010709509253502,0.26263233912842615,0.4135712225522314,0.7985344007611275,0.2706897943945868,0.6706127912870475,0.8396286272576877,0.22743509417133673,0.7663195270662462,0.6348099357315472,0.7504987557019506,0.36544154052223476,0.4802816387798105,0.14382406217711313,0.5969750529953411,0.354529149298157,0.30285422397511347,0.25554640112178667,0.12288948707282543,-0.070951212696465,0.3902843182108232,0.31749697242464336,0.3039075717596071,-0.06903319007584027,-0.03308025960411344,0.3444334087627275
SRR6463379,1,-0.09662886895239353,-0.08461747584598404,-0.10671934325780187,-0.07127169333398342,-0.08002379510019507,-0.10443533690912384,-0.08508934027382306,-0.1022061722885285,-0.1096755750477314,-0.11152634649936642,-0.07291504514536687,-0.10790497383901052,-0.10993253705757004,-0.10988907875227076,-0.1090872191957065,-0.10586745531431266,-0.11956407715167318,-0.12036498263478279,-0.11596728475498301,-0.09730673395097256,-0.11752321125407304,-0.10290736119662013,-0.12208544888666698,-0.07370430656841823,0.125012073133673,-0.08991160296968051,-0.08479895016976766,-0.09661398508719035,0.028007531006421362,-0.010308393410273961,0.09875146299600601,0.5364973800522941,0.6264430936425924,0.7092754713126591,0.7574651644432119,1.0749085311378752,1.1193133081708635,1.214396127632686,0.581516584115369,0.5069453064352274,0.9423517127122197,0.9277402577655656,0.4668408302324159,1.145506110574518,1.3741133958101273,0.6050932741324816,1.3162255063652992,1.0723438688686915,1.123115295810359,0.7123558558523655,1.136311120220593,0.4547707065939903,0.8995065683765071,0.7113979453487056,0.486195728714977,0.5767161191574165,0.38738376434360233,0.014946578070521355,0.6014724150300026,0.7312812241060394,0.5680604534489768,0.11034085495131356,0.05574495877538409,0.8966003635099956
SRR6463381,1,-0.10045903478749096,-0.07773820741567761,0.04980096593499184,-0.058927274708236964,-0.053751097193786075,-0.10199565984242197,-0.10168362355657987,-0.0606997786921316,-0.1107121514422553,-0.05739095915175442,-0.06280570886363941,-0.14875715225934982,-0.10160294733941555,-0.1160972360521555,-0.1353238554937499,-0.0693679569022996,-0.017057890904002955,-0.1421043180993625,-0.10716370954677197,-0.10440202908856529,-0.11581914113568408,-0.07046826503106526,-0.13774842556033814,-0.027174935809203556,0.10797442376081433,-0.10423973841326577,-0.08792489447763988,-0.0693294033408165,0.01079135448006647,0.1448098269424268,0.13170840654389135,0.40530105041606085,0.5019593323980059,0.67731916478702,0.6295891382864544,0.8603599901710238,0.95781366952828,1.131327053265912,0.45342510087149485,0.414548398660762,0.6033525434987885,0.8570989977036204,0.30267113340752466,0.8744915401829141,1.1114006063767843,0.29080678542543736,0.9984877540596894,0.8262477655495916,0.9182550034352711,0.5119730702468327,0.783013003213065,0.2487779962165015,0.7378033431512969,0.470455601811409,0.3683142342737743,0.40791257843375206,0.23064853250980377,-0.04748648192201342,0.5250440463423729,0.5034558294074876,0.4073291021798338,0.021681576435055052,0.04171270132064819,0.6496968620589801
SRR6463383,1,0.20567607241017477,0.0657213354092424,0.21745038671152933,0.1458568572998047,0.15148350596427917,-0.09812737698666751,-0.09906420045133148,0.19336604503249483,-0.09440693365676063,0.13199043620261364,0.0992817756320749,0.02427248443875994,0.05611592744077955,-0.05790300986596516,0.09624596019940716,-0.05277214199304581,0.208507137289936,-0.033307788627488275,0.0050182897331459185,-0.0583621585475547,-0.11420786929582911,0.029661949990051135,-0.13644036491002356,0.29838609588997705,0.18215287132521293,0.09921970185158509,-0.09343150178236621,0.08121206212256636,0.1651979801910264,0.32813531532883644,0.025639412658555166,0.3136734158865043,0.32237059416781577,0.4431619491162045,0.46723033647452084,0.5432096719741821,0.8957300039806536,0.7681765590927431,0.1670165595465473,0.11943485641053744,0.16303041204810143,0.6795237064361572,0.2080944518425635,0.4351525761719261,0.6164616777428559,0.20368137396872044,0.6036315923556685,0.4876370267676456,0.5164094386356217,0.19774671271443367,0.32057432883552145,0.06411112419196538,0.48424031479018076,0.2362883665731975,0.2440068144351244,0.13404409228158848,0.030481701450688497,-0.09821359839822565,0.32505874229328974,0.1422974392771721,0.2331312165728637,-0.1123280142034803,-0.04685786047152111,0.15818632819822856
SRR6463385,1,0.23239223100245,0.08385687913479549,0.1622183003595897,0.18783617525228433,0.26123257886086193,-0.11206371124301638,-0.06948647062693324,0.33909559196659494,-0.12024874133723122,0.09888864188854184,0.1431868321129254,0.27211110453520504,0.09445869762982641,-0.05631576318825994,0.2923116252890655,0.005550856835075787,0.23059636893283045,0.0878242381981441,0.11740013903805188,-0.06713744439184666,-0.11679924625371184,0.1640946822507041,-0.07230314080204282,0.3146407939493656,0.23122418033225195,0.4543823573206152,-0.0669873348836388,0.06420921720564365,0.2591112426099634,0.3867539271180119,-0.07129030568259102,0.19228544724839075,0.25800953060388565,0.32667144467788084,0.4163509692464556,0.46550750439720495,0.6606393749160426,0.6542298495769501,0.11813707223960332,0.011054179498127528,0.12617867865732738,0.4937431131090437,0.21647509879299573,0.39991496184042524,0.4045338360592723,0.08632476601217474,0.3582185650510447,0.43484107883913176,0.6080385861652238,0.08171471527644567,0.23926464042493276,0.07188079399721962,0.4262791169541223,0.21464736333915166,0.14426461662099296,0.08572896463530404,-0.04212544645581927,-0.12064792428697858,0.2138831466436386,0.09805783576198987,0.17870607067431724,-0.13145507419747965,-0.05164103316409247,-0.01861508008628984
SRR6463388,1,-0.12633875358317578,-0.05924517465921651,-0.041712962090969086,-0.09057410859635898,-0.03635338959949357,-0.09597998933544918,-0.08392683621163347,-0.06487319566596332,-0.097552269165005,-0.09018730754022337,-0.0688818839511701,-0.0966879448720387,-0.11369653259004865,-0.12366800701212403,-0.10925707646778651,-0.07431061353002276,-0.021278996087078537,-0.1284596435725689,-0.109661135132358,-0.09664133716640728,-0.11251638779555963,-0.09157558078212398,-0.1141508922945442,-0.036032039139951975,0.03633610512978131,-0.1042138042726687,-0.06961107440292835,-0.10233278871913042,0.06144541262515953,-0.0564827924328191,0.2213238232902118,0.693125245826585,0.6897221463067191,0.7527970645044532,0.7772695983627013,1.2163787143571037,1.3075364998408727,1.4918681127684457,0.7510497828147241,0.7292686966913087,1.064811136573553,1.3130298177046436,0.5197939500212669,1.1712462667907988,1.4623871403081077,0.5702009821044547,1.4783285345349992,1.2370623179844447,1.1863352337053843,1.030772216618061,1.2676514126360416,0.4865783862769604,1.0761245914867945,0.8143365957907268,0.6269556230732373,0.6429485343396664,0.4307539989905698,0.09339520015886851,0.6246448244367327,0.772736804825919,0.6828383223286697,0.22601042155708587,0.15805138487901008,0.9862486720085144
SRR6463392,0,0.15571287886372634,0.024472798353859355,0.14762918757540838,0.11370860572372164,0.17662930408758776,-0.10118997469544411,-0.09451774747243949,0.1758082908179079,-0.11378064006567001,0.06988914550415107,0.09847021262560572,0.09050729338611875,0.0746905839602862,-0.07889293453523091,0.15285995921918324,-0.03805692440697125,0.2037076712918601,0.016787856817245483,0.025165738937045847,-0.09781615396163293,-0.11095046172184604,0.0691126115354044,-0.14222759434155055,0.26006420967834337,0.16259326093963214,0.25306240070079056,-0.10489758769316333,0.012457701244524546,0.18889362787428712,0.26986150230680195,-0.03890942010496344,0.21904083926762855,0.3243683709629944,0.4042247108050755,0.43964269171868053,0.5982072129845619,0.8533018971128123,0.7644041585070747,0.16933439299464226,0.08755170740187168,0.20473751638616836,0.6933836383478982,0.2183528555823224,0.4651369455137423,0.5429638608225754,0.1596239048854581,0.5351004015122142,0.5025346837937832,0.634660872564252,0.15112515785066144,0.29078245342576076,0.10267910361289978,0.48271666360752924,0.23825539754969732,0.21965532643454416,0.13113962120509573,0.0009614186627524239,-0.09797817521861621,0.2957052189324583,0.16873189061880112,0.2124598611678396,-0.12723100824015482,-0.04633003260408129,0.1046838608703443
SRR6463393,0,0.09359589431967054,-0.03056495789704578,0.15308081677981786,0.09941884236676353,0.11732105671295098,-0.10596265351133687,-0.10159755045814174,0.10696338955312967,-0.11986053522144045,0.05365784898666399,0.02153002710214683,-0.009101869804518563,0.037659735551902225,-0.10211798868009023,0.023560065776109695,-0.04289974910872323,0.16001738112286798,-0.037522545882633755,-0.019377827777394226,-0.11882191177989755,-0.10806378449446388,0.034982526408774514,-0.15415981305497034,0.2099684327840805,0.15048742560403688,0.14621047346320534,-0.10643146599509887,0.015157133074743407,0.15455916018358298,0.24236481956073216,0.010357401732887541,0.24721296344484603,0.3410905274961676,0.4533714694636209,0.47492829816682,0.6427572837897709,0.955985392842974,0.8922199843384858,0.24144928263766424,0.17669076738612993,0.26447799801826477,0.7415974832006863,0.25402452424168587,0.5198545368122203,0.6593644395470619,0.1473051229757922,0.6675476520987493,0.5812613304172244,0.6722729387027877,0.2270393291754382,0.40035443513521124,0.10950843457664762,0.5382812491485051,0.20651400408574513,0.2720058948865959,0.13705410063266754,0.05304685713989394,-0.08024848465408597,0.3679372806634222,0.24449856579303741,0.24794937041588128,-0.1026459416108472,-0.010279107306684767,0.24172070555921113
SRR6463394,0,-0.08580540413303035,-0.07902977155754343,0.0498289806502206,-0.051742542402020524,-0.03236780475292887,-0.10463935474399477,-0.09893925847219569,-0.0501883154710023,-0.10958363541534968,-0.06480253682197404,-0.05014468649668353,-0.13951893257243292,-0.09124682883598975,-0.11180322856775352,-0.13032539082424982,-0.06553733242409569,0.017227610672957132,-0.15431061387062073,-0.10382559350442275,-0.11242622509598732,-0.10517145634678725,-0.08258807872022901,-0.13751334284565278,-0.006795554288796016,0.12139659621087569,-0.11163498993430819,-0.10367152627025332,-0.0812780928931066,0.0453194331909929,0.09828759304114751,0.14886563856686866,0.4600604550380792,0.5375101747257369,0.6576694633279528,0.6447686851024628,0.9313082609857831,1.0609487295150757,1.201264458575419,0.4655802710247891,0.47118797100016047,0.6705295454178538,0.9626185074448586,0.3522327276212828,0.8607099332979747,1.085218617958682,0.370527250160064,1.097112269273826,0.8643106775624412,0.9805165358952114,0.6006944903305599,0.783364729157516,0.2929290777870587,0.8037457231964383,0.46966506115027834,0.4476996097447617,0.42753903647618635,0.23099154021058763,-0.026608033904007504,0.470354943536222,0.49745468103459906,0.4810047208198479,0.022909043090684072,0.06401312883411135,0.6944280777658735
SRR6463395,0,0.0632328667810985,-0.0407150790394683,0.14600116546664918,0.09325873825166907,0.09818947022514683,-0.11351762366081987,-0.1003595357760787,0.06570247248081225,-0.12637840424265182,0.011412852635008417,0.005285676834838731,-0.042734443077019284,0.008667267326797758,-0.08800592193646091,0.004627935588359833,-0.06814784130879811,0.09729930874891579,-0.06251509594065803,-0.028775119355746677,-0.11193914019635745,-0.10798220399634115,-0.0022758093130375657,-0.1526059689266341,0.15522339727197373,0.1391317659456815,0.10368349509579795,-0.1092977849766612,-0.02530399656721524,0.11356844513544015,0.24270858615636826,-0.017776922455855777,0.25422595042203155,0.38900065954242435,0.47264247281210764,0.4820097546492304,0.6856393750224795,0.896459369787148,0.879384167891528,0.23488473200372287,0.17058700323104858,0.33618176728487015,0.6877250862973077,0.2748518107192857,0.5768934743744987,0.6989651662962777,0.18133696960285306,0.6713978222438267,0.5860905881438937,0.7044912864054952,0.24310802894511394,0.4346963529075895,0.1499302578823907,0.5254737500633512,0.23650131627385104,0.26649972829701646,0.18895911372133664,0.08939423891050476,-0.07377897415842329,0.36172990394490107,0.31152904672282083,0.28392191071595463,-0.08335051512611764,-0.0034326506512505667,0.23293627801883435
SRR6463396,0,-0.10503921019179481,-0.11799642337220055,-0.11068685086710113,-0.07912254972117287,-0.0843043965952737,-0.09592263806345207,-0.11221897921391896,-0.09140895307064056,-0.12368064959134374,-0.0836136383669717,-0.07497899274208716,-0.13922540524176188,-0.12819546248231614,-0.13086351805499621,-0.09252408373036555,-0.07680970643247877,-0.11240962733115469,-0.1396308924470629,-0.11584045737981796,-0.110270139628223,-0.12214740152869906,-0.09084786687578474,-0.13784249871969223,-0.06485950441232749,0.13773743967924798,-0.10949731937476567,-0.10494661437613624,-0.1124505065381527,-0.04753434817705836,0.057171251092638285,0.17682692781090736,0.4341149872967175,0.5441634184015649,0.6548144726880959,0.7411815119641167,0.780977800488472,0.8109447551625115,1.0815822152154786,0.5071581681924207,0.43333412281104494,0.6688200139573642,0.7730048607502665,0.33839864124144825,0.9914287392582212,1.2593269358788217,0.4100479877420834,1.0178802978646542,0.9118496985839946,0.8691001002277646,0.5213410130568913,0.8510857682142939,0.3358601267848696,0.6359308920800686,0.5821549956287656,0.2833180118884359,0.4949294004057135,0.34562832542828154,-0.04080427012273243,0.523391737469605,0.4710240289568901,0.41198403601135525,-0.025467417602028166,-0.019949166370289668,0.5397800824471882
SRR6463397,0,-0.05545163686786379,-0.07502896025627186,0.054645617093358724,-0.03657449622239385,-0.02345040174467223,-0.10635211701238793,-0.1051161444879004,-0.010281297162042133,-0.1186471554849829,-0.02303489518401745,-0.02128477075270244,-0.10980776111994471,-0.06961673285279955,-0.10417949275246688,-0.09212025627493858,-0.07042650346245084,0.052628003260386844,-0.1353267447224685,-0.07967252318381465,-0.11657853424549103,-0.11049057488396231,-0.05060106196573803,-0.14756441275988305,0.04953963841710772,0.12841507187113166,-0.05990013799497059,-0.11243947329265731,-0.06249383185058832,0.08976272600037712,0.14946127483355148,0.04722380744559424,0.3290518642004047,0.4289185202547482,0.5270342092428889,0.5343197962003094,0.7735251571450915,0.976718178817204,1.0205646343529224,0.31206022415842327,0.28774763397606357,0.50426677188703,0.80136389285326,0.26886435225605965,0.6815383173525333,0.9029583888394492,0.23883596082617128,0.8094101282102721,0.6781349203416279,0.8699999025889805,0.36130939364167197,0.5536120938403266,0.19518370926380157,0.6222762859293393,0.30551603330033167,0.32851189960326466,0.24413342401385307,0.1385405281824725,-0.07116552735013622,0.38950490951538086,0.37579550806965145,0.331224619277886,-0.0615050003730825,0.017674613211836134,0.3801933476435287
SRR6463398,0,0.43528443362031666,0.16260471175441385,0.3657748337302889,0.31951463648251127,0.3015245518514088,-0.11151289394391435,-0.046414549462497234,0.4599295630053218,-0.11158254795840808,0.19846158910201797,0.1668645896799197,0.3174551193203245,0.13763268611260823,-0.031020778098276684,0.3694039625780923,-0.0060399121471813744,0.28105561703809406,0.07650465198925563,0.1394931703772662,-0.006294586828776768,-0.11691533461479205,0.21429923602512904,-0.04806310497224331,0.37085072164024624,0.2681783384510449,0.48901359284562723,-0.06905572156288795,0.15224525452192342,0.3047507160476276,0.4787158987351826,-0.0561057584626334,0.192579472504024,0.22175582498311996,0.29475181230476927,0.3099408969283104,0.3912113242383514,0.6340384849879358,0.6490864327975682,0.12953541534287588,0.023896559540714537,0.09339013695716858,0.39418064270700726,0.2098198857690607,0.3699383921921253,0.3741509696202619,0.07233912617500339,0.31794601146663937,0.39420444518327713,0.5176682360470295,0.08935374021530151,0.2181572892836162,0.0482280467237745,0.36006769218615126,0.1761757561138698,0.15829407051205635,0.03950095176696777,-0.03635273341621671,-0.11263965921742576,0.19447022995778493,0.0954390817454883,0.18978209421038628,-0.11576559687299388,0.014317815857274192,-0.03735257099781718
SRR6463399,0,-0.11864564993551799,-0.10849172941276006,-0.11255916793431554,-0.11191278589623314,-0.04805644867675645,-0.09540469838040215,-0.11202164845807212,-0.06047760109816279,-0.11566041835716792,-0.06303165533712932,-0.05758072222982134,-0.13896238484552928,-0.12235101205962044,-0.13089455238410405,-0.12669005723936216,-0.09236638993024826,-0.04411724529096058,-0.15231351128646306,-0.10014771829758372,-0.11652400930012975,-0.1165120897016355,-0.07870902014630181,-0.15196086253438676,-0.038637083555970876,0.09107732719608716,-0.10661560616322927,-0.10811345699975002,-0.1225962085383279,0.014350036159157753,0.04938769979136331,0.11620493339640754,0.41431740884269985,0.502954148288284,0.6040241335119519,0.7217914033681154,0.777866291148322,0.8978935096945081,0.990065182426146,0.4002285392156669,0.32981911514486584,0.5406503464494433,0.9061076396277973,0.30568900065762655,0.8808536848851612,1.0946521035262518,0.3090259398200682,0.9242714350777013,0.8227077387273312,0.9238136666161674,0.35381369824920383,0.7306483260222844,0.17687410648380006,0.6489321206297193,0.5694007011396545,0.27061077526637484,0.3988577603761639,0.22009436360427312,-0.03724559183631625,0.4275034304176058,0.35189701936074663,0.38645220335040775,-0.053877120305384905,-0.05284872757537024,0.49088657753808157
SRR6463400,0,-0.1238679327070713,-0.07124561061417418,-0.023669364196913584,-0.08814916520246438,-0.05960314241903169,-0.09185662858362775,-0.08607828563877515,-0.08026972332403862,-0.1052725472088371,-0.11976811758774732,-0.07898723393944758,-0.10811542719602585,-0.13512908374624594,-0.12760065752081573,-0.12035220169595309,-0.09885660612157413,-0.03252794387351189,-0.1328687784927232,-0.10349484160542488,-0.09595147586826767,-0.11767542463037119,-0.08288884056465966,-0.10322644954015102,-0.07802325912884303,0.06165640846094383,-0.10170401153819901,-0.06521266539181982,-0.10675388135548149,0.05685579510671752,-0.06132549739309719,0.16667914443782397,0.6129811501928738,0.6768557757937482,0.7524287413273539,0.7429857349821499,1.1319174425942558,1.3067802105631148,1.3789490120751517,0.7530478962830135,0.729316848729338,0.911881476108517,1.2912578638643026,0.47004031602825436,1.1782225285257613,1.3580990710428782,0.49206746662301676,1.4422990743603026,1.1767374958310808,1.1325077989271708,0.9201572281973702,1.2710250903453146,0.3737599572965077,1.0181007997265883,0.8621671774557659,0.55299573152193,0.6067747670624938,0.4023719589625086,0.15767994576266833,0.6854152094040599,0.8188162584389959,0.7251400213156428,0.3327079053436007,0.1690818534365722,1.065811961889267
SRR6463403,1,-0.08342085113482815,-0.05529094434210232,-0.10402883695704597,-0.07725120721650976,-0.09310004713812045,-0.07904582217867885,-0.07785868644714355,-0.07918004186025687,-0.11444202265036958,-0.1190742946096829,-0.0860591751656362,-0.08559071911232811,-0.11752933795963015,-0.11575156237397875,-0.08784536172502808,-0.10104455186852387,-0.1091707915599857,-0.10893139595698033,-0.0814049778772252,-0.07995691469737462,-0.1178293845483235,-0.11016711127012968,-0.07441999417330537,-0.09932479887668576,0.19242741114326886,-0.09975848786000695,-0.034127176739275455,-0.08869894221425056,-0.04434480730976377,-0.11733924251581941,0.23402579607708113,0.6974516181009156,0.7983624158161027,0.7218587089862142,0.898647978635771,1.1413819726024355,1.131441084401948,1.3775625111801284,0.9922035400356565,0.9220234059861728,1.0140013471245766,1.250339795436178,0.5062083665813718,1.3081745079585485,1.6281690107924598,0.6773476526141167,1.5819902867078781,1.3975867331027985,1.0676884640540396,0.9844484414373126,1.528059755052839,0.6184269865708691,0.8961651035185371,1.1767332809312003,0.7178900417472635,0.8302797866719109,0.662128963640758,0.33694587448345764,0.9337019595716681,1.1632760954754693,0.9262420386075974,0.45565593029771534,0.23691568470426969,1.5029104721865483
SRR6463408,1,-0.10171310284308024,-0.09901715495756694,-0.11289050004311971,-0.10052003817898887,-0.08887633574860436,-0.09832248171525342,-0.09213573166302272,-0.11361672995345933,-0.12587473115750722,-0.13225003438336508,-0.09197197056242398,-0.11371660019670214,-0.13511528181178228,-0.12649498081633023,-0.11785269076270717,-0.12775706952171667,-0.1202949093920844,-0.1250097006559372,-0.1247705529843058,-0.09167905497763838,-0.11647643042462212,-0.126090013555118,-0.10583004568304334,-0.10604206046887807,0.0815901237406901,-0.13554028847387858,-0.0826629176735878,-0.10392101943892028,-0.030432478657790592,-0.08510125671247286,0.08618125013474907,0.46860675300870624,0.7368172832897731,0.760791478412492,0.8121352472475597,1.0019490803991045,1.0831695922783442,1.2766439712473325,0.7196999192237854,0.6106657369860581,0.75956527782338,1.0568869092634745,0.49808910701956066,1.175466741834368,1.332687103322574,0.47408611087926794,1.3559128269553185,1.262409201690129,0.9347681616033826,0.8904932460614613,1.2918641226632255,0.3718245590903929,0.7579914302166019,0.775295444897243,0.4744080113513129,0.5650738658649581,0.6241379305720329,0.14394907653331757,0.8614224401701774,0.8924621705498014,0.6843218090278762,0.23607500589319638,0.014009269220488412,1.1628430975334985
SRR6463413,1,-0.10688695471201624,-0.08637209023748126,-0.12083069820489202,-0.09225523897579738,-0.11456391002450671,-0.10993142798542976,-0.09914816011275564,-0.11057435109147004,-0.12102335372141429,-0.14833058629717147,-0.08809697521584374,-0.0888271379683699,-0.12782740859048708,-0.13559337492500032,-0.10508114452074681,-0.1042523809841701,-0.10994677671364375,-0.12097599836332458,-0.10377560662371772,-0.08759791989411626,-0.13151856777923449,-0.12554264600787843,-0.0971916030560221,-0.10378962974729282,0.06507833151148848,-0.11805772462061473,-0.030620098114013672,-0.10411333425768785,-0.054506952209132056,-0.08335151416914803,0.21531704600368226,0.5298069417476654,0.7822692128164428,0.812227896148605,0.8715153581329754,1.1064998805522919,1.0977799892425537,1.3547926800591605,0.8508098764078957,0.8864458464086056,0.9591209090181759,1.206677381481443,0.6136286982468196,1.2308883581842696,1.4824003566588675,0.5755898066397224,1.4443324793662344,1.373516389301845,0.9240254983305931,0.9825057898248944,1.5552610180207662,0.5243709908266153,1.003689886203834,1.015784281705107,0.6518411040306091,0.7815201325075967,0.7672642352325576,0.29751255363225937,0.9129251700692943,1.0173836371728353,0.8242231495678425,0.4839392676949501,0.16059951856732368,1.5371521386717046
SRR6463418,1,-0.10518551138894898,-0.11237799216594015,-0.1145597728235381,-0.08632371947169304,-0.08275770874960083,-0.10210291615554265,-0.11802409908601216,-0.07547700684517622,-0.1272456454379218,-0.05694491682308061,-0.07120242927755628,-0.15140870213508606,-0.12439800373145513,-0.13468460419348308,-0.12743381517274038,-0.09331613991941724,-0.0903279600398881,-0.1533656311886651,-0.12050507057990346,-0.12764774901526316,-0.12845162994095258,-0.08039378587688718,-0.1526009121111461,-0.05040445178747177,0.10955766162702016,-0.10416921547480992,-0.11766214642141547,-0.11091078179223197,-0.0015056159879480089,0.0930699993457113,0.05768187077982085,0.3444606459566525,0.5124293496566159,0.6233003708933081,0.662622716676976,0.6996408317770276,0.847495551620211,0.903892206294196,0.3759769094841821,0.2706154081970453,0.4776633530855179,0.7030237082924161,0.23283877968788147,0.8218757877392429,1.0989331379532814,0.325663484766015,0.9390214819993291,0.8134727092193705,0.8325925235237394,0.3041969931551388,0.7093784127916608,0.18200654004301345,0.553986517978566,0.4162158135856901,0.2210277829851423,0.36353796294757296,0.2639047907931464,-0.0644950270652771,0.44306194462946485,0.3957373244421823,0.36805797794035505,-0.050654122339827676,-0.062357964260237556,0.4300582430192402
SRR6463424,1,-0.12295508278267724,-0.08505089873714107,-0.11933159668530736,-0.10117090014474732,-0.04672348605734961,-0.10583303203540188,-0.1007693207689694,-0.05584255738982132,-0.11433924255626542,-0.052492563745805194,-0.06609336852229067,-0.1422143993633134,-0.11126062659812826,-0.11608112736472062,-0.12236109642045838,-0.07278837263584137,-0.0595490245946816,-0.14398125452654703,-0.10225217337054866,-0.10454245962734733,-0.11979683940964085,-0.09979351077760969,-0.1420906132885388,-0.045786675597940175,0.10359191309128489,-0.12017206342092582,-0.11119495225804192,-0.08974948871348586,-0.0068532491901091164,0.042803527521235604,0.21093629353812762,0.43595074702586445,0.5418948765311923,0.6663270986505917,0.6759501998312771,0.8889279982873372,0.9200600194079536,1.2250976663615023,0.5484376837100301,0.4380044479455267,0.6852413511701992,0.8699625485709735,0.37824457032339914,0.9945676563573735,1.1923457341534751,0.3983827519363591,1.0695969296087111,0.896583107699241,0.9339004744376455,0.5699683449098042,0.7978559413126537,0.3212577902844974,0.7775345285023961,0.6026153117418289,0.428497768273311,0.4836437851190567,0.3550911120006016,-0.04675634152122906,0.5598199521856648,0.5669430653963771,0.4592661815030234,0.01126610381262643,0.024825892810310637,0.6655717449528831
