SampleID,TrueLabel,PredictedProbability
SRR7096251,0,0.3660746
SRR7096262,0,0.09729255
SRR7096314,1,0.521466
SRR7096316,1,0.5043672
SRR7096353,0,0.49247557
SRR7096369,1,0.504069
SRR7096391,0,0.4603415
SRR7096515,0,0.48323736
SRR7096576,1,0.4649612
SRR7096587,1,0.46562722
SRR7096665,0,0.58907235
SRR7096666,1,0.492312
SRR7096683,1,0.48623946
SRR7096685,0,0.45598117
SRR7096686,0,0.645726
SRR7096688,1,0.5302546
