SampleID,TrueLabel,PredictedProbability
SRR12929831,0.0,0.48233733
SRR12929832,0.0,0.48174044
SRR12929833,0.0,0.49250528
SRR12929834,1.0,0.4982097
SRR12929835,1.0,0.5892602
SRR12929836,1.0,0.5469445
SRR12929837,1.0,0.55614734
SRR12929838,1.0,0.5411391
SRR12929839,0.0,0.51521575
SRR12929840,0.0,0.49482712
SRR12929841,0.0,0.5071555
SRR12929842,0.0,0.48388952
SRR12929843,1.0,0.53928375
SRR12929844,1.0,0.5713883
