FPR,TPR
0.0,0.0
0.0,0.05
0.0,0.15
0.05263157894736842,0.15
0.05263157894736842,0.2
0.10526315789473684,0.2
0.10526315789473684,0.45
0.2631578947368421,0.45
0.2631578947368421,0.5
0.42105263157894735,0.5
0.42105263157894735,0.55
0.631578947368421,0.55
0.631578947368421,0.6
0.6842105263157895,0.6
0.6842105263157895,0.65
0.7105263157894737,0.65
0.7105263157894737,0.85
0.7368421052631579,0.85
0.7368421052631579,0.95
0.7894736842105263,0.95
0.7894736842105263,1.0
1.0,1.0
