SampleID,TrueLabel,PredictedProbability
SRR12929831,0.0,0.70438653
SRR12929832,0.0,0.70375586
SRR12929833,0.0,0.70529735
SRR12929834,1.0,0.7108918
SRR12929835,1.0,0.73542184
SRR12929836,1.0,0.7255328
SRR12929837,1.0,0.72624487
SRR12929838,1.0,0.71912587
SRR12929839,0.0,0.7130363
SRR12929840,0.0,0.7089802
SRR12929841,0.0,0.7134875
SRR12929842,0.0,0.70348436
SRR12929843,1.0,0.72343886
SRR12929844,1.0,0.73163605
