SampleID,TrueLabel,PredictedProbability
SRR12929831,0.0,0.6218151
SRR12929832,0.0,0.6498097
SRR12929833,0.0,0.64134187
SRR12929834,1.0,0.64576215
SRR12929835,1.0,0.76839083
SRR12929836,1.0,0.7113773
SRR12929837,1.0,0.7156954
SRR12929838,1.0,0.6829699
SRR12929839,0.0,0.6717375
SRR12929840,0.0,0.64513123
SRR12929841,0.0,0.67762077
SRR12929842,0.0,0.6255813
SRR12929843,1.0,0.6973974
SRR12929844,1.0,0.7347689
