FPR,TPR
0.0,0.0
0.0,0.06666666666666667
0.0,0.4
0.13333333333333333,0.4
0.13333333333333333,0.4666666666666667
0.26666666666666666,0.4666666666666667
0.26666666666666666,0.6
0.4,0.6
0.4,0.8
0.6666666666666666,0.8
0.6666666666666666,0.9333333333333333
0.7333333333333333,0.9333333333333333
0.7333333333333333,1.0
1.0,1.0
