FPR,TPR
0.0,0.0
0.0,0.09090909090909091
0.0,0.2727272727272727
0.05,0.2727272727272727
0.05,0.36363636363636365
0.35,0.36363636363636365
0.35,0.6363636363636364
0.4,0.6363636363636364
0.4,0.7272727272727273
0.75,0.7272727272727273
0.75,0.9090909090909091
0.8,0.9090909090909091
0.8,1.0
1.0,1.0
