FPR,TPR
0.0,0.0
0.0,0.2
0.0,0.4
0.1111111111111111,0.6
0.6666666666666666,0.6
0.8888888888888888,0.6
1.0,0.6
1.0,1.0
